ISO-10303-21;
HEADER;
/* Generated by software containing ST-Developer
 * from STEP Tools, Inc. (www.steptools.com) 
 */

FILE_DESCRIPTION(
/* description */ (''),
/* implementation_level */ '2;1');

FILE_NAME(
/* name */ 'Back.step',
/* time_stamp */ '2023-12-18T21:36:47-08:00',
/* author */ (''),
/* organization */ (''),
/* preprocessor_version */ 'ST-DEVELOPER v20',
/* originating_system */ 'Autodesk Translation Framework v12.14.0.127',

/* authorisation */ '');

FILE_SCHEMA (('AUTOMOTIVE_DESIGN { 1 0 10303 214 3 1 1 }'));
ENDSEC;

DATA;
#10=MECHANICAL_DESIGN_GEOMETRIC_PRESENTATION_REPRESENTATION('',(#13),#4586);
#11=SHAPE_REPRESENTATION_RELATIONSHIP('SRR','None',#4593,#12);
#12=ADVANCED_BREP_SHAPE_REPRESENTATION('',(#14),#4585);
#13=STYLED_ITEM('',(#4602),#14);
#14=MANIFOLD_SOLID_BREP('Back',#2724);
#15=CONICAL_SURFACE('',#2851,2.3,0.785398163397448);
#16=CONICAL_SURFACE('',#2856,2.3,0.785398163397448);
#17=CONICAL_SURFACE('',#2861,2.3,0.785398163397447);
#18=CONICAL_SURFACE('',#2866,2.3,0.785398163397447);
#19=CONICAL_SURFACE('',#2899,1.49999999999981,0.785398163397446);
#20=CONICAL_SURFACE('',#2903,1.5,0.785398163397447);
#21=CONICAL_SURFACE('',#2907,1.49999999999999,0.785398163397448);
#22=CONICAL_SURFACE('',#2910,1.49999999999151,0.785398163397449);
#23=CONICAL_SURFACE('',#2923,1.84999999999151,0.785398163397436);
#24=CONICAL_SURFACE('',#2931,1.84999999999999,0.785398163397436);
#25=CONICAL_SURFACE('',#2935,1.85,0.785398163397457);
#26=CONICAL_SURFACE('',#2938,1.84999999999981,0.785398163397465);
#27=TOROIDAL_SURFACE('',#2792,4.,1.);
#28=TOROIDAL_SURFACE('',#2824,4.,1.);
#29=TOROIDAL_SURFACE('',#2832,4.,1.);
#30=TOROIDAL_SURFACE('',#2842,4.,1.);
#31=B_SPLINE_CURVE_WITH_KNOTS('',3,(#3957,#3958,#3959,#3960,#3961,#3962),
 .UNSPECIFIED.,.F.,.F.,(4,2,4),(-0.193543014526255,-0.150240992350128,-0.14318913472308),
 .UNSPECIFIED.);
#32=B_SPLINE_CURVE_WITH_KNOTS('',3,(#3984,#3985,#3986,#3987,#3988,#3989,
#3990,#3991,#3992),.UNSPECIFIED.,.F.,.F.,(4,2,3,4),(-0.133478381767638,
-0.0931664495766205,0.,0.0651647093527181),.UNSPECIFIED.);
#33=FACE_BOUND('',#347,.T.);
#34=FACE_BOUND('',#348,.T.);
#35=FACE_BOUND('',#413,.T.);
#36=FACE_BOUND('',#415,.T.);
#37=FACE_BOUND('',#417,.T.);
#38=FACE_BOUND('',#419,.T.);
#39=FACE_BOUND('',#432,.T.);
#40=FACE_BOUND('',#433,.T.);
#41=FACE_BOUND('',#434,.T.);
#42=FACE_BOUND('',#435,.T.);
#43=FACE_BOUND('',#436,.T.);
#44=CYLINDRICAL_SURFACE('',#2750,0.5);
#45=CYLINDRICAL_SURFACE('',#2764,1.98086313324848);
#46=CYLINDRICAL_SURFACE('',#2766,1.48456819056422);
#47=CYLINDRICAL_SURFACE('',#2769,1.48456819056422);
#48=CYLINDRICAL_SURFACE('',#2772,1.98086313324848);
#49=CYLINDRICAL_SURFACE('',#2778,1.58086313324848);
#50=CYLINDRICAL_SURFACE('',#2782,1.58086313324848);
#51=CYLINDRICAL_SURFACE('',#2799,1.);
#52=CYLINDRICAL_SURFACE('',#2809,1.);
#53=CYLINDRICAL_SURFACE('',#2817,1.);
#54=CYLINDRICAL_SURFACE('',#2820,1.);
#55=CYLINDRICAL_SURFACE('',#2830,3.);
#56=CYLINDRICAL_SURFACE('',#2838,3.);
#57=CYLINDRICAL_SURFACE('',#2840,3.);
#58=CYLINDRICAL_SURFACE('',#2849,3.);
#59=CYLINDRICAL_SURFACE('',#2854,1.6);
#60=CYLINDRICAL_SURFACE('',#2859,1.6);
#61=CYLINDRICAL_SURFACE('',#2864,1.6);
#62=CYLINDRICAL_SURFACE('',#2869,1.6);
#63=CYLINDRICAL_SURFACE('',#2871,3.);
#64=CYLINDRICAL_SURFACE('',#2873,3.);
#65=CYLINDRICAL_SURFACE('',#2875,3.);
#66=CYLINDRICAL_SURFACE('',#2877,3.);
#67=CYLINDRICAL_SURFACE('',#2880,4.);
#68=CYLINDRICAL_SURFACE('',#2884,4.);
#69=CYLINDRICAL_SURFACE('',#2888,4.);
#70=CYLINDRICAL_SURFACE('',#2890,4.);
#71=CYLINDRICAL_SURFACE('',#2913,2.);
#72=CYLINDRICAL_SURFACE('',#2916,1.99999999999981);
#73=CYLINDRICAL_SURFACE('',#2925,1.99999999999151);
#74=CYLINDRICAL_SURFACE('',#2943,1.99999999999999);
#75=CYLINDRICAL_SURFACE('',#2946,1.29999999999999);
#76=CYLINDRICAL_SURFACE('',#2951,1.3);
#77=CYLINDRICAL_SURFACE('',#2955,1.3);
#78=CYLINDRICAL_SURFACE('',#2964,1.3);
#79=CYLINDRICAL_SURFACE('',#2974,0.5);
#80=CYLINDRICAL_SURFACE('',#2975,0.5);
#81=CYLINDRICAL_SURFACE('',#2982,0.5);
#82=CYLINDRICAL_SURFACE('',#2983,0.5);
#83=CIRCLE('',#2746,1.3);
#84=CIRCLE('',#2747,1.69999999999151);
#85=CIRCLE('',#2751,0.5);
#86=CIRCLE('',#2752,0.5);
#87=CIRCLE('',#2754,1.98086313324848);
#88=CIRCLE('',#2755,1.58086313324848);
#89=CIRCLE('',#2756,1.58086313324848);
#90=CIRCLE('',#2757,4.);
#91=CIRCLE('',#2758,4.);
#92=CIRCLE('',#2759,4.);
#93=CIRCLE('',#2760,4.);
#94=CIRCLE('',#2761,1.98086313324848);
#95=CIRCLE('',#2762,1.48456819056422);
#96=CIRCLE('',#2763,1.48456819056422);
#97=CIRCLE('',#2765,1.98086313324848);
#98=CIRCLE('',#2767,1.48456819056422);
#99=CIRCLE('',#2770,1.48456819056422);
#100=CIRCLE('',#2773,1.98086313324848);
#101=CIRCLE('',#2774,1.98086313324848);
#102=CIRCLE('',#2779,1.58086313324848);
#103=CIRCLE('',#2783,1.58086313324848);
#104=CIRCLE('',#2789,0.5);
#105=CIRCLE('',#2790,4.);
#106=CIRCLE('',#2791,4.);
#107=CIRCLE('',#2793,1.);
#108=CIRCLE('',#2794,3.);
#109=CIRCLE('',#2795,3.);
#110=CIRCLE('',#2796,4.);
#111=CIRCLE('',#2798,1.);
#112=CIRCLE('',#2800,1.);
#113=CIRCLE('',#2801,1.);
#114=CIRCLE('',#2802,1.);
#115=CIRCLE('',#2803,1.);
#116=CIRCLE('',#2804,1.);
#117=CIRCLE('',#2805,1.);
#118=CIRCLE('',#2810,1.);
#119=CIRCLE('',#2811,1.);
#120=CIRCLE('',#2812,1.);
#121=CIRCLE('',#2813,1.);
#122=CIRCLE('',#2818,1.);
#123=CIRCLE('',#2821,1.);
#124=CIRCLE('',#2822,1.);
#125=CIRCLE('',#2825,4.);
#126=CIRCLE('',#2826,4.);
#127=CIRCLE('',#2827,1.);
#128=CIRCLE('',#2828,3.);
#129=CIRCLE('',#2829,3.);
#130=CIRCLE('',#2831,3.);
#131=CIRCLE('',#2833,4.);
#132=CIRCLE('',#2834,1.);
#133=CIRCLE('',#2835,3.);
#134=CIRCLE('',#2836,3.);
#135=CIRCLE('',#2837,4.);
#136=CIRCLE('',#2839,3.);
#137=CIRCLE('',#2841,3.);
#138=CIRCLE('',#2843,4.);
#139=CIRCLE('',#2844,4.);
#140=CIRCLE('',#2845,1.);
#141=CIRCLE('',#2846,3.);
#142=CIRCLE('',#2847,3.);
#143=CIRCLE('',#2848,4.);
#144=CIRCLE('',#2850,3.);
#145=CIRCLE('',#2852,3.);
#146=CIRCLE('',#2853,1.6);
#147=CIRCLE('',#2855,1.6);
#148=CIRCLE('',#2857,3.);
#149=CIRCLE('',#2858,1.6);
#150=CIRCLE('',#2860,1.6);
#151=CIRCLE('',#2862,3.);
#152=CIRCLE('',#2863,1.6);
#153=CIRCLE('',#2865,1.6);
#154=CIRCLE('',#2867,3.);
#155=CIRCLE('',#2868,1.6);
#156=CIRCLE('',#2870,1.6);
#157=CIRCLE('',#2872,3.);
#158=CIRCLE('',#2874,3.);
#159=CIRCLE('',#2876,3.);
#160=CIRCLE('',#2878,3.);
#161=CIRCLE('',#2882,0.5);
#162=CIRCLE('',#2886,0.5);
#163=CIRCLE('',#2892,0.5);
#164=CIRCLE('',#2900,0.999999999999813);
#165=CIRCLE('',#2901,1.99999999999981);
#166=CIRCLE('',#2904,1.);
#167=CIRCLE('',#2905,2.);
#168=CIRCLE('',#2908,0.999999999999995);
#169=CIRCLE('',#2909,1.99999999999999);
#170=CIRCLE('',#2911,0.99999999999151);
#171=CIRCLE('',#2912,1.99999999999151);
#172=CIRCLE('',#2914,2.);
#173=CIRCLE('',#2917,1.99999999999981);
#174=CIRCLE('',#2924,1.99999999999151);
#175=CIRCLE('',#2932,1.69999999999999);
#176=CIRCLE('',#2933,1.99999999999999);
#177=CIRCLE('',#2936,1.7);
#178=CIRCLE('',#2939,1.69999999999981);
#179=CIRCLE('',#2947,1.29999999999999);
#180=CIRCLE('',#2948,1.29999999999999);
#181=CIRCLE('',#2952,1.3);
#182=CIRCLE('',#2953,1.3);
#183=CIRCLE('',#2956,1.3);
#184=CIRCLE('',#2957,1.3);
#185=CIRCLE('',#2959,0.499999999999999);
#186=CIRCLE('',#2960,0.499999999999998);
#187=CIRCLE('',#2961,0.499999999999989);
#188=CIRCLE('',#2965,1.3);
#189=CIRCLE('',#2968,0.499999999999998);
#190=FACE_OUTER_BOUND('',#335,.T.);
#191=FACE_OUTER_BOUND('',#336,.T.);
#192=FACE_OUTER_BOUND('',#337,.T.);
#193=FACE_OUTER_BOUND('',#338,.T.);
#194=FACE_OUTER_BOUND('',#339,.T.);
#195=FACE_OUTER_BOUND('',#340,.T.);
#196=FACE_OUTER_BOUND('',#341,.T.);
#197=FACE_OUTER_BOUND('',#342,.T.);
#198=FACE_OUTER_BOUND('',#343,.T.);
#199=FACE_OUTER_BOUND('',#344,.T.);
#200=FACE_OUTER_BOUND('',#345,.T.);
#201=FACE_OUTER_BOUND('',#346,.T.);
#202=FACE_OUTER_BOUND('',#349,.T.);
#203=FACE_OUTER_BOUND('',#350,.T.);
#204=FACE_OUTER_BOUND('',#351,.T.);
#205=FACE_OUTER_BOUND('',#352,.T.);
#206=FACE_OUTER_BOUND('',#353,.T.);
#207=FACE_OUTER_BOUND('',#354,.T.);
#208=FACE_OUTER_BOUND('',#355,.T.);
#209=FACE_OUTER_BOUND('',#356,.T.);
#210=FACE_OUTER_BOUND('',#357,.T.);
#211=FACE_OUTER_BOUND('',#358,.T.);
#212=FACE_OUTER_BOUND('',#359,.T.);
#213=FACE_OUTER_BOUND('',#360,.T.);
#214=FACE_OUTER_BOUND('',#361,.T.);
#215=FACE_OUTER_BOUND('',#362,.T.);
#216=FACE_OUTER_BOUND('',#363,.T.);
#217=FACE_OUTER_BOUND('',#364,.T.);
#218=FACE_OUTER_BOUND('',#365,.T.);
#219=FACE_OUTER_BOUND('',#366,.T.);
#220=FACE_OUTER_BOUND('',#367,.T.);
#221=FACE_OUTER_BOUND('',#368,.T.);
#222=FACE_OUTER_BOUND('',#369,.T.);
#223=FACE_OUTER_BOUND('',#370,.T.);
#224=FACE_OUTER_BOUND('',#371,.T.);
#225=FACE_OUTER_BOUND('',#372,.T.);
#226=FACE_OUTER_BOUND('',#373,.T.);
#227=FACE_OUTER_BOUND('',#374,.T.);
#228=FACE_OUTER_BOUND('',#375,.T.);
#229=FACE_OUTER_BOUND('',#376,.T.);
#230=FACE_OUTER_BOUND('',#377,.T.);
#231=FACE_OUTER_BOUND('',#378,.T.);
#232=FACE_OUTER_BOUND('',#379,.T.);
#233=FACE_OUTER_BOUND('',#380,.T.);
#234=FACE_OUTER_BOUND('',#381,.T.);
#235=FACE_OUTER_BOUND('',#382,.T.);
#236=FACE_OUTER_BOUND('',#383,.T.);
#237=FACE_OUTER_BOUND('',#384,.T.);
#238=FACE_OUTER_BOUND('',#385,.T.);
#239=FACE_OUTER_BOUND('',#386,.T.);
#240=FACE_OUTER_BOUND('',#387,.T.);
#241=FACE_OUTER_BOUND('',#388,.T.);
#242=FACE_OUTER_BOUND('',#389,.T.);
#243=FACE_OUTER_BOUND('',#390,.T.);
#244=FACE_OUTER_BOUND('',#391,.T.);
#245=FACE_OUTER_BOUND('',#392,.T.);
#246=FACE_OUTER_BOUND('',#393,.T.);
#247=FACE_OUTER_BOUND('',#394,.T.);
#248=FACE_OUTER_BOUND('',#395,.T.);
#249=FACE_OUTER_BOUND('',#396,.T.);
#250=FACE_OUTER_BOUND('',#397,.T.);
#251=FACE_OUTER_BOUND('',#398,.T.);
#252=FACE_OUTER_BOUND('',#399,.T.);
#253=FACE_OUTER_BOUND('',#400,.T.);
#254=FACE_OUTER_BOUND('',#401,.T.);
#255=FACE_OUTER_BOUND('',#402,.T.);
#256=FACE_OUTER_BOUND('',#403,.T.);
#257=FACE_OUTER_BOUND('',#404,.T.);
#258=FACE_OUTER_BOUND('',#405,.T.);
#259=FACE_OUTER_BOUND('',#406,.T.);
#260=FACE_OUTER_BOUND('',#407,.T.);
#261=FACE_OUTER_BOUND('',#408,.T.);
#262=FACE_OUTER_BOUND('',#409,.T.);
#263=FACE_OUTER_BOUND('',#410,.T.);
#264=FACE_OUTER_BOUND('',#411,.T.);
#265=FACE_OUTER_BOUND('',#412,.T.);
#266=FACE_OUTER_BOUND('',#414,.T.);
#267=FACE_OUTER_BOUND('',#416,.T.);
#268=FACE_OUTER_BOUND('',#418,.T.);
#269=FACE_OUTER_BOUND('',#420,.T.);
#270=FACE_OUTER_BOUND('',#421,.T.);
#271=FACE_OUTER_BOUND('',#422,.T.);
#272=FACE_OUTER_BOUND('',#423,.T.);
#273=FACE_OUTER_BOUND('',#424,.T.);
#274=FACE_OUTER_BOUND('',#425,.T.);
#275=FACE_OUTER_BOUND('',#426,.T.);
#276=FACE_OUTER_BOUND('',#427,.T.);
#277=FACE_OUTER_BOUND('',#428,.T.);
#278=FACE_OUTER_BOUND('',#429,.T.);
#279=FACE_OUTER_BOUND('',#430,.T.);
#280=FACE_OUTER_BOUND('',#431,.T.);
#281=FACE_OUTER_BOUND('',#437,.T.);
#282=FACE_OUTER_BOUND('',#438,.T.);
#283=FACE_OUTER_BOUND('',#439,.T.);
#284=FACE_OUTER_BOUND('',#440,.T.);
#285=FACE_OUTER_BOUND('',#441,.T.);
#286=FACE_OUTER_BOUND('',#442,.T.);
#287=FACE_OUTER_BOUND('',#443,.T.);
#288=FACE_OUTER_BOUND('',#444,.T.);
#289=FACE_OUTER_BOUND('',#445,.T.);
#290=FACE_OUTER_BOUND('',#446,.T.);
#291=FACE_OUTER_BOUND('',#447,.T.);
#292=FACE_OUTER_BOUND('',#448,.T.);
#293=FACE_OUTER_BOUND('',#449,.T.);
#294=FACE_OUTER_BOUND('',#450,.T.);
#295=FACE_OUTER_BOUND('',#451,.T.);
#296=FACE_OUTER_BOUND('',#452,.T.);
#297=FACE_OUTER_BOUND('',#453,.T.);
#298=FACE_OUTER_BOUND('',#454,.T.);
#299=FACE_OUTER_BOUND('',#455,.T.);
#300=FACE_OUTER_BOUND('',#456,.T.);
#301=FACE_OUTER_BOUND('',#457,.T.);
#302=FACE_OUTER_BOUND('',#458,.T.);
#303=FACE_OUTER_BOUND('',#459,.T.);
#304=FACE_OUTER_BOUND('',#460,.T.);
#305=FACE_OUTER_BOUND('',#461,.T.);
#306=FACE_OUTER_BOUND('',#462,.T.);
#307=FACE_OUTER_BOUND('',#463,.T.);
#308=FACE_OUTER_BOUND('',#464,.T.);
#309=FACE_OUTER_BOUND('',#465,.T.);
#310=FACE_OUTER_BOUND('',#466,.T.);
#311=FACE_OUTER_BOUND('',#467,.T.);
#312=FACE_OUTER_BOUND('',#468,.T.);
#313=FACE_OUTER_BOUND('',#469,.T.);
#314=FACE_OUTER_BOUND('',#470,.T.);
#315=FACE_OUTER_BOUND('',#471,.T.);
#316=FACE_OUTER_BOUND('',#472,.T.);
#317=FACE_OUTER_BOUND('',#473,.T.);
#318=FACE_OUTER_BOUND('',#474,.T.);
#319=FACE_OUTER_BOUND('',#475,.T.);
#320=FACE_OUTER_BOUND('',#476,.T.);
#321=FACE_OUTER_BOUND('',#477,.T.);
#322=FACE_OUTER_BOUND('',#478,.T.);
#323=FACE_OUTER_BOUND('',#479,.T.);
#324=FACE_OUTER_BOUND('',#480,.T.);
#325=FACE_OUTER_BOUND('',#481,.T.);
#326=FACE_OUTER_BOUND('',#482,.T.);
#327=FACE_OUTER_BOUND('',#483,.T.);
#328=FACE_OUTER_BOUND('',#484,.T.);
#329=FACE_OUTER_BOUND('',#485,.T.);
#330=FACE_OUTER_BOUND('',#486,.T.);
#331=FACE_OUTER_BOUND('',#487,.T.);
#332=FACE_OUTER_BOUND('',#488,.T.);
#333=FACE_OUTER_BOUND('',#489,.T.);
#334=FACE_OUTER_BOUND('',#490,.T.);
#335=EDGE_LOOP('',(#1703,#1704,#1705,#1706,#1707,#1708));
#336=EDGE_LOOP('',(#1709,#1710,#1711,#1712,#1713,#1714));
#337=EDGE_LOOP('',(#1715,#1716,#1717,#1718));
#338=EDGE_LOOP('',(#1719,#1720,#1721,#1722));
#339=EDGE_LOOP('',(#1723,#1724,#1725,#1726));
#340=EDGE_LOOP('',(#1727,#1728,#1729,#1730,#1731,#1732,#1733,#1734));
#341=EDGE_LOOP('',(#1735,#1736,#1737,#1738));
#342=EDGE_LOOP('',(#1739,#1740,#1741,#1742,#1743,#1744,#1745,#1746));
#343=EDGE_LOOP('',(#1747,#1748,#1749,#1750));
#344=EDGE_LOOP('',(#1751,#1752,#1753,#1754));
#345=EDGE_LOOP('',(#1755,#1756,#1757,#1758));
#346=EDGE_LOOP('',(#1759,#1760,#1761,#1762,#1763,#1764,#1765,#1766,#1767,
#1768,#1769,#1770,#1771,#1772,#1773,#1774,#1775,#1776,#1777,#1778,#1779,
#1780,#1781,#1782,#1783,#1784,#1785,#1786,#1787,#1788));
#347=EDGE_LOOP('',(#1789));
#348=EDGE_LOOP('',(#1790));
#349=EDGE_LOOP('',(#1791,#1792,#1793,#1794));
#350=EDGE_LOOP('',(#1795,#1796,#1797,#1798));
#351=EDGE_LOOP('',(#1799));
#352=EDGE_LOOP('',(#1800,#1801,#1802,#1803));
#353=EDGE_LOOP('',(#1804));
#354=EDGE_LOOP('',(#1805,#1806,#1807,#1808,#1809,#1810,#1811));
#355=EDGE_LOOP('',(#1812,#1813,#1814,#1815));
#356=EDGE_LOOP('',(#1816,#1817,#1818,#1819));
#357=EDGE_LOOP('',(#1820,#1821,#1822,#1823));
#358=EDGE_LOOP('',(#1824,#1825,#1826,#1827));
#359=EDGE_LOOP('',(#1828,#1829,#1830,#1831,#1832,#1833));
#360=EDGE_LOOP('',(#1834,#1835,#1836,#1837));
#361=EDGE_LOOP('',(#1838,#1839,#1840,#1841));
#362=EDGE_LOOP('',(#1842,#1843,#1844,#1845));
#363=EDGE_LOOP('',(#1846,#1847,#1848,#1849));
#364=EDGE_LOOP('',(#1850,#1851,#1852,#1853));
#365=EDGE_LOOP('',(#1854,#1855,#1856,#1857));
#366=EDGE_LOOP('',(#1858,#1859,#1860,#1861,#1862,#1863,#1864,#1865));
#367=EDGE_LOOP('',(#1866,#1867,#1868,#1869,#1870,#1871,#1872,#1873,#1874));
#368=EDGE_LOOP('',(#1875,#1876,#1877,#1878,#1879));
#369=EDGE_LOOP('',(#1880,#1881,#1882,#1883,#1884,#1885,#1886,#1887,#1888,
#1889,#1890,#1891));
#370=EDGE_LOOP('',(#1892,#1893,#1894,#1895,#1896,#1897));
#371=EDGE_LOOP('',(#1898,#1899,#1900,#1901,#1902,#1903,#1904,#1905,#1906,
#1907));
#372=EDGE_LOOP('',(#1908,#1909,#1910,#1911,#1912));
#373=EDGE_LOOP('',(#1913,#1914,#1915,#1916,#1917,#1918,#1919,#1920));
#374=EDGE_LOOP('',(#1921,#1922,#1923,#1924,#1925,#1926));
#375=EDGE_LOOP('',(#1927,#1928,#1929,#1930,#1931,#1932,#1933,#1934,#1935,
#1936));
#376=EDGE_LOOP('',(#1937,#1938,#1939,#1940,#1941));
#377=EDGE_LOOP('',(#1942,#1943,#1944,#1945));
#378=EDGE_LOOP('',(#1946,#1947,#1948,#1949,#1950));
#379=EDGE_LOOP('',(#1951,#1952,#1953,#1954));
#380=EDGE_LOOP('',(#1955,#1956,#1957,#1958,#1959));
#381=EDGE_LOOP('',(#1960,#1961,#1962,#1963,#1964,#1965));
#382=EDGE_LOOP('',(#1966,#1967,#1968,#1969,#1970));
#383=EDGE_LOOP('',(#1971,#1972,#1973,#1974,#1975,#1976));
#384=EDGE_LOOP('',(#1977,#1978,#1979,#1980,#1981));
#385=EDGE_LOOP('',(#1982,#1983,#1984,#1985,#1986));
#386=EDGE_LOOP('',(#1987,#1988,#1989,#1990,#1991,#1992,#1993));
#387=EDGE_LOOP('',(#1994,#1995,#1996,#1997,#1998));
#388=EDGE_LOOP('',(#1999,#2000,#2001,#2002));
#389=EDGE_LOOP('',(#2003,#2004,#2005,#2006));
#390=EDGE_LOOP('',(#2007,#2008,#2009,#2010));
#391=EDGE_LOOP('',(#2011,#2012,#2013,#2014));
#392=EDGE_LOOP('',(#2015,#2016,#2017,#2018));
#393=EDGE_LOOP('',(#2019,#2020,#2021,#2022));
#394=EDGE_LOOP('',(#2023,#2024,#2025,#2026));
#395=EDGE_LOOP('',(#2027,#2028,#2029,#2030));
#396=EDGE_LOOP('',(#2031,#2032,#2033,#2034));
#397=EDGE_LOOP('',(#2035,#2036,#2037,#2038));
#398=EDGE_LOOP('',(#2039,#2040,#2041,#2042));
#399=EDGE_LOOP('',(#2043,#2044,#2045,#2046));
#400=EDGE_LOOP('',(#2047,#2048,#2049,#2050,#2051));
#401=EDGE_LOOP('',(#2052,#2053,#2054,#2055));
#402=EDGE_LOOP('',(#2056,#2057,#2058,#2059,#2060,#2061));
#403=EDGE_LOOP('',(#2062,#2063,#2064,#2065,#2066));
#404=EDGE_LOOP('',(#2067,#2068,#2069,#2070));
#405=EDGE_LOOP('',(#2071,#2072,#2073,#2074,#2075,#2076));
#406=EDGE_LOOP('',(#2077,#2078,#2079,#2080));
#407=EDGE_LOOP('',(#2081,#2082,#2083,#2084));
#408=EDGE_LOOP('',(#2085,#2086,#2087,#2088,#2089));
#409=EDGE_LOOP('',(#2090,#2091,#2092,#2093));
#410=EDGE_LOOP('',(#2094,#2095,#2096,#2097,#2098,#2099,#2100));
#411=EDGE_LOOP('',(#2101,#2102,#2103,#2104,#2105,#2106,#2107,#2108));
#412=EDGE_LOOP('',(#2109));
#413=EDGE_LOOP('',(#2110));
#414=EDGE_LOOP('',(#2111));
#415=EDGE_LOOP('',(#2112));
#416=EDGE_LOOP('',(#2113));
#417=EDGE_LOOP('',(#2114));
#418=EDGE_LOOP('',(#2115));
#419=EDGE_LOOP('',(#2116));
#420=EDGE_LOOP('',(#2117,#2118,#2119,#2120));
#421=EDGE_LOOP('',(#2121,#2122,#2123,#2124));
#422=EDGE_LOOP('',(#2125,#2126,#2127,#2128));
#423=EDGE_LOOP('',(#2129,#2130,#2131,#2132));
#424=EDGE_LOOP('',(#2133,#2134,#2135,#2136));
#425=EDGE_LOOP('',(#2137,#2138,#2139,#2140));
#426=EDGE_LOOP('',(#2141,#2142,#2143,#2144));
#427=EDGE_LOOP('',(#2145,#2146,#2147,#2148));
#428=EDGE_LOOP('',(#2149,#2150,#2151,#2152));
#429=EDGE_LOOP('',(#2153,#2154,#2155,#2156));
#430=EDGE_LOOP('',(#2157,#2158,#2159,#2160,#2161,#2162,#2163,#2164,#2165,
#2166,#2167,#2168,#2169,#2170,#2171,#2172));
#431=EDGE_LOOP('',(#2173,#2174,#2175,#2176,#2177,#2178,#2179,#2180,#2181,
#2182,#2183,#2184));
#432=EDGE_LOOP('',(#2185,#2186,#2187,#2188,#2189,#2190,#2191,#2192,#2193,
#2194,#2195,#2196,#2197,#2198));
#433=EDGE_LOOP('',(#2199));
#434=EDGE_LOOP('',(#2200));
#435=EDGE_LOOP('',(#2201));
#436=EDGE_LOOP('',(#2202));
#437=EDGE_LOOP('',(#2203,#2204,#2205,#2206));
#438=EDGE_LOOP('',(#2207,#2208,#2209,#2210,#2211,#2212,#2213,#2214));
#439=EDGE_LOOP('',(#2215,#2216,#2217,#2218));
#440=EDGE_LOOP('',(#2219,#2220,#2221,#2222));
#441=EDGE_LOOP('',(#2223,#2224,#2225,#2226));
#442=EDGE_LOOP('',(#2227,#2228,#2229,#2230));
#443=EDGE_LOOP('',(#2231,#2232,#2233,#2234,#2235,#2236,#2237));
#444=EDGE_LOOP('',(#2238,#2239,#2240,#2241));
#445=EDGE_LOOP('',(#2242,#2243,#2244,#2245,#2246,#2247,#2248,#2249));
#446=EDGE_LOOP('',(#2250,#2251,#2252,#2253));
#447=EDGE_LOOP('',(#2254,#2255,#2256,#2257));
#448=EDGE_LOOP('',(#2258,#2259,#2260,#2261));
#449=EDGE_LOOP('',(#2262,#2263,#2264,#2265));
#450=EDGE_LOOP('',(#2266,#2267,#2268,#2269));
#451=EDGE_LOOP('',(#2270,#2271,#2272,#2273));
#452=EDGE_LOOP('',(#2274,#2275,#2276,#2277));
#453=EDGE_LOOP('',(#2278,#2279,#2280,#2281,#2282,#2283,#2284,#2285));
#454=EDGE_LOOP('',(#2286,#2287,#2288,#2289));
#455=EDGE_LOOP('',(#2290,#2291,#2292,#2293));
#456=EDGE_LOOP('',(#2294,#2295,#2296,#2297));
#457=EDGE_LOOP('',(#2298,#2299,#2300,#2301));
#458=EDGE_LOOP('',(#2302,#2303,#2304,#2305));
#459=EDGE_LOOP('',(#2306,#2307,#2308,#2309));
#460=EDGE_LOOP('',(#2310,#2311,#2312,#2313));
#461=EDGE_LOOP('',(#2314,#2315,#2316,#2317));
#462=EDGE_LOOP('',(#2318,#2319,#2320,#2321));
#463=EDGE_LOOP('',(#2322,#2323,#2324,#2325));
#464=EDGE_LOOP('',(#2326,#2327,#2328,#2329,#2330,#2331,#2332,#2333,#2334,
#2335,#2336,#2337,#2338,#2339,#2340,#2341));
#465=EDGE_LOOP('',(#2342,#2343,#2344,#2345,#2346,#2347,#2348,#2349,#2350,
#2351,#2352,#2353,#2354,#2355,#2356,#2357));
#466=EDGE_LOOP('',(#2358,#2359,#2360,#2361,#2362,#2363,#2364,#2365,#2366,
#2367,#2368,#2369));
#467=EDGE_LOOP('',(#2370,#2371,#2372,#2373));
#468=EDGE_LOOP('',(#2374,#2375,#2376,#2377));
#469=EDGE_LOOP('',(#2378,#2379,#2380,#2381,#2382,#2383,#2384,#2385));
#470=EDGE_LOOP('',(#2386,#2387,#2388,#2389));
#471=EDGE_LOOP('',(#2390,#2391,#2392,#2393));
#472=EDGE_LOOP('',(#2394,#2395,#2396,#2397));
#473=EDGE_LOOP('',(#2398,#2399,#2400,#2401));
#474=EDGE_LOOP('',(#2402,#2403,#2404,#2405,#2406,#2407,#2408,#2409));
#475=EDGE_LOOP('',(#2410,#2411,#2412,#2413));
#476=EDGE_LOOP('',(#2414,#2415,#2416,#2417));
#477=EDGE_LOOP('',(#2418,#2419,#2420,#2421));
#478=EDGE_LOOP('',(#2422,#2423,#2424,#2425));
#479=EDGE_LOOP('',(#2426,#2427,#2428,#2429));
#480=EDGE_LOOP('',(#2430,#2431,#2432,#2433,#2434,#2435,#2436,#2437));
#481=EDGE_LOOP('',(#2438,#2439,#2440,#2441));
#482=EDGE_LOOP('',(#2442,#2443,#2444,#2445));
#483=EDGE_LOOP('',(#2446,#2447,#2448,#2449));
#484=EDGE_LOOP('',(#2450,#2451,#2452,#2453));
#485=EDGE_LOOP('',(#2454,#2455,#2456,#2457,#2458,#2459,#2460,#2461));
#486=EDGE_LOOP('',(#2462,#2463,#2464,#2465,#2466,#2467,#2468,#2469));
#487=EDGE_LOOP('',(#2470,#2471,#2472,#2473,#2474,#2475,#2476));
#488=EDGE_LOOP('',(#2477,#2478,#2479,#2480));
#489=EDGE_LOOP('',(#2481,#2482,#2483,#2484));
#490=EDGE_LOOP('',(#2485,#2486,#2487,#2488));
#491=LINE('',#3784,#775);
#492=LINE('',#3786,#776);
#493=LINE('',#3788,#777);
#494=LINE('',#3790,#778);
#495=LINE('',#3792,#779);
#496=LINE('',#3793,#780);
#497=LINE('',#3797,#781);
#498=LINE('',#3799,#782);
#499=LINE('',#3801,#783);
#500=LINE('',#3803,#784);
#501=LINE('',#3805,#785);
#502=LINE('',#3806,#786);
#503=LINE('',#3809,#787);
#504=LINE('',#3811,#788);
#505=LINE('',#3812,#789);
#506=LINE('',#3815,#790);
#507=LINE('',#3817,#791);
#508=LINE('',#3818,#792);
#509=LINE('',#3821,#793);
#510=LINE('',#3823,#794);
#511=LINE('',#3824,#795);
#512=LINE('',#3827,#796);
#513=LINE('',#3829,#797);
#514=LINE('',#3831,#798);
#515=LINE('',#3833,#799);
#516=LINE('',#3835,#800);
#517=LINE('',#3836,#801);
#518=LINE('',#3838,#802);
#519=LINE('',#3841,#803);
#520=LINE('',#3845,#804);
#521=LINE('',#3847,#805);
#522=LINE('',#3849,#806);
#523=LINE('',#3854,#807);
#524=LINE('',#3856,#808);
#525=LINE('',#3858,#809);
#526=LINE('',#3859,#810);
#527=LINE('',#3862,#811);
#528=LINE('',#3864,#812);
#529=LINE('',#3865,#813);
#530=LINE('',#3871,#814);
#531=LINE('',#3874,#815);
#532=LINE('',#3879,#816);
#533=LINE('',#3881,#817);
#534=LINE('',#3883,#818);
#535=LINE('',#3887,#819);
#536=LINE('',#3889,#820);
#537=LINE('',#3891,#821);
#538=LINE('',#3895,#822);
#539=LINE('',#3897,#823);
#540=LINE('',#3899,#824);
#541=LINE('',#3903,#825);
#542=LINE('',#3905,#826);
#543=LINE('',#3907,#827);
#544=LINE('',#3911,#828);
#545=LINE('',#3913,#829);
#546=LINE('',#3915,#830);
#547=LINE('',#3919,#831);
#548=LINE('',#3921,#832);
#549=LINE('',#3923,#833);
#550=LINE('',#3927,#834);
#551=LINE('',#3929,#835);
#552=LINE('',#3931,#836);
#553=LINE('',#3940,#837);
#554=LINE('',#3944,#838);
#555=LINE('',#3949,#839);
#556=LINE('',#3953,#840);
#557=LINE('',#3964,#841);
#558=LINE('',#3968,#842);
#559=LINE('',#3969,#843);
#560=LINE('',#3972,#844);
#561=LINE('',#3973,#845);
#562=LINE('',#3976,#846);
#563=LINE('',#3977,#847);
#564=LINE('',#3981,#848);
#565=LINE('',#3993,#849);
#566=LINE('',#3995,#850);
#567=LINE('',#3996,#851);
#568=LINE('',#3999,#852);
#569=LINE('',#4001,#853);
#570=LINE('',#4002,#854);
#571=LINE('',#4005,#855);
#572=LINE('',#4008,#856);
#573=LINE('',#4011,#857);
#574=LINE('',#4012,#858);
#575=LINE('',#4015,#859);
#576=LINE('',#4016,#860);
#577=LINE('',#4018,#861);
#578=LINE('',#4021,#862);
#579=LINE('',#4023,#863);
#580=LINE('',#4027,#864);
#581=LINE('',#4029,#865);
#582=LINE('',#4043,#866);
#583=LINE('',#4049,#867);
#584=LINE('',#4053,#868);
#585=LINE('',#4058,#869);
#586=LINE('',#4062,#870);
#587=LINE('',#4065,#871);
#588=LINE('',#4068,#872);
#589=LINE('',#4070,#873);
#590=LINE('',#4072,#874);
#591=LINE('',#4074,#875);
#592=LINE('',#4075,#876);
#593=LINE('',#4078,#877);
#594=LINE('',#4080,#878);
#595=LINE('',#4082,#879);
#596=LINE('',#4084,#880);
#597=LINE('',#4086,#881);
#598=LINE('',#4088,#882);
#599=LINE('',#4090,#883);
#600=LINE('',#4092,#884);
#601=LINE('',#4093,#885);
#602=LINE('',#4096,#886);
#603=LINE('',#4097,#887);
#604=LINE('',#4103,#888);
#605=LINE('',#4107,#889);
#606=LINE('',#4111,#890);
#607=LINE('',#4114,#891);
#608=LINE('',#4116,#892);
#609=LINE('',#4118,#893);
#610=LINE('',#4120,#894);
#611=LINE('',#4121,#895);
#612=LINE('',#4124,#896);
#613=LINE('',#4126,#897);
#614=LINE('',#4128,#898);
#615=LINE('',#4129,#899);
#616=LINE('',#4131,#900);
#617=LINE('',#4133,#901);
#618=LINE('',#4134,#902);
#619=LINE('',#4137,#903);
#620=LINE('',#4138,#904);
#621=LINE('',#4142,#905);
#622=LINE('',#4145,#906);
#623=LINE('',#4147,#907);
#624=LINE('',#4148,#908);
#625=LINE('',#4153,#909);
#626=LINE('',#4156,#910);
#627=LINE('',#4157,#911);
#628=LINE('',#4170,#912);
#629=LINE('',#4183,#913);
#630=LINE('',#4187,#914);
#631=LINE('',#4202,#915);
#632=LINE('',#4207,#916);
#633=LINE('',#4211,#917);
#634=LINE('',#4217,#918);
#635=LINE('',#4221,#919);
#636=LINE('',#4227,#920);
#637=LINE('',#4231,#921);
#638=LINE('',#4237,#922);
#639=LINE('',#4241,#923);
#640=LINE('',#4246,#924);
#641=LINE('',#4250,#925);
#642=LINE('',#4254,#926);
#643=LINE('',#4258,#927);
#644=LINE('',#4260,#928);
#645=LINE('',#4261,#929);
#646=LINE('',#4266,#930);
#647=LINE('',#4268,#931);
#648=LINE('',#4269,#932);
#649=LINE('',#4275,#933);
#650=LINE('',#4277,#934);
#651=LINE('',#4278,#935);
#652=LINE('',#4282,#936);
#653=LINE('',#4283,#937);
#654=LINE('',#4284,#938);
#655=LINE('',#4288,#939);
#656=LINE('',#4292,#940);
#657=LINE('',#4294,#941);
#658=LINE('',#4295,#942);
#659=LINE('',#4303,#943);
#660=LINE('',#4305,#944);
#661=LINE('',#4307,#945);
#662=LINE('',#4308,#946);
#663=LINE('',#4312,#947);
#664=LINE('',#4318,#948);
#665=LINE('',#4319,#949);
#666=LINE('',#4320,#950);
#667=LINE('',#4324,#951);
#668=LINE('',#4330,#952);
#669=LINE('',#4331,#953);
#670=LINE('',#4332,#954);
#671=LINE('',#4341,#955);
#672=LINE('',#4344,#956);
#673=LINE('',#4347,#957);
#674=LINE('',#4348,#958);
#675=LINE('',#4351,#959);
#676=LINE('',#4355,#960);
#677=LINE('',#4357,#961);
#678=LINE('',#4359,#962);
#679=LINE('',#4361,#963);
#680=LINE('',#4363,#964);
#681=LINE('',#4365,#965);
#682=LINE('',#4367,#966);
#683=LINE('',#4369,#967);
#684=LINE('',#4371,#968);
#685=LINE('',#4373,#969);
#686=LINE('',#4375,#970);
#687=LINE('',#4377,#971);
#688=LINE('',#4379,#972);
#689=LINE('',#4380,#973);
#690=LINE('',#4382,#974);
#691=LINE('',#4385,#975);
#692=LINE('',#4386,#976);
#693=LINE('',#4388,#977);
#694=LINE('',#4390,#978);
#695=LINE('',#4392,#979);
#696=LINE('',#4393,#980);
#697=LINE('',#4395,#981);
#698=LINE('',#4396,#982);
#699=LINE('',#4402,#983);
#700=LINE('',#4404,#984);
#701=LINE('',#4405,#985);
#702=LINE('',#4407,#986);
#703=LINE('',#4409,#987);
#704=LINE('',#4411,#988);
#705=LINE('',#4412,#989);
#706=LINE('',#4415,#990);
#707=LINE('',#4417,#991);
#708=LINE('',#4418,#992);
#709=LINE('',#4420,#993);
#710=LINE('',#4422,#994);
#711=LINE('',#4424,#995);
#712=LINE('',#4425,#996);
#713=LINE('',#4428,#997);
#714=LINE('',#4430,#998);
#715=LINE('',#4431,#999);
#716=LINE('',#4435,#1000);
#717=LINE('',#4440,#1001);
#718=LINE('',#4441,#1002);
#719=LINE('',#4442,#1003);
#720=LINE('',#4445,#1004);
#721=LINE('',#4449,#1005);
#722=LINE('',#4450,#1006);
#723=LINE('',#4453,#1007);
#724=LINE('',#4457,#1008);
#725=LINE('',#4458,#1009);
#726=LINE('',#4460,#1010);
#727=LINE('',#4462,#1011);
#728=LINE('',#4464,#1012);
#729=LINE('',#4465,#1013);
#730=LINE('',#4467,#1014);
#731=LINE('',#4471,#1015);
#732=LINE('',#4472,#1016);
#733=LINE('',#4476,#1017);
#734=LINE('',#4478,#1018);
#735=LINE('',#4480,#1019);
#736=LINE('',#4481,#1020);
#737=LINE('',#4487,#1021);
#738=LINE('',#4490,#1022);
#739=LINE('',#4492,#1023);
#740=LINE('',#4493,#1024);
#741=LINE('',#4496,#1025);
#742=LINE('',#4498,#1026);
#743=LINE('',#4499,#1027);
#744=LINE('',#4505,#1028);
#745=LINE('',#4508,#1029);
#746=LINE('',#4510,#1030);
#747=LINE('',#4511,#1031);
#748=LINE('',#4520,#1032);
#749=LINE('',#4522,#1033);
#750=LINE('',#4524,#1034);
#751=LINE('',#4527,#1035);
#752=LINE('',#4528,#1036);
#753=LINE('',#4529,#1037);
#754=LINE('',#4530,#1038);
#755=LINE('',#4534,#1039);
#756=LINE('',#4537,#1040);
#757=LINE('',#4538,#1041);
#758=LINE('',#4541,#1042);
#759=LINE('',#4544,#1043);
#760=LINE('',#4546,#1044);
#761=LINE('',#4547,#1045);
#762=LINE('',#4549,#1046);
#763=LINE('',#4552,#1047);
#764=LINE('',#4554,#1048);
#765=LINE('',#4555,#1049);
#766=LINE('',#4557,#1050);
#767=LINE('',#4559,#1051);
#768=LINE('',#4560,#1052);
#769=LINE('',#4564,#1053);
#770=LINE('',#4566,#1054);
#771=LINE('',#4568,#1055);
#772=LINE('',#4570,#1056);
#773=LINE('',#4576,#1057);
#774=LINE('',#4578,#1058);
#775=VECTOR('',#2994,10.);
#776=VECTOR('',#2995,10.);
#777=VECTOR('',#2996,10.);
#778=VECTOR('',#2997,10.);
#779=VECTOR('',#2998,10.);
#780=VECTOR('',#2999,10.);
#781=VECTOR('',#3002,10.);
#782=VECTOR('',#3003,10.);
#783=VECTOR('',#3004,10.);
#784=VECTOR('',#3005,10.);
#785=VECTOR('',#3006,10.);
#786=VECTOR('',#3007,10.);
#787=VECTOR('',#3010,10.);
#788=VECTOR('',#3011,10.);
#789=VECTOR('',#3012,10.);
#790=VECTOR('',#3015,10.);
#791=VECTOR('',#3016,10.);
#792=VECTOR('',#3017,10.);
#793=VECTOR('',#3020,10.);
#794=VECTOR('',#3021,10.);
#795=VECTOR('',#3022,10.);
#796=VECTOR('',#3025,10.);
#797=VECTOR('',#3026,10.);
#798=VECTOR('',#3027,10.);
#799=VECTOR('',#3028,10.);
#800=VECTOR('',#3029,10.);
#801=VECTOR('',#3030,10.);
#802=VECTOR('',#3033,10.);
#803=VECTOR('',#3036,10.);
#804=VECTOR('',#3039,10.);
#805=VECTOR('',#3040,10.);
#806=VECTOR('',#3041,10.);
#807=VECTOR('',#3046,10.);
#808=VECTOR('',#3047,10.);
#809=VECTOR('',#3048,10.);
#810=VECTOR('',#3049,10.);
#811=VECTOR('',#3052,10.);
#812=VECTOR('',#3053,10.);
#813=VECTOR('',#3054,10.);
#814=VECTOR('',#3059,10.);
#815=VECTOR('',#3062,10.);
#816=VECTOR('',#3067,10.);
#817=VECTOR('',#3068,10.);
#818=VECTOR('',#3069,10.);
#819=VECTOR('',#3072,10.);
#820=VECTOR('',#3073,10.);
#821=VECTOR('',#3074,10.);
#822=VECTOR('',#3077,10.);
#823=VECTOR('',#3078,10.);
#824=VECTOR('',#3079,10.);
#825=VECTOR('',#3082,10.);
#826=VECTOR('',#3083,10.);
#827=VECTOR('',#3084,10.);
#828=VECTOR('',#3087,10.);
#829=VECTOR('',#3088,10.);
#830=VECTOR('',#3089,10.);
#831=VECTOR('',#3092,10.);
#832=VECTOR('',#3093,10.);
#833=VECTOR('',#3094,10.);
#834=VECTOR('',#3097,10.);
#835=VECTOR('',#3098,10.);
#836=VECTOR('',#3099,10.);
#837=VECTOR('',#3110,10.);
#838=VECTOR('',#3115,1.48456819056422);
#839=VECTOR('',#3122,1.48456819056422);
#840=VECTOR('',#3127,10.);
#841=VECTOR('',#3130,10.);
#842=VECTOR('',#3135,10.);
#843=VECTOR('',#3136,10.);
#844=VECTOR('',#3139,10.);
#845=VECTOR('',#3140,10.);
#846=VECTOR('',#3143,10.);
#847=VECTOR('',#3144,10.);
#848=VECTOR('',#3149,10.);
#849=VECTOR('',#3152,10.);
#850=VECTOR('',#3153,10.);
#851=VECTOR('',#3154,10.);
#852=VECTOR('',#3157,10.);
#853=VECTOR('',#3158,10.);
#854=VECTOR('',#3159,10.);
#855=VECTOR('',#3162,10.);
#856=VECTOR('',#3167,10.);
#857=VECTOR('',#3170,10.);
#858=VECTOR('',#3171,10.);
#859=VECTOR('',#3174,10.);
#860=VECTOR('',#3175,10.);
#861=VECTOR('',#3178,10.);
#862=VECTOR('',#3181,10.);
#863=VECTOR('',#3182,10.);
#864=VECTOR('',#3185,10.);
#865=VECTOR('',#3186,10.);
#866=VECTOR('',#3205,10.);
#867=VECTOR('',#3210,10.);
#868=VECTOR('',#3213,10.);
#869=VECTOR('',#3218,10.);
#870=VECTOR('',#3221,10.);
#871=VECTOR('',#3224,10.);
#872=VECTOR('',#3227,10.);
#873=VECTOR('',#3228,10.);
#874=VECTOR('',#3229,10.);
#875=VECTOR('',#3230,10.);
#876=VECTOR('',#3231,10.);
#877=VECTOR('',#3234,10.);
#878=VECTOR('',#3235,10.);
#879=VECTOR('',#3236,10.);
#880=VECTOR('',#3237,10.);
#881=VECTOR('',#3238,10.);
#882=VECTOR('',#3239,10.);
#883=VECTOR('',#3240,10.);
#884=VECTOR('',#3241,10.);
#885=VECTOR('',#3242,10.);
#886=VECTOR('',#3245,10.);
#887=VECTOR('',#3246,10.);
#888=VECTOR('',#3251,10.);
#889=VECTOR('',#3254,10.);
#890=VECTOR('',#3259,10.);
#891=VECTOR('',#3262,10.);
#892=VECTOR('',#3263,10.);
#893=VECTOR('',#3264,10.);
#894=VECTOR('',#3265,10.);
#895=VECTOR('',#3266,10.);
#896=VECTOR('',#3269,10.);
#897=VECTOR('',#3270,10.);
#898=VECTOR('',#3271,10.);
#899=VECTOR('',#3272,10.);
#900=VECTOR('',#3273,10.);
#901=VECTOR('',#3274,10.);
#902=VECTOR('',#3275,10.);
#903=VECTOR('',#3278,10.);
#904=VECTOR('',#3279,10.);
#905=VECTOR('',#3284,10.);
#906=VECTOR('',#3287,10.);
#907=VECTOR('',#3288,10.);
#908=VECTOR('',#3289,10.);
#909=VECTOR('',#3294,10.);
#910=VECTOR('',#3299,10.);
#911=VECTOR('',#3300,10.);
#912=VECTOR('',#3317,3.);
#913=VECTOR('',#3334,3.);
#914=VECTOR('',#3339,3.);
#915=VECTOR('',#3358,3.);
#916=VECTOR('',#3363,2.3);
#917=VECTOR('',#3368,1.6);
#918=VECTOR('',#3375,2.3);
#919=VECTOR('',#3380,1.6);
#920=VECTOR('',#3387,2.3);
#921=VECTOR('',#3392,1.6);
#922=VECTOR('',#3399,2.3);
#923=VECTOR('',#3404,1.6);
#924=VECTOR('',#3411,3.);
#925=VECTOR('',#3416,3.);
#926=VECTOR('',#3421,3.);
#927=VECTOR('',#3426,3.);
#928=VECTOR('',#3429,10.);
#929=VECTOR('',#3430,10.);
#930=VECTOR('',#3437,10.);
#931=VECTOR('',#3440,10.);
#932=VECTOR('',#3441,10.);
#933=VECTOR('',#3450,10.);
#934=VECTOR('',#3451,10.);
#935=VECTOR('',#3452,10.);
#936=VECTOR('',#3457,10.);
#937=VECTOR('',#3458,10.);
#938=VECTOR('',#3459,10.);
#939=VECTOR('',#3464,10.);
#940=VECTOR('',#3469,10.);
#941=VECTOR('',#3470,10.);
#942=VECTOR('',#3471,10.);
#943=VECTOR('',#3482,10.);
#944=VECTOR('',#3483,10.);
#945=VECTOR('',#3484,10.);
#946=VECTOR('',#3485,10.);
#947=VECTOR('',#3488,10.);
#948=VECTOR('',#3495,10.);
#949=VECTOR('',#3496,10.);
#950=VECTOR('',#3497,10.);
#951=VECTOR('',#3500,10.);
#952=VECTOR('',#3507,10.);
#953=VECTOR('',#3508,10.);
#954=VECTOR('',#3509,10.);
#955=VECTOR('',#3524,10.);
#956=VECTOR('',#3527,10.);
#957=VECTOR('',#3530,10.);
#958=VECTOR('',#3531,10.);
#959=VECTOR('',#3534,10.);
#960=VECTOR('',#3539,10.);
#961=VECTOR('',#3540,10.);
#962=VECTOR('',#3541,10.);
#963=VECTOR('',#3542,10.);
#964=VECTOR('',#3543,10.);
#965=VECTOR('',#3544,10.);
#966=VECTOR('',#3545,10.);
#967=VECTOR('',#3546,10.);
#968=VECTOR('',#3547,10.);
#969=VECTOR('',#3548,10.);
#970=VECTOR('',#3549,10.);
#971=VECTOR('',#3550,10.);
#972=VECTOR('',#3551,10.);
#973=VECTOR('',#3552,10.);
#974=VECTOR('',#3555,10.);
#975=VECTOR('',#3558,10.);
#976=VECTOR('',#3559,10.);
#977=VECTOR('',#3562,10.);
#978=VECTOR('',#3563,10.);
#979=VECTOR('',#3564,10.);
#980=VECTOR('',#3565,10.);
#981=VECTOR('',#3568,10.);
#982=VECTOR('',#3569,10.);
#983=VECTOR('',#3578,10.);
#984=VECTOR('',#3579,10.);
#985=VECTOR('',#3580,10.);
#986=VECTOR('',#3583,10.);
#987=VECTOR('',#3584,10.);
#988=VECTOR('',#3585,10.);
#989=VECTOR('',#3586,10.);
#990=VECTOR('',#3589,10.);
#991=VECTOR('',#3590,10.);
#992=VECTOR('',#3591,10.);
#993=VECTOR('',#3594,10.);
#994=VECTOR('',#3595,10.);
#995=VECTOR('',#3596,10.);
#996=VECTOR('',#3597,10.);
#997=VECTOR('',#3600,10.);
#998=VECTOR('',#3601,10.);
#999=VECTOR('',#3602,10.);
#1000=VECTOR('',#3605,10.);
#1001=VECTOR('',#3612,10.);
#1002=VECTOR('',#3613,10.);
#1003=VECTOR('',#3614,10.);
#1004=VECTOR('',#3617,10.);
#1005=VECTOR('',#3622,10.);
#1006=VECTOR('',#3623,10.);
#1007=VECTOR('',#3626,10.);
#1008=VECTOR('',#3631,10.);
#1009=VECTOR('',#3632,10.);
#1010=VECTOR('',#3635,10.);
#1011=VECTOR('',#3636,10.);
#1012=VECTOR('',#3637,10.);
#1013=VECTOR('',#3638,10.);
#1014=VECTOR('',#3641,10.);
#1015=VECTOR('',#3646,10.);
#1016=VECTOR('',#3647,10.);
#1017=VECTOR('',#3650,10.);
#1018=VECTOR('',#3651,10.);
#1019=VECTOR('',#3652,10.);
#1020=VECTOR('',#3653,10.);
#1021=VECTOR('',#3660,10.);
#1022=VECTOR('',#3663,10.);
#1023=VECTOR('',#3664,10.);
#1024=VECTOR('',#3665,10.);
#1025=VECTOR('',#3668,10.);
#1026=VECTOR('',#3669,10.);
#1027=VECTOR('',#3670,10.);
#1028=VECTOR('',#3677,10.);
#1029=VECTOR('',#3680,10.);
#1030=VECTOR('',#3681,10.);
#1031=VECTOR('',#3682,10.);
#1032=VECTOR('',#3695,10.);
#1033=VECTOR('',#3698,10.);
#1034=VECTOR('',#3701,10.);
#1035=VECTOR('',#3704,10.);
#1036=VECTOR('',#3705,10.);
#1037=VECTOR('',#3706,10.);
#1038=VECTOR('',#3707,10.);
#1039=VECTOR('',#3712,10.);
#1040=VECTOR('',#3715,10.);
#1041=VECTOR('',#3716,10.);
#1042=VECTOR('',#3721,10.);
#1043=VECTOR('',#3724,10.);
#1044=VECTOR('',#3725,10.);
#1045=VECTOR('',#3726,10.);
#1046=VECTOR('',#3729,10.);
#1047=VECTOR('',#3732,10.);
#1048=VECTOR('',#3733,10.);
#1049=VECTOR('',#3734,10.);
#1050=VECTOR('',#3737,10.);
#1051=VECTOR('',#3740,10.);
#1052=VECTOR('',#3741,10.);
#1053=VECTOR('',#3748,10.);
#1054=VECTOR('',#3751,10.);
#1055=VECTOR('',#3754,10.);
#1056=VECTOR('',#3757,10.);
#1057=VECTOR('',#3768,10.);
#1058=VECTOR('',#3771,10.);
#1059=VERTEX_POINT('',#3782);
#1060=VERTEX_POINT('',#3783);
#1061=VERTEX_POINT('',#3785);
#1062=VERTEX_POINT('',#3787);
#1063=VERTEX_POINT('',#3789);
#1064=VERTEX_POINT('',#3791);
#1065=VERTEX_POINT('',#3795);
#1066=VERTEX_POINT('',#3796);
#1067=VERTEX_POINT('',#3798);
#1068=VERTEX_POINT('',#3800);
#1069=VERTEX_POINT('',#3802);
#1070=VERTEX_POINT('',#3804);
#1071=VERTEX_POINT('',#3808);
#1072=VERTEX_POINT('',#3810);
#1073=VERTEX_POINT('',#3814);
#1074=VERTEX_POINT('',#3816);
#1075=VERTEX_POINT('',#3820);
#1076=VERTEX_POINT('',#3822);
#1077=VERTEX_POINT('',#3826);
#1078=VERTEX_POINT('',#3828);
#1079=VERTEX_POINT('',#3830);
#1080=VERTEX_POINT('',#3832);
#1081=VERTEX_POINT('',#3834);
#1082=VERTEX_POINT('',#3840);
#1083=VERTEX_POINT('',#3842);
#1084=VERTEX_POINT('',#3844);
#1085=VERTEX_POINT('',#3846);
#1086=VERTEX_POINT('',#3848);
#1087=VERTEX_POINT('',#3852);
#1088=VERTEX_POINT('',#3853);
#1089=VERTEX_POINT('',#3855);
#1090=VERTEX_POINT('',#3857);
#1091=VERTEX_POINT('',#3861);
#1092=VERTEX_POINT('',#3863);
#1093=VERTEX_POINT('',#3867);
#1094=VERTEX_POINT('',#3868);
#1095=VERTEX_POINT('',#3870);
#1096=VERTEX_POINT('',#3872);
#1097=VERTEX_POINT('',#3876);
#1098=VERTEX_POINT('',#3878);
#1099=VERTEX_POINT('',#3880);
#1100=VERTEX_POINT('',#3882);
#1101=VERTEX_POINT('',#3884);
#1102=VERTEX_POINT('',#3886);
#1103=VERTEX_POINT('',#3888);
#1104=VERTEX_POINT('',#3890);
#1105=VERTEX_POINT('',#3892);
#1106=VERTEX_POINT('',#3894);
#1107=VERTEX_POINT('',#3896);
#1108=VERTEX_POINT('',#3898);
#1109=VERTEX_POINT('',#3900);
#1110=VERTEX_POINT('',#3902);
#1111=VERTEX_POINT('',#3904);
#1112=VERTEX_POINT('',#3906);
#1113=VERTEX_POINT('',#3908);
#1114=VERTEX_POINT('',#3910);
#1115=VERTEX_POINT('',#3912);
#1116=VERTEX_POINT('',#3914);
#1117=VERTEX_POINT('',#3916);
#1118=VERTEX_POINT('',#3918);
#1119=VERTEX_POINT('',#3920);
#1120=VERTEX_POINT('',#3922);
#1121=VERTEX_POINT('',#3924);
#1122=VERTEX_POINT('',#3926);
#1123=VERTEX_POINT('',#3928);
#1124=VERTEX_POINT('',#3930);
#1125=VERTEX_POINT('',#3933);
#1126=VERTEX_POINT('',#3935);
#1127=VERTEX_POINT('',#3938);
#1128=VERTEX_POINT('',#3942);
#1129=VERTEX_POINT('',#3947);
#1130=VERTEX_POINT('',#3952);
#1131=VERTEX_POINT('',#3954);
#1132=VERTEX_POINT('',#3956);
#1133=VERTEX_POINT('',#3963);
#1134=VERTEX_POINT('',#3967);
#1135=VERTEX_POINT('',#3971);
#1136=VERTEX_POINT('',#3975);
#1137=VERTEX_POINT('',#3979);
#1138=VERTEX_POINT('',#3983);
#1139=VERTEX_POINT('',#3994);
#1140=VERTEX_POINT('',#3998);
#1141=VERTEX_POINT('',#4000);
#1142=VERTEX_POINT('',#4004);
#1143=VERTEX_POINT('',#4010);
#1144=VERTEX_POINT('',#4014);
#1145=VERTEX_POINT('',#4020);
#1146=VERTEX_POINT('',#4022);
#1147=VERTEX_POINT('',#4024);
#1148=VERTEX_POINT('',#4026);
#1149=VERTEX_POINT('',#4028);
#1150=VERTEX_POINT('',#4030);
#1151=VERTEX_POINT('',#4034);
#1152=VERTEX_POINT('',#4036);
#1153=VERTEX_POINT('',#4041);
#1154=VERTEX_POINT('',#4045);
#1155=VERTEX_POINT('',#4046);
#1156=VERTEX_POINT('',#4048);
#1157=VERTEX_POINT('',#4050);
#1158=VERTEX_POINT('',#4052);
#1159=VERTEX_POINT('',#4055);
#1160=VERTEX_POINT('',#4057);
#1161=VERTEX_POINT('',#4059);
#1162=VERTEX_POINT('',#4061);
#1163=VERTEX_POINT('',#4063);
#1164=VERTEX_POINT('',#4067);
#1165=VERTEX_POINT('',#4069);
#1166=VERTEX_POINT('',#4071);
#1167=VERTEX_POINT('',#4073);
#1168=VERTEX_POINT('',#4077);
#1169=VERTEX_POINT('',#4079);
#1170=VERTEX_POINT('',#4081);
#1171=VERTEX_POINT('',#4083);
#1172=VERTEX_POINT('',#4085);
#1173=VERTEX_POINT('',#4087);
#1174=VERTEX_POINT('',#4089);
#1175=VERTEX_POINT('',#4091);
#1176=VERTEX_POINT('',#4095);
#1177=VERTEX_POINT('',#4099);
#1178=VERTEX_POINT('',#4100);
#1179=VERTEX_POINT('',#4102);
#1180=VERTEX_POINT('',#4104);
#1181=VERTEX_POINT('',#4106);
#1182=VERTEX_POINT('',#4109);
#1183=VERTEX_POINT('',#4113);
#1184=VERTEX_POINT('',#4115);
#1185=VERTEX_POINT('',#4117);
#1186=VERTEX_POINT('',#4119);
#1187=VERTEX_POINT('',#4123);
#1188=VERTEX_POINT('',#4125);
#1189=VERTEX_POINT('',#4127);
#1190=VERTEX_POINT('',#4130);
#1191=VERTEX_POINT('',#4132);
#1192=VERTEX_POINT('',#4136);
#1193=VERTEX_POINT('',#4140);
#1194=VERTEX_POINT('',#4144);
#1195=VERTEX_POINT('',#4146);
#1196=VERTEX_POINT('',#4150);
#1197=VERTEX_POINT('',#4152);
#1198=VERTEX_POINT('',#4159);
#1199=VERTEX_POINT('',#4162);
#1200=VERTEX_POINT('',#4164);
#1201=VERTEX_POINT('',#4168);
#1202=VERTEX_POINT('',#4172);
#1203=VERTEX_POINT('',#4174);
#1204=VERTEX_POINT('',#4176);
#1205=VERTEX_POINT('',#4181);
#1206=VERTEX_POINT('',#4185);
#1207=VERTEX_POINT('',#4189);
#1208=VERTEX_POINT('',#4191);
#1209=VERTEX_POINT('',#4193);
#1210=VERTEX_POINT('',#4195);
#1211=VERTEX_POINT('',#4200);
#1212=VERTEX_POINT('',#4204);
#1213=VERTEX_POINT('',#4206);
#1214=VERTEX_POINT('',#4210);
#1215=VERTEX_POINT('',#4214);
#1216=VERTEX_POINT('',#4216);
#1217=VERTEX_POINT('',#4220);
#1218=VERTEX_POINT('',#4224);
#1219=VERTEX_POINT('',#4226);
#1220=VERTEX_POINT('',#4230);
#1221=VERTEX_POINT('',#4234);
#1222=VERTEX_POINT('',#4236);
#1223=VERTEX_POINT('',#4240);
#1224=VERTEX_POINT('',#4244);
#1225=VERTEX_POINT('',#4248);
#1226=VERTEX_POINT('',#4252);
#1227=VERTEX_POINT('',#4256);
#1228=VERTEX_POINT('',#4264);
#1229=VERTEX_POINT('',#4274);
#1230=VERTEX_POINT('',#4276);
#1231=VERTEX_POINT('',#4281);
#1232=VERTEX_POINT('',#4287);
#1233=VERTEX_POINT('',#4291);
#1234=VERTEX_POINT('',#4293);
#1235=VERTEX_POINT('',#4301);
#1236=VERTEX_POINT('',#4302);
#1237=VERTEX_POINT('',#4304);
#1238=VERTEX_POINT('',#4306);
#1239=VERTEX_POINT('',#4310);
#1240=VERTEX_POINT('',#4311);
#1241=VERTEX_POINT('',#4316);
#1242=VERTEX_POINT('',#4317);
#1243=VERTEX_POINT('',#4322);
#1244=VERTEX_POINT('',#4323);
#1245=VERTEX_POINT('',#4328);
#1246=VERTEX_POINT('',#4329);
#1247=VERTEX_POINT('',#4340);
#1248=VERTEX_POINT('',#4342);
#1249=VERTEX_POINT('',#4346);
#1250=VERTEX_POINT('',#4350);
#1251=VERTEX_POINT('',#4354);
#1252=VERTEX_POINT('',#4356);
#1253=VERTEX_POINT('',#4358);
#1254=VERTEX_POINT('',#4360);
#1255=VERTEX_POINT('',#4362);
#1256=VERTEX_POINT('',#4364);
#1257=VERTEX_POINT('',#4366);
#1258=VERTEX_POINT('',#4368);
#1259=VERTEX_POINT('',#4370);
#1260=VERTEX_POINT('',#4372);
#1261=VERTEX_POINT('',#4374);
#1262=VERTEX_POINT('',#4376);
#1263=VERTEX_POINT('',#4378);
#1264=VERTEX_POINT('',#4384);
#1265=VERTEX_POINT('',#4389);
#1266=VERTEX_POINT('',#4391);
#1267=VERTEX_POINT('',#4401);
#1268=VERTEX_POINT('',#4403);
#1269=VERTEX_POINT('',#4408);
#1270=VERTEX_POINT('',#4410);
#1271=VERTEX_POINT('',#4414);
#1272=VERTEX_POINT('',#4416);
#1273=VERTEX_POINT('',#4421);
#1274=VERTEX_POINT('',#4423);
#1275=VERTEX_POINT('',#4427);
#1276=VERTEX_POINT('',#4429);
#1277=VERTEX_POINT('',#4433);
#1278=VERTEX_POINT('',#4434);
#1279=VERTEX_POINT('',#4439);
#1280=VERTEX_POINT('',#4444);
#1281=VERTEX_POINT('',#4448);
#1282=VERTEX_POINT('',#4452);
#1283=VERTEX_POINT('',#4456);
#1284=VERTEX_POINT('',#4461);
#1285=VERTEX_POINT('',#4463);
#1286=VERTEX_POINT('',#4470);
#1287=VERTEX_POINT('',#4474);
#1288=VERTEX_POINT('',#4475);
#1289=VERTEX_POINT('',#4477);
#1290=VERTEX_POINT('',#4479);
#1291=VERTEX_POINT('',#4483);
#1292=VERTEX_POINT('',#4485);
#1293=VERTEX_POINT('',#4489);
#1294=VERTEX_POINT('',#4491);
#1295=VERTEX_POINT('',#4495);
#1296=VERTEX_POINT('',#4497);
#1297=VERTEX_POINT('',#4501);
#1298=VERTEX_POINT('',#4503);
#1299=VERTEX_POINT('',#4507);
#1300=VERTEX_POINT('',#4509);
#1301=VERTEX_POINT('',#4517);
#1302=VERTEX_POINT('',#4519);
#1303=VERTEX_POINT('',#4526);
#1304=VERTEX_POINT('',#4532);
#1305=VERTEX_POINT('',#4536);
#1306=VERTEX_POINT('',#4543);
#1307=VERTEX_POINT('',#4545);
#1308=VERTEX_POINT('',#4551);
#1309=VERTEX_POINT('',#4553);
#1310=EDGE_CURVE('',#1059,#1060,#491,.T.);
#1311=EDGE_CURVE('',#1059,#1061,#492,.T.);
#1312=EDGE_CURVE('',#1062,#1061,#493,.T.);
#1313=EDGE_CURVE('',#1063,#1062,#494,.T.);
#1314=EDGE_CURVE('',#1064,#1063,#495,.T.);
#1315=EDGE_CURVE('',#1060,#1064,#496,.T.);
#1316=EDGE_CURVE('',#1065,#1066,#497,.T.);
#1317=EDGE_CURVE('',#1067,#1065,#498,.T.);
#1318=EDGE_CURVE('',#1068,#1067,#499,.T.);
#1319=EDGE_CURVE('',#1069,#1068,#500,.T.);
#1320=EDGE_CURVE('',#1070,#1069,#501,.T.);
#1321=EDGE_CURVE('',#1070,#1066,#502,.T.);
#1322=EDGE_CURVE('',#1065,#1071,#503,.T.);
#1323=EDGE_CURVE('',#1072,#1071,#504,.T.);
#1324=EDGE_CURVE('',#1072,#1067,#505,.T.);
#1325=EDGE_CURVE('',#1064,#1073,#506,.T.);
#1326=EDGE_CURVE('',#1073,#1074,#507,.T.);
#1327=EDGE_CURVE('',#1074,#1060,#508,.T.);
#1328=EDGE_CURVE('',#1062,#1075,#509,.T.);
#1329=EDGE_CURVE('',#1076,#1075,#510,.T.);
#1330=EDGE_CURVE('',#1076,#1063,#511,.T.);
#1331=EDGE_CURVE('',#1077,#1072,#512,.T.);
#1332=EDGE_CURVE('',#1078,#1077,#513,.T.);
#1333=EDGE_CURVE('',#1078,#1079,#514,.T.);
#1334=EDGE_CURVE('',#1079,#1080,#515,.T.);
#1335=EDGE_CURVE('',#1080,#1081,#516,.T.);
#1336=EDGE_CURVE('',#1068,#1081,#517,.T.);
#1337=EDGE_CURVE('',#1073,#1076,#518,.T.);
#1338=EDGE_CURVE('',#1061,#1082,#519,.T.);
#1339=EDGE_CURVE('',#1082,#1083,#83,.T.);
#1340=EDGE_CURVE('',#1083,#1084,#520,.T.);
#1341=EDGE_CURVE('',#1084,#1085,#521,.T.);
#1342=EDGE_CURVE('',#1086,#1085,#522,.T.);
#1343=EDGE_CURVE('',#1075,#1086,#84,.T.);
#1344=EDGE_CURVE('',#1087,#1088,#523,.T.);
#1345=EDGE_CURVE('',#1088,#1089,#524,.T.);
#1346=EDGE_CURVE('',#1089,#1090,#525,.T.);
#1347=EDGE_CURVE('',#1087,#1090,#526,.T.);
#1348=EDGE_CURVE('',#1088,#1091,#527,.T.);
#1349=EDGE_CURVE('',#1091,#1092,#528,.T.);
#1350=EDGE_CURVE('',#1089,#1092,#529,.T.);
#1351=EDGE_CURVE('',#1093,#1094,#85,.T.);
#1352=EDGE_CURVE('',#1094,#1095,#530,.T.);
#1353=EDGE_CURVE('',#1095,#1096,#86,.T.);
#1354=EDGE_CURVE('',#1096,#1093,#531,.T.);
#1355=EDGE_CURVE('',#1093,#1097,#87,.T.);
#1356=EDGE_CURVE('',#1097,#1098,#532,.T.);
#1357=EDGE_CURVE('',#1098,#1099,#533,.T.);
#1358=EDGE_CURVE('',#1099,#1100,#534,.T.);
#1359=EDGE_CURVE('',#1100,#1101,#88,.T.);
#1360=EDGE_CURVE('',#1101,#1102,#535,.T.);
#1361=EDGE_CURVE('',#1102,#1103,#536,.T.);
#1362=EDGE_CURVE('',#1103,#1104,#537,.T.);
#1363=EDGE_CURVE('',#1104,#1105,#89,.T.);
#1364=EDGE_CURVE('',#1105,#1106,#538,.T.);
#1365=EDGE_CURVE('',#1106,#1107,#539,.T.);
#1366=EDGE_CURVE('',#1107,#1108,#540,.T.);
#1367=EDGE_CURVE('',#1108,#1109,#90,.T.);
#1368=EDGE_CURVE('',#1109,#1110,#541,.T.);
#1369=EDGE_CURVE('',#1111,#1110,#542,.T.);
#1370=EDGE_CURVE('',#1111,#1112,#543,.T.);
#1371=EDGE_CURVE('',#1112,#1113,#91,.T.);
#1372=EDGE_CURVE('',#1113,#1114,#544,.T.);
#1373=EDGE_CURVE('',#1115,#1114,#545,.T.);
#1374=EDGE_CURVE('',#1115,#1116,#546,.T.);
#1375=EDGE_CURVE('',#1116,#1117,#92,.T.);
#1376=EDGE_CURVE('',#1117,#1118,#547,.T.);
#1377=EDGE_CURVE('',#1119,#1118,#548,.T.);
#1378=EDGE_CURVE('',#1119,#1120,#549,.T.);
#1379=EDGE_CURVE('',#1120,#1121,#93,.T.);
#1380=EDGE_CURVE('',#1121,#1122,#550,.T.);
#1381=EDGE_CURVE('',#1123,#1122,#551,.T.);
#1382=EDGE_CURVE('',#1123,#1124,#552,.T.);
#1383=EDGE_CURVE('',#1124,#1094,#94,.T.);
#1384=EDGE_CURVE('',#1125,#1125,#95,.T.);
#1385=EDGE_CURVE('',#1126,#1126,#96,.T.);
#1386=EDGE_CURVE('',#1127,#1096,#97,.T.);
#1387=EDGE_CURVE('',#1097,#1127,#553,.T.);
#1388=EDGE_CURVE('',#1128,#1128,#98,.T.);
#1389=EDGE_CURVE('',#1128,#1126,#554,.T.);
#1390=EDGE_CURVE('',#1129,#1129,#99,.T.);
#1391=EDGE_CURVE('',#1129,#1125,#555,.T.);
#1392=EDGE_CURVE('',#1130,#1124,#556,.T.);
#1393=EDGE_CURVE('',#1131,#1130,#100,.T.);
#1394=EDGE_CURVE('',#1132,#1131,#31,.T.);
#1395=EDGE_CURVE('',#1133,#1132,#557,.T.);
#1396=EDGE_CURVE('',#1095,#1133,#101,.T.);
#1397=EDGE_CURVE('',#1134,#1127,#558,.T.);
#1398=EDGE_CURVE('',#1098,#1134,#559,.T.);
#1399=EDGE_CURVE('',#1135,#1134,#560,.T.);
#1400=EDGE_CURVE('',#1135,#1099,#561,.T.);
#1401=EDGE_CURVE('',#1136,#1135,#562,.T.);
#1402=EDGE_CURVE('',#1136,#1100,#563,.T.);
#1403=EDGE_CURVE('',#1137,#1136,#102,.T.);
#1404=EDGE_CURVE('',#1137,#1101,#564,.T.);
#1405=EDGE_CURVE('',#1138,#1132,#32,.T.);
#1406=EDGE_CURVE('',#1108,#1138,#565,.T.);
#1407=EDGE_CURVE('',#1139,#1107,#566,.T.);
#1408=EDGE_CURVE('',#1133,#1139,#567,.T.);
#1409=EDGE_CURVE('',#1105,#1140,#568,.T.);
#1410=EDGE_CURVE('',#1141,#1140,#569,.T.);
#1411=EDGE_CURVE('',#1106,#1141,#570,.T.);
#1412=EDGE_CURVE('',#1104,#1142,#571,.T.);
#1413=EDGE_CURVE('',#1140,#1142,#103,.T.);
#1414=EDGE_CURVE('',#1139,#1141,#572,.T.);
#1415=EDGE_CURVE('',#1143,#1103,#573,.T.);
#1416=EDGE_CURVE('',#1142,#1143,#574,.T.);
#1417=EDGE_CURVE('',#1144,#1137,#575,.T.);
#1418=EDGE_CURVE('',#1102,#1144,#576,.T.);
#1419=EDGE_CURVE('',#1143,#1144,#577,.T.);
#1420=EDGE_CURVE('',#1130,#1145,#578,.T.);
#1421=EDGE_CURVE('',#1146,#1145,#579,.T.);
#1422=EDGE_CURVE('',#1147,#1146,#104,.T.);
#1423=EDGE_CURVE('',#1148,#1147,#580,.T.);
#1424=EDGE_CURVE('',#1148,#1149,#581,.T.);
#1425=EDGE_CURVE('',#1150,#1149,#105,.T.);
#1426=EDGE_CURVE('',#1131,#1150,#106,.T.);
#1427=EDGE_CURVE('',#1150,#1151,#107,.T.);
#1428=EDGE_CURVE('',#1151,#1152,#108,.T.);
#1429=EDGE_CURVE('',#1152,#1151,#109,.T.);
#1430=EDGE_CURVE('',#1149,#1138,#110,.T.);
#1431=EDGE_CURVE('',#1123,#1153,#111,.T.);
#1432=EDGE_CURVE('',#1145,#1153,#582,.T.);
#1433=EDGE_CURVE('',#1154,#1155,#112,.F.);
#1434=EDGE_CURVE('',#1154,#1156,#583,.T.);
#1435=EDGE_CURVE('',#1157,#1156,#113,.F.);
#1436=EDGE_CURVE('',#1157,#1158,#584,.T.);
#1437=EDGE_CURVE('',#1115,#1158,#114,.T.);
#1438=EDGE_CURVE('',#1159,#1114,#115,.T.);
#1439=EDGE_CURVE('',#1159,#1160,#585,.T.);
#1440=EDGE_CURVE('',#1161,#1160,#116,.F.);
#1441=EDGE_CURVE('',#1161,#1162,#586,.T.);
#1442=EDGE_CURVE('',#1163,#1162,#117,.F.);
#1443=EDGE_CURVE('',#1163,#1155,#587,.T.);
#1444=EDGE_CURVE('',#1159,#1164,#588,.T.);
#1445=EDGE_CURVE('',#1164,#1165,#589,.T.);
#1446=EDGE_CURVE('',#1165,#1166,#590,.T.);
#1447=EDGE_CURVE('',#1167,#1166,#591,.T.);
#1448=EDGE_CURVE('',#1167,#1160,#592,.T.);
#1449=EDGE_CURVE('',#1157,#1168,#593,.T.);
#1450=EDGE_CURVE('',#1169,#1168,#594,.T.);
#1451=EDGE_CURVE('',#1170,#1169,#595,.T.);
#1452=EDGE_CURVE('',#1170,#1171,#596,.T.);
#1453=EDGE_CURVE('',#1171,#1172,#597,.T.);
#1454=EDGE_CURVE('',#1173,#1172,#598,.T.);
#1455=EDGE_CURVE('',#1174,#1173,#599,.T.);
#1456=EDGE_CURVE('',#1174,#1175,#600,.T.);
#1457=EDGE_CURVE('',#1175,#1158,#601,.T.);
#1458=EDGE_CURVE('',#1113,#1176,#602,.T.);
#1459=EDGE_CURVE('',#1164,#1176,#603,.T.);
#1460=EDGE_CURVE('',#1177,#1178,#118,.F.);
#1461=EDGE_CURVE('',#1179,#1177,#604,.F.);
#1462=EDGE_CURVE('',#1180,#1179,#119,.F.);
#1463=EDGE_CURVE('',#1180,#1181,#605,.T.);
#1464=EDGE_CURVE('',#1119,#1181,#120,.T.);
#1465=EDGE_CURVE('',#1182,#1118,#121,.T.);
#1466=EDGE_CURVE('',#1182,#1178,#606,.T.);
#1467=EDGE_CURVE('',#1180,#1183,#607,.T.);
#1468=EDGE_CURVE('',#1184,#1183,#608,.T.);
#1469=EDGE_CURVE('',#1185,#1184,#609,.T.);
#1470=EDGE_CURVE('',#1185,#1186,#610,.T.);
#1471=EDGE_CURVE('',#1186,#1181,#611,.T.);
#1472=EDGE_CURVE('',#1182,#1187,#612,.T.);
#1473=EDGE_CURVE('',#1187,#1188,#613,.T.);
#1474=EDGE_CURVE('',#1189,#1188,#614,.T.);
#1475=EDGE_CURVE('',#1090,#1189,#615,.T.);
#1476=EDGE_CURVE('',#1092,#1190,#616,.T.);
#1477=EDGE_CURVE('',#1191,#1190,#617,.T.);
#1478=EDGE_CURVE('',#1178,#1191,#618,.T.);
#1479=EDGE_CURVE('',#1117,#1192,#619,.T.);
#1480=EDGE_CURVE('',#1187,#1192,#620,.T.);
#1481=EDGE_CURVE('',#1193,#1122,#122,.T.);
#1482=EDGE_CURVE('',#1193,#1153,#621,.T.);
#1483=EDGE_CURVE('',#1121,#1194,#622,.T.);
#1484=EDGE_CURVE('',#1195,#1194,#623,.T.);
#1485=EDGE_CURVE('',#1193,#1195,#624,.T.);
#1486=EDGE_CURVE('',#1196,#1110,#123,.T.);
#1487=EDGE_CURVE('',#1196,#1197,#625,.T.);
#1488=EDGE_CURVE('',#1111,#1197,#124,.T.);
#1489=EDGE_CURVE('',#1109,#1149,#626,.T.);
#1490=EDGE_CURVE('',#1196,#1148,#627,.T.);
#1491=EDGE_CURVE('',#1198,#1192,#125,.T.);
#1492=EDGE_CURVE('',#1192,#1198,#126,.T.);
#1493=EDGE_CURVE('',#1198,#1199,#127,.T.);
#1494=EDGE_CURVE('',#1199,#1200,#128,.T.);
#1495=EDGE_CURVE('',#1200,#1199,#129,.T.);
#1496=EDGE_CURVE('',#1201,#1201,#130,.T.);
#1497=EDGE_CURVE('',#1201,#1200,#628,.T.);
#1498=EDGE_CURVE('',#1202,#1194,#131,.T.);
#1499=EDGE_CURVE('',#1194,#1203,#132,.T.);
#1500=EDGE_CURVE('',#1203,#1204,#133,.T.);
#1501=EDGE_CURVE('',#1204,#1203,#134,.T.);
#1502=EDGE_CURVE('',#1194,#1202,#135,.T.);
#1503=EDGE_CURVE('',#1205,#1205,#136,.T.);
#1504=EDGE_CURVE('',#1205,#1204,#629,.T.);
#1505=EDGE_CURVE('',#1206,#1206,#137,.T.);
#1506=EDGE_CURVE('',#1206,#1152,#630,.T.);
#1507=EDGE_CURVE('',#1176,#1207,#138,.T.);
#1508=EDGE_CURVE('',#1207,#1208,#139,.T.);
#1509=EDGE_CURVE('',#1208,#1209,#140,.T.);
#1510=EDGE_CURVE('',#1209,#1210,#141,.T.);
#1511=EDGE_CURVE('',#1210,#1209,#142,.T.);
#1512=EDGE_CURVE('',#1208,#1176,#143,.T.);
#1513=EDGE_CURVE('',#1211,#1211,#144,.T.);
#1514=EDGE_CURVE('',#1211,#1210,#631,.T.);
#1515=EDGE_CURVE('',#1212,#1212,#145,.T.);
#1516=EDGE_CURVE('',#1212,#1213,#632,.T.);
#1517=EDGE_CURVE('',#1213,#1213,#146,.T.);
#1518=EDGE_CURVE('',#1213,#1214,#633,.T.);
#1519=EDGE_CURVE('',#1214,#1214,#147,.T.);
#1520=EDGE_CURVE('',#1215,#1215,#148,.T.);
#1521=EDGE_CURVE('',#1215,#1216,#634,.T.);
#1522=EDGE_CURVE('',#1216,#1216,#149,.T.);
#1523=EDGE_CURVE('',#1216,#1217,#635,.T.);
#1524=EDGE_CURVE('',#1217,#1217,#150,.T.);
#1525=EDGE_CURVE('',#1218,#1218,#151,.T.);
#1526=EDGE_CURVE('',#1218,#1219,#636,.T.);
#1527=EDGE_CURVE('',#1219,#1219,#152,.T.);
#1528=EDGE_CURVE('',#1219,#1220,#637,.T.);
#1529=EDGE_CURVE('',#1220,#1220,#153,.T.);
#1530=EDGE_CURVE('',#1221,#1221,#154,.T.);
#1531=EDGE_CURVE('',#1221,#1222,#638,.T.);
#1532=EDGE_CURVE('',#1222,#1222,#155,.T.);
#1533=EDGE_CURVE('',#1222,#1223,#639,.T.);
#1534=EDGE_CURVE('',#1223,#1223,#156,.T.);
#1535=EDGE_CURVE('',#1224,#1224,#157,.T.);
#1536=EDGE_CURVE('',#1224,#1215,#640,.T.);
#1537=EDGE_CURVE('',#1225,#1225,#158,.T.);
#1538=EDGE_CURVE('',#1225,#1221,#641,.T.);
#1539=EDGE_CURVE('',#1226,#1226,#159,.T.);
#1540=EDGE_CURVE('',#1226,#1218,#642,.T.);
#1541=EDGE_CURVE('',#1227,#1227,#160,.T.);
#1542=EDGE_CURVE('',#1227,#1212,#643,.T.);
#1543=EDGE_CURVE('',#1202,#1186,#644,.T.);
#1544=EDGE_CURVE('',#1120,#1202,#645,.T.);
#1545=EDGE_CURVE('',#1228,#1185,#161,.T.);
#1546=EDGE_CURVE('',#1195,#1228,#646,.T.);
#1547=EDGE_CURVE('',#1198,#1175,#647,.T.);
#1548=EDGE_CURVE('',#1116,#1198,#648,.T.);
#1549=EDGE_CURVE('',#1188,#1174,#162,.T.);
#1550=EDGE_CURVE('',#1163,#1229,#649,.T.);
#1551=EDGE_CURVE('',#1230,#1229,#650,.T.);
#1552=EDGE_CURVE('',#1155,#1230,#651,.T.);
#1553=EDGE_CURVE('',#1231,#1197,#652,.T.);
#1554=EDGE_CURVE('',#1207,#1231,#653,.T.);
#1555=EDGE_CURVE('',#1112,#1207,#654,.T.);
#1556=EDGE_CURVE('',#1232,#1231,#655,.T.);
#1557=EDGE_CURVE('',#1165,#1232,#163,.T.);
#1558=EDGE_CURVE('',#1147,#1233,#656,.T.);
#1559=EDGE_CURVE('',#1234,#1233,#657,.T.);
#1560=EDGE_CURVE('',#1232,#1234,#658,.T.);
#1561=EDGE_CURVE('',#1235,#1236,#659,.T.);
#1562=EDGE_CURVE('',#1236,#1237,#660,.T.);
#1563=EDGE_CURVE('',#1237,#1238,#661,.T.);
#1564=EDGE_CURVE('',#1238,#1235,#662,.T.);
#1565=EDGE_CURVE('',#1239,#1240,#663,.T.);
#1566=EDGE_CURVE('',#1240,#1236,#164,.T.);
#1567=EDGE_CURVE('',#1235,#1239,#165,.T.);
#1568=EDGE_CURVE('',#1241,#1242,#664,.T.);
#1569=EDGE_CURVE('',#1242,#1240,#665,.T.);
#1570=EDGE_CURVE('',#1239,#1241,#666,.T.);
#1571=EDGE_CURVE('',#1243,#1244,#667,.T.);
#1572=EDGE_CURVE('',#1244,#1242,#166,.T.);
#1573=EDGE_CURVE('',#1241,#1243,#167,.T.);
#1574=EDGE_CURVE('',#1245,#1246,#668,.T.);
#1575=EDGE_CURVE('',#1246,#1244,#669,.T.);
#1576=EDGE_CURVE('',#1243,#1245,#670,.T.);
#1577=EDGE_CURVE('',#1071,#1246,#168,.T.);
#1578=EDGE_CURVE('',#1245,#1072,#169,.T.);
#1579=EDGE_CURVE('',#1237,#1074,#170,.T.);
#1580=EDGE_CURVE('',#1073,#1238,#171,.T.);
#1581=EDGE_CURVE('',#1241,#1247,#671,.T.);
#1582=EDGE_CURVE('',#1248,#1247,#172,.T.);
#1583=EDGE_CURVE('',#1243,#1248,#672,.T.);
#1584=EDGE_CURVE('',#1239,#1249,#673,.T.);
#1585=EDGE_CURVE('',#1247,#1249,#674,.T.);
#1586=EDGE_CURVE('',#1235,#1250,#675,.T.);
#1587=EDGE_CURVE('',#1249,#1250,#173,.T.);
#1588=EDGE_CURVE('',#1238,#1251,#676,.T.);
#1589=EDGE_CURVE('',#1252,#1251,#677,.T.);
#1590=EDGE_CURVE('',#1252,#1253,#678,.T.);
#1591=EDGE_CURVE('',#1253,#1254,#679,.T.);
#1592=EDGE_CURVE('',#1254,#1255,#680,.T.);
#1593=EDGE_CURVE('',#1256,#1255,#681,.T.);
#1594=EDGE_CURVE('',#1256,#1257,#682,.T.);
#1595=EDGE_CURVE('',#1257,#1258,#683,.T.);
#1596=EDGE_CURVE('',#1258,#1259,#684,.T.);
#1597=EDGE_CURVE('',#1260,#1259,#685,.T.);
#1598=EDGE_CURVE('',#1260,#1261,#686,.T.);
#1599=EDGE_CURVE('',#1261,#1262,#687,.T.);
#1600=EDGE_CURVE('',#1262,#1263,#688,.T.);
#1601=EDGE_CURVE('',#1250,#1263,#689,.T.);
#1602=EDGE_CURVE('',#1066,#1059,#690,.T.);
#1603=EDGE_CURVE('',#1081,#1264,#691,.T.);
#1604=EDGE_CURVE('',#1264,#1069,#692,.T.);
#1605=EDGE_CURVE('',#1177,#1080,#693,.T.);
#1606=EDGE_CURVE('',#1265,#1191,#694,.T.);
#1607=EDGE_CURVE('',#1266,#1265,#695,.T.);
#1608=EDGE_CURVE('',#1264,#1266,#696,.T.);
#1609=EDGE_CURVE('',#1085,#1252,#697,.T.);
#1610=EDGE_CURVE('',#1251,#1086,#698,.T.);
#1611=EDGE_CURVE('',#1251,#1076,#174,.T.);
#1612=EDGE_CURVE('',#1255,#1267,#699,.T.);
#1613=EDGE_CURVE('',#1267,#1268,#700,.T.);
#1614=EDGE_CURVE('',#1268,#1256,#701,.T.);
#1615=EDGE_CURVE('',#1254,#1170,#702,.T.);
#1616=EDGE_CURVE('',#1269,#1169,#703,.T.);
#1617=EDGE_CURVE('',#1270,#1269,#704,.T.);
#1618=EDGE_CURVE('',#1267,#1270,#705,.T.);
#1619=EDGE_CURVE('',#1259,#1271,#706,.T.);
#1620=EDGE_CURVE('',#1271,#1272,#707,.T.);
#1621=EDGE_CURVE('',#1272,#1260,#708,.T.);
#1622=EDGE_CURVE('',#1258,#1154,#709,.T.);
#1623=EDGE_CURVE('',#1273,#1230,#710,.T.);
#1624=EDGE_CURVE('',#1274,#1273,#711,.T.);
#1625=EDGE_CURVE('',#1271,#1274,#712,.T.);
#1626=EDGE_CURVE('',#1275,#1078,#713,.T.);
#1627=EDGE_CURVE('',#1077,#1276,#714,.T.);
#1628=EDGE_CURVE('',#1276,#1275,#715,.T.);
#1629=EDGE_CURVE('',#1277,#1278,#716,.T.);
#1630=EDGE_CURVE('',#1278,#1276,#175,.T.);
#1631=EDGE_CURVE('',#1077,#1277,#176,.T.);
#1632=EDGE_CURVE('',#1248,#1279,#717,.T.);
#1633=EDGE_CURVE('',#1279,#1278,#718,.T.);
#1634=EDGE_CURVE('',#1277,#1248,#719,.T.);
#1635=EDGE_CURVE('',#1247,#1280,#720,.T.);
#1636=EDGE_CURVE('',#1280,#1279,#177,.T.);
#1637=EDGE_CURVE('',#1249,#1281,#721,.T.);
#1638=EDGE_CURVE('',#1281,#1280,#722,.T.);
#1639=EDGE_CURVE('',#1250,#1282,#723,.T.);
#1640=EDGE_CURVE('',#1282,#1281,#178,.T.);
#1641=EDGE_CURVE('',#1263,#1283,#724,.T.);
#1642=EDGE_CURVE('',#1283,#1282,#725,.T.);
#1643=EDGE_CURVE('',#1262,#1161,#726,.F.);
#1644=EDGE_CURVE('',#1284,#1167,#727,.T.);
#1645=EDGE_CURVE('',#1285,#1284,#728,.T.);
#1646=EDGE_CURVE('',#1283,#1285,#729,.T.);
#1647=EDGE_CURVE('',#1277,#1245,#730,.T.);
#1648=EDGE_CURVE('',#1190,#1286,#731,.T.);
#1649=EDGE_CURVE('',#1286,#1265,#732,.T.);
#1650=EDGE_CURVE('',#1287,#1288,#733,.T.);
#1651=EDGE_CURVE('',#1287,#1289,#734,.T.);
#1652=EDGE_CURVE('',#1290,#1289,#735,.T.);
#1653=EDGE_CURVE('',#1288,#1290,#736,.T.);
#1654=EDGE_CURVE('',#1288,#1291,#179,.T.);
#1655=EDGE_CURVE('',#1292,#1290,#180,.T.);
#1656=EDGE_CURVE('',#1291,#1292,#737,.T.);
#1657=EDGE_CURVE('',#1291,#1293,#738,.T.);
#1658=EDGE_CURVE('',#1294,#1292,#739,.T.);
#1659=EDGE_CURVE('',#1293,#1294,#740,.T.);
#1660=EDGE_CURVE('',#1285,#1295,#741,.T.);
#1661=EDGE_CURVE('',#1296,#1284,#742,.T.);
#1662=EDGE_CURVE('',#1295,#1296,#743,.T.);
#1663=EDGE_CURVE('',#1295,#1297,#181,.T.);
#1664=EDGE_CURVE('',#1298,#1296,#182,.T.);
#1665=EDGE_CURVE('',#1297,#1298,#744,.T.);
#1666=EDGE_CURVE('',#1297,#1299,#745,.T.);
#1667=EDGE_CURVE('',#1300,#1298,#746,.T.);
#1668=EDGE_CURVE('',#1299,#1300,#747,.T.);
#1669=EDGE_CURVE('',#1299,#1287,#183,.T.);
#1670=EDGE_CURVE('',#1289,#1300,#184,.T.);
#1671=EDGE_CURVE('',#1166,#1234,#185,.T.);
#1672=EDGE_CURVE('',#1233,#1301,#186,.T.);
#1673=EDGE_CURVE('',#1301,#1302,#748,.T.);
#1674=EDGE_CURVE('',#1302,#1184,#187,.T.);
#1675=EDGE_CURVE('',#1183,#1294,#749,.T.);
#1676=EDGE_CURVE('',#1293,#1275,#750,.T.);
#1677=EDGE_CURVE('',#1303,#1087,#751,.T.);
#1678=EDGE_CURVE('',#1082,#1303,#752,.T.);
#1679=EDGE_CURVE('',#1266,#1070,#753,.T.);
#1680=EDGE_CURVE('',#1091,#1286,#754,.T.);
#1681=EDGE_CURVE('',#1304,#1303,#188,.T.);
#1682=EDGE_CURVE('',#1083,#1304,#755,.T.);
#1683=EDGE_CURVE('',#1305,#1304,#756,.T.);
#1684=EDGE_CURVE('',#1084,#1305,#757,.T.);
#1685=EDGE_CURVE('',#1189,#1173,#189,.T.);
#1686=EDGE_CURVE('',#1172,#1305,#758,.T.);
#1687=EDGE_CURVE('',#1274,#1306,#759,.T.);
#1688=EDGE_CURVE('',#1307,#1273,#760,.T.);
#1689=EDGE_CURVE('',#1306,#1307,#761,.T.);
#1690=EDGE_CURVE('',#1229,#1307,#762,.T.);
#1691=EDGE_CURVE('',#1270,#1308,#763,.T.);
#1692=EDGE_CURVE('',#1309,#1269,#764,.T.);
#1693=EDGE_CURVE('',#1308,#1309,#765,.T.);
#1694=EDGE_CURVE('',#1168,#1309,#766,.T.);
#1695=EDGE_CURVE('',#1228,#1302,#767,.T.);
#1696=EDGE_CURVE('',#1146,#1301,#768,.T.);
#1697=EDGE_CURVE('',#1162,#1261,#769,.T.);
#1698=EDGE_CURVE('',#1156,#1257,#770,.T.);
#1699=EDGE_CURVE('',#1253,#1171,#771,.T.);
#1700=EDGE_CURVE('',#1179,#1079,#772,.T.);
#1701=EDGE_CURVE('',#1306,#1272,#773,.T.);
#1702=EDGE_CURVE('',#1308,#1268,#774,.T.);
#1703=ORIENTED_EDGE('',*,*,#1310,.F.);
#1704=ORIENTED_EDGE('',*,*,#1311,.T.);
#1705=ORIENTED_EDGE('',*,*,#1312,.F.);
#1706=ORIENTED_EDGE('',*,*,#1313,.F.);
#1707=ORIENTED_EDGE('',*,*,#1314,.F.);
#1708=ORIENTED_EDGE('',*,*,#1315,.F.);
#1709=ORIENTED_EDGE('',*,*,#1316,.F.);
#1710=ORIENTED_EDGE('',*,*,#1317,.F.);
#1711=ORIENTED_EDGE('',*,*,#1318,.F.);
#1712=ORIENTED_EDGE('',*,*,#1319,.F.);
#1713=ORIENTED_EDGE('',*,*,#1320,.F.);
#1714=ORIENTED_EDGE('',*,*,#1321,.T.);
#1715=ORIENTED_EDGE('',*,*,#1317,.T.);
#1716=ORIENTED_EDGE('',*,*,#1322,.T.);
#1717=ORIENTED_EDGE('',*,*,#1323,.F.);
#1718=ORIENTED_EDGE('',*,*,#1324,.T.);
#1719=ORIENTED_EDGE('',*,*,#1315,.T.);
#1720=ORIENTED_EDGE('',*,*,#1325,.T.);
#1721=ORIENTED_EDGE('',*,*,#1326,.T.);
#1722=ORIENTED_EDGE('',*,*,#1327,.T.);
#1723=ORIENTED_EDGE('',*,*,#1313,.T.);
#1724=ORIENTED_EDGE('',*,*,#1328,.T.);
#1725=ORIENTED_EDGE('',*,*,#1329,.F.);
#1726=ORIENTED_EDGE('',*,*,#1330,.T.);
#1727=ORIENTED_EDGE('',*,*,#1318,.T.);
#1728=ORIENTED_EDGE('',*,*,#1324,.F.);
#1729=ORIENTED_EDGE('',*,*,#1331,.F.);
#1730=ORIENTED_EDGE('',*,*,#1332,.F.);
#1731=ORIENTED_EDGE('',*,*,#1333,.T.);
#1732=ORIENTED_EDGE('',*,*,#1334,.T.);
#1733=ORIENTED_EDGE('',*,*,#1335,.T.);
#1734=ORIENTED_EDGE('',*,*,#1336,.F.);
#1735=ORIENTED_EDGE('',*,*,#1314,.T.);
#1736=ORIENTED_EDGE('',*,*,#1330,.F.);
#1737=ORIENTED_EDGE('',*,*,#1337,.F.);
#1738=ORIENTED_EDGE('',*,*,#1325,.F.);
#1739=ORIENTED_EDGE('',*,*,#1312,.T.);
#1740=ORIENTED_EDGE('',*,*,#1338,.T.);
#1741=ORIENTED_EDGE('',*,*,#1339,.T.);
#1742=ORIENTED_EDGE('',*,*,#1340,.T.);
#1743=ORIENTED_EDGE('',*,*,#1341,.T.);
#1744=ORIENTED_EDGE('',*,*,#1342,.F.);
#1745=ORIENTED_EDGE('',*,*,#1343,.F.);
#1746=ORIENTED_EDGE('',*,*,#1328,.F.);
#1747=ORIENTED_EDGE('',*,*,#1344,.T.);
#1748=ORIENTED_EDGE('',*,*,#1345,.T.);
#1749=ORIENTED_EDGE('',*,*,#1346,.T.);
#1750=ORIENTED_EDGE('',*,*,#1347,.F.);
#1751=ORIENTED_EDGE('',*,*,#1348,.T.);
#1752=ORIENTED_EDGE('',*,*,#1349,.T.);
#1753=ORIENTED_EDGE('',*,*,#1350,.F.);
#1754=ORIENTED_EDGE('',*,*,#1345,.F.);
#1755=ORIENTED_EDGE('',*,*,#1351,.T.);
#1756=ORIENTED_EDGE('',*,*,#1352,.T.);
#1757=ORIENTED_EDGE('',*,*,#1353,.T.);
#1758=ORIENTED_EDGE('',*,*,#1354,.T.);
#1759=ORIENTED_EDGE('',*,*,#1351,.F.);
#1760=ORIENTED_EDGE('',*,*,#1355,.T.);
#1761=ORIENTED_EDGE('',*,*,#1356,.T.);
#1762=ORIENTED_EDGE('',*,*,#1357,.T.);
#1763=ORIENTED_EDGE('',*,*,#1358,.T.);
#1764=ORIENTED_EDGE('',*,*,#1359,.T.);
#1765=ORIENTED_EDGE('',*,*,#1360,.T.);
#1766=ORIENTED_EDGE('',*,*,#1361,.T.);
#1767=ORIENTED_EDGE('',*,*,#1362,.T.);
#1768=ORIENTED_EDGE('',*,*,#1363,.T.);
#1769=ORIENTED_EDGE('',*,*,#1364,.T.);
#1770=ORIENTED_EDGE('',*,*,#1365,.T.);
#1771=ORIENTED_EDGE('',*,*,#1366,.T.);
#1772=ORIENTED_EDGE('',*,*,#1367,.T.);
#1773=ORIENTED_EDGE('',*,*,#1368,.T.);
#1774=ORIENTED_EDGE('',*,*,#1369,.F.);
#1775=ORIENTED_EDGE('',*,*,#1370,.T.);
#1776=ORIENTED_EDGE('',*,*,#1371,.T.);
#1777=ORIENTED_EDGE('',*,*,#1372,.T.);
#1778=ORIENTED_EDGE('',*,*,#1373,.F.);
#1779=ORIENTED_EDGE('',*,*,#1374,.T.);
#1780=ORIENTED_EDGE('',*,*,#1375,.T.);
#1781=ORIENTED_EDGE('',*,*,#1376,.T.);
#1782=ORIENTED_EDGE('',*,*,#1377,.F.);
#1783=ORIENTED_EDGE('',*,*,#1378,.T.);
#1784=ORIENTED_EDGE('',*,*,#1379,.T.);
#1785=ORIENTED_EDGE('',*,*,#1380,.T.);
#1786=ORIENTED_EDGE('',*,*,#1381,.F.);
#1787=ORIENTED_EDGE('',*,*,#1382,.T.);
#1788=ORIENTED_EDGE('',*,*,#1383,.T.);
#1789=ORIENTED_EDGE('',*,*,#1384,.T.);
#1790=ORIENTED_EDGE('',*,*,#1385,.T.);
#1791=ORIENTED_EDGE('',*,*,#1354,.F.);
#1792=ORIENTED_EDGE('',*,*,#1386,.F.);
#1793=ORIENTED_EDGE('',*,*,#1387,.F.);
#1794=ORIENTED_EDGE('',*,*,#1355,.F.);
#1795=ORIENTED_EDGE('',*,*,#1388,.F.);
#1796=ORIENTED_EDGE('',*,*,#1389,.T.);
#1797=ORIENTED_EDGE('',*,*,#1385,.F.);
#1798=ORIENTED_EDGE('',*,*,#1389,.F.);
#1799=ORIENTED_EDGE('',*,*,#1388,.T.);
#1800=ORIENTED_EDGE('',*,*,#1390,.F.);
#1801=ORIENTED_EDGE('',*,*,#1391,.T.);
#1802=ORIENTED_EDGE('',*,*,#1384,.F.);
#1803=ORIENTED_EDGE('',*,*,#1391,.F.);
#1804=ORIENTED_EDGE('',*,*,#1390,.T.);
#1805=ORIENTED_EDGE('',*,*,#1352,.F.);
#1806=ORIENTED_EDGE('',*,*,#1383,.F.);
#1807=ORIENTED_EDGE('',*,*,#1392,.F.);
#1808=ORIENTED_EDGE('',*,*,#1393,.F.);
#1809=ORIENTED_EDGE('',*,*,#1394,.F.);
#1810=ORIENTED_EDGE('',*,*,#1395,.F.);
#1811=ORIENTED_EDGE('',*,*,#1396,.F.);
#1812=ORIENTED_EDGE('',*,*,#1356,.F.);
#1813=ORIENTED_EDGE('',*,*,#1387,.T.);
#1814=ORIENTED_EDGE('',*,*,#1397,.F.);
#1815=ORIENTED_EDGE('',*,*,#1398,.F.);
#1816=ORIENTED_EDGE('',*,*,#1357,.F.);
#1817=ORIENTED_EDGE('',*,*,#1398,.T.);
#1818=ORIENTED_EDGE('',*,*,#1399,.F.);
#1819=ORIENTED_EDGE('',*,*,#1400,.T.);
#1820=ORIENTED_EDGE('',*,*,#1358,.F.);
#1821=ORIENTED_EDGE('',*,*,#1400,.F.);
#1822=ORIENTED_EDGE('',*,*,#1401,.F.);
#1823=ORIENTED_EDGE('',*,*,#1402,.T.);
#1824=ORIENTED_EDGE('',*,*,#1359,.F.);
#1825=ORIENTED_EDGE('',*,*,#1402,.F.);
#1826=ORIENTED_EDGE('',*,*,#1403,.F.);
#1827=ORIENTED_EDGE('',*,*,#1404,.T.);
#1828=ORIENTED_EDGE('',*,*,#1405,.F.);
#1829=ORIENTED_EDGE('',*,*,#1406,.F.);
#1830=ORIENTED_EDGE('',*,*,#1366,.F.);
#1831=ORIENTED_EDGE('',*,*,#1407,.F.);
#1832=ORIENTED_EDGE('',*,*,#1408,.F.);
#1833=ORIENTED_EDGE('',*,*,#1395,.T.);
#1834=ORIENTED_EDGE('',*,*,#1364,.F.);
#1835=ORIENTED_EDGE('',*,*,#1409,.T.);
#1836=ORIENTED_EDGE('',*,*,#1410,.F.);
#1837=ORIENTED_EDGE('',*,*,#1411,.F.);
#1838=ORIENTED_EDGE('',*,*,#1363,.F.);
#1839=ORIENTED_EDGE('',*,*,#1412,.T.);
#1840=ORIENTED_EDGE('',*,*,#1413,.F.);
#1841=ORIENTED_EDGE('',*,*,#1409,.F.);
#1842=ORIENTED_EDGE('',*,*,#1365,.F.);
#1843=ORIENTED_EDGE('',*,*,#1411,.T.);
#1844=ORIENTED_EDGE('',*,*,#1414,.F.);
#1845=ORIENTED_EDGE('',*,*,#1407,.T.);
#1846=ORIENTED_EDGE('',*,*,#1362,.F.);
#1847=ORIENTED_EDGE('',*,*,#1415,.F.);
#1848=ORIENTED_EDGE('',*,*,#1416,.F.);
#1849=ORIENTED_EDGE('',*,*,#1412,.F.);
#1850=ORIENTED_EDGE('',*,*,#1360,.F.);
#1851=ORIENTED_EDGE('',*,*,#1404,.F.);
#1852=ORIENTED_EDGE('',*,*,#1417,.F.);
#1853=ORIENTED_EDGE('',*,*,#1418,.F.);
#1854=ORIENTED_EDGE('',*,*,#1361,.F.);
#1855=ORIENTED_EDGE('',*,*,#1418,.T.);
#1856=ORIENTED_EDGE('',*,*,#1419,.F.);
#1857=ORIENTED_EDGE('',*,*,#1415,.T.);
#1858=ORIENTED_EDGE('',*,*,#1393,.T.);
#1859=ORIENTED_EDGE('',*,*,#1420,.T.);
#1860=ORIENTED_EDGE('',*,*,#1421,.F.);
#1861=ORIENTED_EDGE('',*,*,#1422,.F.);
#1862=ORIENTED_EDGE('',*,*,#1423,.F.);
#1863=ORIENTED_EDGE('',*,*,#1424,.T.);
#1864=ORIENTED_EDGE('',*,*,#1425,.F.);
#1865=ORIENTED_EDGE('',*,*,#1426,.F.);
#1866=ORIENTED_EDGE('',*,*,#1394,.T.);
#1867=ORIENTED_EDGE('',*,*,#1426,.T.);
#1868=ORIENTED_EDGE('',*,*,#1427,.T.);
#1869=ORIENTED_EDGE('',*,*,#1428,.T.);
#1870=ORIENTED_EDGE('',*,*,#1429,.T.);
#1871=ORIENTED_EDGE('',*,*,#1427,.F.);
#1872=ORIENTED_EDGE('',*,*,#1425,.T.);
#1873=ORIENTED_EDGE('',*,*,#1430,.T.);
#1874=ORIENTED_EDGE('',*,*,#1405,.T.);
#1875=ORIENTED_EDGE('',*,*,#1392,.T.);
#1876=ORIENTED_EDGE('',*,*,#1382,.F.);
#1877=ORIENTED_EDGE('',*,*,#1431,.T.);
#1878=ORIENTED_EDGE('',*,*,#1432,.F.);
#1879=ORIENTED_EDGE('',*,*,#1420,.F.);
#1880=ORIENTED_EDGE('',*,*,#1433,.F.);
#1881=ORIENTED_EDGE('',*,*,#1434,.T.);
#1882=ORIENTED_EDGE('',*,*,#1435,.F.);
#1883=ORIENTED_EDGE('',*,*,#1436,.T.);
#1884=ORIENTED_EDGE('',*,*,#1437,.F.);
#1885=ORIENTED_EDGE('',*,*,#1373,.T.);
#1886=ORIENTED_EDGE('',*,*,#1438,.F.);
#1887=ORIENTED_EDGE('',*,*,#1439,.T.);
#1888=ORIENTED_EDGE('',*,*,#1440,.F.);
#1889=ORIENTED_EDGE('',*,*,#1441,.T.);
#1890=ORIENTED_EDGE('',*,*,#1442,.F.);
#1891=ORIENTED_EDGE('',*,*,#1443,.T.);
#1892=ORIENTED_EDGE('',*,*,#1439,.F.);
#1893=ORIENTED_EDGE('',*,*,#1444,.T.);
#1894=ORIENTED_EDGE('',*,*,#1445,.T.);
#1895=ORIENTED_EDGE('',*,*,#1446,.T.);
#1896=ORIENTED_EDGE('',*,*,#1447,.F.);
#1897=ORIENTED_EDGE('',*,*,#1448,.T.);
#1898=ORIENTED_EDGE('',*,*,#1436,.F.);
#1899=ORIENTED_EDGE('',*,*,#1449,.T.);
#1900=ORIENTED_EDGE('',*,*,#1450,.F.);
#1901=ORIENTED_EDGE('',*,*,#1451,.F.);
#1902=ORIENTED_EDGE('',*,*,#1452,.T.);
#1903=ORIENTED_EDGE('',*,*,#1453,.T.);
#1904=ORIENTED_EDGE('',*,*,#1454,.F.);
#1905=ORIENTED_EDGE('',*,*,#1455,.F.);
#1906=ORIENTED_EDGE('',*,*,#1456,.T.);
#1907=ORIENTED_EDGE('',*,*,#1457,.T.);
#1908=ORIENTED_EDGE('',*,*,#1438,.T.);
#1909=ORIENTED_EDGE('',*,*,#1372,.F.);
#1910=ORIENTED_EDGE('',*,*,#1458,.T.);
#1911=ORIENTED_EDGE('',*,*,#1459,.F.);
#1912=ORIENTED_EDGE('',*,*,#1444,.F.);
#1913=ORIENTED_EDGE('',*,*,#1460,.F.);
#1914=ORIENTED_EDGE('',*,*,#1461,.F.);
#1915=ORIENTED_EDGE('',*,*,#1462,.F.);
#1916=ORIENTED_EDGE('',*,*,#1463,.T.);
#1917=ORIENTED_EDGE('',*,*,#1464,.F.);
#1918=ORIENTED_EDGE('',*,*,#1377,.T.);
#1919=ORIENTED_EDGE('',*,*,#1465,.F.);
#1920=ORIENTED_EDGE('',*,*,#1466,.T.);
#1921=ORIENTED_EDGE('',*,*,#1463,.F.);
#1922=ORIENTED_EDGE('',*,*,#1467,.T.);
#1923=ORIENTED_EDGE('',*,*,#1468,.F.);
#1924=ORIENTED_EDGE('',*,*,#1469,.F.);
#1925=ORIENTED_EDGE('',*,*,#1470,.T.);
#1926=ORIENTED_EDGE('',*,*,#1471,.T.);
#1927=ORIENTED_EDGE('',*,*,#1466,.F.);
#1928=ORIENTED_EDGE('',*,*,#1472,.T.);
#1929=ORIENTED_EDGE('',*,*,#1473,.T.);
#1930=ORIENTED_EDGE('',*,*,#1474,.F.);
#1931=ORIENTED_EDGE('',*,*,#1475,.F.);
#1932=ORIENTED_EDGE('',*,*,#1346,.F.);
#1933=ORIENTED_EDGE('',*,*,#1350,.T.);
#1934=ORIENTED_EDGE('',*,*,#1476,.T.);
#1935=ORIENTED_EDGE('',*,*,#1477,.F.);
#1936=ORIENTED_EDGE('',*,*,#1478,.F.);
#1937=ORIENTED_EDGE('',*,*,#1465,.T.);
#1938=ORIENTED_EDGE('',*,*,#1376,.F.);
#1939=ORIENTED_EDGE('',*,*,#1479,.T.);
#1940=ORIENTED_EDGE('',*,*,#1480,.F.);
#1941=ORIENTED_EDGE('',*,*,#1472,.F.);
#1942=ORIENTED_EDGE('',*,*,#1481,.F.);
#1943=ORIENTED_EDGE('',*,*,#1482,.T.);
#1944=ORIENTED_EDGE('',*,*,#1431,.F.);
#1945=ORIENTED_EDGE('',*,*,#1381,.T.);
#1946=ORIENTED_EDGE('',*,*,#1481,.T.);
#1947=ORIENTED_EDGE('',*,*,#1380,.F.);
#1948=ORIENTED_EDGE('',*,*,#1483,.T.);
#1949=ORIENTED_EDGE('',*,*,#1484,.F.);
#1950=ORIENTED_EDGE('',*,*,#1485,.F.);
#1951=ORIENTED_EDGE('',*,*,#1486,.F.);
#1952=ORIENTED_EDGE('',*,*,#1487,.T.);
#1953=ORIENTED_EDGE('',*,*,#1488,.F.);
#1954=ORIENTED_EDGE('',*,*,#1369,.T.);
#1955=ORIENTED_EDGE('',*,*,#1486,.T.);
#1956=ORIENTED_EDGE('',*,*,#1368,.F.);
#1957=ORIENTED_EDGE('',*,*,#1489,.T.);
#1958=ORIENTED_EDGE('',*,*,#1424,.F.);
#1959=ORIENTED_EDGE('',*,*,#1490,.F.);
#1960=ORIENTED_EDGE('',*,*,#1491,.T.);
#1961=ORIENTED_EDGE('',*,*,#1492,.T.);
#1962=ORIENTED_EDGE('',*,*,#1493,.T.);
#1963=ORIENTED_EDGE('',*,*,#1494,.T.);
#1964=ORIENTED_EDGE('',*,*,#1495,.T.);
#1965=ORIENTED_EDGE('',*,*,#1493,.F.);
#1966=ORIENTED_EDGE('',*,*,#1496,.F.);
#1967=ORIENTED_EDGE('',*,*,#1497,.T.);
#1968=ORIENTED_EDGE('',*,*,#1494,.F.);
#1969=ORIENTED_EDGE('',*,*,#1495,.F.);
#1970=ORIENTED_EDGE('',*,*,#1497,.F.);
#1971=ORIENTED_EDGE('',*,*,#1498,.T.);
#1972=ORIENTED_EDGE('',*,*,#1499,.T.);
#1973=ORIENTED_EDGE('',*,*,#1500,.T.);
#1974=ORIENTED_EDGE('',*,*,#1501,.T.);
#1975=ORIENTED_EDGE('',*,*,#1499,.F.);
#1976=ORIENTED_EDGE('',*,*,#1502,.T.);
#1977=ORIENTED_EDGE('',*,*,#1503,.F.);
#1978=ORIENTED_EDGE('',*,*,#1504,.T.);
#1979=ORIENTED_EDGE('',*,*,#1500,.F.);
#1980=ORIENTED_EDGE('',*,*,#1501,.F.);
#1981=ORIENTED_EDGE('',*,*,#1504,.F.);
#1982=ORIENTED_EDGE('',*,*,#1505,.F.);
#1983=ORIENTED_EDGE('',*,*,#1506,.T.);
#1984=ORIENTED_EDGE('',*,*,#1428,.F.);
#1985=ORIENTED_EDGE('',*,*,#1429,.F.);
#1986=ORIENTED_EDGE('',*,*,#1506,.F.);
#1987=ORIENTED_EDGE('',*,*,#1507,.T.);
#1988=ORIENTED_EDGE('',*,*,#1508,.T.);
#1989=ORIENTED_EDGE('',*,*,#1509,.T.);
#1990=ORIENTED_EDGE('',*,*,#1510,.T.);
#1991=ORIENTED_EDGE('',*,*,#1511,.T.);
#1992=ORIENTED_EDGE('',*,*,#1509,.F.);
#1993=ORIENTED_EDGE('',*,*,#1512,.T.);
#1994=ORIENTED_EDGE('',*,*,#1513,.F.);
#1995=ORIENTED_EDGE('',*,*,#1514,.T.);
#1996=ORIENTED_EDGE('',*,*,#1510,.F.);
#1997=ORIENTED_EDGE('',*,*,#1511,.F.);
#1998=ORIENTED_EDGE('',*,*,#1514,.F.);
#1999=ORIENTED_EDGE('',*,*,#1515,.F.);
#2000=ORIENTED_EDGE('',*,*,#1516,.T.);
#2001=ORIENTED_EDGE('',*,*,#1517,.T.);
#2002=ORIENTED_EDGE('',*,*,#1516,.F.);
#2003=ORIENTED_EDGE('',*,*,#1517,.F.);
#2004=ORIENTED_EDGE('',*,*,#1518,.T.);
#2005=ORIENTED_EDGE('',*,*,#1519,.F.);
#2006=ORIENTED_EDGE('',*,*,#1518,.F.);
#2007=ORIENTED_EDGE('',*,*,#1520,.F.);
#2008=ORIENTED_EDGE('',*,*,#1521,.T.);
#2009=ORIENTED_EDGE('',*,*,#1522,.T.);
#2010=ORIENTED_EDGE('',*,*,#1521,.F.);
#2011=ORIENTED_EDGE('',*,*,#1522,.F.);
#2012=ORIENTED_EDGE('',*,*,#1523,.T.);
#2013=ORIENTED_EDGE('',*,*,#1524,.F.);
#2014=ORIENTED_EDGE('',*,*,#1523,.F.);
#2015=ORIENTED_EDGE('',*,*,#1525,.F.);
#2016=ORIENTED_EDGE('',*,*,#1526,.T.);
#2017=ORIENTED_EDGE('',*,*,#1527,.T.);
#2018=ORIENTED_EDGE('',*,*,#1526,.F.);
#2019=ORIENTED_EDGE('',*,*,#1527,.F.);
#2020=ORIENTED_EDGE('',*,*,#1528,.T.);
#2021=ORIENTED_EDGE('',*,*,#1529,.F.);
#2022=ORIENTED_EDGE('',*,*,#1528,.F.);
#2023=ORIENTED_EDGE('',*,*,#1530,.F.);
#2024=ORIENTED_EDGE('',*,*,#1531,.T.);
#2025=ORIENTED_EDGE('',*,*,#1532,.T.);
#2026=ORIENTED_EDGE('',*,*,#1531,.F.);
#2027=ORIENTED_EDGE('',*,*,#1532,.F.);
#2028=ORIENTED_EDGE('',*,*,#1533,.T.);
#2029=ORIENTED_EDGE('',*,*,#1534,.F.);
#2030=ORIENTED_EDGE('',*,*,#1533,.F.);
#2031=ORIENTED_EDGE('',*,*,#1535,.F.);
#2032=ORIENTED_EDGE('',*,*,#1536,.T.);
#2033=ORIENTED_EDGE('',*,*,#1520,.T.);
#2034=ORIENTED_EDGE('',*,*,#1536,.F.);
#2035=ORIENTED_EDGE('',*,*,#1537,.F.);
#2036=ORIENTED_EDGE('',*,*,#1538,.T.);
#2037=ORIENTED_EDGE('',*,*,#1530,.T.);
#2038=ORIENTED_EDGE('',*,*,#1538,.F.);
#2039=ORIENTED_EDGE('',*,*,#1539,.F.);
#2040=ORIENTED_EDGE('',*,*,#1540,.T.);
#2041=ORIENTED_EDGE('',*,*,#1525,.T.);
#2042=ORIENTED_EDGE('',*,*,#1540,.F.);
#2043=ORIENTED_EDGE('',*,*,#1541,.F.);
#2044=ORIENTED_EDGE('',*,*,#1542,.T.);
#2045=ORIENTED_EDGE('',*,*,#1515,.T.);
#2046=ORIENTED_EDGE('',*,*,#1542,.F.);
#2047=ORIENTED_EDGE('',*,*,#1464,.T.);
#2048=ORIENTED_EDGE('',*,*,#1471,.F.);
#2049=ORIENTED_EDGE('',*,*,#1543,.F.);
#2050=ORIENTED_EDGE('',*,*,#1544,.F.);
#2051=ORIENTED_EDGE('',*,*,#1378,.F.);
#2052=ORIENTED_EDGE('',*,*,#1379,.F.);
#2053=ORIENTED_EDGE('',*,*,#1544,.T.);
#2054=ORIENTED_EDGE('',*,*,#1502,.F.);
#2055=ORIENTED_EDGE('',*,*,#1483,.F.);
#2056=ORIENTED_EDGE('',*,*,#1498,.F.);
#2057=ORIENTED_EDGE('',*,*,#1543,.T.);
#2058=ORIENTED_EDGE('',*,*,#1470,.F.);
#2059=ORIENTED_EDGE('',*,*,#1545,.F.);
#2060=ORIENTED_EDGE('',*,*,#1546,.F.);
#2061=ORIENTED_EDGE('',*,*,#1484,.T.);
#2062=ORIENTED_EDGE('',*,*,#1437,.T.);
#2063=ORIENTED_EDGE('',*,*,#1457,.F.);
#2064=ORIENTED_EDGE('',*,*,#1547,.F.);
#2065=ORIENTED_EDGE('',*,*,#1548,.F.);
#2066=ORIENTED_EDGE('',*,*,#1374,.F.);
#2067=ORIENTED_EDGE('',*,*,#1375,.F.);
#2068=ORIENTED_EDGE('',*,*,#1548,.T.);
#2069=ORIENTED_EDGE('',*,*,#1492,.F.);
#2070=ORIENTED_EDGE('',*,*,#1479,.F.);
#2071=ORIENTED_EDGE('',*,*,#1491,.F.);
#2072=ORIENTED_EDGE('',*,*,#1547,.T.);
#2073=ORIENTED_EDGE('',*,*,#1456,.F.);
#2074=ORIENTED_EDGE('',*,*,#1549,.F.);
#2075=ORIENTED_EDGE('',*,*,#1473,.F.);
#2076=ORIENTED_EDGE('',*,*,#1480,.T.);
#2077=ORIENTED_EDGE('',*,*,#1443,.F.);
#2078=ORIENTED_EDGE('',*,*,#1550,.T.);
#2079=ORIENTED_EDGE('',*,*,#1551,.F.);
#2080=ORIENTED_EDGE('',*,*,#1552,.F.);
#2081=ORIENTED_EDGE('',*,*,#1406,.T.);
#2082=ORIENTED_EDGE('',*,*,#1430,.F.);
#2083=ORIENTED_EDGE('',*,*,#1489,.F.);
#2084=ORIENTED_EDGE('',*,*,#1367,.F.);
#2085=ORIENTED_EDGE('',*,*,#1488,.T.);
#2086=ORIENTED_EDGE('',*,*,#1553,.F.);
#2087=ORIENTED_EDGE('',*,*,#1554,.F.);
#2088=ORIENTED_EDGE('',*,*,#1555,.F.);
#2089=ORIENTED_EDGE('',*,*,#1370,.F.);
#2090=ORIENTED_EDGE('',*,*,#1371,.F.);
#2091=ORIENTED_EDGE('',*,*,#1555,.T.);
#2092=ORIENTED_EDGE('',*,*,#1507,.F.);
#2093=ORIENTED_EDGE('',*,*,#1458,.F.);
#2094=ORIENTED_EDGE('',*,*,#1508,.F.);
#2095=ORIENTED_EDGE('',*,*,#1554,.T.);
#2096=ORIENTED_EDGE('',*,*,#1556,.F.);
#2097=ORIENTED_EDGE('',*,*,#1557,.F.);
#2098=ORIENTED_EDGE('',*,*,#1445,.F.);
#2099=ORIENTED_EDGE('',*,*,#1459,.T.);
#2100=ORIENTED_EDGE('',*,*,#1512,.F.);
#2101=ORIENTED_EDGE('',*,*,#1487,.F.);
#2102=ORIENTED_EDGE('',*,*,#1490,.T.);
#2103=ORIENTED_EDGE('',*,*,#1423,.T.);
#2104=ORIENTED_EDGE('',*,*,#1558,.T.);
#2105=ORIENTED_EDGE('',*,*,#1559,.F.);
#2106=ORIENTED_EDGE('',*,*,#1560,.F.);
#2107=ORIENTED_EDGE('',*,*,#1556,.T.);
#2108=ORIENTED_EDGE('',*,*,#1553,.T.);
#2109=ORIENTED_EDGE('',*,*,#1496,.T.);
#2110=ORIENTED_EDGE('',*,*,#1534,.T.);
#2111=ORIENTED_EDGE('',*,*,#1513,.T.);
#2112=ORIENTED_EDGE('',*,*,#1519,.T.);
#2113=ORIENTED_EDGE('',*,*,#1503,.T.);
#2114=ORIENTED_EDGE('',*,*,#1529,.T.);
#2115=ORIENTED_EDGE('',*,*,#1505,.T.);
#2116=ORIENTED_EDGE('',*,*,#1524,.T.);
#2117=ORIENTED_EDGE('',*,*,#1561,.T.);
#2118=ORIENTED_EDGE('',*,*,#1562,.T.);
#2119=ORIENTED_EDGE('',*,*,#1563,.T.);
#2120=ORIENTED_EDGE('',*,*,#1564,.T.);
#2121=ORIENTED_EDGE('',*,*,#1565,.T.);
#2122=ORIENTED_EDGE('',*,*,#1566,.T.);
#2123=ORIENTED_EDGE('',*,*,#1561,.F.);
#2124=ORIENTED_EDGE('',*,*,#1567,.T.);
#2125=ORIENTED_EDGE('',*,*,#1568,.T.);
#2126=ORIENTED_EDGE('',*,*,#1569,.T.);
#2127=ORIENTED_EDGE('',*,*,#1565,.F.);
#2128=ORIENTED_EDGE('',*,*,#1570,.T.);
#2129=ORIENTED_EDGE('',*,*,#1571,.T.);
#2130=ORIENTED_EDGE('',*,*,#1572,.T.);
#2131=ORIENTED_EDGE('',*,*,#1568,.F.);
#2132=ORIENTED_EDGE('',*,*,#1573,.T.);
#2133=ORIENTED_EDGE('',*,*,#1574,.T.);
#2134=ORIENTED_EDGE('',*,*,#1575,.T.);
#2135=ORIENTED_EDGE('',*,*,#1571,.F.);
#2136=ORIENTED_EDGE('',*,*,#1576,.T.);
#2137=ORIENTED_EDGE('',*,*,#1323,.T.);
#2138=ORIENTED_EDGE('',*,*,#1577,.T.);
#2139=ORIENTED_EDGE('',*,*,#1574,.F.);
#2140=ORIENTED_EDGE('',*,*,#1578,.T.);
#2141=ORIENTED_EDGE('',*,*,#1563,.F.);
#2142=ORIENTED_EDGE('',*,*,#1579,.T.);
#2143=ORIENTED_EDGE('',*,*,#1326,.F.);
#2144=ORIENTED_EDGE('',*,*,#1580,.T.);
#2145=ORIENTED_EDGE('',*,*,#1573,.F.);
#2146=ORIENTED_EDGE('',*,*,#1581,.T.);
#2147=ORIENTED_EDGE('',*,*,#1582,.F.);
#2148=ORIENTED_EDGE('',*,*,#1583,.F.);
#2149=ORIENTED_EDGE('',*,*,#1570,.F.);
#2150=ORIENTED_EDGE('',*,*,#1584,.T.);
#2151=ORIENTED_EDGE('',*,*,#1585,.F.);
#2152=ORIENTED_EDGE('',*,*,#1581,.F.);
#2153=ORIENTED_EDGE('',*,*,#1567,.F.);
#2154=ORIENTED_EDGE('',*,*,#1586,.T.);
#2155=ORIENTED_EDGE('',*,*,#1587,.F.);
#2156=ORIENTED_EDGE('',*,*,#1584,.F.);
#2157=ORIENTED_EDGE('',*,*,#1564,.F.);
#2158=ORIENTED_EDGE('',*,*,#1588,.T.);
#2159=ORIENTED_EDGE('',*,*,#1589,.F.);
#2160=ORIENTED_EDGE('',*,*,#1590,.T.);
#2161=ORIENTED_EDGE('',*,*,#1591,.T.);
#2162=ORIENTED_EDGE('',*,*,#1592,.T.);
#2163=ORIENTED_EDGE('',*,*,#1593,.F.);
#2164=ORIENTED_EDGE('',*,*,#1594,.T.);
#2165=ORIENTED_EDGE('',*,*,#1595,.T.);
#2166=ORIENTED_EDGE('',*,*,#1596,.T.);
#2167=ORIENTED_EDGE('',*,*,#1597,.F.);
#2168=ORIENTED_EDGE('',*,*,#1598,.T.);
#2169=ORIENTED_EDGE('',*,*,#1599,.T.);
#2170=ORIENTED_EDGE('',*,*,#1600,.T.);
#2171=ORIENTED_EDGE('',*,*,#1601,.F.);
#2172=ORIENTED_EDGE('',*,*,#1586,.F.);
#2173=ORIENTED_EDGE('',*,*,#1310,.T.);
#2174=ORIENTED_EDGE('',*,*,#1327,.F.);
#2175=ORIENTED_EDGE('',*,*,#1579,.F.);
#2176=ORIENTED_EDGE('',*,*,#1562,.F.);
#2177=ORIENTED_EDGE('',*,*,#1566,.F.);
#2178=ORIENTED_EDGE('',*,*,#1569,.F.);
#2179=ORIENTED_EDGE('',*,*,#1572,.F.);
#2180=ORIENTED_EDGE('',*,*,#1575,.F.);
#2181=ORIENTED_EDGE('',*,*,#1577,.F.);
#2182=ORIENTED_EDGE('',*,*,#1322,.F.);
#2183=ORIENTED_EDGE('',*,*,#1316,.T.);
#2184=ORIENTED_EDGE('',*,*,#1602,.T.);
#2185=ORIENTED_EDGE('',*,*,#1353,.F.);
#2186=ORIENTED_EDGE('',*,*,#1396,.T.);
#2187=ORIENTED_EDGE('',*,*,#1408,.T.);
#2188=ORIENTED_EDGE('',*,*,#1414,.T.);
#2189=ORIENTED_EDGE('',*,*,#1410,.T.);
#2190=ORIENTED_EDGE('',*,*,#1413,.T.);
#2191=ORIENTED_EDGE('',*,*,#1416,.T.);
#2192=ORIENTED_EDGE('',*,*,#1419,.T.);
#2193=ORIENTED_EDGE('',*,*,#1417,.T.);
#2194=ORIENTED_EDGE('',*,*,#1403,.T.);
#2195=ORIENTED_EDGE('',*,*,#1401,.T.);
#2196=ORIENTED_EDGE('',*,*,#1399,.T.);
#2197=ORIENTED_EDGE('',*,*,#1397,.T.);
#2198=ORIENTED_EDGE('',*,*,#1386,.T.);
#2199=ORIENTED_EDGE('',*,*,#1535,.T.);
#2200=ORIENTED_EDGE('',*,*,#1537,.T.);
#2201=ORIENTED_EDGE('',*,*,#1539,.T.);
#2202=ORIENTED_EDGE('',*,*,#1541,.T.);
#2203=ORIENTED_EDGE('',*,*,#1319,.T.);
#2204=ORIENTED_EDGE('',*,*,#1336,.T.);
#2205=ORIENTED_EDGE('',*,*,#1603,.T.);
#2206=ORIENTED_EDGE('',*,*,#1604,.T.);
#2207=ORIENTED_EDGE('',*,*,#1603,.F.);
#2208=ORIENTED_EDGE('',*,*,#1335,.F.);
#2209=ORIENTED_EDGE('',*,*,#1605,.F.);
#2210=ORIENTED_EDGE('',*,*,#1460,.T.);
#2211=ORIENTED_EDGE('',*,*,#1478,.T.);
#2212=ORIENTED_EDGE('',*,*,#1606,.F.);
#2213=ORIENTED_EDGE('',*,*,#1607,.F.);
#2214=ORIENTED_EDGE('',*,*,#1608,.F.);
#2215=ORIENTED_EDGE('',*,*,#1609,.T.);
#2216=ORIENTED_EDGE('',*,*,#1589,.T.);
#2217=ORIENTED_EDGE('',*,*,#1610,.T.);
#2218=ORIENTED_EDGE('',*,*,#1342,.T.);
#2219=ORIENTED_EDGE('',*,*,#1329,.T.);
#2220=ORIENTED_EDGE('',*,*,#1343,.T.);
#2221=ORIENTED_EDGE('',*,*,#1610,.F.);
#2222=ORIENTED_EDGE('',*,*,#1611,.T.);
#2223=ORIENTED_EDGE('',*,*,#1580,.F.);
#2224=ORIENTED_EDGE('',*,*,#1337,.T.);
#2225=ORIENTED_EDGE('',*,*,#1611,.F.);
#2226=ORIENTED_EDGE('',*,*,#1588,.F.);
#2227=ORIENTED_EDGE('',*,*,#1612,.T.);
#2228=ORIENTED_EDGE('',*,*,#1613,.T.);
#2229=ORIENTED_EDGE('',*,*,#1614,.T.);
#2230=ORIENTED_EDGE('',*,*,#1593,.T.);
#2231=ORIENTED_EDGE('',*,*,#1612,.F.);
#2232=ORIENTED_EDGE('',*,*,#1592,.F.);
#2233=ORIENTED_EDGE('',*,*,#1615,.T.);
#2234=ORIENTED_EDGE('',*,*,#1451,.T.);
#2235=ORIENTED_EDGE('',*,*,#1616,.F.);
#2236=ORIENTED_EDGE('',*,*,#1617,.F.);
#2237=ORIENTED_EDGE('',*,*,#1618,.F.);
#2238=ORIENTED_EDGE('',*,*,#1619,.T.);
#2239=ORIENTED_EDGE('',*,*,#1620,.T.);
#2240=ORIENTED_EDGE('',*,*,#1621,.T.);
#2241=ORIENTED_EDGE('',*,*,#1597,.T.);
#2242=ORIENTED_EDGE('',*,*,#1619,.F.);
#2243=ORIENTED_EDGE('',*,*,#1596,.F.);
#2244=ORIENTED_EDGE('',*,*,#1622,.T.);
#2245=ORIENTED_EDGE('',*,*,#1433,.T.);
#2246=ORIENTED_EDGE('',*,*,#1552,.T.);
#2247=ORIENTED_EDGE('',*,*,#1623,.F.);
#2248=ORIENTED_EDGE('',*,*,#1624,.F.);
#2249=ORIENTED_EDGE('',*,*,#1625,.F.);
#2250=ORIENTED_EDGE('',*,*,#1626,.T.);
#2251=ORIENTED_EDGE('',*,*,#1332,.T.);
#2252=ORIENTED_EDGE('',*,*,#1627,.T.);
#2253=ORIENTED_EDGE('',*,*,#1628,.T.);
#2254=ORIENTED_EDGE('',*,*,#1629,.T.);
#2255=ORIENTED_EDGE('',*,*,#1630,.T.);
#2256=ORIENTED_EDGE('',*,*,#1627,.F.);
#2257=ORIENTED_EDGE('',*,*,#1631,.T.);
#2258=ORIENTED_EDGE('',*,*,#1632,.T.);
#2259=ORIENTED_EDGE('',*,*,#1633,.T.);
#2260=ORIENTED_EDGE('',*,*,#1629,.F.);
#2261=ORIENTED_EDGE('',*,*,#1634,.T.);
#2262=ORIENTED_EDGE('',*,*,#1635,.T.);
#2263=ORIENTED_EDGE('',*,*,#1636,.T.);
#2264=ORIENTED_EDGE('',*,*,#1632,.F.);
#2265=ORIENTED_EDGE('',*,*,#1582,.T.);
#2266=ORIENTED_EDGE('',*,*,#1637,.T.);
#2267=ORIENTED_EDGE('',*,*,#1638,.T.);
#2268=ORIENTED_EDGE('',*,*,#1635,.F.);
#2269=ORIENTED_EDGE('',*,*,#1585,.T.);
#2270=ORIENTED_EDGE('',*,*,#1639,.T.);
#2271=ORIENTED_EDGE('',*,*,#1640,.T.);
#2272=ORIENTED_EDGE('',*,*,#1637,.F.);
#2273=ORIENTED_EDGE('',*,*,#1587,.T.);
#2274=ORIENTED_EDGE('',*,*,#1641,.T.);
#2275=ORIENTED_EDGE('',*,*,#1642,.T.);
#2276=ORIENTED_EDGE('',*,*,#1639,.F.);
#2277=ORIENTED_EDGE('',*,*,#1601,.T.);
#2278=ORIENTED_EDGE('',*,*,#1641,.F.);
#2279=ORIENTED_EDGE('',*,*,#1600,.F.);
#2280=ORIENTED_EDGE('',*,*,#1643,.T.);
#2281=ORIENTED_EDGE('',*,*,#1440,.T.);
#2282=ORIENTED_EDGE('',*,*,#1448,.F.);
#2283=ORIENTED_EDGE('',*,*,#1644,.F.);
#2284=ORIENTED_EDGE('',*,*,#1645,.F.);
#2285=ORIENTED_EDGE('',*,*,#1646,.F.);
#2286=ORIENTED_EDGE('',*,*,#1576,.F.);
#2287=ORIENTED_EDGE('',*,*,#1583,.T.);
#2288=ORIENTED_EDGE('',*,*,#1634,.F.);
#2289=ORIENTED_EDGE('',*,*,#1647,.T.);
#2290=ORIENTED_EDGE('',*,*,#1578,.F.);
#2291=ORIENTED_EDGE('',*,*,#1647,.F.);
#2292=ORIENTED_EDGE('',*,*,#1631,.F.);
#2293=ORIENTED_EDGE('',*,*,#1331,.T.);
#2294=ORIENTED_EDGE('',*,*,#1477,.T.);
#2295=ORIENTED_EDGE('',*,*,#1648,.T.);
#2296=ORIENTED_EDGE('',*,*,#1649,.T.);
#2297=ORIENTED_EDGE('',*,*,#1606,.T.);
#2298=ORIENTED_EDGE('',*,*,#1650,.F.);
#2299=ORIENTED_EDGE('',*,*,#1651,.T.);
#2300=ORIENTED_EDGE('',*,*,#1652,.F.);
#2301=ORIENTED_EDGE('',*,*,#1653,.F.);
#2302=ORIENTED_EDGE('',*,*,#1654,.F.);
#2303=ORIENTED_EDGE('',*,*,#1653,.T.);
#2304=ORIENTED_EDGE('',*,*,#1655,.F.);
#2305=ORIENTED_EDGE('',*,*,#1656,.F.);
#2306=ORIENTED_EDGE('',*,*,#1657,.F.);
#2307=ORIENTED_EDGE('',*,*,#1656,.T.);
#2308=ORIENTED_EDGE('',*,*,#1658,.F.);
#2309=ORIENTED_EDGE('',*,*,#1659,.F.);
#2310=ORIENTED_EDGE('',*,*,#1660,.F.);
#2311=ORIENTED_EDGE('',*,*,#1645,.T.);
#2312=ORIENTED_EDGE('',*,*,#1661,.F.);
#2313=ORIENTED_EDGE('',*,*,#1662,.F.);
#2314=ORIENTED_EDGE('',*,*,#1663,.F.);
#2315=ORIENTED_EDGE('',*,*,#1662,.T.);
#2316=ORIENTED_EDGE('',*,*,#1664,.F.);
#2317=ORIENTED_EDGE('',*,*,#1665,.F.);
#2318=ORIENTED_EDGE('',*,*,#1666,.F.);
#2319=ORIENTED_EDGE('',*,*,#1665,.T.);
#2320=ORIENTED_EDGE('',*,*,#1667,.F.);
#2321=ORIENTED_EDGE('',*,*,#1668,.F.);
#2322=ORIENTED_EDGE('',*,*,#1669,.F.);
#2323=ORIENTED_EDGE('',*,*,#1668,.T.);
#2324=ORIENTED_EDGE('',*,*,#1670,.F.);
#2325=ORIENTED_EDGE('',*,*,#1651,.F.);
#2326=ORIENTED_EDGE('',*,*,#1670,.T.);
#2327=ORIENTED_EDGE('',*,*,#1667,.T.);
#2328=ORIENTED_EDGE('',*,*,#1664,.T.);
#2329=ORIENTED_EDGE('',*,*,#1661,.T.);
#2330=ORIENTED_EDGE('',*,*,#1644,.T.);
#2331=ORIENTED_EDGE('',*,*,#1447,.T.);
#2332=ORIENTED_EDGE('',*,*,#1671,.T.);
#2333=ORIENTED_EDGE('',*,*,#1559,.T.);
#2334=ORIENTED_EDGE('',*,*,#1672,.T.);
#2335=ORIENTED_EDGE('',*,*,#1673,.T.);
#2336=ORIENTED_EDGE('',*,*,#1674,.T.);
#2337=ORIENTED_EDGE('',*,*,#1468,.T.);
#2338=ORIENTED_EDGE('',*,*,#1675,.T.);
#2339=ORIENTED_EDGE('',*,*,#1658,.T.);
#2340=ORIENTED_EDGE('',*,*,#1655,.T.);
#2341=ORIENTED_EDGE('',*,*,#1652,.T.);
#2342=ORIENTED_EDGE('',*,*,#1642,.F.);
#2343=ORIENTED_EDGE('',*,*,#1646,.T.);
#2344=ORIENTED_EDGE('',*,*,#1660,.T.);
#2345=ORIENTED_EDGE('',*,*,#1663,.T.);
#2346=ORIENTED_EDGE('',*,*,#1666,.T.);
#2347=ORIENTED_EDGE('',*,*,#1669,.T.);
#2348=ORIENTED_EDGE('',*,*,#1650,.T.);
#2349=ORIENTED_EDGE('',*,*,#1654,.T.);
#2350=ORIENTED_EDGE('',*,*,#1657,.T.);
#2351=ORIENTED_EDGE('',*,*,#1676,.T.);
#2352=ORIENTED_EDGE('',*,*,#1628,.F.);
#2353=ORIENTED_EDGE('',*,*,#1630,.F.);
#2354=ORIENTED_EDGE('',*,*,#1633,.F.);
#2355=ORIENTED_EDGE('',*,*,#1636,.F.);
#2356=ORIENTED_EDGE('',*,*,#1638,.F.);
#2357=ORIENTED_EDGE('',*,*,#1640,.F.);
#2358=ORIENTED_EDGE('',*,*,#1677,.F.);
#2359=ORIENTED_EDGE('',*,*,#1678,.F.);
#2360=ORIENTED_EDGE('',*,*,#1338,.F.);
#2361=ORIENTED_EDGE('',*,*,#1311,.F.);
#2362=ORIENTED_EDGE('',*,*,#1602,.F.);
#2363=ORIENTED_EDGE('',*,*,#1321,.F.);
#2364=ORIENTED_EDGE('',*,*,#1679,.F.);
#2365=ORIENTED_EDGE('',*,*,#1607,.T.);
#2366=ORIENTED_EDGE('',*,*,#1649,.F.);
#2367=ORIENTED_EDGE('',*,*,#1680,.F.);
#2368=ORIENTED_EDGE('',*,*,#1348,.F.);
#2369=ORIENTED_EDGE('',*,*,#1344,.F.);
#2370=ORIENTED_EDGE('',*,*,#1339,.F.);
#2371=ORIENTED_EDGE('',*,*,#1678,.T.);
#2372=ORIENTED_EDGE('',*,*,#1681,.F.);
#2373=ORIENTED_EDGE('',*,*,#1682,.F.);
#2374=ORIENTED_EDGE('',*,*,#1340,.F.);
#2375=ORIENTED_EDGE('',*,*,#1682,.T.);
#2376=ORIENTED_EDGE('',*,*,#1683,.F.);
#2377=ORIENTED_EDGE('',*,*,#1684,.F.);
#2378=ORIENTED_EDGE('',*,*,#1347,.T.);
#2379=ORIENTED_EDGE('',*,*,#1475,.T.);
#2380=ORIENTED_EDGE('',*,*,#1685,.T.);
#2381=ORIENTED_EDGE('',*,*,#1454,.T.);
#2382=ORIENTED_EDGE('',*,*,#1686,.T.);
#2383=ORIENTED_EDGE('',*,*,#1683,.T.);
#2384=ORIENTED_EDGE('',*,*,#1681,.T.);
#2385=ORIENTED_EDGE('',*,*,#1677,.T.);
#2386=ORIENTED_EDGE('',*,*,#1687,.F.);
#2387=ORIENTED_EDGE('',*,*,#1624,.T.);
#2388=ORIENTED_EDGE('',*,*,#1688,.F.);
#2389=ORIENTED_EDGE('',*,*,#1689,.F.);
#2390=ORIENTED_EDGE('',*,*,#1551,.T.);
#2391=ORIENTED_EDGE('',*,*,#1690,.T.);
#2392=ORIENTED_EDGE('',*,*,#1688,.T.);
#2393=ORIENTED_EDGE('',*,*,#1623,.T.);
#2394=ORIENTED_EDGE('',*,*,#1691,.F.);
#2395=ORIENTED_EDGE('',*,*,#1617,.T.);
#2396=ORIENTED_EDGE('',*,*,#1692,.F.);
#2397=ORIENTED_EDGE('',*,*,#1693,.F.);
#2398=ORIENTED_EDGE('',*,*,#1450,.T.);
#2399=ORIENTED_EDGE('',*,*,#1694,.T.);
#2400=ORIENTED_EDGE('',*,*,#1692,.T.);
#2401=ORIENTED_EDGE('',*,*,#1616,.T.);
#2402=ORIENTED_EDGE('',*,*,#1482,.F.);
#2403=ORIENTED_EDGE('',*,*,#1485,.T.);
#2404=ORIENTED_EDGE('',*,*,#1546,.T.);
#2405=ORIENTED_EDGE('',*,*,#1695,.T.);
#2406=ORIENTED_EDGE('',*,*,#1673,.F.);
#2407=ORIENTED_EDGE('',*,*,#1696,.F.);
#2408=ORIENTED_EDGE('',*,*,#1421,.T.);
#2409=ORIENTED_EDGE('',*,*,#1432,.T.);
#2410=ORIENTED_EDGE('',*,*,#1549,.T.);
#2411=ORIENTED_EDGE('',*,*,#1455,.T.);
#2412=ORIENTED_EDGE('',*,*,#1685,.F.);
#2413=ORIENTED_EDGE('',*,*,#1474,.T.);
#2414=ORIENTED_EDGE('',*,*,#1545,.T.);
#2415=ORIENTED_EDGE('',*,*,#1469,.T.);
#2416=ORIENTED_EDGE('',*,*,#1674,.F.);
#2417=ORIENTED_EDGE('',*,*,#1695,.F.);
#2418=ORIENTED_EDGE('',*,*,#1643,.F.);
#2419=ORIENTED_EDGE('',*,*,#1599,.F.);
#2420=ORIENTED_EDGE('',*,*,#1697,.F.);
#2421=ORIENTED_EDGE('',*,*,#1441,.F.);
#2422=ORIENTED_EDGE('',*,*,#1622,.F.);
#2423=ORIENTED_EDGE('',*,*,#1595,.F.);
#2424=ORIENTED_EDGE('',*,*,#1698,.F.);
#2425=ORIENTED_EDGE('',*,*,#1434,.F.);
#2426=ORIENTED_EDGE('',*,*,#1452,.F.);
#2427=ORIENTED_EDGE('',*,*,#1615,.F.);
#2428=ORIENTED_EDGE('',*,*,#1591,.F.);
#2429=ORIENTED_EDGE('',*,*,#1699,.T.);
#2430=ORIENTED_EDGE('',*,*,#1626,.F.);
#2431=ORIENTED_EDGE('',*,*,#1676,.F.);
#2432=ORIENTED_EDGE('',*,*,#1659,.T.);
#2433=ORIENTED_EDGE('',*,*,#1675,.F.);
#2434=ORIENTED_EDGE('',*,*,#1467,.F.);
#2435=ORIENTED_EDGE('',*,*,#1462,.T.);
#2436=ORIENTED_EDGE('',*,*,#1700,.T.);
#2437=ORIENTED_EDGE('',*,*,#1333,.F.);
#2438=ORIENTED_EDGE('',*,*,#1605,.T.);
#2439=ORIENTED_EDGE('',*,*,#1334,.F.);
#2440=ORIENTED_EDGE('',*,*,#1700,.F.);
#2441=ORIENTED_EDGE('',*,*,#1461,.T.);
#2442=ORIENTED_EDGE('',*,*,#1680,.T.);
#2443=ORIENTED_EDGE('',*,*,#1648,.F.);
#2444=ORIENTED_EDGE('',*,*,#1476,.F.);
#2445=ORIENTED_EDGE('',*,*,#1349,.F.);
#2446=ORIENTED_EDGE('',*,*,#1557,.T.);
#2447=ORIENTED_EDGE('',*,*,#1560,.T.);
#2448=ORIENTED_EDGE('',*,*,#1671,.F.);
#2449=ORIENTED_EDGE('',*,*,#1446,.F.);
#2450=ORIENTED_EDGE('',*,*,#1422,.T.);
#2451=ORIENTED_EDGE('',*,*,#1696,.T.);
#2452=ORIENTED_EDGE('',*,*,#1672,.F.);
#2453=ORIENTED_EDGE('',*,*,#1558,.F.);
#2454=ORIENTED_EDGE('',*,*,#1621,.F.);
#2455=ORIENTED_EDGE('',*,*,#1701,.F.);
#2456=ORIENTED_EDGE('',*,*,#1689,.T.);
#2457=ORIENTED_EDGE('',*,*,#1690,.F.);
#2458=ORIENTED_EDGE('',*,*,#1550,.F.);
#2459=ORIENTED_EDGE('',*,*,#1442,.T.);
#2460=ORIENTED_EDGE('',*,*,#1697,.T.);
#2461=ORIENTED_EDGE('',*,*,#1598,.F.);
#2462=ORIENTED_EDGE('',*,*,#1614,.F.);
#2463=ORIENTED_EDGE('',*,*,#1702,.F.);
#2464=ORIENTED_EDGE('',*,*,#1693,.T.);
#2465=ORIENTED_EDGE('',*,*,#1694,.F.);
#2466=ORIENTED_EDGE('',*,*,#1449,.F.);
#2467=ORIENTED_EDGE('',*,*,#1435,.T.);
#2468=ORIENTED_EDGE('',*,*,#1698,.T.);
#2469=ORIENTED_EDGE('',*,*,#1594,.F.);
#2470=ORIENTED_EDGE('',*,*,#1609,.F.);
#2471=ORIENTED_EDGE('',*,*,#1341,.F.);
#2472=ORIENTED_EDGE('',*,*,#1684,.T.);
#2473=ORIENTED_EDGE('',*,*,#1686,.F.);
#2474=ORIENTED_EDGE('',*,*,#1453,.F.);
#2475=ORIENTED_EDGE('',*,*,#1699,.F.);
#2476=ORIENTED_EDGE('',*,*,#1590,.F.);
#2477=ORIENTED_EDGE('',*,*,#1320,.T.);
#2478=ORIENTED_EDGE('',*,*,#1604,.F.);
#2479=ORIENTED_EDGE('',*,*,#1608,.T.);
#2480=ORIENTED_EDGE('',*,*,#1679,.T.);
#2481=ORIENTED_EDGE('',*,*,#1613,.F.);
#2482=ORIENTED_EDGE('',*,*,#1618,.T.);
#2483=ORIENTED_EDGE('',*,*,#1691,.T.);
#2484=ORIENTED_EDGE('',*,*,#1702,.T.);
#2485=ORIENTED_EDGE('',*,*,#1620,.F.);
#2486=ORIENTED_EDGE('',*,*,#1625,.T.);
#2487=ORIENTED_EDGE('',*,*,#1687,.T.);
#2488=ORIENTED_EDGE('',*,*,#1701,.T.);
#2489=PLANE('',#2738);
#2490=PLANE('',#2739);
#2491=PLANE('',#2740);
#2492=PLANE('',#2741);
#2493=PLANE('',#2742);
#2494=PLANE('',#2743);
#2495=PLANE('',#2744);
#2496=PLANE('',#2745);
#2497=PLANE('',#2748);
#2498=PLANE('',#2749);
#2499=PLANE('',#2753);
#2500=PLANE('',#2768);
#2501=PLANE('',#2771);
#2502=PLANE('',#2775);
#2503=PLANE('',#2776);
#2504=PLANE('',#2777);
#2505=PLANE('',#2780);
#2506=PLANE('',#2781);
#2507=PLANE('',#2784);
#2508=PLANE('',#2785);
#2509=PLANE('',#2786);
#2510=PLANE('',#2787);
#2511=PLANE('',#2788);
#2512=PLANE('',#2797);
#2513=PLANE('',#2806);
#2514=PLANE('',#2807);
#2515=PLANE('',#2808);
#2516=PLANE('',#2814);
#2517=PLANE('',#2815);
#2518=PLANE('',#2816);
#2519=PLANE('',#2819);
#2520=PLANE('',#2823);
#2521=PLANE('',#2879);
#2522=PLANE('',#2881);
#2523=PLANE('',#2883);
#2524=PLANE('',#2885);
#2525=PLANE('',#2887);
#2526=PLANE('',#2889);
#2527=PLANE('',#2891);
#2528=PLANE('',#2893);
#2529=PLANE('',#2894);
#2530=PLANE('',#2895);
#2531=PLANE('',#2896);
#2532=PLANE('',#2897);
#2533=PLANE('',#2898);
#2534=PLANE('',#2902);
#2535=PLANE('',#2906);
#2536=PLANE('',#2915);
#2537=PLANE('',#2918);
#2538=PLANE('',#2919);
#2539=PLANE('',#2920);
#2540=PLANE('',#2921);
#2541=PLANE('',#2922);
#2542=PLANE('',#2926);
#2543=PLANE('',#2927);
#2544=PLANE('',#2928);
#2545=PLANE('',#2929);
#2546=PLANE('',#2930);
#2547=PLANE('',#2934);
#2548=PLANE('',#2937);
#2549=PLANE('',#2940);
#2550=PLANE('',#2941);
#2551=PLANE('',#2942);
#2552=PLANE('',#2944);
#2553=PLANE('',#2945);
#2554=PLANE('',#2949);
#2555=PLANE('',#2950);
#2556=PLANE('',#2954);
#2557=PLANE('',#2958);
#2558=PLANE('',#2962);
#2559=PLANE('',#2963);
#2560=PLANE('',#2966);
#2561=PLANE('',#2967);
#2562=PLANE('',#2969);
#2563=PLANE('',#2970);
#2564=PLANE('',#2971);
#2565=PLANE('',#2972);
#2566=PLANE('',#2973);
#2567=PLANE('',#2976);
#2568=PLANE('',#2977);
#2569=PLANE('',#2978);
#2570=PLANE('',#2979);
#2571=PLANE('',#2980);
#2572=PLANE('',#2981);
#2573=PLANE('',#2984);
#2574=PLANE('',#2985);
#2575=PLANE('',#2986);
#2576=PLANE('',#2987);
#2577=PLANE('',#2988);
#2578=PLANE('',#2989);
#2579=ADVANCED_FACE('',(#190),#2489,.F.);
#2580=ADVANCED_FACE('',(#191),#2490,.F.);
#2581=ADVANCED_FACE('',(#192),#2491,.T.);
#2582=ADVANCED_FACE('',(#193),#2492,.T.);
#2583=ADVANCED_FACE('',(#194),#2493,.T.);
#2584=ADVANCED_FACE('',(#195),#2494,.T.);
#2585=ADVANCED_FACE('',(#196),#2495,.T.);
#2586=ADVANCED_FACE('',(#197),#2496,.T.);
#2587=ADVANCED_FACE('',(#198),#2497,.F.);
#2588=ADVANCED_FACE('',(#199),#2498,.F.);
#2589=ADVANCED_FACE('',(#200),#44,.T.);
#2590=ADVANCED_FACE('',(#201,#33,#34),#2499,.F.);
#2591=ADVANCED_FACE('',(#202),#45,.F.);
#2592=ADVANCED_FACE('',(#203),#46,.T.);
#2593=ADVANCED_FACE('',(#204),#2500,.T.);
#2594=ADVANCED_FACE('',(#205),#47,.T.);
#2595=ADVANCED_FACE('',(#206),#2501,.T.);
#2596=ADVANCED_FACE('',(#207),#48,.F.);
#2597=ADVANCED_FACE('',(#208),#2502,.F.);
#2598=ADVANCED_FACE('',(#209),#2503,.T.);
#2599=ADVANCED_FACE('',(#210),#2504,.T.);
#2600=ADVANCED_FACE('',(#211),#49,.T.);
#2601=ADVANCED_FACE('',(#212),#2505,.F.);
#2602=ADVANCED_FACE('',(#213),#2506,.T.);
#2603=ADVANCED_FACE('',(#214),#50,.T.);
#2604=ADVANCED_FACE('',(#215),#2507,.T.);
#2605=ADVANCED_FACE('',(#216),#2508,.F.);
#2606=ADVANCED_FACE('',(#217),#2509,.T.);
#2607=ADVANCED_FACE('',(#218),#2510,.T.);
#2608=ADVANCED_FACE('',(#219),#2511,.T.);
#2609=ADVANCED_FACE('',(#220),#27,.F.);
#2610=ADVANCED_FACE('',(#221),#2512,.T.);
#2611=ADVANCED_FACE('',(#222),#51,.F.);
#2612=ADVANCED_FACE('',(#223),#2513,.T.);
#2613=ADVANCED_FACE('',(#224),#2514,.T.);
#2614=ADVANCED_FACE('',(#225),#2515,.T.);
#2615=ADVANCED_FACE('',(#226),#52,.F.);
#2616=ADVANCED_FACE('',(#227),#2516,.T.);
#2617=ADVANCED_FACE('',(#228),#2517,.T.);
#2618=ADVANCED_FACE('',(#229),#2518,.T.);
#2619=ADVANCED_FACE('',(#230),#53,.F.);
#2620=ADVANCED_FACE('',(#231),#2519,.T.);
#2621=ADVANCED_FACE('',(#232),#54,.F.);
#2622=ADVANCED_FACE('',(#233),#2520,.T.);
#2623=ADVANCED_FACE('',(#234),#28,.F.);
#2624=ADVANCED_FACE('',(#235),#55,.T.);
#2625=ADVANCED_FACE('',(#236),#29,.F.);
#2626=ADVANCED_FACE('',(#237),#56,.T.);
#2627=ADVANCED_FACE('',(#238),#57,.T.);
#2628=ADVANCED_FACE('',(#239),#30,.F.);
#2629=ADVANCED_FACE('',(#240),#58,.T.);
#2630=ADVANCED_FACE('',(#241),#15,.F.);
#2631=ADVANCED_FACE('',(#242),#59,.F.);
#2632=ADVANCED_FACE('',(#243),#16,.F.);
#2633=ADVANCED_FACE('',(#244),#60,.F.);
#2634=ADVANCED_FACE('',(#245),#17,.F.);
#2635=ADVANCED_FACE('',(#246),#61,.F.);
#2636=ADVANCED_FACE('',(#247),#18,.F.);
#2637=ADVANCED_FACE('',(#248),#62,.F.);
#2638=ADVANCED_FACE('',(#249),#63,.F.);
#2639=ADVANCED_FACE('',(#250),#64,.F.);
#2640=ADVANCED_FACE('',(#251),#65,.F.);
#2641=ADVANCED_FACE('',(#252),#66,.F.);
#2642=ADVANCED_FACE('',(#253),#2521,.T.);
#2643=ADVANCED_FACE('',(#254),#67,.T.);
#2644=ADVANCED_FACE('',(#255),#2522,.T.);
#2645=ADVANCED_FACE('',(#256),#2523,.T.);
#2646=ADVANCED_FACE('',(#257),#68,.T.);
#2647=ADVANCED_FACE('',(#258),#2524,.T.);
#2648=ADVANCED_FACE('',(#259),#2525,.T.);
#2649=ADVANCED_FACE('',(#260),#69,.T.);
#2650=ADVANCED_FACE('',(#261),#2526,.T.);
#2651=ADVANCED_FACE('',(#262),#70,.T.);
#2652=ADVANCED_FACE('',(#263),#2527,.T.);
#2653=ADVANCED_FACE('',(#264),#2528,.T.);
#2654=ADVANCED_FACE('',(#265,#35),#2529,.F.);
#2655=ADVANCED_FACE('',(#266,#36),#2530,.F.);
#2656=ADVANCED_FACE('',(#267,#37),#2531,.F.);
#2657=ADVANCED_FACE('',(#268,#38),#2532,.F.);
#2658=ADVANCED_FACE('',(#269),#2533,.T.);
#2659=ADVANCED_FACE('',(#270),#19,.T.);
#2660=ADVANCED_FACE('',(#271),#2534,.T.);
#2661=ADVANCED_FACE('',(#272),#20,.T.);
#2662=ADVANCED_FACE('',(#273),#2535,.T.);
#2663=ADVANCED_FACE('',(#274),#21,.T.);
#2664=ADVANCED_FACE('',(#275),#22,.T.);
#2665=ADVANCED_FACE('',(#276),#71,.T.);
#2666=ADVANCED_FACE('',(#277),#2536,.T.);
#2667=ADVANCED_FACE('',(#278),#72,.T.);
#2668=ADVANCED_FACE('',(#279),#2537,.T.);
#2669=ADVANCED_FACE('',(#280,#39,#40,#41,#42,#43),#2538,.T.);
#2670=ADVANCED_FACE('',(#281),#2539,.T.);
#2671=ADVANCED_FACE('',(#282),#2540,.F.);
#2672=ADVANCED_FACE('',(#283),#2541,.T.);
#2673=ADVANCED_FACE('',(#284),#23,.T.);
#2674=ADVANCED_FACE('',(#285),#73,.T.);
#2675=ADVANCED_FACE('',(#286),#2542,.T.);
#2676=ADVANCED_FACE('',(#287),#2543,.F.);
#2677=ADVANCED_FACE('',(#288),#2544,.T.);
#2678=ADVANCED_FACE('',(#289),#2545,.F.);
#2679=ADVANCED_FACE('',(#290),#2546,.T.);
#2680=ADVANCED_FACE('',(#291),#24,.T.);
#2681=ADVANCED_FACE('',(#292),#2547,.T.);
#2682=ADVANCED_FACE('',(#293),#25,.T.);
#2683=ADVANCED_FACE('',(#294),#2548,.T.);
#2684=ADVANCED_FACE('',(#295),#26,.T.);
#2685=ADVANCED_FACE('',(#296),#2549,.T.);
#2686=ADVANCED_FACE('',(#297),#2550,.F.);
#2687=ADVANCED_FACE('',(#298),#2551,.T.);
#2688=ADVANCED_FACE('',(#299),#74,.T.);
#2689=ADVANCED_FACE('',(#300),#2552,.T.);
#2690=ADVANCED_FACE('',(#301),#2553,.T.);
#2691=ADVANCED_FACE('',(#302),#75,.T.);
#2692=ADVANCED_FACE('',(#303),#2554,.T.);
#2693=ADVANCED_FACE('',(#304),#2555,.T.);
#2694=ADVANCED_FACE('',(#305),#76,.T.);
#2695=ADVANCED_FACE('',(#306),#2556,.T.);
#2696=ADVANCED_FACE('',(#307),#77,.T.);
#2697=ADVANCED_FACE('',(#308),#2557,.T.);
#2698=ADVANCED_FACE('',(#309),#2558,.T.);
#2699=ADVANCED_FACE('',(#310),#2559,.T.);
#2700=ADVANCED_FACE('',(#311),#78,.T.);
#2701=ADVANCED_FACE('',(#312),#2560,.T.);
#2702=ADVANCED_FACE('',(#313),#2561,.T.);
#2703=ADVANCED_FACE('',(#314),#2562,.T.);
#2704=ADVANCED_FACE('',(#315),#2563,.T.);
#2705=ADVANCED_FACE('',(#316),#2564,.T.);
#2706=ADVANCED_FACE('',(#317),#2565,.T.);
#2707=ADVANCED_FACE('',(#318),#2566,.T.);
#2708=ADVANCED_FACE('',(#319),#79,.F.);
#2709=ADVANCED_FACE('',(#320),#80,.F.);
#2710=ADVANCED_FACE('',(#321),#2567,.F.);
#2711=ADVANCED_FACE('',(#322),#2568,.F.);
#2712=ADVANCED_FACE('',(#323),#2569,.F.);
#2713=ADVANCED_FACE('',(#324),#2570,.F.);
#2714=ADVANCED_FACE('',(#325),#2571,.F.);
#2715=ADVANCED_FACE('',(#326),#2572,.F.);
#2716=ADVANCED_FACE('',(#327),#81,.F.);
#2717=ADVANCED_FACE('',(#328),#82,.F.);
#2718=ADVANCED_FACE('',(#329),#2573,.F.);
#2719=ADVANCED_FACE('',(#330),#2574,.F.);
#2720=ADVANCED_FACE('',(#331),#2575,.F.);
#2721=ADVANCED_FACE('',(#332),#2576,.T.);
#2722=ADVANCED_FACE('',(#333),#2577,.T.);
#2723=ADVANCED_FACE('',(#334),#2578,.T.);
#2724=CLOSED_SHELL('',(#2579,#2580,#2581,#2582,#2583,#2584,#2585,#2586,
#2587,#2588,#2589,#2590,#2591,#2592,#2593,#2594,#2595,#2596,#2597,#2598,
#2599,#2600,#2601,#2602,#2603,#2604,#2605,#2606,#2607,#2608,#2609,#2610,
#2611,#2612,#2613,#2614,#2615,#2616,#2617,#2618,#2619,#2620,#2621,#2622,
#2623,#2624,#2625,#2626,#2627,#2628,#2629,#2630,#2631,#2632,#2633,#2634,
#2635,#2636,#2637,#2638,#2639,#2640,#2641,#2642,#2643,#2644,#2645,#2646,
#2647,#2648,#2649,#2650,#2651,#2652,#2653,#2654,#2655,#2656,#2657,#2658,
#2659,#2660,#2661,#2662,#2663,#2664,#2665,#2666,#2667,#2668,#2669,#2670,
#2671,#2672,#2673,#2674,#2675,#2676,#2677,#2678,#2679,#2680,#2681,#2682,
#2683,#2684,#2685,#2686,#2687,#2688,#2689,#2690,#2691,#2692,#2693,#2694,
#2695,#2696,#2697,#2698,#2699,#2700,#2701,#2702,#2703,#2704,#2705,#2706,
#2707,#2708,#2709,#2710,#2711,#2712,#2713,#2714,#2715,#2716,#2717,#2718,
#2719,#2720,#2721,#2722,#2723));
#2725=DERIVED_UNIT_ELEMENT(#2727,1.);
#2726=DERIVED_UNIT_ELEMENT(#4588,-3.);
#2727=(
MASS_UNIT()
NAMED_UNIT(*)
SI_UNIT(.KILO.,.GRAM.)
);
#2728=DERIVED_UNIT((#2725,#2726));
#2729=MEASURE_REPRESENTATION_ITEM('density measure',
POSITIVE_RATIO_MEASURE(7850.),#2728);
#2730=PROPERTY_DEFINITION_REPRESENTATION(#2735,#2732);
#2731=PROPERTY_DEFINITION_REPRESENTATION(#2736,#2733);
#2732=REPRESENTATION('material name',(#2734),#4585);
#2733=REPRESENTATION('density',(#2729),#4585);
#2734=DESCRIPTIVE_REPRESENTATION_ITEM('Steel','Steel');
#2735=PROPERTY_DEFINITION('material property','material name',#4595);
#2736=PROPERTY_DEFINITION('material property','density of part',#4595);
#2737=AXIS2_PLACEMENT_3D('',#3780,#2990,#2991);
#2738=AXIS2_PLACEMENT_3D('',#3781,#2992,#2993);
#2739=AXIS2_PLACEMENT_3D('',#3794,#3000,#3001);
#2740=AXIS2_PLACEMENT_3D('',#3807,#3008,#3009);
#2741=AXIS2_PLACEMENT_3D('',#3813,#3013,#3014);
#2742=AXIS2_PLACEMENT_3D('',#3819,#3018,#3019);
#2743=AXIS2_PLACEMENT_3D('',#3825,#3023,#3024);
#2744=AXIS2_PLACEMENT_3D('',#3837,#3031,#3032);
#2745=AXIS2_PLACEMENT_3D('',#3839,#3034,#3035);
#2746=AXIS2_PLACEMENT_3D('',#3843,#3037,#3038);
#2747=AXIS2_PLACEMENT_3D('',#3850,#3042,#3043);
#2748=AXIS2_PLACEMENT_3D('',#3851,#3044,#3045);
#2749=AXIS2_PLACEMENT_3D('',#3860,#3050,#3051);
#2750=AXIS2_PLACEMENT_3D('',#3866,#3055,#3056);
#2751=AXIS2_PLACEMENT_3D('',#3869,#3057,#3058);
#2752=AXIS2_PLACEMENT_3D('',#3873,#3060,#3061);
#2753=AXIS2_PLACEMENT_3D('',#3875,#3063,#3064);
#2754=AXIS2_PLACEMENT_3D('',#3877,#3065,#3066);
#2755=AXIS2_PLACEMENT_3D('',#3885,#3070,#3071);
#2756=AXIS2_PLACEMENT_3D('',#3893,#3075,#3076);
#2757=AXIS2_PLACEMENT_3D('',#3901,#3080,#3081);
#2758=AXIS2_PLACEMENT_3D('',#3909,#3085,#3086);
#2759=AXIS2_PLACEMENT_3D('',#3917,#3090,#3091);
#2760=AXIS2_PLACEMENT_3D('',#3925,#3095,#3096);
#2761=AXIS2_PLACEMENT_3D('',#3932,#3100,#3101);
#2762=AXIS2_PLACEMENT_3D('',#3934,#3102,#3103);
#2763=AXIS2_PLACEMENT_3D('',#3936,#3104,#3105);
#2764=AXIS2_PLACEMENT_3D('',#3937,#3106,#3107);
#2765=AXIS2_PLACEMENT_3D('',#3939,#3108,#3109);
#2766=AXIS2_PLACEMENT_3D('',#3941,#3111,#3112);
#2767=AXIS2_PLACEMENT_3D('',#3943,#3113,#3114);
#2768=AXIS2_PLACEMENT_3D('',#3945,#3116,#3117);
#2769=AXIS2_PLACEMENT_3D('',#3946,#3118,#3119);
#2770=AXIS2_PLACEMENT_3D('',#3948,#3120,#3121);
#2771=AXIS2_PLACEMENT_3D('',#3950,#3123,#3124);
#2772=AXIS2_PLACEMENT_3D('',#3951,#3125,#3126);
#2773=AXIS2_PLACEMENT_3D('',#3955,#3128,#3129);
#2774=AXIS2_PLACEMENT_3D('',#3965,#3131,#3132);
#2775=AXIS2_PLACEMENT_3D('',#3966,#3133,#3134);
#2776=AXIS2_PLACEMENT_3D('',#3970,#3137,#3138);
#2777=AXIS2_PLACEMENT_3D('',#3974,#3141,#3142);
#2778=AXIS2_PLACEMENT_3D('',#3978,#3145,#3146);
#2779=AXIS2_PLACEMENT_3D('',#3980,#3147,#3148);
#2780=AXIS2_PLACEMENT_3D('',#3982,#3150,#3151);
#2781=AXIS2_PLACEMENT_3D('',#3997,#3155,#3156);
#2782=AXIS2_PLACEMENT_3D('',#4003,#3160,#3161);
#2783=AXIS2_PLACEMENT_3D('',#4006,#3163,#3164);
#2784=AXIS2_PLACEMENT_3D('',#4007,#3165,#3166);
#2785=AXIS2_PLACEMENT_3D('',#4009,#3168,#3169);
#2786=AXIS2_PLACEMENT_3D('',#4013,#3172,#3173);
#2787=AXIS2_PLACEMENT_3D('',#4017,#3176,#3177);
#2788=AXIS2_PLACEMENT_3D('',#4019,#3179,#3180);
#2789=AXIS2_PLACEMENT_3D('',#4025,#3183,#3184);
#2790=AXIS2_PLACEMENT_3D('',#4031,#3187,#3188);
#2791=AXIS2_PLACEMENT_3D('',#4032,#3189,#3190);
#2792=AXIS2_PLACEMENT_3D('',#4033,#3191,#3192);
#2793=AXIS2_PLACEMENT_3D('',#4035,#3193,#3194);
#2794=AXIS2_PLACEMENT_3D('',#4037,#3195,#3196);
#2795=AXIS2_PLACEMENT_3D('',#4038,#3197,#3198);
#2796=AXIS2_PLACEMENT_3D('',#4039,#3199,#3200);
#2797=AXIS2_PLACEMENT_3D('',#4040,#3201,#3202);
#2798=AXIS2_PLACEMENT_3D('',#4042,#3203,#3204);
#2799=AXIS2_PLACEMENT_3D('',#4044,#3206,#3207);
#2800=AXIS2_PLACEMENT_3D('',#4047,#3208,#3209);
#2801=AXIS2_PLACEMENT_3D('',#4051,#3211,#3212);
#2802=AXIS2_PLACEMENT_3D('',#4054,#3214,#3215);
#2803=AXIS2_PLACEMENT_3D('',#4056,#3216,#3217);
#2804=AXIS2_PLACEMENT_3D('',#4060,#3219,#3220);
#2805=AXIS2_PLACEMENT_3D('',#4064,#3222,#3223);
#2806=AXIS2_PLACEMENT_3D('',#4066,#3225,#3226);
#2807=AXIS2_PLACEMENT_3D('',#4076,#3232,#3233);
#2808=AXIS2_PLACEMENT_3D('',#4094,#3243,#3244);
#2809=AXIS2_PLACEMENT_3D('',#4098,#3247,#3248);
#2810=AXIS2_PLACEMENT_3D('',#4101,#3249,#3250);
#2811=AXIS2_PLACEMENT_3D('',#4105,#3252,#3253);
#2812=AXIS2_PLACEMENT_3D('',#4108,#3255,#3256);
#2813=AXIS2_PLACEMENT_3D('',#4110,#3257,#3258);
#2814=AXIS2_PLACEMENT_3D('',#4112,#3260,#3261);
#2815=AXIS2_PLACEMENT_3D('',#4122,#3267,#3268);
#2816=AXIS2_PLACEMENT_3D('',#4135,#3276,#3277);
#2817=AXIS2_PLACEMENT_3D('',#4139,#3280,#3281);
#2818=AXIS2_PLACEMENT_3D('',#4141,#3282,#3283);
#2819=AXIS2_PLACEMENT_3D('',#4143,#3285,#3286);
#2820=AXIS2_PLACEMENT_3D('',#4149,#3290,#3291);
#2821=AXIS2_PLACEMENT_3D('',#4151,#3292,#3293);
#2822=AXIS2_PLACEMENT_3D('',#4154,#3295,#3296);
#2823=AXIS2_PLACEMENT_3D('',#4155,#3297,#3298);
#2824=AXIS2_PLACEMENT_3D('',#4158,#3301,#3302);
#2825=AXIS2_PLACEMENT_3D('',#4160,#3303,#3304);
#2826=AXIS2_PLACEMENT_3D('',#4161,#3305,#3306);
#2827=AXIS2_PLACEMENT_3D('',#4163,#3307,#3308);
#2828=AXIS2_PLACEMENT_3D('',#4165,#3309,#3310);
#2829=AXIS2_PLACEMENT_3D('',#4166,#3311,#3312);
#2830=AXIS2_PLACEMENT_3D('',#4167,#3313,#3314);
#2831=AXIS2_PLACEMENT_3D('',#4169,#3315,#3316);
#2832=AXIS2_PLACEMENT_3D('',#4171,#3318,#3319);
#2833=AXIS2_PLACEMENT_3D('',#4173,#3320,#3321);
#2834=AXIS2_PLACEMENT_3D('',#4175,#3322,#3323);
#2835=AXIS2_PLACEMENT_3D('',#4177,#3324,#3325);
#2836=AXIS2_PLACEMENT_3D('',#4178,#3326,#3327);
#2837=AXIS2_PLACEMENT_3D('',#4179,#3328,#3329);
#2838=AXIS2_PLACEMENT_3D('',#4180,#3330,#3331);
#2839=AXIS2_PLACEMENT_3D('',#4182,#3332,#3333);
#2840=AXIS2_PLACEMENT_3D('',#4184,#3335,#3336);
#2841=AXIS2_PLACEMENT_3D('',#4186,#3337,#3338);
#2842=AXIS2_PLACEMENT_3D('',#4188,#3340,#3341);
#2843=AXIS2_PLACEMENT_3D('',#4190,#3342,#3343);
#2844=AXIS2_PLACEMENT_3D('',#4192,#3344,#3345);
#2845=AXIS2_PLACEMENT_3D('',#4194,#3346,#3347);
#2846=AXIS2_PLACEMENT_3D('',#4196,#3348,#3349);
#2847=AXIS2_PLACEMENT_3D('',#4197,#3350,#3351);
#2848=AXIS2_PLACEMENT_3D('',#4198,#3352,#3353);
#2849=AXIS2_PLACEMENT_3D('',#4199,#3354,#3355);
#2850=AXIS2_PLACEMENT_3D('',#4201,#3356,#3357);
#2851=AXIS2_PLACEMENT_3D('',#4203,#3359,#3360);
#2852=AXIS2_PLACEMENT_3D('',#4205,#3361,#3362);
#2853=AXIS2_PLACEMENT_3D('',#4208,#3364,#3365);
#2854=AXIS2_PLACEMENT_3D('',#4209,#3366,#3367);
#2855=AXIS2_PLACEMENT_3D('',#4212,#3369,#3370);
#2856=AXIS2_PLACEMENT_3D('',#4213,#3371,#3372);
#2857=AXIS2_PLACEMENT_3D('',#4215,#3373,#3374);
#2858=AXIS2_PLACEMENT_3D('',#4218,#3376,#3377);
#2859=AXIS2_PLACEMENT_3D('',#4219,#3378,#3379);
#2860=AXIS2_PLACEMENT_3D('',#4222,#3381,#3382);
#2861=AXIS2_PLACEMENT_3D('',#4223,#3383,#3384);
#2862=AXIS2_PLACEMENT_3D('',#4225,#3385,#3386);
#2863=AXIS2_PLACEMENT_3D('',#4228,#3388,#3389);
#2864=AXIS2_PLACEMENT_3D('',#4229,#3390,#3391);
#2865=AXIS2_PLACEMENT_3D('',#4232,#3393,#3394);
#2866=AXIS2_PLACEMENT_3D('',#4233,#3395,#3396);
#2867=AXIS2_PLACEMENT_3D('',#4235,#3397,#3398);
#2868=AXIS2_PLACEMENT_3D('',#4238,#3400,#3401);
#2869=AXIS2_PLACEMENT_3D('',#4239,#3402,#3403);
#2870=AXIS2_PLACEMENT_3D('',#4242,#3405,#3406);
#2871=AXIS2_PLACEMENT_3D('',#4243,#3407,#3408);
#2872=AXIS2_PLACEMENT_3D('',#4245,#3409,#3410);
#2873=AXIS2_PLACEMENT_3D('',#4247,#3412,#3413);
#2874=AXIS2_PLACEMENT_3D('',#4249,#3414,#3415);
#2875=AXIS2_PLACEMENT_3D('',#4251,#3417,#3418);
#2876=AXIS2_PLACEMENT_3D('',#4253,#3419,#3420);
#2877=AXIS2_PLACEMENT_3D('',#4255,#3422,#3423);
#2878=AXIS2_PLACEMENT_3D('',#4257,#3424,#3425);
#2879=AXIS2_PLACEMENT_3D('',#4259,#3427,#3428);
#2880=AXIS2_PLACEMENT_3D('',#4262,#3431,#3432);
#2881=AXIS2_PLACEMENT_3D('',#4263,#3433,#3434);
#2882=AXIS2_PLACEMENT_3D('',#4265,#3435,#3436);
#2883=AXIS2_PLACEMENT_3D('',#4267,#3438,#3439);
#2884=AXIS2_PLACEMENT_3D('',#4270,#3442,#3443);
#2885=AXIS2_PLACEMENT_3D('',#4271,#3444,#3445);
#2886=AXIS2_PLACEMENT_3D('',#4272,#3446,#3447);
#2887=AXIS2_PLACEMENT_3D('',#4273,#3448,#3449);
#2888=AXIS2_PLACEMENT_3D('',#4279,#3453,#3454);
#2889=AXIS2_PLACEMENT_3D('',#4280,#3455,#3456);
#2890=AXIS2_PLACEMENT_3D('',#4285,#3460,#3461);
#2891=AXIS2_PLACEMENT_3D('',#4286,#3462,#3463);
#2892=AXIS2_PLACEMENT_3D('',#4289,#3465,#3466);
#2893=AXIS2_PLACEMENT_3D('',#4290,#3467,#3468);
#2894=AXIS2_PLACEMENT_3D('',#4296,#3472,#3473);
#2895=AXIS2_PLACEMENT_3D('',#4297,#3474,#3475);
#2896=AXIS2_PLACEMENT_3D('',#4298,#3476,#3477);
#2897=AXIS2_PLACEMENT_3D('',#4299,#3478,#3479);
#2898=AXIS2_PLACEMENT_3D('',#4300,#3480,#3481);
#2899=AXIS2_PLACEMENT_3D('',#4309,#3486,#3487);
#2900=AXIS2_PLACEMENT_3D('',#4313,#3489,#3490);
#2901=AXIS2_PLACEMENT_3D('',#4314,#3491,#3492);
#2902=AXIS2_PLACEMENT_3D('',#4315,#3493,#3494);
#2903=AXIS2_PLACEMENT_3D('',#4321,#3498,#3499);
#2904=AXIS2_PLACEMENT_3D('',#4325,#3501,#3502);
#2905=AXIS2_PLACEMENT_3D('',#4326,#3503,#3504);
#2906=AXIS2_PLACEMENT_3D('',#4327,#3505,#3506);
#2907=AXIS2_PLACEMENT_3D('',#4333,#3510,#3511);
#2908=AXIS2_PLACEMENT_3D('',#4334,#3512,#3513);
#2909=AXIS2_PLACEMENT_3D('',#4335,#3514,#3515);
#2910=AXIS2_PLACEMENT_3D('',#4336,#3516,#3517);
#2911=AXIS2_PLACEMENT_3D('',#4337,#3518,#3519);
#2912=AXIS2_PLACEMENT_3D('',#4338,#3520,#3521);
#2913=AXIS2_PLACEMENT_3D('',#4339,#3522,#3523);
#2914=AXIS2_PLACEMENT_3D('',#4343,#3525,#3526);
#2915=AXIS2_PLACEMENT_3D('',#4345,#3528,#3529);
#2916=AXIS2_PLACEMENT_3D('',#4349,#3532,#3533);
#2917=AXIS2_PLACEMENT_3D('',#4352,#3535,#3536);
#2918=AXIS2_PLACEMENT_3D('',#4353,#3537,#3538);
#2919=AXIS2_PLACEMENT_3D('',#4381,#3553,#3554);
#2920=AXIS2_PLACEMENT_3D('',#4383,#3556,#3557);
#2921=AXIS2_PLACEMENT_3D('',#4387,#3560,#3561);
#2922=AXIS2_PLACEMENT_3D('',#4394,#3566,#3567);
#2923=AXIS2_PLACEMENT_3D('',#4397,#3570,#3571);
#2924=AXIS2_PLACEMENT_3D('',#4398,#3572,#3573);
#2925=AXIS2_PLACEMENT_3D('',#4399,#3574,#3575);
#2926=AXIS2_PLACEMENT_3D('',#4400,#3576,#3577);
#2927=AXIS2_PLACEMENT_3D('',#4406,#3581,#3582);
#2928=AXIS2_PLACEMENT_3D('',#4413,#3587,#3588);
#2929=AXIS2_PLACEMENT_3D('',#4419,#3592,#3593);
#2930=AXIS2_PLACEMENT_3D('',#4426,#3598,#3599);
#2931=AXIS2_PLACEMENT_3D('',#4432,#3603,#3604);
#2932=AXIS2_PLACEMENT_3D('',#4436,#3606,#3607);
#2933=AXIS2_PLACEMENT_3D('',#4437,#3608,#3609);
#2934=AXIS2_PLACEMENT_3D('',#4438,#3610,#3611);
#2935=AXIS2_PLACEMENT_3D('',#4443,#3615,#3616);
#2936=AXIS2_PLACEMENT_3D('',#4446,#3618,#3619);
#2937=AXIS2_PLACEMENT_3D('',#4447,#3620,#3621);
#2938=AXIS2_PLACEMENT_3D('',#4451,#3624,#3625);
#2939=AXIS2_PLACEMENT_3D('',#4454,#3627,#3628);
#2940=AXIS2_PLACEMENT_3D('',#4455,#3629,#3630);
#2941=AXIS2_PLACEMENT_3D('',#4459,#3633,#3634);
#2942=AXIS2_PLACEMENT_3D('',#4466,#3639,#3640);
#2943=AXIS2_PLACEMENT_3D('',#4468,#3642,#3643);
#2944=AXIS2_PLACEMENT_3D('',#4469,#3644,#3645);
#2945=AXIS2_PLACEMENT_3D('',#4473,#3648,#3649);
#2946=AXIS2_PLACEMENT_3D('',#4482,#3654,#3655);
#2947=AXIS2_PLACEMENT_3D('',#4484,#3656,#3657);
#2948=AXIS2_PLACEMENT_3D('',#4486,#3658,#3659);
#2949=AXIS2_PLACEMENT_3D('',#4488,#3661,#3662);
#2950=AXIS2_PLACEMENT_3D('',#4494,#3666,#3667);
#2951=AXIS2_PLACEMENT_3D('',#4500,#3671,#3672);
#2952=AXIS2_PLACEMENT_3D('',#4502,#3673,#3674);
#2953=AXIS2_PLACEMENT_3D('',#4504,#3675,#3676);
#2954=AXIS2_PLACEMENT_3D('',#4506,#3678,#3679);
#2955=AXIS2_PLACEMENT_3D('',#4512,#3683,#3684);
#2956=AXIS2_PLACEMENT_3D('',#4513,#3685,#3686);
#2957=AXIS2_PLACEMENT_3D('',#4514,#3687,#3688);
#2958=AXIS2_PLACEMENT_3D('',#4515,#3689,#3690);
#2959=AXIS2_PLACEMENT_3D('',#4516,#3691,#3692);
#2960=AXIS2_PLACEMENT_3D('',#4518,#3693,#3694);
#2961=AXIS2_PLACEMENT_3D('',#4521,#3696,#3697);
#2962=AXIS2_PLACEMENT_3D('',#4523,#3699,#3700);
#2963=AXIS2_PLACEMENT_3D('',#4525,#3702,#3703);
#2964=AXIS2_PLACEMENT_3D('',#4531,#3708,#3709);
#2965=AXIS2_PLACEMENT_3D('',#4533,#3710,#3711);
#2966=AXIS2_PLACEMENT_3D('',#4535,#3713,#3714);
#2967=AXIS2_PLACEMENT_3D('',#4539,#3717,#3718);
#2968=AXIS2_PLACEMENT_3D('',#4540,#3719,#3720);
#2969=AXIS2_PLACEMENT_3D('',#4542,#3722,#3723);
#2970=AXIS2_PLACEMENT_3D('',#4548,#3727,#3728);
#2971=AXIS2_PLACEMENT_3D('',#4550,#3730,#3731);
#2972=AXIS2_PLACEMENT_3D('',#4556,#3735,#3736);
#2973=AXIS2_PLACEMENT_3D('',#4558,#3738,#3739);
#2974=AXIS2_PLACEMENT_3D('',#4561,#3742,#3743);
#2975=AXIS2_PLACEMENT_3D('',#4562,#3744,#3745);
#2976=AXIS2_PLACEMENT_3D('',#4563,#3746,#3747);
#2977=AXIS2_PLACEMENT_3D('',#4565,#3749,#3750);
#2978=AXIS2_PLACEMENT_3D('',#4567,#3752,#3753);
#2979=AXIS2_PLACEMENT_3D('',#4569,#3755,#3756);
#2980=AXIS2_PLACEMENT_3D('',#4571,#3758,#3759);
#2981=AXIS2_PLACEMENT_3D('',#4572,#3760,#3761);
#2982=AXIS2_PLACEMENT_3D('',#4573,#3762,#3763);
#2983=AXIS2_PLACEMENT_3D('',#4574,#3764,#3765);
#2984=AXIS2_PLACEMENT_3D('',#4575,#3766,#3767);
#2985=AXIS2_PLACEMENT_3D('',#4577,#3769,#3770);
#2986=AXIS2_PLACEMENT_3D('',#4579,#3772,#3773);
#2987=AXIS2_PLACEMENT_3D('',#4580,#3774,#3775);
#2988=AXIS2_PLACEMENT_3D('',#4581,#3776,#3777);
#2989=AXIS2_PLACEMENT_3D('',#4582,#3778,#3779);
#2990=DIRECTION('axis',(0.,0.,1.));
#2991=DIRECTION('refdir',(1.,0.,0.));
#2992=DIRECTION('center_axis',(0.,-1.,-2.46716227694479E-16));
#2993=DIRECTION('ref_axis',(0.,-2.46716227694479E-16,1.));
#2994=DIRECTION('',(1.,-2.15148110482539E-56,8.72046855178764E-41));
#2995=DIRECTION('',(0.,-2.46716227694479E-16,1.));
#2996=DIRECTION('',(-1.,2.30823064495848E-32,-9.35581200526814E-17));
#2997=DIRECTION('',(-0.70710678118654,-1.74454717631532E-16,0.707106781186555));
#2998=DIRECTION('',(0.,-2.46716227694479E-16,1.));
#2999=DIRECTION('',(0.707106781188047,-1.74454717631161E-16,0.707106781185048));
#3000=DIRECTION('center_axis',(0.,1.,1.2335811384724E-16));
#3001=DIRECTION('ref_axis',(0.,1.2335811384724E-16,-1.));
#3002=DIRECTION('',(-1.,1.07574055241269E-56,-8.72046855178764E-41));
#3003=DIRECTION('',(-0.707106781188047,8.72273588155803E-17,-0.707106781185048));
#3004=DIRECTION('',(0.,1.2335811384724E-16,-1.));
#3005=DIRECTION('',(0.70710678118654,8.72273588157662E-17,-0.707106781186555));
#3006=DIRECTION('',(1.,-1.15411532247924E-32,9.35581200526814E-17));
#3007=DIRECTION('',(0.,1.2335811384724E-16,-1.));
#3008=DIRECTION('center_axis',(0.707106781185048,0.,-0.707106781188047));
#3009=DIRECTION('ref_axis',(-0.707106781188047,0.,-0.707106781185048));
#3010=DIRECTION('',(0.,1.,0.));
#3011=DIRECTION('',(-0.707106781186546,0.,-0.707106781186549));
#3012=DIRECTION('',(0.,-1.,0.));
#3013=DIRECTION('center_axis',(0.707106781185048,0.,-0.707106781188047));
#3014=DIRECTION('ref_axis',(-0.707106781188047,0.,-0.707106781185048));
#3015=DIRECTION('',(0.,-1.,0.));
#3016=DIRECTION('',(-0.707106781185045,0.,-0.70710678118805));
#3017=DIRECTION('',(0.,1.,0.));
#3018=DIRECTION('center_axis',(0.707106781186555,0.,0.70710678118654));
#3019=DIRECTION('ref_axis',(0.70710678118654,0.,-0.707106781186555));
#3020=DIRECTION('',(0.,-1.,0.));
#3021=DIRECTION('',(-0.70710678118653,0.,0.707106781186565));
#3022=DIRECTION('',(0.,1.,0.));
#3023=DIRECTION('center_axis',(1.,0.,0.));
#3024=DIRECTION('ref_axis',(0.,1.,0.));
#3025=DIRECTION('',(0.,0.,-1.));
#3026=DIRECTION('',(0.,1.,0.));
#3027=DIRECTION('',(0.,0.,-1.));
#3028=DIRECTION('',(0.,-1.,0.));
#3029=DIRECTION('',(0.,-2.40829289506542E-16,1.));
#3030=DIRECTION('',(0.,1.,0.));
#3031=DIRECTION('center_axis',(1.,0.,0.));
#3032=DIRECTION('ref_axis',(0.,1.,0.));
#3033=DIRECTION('',(0.,0.,1.));
#3034=DIRECTION('center_axis',(-9.35581200526814E-17,0.,1.));
#3035=DIRECTION('ref_axis',(1.,0.,9.35581200526814E-17));
#3036=DIRECTION('',(0.,-1.,0.));
#3037=DIRECTION('center_axis',(9.35581200526814E-17,0.,-1.));
#3038=DIRECTION('ref_axis',(-4.09928501400058E-14,-1.,0.));
#3039=DIRECTION('',(-1.,0.,-9.35581200526814E-17));
#3040=DIRECTION('',(0.,-1.,0.));
#3041=DIRECTION('',(-1.,-9.75975366934847E-14,-9.35581200526814E-17));
#3042=DIRECTION('center_axis',(9.35581200526814E-17,0.,-1.));
#3043=DIRECTION('ref_axis',(0.,-1.,0.));
#3044=DIRECTION('center_axis',(0.,-1.,0.));
#3045=DIRECTION('ref_axis',(0.,0.,1.));
#3046=DIRECTION('',(0.,0.,-1.));
#3047=DIRECTION('',(-1.,0.,0.));
#3048=DIRECTION('',(0.,0.,1.));
#3049=DIRECTION('',(-1.,0.,-6.23720800351209E-17));
#3050=DIRECTION('center_axis',(0.,0.,-1.));
#3051=DIRECTION('ref_axis',(0.,-1.,0.));
#3052=DIRECTION('',(0.,1.,0.));
#3053=DIRECTION('',(-1.,0.,0.));
#3054=DIRECTION('',(0.,1.,0.));
#3055=DIRECTION('center_axis',(0.,0.,1.));
#3056=DIRECTION('ref_axis',(0.,-1.,0.));
#3057=DIRECTION('center_axis',(8.72046855178764E-41,0.,-1.));
#3058=DIRECTION('ref_axis',(0.,-1.,0.));
#3059=DIRECTION('',(0.,0.,-1.));
#3060=DIRECTION('center_axis',(-8.72046855178764E-41,0.,1.));
#3061=DIRECTION('ref_axis',(0.,-1.,0.));
#3062=DIRECTION('',(0.,0.,1.));
#3063=DIRECTION('center_axis',(8.72046855178764E-41,0.,-1.));
#3064=DIRECTION('ref_axis',(-1.,0.,-8.72046855178764E-41));
#3065=DIRECTION('center_axis',(8.72046855178764E-41,0.,-1.));
#3066=DIRECTION('ref_axis',(1.,0.,0.));
#3067=DIRECTION('',(3.70074341541719E-16,-1.,3.22722165723808E-56));
#3068=DIRECTION('',(-1.,-3.70074341541719E-16,-8.72046855178764E-41));
#3069=DIRECTION('',(-3.70074341541719E-16,1.,-3.22722165723808E-56));
#3070=DIRECTION('center_axis',(-8.72046855178764E-41,0.,1.));
#3071=DIRECTION('ref_axis',(1.,0.,0.));
#3072=DIRECTION('',(3.70074341541719E-16,-1.,3.22722165723808E-56));
#3073=DIRECTION('',(-1.,-3.70074341541719E-16,-8.72046855178764E-41));
#3074=DIRECTION('',(-3.70074341541719E-16,1.,-3.22722165723808E-56));
#3075=DIRECTION('center_axis',(-8.72046855178764E-41,0.,1.));
#3076=DIRECTION('ref_axis',(1.,0.,0.));
#3077=DIRECTION('',(9.25185853854297E-17,-1.,8.06805414309519E-57));
#3078=DIRECTION('',(-1.,-9.25185853854297E-17,-8.72046855178764E-41));
#3079=DIRECTION('',(-9.25185853854297E-17,1.,-8.06805414309519E-57));
#3080=DIRECTION('center_axis',(8.72046855178764E-41,0.,-1.));
#3081=DIRECTION('ref_axis',(-1.,0.,0.));
#3082=DIRECTION('',(-1.,0.,-8.72046855178764E-41));
#3083=DIRECTION('',(0.,1.,0.));
#3084=DIRECTION('',(1.,0.,8.72046855178764E-41));
#3085=DIRECTION('center_axis',(8.72046855178764E-41,0.,-1.));
#3086=DIRECTION('ref_axis',(-1.,0.,0.));
#3087=DIRECTION('',(0.,-1.,0.));
#3088=DIRECTION('',(-1.,0.,-8.72046855178764E-41));
#3089=DIRECTION('',(0.,1.,0.));
#3090=DIRECTION('center_axis',(8.72046855178764E-41,0.,-1.));
#3091=DIRECTION('ref_axis',(-1.,0.,0.));
#3092=DIRECTION('',(1.,0.,8.72046855178764E-41));
#3093=DIRECTION('',(0.,-1.,0.));
#3094=DIRECTION('',(-1.,0.,-8.72046855178764E-41));
#3095=DIRECTION('center_axis',(8.72046855178764E-41,0.,-1.));
#3096=DIRECTION('ref_axis',(-1.,0.,0.));
#3097=DIRECTION('',(0.,1.,0.));
#3098=DIRECTION('',(1.,0.,8.72046855178764E-41));
#3099=DIRECTION('',(0.,-1.,0.));
#3100=DIRECTION('center_axis',(8.72046855178764E-41,0.,-1.));
#3101=DIRECTION('ref_axis',(1.,0.,0.));
#3102=DIRECTION('center_axis',(8.72046855178764E-41,0.,-1.));
#3103=DIRECTION('ref_axis',(-1.,0.,0.));
#3104=DIRECTION('center_axis',(8.72046855178764E-41,0.,-1.));
#3105=DIRECTION('ref_axis',(-1.,0.,0.));
#3106=DIRECTION('center_axis',(0.,0.,1.));
#3107=DIRECTION('ref_axis',(1.,0.,0.));
#3108=DIRECTION('center_axis',(-8.72046855178764E-41,0.,1.));
#3109=DIRECTION('ref_axis',(1.,0.,0.));
#3110=DIRECTION('',(0.,0.,-1.));
#3111=DIRECTION('center_axis',(0.,0.,1.));
#3112=DIRECTION('ref_axis',(-1.,0.,0.));
#3113=DIRECTION('center_axis',(-8.72046855178764E-41,0.,1.));
#3114=DIRECTION('ref_axis',(-1.,0.,-8.72046855178764E-41));
#3115=DIRECTION('',(0.,0.,-1.));
#3116=DIRECTION('center_axis',(-8.72046855178764E-41,0.,1.));
#3117=DIRECTION('ref_axis',(-1.,0.,-8.72046855178764E-41));
#3118=DIRECTION('center_axis',(0.,0.,1.));
#3119=DIRECTION('ref_axis',(-1.,0.,0.));
#3120=DIRECTION('center_axis',(-8.72046855178764E-41,0.,1.));
#3121=DIRECTION('ref_axis',(-1.,0.,-8.72046855178764E-41));
#3122=DIRECTION('',(0.,0.,-1.));
#3123=DIRECTION('center_axis',(-8.72046855178764E-41,0.,1.));
#3124=DIRECTION('ref_axis',(-1.,0.,-8.72046855178764E-41));
#3125=DIRECTION('center_axis',(0.,0.,1.));
#3126=DIRECTION('ref_axis',(1.,0.,0.));
#3127=DIRECTION('',(0.,0.,-1.));
#3128=DIRECTION('center_axis',(8.72046855178764E-41,-4.24484956820001E-71,
-1.));
#3129=DIRECTION('ref_axis',(1.,0.,0.));
#3130=DIRECTION('',(0.,0.,1.));
#3131=DIRECTION('center_axis',(-8.72046855178764E-41,0.,1.));
#3132=DIRECTION('ref_axis',(1.,0.,0.));
#3133=DIRECTION('center_axis',(1.,3.70074341541719E-16,0.));
#3134=DIRECTION('ref_axis',(-3.70074341541719E-16,1.,0.));
#3135=DIRECTION('',(-3.70074341541719E-16,1.,-3.22722165723808E-56));
#3136=DIRECTION('',(0.,0.,-1.));
#3137=DIRECTION('center_axis',(-3.70074341541719E-16,1.,0.));
#3138=DIRECTION('ref_axis',(0.,0.,1.));
#3139=DIRECTION('',(1.,3.70074341541719E-16,8.72046855178764E-41));
#3140=DIRECTION('',(0.,0.,1.));
#3141=DIRECTION('center_axis',(1.,3.70074341541719E-16,0.));
#3142=DIRECTION('ref_axis',(-3.70074341541719E-16,1.,0.));
#3143=DIRECTION('',(3.70074341541719E-16,-1.,3.22722165723808E-56));
#3144=DIRECTION('',(0.,0.,1.));
#3145=DIRECTION('center_axis',(0.,0.,1.));
#3146=DIRECTION('ref_axis',(1.,0.,0.));
#3147=DIRECTION('center_axis',(8.72046855178764E-41,0.,-1.));
#3148=DIRECTION('ref_axis',(1.,0.,0.));
#3149=DIRECTION('',(0.,0.,1.));
#3150=DIRECTION('center_axis',(-1.,-9.25185853854297E-17,0.));
#3151=DIRECTION('ref_axis',(9.25185853854297E-17,-1.,0.));
#3152=DIRECTION('',(0.,0.,1.));
#3153=DIRECTION('',(0.,0.,1.));
#3154=DIRECTION('',(9.25185853854297E-17,-1.,8.06805414309519E-57));
#3155=DIRECTION('center_axis',(-1.,-9.25185853854297E-17,0.));
#3156=DIRECTION('ref_axis',(9.25185853854297E-17,-1.,0.));
#3157=DIRECTION('',(0.,0.,-1.));
#3158=DIRECTION('',(-9.25185853854297E-17,1.,-8.06805414309519E-57));
#3159=DIRECTION('',(0.,0.,-1.));
#3160=DIRECTION('center_axis',(0.,0.,1.));
#3161=DIRECTION('ref_axis',(1.,0.,0.));
#3162=DIRECTION('',(0.,0.,-1.));
#3163=DIRECTION('center_axis',(8.72046855178764E-41,0.,-1.));
#3164=DIRECTION('ref_axis',(1.,0.,0.));
#3165=DIRECTION('center_axis',(-9.25185853854297E-17,1.,0.));
#3166=DIRECTION('ref_axis',(0.,0.,1.));
#3167=DIRECTION('',(1.,9.25185853854297E-17,8.72046855178764E-41));
#3168=DIRECTION('center_axis',(-1.,-3.70074341541719E-16,0.));
#3169=DIRECTION('ref_axis',(3.70074341541719E-16,-1.,0.));
#3170=DIRECTION('',(0.,0.,1.));
#3171=DIRECTION('',(3.70074341541719E-16,-1.,3.22722165723808E-56));
#3172=DIRECTION('center_axis',(-1.,-3.70074341541719E-16,0.));
#3173=DIRECTION('ref_axis',(3.70074341541719E-16,-1.,0.));
#3174=DIRECTION('',(-3.70074341541719E-16,1.,-3.22722165723808E-56));
#3175=DIRECTION('',(0.,0.,-1.));
#3176=DIRECTION('center_axis',(-3.70074341541719E-16,1.,0.));
#3177=DIRECTION('ref_axis',(0.,0.,1.));
#3178=DIRECTION('',(1.,3.70074341541719E-16,8.72046855178764E-41));
#3179=DIRECTION('center_axis',(-8.72046855178764E-41,4.24484956820001E-71,
1.));
#3180=DIRECTION('ref_axis',(-1.,0.,-8.72046855178764E-41));
#3181=DIRECTION('',(0.,1.,0.));
#3182=DIRECTION('',(1.,0.,8.72046855178764E-41));
#3183=DIRECTION('center_axis',(8.72046855178764E-41,-4.24484956820001E-71,
-1.));
#3184=DIRECTION('ref_axis',(-0.707106781186549,0.707106781186546,0.));
#3185=DIRECTION('',(0.,1.,-4.24484956820001E-71));
#3186=DIRECTION('',(1.,0.,8.72046855178764E-41));
#3187=DIRECTION('center_axis',(-8.72046855178764E-41,4.24484956820001E-71,
1.));
#3188=DIRECTION('ref_axis',(-1.,1.41494985606667E-71,-8.72046855178764E-41));
#3189=DIRECTION('center_axis',(-8.72046855178764E-41,4.24484956820001E-71,
1.));
#3190=DIRECTION('ref_axis',(-1.,1.41494985606667E-71,-8.72046855178764E-41));
#3191=DIRECTION('center_axis',(-8.72046855178764E-41,4.24484956820001E-71,
1.));
#3192=DIRECTION('ref_axis',(1.,0.,0.));
#3193=DIRECTION('center_axis',(0.,-1.,4.24484956820001E-71));
#3194=DIRECTION('ref_axis',(-1.,0.,0.));
#3195=DIRECTION('center_axis',(8.72046855178764E-41,-4.24484956820001E-71,
-1.));
#3196=DIRECTION('ref_axis',(-1.,1.41494985606667E-71,0.));
#3197=DIRECTION('center_axis',(8.72046855178764E-41,-4.24484956820001E-71,
-1.));
#3198=DIRECTION('ref_axis',(-1.,1.41494985606667E-71,0.));
#3199=DIRECTION('center_axis',(-8.72046855178764E-41,0.,1.));
#3200=DIRECTION('ref_axis',(-1.,0.,-8.72046855178764E-41));
#3201=DIRECTION('center_axis',(1.,0.,0.));
#3202=DIRECTION('ref_axis',(0.,1.,0.));
#3203=DIRECTION('center_axis',(1.,0.,0.));
#3204=DIRECTION('ref_axis',(0.,0.707106781186549,-0.707106781186546));
#3205=DIRECTION('',(0.,0.,-1.));
#3206=DIRECTION('center_axis',(-1.,0.,-8.72046855178764E-41));
#3207=DIRECTION('ref_axis',(0.,-0.707106781186549,-0.707106781186546));
#3208=DIRECTION('center_axis',(1.,0.,0.));
#3209=DIRECTION('ref_axis',(0.,-0.707106781186549,-0.707106781186546));
#3210=DIRECTION('',(1.,0.,8.72046855178764E-41));
#3211=DIRECTION('center_axis',(-1.,0.,0.));
#3212=DIRECTION('ref_axis',(0.,-0.707106781186549,-0.707106781186546));
#3213=DIRECTION('',(1.,0.,8.72046855178764E-41));
#3214=DIRECTION('center_axis',(-1.,0.,0.));
#3215=DIRECTION('ref_axis',(0.,-0.707106781186549,-0.707106781186546));
#3216=DIRECTION('center_axis',(1.,0.,0.));
#3217=DIRECTION('ref_axis',(0.,-0.707106781186549,-0.707106781186546));
#3218=DIRECTION('',(1.,0.,8.72046855178764E-41));
#3219=DIRECTION('center_axis',(1.,0.,0.));
#3220=DIRECTION('ref_axis',(0.,-0.707106781186549,-0.707106781186546));
#3221=DIRECTION('',(1.,0.,8.72046855178764E-41));
#3222=DIRECTION('center_axis',(-1.,0.,0.));
#3223=DIRECTION('ref_axis',(0.,-0.707106781186549,-0.707106781186546));
#3224=DIRECTION('',(1.,0.,8.72046855178764E-41));
#3225=DIRECTION('center_axis',(0.,1.,0.));
#3226=DIRECTION('ref_axis',(-1.,0.,0.));
#3227=DIRECTION('',(0.,0.,1.));
#3228=DIRECTION('',(-1.,0.,-8.72046855178764E-41));
#3229=DIRECTION('',(-6.23720800354331E-17,0.,1.));
#3230=DIRECTION('',(-1.,0.,-6.23720800351209E-17));
#3231=DIRECTION('',(0.,0.,-1.));
#3232=DIRECTION('center_axis',(0.,1.,0.));
#3233=DIRECTION('ref_axis',(-1.,0.,0.));
#3234=DIRECTION('',(0.,0.,1.));
#3235=DIRECTION('',(-1.,0.,-6.23720800351209E-17));
#3236=DIRECTION('',(0.,0.,1.));
#3237=DIRECTION('',(1.,0.,0.));
#3238=DIRECTION('',(0.,0.,1.));
#3239=DIRECTION('',(-1.,0.,-6.23720800351209E-17));
#3240=DIRECTION('',(0.,0.,1.));
#3241=DIRECTION('',(-1.,0.,-8.72046855178764E-41));
#3242=DIRECTION('',(0.,0.,-1.));
#3243=DIRECTION('center_axis',(1.,0.,0.));
#3244=DIRECTION('ref_axis',(0.,1.,0.));
#3245=DIRECTION('',(0.,0.,1.));
#3246=DIRECTION('',(0.,1.,0.));
#3247=DIRECTION('center_axis',(0.,-1.,0.));
#3248=DIRECTION('ref_axis',(0.70710678118654,0.,-0.707106781186555));
#3249=DIRECTION('center_axis',(0.,1.,2.40829289506542E-16));
#3250=DIRECTION('ref_axis',(0.70710678118654,0.,-0.707106781186555));
#3251=DIRECTION('',(0.,1.,0.));
#3252=DIRECTION('center_axis',(0.,-1.,0.));
#3253=DIRECTION('ref_axis',(0.70710678118654,0.,-0.707106781186555));
#3254=DIRECTION('',(0.,1.,0.));
#3255=DIRECTION('center_axis',(0.,-1.,0.));
#3256=DIRECTION('ref_axis',(0.70710678118654,0.,-0.707106781186555));
#3257=DIRECTION('center_axis',(0.,1.,0.));
#3258=DIRECTION('ref_axis',(0.70710678118654,0.,-0.707106781186555));
#3259=DIRECTION('',(0.,1.,0.));
#3260=DIRECTION('center_axis',(-1.,0.,0.));
#3261=DIRECTION('ref_axis',(0.,-1.,0.));
#3262=DIRECTION('',(0.,0.,1.));
#3263=DIRECTION('',(3.30522460212159E-50,-1.,-5.29920534999067E-34));
#3264=DIRECTION('',(-6.23720800354331E-17,0.,1.));
#3265=DIRECTION('',(0.,-1.,1.0195788231248E-58));
#3266=DIRECTION('',(0.,0.,-1.));
#3267=DIRECTION('center_axis',(-1.,0.,0.));
#3268=DIRECTION('ref_axis',(0.,-1.,0.));
#3269=DIRECTION('',(0.,0.,1.));
#3270=DIRECTION('',(0.,-1.,3.25438466895318E-71));
#3271=DIRECTION('',(0.,0.,-1.));
#3272=DIRECTION('',(0.,-1.,0.));
#3273=DIRECTION('',(0.,0.,1.));
#3274=DIRECTION('',(0.,-1.,0.));
#3275=DIRECTION('',(0.,0.,1.));
#3276=DIRECTION('center_axis',(0.,1.,0.));
#3277=DIRECTION('ref_axis',(-1.,0.,-8.72046855178764E-41));
#3278=DIRECTION('',(0.,0.,1.));
#3279=DIRECTION('',(-1.,0.,-8.72046855178764E-41));
#3280=DIRECTION('center_axis',(1.,0.,8.72046855178764E-41));
#3281=DIRECTION('ref_axis',(0.,0.707106781186549,-0.707106781186546));
#3282=DIRECTION('center_axis',(-1.,0.,0.));
#3283=DIRECTION('ref_axis',(0.,0.707106781186549,-0.707106781186546));
#3284=DIRECTION('',(-1.,0.,-8.72046855178764E-41));
#3285=DIRECTION('center_axis',(-1.,0.,0.));
#3286=DIRECTION('ref_axis',(0.,-1.,0.));
#3287=DIRECTION('',(0.,0.,1.));
#3288=DIRECTION('',(0.,-1.,0.));
#3289=DIRECTION('',(0.,0.,1.));
#3290=DIRECTION('center_axis',(0.,1.,0.));
#3291=DIRECTION('ref_axis',(-0.707106781186547,0.,-0.707106781186548));
#3292=DIRECTION('center_axis',(0.,-1.,0.));
#3293=DIRECTION('ref_axis',(-0.707106781186547,0.,-0.707106781186548));
#3294=DIRECTION('',(0.,-1.,0.));
#3295=DIRECTION('center_axis',(0.,1.,0.));
#3296=DIRECTION('ref_axis',(-0.707106781186547,0.,-0.707106781186548));
#3297=DIRECTION('center_axis',(0.,-1.,0.));
#3298=DIRECTION('ref_axis',(1.,0.,8.72046855178764E-41));
#3299=DIRECTION('',(0.,0.,1.));
#3300=DIRECTION('',(0.,0.,1.));
#3301=DIRECTION('center_axis',(-8.72046855178764E-41,3.25438466895318E-71,
1.));
#3302=DIRECTION('ref_axis',(1.,0.,0.));
#3303=DIRECTION('center_axis',(-8.72046855178764E-41,3.25438466895318E-71,
1.));
#3304=DIRECTION('ref_axis',(-1.,1.08479488965106E-71,-8.72046855178764E-41));
#3305=DIRECTION('center_axis',(-8.72046855178764E-41,0.,1.));
#3306=DIRECTION('ref_axis',(-1.,0.,-8.72046855178764E-41));
#3307=DIRECTION('center_axis',(0.,-1.,3.25438466895318E-71));
#3308=DIRECTION('ref_axis',(-1.,0.,0.));
#3309=DIRECTION('center_axis',(8.72046855178764E-41,-3.25438466895318E-71,
-1.));
#3310=DIRECTION('ref_axis',(-1.,1.08479488965106E-71,0.));
#3311=DIRECTION('center_axis',(8.72046855178764E-41,-3.25438466895318E-71,
-1.));
#3312=DIRECTION('ref_axis',(-1.,1.08479488965106E-71,0.));
#3313=DIRECTION('center_axis',(0.,0.,1.));
#3314=DIRECTION('ref_axis',(-1.,0.,0.));
#3315=DIRECTION('center_axis',(-8.72046855178764E-41,0.,1.));
#3316=DIRECTION('ref_axis',(-1.,0.,0.));
#3317=DIRECTION('',(0.,0.,-1.));
#3318=DIRECTION('center_axis',(-8.72046855178764E-41,1.0195788231248E-58,
1.));
#3319=DIRECTION('ref_axis',(1.,0.,0.));
#3320=DIRECTION('center_axis',(-8.72046855178764E-41,1.0195788231248E-58,
1.));
#3321=DIRECTION('ref_axis',(-1.,3.39859607708266E-59,-8.72046855178764E-41));
#3322=DIRECTION('center_axis',(0.,-1.,1.0195788231248E-58));
#3323=DIRECTION('ref_axis',(-1.,0.,0.));
#3324=DIRECTION('center_axis',(8.72046855178764E-41,-1.0195788231248E-58,
-1.));
#3325=DIRECTION('ref_axis',(-1.,3.39859607708266E-59,0.));
#3326=DIRECTION('center_axis',(8.72046855178764E-41,-1.0195788231248E-58,
-1.));
#3327=DIRECTION('ref_axis',(-1.,3.39859607708266E-59,0.));
#3328=DIRECTION('center_axis',(-8.72046855178764E-41,0.,1.));
#3329=DIRECTION('ref_axis',(-1.,0.,-8.72046855178764E-41));
#3330=DIRECTION('center_axis',(0.,0.,1.));
#3331=DIRECTION('ref_axis',(-1.,0.,0.));
#3332=DIRECTION('center_axis',(-8.72046855178764E-41,0.,1.));
#3333=DIRECTION('ref_axis',(-1.,0.,0.));
#3334=DIRECTION('',(0.,0.,-1.));
#3335=DIRECTION('center_axis',(0.,0.,1.));
#3336=DIRECTION('ref_axis',(-1.,0.,0.));
#3337=DIRECTION('center_axis',(-8.72046855178764E-41,0.,1.));
#3338=DIRECTION('ref_axis',(-1.,0.,0.));
#3339=DIRECTION('',(0.,0.,-1.));
#3340=DIRECTION('center_axis',(-8.72046855178764E-41,0.,1.));
#3341=DIRECTION('ref_axis',(1.,0.,0.));
#3342=DIRECTION('center_axis',(-8.72046855178764E-41,0.,1.));
#3343=DIRECTION('ref_axis',(-1.,0.,-8.72046855178764E-41));
#3344=DIRECTION('center_axis',(-8.72046855178764E-41,0.,1.));
#3345=DIRECTION('ref_axis',(-1.,0.,-8.72046855178764E-41));
#3346=DIRECTION('center_axis',(0.,-1.,0.));
#3347=DIRECTION('ref_axis',(-1.,0.,0.));
#3348=DIRECTION('center_axis',(8.72046855178764E-41,0.,-1.));
#3349=DIRECTION('ref_axis',(-1.,0.,0.));
#3350=DIRECTION('center_axis',(8.72046855178764E-41,0.,-1.));
#3351=DIRECTION('ref_axis',(-1.,0.,0.));
#3352=DIRECTION('center_axis',(-8.72046855178764E-41,0.,1.));
#3353=DIRECTION('ref_axis',(-1.,0.,-8.72046855178764E-41));
#3354=DIRECTION('center_axis',(0.,0.,1.));
#3355=DIRECTION('ref_axis',(-1.,0.,0.));
#3356=DIRECTION('center_axis',(-8.72046855178764E-41,0.,1.));
#3357=DIRECTION('ref_axis',(-1.,0.,0.));
#3358=DIRECTION('',(0.,0.,-1.));
#3359=DIRECTION('center_axis',(0.,0.,-1.));
#3360=DIRECTION('ref_axis',(-1.,0.,-8.72046855178764E-41));
#3361=DIRECTION('center_axis',(-8.72046855178764E-41,0.,1.));
#3362=DIRECTION('ref_axis',(-1.,0.,-8.72046855178764E-41));
#3363=DIRECTION('',(-0.707106781186548,8.65956056235493E-17,0.707106781186548));
#3364=DIRECTION('center_axis',(-8.72046855178764E-41,0.,1.));
#3365=DIRECTION('ref_axis',(-1.,0.,-8.72046855178764E-41));
#3366=DIRECTION('center_axis',(-8.72046855178764E-41,0.,1.));
#3367=DIRECTION('ref_axis',(-1.,0.,-8.72046855178764E-41));
#3368=DIRECTION('',(-8.72046855178764E-41,0.,1.));
#3369=DIRECTION('center_axis',(8.72046855178764E-41,0.,-1.));
#3370=DIRECTION('ref_axis',(-1.,0.,-8.72046855178764E-41));
#3371=DIRECTION('center_axis',(0.,0.,-1.));
#3372=DIRECTION('ref_axis',(-1.,0.,-8.72046855178764E-41));
#3373=DIRECTION('center_axis',(-8.72046855178764E-41,0.,1.));
#3374=DIRECTION('ref_axis',(-1.,0.,-8.72046855178764E-41));
#3375=DIRECTION('',(-0.707106781186548,8.65956056235493E-17,0.707106781186548));
#3376=DIRECTION('center_axis',(-8.72046855178764E-41,0.,1.));
#3377=DIRECTION('ref_axis',(-1.,0.,-8.72046855178764E-41));
#3378=DIRECTION('center_axis',(-8.72046855178764E-41,0.,1.));
#3379=DIRECTION('ref_axis',(-1.,0.,-8.72046855178764E-41));
#3380=DIRECTION('',(-8.72046855178764E-41,0.,1.));
#3381=DIRECTION('center_axis',(8.72046855178764E-41,0.,-1.));
#3382=DIRECTION('ref_axis',(-1.,0.,-8.72046855178764E-41));
#3383=DIRECTION('center_axis',(0.,0.,-1.));
#3384=DIRECTION('ref_axis',(-1.,0.,-8.72046855178764E-41));
#3385=DIRECTION('center_axis',(-8.72046855178764E-41,0.,1.));
#3386=DIRECTION('ref_axis',(-1.,0.,-8.72046855178764E-41));
#3387=DIRECTION('',(-0.707106781186547,8.65956056235492E-17,0.707106781186548));
#3388=DIRECTION('center_axis',(-8.72046855178764E-41,0.,1.));
#3389=DIRECTION('ref_axis',(-1.,0.,-8.72046855178764E-41));
#3390=DIRECTION('center_axis',(-8.72046855178764E-41,0.,1.));
#3391=DIRECTION('ref_axis',(-1.,0.,-8.72046855178764E-41));
#3392=DIRECTION('',(-8.72046855178764E-41,0.,1.));
#3393=DIRECTION('center_axis',(8.72046855178764E-41,0.,-1.));
#3394=DIRECTION('ref_axis',(-1.,0.,-8.72046855178764E-41));
#3395=DIRECTION('center_axis',(0.,0.,-1.));
#3396=DIRECTION('ref_axis',(-1.,0.,-8.72046855178764E-41));
#3397=DIRECTION('center_axis',(-8.72046855178764E-41,0.,1.));
#3398=DIRECTION('ref_axis',(-1.,0.,-8.72046855178764E-41));
#3399=DIRECTION('',(-0.707106781186547,8.65956056235492E-17,0.707106781186548));
#3400=DIRECTION('center_axis',(-8.72046855178764E-41,0.,1.));
#3401=DIRECTION('ref_axis',(-1.,0.,-8.72046855178764E-41));
#3402=DIRECTION('center_axis',(-8.72046855178764E-41,0.,1.));
#3403=DIRECTION('ref_axis',(-1.,0.,-8.72046855178764E-41));
#3404=DIRECTION('',(-8.72046855178764E-41,0.,1.));
#3405=DIRECTION('center_axis',(8.72046855178764E-41,0.,-1.));
#3406=DIRECTION('ref_axis',(-1.,0.,-8.72046855178764E-41));
#3407=DIRECTION('center_axis',(-8.72046855178764E-41,0.,1.));
#3408=DIRECTION('ref_axis',(-1.,0.,-8.72046855178764E-41));
#3409=DIRECTION('center_axis',(-8.72046855178764E-41,0.,1.));
#3410=DIRECTION('ref_axis',(-1.,0.,-8.72046855178764E-41));
#3411=DIRECTION('',(-8.72046855178764E-41,0.,1.));
#3412=DIRECTION('center_axis',(-8.72046855178764E-41,0.,1.));
#3413=DIRECTION('ref_axis',(-1.,0.,-8.72046855178764E-41));
#3414=DIRECTION('center_axis',(-8.72046855178764E-41,0.,1.));
#3415=DIRECTION('ref_axis',(-1.,0.,-8.72046855178764E-41));
#3416=DIRECTION('',(-8.72046855178764E-41,0.,1.));
#3417=DIRECTION('center_axis',(-8.72046855178764E-41,0.,1.));
#3418=DIRECTION('ref_axis',(-1.,0.,-8.72046855178764E-41));
#3419=DIRECTION('center_axis',(-8.72046855178764E-41,0.,1.));
#3420=DIRECTION('ref_axis',(-1.,0.,-8.72046855178764E-41));
#3421=DIRECTION('',(-8.72046855178764E-41,0.,1.));
#3422=DIRECTION('center_axis',(-8.72046855178764E-41,0.,1.));
#3423=DIRECTION('ref_axis',(-1.,0.,-8.72046855178764E-41));
#3424=DIRECTION('center_axis',(-8.72046855178764E-41,0.,1.));
#3425=DIRECTION('ref_axis',(-1.,0.,-8.72046855178764E-41));
#3426=DIRECTION('',(-8.72046855178764E-41,0.,1.));
#3427=DIRECTION('center_axis',(0.,-1.,0.));
#3428=DIRECTION('ref_axis',(1.,0.,8.72046855178764E-41));
#3429=DIRECTION('',(1.,0.,8.72046855178764E-41));
#3430=DIRECTION('',(0.,0.,1.));
#3431=DIRECTION('center_axis',(0.,0.,1.));
#3432=DIRECTION('ref_axis',(-1.,0.,0.));
#3433=DIRECTION('center_axis',(-8.72046855178764E-41,1.0195788231248E-58,
1.));
#3434=DIRECTION('ref_axis',(-1.,0.,-8.72046855178764E-41));
#3435=DIRECTION('center_axis',(8.72046855178764E-41,-1.0195788231248E-58,
-1.));
#3436=DIRECTION('ref_axis',(0.707106781186554,0.707106781186541,0.));
#3437=DIRECTION('',(1.,0.,8.72046855178764E-41));
#3438=DIRECTION('center_axis',(-1.,0.,0.));
#3439=DIRECTION('ref_axis',(0.,-1.,0.));
#3440=DIRECTION('',(0.,-1.,0.));
#3441=DIRECTION('',(0.,0.,1.));
#3442=DIRECTION('center_axis',(0.,0.,1.));
#3443=DIRECTION('ref_axis',(-1.,0.,0.));
#3444=DIRECTION('center_axis',(-8.72046855178764E-41,3.25438466895318E-71,
1.));
#3445=DIRECTION('ref_axis',(-1.,0.,-8.72046855178764E-41));
#3446=DIRECTION('center_axis',(8.72046855178764E-41,-3.25438466895318E-71,
-1.));
#3447=DIRECTION('ref_axis',(0.707106781186554,-0.707106781186541,0.));
#3448=DIRECTION('center_axis',(0.,1.,0.));
#3449=DIRECTION('ref_axis',(-1.,0.,0.));
#3450=DIRECTION('',(0.,0.,1.));
#3451=DIRECTION('',(-1.,0.,-6.23720800351209E-17));
#3452=DIRECTION('',(0.,0.,1.));
#3453=DIRECTION('center_axis',(0.,0.,1.));
#3454=DIRECTION('ref_axis',(-1.,0.,0.));
#3455=DIRECTION('center_axis',(0.,1.,0.));
#3456=DIRECTION('ref_axis',(-1.,0.,-8.72046855178764E-41));
#3457=DIRECTION('',(0.,0.,-1.));
#3458=DIRECTION('',(-1.,0.,-8.72046855178764E-41));
#3459=DIRECTION('',(0.,0.,1.));
#3460=DIRECTION('center_axis',(0.,0.,1.));
#3461=DIRECTION('ref_axis',(-1.,0.,0.));
#3462=DIRECTION('center_axis',(-8.72046855178764E-41,0.,1.));
#3463=DIRECTION('ref_axis',(-1.,0.,-8.72046855178764E-41));
#3464=DIRECTION('',(0.,1.,0.));
#3465=DIRECTION('center_axis',(8.72046855178764E-41,0.,-1.));
#3466=DIRECTION('ref_axis',(-0.70710678118655,-0.707106781186545,0.));
#3467=DIRECTION('center_axis',(1.,0.,0.));
#3468=DIRECTION('ref_axis',(0.,1.,0.));
#3469=DIRECTION('',(-6.23720800354331E-17,0.,1.));
#3470=DIRECTION('',(-4.02455846426619E-17,1.,-2.51020082639234E-33));
#3471=DIRECTION('',(-6.23720800354331E-17,0.,1.));
#3472=DIRECTION('center_axis',(8.72046855178764E-41,0.,-1.));
#3473=DIRECTION('ref_axis',(-1.,0.,-8.72046855178764E-41));
#3474=DIRECTION('center_axis',(8.72046855178764E-41,0.,-1.));
#3475=DIRECTION('ref_axis',(-1.,0.,-8.72046855178764E-41));
#3476=DIRECTION('center_axis',(8.72046855178764E-41,0.,-1.));
#3477=DIRECTION('ref_axis',(-1.,0.,-8.72046855178764E-41));
#3478=DIRECTION('center_axis',(8.72046855178764E-41,0.,-1.));
#3479=DIRECTION('ref_axis',(-1.,0.,-8.72046855178764E-41));
#3480=DIRECTION('center_axis',(6.90118800230625E-14,-0.707106781186513,
-0.707106781186583));
#3481=DIRECTION('ref_axis',(-1.,0.,-9.7597536693475E-14));
#3482=DIRECTION('',(-6.94765912967601E-14,0.707106781186517,-0.707106781186579));
#3483=DIRECTION('',(1.,9.75975366934847E-14,8.72046855178764E-41));
#3484=DIRECTION('',(6.28036983473479E-14,-0.707106781186583,0.707106781186513));
#3485=DIRECTION('',(-1.,-9.75975366934847E-14,-8.72046855178764E-41));
#3486=DIRECTION('center_axis',(0.,0.,1.));
#3487=DIRECTION('ref_axis',(-1.,2.22044604925052E-15,-2.9068228505957E-41));
#3488=DIRECTION('',(0.707106781186546,-3.14018491736756E-15,-0.707106781186549));
#3489=DIRECTION('center_axis',(-8.72046855178764E-41,0.,1.));
#3490=DIRECTION('ref_axis',(-1.,2.22044604925053E-15,-8.72046855178764E-41));
#3491=DIRECTION('center_axis',(8.72046855178764E-41,0.,-1.));
#3492=DIRECTION('ref_axis',(-1.,2.22044604925053E-15,0.));
#3493=DIRECTION('center_axis',(-0.707106781186548,9.23583799225751E-17,
-0.707106781186547));
#3494=DIRECTION('ref_axis',(-0.707106781186547,0.,0.707106781186548));
#3495=DIRECTION('',(0.707106781186549,0.,-0.707106781186546));
#3496=DIRECTION('',(-1.30614473485313E-16,-1.,-1.13901940843697E-56));
#3497=DIRECTION('',(1.30614473485313E-16,1.,1.13901940843697E-56));
#3498=DIRECTION('center_axis',(0.,0.,1.));
#3499=DIRECTION('ref_axis',(1.73472347597681E-15,1.,5.0425338394345E-56));
#3500=DIRECTION('',(-1.2266347333467E-15,-0.707106781186546,-0.707106781186549));
#3501=DIRECTION('center_axis',(-8.72046855178764E-41,0.,1.));
#3502=DIRECTION('ref_axis',(1.73472347597681E-15,1.,1.51276015183035E-55));
#3503=DIRECTION('center_axis',(8.72046855178764E-41,0.,-1.));
#3504=DIRECTION('ref_axis',(1.73472347597681E-15,1.,0.));
#3505=DIRECTION('center_axis',(6.16630244809309E-41,0.707106781186546,-0.707106781186549));
#3506=DIRECTION('ref_axis',(-1.,0.,-8.72046855178764E-41));
#3507=DIRECTION('',(0.,-0.707106781186546,-0.707106781186549));
#3508=DIRECTION('',(-1.,0.,-8.72046855178764E-41));
#3509=DIRECTION('',(1.,0.,8.72046855178764E-41));
#3510=DIRECTION('center_axis',(0.,0.,1.));
#3511=DIRECTION('ref_axis',(1.,0.,2.90682285059588E-41));
#3512=DIRECTION('center_axis',(-8.72046855178764E-41,0.,1.));
#3513=DIRECTION('ref_axis',(1.,0.,8.72046855178764E-41));
#3514=DIRECTION('center_axis',(8.72046855178764E-41,0.,-1.));
#3515=DIRECTION('ref_axis',(1.,0.,0.));
#3516=DIRECTION('center_axis',(0.,0.,1.));
#3517=DIRECTION('ref_axis',(0.,-1.,0.));
#3518=DIRECTION('center_axis',(-8.72046855178764E-41,0.,1.));
#3519=DIRECTION('ref_axis',(0.,-1.,0.));
#3520=DIRECTION('center_axis',(8.72046855178764E-41,0.,-1.));
#3521=DIRECTION('ref_axis',(0.,-1.,0.));
#3522=DIRECTION('center_axis',(0.,0.,1.));
#3523=DIRECTION('ref_axis',(1.73472347597681E-15,1.,0.));
#3524=DIRECTION('',(0.,0.,1.));
#3525=DIRECTION('center_axis',(-9.35581200526814E-17,0.,1.));
#3526=DIRECTION('ref_axis',(1.73472347597681E-15,1.,0.));
#3527=DIRECTION('',(0.,0.,1.));
#3528=DIRECTION('center_axis',(-1.,1.30614473485313E-16,0.));
#3529=DIRECTION('ref_axis',(-1.30614473485313E-16,-1.,0.));
#3530=DIRECTION('',(0.,0.,1.));
#3531=DIRECTION('',(-1.30614473485313E-16,-1.,-1.22200445909566E-32));
#3532=DIRECTION('center_axis',(0.,0.,1.));
#3533=DIRECTION('ref_axis',(-1.,2.22044604925053E-15,0.));
#3534=DIRECTION('',(0.,0.,1.));
#3535=DIRECTION('center_axis',(-9.35581200526814E-17,0.,1.));
#3536=DIRECTION('ref_axis',(-1.,2.22044604925053E-15,0.));
#3537=DIRECTION('center_axis',(9.75975366934847E-14,-1.,0.));
#3538=DIRECTION('ref_axis',(1.,9.75975366934847E-14,0.));
#3539=DIRECTION('',(0.,0.,1.));
#3540=DIRECTION('',(1.,9.75975366934847E-14,9.35581200526814E-17));
#3541=DIRECTION('',(0.,0.,-1.));
#3542=DIRECTION('',(-1.,-9.75975366934847E-14,-9.85045748943682E-29));
#3543=DIRECTION('',(0.,0.,1.));
#3544=DIRECTION('',(1.,9.75975366934847E-14,9.35581200526814E-17));
#3545=DIRECTION('',(0.,0.,-1.));
#3546=DIRECTION('',(-1.,-9.75975366934847E-14,-9.8430070834624E-29));
#3547=DIRECTION('',(0.,0.,1.));
#3548=DIRECTION('',(1.,9.75975366934847E-14,9.35581200526814E-17));
#3549=DIRECTION('',(0.,0.,-1.));
#3550=DIRECTION('',(-1.,-9.75975366934847E-14,-9.85045748943682E-29));
#3551=DIRECTION('',(0.,0.,1.));
#3552=DIRECTION('',(1.,9.75975366934847E-14,9.35581200526814E-17));
#3553=DIRECTION('center_axis',(8.72046855178764E-41,0.,-1.));
#3554=DIRECTION('ref_axis',(-1.,0.,-8.72046855178764E-41));
#3555=DIRECTION('',(0.,-1.,0.));
#3556=DIRECTION('center_axis',(0.707106781186555,0.,0.70710678118654));
#3557=DIRECTION('ref_axis',(0.70710678118654,0.,-0.707106781186555));
#3558=DIRECTION('',(-0.70710678118654,-1.70292023718416E-16,0.707106781186555));
#3559=DIRECTION('',(0.,-1.,0.));
#3560=DIRECTION('center_axis',(0.,-1.,-2.40829289506542E-16));
#3561=DIRECTION('ref_axis',(0.,-2.40829289506542E-16,1.));
#3562=DIRECTION('',(1.,0.,0.));
#3563=DIRECTION('',(-1.,0.,-6.23720800351209E-17));
#3564=DIRECTION('',(0.,0.,1.));
#3565=DIRECTION('',(-1.,2.2531535579855E-32,-9.35581200526814E-17));
#3566=DIRECTION('center_axis',(6.89457244419419E-14,-0.70710678118655,0.707106781186545));
#3567=DIRECTION('ref_axis',(1.,0.,-9.75039785734327E-14));
#3568=DIRECTION('',(0.,-0.707106781186545,-0.70710678118655));
#3569=DIRECTION('',(-8.37382644631349E-14,0.707106781186545,0.70710678118655));
#3570=DIRECTION('center_axis',(0.,0.,-1.));
#3571=DIRECTION('ref_axis',(0.,-1.,0.));
#3572=DIRECTION('center_axis',(-9.35581200526814E-17,0.,1.));
#3573=DIRECTION('ref_axis',(0.,-1.,0.));
#3574=DIRECTION('center_axis',(0.,0.,1.));
#3575=DIRECTION('ref_axis',(0.,-1.,0.));
#3576=DIRECTION('center_axis',(6.89457244419417E-14,-0.707106781186549,
0.707106781186546));
#3577=DIRECTION('ref_axis',(1.,0.,-9.75039785734324E-14));
#3578=DIRECTION('',(0.,0.707106781186546,0.707106781186549));
#3579=DIRECTION('',(-1.,-9.75975366934847E-14,-9.35581200526814E-17));
#3580=DIRECTION('',(0.,-0.707106781186546,-0.707106781186549));
#3581=DIRECTION('center_axis',(-1.,0.,0.));
#3582=DIRECTION('ref_axis',(0.,0.,1.));
#3583=DIRECTION('',(0.,1.,1.00929365875014E-15));
#3584=DIRECTION('',(0.,1.,0.));
#3585=DIRECTION('',(0.,0.,1.));
#3586=DIRECTION('',(0.,1.,0.));
#3587=DIRECTION('center_axis',(6.89457244419419E-14,-0.70710678118655,0.707106781186545));
#3588=DIRECTION('ref_axis',(1.,0.,-9.75039785734327E-14));
#3589=DIRECTION('',(0.,0.707106781186545,0.70710678118655));
#3590=DIRECTION('',(-1.,-9.75975366934847E-14,-9.35581200526814E-17));
#3591=DIRECTION('',(0.,-0.707106781186545,-0.70710678118655));
#3592=DIRECTION('center_axis',(-1.,0.,0.));
#3593=DIRECTION('ref_axis',(0.,-1.0570244244822E-15,1.));
#3594=DIRECTION('',(0.,1.,1.00929365875014E-15));
#3595=DIRECTION('',(2.22044604925329E-15,1.,1.38493838697694E-31));
#3596=DIRECTION('',(0.,0.,1.));
#3597=DIRECTION('',(0.,1.,0.));
#3598=DIRECTION('center_axis',(0.707106781186555,0.,0.70710678118654));
#3599=DIRECTION('ref_axis',(0.70710678118654,0.,-0.707106781186555));
#3600=DIRECTION('',(0.70710678118654,0.,-0.707106781186555));
#3601=DIRECTION('',(-0.70710678118654,0.,0.707106781186555));
#3602=DIRECTION('',(0.,-1.,0.));
#3603=DIRECTION('center_axis',(0.,0.,-1.));
#3604=DIRECTION('ref_axis',(1.,0.,4.29861632674482E-17));
#3605=DIRECTION('',(0.,-0.70710678118654,0.707106781186555));
#3606=DIRECTION('center_axis',(9.35581200526814E-17,0.,-1.));
#3607=DIRECTION('ref_axis',(1.,0.,9.35581200526814E-17));
#3608=DIRECTION('center_axis',(-9.35581200526814E-17,0.,1.));
#3609=DIRECTION('ref_axis',(1.,0.,0.));
#3610=DIRECTION('center_axis',(-6.61555811243159E-17,0.70710678118655,0.707106781186545));
#3611=DIRECTION('ref_axis',(1.,0.,9.35581200526814E-17));
#3612=DIRECTION('',(3.92523114670945E-15,-0.707106781186545,0.70710678118655));
#3613=DIRECTION('',(1.,0.,9.35581200526814E-17));
#3614=DIRECTION('',(-1.,0.,-9.35581200526814E-17));
#3615=DIRECTION('center_axis',(0.,0.,-1.));
#3616=DIRECTION('ref_axis',(1.73472347597681E-15,1.,7.45691065622143E-32));
#3617=DIRECTION('',(0.707106781186554,0.,0.707106781186541));
#3618=DIRECTION('center_axis',(9.35581200526814E-17,0.,-1.));
#3619=DIRECTION('ref_axis',(1.73472347597681E-15,1.,1.62297467223643E-31));
#3620=DIRECTION('center_axis',(-0.707106781186543,9.23583799225744E-17,
0.707106781186552));
#3621=DIRECTION('ref_axis',(0.707106781186552,0.,0.707106781186543));
#3622=DIRECTION('',(0.707106781186552,0.,0.707106781186543));
#3623=DIRECTION('',(1.30614473485313E-16,1.,1.22200445909566E-32));
#3624=DIRECTION('center_axis',(0.,0.,-1.));
#3625=DIRECTION('ref_axis',(-1.,2.22044604925053E-15,-4.29861632674478E-17));
#3626=DIRECTION('',(-6.73831346851793E-14,0.70710678118656,0.707106781186535));
#3627=DIRECTION('center_axis',(9.35581200526814E-17,0.,-1.));
#3628=DIRECTION('ref_axis',(-1.,2.22044604925052E-15,-9.35581200526814E-17));
#3629=DIRECTION('center_axis',(6.89457244419419E-14,-0.70710678118655,0.707106781186545));
#3630=DIRECTION('ref_axis',(1.,0.,-9.75039785734327E-14));
#3631=DIRECTION('',(0.,0.707106781186545,0.70710678118655));
#3632=DIRECTION('',(-1.,-9.75975366934847E-14,-9.35581200526814E-17));
#3633=DIRECTION('center_axis',(-1.,0.,0.));
#3634=DIRECTION('ref_axis',(0.,0.,1.));
#3635=DIRECTION('',(0.,-1.,-1.00929365875014E-15));
#3636=DIRECTION('',(-2.22044604925031E-15,1.,-1.38493838697508E-31));
#3637=DIRECTION('',(-6.23720800354331E-17,0.,1.));
#3638=DIRECTION('',(0.,1.,0.));
#3639=DIRECTION('center_axis',(0.,1.,0.));
#3640=DIRECTION('ref_axis',(-1.,0.,0.));
#3641=DIRECTION('',(0.,0.,-1.));
#3642=DIRECTION('center_axis',(0.,0.,1.));
#3643=DIRECTION('ref_axis',(1.,0.,0.));
#3644=DIRECTION('center_axis',(0.,0.,1.));
#3645=DIRECTION('ref_axis',(1.,0.,0.));
#3646=DIRECTION('',(1.,-5.5511151231258E-16,6.23720800351209E-17));
#3647=DIRECTION('',(0.,1.,0.));
#3648=DIRECTION('center_axis',(0.,1.,0.));
#3649=DIRECTION('ref_axis',(-1.,0.,-6.23720800351209E-17));
#3650=DIRECTION('',(1.,0.,9.35581200526814E-17));
#3651=DIRECTION('',(-6.23720800354331E-17,0.,1.));
#3652=DIRECTION('',(-1.,0.,-6.23720800351209E-17));
#3653=DIRECTION('',(-6.23720800354331E-17,0.,1.));
#3654=DIRECTION('center_axis',(-6.23720800354331E-17,0.,1.));
#3655=DIRECTION('ref_axis',(1.,0.,6.23720800354331E-17));
#3656=DIRECTION('center_axis',(9.35581200526814E-17,0.,-1.));
#3657=DIRECTION('ref_axis',(1.,0.,6.23720800354331E-17));
#3658=DIRECTION('center_axis',(-6.23720800351209E-17,0.,1.));
#3659=DIRECTION('ref_axis',(1.,0.,6.23720800351209E-17));
#3660=DIRECTION('',(-6.23720800354331E-17,0.,1.));
#3661=DIRECTION('center_axis',(1.,-4.3016821001841E-61,6.23720800354331E-17));
#3662=DIRECTION('ref_axis',(-8.59358396551627E-50,1.,1.3777933909976E-33));
#3663=DIRECTION('',(-4.3016821001841E-61,-1.,-4.02457290357495E-77));
#3664=DIRECTION('',(-8.59358396551627E-50,1.,1.3777933909976E-33));
#3665=DIRECTION('',(-6.23720800354331E-17,0.,1.));
#3666=DIRECTION('center_axis',(0.,-1.,0.));
#3667=DIRECTION('ref_axis',(1.,0.,6.23720800351209E-17));
#3668=DIRECTION('',(-1.,0.,-9.35581200526814E-17));
#3669=DIRECTION('',(1.,0.,6.23720800351209E-17));
#3670=DIRECTION('',(-6.23720800354331E-17,0.,1.));
#3671=DIRECTION('center_axis',(-6.23720800354331E-17,0.,1.));
#3672=DIRECTION('ref_axis',(-1.,0.,-6.23720800354331E-17));
#3673=DIRECTION('center_axis',(9.35581200526814E-17,0.,-1.));
#3674=DIRECTION('ref_axis',(-1.,0.,-6.23720800354331E-17));
#3675=DIRECTION('center_axis',(-6.23720800351209E-17,0.,1.));
#3676=DIRECTION('ref_axis',(-1.,0.,-6.23720800351209E-17));
#3677=DIRECTION('',(-6.23720800354331E-17,0.,1.));
#3678=DIRECTION('center_axis',(-1.,-3.33066907387547E-17,-6.23720800354331E-17));
#3679=DIRECTION('ref_axis',(3.33066907387547E-17,-1.,2.07740758046263E-33));
#3680=DIRECTION('',(-3.33066907387547E-17,1.,-3.11611137069395E-33));
#3681=DIRECTION('',(3.33066907387547E-17,-1.,2.07740758046263E-33));
#3682=DIRECTION('',(-6.23720800354331E-17,0.,1.));
#3683=DIRECTION('center_axis',(-6.23720800354331E-17,0.,1.));
#3684=DIRECTION('ref_axis',(1.41787330939888E-15,1.,8.84357075339315E-32));
#3685=DIRECTION('center_axis',(9.35581200526814E-17,0.,-1.));
#3686=DIRECTION('ref_axis',(1.41787330939888E-15,1.,8.84357075339315E-32));
#3687=DIRECTION('center_axis',(-6.23720800351209E-17,0.,1.));
#3688=DIRECTION('ref_axis',(1.41787330939888E-15,1.,8.84357075334888E-32));
#3689=DIRECTION('center_axis',(-6.23720800351209E-17,0.,1.));
#3690=DIRECTION('ref_axis',(-1.,0.,-6.23720800351209E-17));
#3691=DIRECTION('center_axis',(6.23720800351209E-17,0.,-1.));
#3692=DIRECTION('ref_axis',(-1.,0.,-6.23720800351209E-17));
#3693=DIRECTION('center_axis',(6.23720800351209E-17,0.,-1.));
#3694=DIRECTION('ref_axis',(1.41787330939873E-15,1.,8.84357075334794E-32));
#3695=DIRECTION('',(1.,0.,6.23720800351209E-17));
#3696=DIRECTION('center_axis',(6.23720800351209E-17,-3.37578731825178E-33,
-1.));
#3697=DIRECTION('ref_axis',(1.,0.,6.23720800351209E-17));
#3698=DIRECTION('',(1.,0.,6.23720800351209E-17));
#3699=DIRECTION('center_axis',(-9.35581200526814E-17,0.,1.));
#3700=DIRECTION('ref_axis',(1.,0.,9.35581200526814E-17));
#3701=DIRECTION('',(1.,0.,9.35581200526814E-17));
#3702=DIRECTION('center_axis',(1.,0.,0.));
#3703=DIRECTION('ref_axis',(0.,1.,0.));
#3704=DIRECTION('',(0.,1.,0.));
#3705=DIRECTION('',(0.,0.,1.));
#3706=DIRECTION('',(0.,-1.,0.));
#3707=DIRECTION('',(0.,0.,1.));
#3708=DIRECTION('center_axis',(0.,0.,1.));
#3709=DIRECTION('ref_axis',(-4.09928501400058E-14,-1.,0.));
#3710=DIRECTION('center_axis',(-6.23720800351209E-17,-3.98562673568949E-46,
1.));
#3711=DIRECTION('ref_axis',(-4.09928501400058E-14,-1.,-2.55680932980016E-30));
#3712=DIRECTION('',(0.,0.,1.));
#3713=DIRECTION('center_axis',(0.,-1.,0.));
#3714=DIRECTION('ref_axis',(1.,0.,6.23720800351209E-17));
#3715=DIRECTION('',(1.,0.,6.23720800351209E-17));
#3716=DIRECTION('',(0.,0.,1.));
#3717=DIRECTION('center_axis',(-6.23720800351209E-17,0.,1.));
#3718=DIRECTION('ref_axis',(-1.,0.,-6.23720800351209E-17));
#3719=DIRECTION('center_axis',(6.23720800351209E-17,3.9856267356895E-46,
-1.));
#3720=DIRECTION('ref_axis',(-3.55271367880051E-14,-1.,-2.21590141916015E-30));
#3721=DIRECTION('',(0.,-1.,0.));
#3722=DIRECTION('center_axis',(0.,-1.,0.));
#3723=DIRECTION('ref_axis',(1.,0.,6.23720800351209E-17));
#3724=DIRECTION('',(-1.,0.,-9.35581200526814E-17));
#3725=DIRECTION('',(1.,0.,6.23720800351209E-17));
#3726=DIRECTION('',(0.,0.,1.));
#3727=DIRECTION('center_axis',(0.,0.,1.));
#3728=DIRECTION('ref_axis',(1.,0.,0.));
#3729=DIRECTION('',(2.22044604925031E-15,-1.,1.38493838697508E-31));
#3730=DIRECTION('center_axis',(0.,-1.,0.));
#3731=DIRECTION('ref_axis',(1.,0.,6.23720800351209E-17));
#3732=DIRECTION('',(-1.,0.,-9.35581200526814E-17));
#3733=DIRECTION('',(1.,0.,6.23720800351209E-17));
#3734=DIRECTION('',(0.,0.,1.));
#3735=DIRECTION('center_axis',(0.,0.,1.));
#3736=DIRECTION('ref_axis',(1.,0.,0.));
#3737=DIRECTION('',(-2.22044604925416E-15,-1.,-1.38493838697748E-31));
#3738=DIRECTION('center_axis',(0.,-1.,0.));
#3739=DIRECTION('ref_axis',(1.,0.,0.));
#3740=DIRECTION('',(-6.23720800354331E-17,0.,1.));
#3741=DIRECTION('',(0.,0.,1.));
#3742=DIRECTION('center_axis',(0.,0.,-1.));
#3743=DIRECTION('ref_axis',(0.707106781186554,-0.707106781186541,0.));
#3744=DIRECTION('center_axis',(0.,0.,1.));
#3745=DIRECTION('ref_axis',(0.707106781186554,0.707106781186541,0.));
#3746=DIRECTION('center_axis',(0.,1.00929365875014E-15,-1.));
#3747=DIRECTION('ref_axis',(-1.,0.,0.));
#3748=DIRECTION('',(0.,-1.,-1.00929365875014E-15));
#3749=DIRECTION('center_axis',(-7.45040597441869E-32,1.00929365875014E-15,
-1.));
#3750=DIRECTION('ref_axis',(-1.,-7.38180202543323E-17,0.));
#3751=DIRECTION('',(0.,-1.,-1.00929365875014E-15));
#3752=DIRECTION('center_axis',(0.,1.00929365875014E-15,-1.));
#3753=DIRECTION('ref_axis',(-1.,0.,0.));
#3754=DIRECTION('',(0.,1.,1.00929365875014E-15));
#3755=DIRECTION('center_axis',(0.,1.,0.));
#3756=DIRECTION('ref_axis',(0.,0.,-1.));
#3757=DIRECTION('',(1.,0.,0.));
#3758=DIRECTION('center_axis',(0.,0.,-1.));
#3759=DIRECTION('ref_axis',(0.,-1.,0.));
#3760=DIRECTION('center_axis',(0.,1.,0.));
#3761=DIRECTION('ref_axis',(0.,0.,-1.));
#3762=DIRECTION('center_axis',(0.,0.,1.));
#3763=DIRECTION('ref_axis',(-0.70710678118655,-0.707106781186545,0.));
#3764=DIRECTION('center_axis',(0.,0.,1.));
#3765=DIRECTION('ref_axis',(-0.707106781186549,0.707106781186546,0.));
#3766=DIRECTION('center_axis',(1.,0.,0.));
#3767=DIRECTION('ref_axis',(0.,0.,-1.));
#3768=DIRECTION('',(0.,-1.,0.));
#3769=DIRECTION('center_axis',(1.,0.,0.));
#3770=DIRECTION('ref_axis',(0.,1.0570244244822E-15,-1.));
#3771=DIRECTION('',(0.,-1.,0.));
#3772=DIRECTION('center_axis',(1.,0.,0.));
#3773=DIRECTION('ref_axis',(0.,0.,-1.));
#3774=DIRECTION('center_axis',(-9.35581200526814E-17,0.,1.));
#3775=DIRECTION('ref_axis',(1.,0.,9.35581200526814E-17));
#3776=DIRECTION('center_axis',(-9.35581200526814E-17,0.,1.));
#3777=DIRECTION('ref_axis',(1.,0.,9.35581200526814E-17));
#3778=DIRECTION('center_axis',(-9.35581200526814E-17,0.,1.));
#3779=DIRECTION('ref_axis',(1.,0.,9.35581200526814E-17));
#3780=CARTESIAN_POINT('',(0.,0.,0.));
#3781=CARTESIAN_POINT('Origin',(88.4999999999978,-15.75,-7.51));
#3782=CARTESIAN_POINT('',(87.2999999999978,-15.75,-7.35));
#3783=CARTESIAN_POINT('',(87.4999999999935,-15.75,-7.35));
#3784=CARTESIAN_POINT('',(65.7499999999977,-15.75,-7.35));
#3785=CARTESIAN_POINT('',(87.2999999999978,-15.75,-2.54));
#3786=CARTESIAN_POINT('',(87.2999999999978,-15.75,-7.51));
#3787=CARTESIAN_POINT('',(88.1999999999978,-15.75,-2.53999999999999));
#3788=CARTESIAN_POINT('',(65.7499999999977,-15.75,-2.54));
#3789=CARTESIAN_POINT('',(88.4999999999978,-15.75,-2.83999999999999));
#3790=CARTESIAN_POINT('',(89.5924999999978,-15.75,-3.93250000000002));
#3791=CARTESIAN_POINT('',(88.4999999999978,-15.75,-6.35));
#3792=CARTESIAN_POINT('',(88.4999999999978,-15.75,-3.755));
#3793=CARTESIAN_POINT('',(87.9599999999967,-15.75,-6.88999999999877));
#3794=CARTESIAN_POINT('Origin',(88.4999999999978,-3.75000000000001,1.49));
#3795=CARTESIAN_POINT('',(87.4999999999935,-3.75,-7.35));
#3796=CARTESIAN_POINT('',(87.2999999999978,-3.75,-7.35));
#3797=CARTESIAN_POINT('',(65.7499999999977,-3.75,-7.35));
#3798=CARTESIAN_POINT('',(88.4999999999978,-3.75,-6.35));
#3799=CARTESIAN_POINT('',(90.2099999999967,-3.75,-4.64000000000831));
#3800=CARTESIAN_POINT('',(88.4999999999978,-3.75,-2.84));
#3801=CARTESIAN_POINT('',(88.4999999999978,-3.75,0.745000000000001));
#3802=CARTESIAN_POINT('',(88.1999999999978,-3.75000000000001,-2.53999999999999));
#3803=CARTESIAN_POINT('',(87.3424999999978,-3.75000000000001,-1.68249999999997));
#3804=CARTESIAN_POINT('',(87.2999999999978,-3.75,-2.54));
#3805=CARTESIAN_POINT('',(65.7499999999977,-3.75000000000001,-2.54));
#3806=CARTESIAN_POINT('',(87.2999999999978,-3.75000000000001,1.49));
#3807=CARTESIAN_POINT('Origin',(87.9999999999957,-12.75,-6.85));
#3808=CARTESIAN_POINT('',(87.4999999999978,25.5,-7.35));
#3809=CARTESIAN_POINT('',(87.4999999999935,-12.75,-7.35));
#3810=CARTESIAN_POINT('',(88.4999999999978,25.5,-6.35));
#3811=CARTESIAN_POINT('',(88.4999999999978,25.5,-6.35));
#3812=CARTESIAN_POINT('',(88.4999999999978,-12.75,-6.35));
#3813=CARTESIAN_POINT('Origin',(87.9999999999957,-12.75,-6.85));
#3814=CARTESIAN_POINT('',(88.4999999999893,-25.5,-6.35));
#3815=CARTESIAN_POINT('',(88.4999999999978,-12.75,-6.35));
#3816=CARTESIAN_POINT('',(87.4999999999935,-25.5,-7.35));
#3817=CARTESIAN_POINT('',(88.4999999999893,-25.5,-6.35));
#3818=CARTESIAN_POINT('',(87.4999999999935,-12.75,-7.35));
#3819=CARTESIAN_POINT('Origin',(88.3499999999978,-12.75,-2.68999999999999));
#3820=CARTESIAN_POINT('',(88.1999999999893,-25.5,-2.54));
#3821=CARTESIAN_POINT('',(88.1999999999978,-12.75,-2.53999999999999));
#3822=CARTESIAN_POINT('',(88.4999999999893,-25.5,-2.84));
#3823=CARTESIAN_POINT('',(88.4999999999893,-25.5,-2.84));
#3824=CARTESIAN_POINT('',(88.4999999999978,-12.75,-2.83999999999999));
#3825=CARTESIAN_POINT('Origin',(88.4999999999978,-25.5,0.));
#3826=CARTESIAN_POINT('',(88.4999999999978,25.5,-2.83999999999999));
#3827=CARTESIAN_POINT('',(88.4999999999978,25.5,0.));
#3828=CARTESIAN_POINT('',(88.4999999999978,13.37,-2.83999999999999));
#3829=CARTESIAN_POINT('',(88.4999999999978,-12.75,-2.83999999999999));
#3830=CARTESIAN_POINT('',(88.4999999999978,13.37,-5.71));
#3831=CARTESIAN_POINT('',(88.4999999999978,13.37,-0.55));
#3832=CARTESIAN_POINT('',(88.4999999999978,5.46999999999997,-5.71));
#3833=CARTESIAN_POINT('',(88.4999999999978,-6.06500000000001,-5.71));
#3834=CARTESIAN_POINT('',(88.4999999999978,5.46999999999997,-2.83999999999999));
#3835=CARTESIAN_POINT('',(88.4999999999978,5.46999999999997,-2.855));
#3836=CARTESIAN_POINT('',(88.4999999999978,-12.75,-2.83999999999999));
#3837=CARTESIAN_POINT('Origin',(88.4999999999978,-25.5,0.));
#3838=CARTESIAN_POINT('',(88.4999999999893,-25.5,0.));
#3839=CARTESIAN_POINT('Origin',(42.9999999999976,-4.44089209850063E-15,
-2.54));
#3840=CARTESIAN_POINT('',(87.2999999999978,-25.,-2.54));
#3841=CARTESIAN_POINT('',(87.2999999999978,-12.5,-2.54));
#3842=CARTESIAN_POINT('',(85.9999999999977,-26.3,-2.54));
#3843=CARTESIAN_POINT('Origin',(85.9999999999978,-25.,-2.54));
#3844=CARTESIAN_POINT('',(55.4299999999953,-26.3,-2.54));
#3845=CARTESIAN_POINT('',(49.2149999999965,-26.3,-2.54));
#3846=CARTESIAN_POINT('',(55.4299999999953,-27.1999999999945,-2.54));
#3847=CARTESIAN_POINT('',(55.4299999999953,-13.75,-2.54));
#3848=CARTESIAN_POINT('',(86.4999999999978,-27.1999999999915,-2.54));
#3849=CARTESIAN_POINT('',(21.2499999999989,-27.1999999999979,-2.54));
#3850=CARTESIAN_POINT('Origin',(86.4999999999978,-25.5,-2.54));
#3851=CARTESIAN_POINT('Origin',(88.4999999999978,-14.,-4.92));
#3852=CARTESIAN_POINT('',(87.2999999999978,-14.,-1.74));
#3853=CARTESIAN_POINT('',(87.2999999999978,-14.,-4.92));
#3854=CARTESIAN_POINT('',(87.2999999999978,-14.,-3.965));
#3855=CARTESIAN_POINT('',(86.4999999999978,-14.,-4.92));
#3856=CARTESIAN_POINT('',(88.4999999999978,-14.,-4.92));
#3857=CARTESIAN_POINT('',(86.4999999999978,-14.,-1.74));
#3858=CARTESIAN_POINT('',(86.4999999999978,-14.,-2.54));
#3859=CARTESIAN_POINT('',(88.4999999999978,-14.,-1.74));
#3860=CARTESIAN_POINT('Origin',(88.4999999999978,-5.50000000000004,-4.92));
#3861=CARTESIAN_POINT('',(87.2999999999978,-5.50000000000004,-4.92));
#3862=CARTESIAN_POINT('',(87.2999999999978,-7.62500000000002,-4.92));
#3863=CARTESIAN_POINT('',(86.4999999999978,-5.50000000000004,-4.92));
#3864=CARTESIAN_POINT('',(88.4999999999978,-5.50000000000004,-4.92));
#3865=CARTESIAN_POINT('',(86.4999999999978,9.99999999999998,-4.92));
#3866=CARTESIAN_POINT('Origin',(11.4999999999975,23.4271966843842,-6.55));
#3867=CARTESIAN_POINT('',(11.8589200688601,23.079092699679,-6.55));
#3868=CARTESIAN_POINT('',(11.1410799311349,23.079092699679,-6.55));
#3869=CARTESIAN_POINT('Origin',(11.4999999999975,23.4271966843842,-6.55));
#3870=CARTESIAN_POINT('',(11.1410799311349,23.079092699679,-7.35));
#3871=CARTESIAN_POINT('',(11.1410799311349,23.079092699679,-6.55));
#3872=CARTESIAN_POINT('',(11.8589200688601,23.079092699679,-7.35));
#3873=CARTESIAN_POINT('Origin',(11.4999999999975,23.4271966843842,-7.35));
#3874=CARTESIAN_POINT('',(11.8589200688601,23.079092699679,-6.55));
#3875=CARTESIAN_POINT('Origin',(42.9999999999976,8.88178419700125E-14,-6.55));
#3876=CARTESIAN_POINT('',(15.2617262664945,21.7,-6.55));
#3877=CARTESIAN_POINT('Origin',(13.280863133246,21.7,-6.55));
#3878=CARTESIAN_POINT('',(15.2617262664945,9.69999999999999,-6.55));
#3879=CARTESIAN_POINT('',(15.2617262664945,4.85000000000003,-6.55));
#3880=CARTESIAN_POINT('',(14.8617262664945,9.69999999999999,-6.55));
#3881=CARTESIAN_POINT('',(29.030863133246,9.69999999999999,-6.55));
#3882=CARTESIAN_POINT('',(14.8617262664945,21.7,-6.55));
#3883=CARTESIAN_POINT('',(14.8617262664945,4.85000000000003,-6.55));
#3884=CARTESIAN_POINT('',(11.6999999999975,21.7,-6.55));
#3885=CARTESIAN_POINT('Origin',(13.280863133246,21.7,-6.55));
#3886=CARTESIAN_POINT('',(11.6999999999975,9.69999999999999,-6.55));
#3887=CARTESIAN_POINT('',(11.6999999999975,10.85,-6.55));
#3888=CARTESIAN_POINT('',(11.2999999999975,9.69999999999999,-6.55));
#3889=CARTESIAN_POINT('',(27.2499999999976,9.7,-6.55));
#3890=CARTESIAN_POINT('',(11.2999999999975,21.7,-6.55));
#3891=CARTESIAN_POINT('',(11.2999999999975,10.85,-6.55));
#3892=CARTESIAN_POINT('',(8.13827373350053,21.7,-6.55));
#3893=CARTESIAN_POINT('Origin',(9.71913686674901,21.7,-6.55));
#3894=CARTESIAN_POINT('',(8.13827373350053,9.69999999999999,-6.55));
#3895=CARTESIAN_POINT('',(8.13827373350053,10.85,-6.55));
#3896=CARTESIAN_POINT('',(7.73827373350053,9.69999999999999,-6.55));
#3897=CARTESIAN_POINT('',(25.4691368667491,9.69999999999999,-6.55));
#3898=CARTESIAN_POINT('',(7.73827373350053,19.5768663121824,-6.55));
#3899=CARTESIAN_POINT('',(7.73827373350053,10.85,-6.55));
#3900=CARTESIAN_POINT('',(3.99999999999748,17.,-6.55));
#3901=CARTESIAN_POINT('Origin',(3.99999999999748,21.,-6.55));
#3902=CARTESIAN_POINT('',(0.499999999997494,17.,-6.55));
#3903=CARTESIAN_POINT('',(21.2499999999976,17.,-6.55));
#3904=CARTESIAN_POINT('',(0.499999999997494,-17.,-6.55));
#3905=CARTESIAN_POINT('',(0.499999999997494,-12.75,-6.55));
#3906=CARTESIAN_POINT('',(3.99999999999748,-17.,-6.55));
#3907=CARTESIAN_POINT('',(23.4999999999976,-17.,-6.55));
#3908=CARTESIAN_POINT('',(7.99999999999748,-21.,-6.55));
#3909=CARTESIAN_POINT('Origin',(3.99999999999748,-21.,-6.55));
#3910=CARTESIAN_POINT('',(7.99999999999748,-24.5,-6.55));
#3911=CARTESIAN_POINT('',(7.99999999999748,-12.75,-6.55));
#3912=CARTESIAN_POINT('',(77.9999999999978,-24.5,-6.55));
#3913=CARTESIAN_POINT('',(64.7499999999977,-24.5,-6.55));
#3914=CARTESIAN_POINT('',(77.9999999999978,-21.,-6.55));
#3915=CARTESIAN_POINT('',(77.9999999999978,-10.5,-6.55));
#3916=CARTESIAN_POINT('',(81.9999999999978,-17.,-6.55));
#3917=CARTESIAN_POINT('Origin',(81.9999999999978,-21.,-6.55));
#3918=CARTESIAN_POINT('',(85.4999999999978,-17.,-6.55));
#3919=CARTESIAN_POINT('',(64.7499999999977,-17.,-6.55));
#3920=CARTESIAN_POINT('',(85.4999999999978,17.,-6.55));
#3921=CARTESIAN_POINT('',(85.4999999999978,12.75,-6.55));
#3922=CARTESIAN_POINT('',(81.9999999999978,17.,-6.55));
#3923=CARTESIAN_POINT('',(62.4999999999977,17.,-6.55));
#3924=CARTESIAN_POINT('',(77.9999999999978,21.,-6.55));
#3925=CARTESIAN_POINT('Origin',(81.9999999999978,21.,-6.55));
#3926=CARTESIAN_POINT('',(77.9999999999978,24.5,-6.55));
#3927=CARTESIAN_POINT('',(77.9999999999978,12.75,-6.55));
#3928=CARTESIAN_POINT('',(7.99999999999748,24.5,-6.55));
#3929=CARTESIAN_POINT('',(21.2499999999976,24.5,-6.55));
#3930=CARTESIAN_POINT('',(7.99999999999748,22.6840666573148,-6.55));
#3931=CARTESIAN_POINT('',(7.99999999999748,10.5,-6.55));
#3932=CARTESIAN_POINT('Origin',(9.71913686674901,21.7,-6.55));
#3933=CARTESIAN_POINT('',(11.2037050573132,20.2,-6.55));
#3934=CARTESIAN_POINT('Origin',(9.71913686674901,20.2,-6.55));
#3935=CARTESIAN_POINT('',(14.7654313238102,20.2,-6.55));
#3936=CARTESIAN_POINT('Origin',(13.280863133246,20.2,-6.55));
#3937=CARTESIAN_POINT('Origin',(13.280863133246,21.7,-6.55));
#3938=CARTESIAN_POINT('',(15.2617262664945,21.7,-7.35));
#3939=CARTESIAN_POINT('Origin',(13.280863133246,21.7,-7.35));
#3940=CARTESIAN_POINT('',(15.2617262664945,21.7,-6.55));
#3941=CARTESIAN_POINT('Origin',(13.280863133246,20.2,-6.55));
#3942=CARTESIAN_POINT('',(14.7654313238102,20.2,-6.15));
#3943=CARTESIAN_POINT('Origin',(13.280863133246,20.2,-6.15));
#3944=CARTESIAN_POINT('',(14.7654313238102,20.2,-6.55));
#3945=CARTESIAN_POINT('Origin',(13.280863133246,20.2,-6.15));
#3946=CARTESIAN_POINT('Origin',(9.71913686674901,20.2,-6.55));
#3947=CARTESIAN_POINT('',(11.2037050573132,20.2,-6.15));
#3948=CARTESIAN_POINT('Origin',(9.71913686674901,20.2,-6.15));
#3949=CARTESIAN_POINT('',(11.2037050573132,20.2,-6.55));
#3950=CARTESIAN_POINT('Origin',(9.71913686674901,20.2,-6.15));
#3951=CARTESIAN_POINT('Origin',(9.71913686674901,21.7,-6.55));
#3952=CARTESIAN_POINT('',(7.99999999999748,22.6840666573148,-2.95));
#3953=CARTESIAN_POINT('',(7.99999999999748,22.6840666573148,-6.55));
#3954=CARTESIAN_POINT('',(7.80851015973736,22.2228043028867,-2.95));
#3955=CARTESIAN_POINT('Origin',(9.71913686674901,21.7,-2.95));
#3956=CARTESIAN_POINT('',(7.73827373350052,21.7,-2.93045316051272));
#3957=CARTESIAN_POINT('Ctrl Pts',(7.73827373350052,21.7,-2.93045316051272));
#3958=CARTESIAN_POINT('Ctrl Pts',(7.73827373350052,21.8597845046714,-2.93635478860975));
#3959=CARTESIAN_POINT('Ctrl Pts',(7.7575359050682,22.0118125656282,-2.94656323804793));
#3960=CARTESIAN_POINT('Ctrl Pts',(7.79640625297632,22.1769594154651,-2.94974900848576));
#3961=CARTESIAN_POINT('Ctrl Pts',(7.80225795137845,22.199955148428,-2.95));
#3962=CARTESIAN_POINT('Ctrl Pts',(7.80851015973736,22.2228043028867,-2.95));
#3963=CARTESIAN_POINT('',(7.73827373350052,21.7,-7.35));
#3964=CARTESIAN_POINT('',(7.73827373350052,21.7,-6.55));
#3965=CARTESIAN_POINT('Origin',(9.71913686674901,21.7,-7.35));
#3966=CARTESIAN_POINT('Origin',(15.2617262664945,9.69999999999999,-6.55));
#3967=CARTESIAN_POINT('',(15.2617262664945,9.69999999999999,-7.35));
#3968=CARTESIAN_POINT('',(15.2617262664945,4.85000000000003,-7.35));
#3969=CARTESIAN_POINT('',(15.2617262664945,9.69999999999999,-6.55));
#3970=CARTESIAN_POINT('Origin',(15.0617262664945,9.69999999999999,-1.55));
#3971=CARTESIAN_POINT('',(14.8617262664945,9.69999999999999,-7.35));
#3972=CARTESIAN_POINT('',(29.030863133246,9.69999999999999,-7.35));
#3973=CARTESIAN_POINT('',(14.8617262664945,9.69999999999999,-6.55));
#3974=CARTESIAN_POINT('Origin',(14.8617262664945,9.69999999999999,-6.55));
#3975=CARTESIAN_POINT('',(14.8617262664945,21.7,-7.35));
#3976=CARTESIAN_POINT('',(14.8617262664945,4.85000000000003,-7.35));
#3977=CARTESIAN_POINT('',(14.8617262664945,21.7,-6.55));
#3978=CARTESIAN_POINT('Origin',(13.280863133246,21.7,-6.55));
#3979=CARTESIAN_POINT('',(11.6999999999975,21.7,-7.35));
#3980=CARTESIAN_POINT('Origin',(13.280863133246,21.7,-7.35));
#3981=CARTESIAN_POINT('',(11.6999999999975,21.7,-6.55));
#3982=CARTESIAN_POINT('Origin',(7.73827373350053,21.7,-6.55));
#3983=CARTESIAN_POINT('',(7.73827373350053,19.5768663121824,-2.95));
#3984=CARTESIAN_POINT('Ctrl Pts',(7.73827373350053,19.5768663121824,-2.95));
#3985=CARTESIAN_POINT('Ctrl Pts',(7.73827373350053,19.7112394194858,-2.95));
#3986=CARTESIAN_POINT('Ctrl Pts',(7.73827373350053,19.8724334835279,-2.94584022246171));
#3987=CARTESIAN_POINT('Ctrl Pts',(7.73827373350053,20.3171014348423,-2.93063219243487));
#3988=CARTESIAN_POINT('Ctrl Pts',(7.73827373350053,20.6894451680779,-2.91514214570993));
#3989=CARTESIAN_POINT('Ctrl Pts',(7.73827373350053,21.,-2.91514214570993));
#3990=CARTESIAN_POINT('Ctrl Pts',(7.73827373350053,21.2172156978424,-2.91514214570993));
#3991=CARTESIAN_POINT('Ctrl Pts',(7.73827373350053,21.4646937486182,-2.92176214264827));
#3992=CARTESIAN_POINT('Ctrl Pts',(7.73827373350053,21.7,-2.93045316051272));
#3993=CARTESIAN_POINT('',(7.73827373350053,19.5768663121824,-6.55));
#3994=CARTESIAN_POINT('',(7.73827373350053,9.69999999999999,-7.35));
#3995=CARTESIAN_POINT('',(7.73827373350053,9.69999999999999,-6.55));
#3996=CARTESIAN_POINT('',(7.73827373350053,10.85,-7.35));
#3997=CARTESIAN_POINT('Origin',(8.13827373350053,21.7,-6.55));
#3998=CARTESIAN_POINT('',(8.13827373350053,21.7,-7.35));
#3999=CARTESIAN_POINT('',(8.13827373350053,21.7,-6.55));
#4000=CARTESIAN_POINT('',(8.13827373350053,9.69999999999999,-7.35));
#4001=CARTESIAN_POINT('',(8.13827373350053,10.85,-7.35));
#4002=CARTESIAN_POINT('',(8.13827373350053,9.69999999999999,-6.55));
#4003=CARTESIAN_POINT('Origin',(9.71913686674901,21.7,-6.55));
#4004=CARTESIAN_POINT('',(11.2999999999975,21.7,-7.35));
#4005=CARTESIAN_POINT('',(11.2999999999975,21.7,-6.55));
#4006=CARTESIAN_POINT('Origin',(9.71913686674901,21.7,-7.35));
#4007=CARTESIAN_POINT('Origin',(7.93827373350053,9.69999999999999,-1.55));
#4008=CARTESIAN_POINT('',(25.4691368667491,9.69999999999999,-7.35));
#4009=CARTESIAN_POINT('Origin',(11.2999999999975,21.7,-6.55));
#4010=CARTESIAN_POINT('',(11.2999999999975,9.69999999999999,-7.35));
#4011=CARTESIAN_POINT('',(11.2999999999975,9.69999999999999,-6.55));
#4012=CARTESIAN_POINT('',(11.2999999999975,10.85,-7.35));
#4013=CARTESIAN_POINT('Origin',(11.6999999999975,21.7,-6.55));
#4014=CARTESIAN_POINT('',(11.6999999999975,9.69999999999999,-7.35));
#4015=CARTESIAN_POINT('',(11.6999999999975,10.85,-7.35));
#4016=CARTESIAN_POINT('',(11.6999999999975,9.69999999999999,-6.55));
#4017=CARTESIAN_POINT('Origin',(11.4999999999975,9.69999999999999,-1.55));
#4018=CARTESIAN_POINT('',(27.2499999999976,9.7,-7.35));
#4019=CARTESIAN_POINT('Origin',(3.74999999999749,21.25,-2.95));
#4020=CARTESIAN_POINT('',(7.99999999999748,25.5,-2.95));
#4021=CARTESIAN_POINT('',(7.99999999999748,21.,-2.95));
#4022=CARTESIAN_POINT('',(-2.50466314355435E-12,25.5,-2.95));
#4023=CARTESIAN_POINT('',(1.62499999999749,25.5,-2.95));
#4024=CARTESIAN_POINT('',(-0.500000000002508,25.,-2.95));
#4025=CARTESIAN_POINT('Origin',(-2.50667542278649E-12,25.,-2.95));
#4026=CARTESIAN_POINT('',(-0.500000000002507,17.,-2.95));
#4027=CARTESIAN_POINT('',(-0.500000000002507,-2.125,-2.95));
#4028=CARTESIAN_POINT('',(3.99999999999748,17.,-2.95));
#4029=CARTESIAN_POINT('',(3.99999999999748,17.,-2.95));
#4030=CARTESIAN_POINT('',(-2.51798581984986E-12,21.,-2.95));
#4031=CARTESIAN_POINT('Origin',(3.99999999999748,21.,-2.95));
#4032=CARTESIAN_POINT('Origin',(3.99999999999748,21.,-2.95));
#4033=CARTESIAN_POINT('Origin',(3.99999999999748,21.,-1.95));
#4034=CARTESIAN_POINT('',(0.999999999997482,21.,-1.95));
#4035=CARTESIAN_POINT('Origin',(-2.51798581984986E-12,21.,-1.95));
#4036=CARTESIAN_POINT('',(6.99999999999748,21.,-1.95));
#4037=CARTESIAN_POINT('Origin',(3.99999999999748,21.,-1.95));
#4038=CARTESIAN_POINT('Origin',(3.99999999999748,21.,-1.95));
#4039=CARTESIAN_POINT('Origin',(3.99999999999748,21.,-2.95));
#4040=CARTESIAN_POINT('Origin',(7.99999999999748,21.,-6.55));
#4041=CARTESIAN_POINT('',(7.99999999999748,25.5,-5.55));
#4042=CARTESIAN_POINT('Origin',(7.99999999999748,24.5,-5.55));
#4043=CARTESIAN_POINT('',(7.99999999999748,25.5,-3.275));
#4044=CARTESIAN_POINT('Origin',(64.7499999999977,-24.5,-5.55));
#4045=CARTESIAN_POINT('',(27.004999999995,-25.4507365565707,-5.86));
#4046=CARTESIAN_POINT('',(27.004999999995,-25.5,-5.55));
#4047=CARTESIAN_POINT('Origin',(27.004999999995,-24.5,-5.55));
#4048=CARTESIAN_POINT('',(35.004999999995,-25.4507365565707,-5.86));
#4049=CARTESIAN_POINT('',(64.7499999999977,-25.4507365565707,-5.86));
#4050=CARTESIAN_POINT('',(35.0049999999951,-25.5,-5.55));
#4051=CARTESIAN_POINT('Origin',(35.004999999995,-24.5,-5.55));
#4052=CARTESIAN_POINT('',(77.9999999999978,-25.5,-5.55));
#4053=CARTESIAN_POINT('',(64.7499999999977,-25.5,-5.55));
#4054=CARTESIAN_POINT('Origin',(77.9999999999978,-24.5,-5.55));
#4055=CARTESIAN_POINT('',(7.99999999999748,-25.5,-5.55));
#4056=CARTESIAN_POINT('Origin',(7.99999999999748,-24.5,-5.55));
#4057=CARTESIAN_POINT('',(10.9049999999975,-25.5,-5.55));
#4058=CARTESIAN_POINT('',(64.7499999999977,-25.5,-5.55));
#4059=CARTESIAN_POINT('',(10.9049999999975,-25.4507365565707,-5.86));
#4060=CARTESIAN_POINT('Origin',(10.9049999999975,-24.5,-5.55));
#4061=CARTESIAN_POINT('',(18.9049999999975,-25.4507365565707,-5.86));
#4062=CARTESIAN_POINT('',(64.7499999999977,-25.4507365565707,-5.86));
#4063=CARTESIAN_POINT('',(18.9049999999975,-25.5,-5.55));
#4064=CARTESIAN_POINT('Origin',(18.9049999999975,-24.5,-5.55));
#4065=CARTESIAN_POINT('',(64.7499999999977,-25.5,-5.55));
#4066=CARTESIAN_POINT('Origin',(86.4999999999978,-25.5,0.));
#4067=CARTESIAN_POINT('',(7.99999999999748,-25.5,-2.95));
#4068=CARTESIAN_POINT('',(7.99999999999748,-25.5,-3.275));
#4069=CARTESIAN_POINT('',(-2.50466314355435E-12,-25.5,-2.95));
#4070=CARTESIAN_POINT('',(45.1249999999976,-25.5,-2.95));
#4071=CARTESIAN_POINT('',(-2.50453666004774E-12,-25.5,-1.74));
#4072=CARTESIAN_POINT('',(-2.50448676238371E-12,-25.5,-2.54));
#4073=CARTESIAN_POINT('',(10.9049999999975,-25.5,-1.74));
#4074=CARTESIAN_POINT('',(10.9049999999975,-25.5,-1.74));
#4075=CARTESIAN_POINT('',(10.9049999999975,-25.5,-2.93));
#4076=CARTESIAN_POINT('Origin',(86.4999999999978,-25.5,0.));
#4077=CARTESIAN_POINT('',(35.0049999999951,-25.5,-1.74));
#4078=CARTESIAN_POINT('',(35.0049999999951,-25.5,-2.54));
#4079=CARTESIAN_POINT('',(42.4499999999951,-25.5,-1.74));
#4080=CARTESIAN_POINT('',(42.4499999999951,-25.5,-1.74));
#4081=CARTESIAN_POINT('',(42.4499999999951,-25.5,-3.78));
#4082=CARTESIAN_POINT('',(42.4499999999951,-25.5,-2.54));
#4083=CARTESIAN_POINT('',(55.4299999999953,-25.5,-3.78));
#4084=CARTESIAN_POINT('',(70.9649999999966,-25.5,-3.78));
#4085=CARTESIAN_POINT('',(55.4299999999953,-25.5,-1.74));
#4086=CARTESIAN_POINT('',(55.4299999999953,-25.5,-2.54));
#4087=CARTESIAN_POINT('',(85.9999999999978,-25.5,-1.74));
#4088=CARTESIAN_POINT('',(85.9999999999978,-25.5,-1.74));
#4089=CARTESIAN_POINT('',(85.9999999999978,-25.5,-2.95));
#4090=CARTESIAN_POINT('',(85.9999999999978,-25.5,-2.54));
#4091=CARTESIAN_POINT('',(77.9999999999978,-25.5,-2.95));
#4092=CARTESIAN_POINT('',(84.3749999999978,-25.5,-2.95));
#4093=CARTESIAN_POINT('',(77.9999999999978,-25.5,-3.275));
#4094=CARTESIAN_POINT('Origin',(7.99999999999748,-25.5,-6.55));
#4095=CARTESIAN_POINT('',(7.99999999999748,-21.,-2.95));
#4096=CARTESIAN_POINT('',(7.99999999999748,-21.,-6.55));
#4097=CARTESIAN_POINT('',(7.99999999999748,-21.,-2.95));
#4098=CARTESIAN_POINT('Origin',(85.4999999999978,12.75,-5.55));
#4099=CARTESIAN_POINT('',(86.487117014338,5.46999999999996,-5.71));
#4100=CARTESIAN_POINT('',(86.4999999999978,5.46999999999997,-5.55));
#4101=CARTESIAN_POINT('Origin',(85.4999999999978,5.46999999999997,-5.55));
#4102=CARTESIAN_POINT('',(86.487117014338,13.37,-5.71));
#4103=CARTESIAN_POINT('',(86.487117014338,12.75,-5.71));
#4104=CARTESIAN_POINT('',(86.4999999999978,13.37,-5.55));
#4105=CARTESIAN_POINT('Origin',(85.4999999999978,13.37,-5.55));
#4106=CARTESIAN_POINT('',(86.4999999999978,17.,-5.55));
#4107=CARTESIAN_POINT('',(86.4999999999978,12.75,-5.55));
#4108=CARTESIAN_POINT('Origin',(85.4999999999978,17.,-5.55));
#4109=CARTESIAN_POINT('',(86.4999999999978,-17.,-5.55));
#4110=CARTESIAN_POINT('Origin',(85.4999999999978,-17.,-5.55));
#4111=CARTESIAN_POINT('',(86.4999999999978,12.75,-5.55));
#4112=CARTESIAN_POINT('Origin',(86.4999999999978,25.5,0.));
#4113=CARTESIAN_POINT('',(86.4999999999978,13.37,-1.74));
#4114=CARTESIAN_POINT('',(86.4999999999978,13.37,-0.55));
#4115=CARTESIAN_POINT('',(86.4999999999978,25.,-1.74));
#4116=CARTESIAN_POINT('',(86.4999999999978,25.,-1.74));
#4117=CARTESIAN_POINT('',(86.4999999999978,25.,-2.95));
#4118=CARTESIAN_POINT('',(86.4999999999978,25.,-2.54));
#4119=CARTESIAN_POINT('',(86.4999999999978,17.,-2.95));
#4120=CARTESIAN_POINT('',(86.4999999999978,23.375,-2.95));
#4121=CARTESIAN_POINT('',(86.4999999999978,17.,-3.275));
#4122=CARTESIAN_POINT('Origin',(86.4999999999978,25.5,0.));
#4123=CARTESIAN_POINT('',(86.4999999999978,-17.,-2.95));
#4124=CARTESIAN_POINT('',(86.4999999999978,-17.,-3.275));
#4125=CARTESIAN_POINT('',(86.4999999999978,-25.,-2.95));
#4126=CARTESIAN_POINT('',(86.4999999999978,2.12499999999999,-2.95));
#4127=CARTESIAN_POINT('',(86.4999999999978,-25.,-1.74));
#4128=CARTESIAN_POINT('',(86.4999999999978,-25.,0.));
#4129=CARTESIAN_POINT('',(86.4999999999978,-14.,-1.74));
#4130=CARTESIAN_POINT('',(86.4999999999978,-5.50000000000003,-1.74));
#4131=CARTESIAN_POINT('',(86.4999999999978,-5.50000000000003,-0.55));
#4132=CARTESIAN_POINT('',(86.4999999999978,5.46999999999997,-1.74));
#4133=CARTESIAN_POINT('',(86.4999999999978,5.46999999999997,-1.74));
#4134=CARTESIAN_POINT('',(86.4999999999978,5.46999999999997,-2.54));
#4135=CARTESIAN_POINT('Origin',(86.4999999999978,-17.,-6.55));
#4136=CARTESIAN_POINT('',(81.9999999999978,-17.,-2.95));
#4137=CARTESIAN_POINT('',(81.9999999999978,-17.,-6.55));
#4138=CARTESIAN_POINT('',(81.9999999999978,-17.,-2.95));
#4139=CARTESIAN_POINT('Origin',(21.2499999999976,24.5,-5.55));
#4140=CARTESIAN_POINT('',(77.9999999999978,25.5,-5.55));
#4141=CARTESIAN_POINT('Origin',(77.9999999999978,24.5,-5.55));
#4142=CARTESIAN_POINT('',(21.2499999999976,25.5,-5.55));
#4143=CARTESIAN_POINT('Origin',(77.9999999999978,25.5,-6.55));
#4144=CARTESIAN_POINT('',(77.9999999999978,21.,-2.95));
#4145=CARTESIAN_POINT('',(77.9999999999978,21.,-6.55));
#4146=CARTESIAN_POINT('',(77.9999999999978,25.5,-2.95));
#4147=CARTESIAN_POINT('',(77.9999999999978,21.,-2.95));
#4148=CARTESIAN_POINT('',(77.9999999999978,25.5,-3.275));
#4149=CARTESIAN_POINT('Origin',(0.499999999997494,-12.75,-5.55));
#4150=CARTESIAN_POINT('',(-0.500000000002507,17.,-5.55));
#4151=CARTESIAN_POINT('Origin',(0.499999999997494,17.,-5.55));
#4152=CARTESIAN_POINT('',(-0.500000000002507,-17.,-5.55));
#4153=CARTESIAN_POINT('',(-0.500000000002507,-12.75,-5.55));
#4154=CARTESIAN_POINT('Origin',(0.499999999997494,-17.,-5.55));
#4155=CARTESIAN_POINT('Origin',(-0.500000000002508,17.,-6.55));
#4156=CARTESIAN_POINT('',(3.99999999999748,17.,-6.55));
#4157=CARTESIAN_POINT('',(-0.500000000002507,17.,-3.275));
#4158=CARTESIAN_POINT('Origin',(81.9999999999978,-21.,-1.95));
#4159=CARTESIAN_POINT('',(77.9999999999978,-21.,-2.95));
#4160=CARTESIAN_POINT('Origin',(81.9999999999978,-21.,-2.95));
#4161=CARTESIAN_POINT('Origin',(81.9999999999978,-21.,-2.95));
#4162=CARTESIAN_POINT('',(78.9999999999978,-21.,-1.95));
#4163=CARTESIAN_POINT('Origin',(77.9999999999978,-21.,-1.95));
#4164=CARTESIAN_POINT('',(84.9999999999978,-21.,-1.95));
#4165=CARTESIAN_POINT('Origin',(81.9999999999978,-21.,-1.95));
#4166=CARTESIAN_POINT('Origin',(81.9999999999978,-21.,-1.95));
#4167=CARTESIAN_POINT('Origin',(81.9999999999978,-21.,-6.55));
#4168=CARTESIAN_POINT('',(84.9999999999978,-21.,-1.6));
#4169=CARTESIAN_POINT('Origin',(81.9999999999978,-21.,-1.6));
#4170=CARTESIAN_POINT('',(84.9999999999978,-21.,-6.55));
#4171=CARTESIAN_POINT('Origin',(81.9999999999978,21.,-1.95));
#4172=CARTESIAN_POINT('',(81.9999999999978,17.,-2.95));
#4173=CARTESIAN_POINT('Origin',(81.9999999999978,21.,-2.95));
#4174=CARTESIAN_POINT('',(78.9999999999978,21.,-1.95));
#4175=CARTESIAN_POINT('Origin',(77.9999999999978,21.,-1.95));
#4176=CARTESIAN_POINT('',(84.9999999999978,21.,-1.95));
#4177=CARTESIAN_POINT('Origin',(81.9999999999978,21.,-1.95));
#4178=CARTESIAN_POINT('Origin',(81.9999999999978,21.,-1.95));
#4179=CARTESIAN_POINT('Origin',(81.9999999999978,21.,-2.95));
#4180=CARTESIAN_POINT('Origin',(81.9999999999978,21.,-6.55));
#4181=CARTESIAN_POINT('',(84.9999999999978,21.,-1.6));
#4182=CARTESIAN_POINT('Origin',(81.9999999999978,21.,-1.6));
#4183=CARTESIAN_POINT('',(84.9999999999978,21.,-6.55));
#4184=CARTESIAN_POINT('Origin',(3.99999999999748,21.,-6.55));
#4185=CARTESIAN_POINT('',(6.99999999999748,21.,-1.6));
#4186=CARTESIAN_POINT('Origin',(3.99999999999748,21.,-1.6));
#4187=CARTESIAN_POINT('',(6.99999999999748,21.,-6.55));
#4188=CARTESIAN_POINT('Origin',(3.99999999999748,-21.,-1.95));
#4189=CARTESIAN_POINT('',(3.99999999999748,-17.,-2.95));
#4190=CARTESIAN_POINT('Origin',(3.99999999999748,-21.,-2.95));
#4191=CARTESIAN_POINT('',(-2.51798581984986E-12,-21.,-2.95));
#4192=CARTESIAN_POINT('Origin',(3.99999999999748,-21.,-2.95));
#4193=CARTESIAN_POINT('',(0.999999999997482,-21.,-1.95));
#4194=CARTESIAN_POINT('Origin',(-2.51798581984986E-12,-21.,-1.95));
#4195=CARTESIAN_POINT('',(6.99999999999748,-21.,-1.95));
#4196=CARTESIAN_POINT('Origin',(3.99999999999748,-21.,-1.95));
#4197=CARTESIAN_POINT('Origin',(3.99999999999748,-21.,-1.95));
#4198=CARTESIAN_POINT('Origin',(3.99999999999748,-21.,-2.95));
#4199=CARTESIAN_POINT('Origin',(3.99999999999748,-21.,-6.55));
#4200=CARTESIAN_POINT('',(6.99999999999748,-21.,-1.6));
#4201=CARTESIAN_POINT('Origin',(3.99999999999748,-21.,-1.6));
#4202=CARTESIAN_POINT('',(6.99999999999748,-21.,-6.55));
#4203=CARTESIAN_POINT('Origin',(3.99999999999748,-21.,-4.05));
#4204=CARTESIAN_POINT('',(6.99999999999748,-21.,-4.75));
#4205=CARTESIAN_POINT('Origin',(3.99999999999748,-21.,-4.75));
#4206=CARTESIAN_POINT('',(5.59999999999748,-21.,-3.35));
#4207=CARTESIAN_POINT('',(6.29999999999748,-21.,-4.05));
#4208=CARTESIAN_POINT('Origin',(3.99999999999748,-21.,-3.35));
#4209=CARTESIAN_POINT('Origin',(3.99999999999748,-21.,-0.2825));
#4210=CARTESIAN_POINT('',(5.59999999999748,-21.,-1.6));
#4211=CARTESIAN_POINT('',(5.59999999999748,-21.,-0.2825));
#4212=CARTESIAN_POINT('Origin',(3.99999999999748,-21.,-1.6));
#4213=CARTESIAN_POINT('Origin',(3.99999999999748,21.,-4.05));
#4214=CARTESIAN_POINT('',(6.99999999999748,21.,-4.75));
#4215=CARTESIAN_POINT('Origin',(3.99999999999748,21.,-4.75));
#4216=CARTESIAN_POINT('',(5.59999999999748,21.,-3.35));
#4217=CARTESIAN_POINT('',(6.29999999999748,21.,-4.05));
#4218=CARTESIAN_POINT('Origin',(3.99999999999748,21.,-3.35));
#4219=CARTESIAN_POINT('Origin',(3.99999999999748,21.,-0.2825));
#4220=CARTESIAN_POINT('',(5.59999999999748,21.,-1.6));
#4221=CARTESIAN_POINT('',(5.59999999999748,21.,-0.2825));
#4222=CARTESIAN_POINT('Origin',(3.99999999999748,21.,-1.6));
#4223=CARTESIAN_POINT('Origin',(81.9999999999978,21.,-4.05));
#4224=CARTESIAN_POINT('',(84.9999999999978,21.,-4.75));
#4225=CARTESIAN_POINT('Origin',(81.9999999999978,21.,-4.75));
#4226=CARTESIAN_POINT('',(83.5999999999978,21.,-3.35));
#4227=CARTESIAN_POINT('',(84.2999999999978,21.,-4.05));
#4228=CARTESIAN_POINT('Origin',(81.9999999999978,21.,-3.35));
#4229=CARTESIAN_POINT('Origin',(81.9999999999978,21.,-0.2825));
#4230=CARTESIAN_POINT('',(83.5999999999978,21.,-1.6));
#4231=CARTESIAN_POINT('',(83.5999999999978,21.,-0.2825));
#4232=CARTESIAN_POINT('Origin',(81.9999999999978,21.,-1.6));
#4233=CARTESIAN_POINT('Origin',(81.9999999999978,-21.,-4.05));
#4234=CARTESIAN_POINT('',(84.9999999999978,-21.,-4.75));
#4235=CARTESIAN_POINT('Origin',(81.9999999999978,-21.,-4.75));
#4236=CARTESIAN_POINT('',(83.5999999999978,-21.,-3.35));
#4237=CARTESIAN_POINT('',(84.2999999999978,-21.,-4.05));
#4238=CARTESIAN_POINT('Origin',(81.9999999999978,-21.,-3.35));
#4239=CARTESIAN_POINT('Origin',(81.9999999999978,-21.,-0.2825));
#4240=CARTESIAN_POINT('',(83.5999999999978,-21.,-1.6));
#4241=CARTESIAN_POINT('',(83.5999999999978,-21.,-0.2825));
#4242=CARTESIAN_POINT('Origin',(81.9999999999978,-21.,-1.6));
#4243=CARTESIAN_POINT('Origin',(3.99999999999748,21.,-6.05));
#4244=CARTESIAN_POINT('',(6.99999999999748,21.,-7.35));
#4245=CARTESIAN_POINT('Origin',(3.99999999999748,21.,-7.35));
#4246=CARTESIAN_POINT('',(6.99999999999748,21.,-6.05));
#4247=CARTESIAN_POINT('Origin',(81.9999999999978,-21.,-6.05));
#4248=CARTESIAN_POINT('',(84.9999999999978,-21.,-7.35));
#4249=CARTESIAN_POINT('Origin',(81.9999999999978,-21.,-7.35));
#4250=CARTESIAN_POINT('',(84.9999999999978,-21.,-6.05));
#4251=CARTESIAN_POINT('Origin',(81.9999999999978,21.,-6.05));
#4252=CARTESIAN_POINT('',(84.9999999999978,21.,-7.35));
#4253=CARTESIAN_POINT('Origin',(81.9999999999978,21.,-7.35));
#4254=CARTESIAN_POINT('',(84.9999999999978,21.,-6.05));
#4255=CARTESIAN_POINT('Origin',(3.99999999999748,-21.,-6.05));
#4256=CARTESIAN_POINT('',(6.99999999999748,-21.,-7.35));
#4257=CARTESIAN_POINT('Origin',(3.99999999999748,-21.,-7.35));
#4258=CARTESIAN_POINT('',(6.99999999999748,-21.,-6.05));
#4259=CARTESIAN_POINT('Origin',(81.9999999999978,17.,-6.55));
#4260=CARTESIAN_POINT('',(81.9999999999978,17.,-2.95));
#4261=CARTESIAN_POINT('',(81.9999999999978,17.,-6.55));
#4262=CARTESIAN_POINT('Origin',(81.9999999999978,21.,-6.55));
#4263=CARTESIAN_POINT('Origin',(82.2499999999978,21.25,-2.95));
#4264=CARTESIAN_POINT('',(85.9999999999978,25.5,-2.95));
#4265=CARTESIAN_POINT('Origin',(85.9999999999978,25.,-2.95));
#4266=CARTESIAN_POINT('',(40.8749999999976,25.5,-2.95));
#4267=CARTESIAN_POINT('Origin',(77.9999999999978,-21.,-6.55));
#4268=CARTESIAN_POINT('',(77.9999999999978,-21.,-2.95));
#4269=CARTESIAN_POINT('',(77.9999999999978,-21.,-6.55));
#4270=CARTESIAN_POINT('Origin',(81.9999999999978,-21.,-6.55));
#4271=CARTESIAN_POINT('Origin',(82.2499999999978,-21.25,-2.95));
#4272=CARTESIAN_POINT('Origin',(85.9999999999978,-25.,-2.95));
#4273=CARTESIAN_POINT('Origin',(86.4999999999978,-25.5,0.));
#4274=CARTESIAN_POINT('',(18.9049999999975,-25.5,-1.74));
#4275=CARTESIAN_POINT('',(18.9049999999975,-25.5,-2.54));
#4276=CARTESIAN_POINT('',(27.004999999995,-25.5,-1.74));
#4277=CARTESIAN_POINT('',(27.004999999995,-25.5,-1.74));
#4278=CARTESIAN_POINT('',(27.004999999995,-25.5,-2.54));
#4279=CARTESIAN_POINT('Origin',(3.99999999999748,21.,-6.55));
#4280=CARTESIAN_POINT('Origin',(3.99999999999748,-17.,-6.55));
#4281=CARTESIAN_POINT('',(-0.500000000002504,-17.,-2.95));
#4282=CARTESIAN_POINT('',(-0.500000000002507,-17.,-3.275));
#4283=CARTESIAN_POINT('',(3.99999999999748,-17.,-2.95));
#4284=CARTESIAN_POINT('',(3.99999999999748,-17.,-6.55));
#4285=CARTESIAN_POINT('Origin',(3.99999999999748,-21.,-6.55));
#4286=CARTESIAN_POINT('Origin',(3.74999999999749,-21.25,-2.95));
#4287=CARTESIAN_POINT('',(-0.500000000002503,-25.,-2.95));
#4288=CARTESIAN_POINT('',(-0.500000000002507,-23.375,-2.95));
#4289=CARTESIAN_POINT('Origin',(-2.50466314355435E-12,-25.,-2.95));
#4290=CARTESIAN_POINT('Origin',(-0.500000000002507,-25.5,0.));
#4291=CARTESIAN_POINT('',(-0.500000000002506,25.,-1.74));
#4292=CARTESIAN_POINT('',(-0.500000000002506,25.,-2.54));
#4293=CARTESIAN_POINT('',(-0.500000000002505,-25.,-1.74));
#4294=CARTESIAN_POINT('',(-0.500000000002505,-25.,-1.74));
#4295=CARTESIAN_POINT('',(-0.500000000002505,-25.,-2.54));
#4296=CARTESIAN_POINT('Origin',(42.9999999999976,-4.44089209850063E-15,
-1.6));
#4297=CARTESIAN_POINT('Origin',(42.9999999999976,-4.44089209850063E-15,
-1.6));
#4298=CARTESIAN_POINT('Origin',(42.9999999999976,-4.44089209850063E-15,
-1.6));
#4299=CARTESIAN_POINT('Origin',(42.9999999999976,-4.44089209850063E-15,
-1.6));
#4300=CARTESIAN_POINT('Origin',(21.2499999999989,-26.9999999999978,-6.85));
#4301=CARTESIAN_POINT('',(-0.500000000002511,-27.4999999999998,-6.35));
#4302=CARTESIAN_POINT('',(-0.500000000002609,-26.4999999999999,-7.35));
#4303=CARTESIAN_POINT('',(-0.500000000002511,-27.4999999999998,-6.35));
#4304=CARTESIAN_POINT('',(86.4999999999977,-26.4999999999914,-7.35));
#4305=CARTESIAN_POINT('',(21.2499999999988,-26.4999999999978,-7.35));
#4306=CARTESIAN_POINT('',(86.4999999999978,-27.4999999999915,-6.35));
#4307=CARTESIAN_POINT('',(86.4999999999977,-26.4999999999914,-7.35));
#4308=CARTESIAN_POINT('',(21.2499999999989,-27.4999999999979,-6.35));
#4309=CARTESIAN_POINT('Origin',(-0.500000000002702,-25.5,-6.85));
#4310=CARTESIAN_POINT('',(-2.50000000000251,-25.5,-6.35));
#4311=CARTESIAN_POINT('',(-1.50000000000252,-25.5,-7.35));
#4312=CARTESIAN_POINT('',(-2.50000000000251,-25.5,-6.35));
#4313=CARTESIAN_POINT('Origin',(-0.500000000002702,-25.5,-7.35));
#4314=CARTESIAN_POINT('Origin',(-0.500000000002702,-25.5,-6.35));
#4315=CARTESIAN_POINT('Origin',(-2.00000000000251,12.75,-6.85));
#4316=CARTESIAN_POINT('',(-2.50000000000251,25.5,-6.35));
#4317=CARTESIAN_POINT('',(-1.50000000000251,25.5,-7.35));
#4318=CARTESIAN_POINT('',(-2.50000000000251,25.5,-6.35));
#4319=CARTESIAN_POINT('',(-1.50000000000251,12.75,-7.35));
#4320=CARTESIAN_POINT('',(-2.50000000000251,12.75,-6.35));
#4321=CARTESIAN_POINT('Origin',(-0.500000000002508,25.5,-6.85));
#4322=CARTESIAN_POINT('',(-0.500000000002505,27.5,-6.35));
#4323=CARTESIAN_POINT('',(-0.500000000002506,26.5,-7.35));
#4324=CARTESIAN_POINT('',(-0.500000000002505,27.5,-6.35));
#4325=CARTESIAN_POINT('Origin',(-0.500000000002508,25.5,-7.35));
#4326=CARTESIAN_POINT('Origin',(-0.500000000002508,25.5,-6.35));
#4327=CARTESIAN_POINT('Origin',(64.7499999999977,27.,-6.85));
#4328=CARTESIAN_POINT('',(86.4999999999978,27.5,-6.35));
#4329=CARTESIAN_POINT('',(86.4999999999978,26.5,-7.35));
#4330=CARTESIAN_POINT('',(86.4999999999978,27.5,-6.35));
#4331=CARTESIAN_POINT('',(64.7499999999977,26.5,-7.35));
#4332=CARTESIAN_POINT('',(64.7499999999977,27.5,-6.35));
#4333=CARTESIAN_POINT('Origin',(86.4999999999978,25.5,-6.85));
#4334=CARTESIAN_POINT('Origin',(86.4999999999978,25.5,-7.35));
#4335=CARTESIAN_POINT('Origin',(86.4999999999978,25.5,-6.35));
#4336=CARTESIAN_POINT('Origin',(86.4999999999978,-25.5,-6.85));
#4337=CARTESIAN_POINT('Origin',(86.4999999999978,-25.5,-7.35));
#4338=CARTESIAN_POINT('Origin',(86.4999999999978,-25.5,-6.35));
#4339=CARTESIAN_POINT('Origin',(-0.500000000002508,25.5,0.));
#4340=CARTESIAN_POINT('',(-2.50000000000251,25.5,-2.83999999999999));
#4341=CARTESIAN_POINT('',(-2.50000000000251,25.5,0.));
#4342=CARTESIAN_POINT('',(-0.500000000002505,27.5,-2.84));
#4343=CARTESIAN_POINT('Origin',(-0.500000000002508,25.5,-2.83999999999999));
#4344=CARTESIAN_POINT('',(-0.500000000002505,27.5,0.));
#4345=CARTESIAN_POINT('Origin',(-2.5000000000025,25.5,0.));
#4346=CARTESIAN_POINT('',(-2.50000000000251,-25.5,-2.84));
#4347=CARTESIAN_POINT('',(-2.50000000000251,-25.5,0.));
#4348=CARTESIAN_POINT('',(-2.50000000000251,12.75,-2.84));
#4349=CARTESIAN_POINT('Origin',(-0.500000000002702,-25.5,0.));
#4350=CARTESIAN_POINT('',(-0.500000000002511,-27.4999999999998,-2.83999999999999));
#4351=CARTESIAN_POINT('',(-0.500000000002511,-27.4999999999998,0.));
#4352=CARTESIAN_POINT('Origin',(-0.500000000002702,-25.5,-2.83999999999999));
#4353=CARTESIAN_POINT('Origin',(-0.500000000002512,-27.5,0.));
#4354=CARTESIAN_POINT('',(86.4999999999978,-27.4999999999915,-2.84));
#4355=CARTESIAN_POINT('',(86.4999999999978,-27.4999999999915,0.));
#4356=CARTESIAN_POINT('',(55.4299999999953,-27.4999999999945,-2.84));
#4357=CARTESIAN_POINT('',(21.2499999999989,-27.4999999999979,-2.84));
#4358=CARTESIAN_POINT('',(55.4299999999953,-27.5,-3.78));
#4359=CARTESIAN_POINT('',(55.4299999999953,-27.4999999999945,-0.65));
#4360=CARTESIAN_POINT('',(42.4499999999951,-27.5,-3.78));
#4361=CARTESIAN_POINT('',(27.4649999999964,-27.4999999999973,-3.78));
#4362=CARTESIAN_POINT('',(42.4499999999951,-27.4999999999958,-2.84));
#4363=CARTESIAN_POINT('',(42.4499999999951,-27.4999999999958,-1.89));
#4364=CARTESIAN_POINT('',(35.004999999995,-27.4999999999965,-2.84));
#4365=CARTESIAN_POINT('',(21.2499999999989,-27.4999999999979,-2.84));
#4366=CARTESIAN_POINT('',(35.004999999995,-27.5,-5.86));
#4367=CARTESIAN_POINT('',(35.004999999995,-27.4999999999965,-0.55));
#4368=CARTESIAN_POINT('',(27.004999999995,-27.5,-5.86));
#4369=CARTESIAN_POINT('',(17.2524999999963,-27.4999999999983,-5.86));
#4370=CARTESIAN_POINT('',(27.004999999995,-27.4999999999973,-2.84));
#4371=CARTESIAN_POINT('',(27.004999999995,-27.4999999999973,-2.93));
#4372=CARTESIAN_POINT('',(18.9049999999975,-27.4999999999981,-2.84));
#4373=CARTESIAN_POINT('',(21.2499999999989,-27.4999999999979,-2.84));
#4374=CARTESIAN_POINT('',(18.9049999999975,-27.5,-5.86));
#4375=CARTESIAN_POINT('',(18.9049999999975,-27.4999999999981,-0.55));
#4376=CARTESIAN_POINT('',(10.9049999999975,-27.5,-5.86));
#4377=CARTESIAN_POINT('',(9.20249999999749,-27.4999999999991,-5.86));
#4378=CARTESIAN_POINT('',(10.9049999999975,-27.4999999999989,-2.84));
#4379=CARTESIAN_POINT('',(10.9049999999975,-27.4999999999989,-2.93));
#4380=CARTESIAN_POINT('',(21.2499999999989,-27.4999999999979,-2.84));
#4381=CARTESIAN_POINT('Origin',(42.9999999999976,8.88178419700125E-14,-7.35));
#4382=CARTESIAN_POINT('',(87.2999999999978,-4.87499999999996,-7.35));
#4383=CARTESIAN_POINT('Origin',(88.3499999999978,-12.75,-2.68999999999999));
#4384=CARTESIAN_POINT('',(88.1999999999978,5.46999999999996,-2.53999999999999));
#4385=CARTESIAN_POINT('',(89.1424999999978,5.46999999999996,-3.48250000000001));
#4386=CARTESIAN_POINT('',(88.1999999999978,-12.75,-2.53999999999999));
#4387=CARTESIAN_POINT('Origin',(88.4999999999978,5.46999999999997,-5.71));
#4388=CARTESIAN_POINT('',(88.4999999999978,5.46999999999996,-5.71));
#4389=CARTESIAN_POINT('',(87.2999999999978,5.46999999999997,-1.74));
#4390=CARTESIAN_POINT('',(88.4999999999978,5.46999999999997,-1.74));
#4391=CARTESIAN_POINT('',(87.2999999999978,5.46999999999997,-2.54));
#4392=CARTESIAN_POINT('',(87.2999999999978,5.46999999999997,-2.54));
#4393=CARTESIAN_POINT('',(65.7499999999977,5.46999999999996,-2.54));
#4394=CARTESIAN_POINT('Origin',(21.2499999999989,-27.3499999999979,-2.69));
#4395=CARTESIAN_POINT('',(55.4299999999953,-27.0399999999967,-2.38000000000219));
#4396=CARTESIAN_POINT('',(86.4999999999978,-27.4999999999915,-2.84));
#4397=CARTESIAN_POINT('Origin',(86.4999999999978,-25.5,-2.69));
#4398=CARTESIAN_POINT('Origin',(86.4999999999978,-25.5,-2.84));
#4399=CARTESIAN_POINT('Origin',(86.4999999999978,-25.5,0.));
#4400=CARTESIAN_POINT('Origin',(21.2499999999989,-27.3499999999979,-2.69));
#4401=CARTESIAN_POINT('',(42.4499999999951,-27.1999999999958,-2.54));
#4402=CARTESIAN_POINT('',(42.4499999999951,-27.6599999999974,-3.00000000000157));
#4403=CARTESIAN_POINT('',(35.004999999995,-27.1999999999965,-2.54));
#4404=CARTESIAN_POINT('',(21.2499999999989,-27.1999999999979,-2.54));
#4405=CARTESIAN_POINT('',(35.004999999995,-26.9899999999977,-2.3300000000012));
#4406=CARTESIAN_POINT('Origin',(42.4499999999951,-27.5,-3.78));
#4407=CARTESIAN_POINT('',(42.4499999999951,-27.5,-3.78));
#4408=CARTESIAN_POINT('',(42.4499999999951,-26.3,-1.74));
#4409=CARTESIAN_POINT('',(42.4499999999951,-27.4999999999958,-1.74));
#4410=CARTESIAN_POINT('',(42.4499999999951,-26.3,-2.54));
#4411=CARTESIAN_POINT('',(42.4499999999951,-26.3,-2.54));
#4412=CARTESIAN_POINT('',(42.4499999999951,-13.75,-2.54));
#4413=CARTESIAN_POINT('Origin',(21.2499999999989,-27.3499999999979,-2.69));
#4414=CARTESIAN_POINT('',(27.004999999995,-27.1999999999973,-2.54));
#4415=CARTESIAN_POINT('',(27.004999999995,-28.1799999999981,-3.52000000000082));
#4416=CARTESIAN_POINT('',(18.9049999999975,-27.1999999999981,-2.54));
#4417=CARTESIAN_POINT('',(21.2499999999989,-27.1999999999979,-2.54));
#4418=CARTESIAN_POINT('',(18.9049999999975,-26.9899999999985,-2.33000000000041));
#4419=CARTESIAN_POINT('Origin',(27.004999999995,-27.5,-5.86));
#4420=CARTESIAN_POINT('',(27.004999999995,-27.5,-5.86));
#4421=CARTESIAN_POINT('',(27.004999999995,-26.3,-1.74));
#4422=CARTESIAN_POINT('',(27.004999999995,-27.4999999999973,-1.74));
#4423=CARTESIAN_POINT('',(27.004999999995,-26.3,-2.54));
#4424=CARTESIAN_POINT('',(27.004999999995,-26.3,-2.54));
#4425=CARTESIAN_POINT('',(27.004999999995,-13.75,-2.54));
#4426=CARTESIAN_POINT('Origin',(88.3499999999978,-12.75,-2.68999999999999));
#4427=CARTESIAN_POINT('',(88.1999999999978,13.37,-2.53999999999999));
#4428=CARTESIAN_POINT('',(87.9899999999978,13.37,-2.32999999999999));
#4429=CARTESIAN_POINT('',(88.1999999999978,25.5,-2.53999999999999));
#4430=CARTESIAN_POINT('',(88.4999999999978,25.5,-2.83999999999999));
#4431=CARTESIAN_POINT('',(88.1999999999978,-12.75,-2.53999999999999));
#4432=CARTESIAN_POINT('Origin',(86.4999999999978,25.5,-2.69));
#4433=CARTESIAN_POINT('',(86.4999999999978,27.5,-2.84));
#4434=CARTESIAN_POINT('',(86.4999999999978,27.2,-2.54));
#4435=CARTESIAN_POINT('',(86.4999999999978,27.5,-2.84));
#4436=CARTESIAN_POINT('Origin',(86.4999999999978,25.5,-2.54));
#4437=CARTESIAN_POINT('Origin',(86.4999999999978,25.5,-2.84));
#4438=CARTESIAN_POINT('Origin',(64.7499999999977,27.35,-2.69));
#4439=CARTESIAN_POINT('',(-0.500000000002503,27.2,-2.54));
#4440=CARTESIAN_POINT('',(-0.500000000002505,27.5,-2.84));
#4441=CARTESIAN_POINT('',(64.7499999999977,27.2,-2.54));
#4442=CARTESIAN_POINT('',(64.7499999999977,27.5,-2.84));
#4443=CARTESIAN_POINT('Origin',(-0.500000000002508,25.5,-2.69));
#4444=CARTESIAN_POINT('',(-2.20000000000251,25.5,-2.54));
#4445=CARTESIAN_POINT('',(-2.50000000000251,25.5,-2.83999999999999));
#4446=CARTESIAN_POINT('Origin',(-0.500000000002508,25.5,-2.54));
#4447=CARTESIAN_POINT('Origin',(-2.3500000000025,12.75,-2.69));
#4448=CARTESIAN_POINT('',(-2.20000000000251,-25.5,-2.54));
#4449=CARTESIAN_POINT('',(-2.50000000000251,-25.5,-2.84));
#4450=CARTESIAN_POINT('',(-2.2000000000025,12.75,-2.54));
#4451=CARTESIAN_POINT('Origin',(-0.500000000002702,-25.5,-2.69));
#4452=CARTESIAN_POINT('',(-0.50000000000254,-27.1999999999998,-2.54));
#4453=CARTESIAN_POINT('',(-0.500000000002511,-27.4999999999998,-2.83999999999999));
#4454=CARTESIAN_POINT('Origin',(-0.500000000002702,-25.5,-2.54));
#4455=CARTESIAN_POINT('Origin',(21.2499999999989,-27.3499999999979,-2.69));
#4456=CARTESIAN_POINT('',(10.9049999999975,-27.1999999999989,-2.54));
#4457=CARTESIAN_POINT('',(10.9049999999975,-28.1799999999989,-3.52000000000003));
#4458=CARTESIAN_POINT('',(21.2499999999989,-27.1999999999979,-2.54));
#4459=CARTESIAN_POINT('Origin',(10.9049999999975,-27.5,-5.86));
#4460=CARTESIAN_POINT('',(10.9049999999975,-27.5,-5.86));
#4461=CARTESIAN_POINT('',(10.9049999999975,-26.3,-1.74));
#4462=CARTESIAN_POINT('',(10.9049999999975,-27.5,-1.74));
#4463=CARTESIAN_POINT('',(10.9049999999975,-26.3,-2.54));
#4464=CARTESIAN_POINT('',(10.9049999999975,-26.3,-2.54));
#4465=CARTESIAN_POINT('',(10.9049999999975,-13.75,-2.54));
#4466=CARTESIAN_POINT('Origin',(86.4999999999978,27.5,0.));
#4467=CARTESIAN_POINT('',(86.4999999999978,27.5,-6.55));
#4468=CARTESIAN_POINT('Origin',(86.4999999999978,25.5,0.));
#4469=CARTESIAN_POINT('Origin',(86.8999999999978,-0.0150000000000339,-1.74));
#4470=CARTESIAN_POINT('',(87.2999999999978,-5.50000000000003,-1.74));
#4471=CARTESIAN_POINT('',(86.4999999999978,-5.50000000000003,-1.74));
#4472=CARTESIAN_POINT('',(87.2999999999978,5.46999999999997,-1.74));
#4473=CARTESIAN_POINT('Origin',(85.9999999999978,26.3,-2.54));
#4474=CARTESIAN_POINT('',(-2.50550642966945E-12,26.3,-2.54));
#4475=CARTESIAN_POINT('',(85.9999999999978,26.3,-2.54));
#4476=CARTESIAN_POINT('',(64.4999999999977,26.3,-2.54));
#4477=CARTESIAN_POINT('',(-2.50555632733348E-12,26.3,-1.74));
#4478=CARTESIAN_POINT('',(-2.50550642966945E-12,26.3,-2.54));
#4479=CARTESIAN_POINT('',(85.9999999999978,26.3,-1.74));
#4480=CARTESIAN_POINT('',(-2.50555632733348E-12,26.3,-1.74));
#4481=CARTESIAN_POINT('',(85.9999999999978,26.3,-2.54));
#4482=CARTESIAN_POINT('Origin',(85.9999999999978,25.,-2.54));
#4483=CARTESIAN_POINT('',(87.2999999999978,25.,-2.54));
#4484=CARTESIAN_POINT('Origin',(85.9999999999978,25.,-2.54));
#4485=CARTESIAN_POINT('',(87.2999999999978,25.,-1.74));
#4486=CARTESIAN_POINT('Origin',(85.9999999999978,25.,-1.74));
#4487=CARTESIAN_POINT('',(87.2999999999978,25.,-2.54));
#4488=CARTESIAN_POINT('Origin',(87.2999999999978,13.37,-2.54));
#4489=CARTESIAN_POINT('',(87.2999999999978,13.37,-2.54));
#4490=CARTESIAN_POINT('',(87.2999999999978,6.68499999999998,-2.54));
#4491=CARTESIAN_POINT('',(87.2999999999978,13.37,-1.74));
#4492=CARTESIAN_POINT('',(87.2999999999978,25.,-1.74));
#4493=CARTESIAN_POINT('',(87.2999999999978,13.37,-2.54));
#4494=CARTESIAN_POINT('Origin',(-2.50466314355435E-12,-26.3,-2.54));
#4495=CARTESIAN_POINT('',(-2.50444693041371E-12,-26.3,-2.54));
#4496=CARTESIAN_POINT('',(21.4999999999976,-26.3,-2.54));
#4497=CARTESIAN_POINT('',(-2.50449682807774E-12,-26.3,-1.74));
#4498=CARTESIAN_POINT('',(10.9049999999975,-26.3,-1.74));
#4499=CARTESIAN_POINT('',(-2.50444693041371E-12,-26.3,-2.54));
#4500=CARTESIAN_POINT('Origin',(-2.50523330233097E-12,-25.,-2.54));
#4501=CARTESIAN_POINT('',(-1.3000000000025,-25.,-2.54));
#4502=CARTESIAN_POINT('Origin',(-2.50523330233097E-12,-25.,-2.54));
#4503=CARTESIAN_POINT('',(-1.3000000000025,-25.,-1.74));
#4504=CARTESIAN_POINT('Origin',(-2.505283199995E-12,-25.,-1.74));
#4505=CARTESIAN_POINT('',(-1.3000000000025,-25.,-2.54));
#4506=CARTESIAN_POINT('Origin',(-1.30000000000251,25.,-2.54));
#4507=CARTESIAN_POINT('',(-1.30000000000251,25.,-2.54));
#4508=CARTESIAN_POINT('',(-1.3000000000025,12.5,-2.54));
#4509=CARTESIAN_POINT('',(-1.30000000000251,25.,-1.74));
#4510=CARTESIAN_POINT('',(-1.3000000000025,-25.,-1.74));
#4511=CARTESIAN_POINT('',(-1.30000000000251,25.,-2.54));
#4512=CARTESIAN_POINT('Origin',(-2.50734966497167E-12,25.,-2.54));
#4513=CARTESIAN_POINT('Origin',(-2.50734966497167E-12,25.,-2.54));
#4514=CARTESIAN_POINT('Origin',(-2.50739956263569E-12,25.,-1.74));
#4515=CARTESIAN_POINT('Origin',(42.9999999999976,-4.44089209850063E-15,
-1.74));
#4516=CARTESIAN_POINT('Origin',(-2.505283199995E-12,-25.,-1.74));
#4517=CARTESIAN_POINT('',(-2.506690625981E-12,25.5,-1.74));
#4518=CARTESIAN_POINT('Origin',(-2.50739956263569E-12,25.,-1.74));
#4519=CARTESIAN_POINT('',(85.9999999999978,25.5,-1.74));
#4520=CARTESIAN_POINT('',(-2.506690625981E-12,25.5,-1.74));
#4521=CARTESIAN_POINT('Origin',(85.9999999999978,25.,-1.74));
#4522=CARTESIAN_POINT('',(86.4999999999978,13.37,-1.74));
#4523=CARTESIAN_POINT('Origin',(42.9999999999976,-4.44089209850063E-15,
-2.54));
#4524=CARTESIAN_POINT('',(65.7499999999977,13.37,-2.54));
#4525=CARTESIAN_POINT('Origin',(87.2999999999978,-25.,-2.54));
#4526=CARTESIAN_POINT('',(87.2999999999978,-25.,-1.74));
#4527=CARTESIAN_POINT('',(87.2999999999978,-14.,-1.74));
#4528=CARTESIAN_POINT('',(87.2999999999978,-25.,-2.54));
#4529=CARTESIAN_POINT('',(87.2999999999978,-2.75000000000002,-2.54));
#4530=CARTESIAN_POINT('',(87.2999999999978,-5.50000000000004,-2.055));
#4531=CARTESIAN_POINT('Origin',(85.9999999999978,-25.,-2.54));
#4532=CARTESIAN_POINT('',(85.9999999999977,-26.3,-1.74));
#4533=CARTESIAN_POINT('Origin',(85.9999999999978,-25.,-1.74));
#4534=CARTESIAN_POINT('',(85.9999999999977,-26.3,-2.54));
#4535=CARTESIAN_POINT('Origin',(55.4299999999953,-26.3,-2.54));
#4536=CARTESIAN_POINT('',(55.4299999999953,-26.3,-1.74));
#4537=CARTESIAN_POINT('',(85.9999999999977,-26.3,-1.74));
#4538=CARTESIAN_POINT('',(55.4299999999953,-26.3,-2.54));
#4539=CARTESIAN_POINT('Origin',(71.3649999999966,-20.15,-1.74));
#4540=CARTESIAN_POINT('Origin',(85.9999999999978,-25.,-1.74));
#4541=CARTESIAN_POINT('',(55.4299999999953,-25.5,-1.74));
#4542=CARTESIAN_POINT('Origin',(18.9049999999975,-26.3,-2.54));
#4543=CARTESIAN_POINT('',(18.9049999999975,-26.3,-2.54));
#4544=CARTESIAN_POINT('',(30.9524999999976,-26.3,-2.54));
#4545=CARTESIAN_POINT('',(18.9049999999975,-26.3,-1.74));
#4546=CARTESIAN_POINT('',(27.004999999995,-26.3,-1.74));
#4547=CARTESIAN_POINT('',(18.9049999999975,-26.3,-2.54));
#4548=CARTESIAN_POINT('Origin',(22.9549999999963,-25.9,-1.74));
#4549=CARTESIAN_POINT('',(18.9049999999975,-25.5,-1.74));
#4550=CARTESIAN_POINT('Origin',(35.0049999999951,-26.3,-2.54));
#4551=CARTESIAN_POINT('',(35.0049999999951,-26.3,-2.54));
#4552=CARTESIAN_POINT('',(39.0024999999963,-26.3,-2.54));
#4553=CARTESIAN_POINT('',(35.0049999999951,-26.3,-1.74));
#4554=CARTESIAN_POINT('',(42.4499999999951,-26.3,-1.74));
#4555=CARTESIAN_POINT('',(35.0049999999951,-26.3,-2.54));
#4556=CARTESIAN_POINT('Origin',(38.7274999999951,-25.9,-1.74));
#4557=CARTESIAN_POINT('',(35.0049999999951,-25.5,-1.74));
#4558=CARTESIAN_POINT('Origin',(-0.500000000002507,25.5,0.));
#4559=CARTESIAN_POINT('',(85.9999999999978,25.5,-2.54));
#4560=CARTESIAN_POINT('',(-2.50667542278649E-12,25.5,0.));
#4561=CARTESIAN_POINT('Origin',(85.9999999999978,-25.,0.));
#4562=CARTESIAN_POINT('Origin',(85.9999999999978,25.,0.));
#4563=CARTESIAN_POINT('Origin',(18.9049999999975,-27.5,-5.86));
#4564=CARTESIAN_POINT('',(18.9049999999975,-27.5,-5.86));
#4565=CARTESIAN_POINT('Origin',(35.004999999995,-27.5,-5.86));
#4566=CARTESIAN_POINT('',(35.004999999995,-27.5,-5.86));
#4567=CARTESIAN_POINT('Origin',(55.4299999999953,-27.5,-3.78));
#4568=CARTESIAN_POINT('',(55.4299999999953,-27.5,-3.78));
#4569=CARTESIAN_POINT('Origin',(88.4999999999978,13.37,-1.1));
#4570=CARTESIAN_POINT('',(88.4999999999978,13.37,-5.71));
#4571=CARTESIAN_POINT('Origin',(88.4999999999978,13.37,-5.71));
#4572=CARTESIAN_POINT('Origin',(88.4999999999978,-5.50000000000004,-1.1));
#4573=CARTESIAN_POINT('Origin',(-2.50466314355435E-12,-25.,0.));
#4574=CARTESIAN_POINT('Origin',(-2.50667542278649E-12,25.,0.));
#4575=CARTESIAN_POINT('Origin',(18.9049999999975,-27.5,-1.1));
#4576=CARTESIAN_POINT('',(18.9049999999975,-13.75,-2.54));
#4577=CARTESIAN_POINT('Origin',(35.004999999995,-27.5,-1.1));
#4578=CARTESIAN_POINT('',(35.004999999995,-13.75,-2.54));
#4579=CARTESIAN_POINT('Origin',(55.4299999999953,-27.5,-1.3));
#4580=CARTESIAN_POINT('Origin',(42.9999999999976,-4.44089209850063E-15,
-2.54));
#4581=CARTESIAN_POINT('Origin',(42.9999999999976,-4.44089209850063E-15,
-2.54));
#4582=CARTESIAN_POINT('Origin',(42.9999999999976,-4.44089209850063E-15,
-2.54));
#4583=UNCERTAINTY_MEASURE_WITH_UNIT(LENGTH_MEASURE(0.01),#4587,
'DISTANCE_ACCURACY_VALUE',
'Maximum model space distance between geometric entities at asserted c
onnectivities');
#4584=UNCERTAINTY_MEASURE_WITH_UNIT(LENGTH_MEASURE(0.01),#4587,
'DISTANCE_ACCURACY_VALUE',
'Maximum model space distance between geometric entities at asserted c
onnectivities');
#4585=(
GEOMETRIC_REPRESENTATION_CONTEXT(3)
GLOBAL_UNCERTAINTY_ASSIGNED_CONTEXT((#4583))
GLOBAL_UNIT_ASSIGNED_CONTEXT((#4587,#4589,#4590))
REPRESENTATION_CONTEXT('','3D')
);
#4586=(
GEOMETRIC_REPRESENTATION_CONTEXT(3)
GLOBAL_UNCERTAINTY_ASSIGNED_CONTEXT((#4584))
GLOBAL_UNIT_ASSIGNED_CONTEXT((#4587,#4589,#4590))
REPRESENTATION_CONTEXT('','3D')
);
#4587=(
LENGTH_UNIT()
NAMED_UNIT(*)
SI_UNIT(.MILLI.,.METRE.)
);
#4588=(
LENGTH_UNIT()
NAMED_UNIT(*)
SI_UNIT($,.METRE.)
);
#4589=(
NAMED_UNIT(*)
PLANE_ANGLE_UNIT()
SI_UNIT($,.RADIAN.)
);
#4590=(
NAMED_UNIT(*)
SI_UNIT($,.STERADIAN.)
SOLID_ANGLE_UNIT()
);
#4591=SHAPE_DEFINITION_REPRESENTATION(#4592,#4593);
#4592=PRODUCT_DEFINITION_SHAPE('',$,#4595);
#4593=SHAPE_REPRESENTATION('',(#2737),#4585);
#4594=PRODUCT_DEFINITION_CONTEXT('part definition',#4599,'design');
#4595=PRODUCT_DEFINITION('Back','Back',#4596,#4594);
#4596=PRODUCT_DEFINITION_FORMATION('',$,#4601);
#4597=PRODUCT_RELATED_PRODUCT_CATEGORY('Back','Back',(#4601));
#4598=APPLICATION_PROTOCOL_DEFINITION('international standard',
'automotive_design',2009,#4599);
#4599=APPLICATION_CONTEXT(
'Core Data for Automotive Mechanical Design Process');
#4600=PRODUCT_CONTEXT('part definition',#4599,'mechanical');
#4601=PRODUCT('Back','Back',$,(#4600));
#4602=PRESENTATION_STYLE_ASSIGNMENT((#4603));
#4603=SURFACE_STYLE_USAGE(.BOTH.,#4604);
#4604=SURFACE_SIDE_STYLE('',(#4605));
#4605=SURFACE_STYLE_FILL_AREA(#4606);
#4606=FILL_AREA_STYLE('Steel - Satin',(#4607));
#4607=FILL_AREA_STYLE_COLOUR('Steel - Satin',#4608);
#4608=COLOUR_RGB('Steel - Satin',0.627450980392157,0.627450980392157,0.627450980392157);
ENDSEC;
END-ISO-10303-21;
