ISO-10303-21;
HEADER;
/* Generated by software containing ST-Developer
 * from STEP Tools, Inc. (www.steptools.com) 
 */

FILE_DESCRIPTION(
/* description */ (''),
/* implementation_level */ '2;1');

FILE_NAME(
/* name */ 'Front-self-tap.step',
/* time_stamp */ '2023-12-18T21:36:35-08:00',
/* author */ (''),
/* organization */ (''),
/* preprocessor_version */ 'ST-DEVELOPER v20',
/* originating_system */ 'Autodesk Translation Framework v12.14.0.127',

/* authorisation */ '');

FILE_SCHEMA (('AUTOMOTIVE_DESIGN { 1 0 10303 214 3 1 1 }'));
ENDSEC;

DATA;
#10=MECHANICAL_DESIGN_GEOMETRIC_PRESENTATION_REPRESENTATION('',(#13),#3638);
#11=SHAPE_REPRESENTATION_RELATIONSHIP('SRR','None',#3645,#12);
#12=ADVANCED_BREP_SHAPE_REPRESENTATION('',(#14),#3637);
#13=STYLED_ITEM('',(#3654),#14);
#14=MANIFOLD_SOLID_BREP('Front',#2202);
#15=CONICAL_SURFACE('',#2248,1.6,0.785398163397448);
#16=CONICAL_SURFACE('',#2256,1.6,0.785398163397448);
#17=CONICAL_SURFACE('',#2264,1.6,0.785398163397437);
#18=CONICAL_SURFACE('',#2272,1.6,0.785398163397437);
#19=CONICAL_SURFACE('',#2300,1.49999999999981,0.785398163397446);
#20=CONICAL_SURFACE('',#2304,1.49999999999151,0.785398163397448);
#21=CONICAL_SURFACE('',#2308,1.49999999999999,0.785398163397448);
#22=CONICAL_SURFACE('',#2312,1.5,0.785398163397448);
#23=CONICAL_SURFACE('',#2329,1.84999999999999,0.785398163397464);
#24=CONICAL_SURFACE('',#2333,1.85,0.78539816339743);
#25=CONICAL_SURFACE('',#2337,1.84999999999981,0.785398163397439);
#26=CONICAL_SURFACE('',#2350,1.84999999999151,0.785398163397464);
#27=FACE_BOUND('',#247,.T.);
#28=FACE_BOUND('',#258,.T.);
#29=FACE_BOUND('',#262,.T.);
#30=FACE_BOUND('',#266,.T.);
#31=FACE_BOUND('',#270,.T.);
#32=FACE_BOUND('',#300,.T.);
#33=CIRCLE('',#2227,1.);
#34=CIRCLE('',#2228,1.);
#35=CIRCLE('',#2231,3.5);
#36=CIRCLE('',#2232,3.5);
#37=CIRCLE('',#2233,3.5);
#38=CIRCLE('',#2234,3.5);
#39=CIRCLE('',#2236,1.);
#40=CIRCLE('',#2237,1.);
#41=CIRCLE('',#2240,1.);
#42=CIRCLE('',#2241,1.);
#43=CIRCLE('',#2244,1.);
#44=CIRCLE('',#2245,1.);
#45=CIRCLE('',#2249,1.8);
#46=CIRCLE('',#2250,1.4);
#47=CIRCLE('',#2252,1.4);
#48=CIRCLE('',#2254,3.5);
#49=CIRCLE('',#2255,0.5);
#50=CIRCLE('',#2257,1.8);
#51=CIRCLE('',#2258,1.4);
#52=CIRCLE('',#2260,1.4);
#53=CIRCLE('',#2262,3.5);
#54=CIRCLE('',#2263,0.5);
#55=CIRCLE('',#2265,1.8);
#56=CIRCLE('',#2266,1.40000000000001);
#57=CIRCLE('',#2268,1.40000000000001);
#58=CIRCLE('',#2270,3.5);
#59=CIRCLE('',#2271,0.5);
#60=CIRCLE('',#2273,1.8);
#61=CIRCLE('',#2274,1.40000000000001);
#62=CIRCLE('',#2276,1.40000000000001);
#63=CIRCLE('',#2278,3.5);
#64=CIRCLE('',#2279,0.5);
#65=CIRCLE('',#2283,0.5);
#66=CIRCLE('',#2292,0.5);
#67=CIRCLE('',#2297,0.5);
#68=CIRCLE('',#2301,0.999999999999813);
#69=CIRCLE('',#2302,1.99999999999981);
#70=CIRCLE('',#2305,0.999999999991513);
#71=CIRCLE('',#2306,1.99999999999151);
#72=CIRCLE('',#2309,0.999999999999995);
#73=CIRCLE('',#2310,1.99999999999999);
#74=CIRCLE('',#2313,1.);
#75=CIRCLE('',#2314,2.);
#76=CIRCLE('',#2316,1.99999999999151);
#77=CIRCLE('',#2319,1.99999999999981);
#78=CIRCLE('',#2330,1.99999999999999);
#79=CIRCLE('',#2331,1.69999999999999);
#80=CIRCLE('',#2334,2.);
#81=CIRCLE('',#2335,1.7);
#82=CIRCLE('',#2338,1.69999999999981);
#83=CIRCLE('',#2341,1.5);
#84=CIRCLE('',#2342,1.5);
#85=CIRCLE('',#2343,1.5);
#86=CIRCLE('',#2351,1.69999999999151);
#87=CIRCLE('',#2358,1.5);
#88=CIRCLE('',#2362,1.5);
#89=CIRCLE('',#2365,1.5);
#90=CIRCLE('',#2367,0.5);
#91=CIRCLE('',#2372,1.5);
#92=CIRCLE('',#2373,1.5);
#93=CYLINDRICAL_SURFACE('',#2226,1.);
#94=CYLINDRICAL_SURFACE('',#2235,1.);
#95=CYLINDRICAL_SURFACE('',#2239,1.);
#96=CYLINDRICAL_SURFACE('',#2243,1.);
#97=CYLINDRICAL_SURFACE('',#2251,1.4);
#98=CYLINDRICAL_SURFACE('',#2259,1.4);
#99=CYLINDRICAL_SURFACE('',#2267,1.40000000000001);
#100=CYLINDRICAL_SURFACE('',#2275,1.40000000000001);
#101=CYLINDRICAL_SURFACE('',#2281,3.5);
#102=CYLINDRICAL_SURFACE('',#2282,0.5);
#103=CYLINDRICAL_SURFACE('',#2287,3.5);
#104=CYLINDRICAL_SURFACE('',#2290,3.5);
#105=CYLINDRICAL_SURFACE('',#2291,0.5);
#106=CYLINDRICAL_SURFACE('',#2295,3.5);
#107=CYLINDRICAL_SURFACE('',#2296,0.5);
#108=CYLINDRICAL_SURFACE('',#2315,1.99999999999151);
#109=CYLINDRICAL_SURFACE('',#2318,1.99999999999981);
#110=CYLINDRICAL_SURFACE('',#2357,1.5);
#111=CYLINDRICAL_SURFACE('',#2361,1.5);
#112=CYLINDRICAL_SURFACE('',#2364,1.5);
#113=CYLINDRICAL_SURFACE('',#2371,1.5);
#114=CYLINDRICAL_SURFACE('',#2378,0.5);
#115=CYLINDRICAL_SURFACE('',#2384,1.99999999999999);
#116=CYLINDRICAL_SURFACE('',#2386,2.);
#117=FACE_OUTER_BOUND('',#234,.T.);
#118=FACE_OUTER_BOUND('',#235,.T.);
#119=FACE_OUTER_BOUND('',#236,.T.);
#120=FACE_OUTER_BOUND('',#237,.T.);
#121=FACE_OUTER_BOUND('',#238,.T.);
#122=FACE_OUTER_BOUND('',#239,.T.);
#123=FACE_OUTER_BOUND('',#240,.T.);
#124=FACE_OUTER_BOUND('',#241,.T.);
#125=FACE_OUTER_BOUND('',#242,.T.);
#126=FACE_OUTER_BOUND('',#243,.T.);
#127=FACE_OUTER_BOUND('',#244,.T.);
#128=FACE_OUTER_BOUND('',#245,.T.);
#129=FACE_OUTER_BOUND('',#246,.T.);
#130=FACE_OUTER_BOUND('',#248,.T.);
#131=FACE_OUTER_BOUND('',#249,.T.);
#132=FACE_OUTER_BOUND('',#250,.T.);
#133=FACE_OUTER_BOUND('',#251,.T.);
#134=FACE_OUTER_BOUND('',#252,.T.);
#135=FACE_OUTER_BOUND('',#253,.T.);
#136=FACE_OUTER_BOUND('',#254,.T.);
#137=FACE_OUTER_BOUND('',#255,.T.);
#138=FACE_OUTER_BOUND('',#256,.T.);
#139=FACE_OUTER_BOUND('',#257,.T.);
#140=FACE_OUTER_BOUND('',#259,.T.);
#141=FACE_OUTER_BOUND('',#260,.T.);
#142=FACE_OUTER_BOUND('',#261,.T.);
#143=FACE_OUTER_BOUND('',#263,.T.);
#144=FACE_OUTER_BOUND('',#264,.T.);
#145=FACE_OUTER_BOUND('',#265,.T.);
#146=FACE_OUTER_BOUND('',#267,.T.);
#147=FACE_OUTER_BOUND('',#268,.T.);
#148=FACE_OUTER_BOUND('',#269,.T.);
#149=FACE_OUTER_BOUND('',#271,.T.);
#150=FACE_OUTER_BOUND('',#272,.T.);
#151=FACE_OUTER_BOUND('',#273,.T.);
#152=FACE_OUTER_BOUND('',#274,.T.);
#153=FACE_OUTER_BOUND('',#275,.T.);
#154=FACE_OUTER_BOUND('',#276,.T.);
#155=FACE_OUTER_BOUND('',#277,.T.);
#156=FACE_OUTER_BOUND('',#278,.T.);
#157=FACE_OUTER_BOUND('',#279,.T.);
#158=FACE_OUTER_BOUND('',#280,.T.);
#159=FACE_OUTER_BOUND('',#281,.T.);
#160=FACE_OUTER_BOUND('',#282,.T.);
#161=FACE_OUTER_BOUND('',#283,.T.);
#162=FACE_OUTER_BOUND('',#284,.T.);
#163=FACE_OUTER_BOUND('',#285,.T.);
#164=FACE_OUTER_BOUND('',#286,.T.);
#165=FACE_OUTER_BOUND('',#287,.T.);
#166=FACE_OUTER_BOUND('',#288,.T.);
#167=FACE_OUTER_BOUND('',#289,.T.);
#168=FACE_OUTER_BOUND('',#290,.T.);
#169=FACE_OUTER_BOUND('',#291,.T.);
#170=FACE_OUTER_BOUND('',#292,.T.);
#171=FACE_OUTER_BOUND('',#293,.T.);
#172=FACE_OUTER_BOUND('',#294,.T.);
#173=FACE_OUTER_BOUND('',#295,.T.);
#174=FACE_OUTER_BOUND('',#296,.T.);
#175=FACE_OUTER_BOUND('',#297,.T.);
#176=FACE_OUTER_BOUND('',#298,.T.);
#177=FACE_OUTER_BOUND('',#299,.T.);
#178=FACE_OUTER_BOUND('',#301,.T.);
#179=FACE_OUTER_BOUND('',#302,.T.);
#180=FACE_OUTER_BOUND('',#303,.T.);
#181=FACE_OUTER_BOUND('',#304,.T.);
#182=FACE_OUTER_BOUND('',#305,.T.);
#183=FACE_OUTER_BOUND('',#306,.T.);
#184=FACE_OUTER_BOUND('',#307,.T.);
#185=FACE_OUTER_BOUND('',#308,.T.);
#186=FACE_OUTER_BOUND('',#309,.T.);
#187=FACE_OUTER_BOUND('',#310,.T.);
#188=FACE_OUTER_BOUND('',#311,.T.);
#189=FACE_OUTER_BOUND('',#312,.T.);
#190=FACE_OUTER_BOUND('',#313,.T.);
#191=FACE_OUTER_BOUND('',#314,.T.);
#192=FACE_OUTER_BOUND('',#315,.T.);
#193=FACE_OUTER_BOUND('',#316,.T.);
#194=FACE_OUTER_BOUND('',#317,.T.);
#195=FACE_OUTER_BOUND('',#318,.T.);
#196=FACE_OUTER_BOUND('',#319,.T.);
#197=FACE_OUTER_BOUND('',#320,.T.);
#198=FACE_OUTER_BOUND('',#321,.T.);
#199=FACE_OUTER_BOUND('',#322,.T.);
#200=FACE_OUTER_BOUND('',#323,.T.);
#201=FACE_OUTER_BOUND('',#324,.T.);
#202=FACE_OUTER_BOUND('',#325,.T.);
#203=FACE_OUTER_BOUND('',#326,.T.);
#204=FACE_OUTER_BOUND('',#327,.T.);
#205=FACE_OUTER_BOUND('',#328,.T.);
#206=FACE_OUTER_BOUND('',#329,.T.);
#207=FACE_OUTER_BOUND('',#330,.T.);
#208=FACE_OUTER_BOUND('',#331,.T.);
#209=FACE_OUTER_BOUND('',#332,.T.);
#210=FACE_OUTER_BOUND('',#333,.T.);
#211=FACE_OUTER_BOUND('',#334,.T.);
#212=FACE_OUTER_BOUND('',#335,.T.);
#213=FACE_OUTER_BOUND('',#336,.T.);
#214=FACE_OUTER_BOUND('',#337,.T.);
#215=FACE_OUTER_BOUND('',#338,.T.);
#216=FACE_OUTER_BOUND('',#339,.T.);
#217=FACE_OUTER_BOUND('',#340,.T.);
#218=FACE_OUTER_BOUND('',#341,.T.);
#219=FACE_OUTER_BOUND('',#342,.T.);
#220=FACE_OUTER_BOUND('',#343,.T.);
#221=FACE_OUTER_BOUND('',#344,.T.);
#222=FACE_OUTER_BOUND('',#345,.T.);
#223=FACE_OUTER_BOUND('',#346,.T.);
#224=FACE_OUTER_BOUND('',#347,.T.);
#225=FACE_OUTER_BOUND('',#348,.T.);
#226=FACE_OUTER_BOUND('',#349,.T.);
#227=FACE_OUTER_BOUND('',#350,.T.);
#228=FACE_OUTER_BOUND('',#351,.T.);
#229=FACE_OUTER_BOUND('',#352,.T.);
#230=FACE_OUTER_BOUND('',#353,.T.);
#231=FACE_OUTER_BOUND('',#354,.T.);
#232=FACE_OUTER_BOUND('',#355,.T.);
#233=FACE_OUTER_BOUND('',#356,.T.);
#234=EDGE_LOOP('',(#1378,#1379,#1380,#1381,#1382,#1383,#1384));
#235=EDGE_LOOP('',(#1385,#1386,#1387,#1388,#1389,#1390,#1391,#1392));
#236=EDGE_LOOP('',(#1393,#1394,#1395,#1396));
#237=EDGE_LOOP('',(#1397,#1398,#1399,#1400,#1401,#1402,#1403));
#238=EDGE_LOOP('',(#1404,#1405,#1406,#1407));
#239=EDGE_LOOP('',(#1408,#1409,#1410,#1411));
#240=EDGE_LOOP('',(#1412,#1413,#1414,#1415));
#241=EDGE_LOOP('',(#1416,#1417,#1418,#1419,#1420,#1421));
#242=EDGE_LOOP('',(#1422,#1423,#1424,#1425));
#243=EDGE_LOOP('',(#1426,#1427,#1428,#1429));
#244=EDGE_LOOP('',(#1430,#1431,#1432,#1433));
#245=EDGE_LOOP('',(#1434,#1435,#1436,#1437,#1438));
#246=EDGE_LOOP('',(#1439,#1440,#1441,#1442,#1443,#1444,#1445,#1446,#1447,
#1448,#1449,#1450,#1451,#1452,#1453,#1454));
#247=EDGE_LOOP('',(#1455,#1456,#1457,#1458));
#248=EDGE_LOOP('',(#1459,#1460,#1461,#1462));
#249=EDGE_LOOP('',(#1463,#1464,#1465,#1466,#1467));
#250=EDGE_LOOP('',(#1468,#1469,#1470,#1471));
#251=EDGE_LOOP('',(#1472,#1473,#1474,#1475,#1476));
#252=EDGE_LOOP('',(#1477,#1478,#1479,#1480));
#253=EDGE_LOOP('',(#1481,#1482,#1483,#1484,#1485));
#254=EDGE_LOOP('',(#1486,#1487,#1488,#1489,#1490,#1491,#1492,#1493,#1494,
#1495,#1496,#1497,#1498,#1499,#1500,#1501));
#255=EDGE_LOOP('',(#1502,#1503,#1504,#1505));
#256=EDGE_LOOP('',(#1506,#1507,#1508,#1509));
#257=EDGE_LOOP('',(#1510,#1511,#1512,#1513,#1514,#1515));
#258=EDGE_LOOP('',(#1516));
#259=EDGE_LOOP('',(#1517,#1518,#1519,#1520));
#260=EDGE_LOOP('',(#1521,#1522,#1523,#1524));
#261=EDGE_LOOP('',(#1525,#1526,#1527,#1528,#1529,#1530));
#262=EDGE_LOOP('',(#1531));
#263=EDGE_LOOP('',(#1532,#1533,#1534,#1535));
#264=EDGE_LOOP('',(#1536,#1537,#1538,#1539));
#265=EDGE_LOOP('',(#1540,#1541,#1542,#1543,#1544,#1545));
#266=EDGE_LOOP('',(#1546));
#267=EDGE_LOOP('',(#1547,#1548,#1549,#1550));
#268=EDGE_LOOP('',(#1551,#1552,#1553,#1554));
#269=EDGE_LOOP('',(#1555,#1556,#1557,#1558,#1559,#1560));
#270=EDGE_LOOP('',(#1561));
#271=EDGE_LOOP('',(#1562,#1563,#1564,#1565,#1566));
#272=EDGE_LOOP('',(#1567,#1568,#1569,#1570));
#273=EDGE_LOOP('',(#1571,#1572,#1573,#1574));
#274=EDGE_LOOP('',(#1575,#1576,#1577,#1578,#1579,#1580,#1581,#1582,#1583,
#1584,#1585,#1586,#1587,#1588,#1589,#1590,#1591,#1592,#1593,#1594));
#275=EDGE_LOOP('',(#1595));
#276=EDGE_LOOP('',(#1596,#1597,#1598,#1599,#1600));
#277=EDGE_LOOP('',(#1601,#1602,#1603,#1604));
#278=EDGE_LOOP('',(#1605,#1606,#1607,#1608,#1609));
#279=EDGE_LOOP('',(#1610,#1611,#1612,#1613,#1614));
#280=EDGE_LOOP('',(#1615,#1616,#1617,#1618));
#281=EDGE_LOOP('',(#1619,#1620,#1621,#1622));
#282=EDGE_LOOP('',(#1623,#1624,#1625,#1626,#1627,#1628,#1629,#1630));
#283=EDGE_LOOP('',(#1631));
#284=EDGE_LOOP('',(#1632,#1633,#1634,#1635));
#285=EDGE_LOOP('',(#1636,#1637,#1638,#1639));
#286=EDGE_LOOP('',(#1640));
#287=EDGE_LOOP('',(#1641,#1642,#1643,#1644));
#288=EDGE_LOOP('',(#1645,#1646,#1647,#1648));
#289=EDGE_LOOP('',(#1649,#1650,#1651,#1652));
#290=EDGE_LOOP('',(#1653,#1654,#1655,#1656));
#291=EDGE_LOOP('',(#1657,#1658,#1659,#1660));
#292=EDGE_LOOP('',(#1661,#1662,#1663,#1664));
#293=EDGE_LOOP('',(#1665,#1666,#1667,#1668));
#294=EDGE_LOOP('',(#1669,#1670,#1671,#1672));
#295=EDGE_LOOP('',(#1673,#1674,#1675,#1676));
#296=EDGE_LOOP('',(#1677,#1678,#1679,#1680,#1681,#1682,#1683,#1684,#1685,
#1686,#1687,#1688,#1689,#1690,#1691,#1692));
#297=EDGE_LOOP('',(#1693,#1694,#1695,#1696));
#298=EDGE_LOOP('',(#1697,#1698,#1699,#1700));
#299=EDGE_LOOP('',(#1701,#1702,#1703,#1704,#1705,#1706,#1707,#1708));
#300=EDGE_LOOP('',(#1709,#1710,#1711,#1712));
#301=EDGE_LOOP('',(#1713));
#302=EDGE_LOOP('',(#1714,#1715,#1716,#1717));
#303=EDGE_LOOP('',(#1718,#1719,#1720,#1721));
#304=EDGE_LOOP('',(#1722,#1723,#1724,#1725));
#305=EDGE_LOOP('',(#1726,#1727,#1728,#1729));
#306=EDGE_LOOP('',(#1730,#1731,#1732,#1733,#1734,#1735,#1736,#1737,#1738,
#1739,#1740,#1741));
#307=EDGE_LOOP('',(#1742,#1743,#1744,#1745));
#308=EDGE_LOOP('',(#1746,#1747,#1748,#1749));
#309=EDGE_LOOP('',(#1750,#1751,#1752,#1753));
#310=EDGE_LOOP('',(#1754,#1755,#1756,#1757));
#311=EDGE_LOOP('',(#1758,#1759,#1760,#1761));
#312=EDGE_LOOP('',(#1762,#1763,#1764,#1765));
#313=EDGE_LOOP('',(#1766,#1767,#1768,#1769));
#314=EDGE_LOOP('',(#1770,#1771,#1772,#1773,#1774,#1775,#1776,#1777,#1778,
#1779,#1780,#1781,#1782,#1783,#1784,#1785));
#315=EDGE_LOOP('',(#1786,#1787,#1788,#1789,#1790,#1791,#1792));
#316=EDGE_LOOP('',(#1793,#1794,#1795,#1796));
#317=EDGE_LOOP('',(#1797,#1798,#1799,#1800,#1801,#1802,#1803));
#318=EDGE_LOOP('',(#1804,#1805,#1806,#1807));
#319=EDGE_LOOP('',(#1808,#1809,#1810,#1811,#1812,#1813,#1814));
#320=EDGE_LOOP('',(#1815,#1816,#1817,#1818));
#321=EDGE_LOOP('',(#1819,#1820,#1821,#1822));
#322=EDGE_LOOP('',(#1823,#1824,#1825,#1826));
#323=EDGE_LOOP('',(#1827,#1828,#1829,#1830));
#324=EDGE_LOOP('',(#1831,#1832,#1833,#1834));
#325=EDGE_LOOP('',(#1835,#1836,#1837,#1838));
#326=EDGE_LOOP('',(#1839,#1840,#1841,#1842));
#327=EDGE_LOOP('',(#1843,#1844,#1845,#1846));
#328=EDGE_LOOP('',(#1847,#1848,#1849,#1850));
#329=EDGE_LOOP('',(#1851,#1852,#1853,#1854));
#330=EDGE_LOOP('',(#1855,#1856,#1857,#1858));
#331=EDGE_LOOP('',(#1859,#1860,#1861,#1862));
#332=EDGE_LOOP('',(#1863,#1864,#1865,#1866));
#333=EDGE_LOOP('',(#1867,#1868,#1869,#1870,#1871,#1872,#1873,#1874,#1875,
#1876,#1877,#1878,#1879,#1880,#1881,#1882));
#334=EDGE_LOOP('',(#1883,#1884,#1885,#1886));
#335=EDGE_LOOP('',(#1887,#1888,#1889,#1890));
#336=EDGE_LOOP('',(#1891,#1892,#1893,#1894));
#337=EDGE_LOOP('',(#1895,#1896,#1897,#1898));
#338=EDGE_LOOP('',(#1899,#1900,#1901,#1902));
#339=EDGE_LOOP('',(#1903,#1904,#1905,#1906,#1907,#1908,#1909,#1910,#1911,
#1912));
#340=EDGE_LOOP('',(#1913,#1914,#1915,#1916));
#341=EDGE_LOOP('',(#1917,#1918,#1919,#1920,#1921,#1922,#1923,#1924));
#342=EDGE_LOOP('',(#1925,#1926,#1927,#1928));
#343=EDGE_LOOP('',(#1929,#1930,#1931,#1932));
#344=EDGE_LOOP('',(#1933,#1934,#1935,#1936,#1937,#1938,#1939));
#345=EDGE_LOOP('',(#1940,#1941,#1942,#1943,#1944,#1945,#1946,#1947));
#346=EDGE_LOOP('',(#1948,#1949,#1950,#1951,#1952,#1953,#1954));
#347=EDGE_LOOP('',(#1955,#1956,#1957,#1958,#1959,#1960,#1961));
#348=EDGE_LOOP('',(#1962,#1963,#1964,#1965));
#349=EDGE_LOOP('',(#1966,#1967,#1968,#1969));
#350=EDGE_LOOP('',(#1970,#1971,#1972,#1973));
#351=EDGE_LOOP('',(#1974,#1975,#1976,#1977));
#352=EDGE_LOOP('',(#1978,#1979,#1980,#1981,#1982,#1983,#1984));
#353=EDGE_LOOP('',(#1985,#1986,#1987,#1988));
#354=EDGE_LOOP('',(#1989,#1990,#1991,#1992));
#355=EDGE_LOOP('',(#1993,#1994,#1995,#1996,#1997,#1998,#1999));
#356=EDGE_LOOP('',(#2000,#2001,#2002,#2003));
#357=LINE('',#3006,#610);
#358=LINE('',#3008,#611);
#359=LINE('',#3010,#612);
#360=LINE('',#3012,#613);
#361=LINE('',#3014,#614);
#362=LINE('',#3016,#615);
#363=LINE('',#3017,#616);
#364=LINE('',#3020,#617);
#365=LINE('',#3022,#618);
#366=LINE('',#3024,#619);
#367=LINE('',#3026,#620);
#368=LINE('',#3028,#621);
#369=LINE('',#3030,#622);
#370=LINE('',#3031,#623);
#371=LINE('',#3034,#624);
#372=LINE('',#3035,#625);
#373=LINE('',#3039,#626);
#374=LINE('',#3041,#627);
#375=LINE('',#3043,#628);
#376=LINE('',#3044,#629);
#377=LINE('',#3045,#630);
#378=LINE('',#3048,#631);
#379=LINE('',#3050,#632);
#380=LINE('',#3051,#633);
#381=LINE('',#3054,#634);
#382=LINE('',#3055,#635);
#383=LINE('',#3058,#636);
#384=LINE('',#3059,#637);
#385=LINE('',#3062,#638);
#386=LINE('',#3064,#639);
#387=LINE('',#3065,#640);
#388=LINE('',#3068,#641);
#389=LINE('',#3069,#642);
#390=LINE('',#3072,#643);
#391=LINE('',#3073,#644);
#392=LINE('',#3079,#645);
#393=LINE('',#3082,#646);
#394=LINE('',#3085,#647);
#395=LINE('',#3087,#648);
#396=LINE('',#3089,#649);
#397=LINE('',#3090,#650);
#398=LINE('',#3093,#651);
#399=LINE('',#3097,#652);
#400=LINE('',#3099,#653);
#401=LINE('',#3101,#654);
#402=LINE('',#3105,#655);
#403=LINE('',#3107,#656);
#404=LINE('',#3109,#657);
#405=LINE('',#3113,#658);
#406=LINE('',#3115,#659);
#407=LINE('',#3117,#660);
#408=LINE('',#3121,#661);
#409=LINE('',#3123,#662);
#410=LINE('',#3125,#663);
#411=LINE('',#3126,#664);
#412=LINE('',#3131,#665);
#413=LINE('',#3135,#666);
#414=LINE('',#3137,#667);
#415=LINE('',#3138,#668);
#416=LINE('',#3143,#669);
#417=LINE('',#3147,#670);
#418=LINE('',#3149,#671);
#419=LINE('',#3150,#672);
#420=LINE('',#3155,#673);
#421=LINE('',#3159,#674);
#422=LINE('',#3161,#675);
#423=LINE('',#3162,#676);
#424=LINE('',#3165,#677);
#425=LINE('',#3167,#678);
#426=LINE('',#3169,#679);
#427=LINE('',#3171,#680);
#428=LINE('',#3173,#681);
#429=LINE('',#3175,#682);
#430=LINE('',#3176,#683);
#431=LINE('',#3178,#684);
#432=LINE('',#3180,#685);
#433=LINE('',#3182,#686);
#434=LINE('',#3183,#687);
#435=LINE('',#3188,#688);
#436=LINE('',#3192,#689);
#437=LINE('',#3198,#690);
#438=LINE('',#3200,#691);
#439=LINE('',#3203,#692);
#440=LINE('',#3208,#693);
#441=LINE('',#3212,#694);
#442=LINE('',#3218,#695);
#443=LINE('',#3220,#696);
#444=LINE('',#3223,#697);
#445=LINE('',#3228,#698);
#446=LINE('',#3232,#699);
#447=LINE('',#3236,#700);
#448=LINE('',#3240,#701);
#449=LINE('',#3242,#702);
#450=LINE('',#3248,#703);
#451=LINE('',#3252,#704);
#452=LINE('',#3258,#705);
#453=LINE('',#3260,#706);
#454=LINE('',#3261,#707);
#455=LINE('',#3265,#708);
#456=LINE('',#3268,#709);
#457=LINE('',#3271,#710);
#458=LINE('',#3273,#711);
#459=LINE('',#3275,#712);
#460=LINE('',#3277,#713);
#461=LINE('',#3279,#714);
#462=LINE('',#3281,#715);
#463=LINE('',#3283,#716);
#464=LINE('',#3285,#717);
#465=LINE('',#3287,#718);
#466=LINE('',#3289,#719);
#467=LINE('',#3291,#720);
#468=LINE('',#3293,#721);
#469=LINE('',#3295,#722);
#470=LINE('',#3296,#723);
#471=LINE('',#3299,#724);
#472=LINE('',#3300,#725);
#473=LINE('',#3302,#726);
#474=LINE('',#3305,#727);
#475=LINE('',#3306,#728);
#476=LINE('',#3310,#729);
#477=LINE('',#3313,#730);
#478=LINE('',#3315,#731);
#479=LINE('',#3324,#732);
#480=LINE('',#3326,#733);
#481=LINE('',#3328,#734);
#482=LINE('',#3329,#735);
#483=LINE('',#3333,#736);
#484=LINE('',#3339,#737);
#485=LINE('',#3340,#738);
#486=LINE('',#3341,#739);
#487=LINE('',#3345,#740);
#488=LINE('',#3351,#741);
#489=LINE('',#3352,#742);
#490=LINE('',#3353,#743);
#491=LINE('',#3357,#744);
#492=LINE('',#3363,#745);
#493=LINE('',#3364,#746);
#494=LINE('',#3365,#747);
#495=LINE('',#3371,#748);
#496=LINE('',#3374,#749);
#497=LINE('',#3377,#750);
#498=LINE('',#3379,#751);
#499=LINE('',#3381,#752);
#500=LINE('',#3383,#753);
#501=LINE('',#3385,#754);
#502=LINE('',#3387,#755);
#503=LINE('',#3389,#756);
#504=LINE('',#3391,#757);
#505=LINE('',#3393,#758);
#506=LINE('',#3395,#759);
#507=LINE('',#3397,#760);
#508=LINE('',#3399,#761);
#509=LINE('',#3401,#762);
#510=LINE('',#3402,#763);
#511=LINE('',#3405,#764);
#512=LINE('',#3409,#765);
#513=LINE('',#3410,#766);
#514=LINE('',#3414,#767);
#515=LINE('',#3416,#768);
#516=LINE('',#3418,#769);
#517=LINE('',#3419,#770);
#518=LINE('',#3422,#771);
#519=LINE('',#3423,#772);
#520=LINE('',#3425,#773);
#521=LINE('',#3427,#774);
#522=LINE('',#3431,#775);
#523=LINE('',#3433,#776);
#524=LINE('',#3435,#777);
#525=LINE('',#3437,#778);
#526=LINE('',#3438,#779);
#527=LINE('',#3439,#780);
#528=LINE('',#3442,#781);
#529=LINE('',#3444,#782);
#530=LINE('',#3445,#783);
#531=LINE('',#3449,#784);
#532=LINE('',#3455,#785);
#533=LINE('',#3456,#786);
#534=LINE('',#3457,#787);
#535=LINE('',#3460,#788);
#536=LINE('',#3465,#789);
#537=LINE('',#3466,#790);
#538=LINE('',#3469,#791);
#539=LINE('',#3473,#792);
#540=LINE('',#3474,#793);
#541=LINE('',#3477,#794);
#542=LINE('',#3479,#795);
#543=LINE('',#3483,#796);
#544=LINE('',#3487,#797);
#545=LINE('',#3491,#798);
#546=LINE('',#3492,#799);
#547=LINE('',#3494,#800);
#548=LINE('',#3496,#801);
#549=LINE('',#3497,#802);
#550=LINE('',#3500,#803);
#551=LINE('',#3502,#804);
#552=LINE('',#3503,#805);
#553=LINE('',#3505,#806);
#554=LINE('',#3507,#807);
#555=LINE('',#3509,#808);
#556=LINE('',#3510,#809);
#557=LINE('',#3513,#810);
#558=LINE('',#3515,#811);
#559=LINE('',#3516,#812);
#560=LINE('',#3518,#813);
#561=LINE('',#3520,#814);
#562=LINE('',#3522,#815);
#563=LINE('',#3523,#816);
#564=LINE('',#3526,#817);
#565=LINE('',#3528,#818);
#566=LINE('',#3529,#819);
#567=LINE('',#3532,#820);
#568=LINE('',#3535,#821);
#569=LINE('',#3537,#822);
#570=LINE('',#3540,#823);
#571=LINE('',#3542,#824);
#572=LINE('',#3543,#825);
#573=LINE('',#3545,#826);
#574=LINE('',#3548,#827);
#575=LINE('',#3550,#828);
#576=LINE('',#3551,#829);
#577=LINE('',#3554,#830);
#578=LINE('',#3557,#831);
#579=LINE('',#3560,#832);
#580=LINE('',#3562,#833);
#581=LINE('',#3563,#834);
#582=LINE('',#3566,#835);
#583=LINE('',#3570,#836);
#584=LINE('',#3571,#837);
#585=LINE('',#3577,#838);
#586=LINE('',#3578,#839);
#587=LINE('',#3581,#840);
#588=LINE('',#3583,#841);
#589=LINE('',#3584,#842);
#590=LINE('',#3586,#843);
#591=LINE('',#3589,#844);
#592=LINE('',#3591,#845);
#593=LINE('',#3592,#846);
#594=LINE('',#3597,#847);
#595=LINE('',#3601,#848);
#596=LINE('',#3603,#849);
#597=LINE('',#3604,#850);
#598=LINE('',#3606,#851);
#599=LINE('',#3608,#852);
#600=LINE('',#3610,#853);
#601=LINE('',#3613,#854);
#602=LINE('',#3615,#855);
#603=LINE('',#3616,#856);
#604=LINE('',#3619,#857);
#605=LINE('',#3621,#858);
#606=LINE('',#3623,#859);
#607=LINE('',#3625,#860);
#608=LINE('',#3628,#861);
#609=LINE('',#3633,#862);
#610=VECTOR('',#2397,10.);
#611=VECTOR('',#2398,10.);
#612=VECTOR('',#2399,10.);
#613=VECTOR('',#2400,10.);
#614=VECTOR('',#2401,10.);
#615=VECTOR('',#2402,10.);
#616=VECTOR('',#2403,10.);
#617=VECTOR('',#2406,10.);
#618=VECTOR('',#2407,10.);
#619=VECTOR('',#2408,10.);
#620=VECTOR('',#2409,10.);
#621=VECTOR('',#2410,10.);
#622=VECTOR('',#2411,10.);
#623=VECTOR('',#2412,10.);
#624=VECTOR('',#2415,10.);
#625=VECTOR('',#2416,10.);
#626=VECTOR('',#2419,10.);
#627=VECTOR('',#2420,10.);
#628=VECTOR('',#2421,10.);
#629=VECTOR('',#2422,10.);
#630=VECTOR('',#2423,10.);
#631=VECTOR('',#2426,10.);
#632=VECTOR('',#2427,10.);
#633=VECTOR('',#2428,10.);
#634=VECTOR('',#2431,10.);
#635=VECTOR('',#2432,10.);
#636=VECTOR('',#2435,10.);
#637=VECTOR('',#2436,10.);
#638=VECTOR('',#2439,10.);
#639=VECTOR('',#2440,10.);
#640=VECTOR('',#2441,10.);
#641=VECTOR('',#2444,10.);
#642=VECTOR('',#2445,10.);
#643=VECTOR('',#2448,10.);
#644=VECTOR('',#2449,10.);
#645=VECTOR('',#2454,10.);
#646=VECTOR('',#2457,10.);
#647=VECTOR('',#2460,10.);
#648=VECTOR('',#2461,10.);
#649=VECTOR('',#2462,10.);
#650=VECTOR('',#2463,10.);
#651=VECTOR('',#2466,10.);
#652=VECTOR('',#2469,10.);
#653=VECTOR('',#2470,10.);
#654=VECTOR('',#2471,10.);
#655=VECTOR('',#2474,10.);
#656=VECTOR('',#2475,10.);
#657=VECTOR('',#2476,10.);
#658=VECTOR('',#2479,10.);
#659=VECTOR('',#2480,10.);
#660=VECTOR('',#2481,10.);
#661=VECTOR('',#2484,10.);
#662=VECTOR('',#2485,10.);
#663=VECTOR('',#2486,10.);
#664=VECTOR('',#2487,10.);
#665=VECTOR('',#2492,10.);
#666=VECTOR('',#2497,10.);
#667=VECTOR('',#2498,10.);
#668=VECTOR('',#2499,10.);
#669=VECTOR('',#2504,10.);
#670=VECTOR('',#2509,10.);
#671=VECTOR('',#2510,10.);
#672=VECTOR('',#2511,10.);
#673=VECTOR('',#2516,10.);
#674=VECTOR('',#2521,10.);
#675=VECTOR('',#2522,10.);
#676=VECTOR('',#2523,10.);
#677=VECTOR('',#2526,10.);
#678=VECTOR('',#2527,10.);
#679=VECTOR('',#2528,10.);
#680=VECTOR('',#2529,10.);
#681=VECTOR('',#2530,10.);
#682=VECTOR('',#2531,10.);
#683=VECTOR('',#2532,10.);
#684=VECTOR('',#2533,10.);
#685=VECTOR('',#2534,10.);
#686=VECTOR('',#2535,10.);
#687=VECTOR('',#2536,10.);
#688=VECTOR('',#2541,1.6);
#689=VECTOR('',#2546,1.4);
#690=VECTOR('',#2553,10.);
#691=VECTOR('',#2554,10.);
#692=VECTOR('',#2557,10.);
#693=VECTOR('',#2562,1.6);
#694=VECTOR('',#2567,1.4);
#695=VECTOR('',#2574,10.);
#696=VECTOR('',#2575,10.);
#697=VECTOR('',#2578,10.);
#698=VECTOR('',#2583,1.6);
#699=VECTOR('',#2588,1.40000000000001);
#700=VECTOR('',#2593,10.);
#701=VECTOR('',#2596,10.);
#702=VECTOR('',#2597,10.);
#703=VECTOR('',#2604,1.6);
#704=VECTOR('',#2609,1.40000000000001);
#705=VECTOR('',#2618,10.);
#706=VECTOR('',#2621,10.);
#707=VECTOR('',#2622,10.);
#708=VECTOR('',#2627,10.);
#709=VECTOR('',#2630,10.);
#710=VECTOR('',#2633,10.);
#711=VECTOR('',#2634,10.);
#712=VECTOR('',#2635,10.);
#713=VECTOR('',#2636,10.);
#714=VECTOR('',#2637,10.);
#715=VECTOR('',#2638,10.);
#716=VECTOR('',#2639,10.);
#717=VECTOR('',#2640,10.);
#718=VECTOR('',#2641,10.);
#719=VECTOR('',#2642,10.);
#720=VECTOR('',#2643,10.);
#721=VECTOR('',#2644,10.);
#722=VECTOR('',#2645,10.);
#723=VECTOR('',#2646,10.);
#724=VECTOR('',#2651,10.);
#725=VECTOR('',#2652,10.);
#726=VECTOR('',#2655,10.);
#727=VECTOR('',#2660,10.);
#728=VECTOR('',#2661,10.);
#729=VECTOR('',#2666,10.);
#730=VECTOR('',#2669,10.);
#731=VECTOR('',#2672,10.);
#732=VECTOR('',#2685,10.);
#733=VECTOR('',#2686,10.);
#734=VECTOR('',#2687,10.);
#735=VECTOR('',#2688,10.);
#736=VECTOR('',#2691,10.);
#737=VECTOR('',#2698,10.);
#738=VECTOR('',#2699,10.);
#739=VECTOR('',#2700,10.);
#740=VECTOR('',#2703,10.);
#741=VECTOR('',#2710,10.);
#742=VECTOR('',#2711,10.);
#743=VECTOR('',#2712,10.);
#744=VECTOR('',#2715,10.);
#745=VECTOR('',#2722,10.);
#746=VECTOR('',#2723,10.);
#747=VECTOR('',#2724,10.);
#748=VECTOR('',#2733,10.);
#749=VECTOR('',#2736,10.);
#750=VECTOR('',#2739,10.);
#751=VECTOR('',#2740,10.);
#752=VECTOR('',#2741,10.);
#753=VECTOR('',#2742,10.);
#754=VECTOR('',#2743,10.);
#755=VECTOR('',#2744,10.);
#756=VECTOR('',#2745,10.);
#757=VECTOR('',#2746,10.);
#758=VECTOR('',#2747,10.);
#759=VECTOR('',#2748,10.);
#760=VECTOR('',#2749,10.);
#761=VECTOR('',#2750,10.);
#762=VECTOR('',#2751,10.);
#763=VECTOR('',#2752,10.);
#764=VECTOR('',#2755,10.);
#765=VECTOR('',#2760,10.);
#766=VECTOR('',#2761,10.);
#767=VECTOR('',#2764,10.);
#768=VECTOR('',#2765,10.);
#769=VECTOR('',#2766,10.);
#770=VECTOR('',#2767,10.);
#771=VECTOR('',#2772,10.);
#772=VECTOR('',#2773,10.);
#773=VECTOR('',#2776,10.);
#774=VECTOR('',#2779,10.);
#775=VECTOR('',#2784,10.);
#776=VECTOR('',#2785,10.);
#777=VECTOR('',#2786,10.);
#778=VECTOR('',#2787,10.);
#779=VECTOR('',#2788,10.);
#780=VECTOR('',#2789,10.);
#781=VECTOR('',#2792,10.);
#782=VECTOR('',#2793,10.);
#783=VECTOR('',#2794,10.);
#784=VECTOR('',#2797,10.);
#785=VECTOR('',#2804,10.);
#786=VECTOR('',#2805,10.);
#787=VECTOR('',#2806,10.);
#788=VECTOR('',#2809,10.);
#789=VECTOR('',#2816,10.);
#790=VECTOR('',#2817,10.);
#791=VECTOR('',#2820,10.);
#792=VECTOR('',#2825,10.);
#793=VECTOR('',#2826,10.);
#794=VECTOR('',#2829,10.);
#795=VECTOR('',#2830,10.);
#796=VECTOR('',#2833,10.);
#797=VECTOR('',#2836,10.);
#798=VECTOR('',#2839,10.);
#799=VECTOR('',#2840,10.);
#800=VECTOR('',#2843,10.);
#801=VECTOR('',#2844,10.);
#802=VECTOR('',#2845,10.);
#803=VECTOR('',#2848,10.);
#804=VECTOR('',#2849,10.);
#805=VECTOR('',#2850,10.);
#806=VECTOR('',#2853,10.);
#807=VECTOR('',#2854,10.);
#808=VECTOR('',#2855,10.);
#809=VECTOR('',#2856,10.);
#810=VECTOR('',#2859,10.);
#811=VECTOR('',#2860,10.);
#812=VECTOR('',#2861,10.);
#813=VECTOR('',#2864,10.);
#814=VECTOR('',#2865,10.);
#815=VECTOR('',#2866,10.);
#816=VECTOR('',#2867,10.);
#817=VECTOR('',#2870,10.);
#818=VECTOR('',#2871,10.);
#819=VECTOR('',#2872,10.);
#820=VECTOR('',#2875,10.);
#821=VECTOR('',#2880,10.);
#822=VECTOR('',#2883,10.);
#823=VECTOR('',#2886,10.);
#824=VECTOR('',#2887,10.);
#825=VECTOR('',#2888,10.);
#826=VECTOR('',#2891,10.);
#827=VECTOR('',#2894,10.);
#828=VECTOR('',#2895,10.);
#829=VECTOR('',#2896,10.);
#830=VECTOR('',#2899,10.);
#831=VECTOR('',#2904,10.);
#832=VECTOR('',#2907,10.);
#833=VECTOR('',#2908,10.);
#834=VECTOR('',#2909,10.);
#835=VECTOR('',#2912,10.);
#836=VECTOR('',#2917,10.);
#837=VECTOR('',#2918,10.);
#838=VECTOR('',#2927,10.);
#839=VECTOR('',#2928,10.);
#840=VECTOR('',#2931,10.);
#841=VECTOR('',#2932,10.);
#842=VECTOR('',#2933,10.);
#843=VECTOR('',#2936,10.);
#844=VECTOR('',#2939,10.);
#845=VECTOR('',#2940,10.);
#846=VECTOR('',#2941,10.);
#847=VECTOR('',#2946,10.);
#848=VECTOR('',#2951,10.);
#849=VECTOR('',#2952,10.);
#850=VECTOR('',#2953,10.);
#851=VECTOR('',#2956,10.);
#852=VECTOR('',#2959,10.);
#853=VECTOR('',#2962,10.);
#854=VECTOR('',#2967,10.);
#855=VECTOR('',#2970,10.);
#856=VECTOR('',#2971,10.);
#857=VECTOR('',#2976,10.);
#858=VECTOR('',#2979,10.);
#859=VECTOR('',#2982,10.);
#860=VECTOR('',#2985,10.);
#861=VECTOR('',#2990,10.);
#862=VECTOR('',#2999,10.);
#863=VERTEX_POINT('',#3004);
#864=VERTEX_POINT('',#3005);
#865=VERTEX_POINT('',#3007);
#866=VERTEX_POINT('',#3009);
#867=VERTEX_POINT('',#3011);
#868=VERTEX_POINT('',#3013);
#869=VERTEX_POINT('',#3015);
#870=VERTEX_POINT('',#3019);
#871=VERTEX_POINT('',#3021);
#872=VERTEX_POINT('',#3023);
#873=VERTEX_POINT('',#3025);
#874=VERTEX_POINT('',#3027);
#875=VERTEX_POINT('',#3029);
#876=VERTEX_POINT('',#3033);
#877=VERTEX_POINT('',#3037);
#878=VERTEX_POINT('',#3038);
#879=VERTEX_POINT('',#3040);
#880=VERTEX_POINT('',#3042);
#881=VERTEX_POINT('',#3047);
#882=VERTEX_POINT('',#3049);
#883=VERTEX_POINT('',#3053);
#884=VERTEX_POINT('',#3057);
#885=VERTEX_POINT('',#3061);
#886=VERTEX_POINT('',#3063);
#887=VERTEX_POINT('',#3067);
#888=VERTEX_POINT('',#3071);
#889=VERTEX_POINT('',#3075);
#890=VERTEX_POINT('',#3076);
#891=VERTEX_POINT('',#3078);
#892=VERTEX_POINT('',#3080);
#893=VERTEX_POINT('',#3084);
#894=VERTEX_POINT('',#3086);
#895=VERTEX_POINT('',#3088);
#896=VERTEX_POINT('',#3092);
#897=VERTEX_POINT('',#3094);
#898=VERTEX_POINT('',#3096);
#899=VERTEX_POINT('',#3098);
#900=VERTEX_POINT('',#3100);
#901=VERTEX_POINT('',#3102);
#902=VERTEX_POINT('',#3104);
#903=VERTEX_POINT('',#3106);
#904=VERTEX_POINT('',#3108);
#905=VERTEX_POINT('',#3110);
#906=VERTEX_POINT('',#3112);
#907=VERTEX_POINT('',#3114);
#908=VERTEX_POINT('',#3116);
#909=VERTEX_POINT('',#3119);
#910=VERTEX_POINT('',#3120);
#911=VERTEX_POINT('',#3122);
#912=VERTEX_POINT('',#3124);
#913=VERTEX_POINT('',#3128);
#914=VERTEX_POINT('',#3130);
#915=VERTEX_POINT('',#3134);
#916=VERTEX_POINT('',#3136);
#917=VERTEX_POINT('',#3140);
#918=VERTEX_POINT('',#3142);
#919=VERTEX_POINT('',#3146);
#920=VERTEX_POINT('',#3148);
#921=VERTEX_POINT('',#3152);
#922=VERTEX_POINT('',#3154);
#923=VERTEX_POINT('',#3158);
#924=VERTEX_POINT('',#3160);
#925=VERTEX_POINT('',#3164);
#926=VERTEX_POINT('',#3166);
#927=VERTEX_POINT('',#3168);
#928=VERTEX_POINT('',#3170);
#929=VERTEX_POINT('',#3172);
#930=VERTEX_POINT('',#3174);
#931=VERTEX_POINT('',#3177);
#932=VERTEX_POINT('',#3179);
#933=VERTEX_POINT('',#3181);
#934=VERTEX_POINT('',#3185);
#935=VERTEX_POINT('',#3187);
#936=VERTEX_POINT('',#3191);
#937=VERTEX_POINT('',#3195);
#938=VERTEX_POINT('',#3197);
#939=VERTEX_POINT('',#3199);
#940=VERTEX_POINT('',#3201);
#941=VERTEX_POINT('',#3205);
#942=VERTEX_POINT('',#3207);
#943=VERTEX_POINT('',#3211);
#944=VERTEX_POINT('',#3215);
#945=VERTEX_POINT('',#3217);
#946=VERTEX_POINT('',#3219);
#947=VERTEX_POINT('',#3221);
#948=VERTEX_POINT('',#3225);
#949=VERTEX_POINT('',#3227);
#950=VERTEX_POINT('',#3231);
#951=VERTEX_POINT('',#3235);
#952=VERTEX_POINT('',#3237);
#953=VERTEX_POINT('',#3239);
#954=VERTEX_POINT('',#3241);
#955=VERTEX_POINT('',#3245);
#956=VERTEX_POINT('',#3247);
#957=VERTEX_POINT('',#3251);
#958=VERTEX_POINT('',#3256);
#959=VERTEX_POINT('',#3264);
#960=VERTEX_POINT('',#3266);
#961=VERTEX_POINT('',#3270);
#962=VERTEX_POINT('',#3272);
#963=VERTEX_POINT('',#3274);
#964=VERTEX_POINT('',#3276);
#965=VERTEX_POINT('',#3278);
#966=VERTEX_POINT('',#3280);
#967=VERTEX_POINT('',#3282);
#968=VERTEX_POINT('',#3284);
#969=VERTEX_POINT('',#3286);
#970=VERTEX_POINT('',#3288);
#971=VERTEX_POINT('',#3290);
#972=VERTEX_POINT('',#3292);
#973=VERTEX_POINT('',#3294);
#974=VERTEX_POINT('',#3309);
#975=VERTEX_POINT('',#3311);
#976=VERTEX_POINT('',#3322);
#977=VERTEX_POINT('',#3323);
#978=VERTEX_POINT('',#3325);
#979=VERTEX_POINT('',#3327);
#980=VERTEX_POINT('',#3331);
#981=VERTEX_POINT('',#3332);
#982=VERTEX_POINT('',#3337);
#983=VERTEX_POINT('',#3338);
#984=VERTEX_POINT('',#3343);
#985=VERTEX_POINT('',#3344);
#986=VERTEX_POINT('',#3349);
#987=VERTEX_POINT('',#3350);
#988=VERTEX_POINT('',#3355);
#989=VERTEX_POINT('',#3356);
#990=VERTEX_POINT('',#3361);
#991=VERTEX_POINT('',#3362);
#992=VERTEX_POINT('',#3370);
#993=VERTEX_POINT('',#3372);
#994=VERTEX_POINT('',#3376);
#995=VERTEX_POINT('',#3378);
#996=VERTEX_POINT('',#3380);
#997=VERTEX_POINT('',#3382);
#998=VERTEX_POINT('',#3384);
#999=VERTEX_POINT('',#3386);
#1000=VERTEX_POINT('',#3388);
#1001=VERTEX_POINT('',#3390);
#1002=VERTEX_POINT('',#3392);
#1003=VERTEX_POINT('',#3394);
#1004=VERTEX_POINT('',#3396);
#1005=VERTEX_POINT('',#3398);
#1006=VERTEX_POINT('',#3400);
#1007=VERTEX_POINT('',#3404);
#1008=VERTEX_POINT('',#3408);
#1009=VERTEX_POINT('',#3412);
#1010=VERTEX_POINT('',#3413);
#1011=VERTEX_POINT('',#3415);
#1012=VERTEX_POINT('',#3417);
#1013=VERTEX_POINT('',#3430);
#1014=VERTEX_POINT('',#3432);
#1015=VERTEX_POINT('',#3434);
#1016=VERTEX_POINT('',#3436);
#1017=VERTEX_POINT('',#3441);
#1018=VERTEX_POINT('',#3443);
#1019=VERTEX_POINT('',#3447);
#1020=VERTEX_POINT('',#3448);
#1021=VERTEX_POINT('',#3453);
#1022=VERTEX_POINT('',#3454);
#1023=VERTEX_POINT('',#3459);
#1024=VERTEX_POINT('',#3464);
#1025=VERTEX_POINT('',#3468);
#1026=VERTEX_POINT('',#3472);
#1027=VERTEX_POINT('',#3476);
#1028=VERTEX_POINT('',#3478);
#1029=VERTEX_POINT('',#3480);
#1030=VERTEX_POINT('',#3482);
#1031=VERTEX_POINT('',#3484);
#1032=VERTEX_POINT('',#3486);
#1033=VERTEX_POINT('',#3488);
#1034=VERTEX_POINT('',#3490);
#1035=VERTEX_POINT('',#3495);
#1036=VERTEX_POINT('',#3499);
#1037=VERTEX_POINT('',#3501);
#1038=VERTEX_POINT('',#3506);
#1039=VERTEX_POINT('',#3508);
#1040=VERTEX_POINT('',#3512);
#1041=VERTEX_POINT('',#3514);
#1042=VERTEX_POINT('',#3519);
#1043=VERTEX_POINT('',#3521);
#1044=VERTEX_POINT('',#3525);
#1045=VERTEX_POINT('',#3527);
#1046=VERTEX_POINT('',#3531);
#1047=VERTEX_POINT('',#3539);
#1048=VERTEX_POINT('',#3541);
#1049=VERTEX_POINT('',#3547);
#1050=VERTEX_POINT('',#3549);
#1051=VERTEX_POINT('',#3553);
#1052=VERTEX_POINT('',#3559);
#1053=VERTEX_POINT('',#3561);
#1054=VERTEX_POINT('',#3565);
#1055=VERTEX_POINT('',#3569);
#1056=VERTEX_POINT('',#3575);
#1057=VERTEX_POINT('',#3580);
#1058=VERTEX_POINT('',#3582);
#1059=VERTEX_POINT('',#3588);
#1060=VERTEX_POINT('',#3590);
#1061=VERTEX_POINT('',#3594);
#1062=VERTEX_POINT('',#3596);
#1063=VERTEX_POINT('',#3600);
#1064=VERTEX_POINT('',#3602);
#1065=EDGE_CURVE('',#863,#864,#357,.T.);
#1066=EDGE_CURVE('',#865,#863,#358,.T.);
#1067=EDGE_CURVE('',#865,#866,#359,.T.);
#1068=EDGE_CURVE('',#866,#867,#360,.T.);
#1069=EDGE_CURVE('',#868,#867,#361,.T.);
#1070=EDGE_CURVE('',#869,#868,#362,.T.);
#1071=EDGE_CURVE('',#864,#869,#363,.T.);
#1072=EDGE_CURVE('',#867,#870,#364,.T.);
#1073=EDGE_CURVE('',#871,#866,#365,.T.);
#1074=EDGE_CURVE('',#872,#871,#366,.T.);
#1075=EDGE_CURVE('',#873,#872,#367,.T.);
#1076=EDGE_CURVE('',#874,#873,#368,.T.);
#1077=EDGE_CURVE('',#875,#874,#369,.T.);
#1078=EDGE_CURVE('',#870,#875,#370,.T.);
#1079=EDGE_CURVE('',#876,#865,#371,.T.);
#1080=EDGE_CURVE('',#876,#871,#372,.T.);
#1081=EDGE_CURVE('',#877,#878,#373,.T.);
#1082=EDGE_CURVE('',#879,#877,#374,.T.);
#1083=EDGE_CURVE('',#880,#879,#375,.T.);
#1084=EDGE_CURVE('',#872,#880,#376,.T.);
#1085=EDGE_CURVE('',#878,#876,#377,.T.);
#1086=EDGE_CURVE('',#864,#881,#378,.T.);
#1087=EDGE_CURVE('',#881,#882,#379,.T.);
#1088=EDGE_CURVE('',#882,#863,#380,.T.);
#1089=EDGE_CURVE('',#869,#883,#381,.T.);
#1090=EDGE_CURVE('',#881,#883,#382,.T.);
#1091=EDGE_CURVE('',#868,#884,#383,.T.);
#1092=EDGE_CURVE('',#883,#884,#384,.T.);
#1093=EDGE_CURVE('',#885,#870,#385,.T.);
#1094=EDGE_CURVE('',#886,#885,#386,.T.);
#1095=EDGE_CURVE('',#884,#886,#387,.T.);
#1096=EDGE_CURVE('',#875,#887,#388,.T.);
#1097=EDGE_CURVE('',#885,#887,#389,.T.);
#1098=EDGE_CURVE('',#874,#888,#390,.T.);
#1099=EDGE_CURVE('',#887,#888,#391,.T.);
#1100=EDGE_CURVE('',#889,#890,#33,.T.);
#1101=EDGE_CURVE('',#889,#891,#392,.T.);
#1102=EDGE_CURVE('',#892,#891,#34,.T.);
#1103=EDGE_CURVE('',#892,#890,#393,.T.);
#1104=EDGE_CURVE('',#893,#890,#394,.T.);
#1105=EDGE_CURVE('',#893,#894,#395,.T.);
#1106=EDGE_CURVE('',#895,#894,#396,.T.);
#1107=EDGE_CURVE('',#889,#895,#397,.T.);
#1108=EDGE_CURVE('',#892,#896,#398,.T.);
#1109=EDGE_CURVE('',#896,#897,#35,.T.);
#1110=EDGE_CURVE('',#897,#898,#399,.T.);
#1111=EDGE_CURVE('',#899,#898,#400,.T.);
#1112=EDGE_CURVE('',#899,#900,#401,.T.);
#1113=EDGE_CURVE('',#900,#901,#36,.T.);
#1114=EDGE_CURVE('',#901,#902,#402,.T.);
#1115=EDGE_CURVE('',#903,#902,#403,.T.);
#1116=EDGE_CURVE('',#903,#904,#404,.T.);
#1117=EDGE_CURVE('',#904,#905,#37,.T.);
#1118=EDGE_CURVE('',#905,#906,#405,.T.);
#1119=EDGE_CURVE('',#907,#906,#406,.T.);
#1120=EDGE_CURVE('',#907,#908,#407,.T.);
#1121=EDGE_CURVE('',#908,#893,#38,.T.);
#1122=EDGE_CURVE('',#909,#910,#408,.T.);
#1123=EDGE_CURVE('',#911,#909,#409,.T.);
#1124=EDGE_CURVE('',#912,#911,#410,.T.);
#1125=EDGE_CURVE('',#910,#912,#411,.T.);
#1126=EDGE_CURVE('',#913,#898,#39,.T.);
#1127=EDGE_CURVE('',#913,#914,#412,.T.);
#1128=EDGE_CURVE('',#899,#914,#40,.T.);
#1129=EDGE_CURVE('',#897,#915,#413,.T.);
#1130=EDGE_CURVE('',#916,#915,#414,.T.);
#1131=EDGE_CURVE('',#913,#916,#415,.T.);
#1132=EDGE_CURVE('',#917,#902,#41,.T.);
#1133=EDGE_CURVE('',#917,#918,#416,.T.);
#1134=EDGE_CURVE('',#903,#918,#42,.T.);
#1135=EDGE_CURVE('',#901,#919,#417,.T.);
#1136=EDGE_CURVE('',#920,#919,#418,.T.);
#1137=EDGE_CURVE('',#917,#920,#419,.T.);
#1138=EDGE_CURVE('',#921,#906,#43,.T.);
#1139=EDGE_CURVE('',#921,#922,#420,.T.);
#1140=EDGE_CURVE('',#907,#922,#44,.T.);
#1141=EDGE_CURVE('',#923,#922,#421,.T.);
#1142=EDGE_CURVE('',#924,#923,#422,.T.);
#1143=EDGE_CURVE('',#908,#924,#423,.T.);
#1144=EDGE_CURVE('',#921,#925,#424,.T.);
#1145=EDGE_CURVE('',#925,#926,#425,.T.);
#1146=EDGE_CURVE('',#927,#926,#426,.T.);
#1147=EDGE_CURVE('',#927,#928,#427,.T.);
#1148=EDGE_CURVE('',#928,#929,#428,.T.);
#1149=EDGE_CURVE('',#929,#930,#429,.T.);
#1150=EDGE_CURVE('',#930,#886,#430,.T.);
#1151=EDGE_CURVE('',#888,#931,#431,.T.);
#1152=EDGE_CURVE('',#931,#932,#432,.T.);
#1153=EDGE_CURVE('',#933,#932,#433,.T.);
#1154=EDGE_CURVE('',#933,#923,#434,.T.);
#1155=EDGE_CURVE('',#934,#934,#45,.T.);
#1156=EDGE_CURVE('',#934,#935,#435,.T.);
#1157=EDGE_CURVE('',#935,#935,#46,.T.);
#1158=EDGE_CURVE('',#935,#936,#436,.T.);
#1159=EDGE_CURVE('',#936,#936,#47,.T.);
#1160=EDGE_CURVE('',#915,#937,#48,.T.);
#1161=EDGE_CURVE('',#937,#938,#437,.T.);
#1162=EDGE_CURVE('',#939,#938,#438,.T.);
#1163=EDGE_CURVE('',#940,#939,#49,.T.);
#1164=EDGE_CURVE('',#916,#940,#439,.T.);
#1165=EDGE_CURVE('',#941,#941,#50,.T.);
#1166=EDGE_CURVE('',#941,#942,#440,.T.);
#1167=EDGE_CURVE('',#942,#942,#51,.T.);
#1168=EDGE_CURVE('',#942,#943,#441,.T.);
#1169=EDGE_CURVE('',#943,#943,#52,.T.);
#1170=EDGE_CURVE('',#919,#944,#53,.T.);
#1171=EDGE_CURVE('',#944,#945,#442,.T.);
#1172=EDGE_CURVE('',#946,#945,#443,.T.);
#1173=EDGE_CURVE('',#947,#946,#54,.T.);
#1174=EDGE_CURVE('',#920,#947,#444,.T.);
#1175=EDGE_CURVE('',#948,#948,#55,.T.);
#1176=EDGE_CURVE('',#948,#949,#445,.T.);
#1177=EDGE_CURVE('',#949,#949,#56,.T.);
#1178=EDGE_CURVE('',#949,#950,#446,.T.);
#1179=EDGE_CURVE('',#950,#950,#57,.T.);
#1180=EDGE_CURVE('',#925,#951,#447,.T.);
#1181=EDGE_CURVE('',#951,#952,#58,.T.);
#1182=EDGE_CURVE('',#952,#953,#448,.T.);
#1183=EDGE_CURVE('',#954,#953,#449,.T.);
#1184=EDGE_CURVE('',#926,#954,#59,.T.);
#1185=EDGE_CURVE('',#955,#955,#60,.T.);
#1186=EDGE_CURVE('',#955,#956,#450,.T.);
#1187=EDGE_CURVE('',#956,#956,#61,.T.);
#1188=EDGE_CURVE('',#956,#957,#451,.T.);
#1189=EDGE_CURVE('',#957,#957,#62,.T.);
#1190=EDGE_CURVE('',#894,#924,#63,.T.);
#1191=EDGE_CURVE('',#958,#933,#64,.T.);
#1192=EDGE_CURVE('',#895,#958,#452,.T.);
#1193=EDGE_CURVE('',#938,#891,#453,.T.);
#1194=EDGE_CURVE('',#896,#937,#454,.T.);
#1195=EDGE_CURVE('',#939,#959,#455,.T.);
#1196=EDGE_CURVE('',#959,#960,#65,.T.);
#1197=EDGE_CURVE('',#960,#940,#456,.T.);
#1198=EDGE_CURVE('',#961,#958,#457,.T.);
#1199=EDGE_CURVE('',#961,#962,#458,.T.);
#1200=EDGE_CURVE('',#962,#963,#459,.T.);
#1201=EDGE_CURVE('',#963,#964,#460,.T.);
#1202=EDGE_CURVE('',#964,#965,#461,.T.);
#1203=EDGE_CURVE('',#965,#966,#462,.T.);
#1204=EDGE_CURVE('',#966,#967,#463,.T.);
#1205=EDGE_CURVE('',#967,#968,#464,.T.);
#1206=EDGE_CURVE('',#968,#969,#465,.T.);
#1207=EDGE_CURVE('',#969,#970,#466,.T.);
#1208=EDGE_CURVE('',#970,#971,#467,.T.);
#1209=EDGE_CURVE('',#971,#972,#468,.T.);
#1210=EDGE_CURVE('',#972,#973,#469,.T.);
#1211=EDGE_CURVE('',#973,#959,#470,.T.);
#1212=EDGE_CURVE('',#953,#918,#471,.T.);
#1213=EDGE_CURVE('',#904,#952,#472,.T.);
#1214=EDGE_CURVE('',#905,#951,#473,.T.);
#1215=EDGE_CURVE('',#945,#914,#474,.T.);
#1216=EDGE_CURVE('',#900,#944,#475,.T.);
#1217=EDGE_CURVE('',#946,#974,#476,.T.);
#1218=EDGE_CURVE('',#974,#975,#66,.T.);
#1219=EDGE_CURVE('',#975,#947,#477,.T.);
#1220=EDGE_CURVE('',#960,#974,#478,.T.);
#1221=EDGE_CURVE('',#932,#961,#67,.T.);
#1222=EDGE_CURVE('',#976,#977,#479,.T.);
#1223=EDGE_CURVE('',#977,#978,#480,.T.);
#1224=EDGE_CURVE('',#978,#979,#481,.T.);
#1225=EDGE_CURVE('',#979,#976,#482,.T.);
#1226=EDGE_CURVE('',#980,#981,#483,.T.);
#1227=EDGE_CURVE('',#981,#977,#68,.T.);
#1228=EDGE_CURVE('',#976,#980,#69,.T.);
#1229=EDGE_CURVE('',#982,#983,#484,.T.);
#1230=EDGE_CURVE('',#983,#981,#485,.T.);
#1231=EDGE_CURVE('',#980,#982,#486,.T.);
#1232=EDGE_CURVE('',#984,#985,#487,.T.);
#1233=EDGE_CURVE('',#985,#983,#70,.T.);
#1234=EDGE_CURVE('',#982,#984,#71,.T.);
#1235=EDGE_CURVE('',#986,#987,#488,.T.);
#1236=EDGE_CURVE('',#987,#985,#489,.T.);
#1237=EDGE_CURVE('',#984,#986,#490,.T.);
#1238=EDGE_CURVE('',#988,#989,#491,.T.);
#1239=EDGE_CURVE('',#989,#987,#72,.T.);
#1240=EDGE_CURVE('',#986,#988,#73,.T.);
#1241=EDGE_CURVE('',#990,#991,#492,.T.);
#1242=EDGE_CURVE('',#991,#989,#493,.T.);
#1243=EDGE_CURVE('',#988,#990,#494,.T.);
#1244=EDGE_CURVE('',#978,#991,#74,.T.);
#1245=EDGE_CURVE('',#990,#979,#75,.T.);
#1246=EDGE_CURVE('',#992,#982,#495,.T.);
#1247=EDGE_CURVE('',#993,#992,#76,.T.);
#1248=EDGE_CURVE('',#993,#984,#496,.T.);
#1249=EDGE_CURVE('',#994,#980,#497,.T.);
#1250=EDGE_CURVE('',#995,#994,#498,.T.);
#1251=EDGE_CURVE('',#995,#996,#499,.T.);
#1252=EDGE_CURVE('',#996,#997,#500,.T.);
#1253=EDGE_CURVE('',#997,#998,#501,.T.);
#1254=EDGE_CURVE('',#999,#998,#502,.T.);
#1255=EDGE_CURVE('',#999,#1000,#503,.T.);
#1256=EDGE_CURVE('',#1000,#1001,#504,.T.);
#1257=EDGE_CURVE('',#1001,#1002,#505,.T.);
#1258=EDGE_CURVE('',#1003,#1002,#506,.T.);
#1259=EDGE_CURVE('',#1003,#1004,#507,.T.);
#1260=EDGE_CURVE('',#1004,#1005,#508,.T.);
#1261=EDGE_CURVE('',#1005,#1006,#509,.T.);
#1262=EDGE_CURVE('',#992,#1006,#510,.T.);
#1263=EDGE_CURVE('',#1007,#976,#511,.T.);
#1264=EDGE_CURVE('',#994,#1007,#77,.T.);
#1265=EDGE_CURVE('',#1008,#979,#512,.T.);
#1266=EDGE_CURVE('',#1007,#1008,#513,.T.);
#1267=EDGE_CURVE('',#1009,#1010,#514,.T.);
#1268=EDGE_CURVE('',#1010,#1011,#515,.T.);
#1269=EDGE_CURVE('',#1011,#1012,#516,.T.);
#1270=EDGE_CURVE('',#1012,#1009,#517,.T.);
#1271=EDGE_CURVE('',#909,#1009,#518,.T.);
#1272=EDGE_CURVE('',#911,#1012,#519,.T.);
#1273=EDGE_CURVE('',#912,#1011,#520,.T.);
#1274=EDGE_CURVE('',#910,#1010,#521,.T.);
#1275=EDGE_CURVE('',#882,#1013,#522,.T.);
#1276=EDGE_CURVE('',#1013,#1014,#523,.T.);
#1277=EDGE_CURVE('',#1014,#1015,#524,.T.);
#1278=EDGE_CURVE('',#1016,#1015,#525,.T.);
#1279=EDGE_CURVE('',#1016,#986,#526,.T.);
#1280=EDGE_CURVE('',#878,#993,#527,.T.);
#1281=EDGE_CURVE('',#1015,#1017,#528,.T.);
#1282=EDGE_CURVE('',#1017,#1018,#529,.T.);
#1283=EDGE_CURVE('',#1018,#1016,#530,.T.);
#1284=EDGE_CURVE('',#1019,#1020,#531,.T.);
#1285=EDGE_CURVE('',#1020,#1016,#78,.T.);
#1286=EDGE_CURVE('',#1018,#1019,#79,.T.);
#1287=EDGE_CURVE('',#1021,#1022,#532,.T.);
#1288=EDGE_CURVE('',#1022,#1020,#533,.T.);
#1289=EDGE_CURVE('',#1019,#1021,#534,.T.);
#1290=EDGE_CURVE('',#1023,#1008,#535,.T.);
#1291=EDGE_CURVE('',#1008,#1022,#80,.T.);
#1292=EDGE_CURVE('',#1021,#1023,#81,.T.);
#1293=EDGE_CURVE('',#1024,#1007,#536,.T.);
#1294=EDGE_CURVE('',#1023,#1024,#537,.T.);
#1295=EDGE_CURVE('',#1025,#994,#538,.T.);
#1296=EDGE_CURVE('',#1024,#1025,#82,.T.);
#1297=EDGE_CURVE('',#1026,#995,#539,.T.);
#1298=EDGE_CURVE('',#1025,#1026,#540,.T.);
#1299=EDGE_CURVE('',#1027,#1017,#541,.T.);
#1300=EDGE_CURVE('',#1027,#1028,#542,.T.);
#1301=EDGE_CURVE('',#1028,#1029,#83,.T.);
#1302=EDGE_CURVE('',#1029,#1030,#543,.T.);
#1303=EDGE_CURVE('',#1030,#1031,#84,.T.);
#1304=EDGE_CURVE('',#1031,#1032,#544,.T.);
#1305=EDGE_CURVE('',#1032,#1033,#85,.T.);
#1306=EDGE_CURVE('',#1033,#1034,#545,.T.);
#1307=EDGE_CURVE('',#1026,#1034,#546,.T.);
#1308=EDGE_CURVE('',#1014,#929,#547,.T.);
#1309=EDGE_CURVE('',#928,#1035,#548,.T.);
#1310=EDGE_CURVE('',#1035,#1027,#549,.T.);
#1311=EDGE_CURVE('',#1036,#999,#550,.T.);
#1312=EDGE_CURVE('',#998,#1037,#551,.T.);
#1313=EDGE_CURVE('',#1037,#1036,#552,.T.);
#1314=EDGE_CURVE('',#997,#971,#553,.T.);
#1315=EDGE_CURVE('',#970,#1038,#554,.T.);
#1316=EDGE_CURVE('',#1038,#1039,#555,.T.);
#1317=EDGE_CURVE('',#1039,#1037,#556,.T.);
#1318=EDGE_CURVE('',#1040,#1003,#557,.T.);
#1319=EDGE_CURVE('',#1002,#1041,#558,.T.);
#1320=EDGE_CURVE('',#1041,#1040,#559,.T.);
#1321=EDGE_CURVE('',#1001,#967,#560,.T.);
#1322=EDGE_CURVE('',#966,#1042,#561,.T.);
#1323=EDGE_CURVE('',#1042,#1043,#562,.T.);
#1324=EDGE_CURVE('',#1043,#1041,#563,.T.);
#1325=EDGE_CURVE('',#1006,#1044,#564,.T.);
#1326=EDGE_CURVE('',#1044,#1045,#565,.T.);
#1327=EDGE_CURVE('',#1045,#992,#566,.T.);
#1328=EDGE_CURVE('',#1046,#993,#567,.T.);
#1329=EDGE_CURVE('',#1045,#1046,#86,.T.);
#1330=EDGE_CURVE('',#1046,#877,#568,.T.);
#1331=EDGE_CURVE('',#873,#931,#569,.T.);
#1332=EDGE_CURVE('',#1039,#1047,#570,.T.);
#1333=EDGE_CURVE('',#1038,#1048,#571,.T.);
#1334=EDGE_CURVE('',#1047,#1048,#572,.T.);
#1335=EDGE_CURVE('',#1048,#969,#573,.T.);
#1336=EDGE_CURVE('',#1029,#1049,#574,.T.);
#1337=EDGE_CURVE('',#1049,#1050,#575,.T.);
#1338=EDGE_CURVE('',#1030,#1050,#576,.T.);
#1339=EDGE_CURVE('',#1028,#1051,#577,.T.);
#1340=EDGE_CURVE('',#1051,#1049,#87,.T.);
#1341=EDGE_CURVE('',#1035,#1051,#578,.T.);
#1342=EDGE_CURVE('',#1033,#1052,#579,.T.);
#1343=EDGE_CURVE('',#1052,#1053,#580,.T.);
#1344=EDGE_CURVE('',#1034,#1053,#581,.T.);
#1345=EDGE_CURVE('',#1032,#1054,#582,.T.);
#1346=EDGE_CURVE('',#1054,#1052,#88,.T.);
#1347=EDGE_CURVE('',#1031,#1055,#583,.T.);
#1348=EDGE_CURVE('',#1055,#1054,#584,.T.);
#1349=EDGE_CURVE('',#1050,#1055,#89,.T.);
#1350=EDGE_CURVE('',#1056,#927,#90,.T.);
#1351=EDGE_CURVE('',#975,#1056,#585,.T.);
#1352=EDGE_CURVE('',#1053,#973,#586,.T.);
#1353=EDGE_CURVE('',#1043,#1057,#587,.T.);
#1354=EDGE_CURVE('',#1042,#1058,#588,.T.);
#1355=EDGE_CURVE('',#1057,#1058,#589,.T.);
#1356=EDGE_CURVE('',#1058,#965,#590,.T.);
#1357=EDGE_CURVE('',#1059,#879,#591,.T.);
#1358=EDGE_CURVE('',#1059,#1060,#592,.T.);
#1359=EDGE_CURVE('',#1060,#880,#593,.T.);
#1360=EDGE_CURVE('',#1061,#1059,#91,.T.);
#1361=EDGE_CURVE('',#1061,#1062,#594,.T.);
#1362=EDGE_CURVE('',#1062,#1060,#92,.T.);
#1363=EDGE_CURVE('',#1063,#1061,#595,.T.);
#1364=EDGE_CURVE('',#1064,#1063,#596,.T.);
#1365=EDGE_CURVE('',#1064,#1062,#597,.T.);
#1366=EDGE_CURVE('',#962,#1064,#598,.T.);
#1367=EDGE_CURVE('',#1036,#1047,#599,.T.);
#1368=EDGE_CURVE('',#954,#1056,#600,.T.);
#1369=EDGE_CURVE('',#1040,#1057,#601,.T.);
#1370=EDGE_CURVE('',#1005,#963,#602,.T.);
#1371=EDGE_CURVE('',#1063,#1044,#603,.T.);
#1372=EDGE_CURVE('',#1004,#964,#604,.T.);
#1373=EDGE_CURVE('',#1000,#968,#605,.T.);
#1374=EDGE_CURVE('',#1020,#988,#606,.T.);
#1375=EDGE_CURVE('',#1022,#990,#607,.T.);
#1376=EDGE_CURVE('',#1013,#930,#608,.T.);
#1377=EDGE_CURVE('',#996,#972,#609,.T.);
#1378=ORIENTED_EDGE('',*,*,#1065,.F.);
#1379=ORIENTED_EDGE('',*,*,#1066,.F.);
#1380=ORIENTED_EDGE('',*,*,#1067,.T.);
#1381=ORIENTED_EDGE('',*,*,#1068,.T.);
#1382=ORIENTED_EDGE('',*,*,#1069,.F.);
#1383=ORIENTED_EDGE('',*,*,#1070,.F.);
#1384=ORIENTED_EDGE('',*,*,#1071,.F.);
#1385=ORIENTED_EDGE('',*,*,#1072,.F.);
#1386=ORIENTED_EDGE('',*,*,#1068,.F.);
#1387=ORIENTED_EDGE('',*,*,#1073,.F.);
#1388=ORIENTED_EDGE('',*,*,#1074,.F.);
#1389=ORIENTED_EDGE('',*,*,#1075,.F.);
#1390=ORIENTED_EDGE('',*,*,#1076,.F.);
#1391=ORIENTED_EDGE('',*,*,#1077,.F.);
#1392=ORIENTED_EDGE('',*,*,#1078,.F.);
#1393=ORIENTED_EDGE('',*,*,#1079,.F.);
#1394=ORIENTED_EDGE('',*,*,#1080,.T.);
#1395=ORIENTED_EDGE('',*,*,#1073,.T.);
#1396=ORIENTED_EDGE('',*,*,#1067,.F.);
#1397=ORIENTED_EDGE('',*,*,#1081,.F.);
#1398=ORIENTED_EDGE('',*,*,#1082,.F.);
#1399=ORIENTED_EDGE('',*,*,#1083,.F.);
#1400=ORIENTED_EDGE('',*,*,#1084,.F.);
#1401=ORIENTED_EDGE('',*,*,#1074,.T.);
#1402=ORIENTED_EDGE('',*,*,#1080,.F.);
#1403=ORIENTED_EDGE('',*,*,#1085,.F.);
#1404=ORIENTED_EDGE('',*,*,#1065,.T.);
#1405=ORIENTED_EDGE('',*,*,#1086,.T.);
#1406=ORIENTED_EDGE('',*,*,#1087,.T.);
#1407=ORIENTED_EDGE('',*,*,#1088,.T.);
#1408=ORIENTED_EDGE('',*,*,#1071,.T.);
#1409=ORIENTED_EDGE('',*,*,#1089,.T.);
#1410=ORIENTED_EDGE('',*,*,#1090,.F.);
#1411=ORIENTED_EDGE('',*,*,#1086,.F.);
#1412=ORIENTED_EDGE('',*,*,#1070,.T.);
#1413=ORIENTED_EDGE('',*,*,#1091,.T.);
#1414=ORIENTED_EDGE('',*,*,#1092,.F.);
#1415=ORIENTED_EDGE('',*,*,#1089,.F.);
#1416=ORIENTED_EDGE('',*,*,#1069,.T.);
#1417=ORIENTED_EDGE('',*,*,#1072,.T.);
#1418=ORIENTED_EDGE('',*,*,#1093,.F.);
#1419=ORIENTED_EDGE('',*,*,#1094,.F.);
#1420=ORIENTED_EDGE('',*,*,#1095,.F.);
#1421=ORIENTED_EDGE('',*,*,#1091,.F.);
#1422=ORIENTED_EDGE('',*,*,#1078,.T.);
#1423=ORIENTED_EDGE('',*,*,#1096,.T.);
#1424=ORIENTED_EDGE('',*,*,#1097,.F.);
#1425=ORIENTED_EDGE('',*,*,#1093,.T.);
#1426=ORIENTED_EDGE('',*,*,#1077,.T.);
#1427=ORIENTED_EDGE('',*,*,#1098,.T.);
#1428=ORIENTED_EDGE('',*,*,#1099,.F.);
#1429=ORIENTED_EDGE('',*,*,#1096,.F.);
#1430=ORIENTED_EDGE('',*,*,#1100,.F.);
#1431=ORIENTED_EDGE('',*,*,#1101,.T.);
#1432=ORIENTED_EDGE('',*,*,#1102,.F.);
#1433=ORIENTED_EDGE('',*,*,#1103,.T.);
#1434=ORIENTED_EDGE('',*,*,#1100,.T.);
#1435=ORIENTED_EDGE('',*,*,#1104,.F.);
#1436=ORIENTED_EDGE('',*,*,#1105,.T.);
#1437=ORIENTED_EDGE('',*,*,#1106,.F.);
#1438=ORIENTED_EDGE('',*,*,#1107,.F.);
#1439=ORIENTED_EDGE('',*,*,#1103,.F.);
#1440=ORIENTED_EDGE('',*,*,#1108,.T.);
#1441=ORIENTED_EDGE('',*,*,#1109,.T.);
#1442=ORIENTED_EDGE('',*,*,#1110,.T.);
#1443=ORIENTED_EDGE('',*,*,#1111,.F.);
#1444=ORIENTED_EDGE('',*,*,#1112,.T.);
#1445=ORIENTED_EDGE('',*,*,#1113,.T.);
#1446=ORIENTED_EDGE('',*,*,#1114,.T.);
#1447=ORIENTED_EDGE('',*,*,#1115,.F.);
#1448=ORIENTED_EDGE('',*,*,#1116,.T.);
#1449=ORIENTED_EDGE('',*,*,#1117,.T.);
#1450=ORIENTED_EDGE('',*,*,#1118,.T.);
#1451=ORIENTED_EDGE('',*,*,#1119,.F.);
#1452=ORIENTED_EDGE('',*,*,#1120,.T.);
#1453=ORIENTED_EDGE('',*,*,#1121,.T.);
#1454=ORIENTED_EDGE('',*,*,#1104,.T.);
#1455=ORIENTED_EDGE('',*,*,#1122,.F.);
#1456=ORIENTED_EDGE('',*,*,#1123,.F.);
#1457=ORIENTED_EDGE('',*,*,#1124,.F.);
#1458=ORIENTED_EDGE('',*,*,#1125,.F.);
#1459=ORIENTED_EDGE('',*,*,#1126,.F.);
#1460=ORIENTED_EDGE('',*,*,#1127,.T.);
#1461=ORIENTED_EDGE('',*,*,#1128,.F.);
#1462=ORIENTED_EDGE('',*,*,#1111,.T.);
#1463=ORIENTED_EDGE('',*,*,#1126,.T.);
#1464=ORIENTED_EDGE('',*,*,#1110,.F.);
#1465=ORIENTED_EDGE('',*,*,#1129,.T.);
#1466=ORIENTED_EDGE('',*,*,#1130,.F.);
#1467=ORIENTED_EDGE('',*,*,#1131,.F.);
#1468=ORIENTED_EDGE('',*,*,#1132,.F.);
#1469=ORIENTED_EDGE('',*,*,#1133,.T.);
#1470=ORIENTED_EDGE('',*,*,#1134,.F.);
#1471=ORIENTED_EDGE('',*,*,#1115,.T.);
#1472=ORIENTED_EDGE('',*,*,#1132,.T.);
#1473=ORIENTED_EDGE('',*,*,#1114,.F.);
#1474=ORIENTED_EDGE('',*,*,#1135,.T.);
#1475=ORIENTED_EDGE('',*,*,#1136,.F.);
#1476=ORIENTED_EDGE('',*,*,#1137,.F.);
#1477=ORIENTED_EDGE('',*,*,#1138,.F.);
#1478=ORIENTED_EDGE('',*,*,#1139,.T.);
#1479=ORIENTED_EDGE('',*,*,#1140,.F.);
#1480=ORIENTED_EDGE('',*,*,#1119,.T.);
#1481=ORIENTED_EDGE('',*,*,#1140,.T.);
#1482=ORIENTED_EDGE('',*,*,#1141,.F.);
#1483=ORIENTED_EDGE('',*,*,#1142,.F.);
#1484=ORIENTED_EDGE('',*,*,#1143,.F.);
#1485=ORIENTED_EDGE('',*,*,#1120,.F.);
#1486=ORIENTED_EDGE('',*,*,#1139,.F.);
#1487=ORIENTED_EDGE('',*,*,#1144,.T.);
#1488=ORIENTED_EDGE('',*,*,#1145,.T.);
#1489=ORIENTED_EDGE('',*,*,#1146,.F.);
#1490=ORIENTED_EDGE('',*,*,#1147,.T.);
#1491=ORIENTED_EDGE('',*,*,#1148,.T.);
#1492=ORIENTED_EDGE('',*,*,#1149,.T.);
#1493=ORIENTED_EDGE('',*,*,#1150,.T.);
#1494=ORIENTED_EDGE('',*,*,#1094,.T.);
#1495=ORIENTED_EDGE('',*,*,#1097,.T.);
#1496=ORIENTED_EDGE('',*,*,#1099,.T.);
#1497=ORIENTED_EDGE('',*,*,#1151,.T.);
#1498=ORIENTED_EDGE('',*,*,#1152,.T.);
#1499=ORIENTED_EDGE('',*,*,#1153,.F.);
#1500=ORIENTED_EDGE('',*,*,#1154,.T.);
#1501=ORIENTED_EDGE('',*,*,#1141,.T.);
#1502=ORIENTED_EDGE('',*,*,#1155,.T.);
#1503=ORIENTED_EDGE('',*,*,#1156,.T.);
#1504=ORIENTED_EDGE('',*,*,#1157,.T.);
#1505=ORIENTED_EDGE('',*,*,#1156,.F.);
#1506=ORIENTED_EDGE('',*,*,#1157,.F.);
#1507=ORIENTED_EDGE('',*,*,#1158,.T.);
#1508=ORIENTED_EDGE('',*,*,#1159,.F.);
#1509=ORIENTED_EDGE('',*,*,#1158,.F.);
#1510=ORIENTED_EDGE('',*,*,#1130,.T.);
#1511=ORIENTED_EDGE('',*,*,#1160,.T.);
#1512=ORIENTED_EDGE('',*,*,#1161,.T.);
#1513=ORIENTED_EDGE('',*,*,#1162,.F.);
#1514=ORIENTED_EDGE('',*,*,#1163,.F.);
#1515=ORIENTED_EDGE('',*,*,#1164,.F.);
#1516=ORIENTED_EDGE('',*,*,#1155,.F.);
#1517=ORIENTED_EDGE('',*,*,#1165,.T.);
#1518=ORIENTED_EDGE('',*,*,#1166,.T.);
#1519=ORIENTED_EDGE('',*,*,#1167,.T.);
#1520=ORIENTED_EDGE('',*,*,#1166,.F.);
#1521=ORIENTED_EDGE('',*,*,#1167,.F.);
#1522=ORIENTED_EDGE('',*,*,#1168,.T.);
#1523=ORIENTED_EDGE('',*,*,#1169,.F.);
#1524=ORIENTED_EDGE('',*,*,#1168,.F.);
#1525=ORIENTED_EDGE('',*,*,#1136,.T.);
#1526=ORIENTED_EDGE('',*,*,#1170,.T.);
#1527=ORIENTED_EDGE('',*,*,#1171,.T.);
#1528=ORIENTED_EDGE('',*,*,#1172,.F.);
#1529=ORIENTED_EDGE('',*,*,#1173,.F.);
#1530=ORIENTED_EDGE('',*,*,#1174,.F.);
#1531=ORIENTED_EDGE('',*,*,#1165,.F.);
#1532=ORIENTED_EDGE('',*,*,#1175,.T.);
#1533=ORIENTED_EDGE('',*,*,#1176,.T.);
#1534=ORIENTED_EDGE('',*,*,#1177,.T.);
#1535=ORIENTED_EDGE('',*,*,#1176,.F.);
#1536=ORIENTED_EDGE('',*,*,#1177,.F.);
#1537=ORIENTED_EDGE('',*,*,#1178,.T.);
#1538=ORIENTED_EDGE('',*,*,#1179,.F.);
#1539=ORIENTED_EDGE('',*,*,#1178,.F.);
#1540=ORIENTED_EDGE('',*,*,#1180,.T.);
#1541=ORIENTED_EDGE('',*,*,#1181,.T.);
#1542=ORIENTED_EDGE('',*,*,#1182,.T.);
#1543=ORIENTED_EDGE('',*,*,#1183,.F.);
#1544=ORIENTED_EDGE('',*,*,#1184,.F.);
#1545=ORIENTED_EDGE('',*,*,#1145,.F.);
#1546=ORIENTED_EDGE('',*,*,#1175,.F.);
#1547=ORIENTED_EDGE('',*,*,#1185,.T.);
#1548=ORIENTED_EDGE('',*,*,#1186,.T.);
#1549=ORIENTED_EDGE('',*,*,#1187,.T.);
#1550=ORIENTED_EDGE('',*,*,#1186,.F.);
#1551=ORIENTED_EDGE('',*,*,#1187,.F.);
#1552=ORIENTED_EDGE('',*,*,#1188,.T.);
#1553=ORIENTED_EDGE('',*,*,#1189,.F.);
#1554=ORIENTED_EDGE('',*,*,#1188,.F.);
#1555=ORIENTED_EDGE('',*,*,#1106,.T.);
#1556=ORIENTED_EDGE('',*,*,#1190,.T.);
#1557=ORIENTED_EDGE('',*,*,#1142,.T.);
#1558=ORIENTED_EDGE('',*,*,#1154,.F.);
#1559=ORIENTED_EDGE('',*,*,#1191,.F.);
#1560=ORIENTED_EDGE('',*,*,#1192,.F.);
#1561=ORIENTED_EDGE('',*,*,#1185,.F.);
#1562=ORIENTED_EDGE('',*,*,#1102,.T.);
#1563=ORIENTED_EDGE('',*,*,#1193,.F.);
#1564=ORIENTED_EDGE('',*,*,#1161,.F.);
#1565=ORIENTED_EDGE('',*,*,#1194,.F.);
#1566=ORIENTED_EDGE('',*,*,#1108,.F.);
#1567=ORIENTED_EDGE('',*,*,#1160,.F.);
#1568=ORIENTED_EDGE('',*,*,#1129,.F.);
#1569=ORIENTED_EDGE('',*,*,#1109,.F.);
#1570=ORIENTED_EDGE('',*,*,#1194,.T.);
#1571=ORIENTED_EDGE('',*,*,#1163,.T.);
#1572=ORIENTED_EDGE('',*,*,#1195,.T.);
#1573=ORIENTED_EDGE('',*,*,#1196,.T.);
#1574=ORIENTED_EDGE('',*,*,#1197,.T.);
#1575=ORIENTED_EDGE('',*,*,#1101,.F.);
#1576=ORIENTED_EDGE('',*,*,#1107,.T.);
#1577=ORIENTED_EDGE('',*,*,#1192,.T.);
#1578=ORIENTED_EDGE('',*,*,#1198,.F.);
#1579=ORIENTED_EDGE('',*,*,#1199,.T.);
#1580=ORIENTED_EDGE('',*,*,#1200,.T.);
#1581=ORIENTED_EDGE('',*,*,#1201,.T.);
#1582=ORIENTED_EDGE('',*,*,#1202,.T.);
#1583=ORIENTED_EDGE('',*,*,#1203,.T.);
#1584=ORIENTED_EDGE('',*,*,#1204,.T.);
#1585=ORIENTED_EDGE('',*,*,#1205,.T.);
#1586=ORIENTED_EDGE('',*,*,#1206,.T.);
#1587=ORIENTED_EDGE('',*,*,#1207,.T.);
#1588=ORIENTED_EDGE('',*,*,#1208,.T.);
#1589=ORIENTED_EDGE('',*,*,#1209,.T.);
#1590=ORIENTED_EDGE('',*,*,#1210,.T.);
#1591=ORIENTED_EDGE('',*,*,#1211,.T.);
#1592=ORIENTED_EDGE('',*,*,#1195,.F.);
#1593=ORIENTED_EDGE('',*,*,#1162,.T.);
#1594=ORIENTED_EDGE('',*,*,#1193,.T.);
#1595=ORIENTED_EDGE('',*,*,#1159,.T.);
#1596=ORIENTED_EDGE('',*,*,#1134,.T.);
#1597=ORIENTED_EDGE('',*,*,#1212,.F.);
#1598=ORIENTED_EDGE('',*,*,#1182,.F.);
#1599=ORIENTED_EDGE('',*,*,#1213,.F.);
#1600=ORIENTED_EDGE('',*,*,#1116,.F.);
#1601=ORIENTED_EDGE('',*,*,#1181,.F.);
#1602=ORIENTED_EDGE('',*,*,#1214,.F.);
#1603=ORIENTED_EDGE('',*,*,#1117,.F.);
#1604=ORIENTED_EDGE('',*,*,#1213,.T.);
#1605=ORIENTED_EDGE('',*,*,#1138,.T.);
#1606=ORIENTED_EDGE('',*,*,#1118,.F.);
#1607=ORIENTED_EDGE('',*,*,#1214,.T.);
#1608=ORIENTED_EDGE('',*,*,#1180,.F.);
#1609=ORIENTED_EDGE('',*,*,#1144,.F.);
#1610=ORIENTED_EDGE('',*,*,#1128,.T.);
#1611=ORIENTED_EDGE('',*,*,#1215,.F.);
#1612=ORIENTED_EDGE('',*,*,#1171,.F.);
#1613=ORIENTED_EDGE('',*,*,#1216,.F.);
#1614=ORIENTED_EDGE('',*,*,#1112,.F.);
#1615=ORIENTED_EDGE('',*,*,#1170,.F.);
#1616=ORIENTED_EDGE('',*,*,#1135,.F.);
#1617=ORIENTED_EDGE('',*,*,#1113,.F.);
#1618=ORIENTED_EDGE('',*,*,#1216,.T.);
#1619=ORIENTED_EDGE('',*,*,#1173,.T.);
#1620=ORIENTED_EDGE('',*,*,#1217,.T.);
#1621=ORIENTED_EDGE('',*,*,#1218,.T.);
#1622=ORIENTED_EDGE('',*,*,#1219,.T.);
#1623=ORIENTED_EDGE('',*,*,#1127,.F.);
#1624=ORIENTED_EDGE('',*,*,#1131,.T.);
#1625=ORIENTED_EDGE('',*,*,#1164,.T.);
#1626=ORIENTED_EDGE('',*,*,#1197,.F.);
#1627=ORIENTED_EDGE('',*,*,#1220,.T.);
#1628=ORIENTED_EDGE('',*,*,#1217,.F.);
#1629=ORIENTED_EDGE('',*,*,#1172,.T.);
#1630=ORIENTED_EDGE('',*,*,#1215,.T.);
#1631=ORIENTED_EDGE('',*,*,#1169,.T.);
#1632=ORIENTED_EDGE('',*,*,#1190,.F.);
#1633=ORIENTED_EDGE('',*,*,#1105,.F.);
#1634=ORIENTED_EDGE('',*,*,#1121,.F.);
#1635=ORIENTED_EDGE('',*,*,#1143,.T.);
#1636=ORIENTED_EDGE('',*,*,#1191,.T.);
#1637=ORIENTED_EDGE('',*,*,#1153,.T.);
#1638=ORIENTED_EDGE('',*,*,#1221,.T.);
#1639=ORIENTED_EDGE('',*,*,#1198,.T.);
#1640=ORIENTED_EDGE('',*,*,#1189,.T.);
#1641=ORIENTED_EDGE('',*,*,#1222,.T.);
#1642=ORIENTED_EDGE('',*,*,#1223,.T.);
#1643=ORIENTED_EDGE('',*,*,#1224,.T.);
#1644=ORIENTED_EDGE('',*,*,#1225,.T.);
#1645=ORIENTED_EDGE('',*,*,#1226,.T.);
#1646=ORIENTED_EDGE('',*,*,#1227,.T.);
#1647=ORIENTED_EDGE('',*,*,#1222,.F.);
#1648=ORIENTED_EDGE('',*,*,#1228,.T.);
#1649=ORIENTED_EDGE('',*,*,#1229,.T.);
#1650=ORIENTED_EDGE('',*,*,#1230,.T.);
#1651=ORIENTED_EDGE('',*,*,#1226,.F.);
#1652=ORIENTED_EDGE('',*,*,#1231,.T.);
#1653=ORIENTED_EDGE('',*,*,#1232,.T.);
#1654=ORIENTED_EDGE('',*,*,#1233,.T.);
#1655=ORIENTED_EDGE('',*,*,#1229,.F.);
#1656=ORIENTED_EDGE('',*,*,#1234,.T.);
#1657=ORIENTED_EDGE('',*,*,#1235,.T.);
#1658=ORIENTED_EDGE('',*,*,#1236,.T.);
#1659=ORIENTED_EDGE('',*,*,#1232,.F.);
#1660=ORIENTED_EDGE('',*,*,#1237,.T.);
#1661=ORIENTED_EDGE('',*,*,#1238,.T.);
#1662=ORIENTED_EDGE('',*,*,#1239,.T.);
#1663=ORIENTED_EDGE('',*,*,#1235,.F.);
#1664=ORIENTED_EDGE('',*,*,#1240,.T.);
#1665=ORIENTED_EDGE('',*,*,#1241,.T.);
#1666=ORIENTED_EDGE('',*,*,#1242,.T.);
#1667=ORIENTED_EDGE('',*,*,#1238,.F.);
#1668=ORIENTED_EDGE('',*,*,#1243,.T.);
#1669=ORIENTED_EDGE('',*,*,#1224,.F.);
#1670=ORIENTED_EDGE('',*,*,#1244,.T.);
#1671=ORIENTED_EDGE('',*,*,#1241,.F.);
#1672=ORIENTED_EDGE('',*,*,#1245,.T.);
#1673=ORIENTED_EDGE('',*,*,#1234,.F.);
#1674=ORIENTED_EDGE('',*,*,#1246,.F.);
#1675=ORIENTED_EDGE('',*,*,#1247,.F.);
#1676=ORIENTED_EDGE('',*,*,#1248,.T.);
#1677=ORIENTED_EDGE('',*,*,#1231,.F.);
#1678=ORIENTED_EDGE('',*,*,#1249,.F.);
#1679=ORIENTED_EDGE('',*,*,#1250,.F.);
#1680=ORIENTED_EDGE('',*,*,#1251,.T.);
#1681=ORIENTED_EDGE('',*,*,#1252,.T.);
#1682=ORIENTED_EDGE('',*,*,#1253,.T.);
#1683=ORIENTED_EDGE('',*,*,#1254,.F.);
#1684=ORIENTED_EDGE('',*,*,#1255,.T.);
#1685=ORIENTED_EDGE('',*,*,#1256,.T.);
#1686=ORIENTED_EDGE('',*,*,#1257,.T.);
#1687=ORIENTED_EDGE('',*,*,#1258,.F.);
#1688=ORIENTED_EDGE('',*,*,#1259,.T.);
#1689=ORIENTED_EDGE('',*,*,#1260,.T.);
#1690=ORIENTED_EDGE('',*,*,#1261,.T.);
#1691=ORIENTED_EDGE('',*,*,#1262,.F.);
#1692=ORIENTED_EDGE('',*,*,#1246,.T.);
#1693=ORIENTED_EDGE('',*,*,#1228,.F.);
#1694=ORIENTED_EDGE('',*,*,#1263,.F.);
#1695=ORIENTED_EDGE('',*,*,#1264,.F.);
#1696=ORIENTED_EDGE('',*,*,#1249,.T.);
#1697=ORIENTED_EDGE('',*,*,#1225,.F.);
#1698=ORIENTED_EDGE('',*,*,#1265,.F.);
#1699=ORIENTED_EDGE('',*,*,#1266,.F.);
#1700=ORIENTED_EDGE('',*,*,#1263,.T.);
#1701=ORIENTED_EDGE('',*,*,#1223,.F.);
#1702=ORIENTED_EDGE('',*,*,#1227,.F.);
#1703=ORIENTED_EDGE('',*,*,#1230,.F.);
#1704=ORIENTED_EDGE('',*,*,#1233,.F.);
#1705=ORIENTED_EDGE('',*,*,#1236,.F.);
#1706=ORIENTED_EDGE('',*,*,#1239,.F.);
#1707=ORIENTED_EDGE('',*,*,#1242,.F.);
#1708=ORIENTED_EDGE('',*,*,#1244,.F.);
#1709=ORIENTED_EDGE('',*,*,#1267,.T.);
#1710=ORIENTED_EDGE('',*,*,#1268,.T.);
#1711=ORIENTED_EDGE('',*,*,#1269,.T.);
#1712=ORIENTED_EDGE('',*,*,#1270,.T.);
#1713=ORIENTED_EDGE('',*,*,#1179,.T.);
#1714=ORIENTED_EDGE('',*,*,#1123,.T.);
#1715=ORIENTED_EDGE('',*,*,#1271,.T.);
#1716=ORIENTED_EDGE('',*,*,#1270,.F.);
#1717=ORIENTED_EDGE('',*,*,#1272,.F.);
#1718=ORIENTED_EDGE('',*,*,#1124,.T.);
#1719=ORIENTED_EDGE('',*,*,#1272,.T.);
#1720=ORIENTED_EDGE('',*,*,#1269,.F.);
#1721=ORIENTED_EDGE('',*,*,#1273,.F.);
#1722=ORIENTED_EDGE('',*,*,#1125,.T.);
#1723=ORIENTED_EDGE('',*,*,#1273,.T.);
#1724=ORIENTED_EDGE('',*,*,#1268,.F.);
#1725=ORIENTED_EDGE('',*,*,#1274,.F.);
#1726=ORIENTED_EDGE('',*,*,#1122,.T.);
#1727=ORIENTED_EDGE('',*,*,#1274,.T.);
#1728=ORIENTED_EDGE('',*,*,#1267,.F.);
#1729=ORIENTED_EDGE('',*,*,#1271,.F.);
#1730=ORIENTED_EDGE('',*,*,#1066,.T.);
#1731=ORIENTED_EDGE('',*,*,#1088,.F.);
#1732=ORIENTED_EDGE('',*,*,#1275,.T.);
#1733=ORIENTED_EDGE('',*,*,#1276,.T.);
#1734=ORIENTED_EDGE('',*,*,#1277,.T.);
#1735=ORIENTED_EDGE('',*,*,#1278,.F.);
#1736=ORIENTED_EDGE('',*,*,#1279,.T.);
#1737=ORIENTED_EDGE('',*,*,#1237,.F.);
#1738=ORIENTED_EDGE('',*,*,#1248,.F.);
#1739=ORIENTED_EDGE('',*,*,#1280,.F.);
#1740=ORIENTED_EDGE('',*,*,#1085,.T.);
#1741=ORIENTED_EDGE('',*,*,#1079,.T.);
#1742=ORIENTED_EDGE('',*,*,#1281,.T.);
#1743=ORIENTED_EDGE('',*,*,#1282,.T.);
#1744=ORIENTED_EDGE('',*,*,#1283,.T.);
#1745=ORIENTED_EDGE('',*,*,#1278,.T.);
#1746=ORIENTED_EDGE('',*,*,#1284,.T.);
#1747=ORIENTED_EDGE('',*,*,#1285,.T.);
#1748=ORIENTED_EDGE('',*,*,#1283,.F.);
#1749=ORIENTED_EDGE('',*,*,#1286,.T.);
#1750=ORIENTED_EDGE('',*,*,#1287,.T.);
#1751=ORIENTED_EDGE('',*,*,#1288,.T.);
#1752=ORIENTED_EDGE('',*,*,#1284,.F.);
#1753=ORIENTED_EDGE('',*,*,#1289,.T.);
#1754=ORIENTED_EDGE('',*,*,#1290,.T.);
#1755=ORIENTED_EDGE('',*,*,#1291,.T.);
#1756=ORIENTED_EDGE('',*,*,#1287,.F.);
#1757=ORIENTED_EDGE('',*,*,#1292,.T.);
#1758=ORIENTED_EDGE('',*,*,#1293,.T.);
#1759=ORIENTED_EDGE('',*,*,#1266,.T.);
#1760=ORIENTED_EDGE('',*,*,#1290,.F.);
#1761=ORIENTED_EDGE('',*,*,#1294,.T.);
#1762=ORIENTED_EDGE('',*,*,#1295,.T.);
#1763=ORIENTED_EDGE('',*,*,#1264,.T.);
#1764=ORIENTED_EDGE('',*,*,#1293,.F.);
#1765=ORIENTED_EDGE('',*,*,#1296,.T.);
#1766=ORIENTED_EDGE('',*,*,#1297,.T.);
#1767=ORIENTED_EDGE('',*,*,#1250,.T.);
#1768=ORIENTED_EDGE('',*,*,#1295,.F.);
#1769=ORIENTED_EDGE('',*,*,#1298,.T.);
#1770=ORIENTED_EDGE('',*,*,#1298,.F.);
#1771=ORIENTED_EDGE('',*,*,#1296,.F.);
#1772=ORIENTED_EDGE('',*,*,#1294,.F.);
#1773=ORIENTED_EDGE('',*,*,#1292,.F.);
#1774=ORIENTED_EDGE('',*,*,#1289,.F.);
#1775=ORIENTED_EDGE('',*,*,#1286,.F.);
#1776=ORIENTED_EDGE('',*,*,#1282,.F.);
#1777=ORIENTED_EDGE('',*,*,#1299,.F.);
#1778=ORIENTED_EDGE('',*,*,#1300,.T.);
#1779=ORIENTED_EDGE('',*,*,#1301,.T.);
#1780=ORIENTED_EDGE('',*,*,#1302,.T.);
#1781=ORIENTED_EDGE('',*,*,#1303,.T.);
#1782=ORIENTED_EDGE('',*,*,#1304,.T.);
#1783=ORIENTED_EDGE('',*,*,#1305,.T.);
#1784=ORIENTED_EDGE('',*,*,#1306,.T.);
#1785=ORIENTED_EDGE('',*,*,#1307,.F.);
#1786=ORIENTED_EDGE('',*,*,#1281,.F.);
#1787=ORIENTED_EDGE('',*,*,#1277,.F.);
#1788=ORIENTED_EDGE('',*,*,#1308,.T.);
#1789=ORIENTED_EDGE('',*,*,#1148,.F.);
#1790=ORIENTED_EDGE('',*,*,#1309,.T.);
#1791=ORIENTED_EDGE('',*,*,#1310,.T.);
#1792=ORIENTED_EDGE('',*,*,#1299,.T.);
#1793=ORIENTED_EDGE('',*,*,#1311,.T.);
#1794=ORIENTED_EDGE('',*,*,#1254,.T.);
#1795=ORIENTED_EDGE('',*,*,#1312,.T.);
#1796=ORIENTED_EDGE('',*,*,#1313,.T.);
#1797=ORIENTED_EDGE('',*,*,#1312,.F.);
#1798=ORIENTED_EDGE('',*,*,#1253,.F.);
#1799=ORIENTED_EDGE('',*,*,#1314,.T.);
#1800=ORIENTED_EDGE('',*,*,#1208,.F.);
#1801=ORIENTED_EDGE('',*,*,#1315,.T.);
#1802=ORIENTED_EDGE('',*,*,#1316,.T.);
#1803=ORIENTED_EDGE('',*,*,#1317,.T.);
#1804=ORIENTED_EDGE('',*,*,#1318,.T.);
#1805=ORIENTED_EDGE('',*,*,#1258,.T.);
#1806=ORIENTED_EDGE('',*,*,#1319,.T.);
#1807=ORIENTED_EDGE('',*,*,#1320,.T.);
#1808=ORIENTED_EDGE('',*,*,#1319,.F.);
#1809=ORIENTED_EDGE('',*,*,#1257,.F.);
#1810=ORIENTED_EDGE('',*,*,#1321,.T.);
#1811=ORIENTED_EDGE('',*,*,#1204,.F.);
#1812=ORIENTED_EDGE('',*,*,#1322,.T.);
#1813=ORIENTED_EDGE('',*,*,#1323,.T.);
#1814=ORIENTED_EDGE('',*,*,#1324,.T.);
#1815=ORIENTED_EDGE('',*,*,#1325,.T.);
#1816=ORIENTED_EDGE('',*,*,#1326,.T.);
#1817=ORIENTED_EDGE('',*,*,#1327,.T.);
#1818=ORIENTED_EDGE('',*,*,#1262,.T.);
#1819=ORIENTED_EDGE('',*,*,#1328,.T.);
#1820=ORIENTED_EDGE('',*,*,#1247,.T.);
#1821=ORIENTED_EDGE('',*,*,#1327,.F.);
#1822=ORIENTED_EDGE('',*,*,#1329,.T.);
#1823=ORIENTED_EDGE('',*,*,#1081,.T.);
#1824=ORIENTED_EDGE('',*,*,#1280,.T.);
#1825=ORIENTED_EDGE('',*,*,#1328,.F.);
#1826=ORIENTED_EDGE('',*,*,#1330,.T.);
#1827=ORIENTED_EDGE('',*,*,#1076,.T.);
#1828=ORIENTED_EDGE('',*,*,#1331,.T.);
#1829=ORIENTED_EDGE('',*,*,#1151,.F.);
#1830=ORIENTED_EDGE('',*,*,#1098,.F.);
#1831=ORIENTED_EDGE('',*,*,#1332,.F.);
#1832=ORIENTED_EDGE('',*,*,#1316,.F.);
#1833=ORIENTED_EDGE('',*,*,#1333,.T.);
#1834=ORIENTED_EDGE('',*,*,#1334,.F.);
#1835=ORIENTED_EDGE('',*,*,#1207,.F.);
#1836=ORIENTED_EDGE('',*,*,#1335,.F.);
#1837=ORIENTED_EDGE('',*,*,#1333,.F.);
#1838=ORIENTED_EDGE('',*,*,#1315,.F.);
#1839=ORIENTED_EDGE('',*,*,#1302,.F.);
#1840=ORIENTED_EDGE('',*,*,#1336,.T.);
#1841=ORIENTED_EDGE('',*,*,#1337,.T.);
#1842=ORIENTED_EDGE('',*,*,#1338,.F.);
#1843=ORIENTED_EDGE('',*,*,#1301,.F.);
#1844=ORIENTED_EDGE('',*,*,#1339,.T.);
#1845=ORIENTED_EDGE('',*,*,#1340,.T.);
#1846=ORIENTED_EDGE('',*,*,#1336,.F.);
#1847=ORIENTED_EDGE('',*,*,#1300,.F.);
#1848=ORIENTED_EDGE('',*,*,#1310,.F.);
#1849=ORIENTED_EDGE('',*,*,#1341,.T.);
#1850=ORIENTED_EDGE('',*,*,#1339,.F.);
#1851=ORIENTED_EDGE('',*,*,#1306,.F.);
#1852=ORIENTED_EDGE('',*,*,#1342,.T.);
#1853=ORIENTED_EDGE('',*,*,#1343,.T.);
#1854=ORIENTED_EDGE('',*,*,#1344,.F.);
#1855=ORIENTED_EDGE('',*,*,#1305,.F.);
#1856=ORIENTED_EDGE('',*,*,#1345,.T.);
#1857=ORIENTED_EDGE('',*,*,#1346,.T.);
#1858=ORIENTED_EDGE('',*,*,#1342,.F.);
#1859=ORIENTED_EDGE('',*,*,#1304,.F.);
#1860=ORIENTED_EDGE('',*,*,#1347,.T.);
#1861=ORIENTED_EDGE('',*,*,#1348,.T.);
#1862=ORIENTED_EDGE('',*,*,#1345,.F.);
#1863=ORIENTED_EDGE('',*,*,#1303,.F.);
#1864=ORIENTED_EDGE('',*,*,#1338,.T.);
#1865=ORIENTED_EDGE('',*,*,#1349,.T.);
#1866=ORIENTED_EDGE('',*,*,#1347,.F.);
#1867=ORIENTED_EDGE('',*,*,#1349,.F.);
#1868=ORIENTED_EDGE('',*,*,#1337,.F.);
#1869=ORIENTED_EDGE('',*,*,#1340,.F.);
#1870=ORIENTED_EDGE('',*,*,#1341,.F.);
#1871=ORIENTED_EDGE('',*,*,#1309,.F.);
#1872=ORIENTED_EDGE('',*,*,#1147,.F.);
#1873=ORIENTED_EDGE('',*,*,#1350,.F.);
#1874=ORIENTED_EDGE('',*,*,#1351,.F.);
#1875=ORIENTED_EDGE('',*,*,#1218,.F.);
#1876=ORIENTED_EDGE('',*,*,#1220,.F.);
#1877=ORIENTED_EDGE('',*,*,#1196,.F.);
#1878=ORIENTED_EDGE('',*,*,#1211,.F.);
#1879=ORIENTED_EDGE('',*,*,#1352,.F.);
#1880=ORIENTED_EDGE('',*,*,#1343,.F.);
#1881=ORIENTED_EDGE('',*,*,#1346,.F.);
#1882=ORIENTED_EDGE('',*,*,#1348,.F.);
#1883=ORIENTED_EDGE('',*,*,#1353,.F.);
#1884=ORIENTED_EDGE('',*,*,#1323,.F.);
#1885=ORIENTED_EDGE('',*,*,#1354,.T.);
#1886=ORIENTED_EDGE('',*,*,#1355,.F.);
#1887=ORIENTED_EDGE('',*,*,#1203,.F.);
#1888=ORIENTED_EDGE('',*,*,#1356,.F.);
#1889=ORIENTED_EDGE('',*,*,#1354,.F.);
#1890=ORIENTED_EDGE('',*,*,#1322,.F.);
#1891=ORIENTED_EDGE('',*,*,#1083,.T.);
#1892=ORIENTED_EDGE('',*,*,#1357,.F.);
#1893=ORIENTED_EDGE('',*,*,#1358,.T.);
#1894=ORIENTED_EDGE('',*,*,#1359,.T.);
#1895=ORIENTED_EDGE('',*,*,#1360,.F.);
#1896=ORIENTED_EDGE('',*,*,#1361,.T.);
#1897=ORIENTED_EDGE('',*,*,#1362,.T.);
#1898=ORIENTED_EDGE('',*,*,#1358,.F.);
#1899=ORIENTED_EDGE('',*,*,#1363,.F.);
#1900=ORIENTED_EDGE('',*,*,#1364,.F.);
#1901=ORIENTED_EDGE('',*,*,#1365,.T.);
#1902=ORIENTED_EDGE('',*,*,#1361,.F.);
#1903=ORIENTED_EDGE('',*,*,#1084,.T.);
#1904=ORIENTED_EDGE('',*,*,#1359,.F.);
#1905=ORIENTED_EDGE('',*,*,#1362,.F.);
#1906=ORIENTED_EDGE('',*,*,#1365,.F.);
#1907=ORIENTED_EDGE('',*,*,#1366,.F.);
#1908=ORIENTED_EDGE('',*,*,#1199,.F.);
#1909=ORIENTED_EDGE('',*,*,#1221,.F.);
#1910=ORIENTED_EDGE('',*,*,#1152,.F.);
#1911=ORIENTED_EDGE('',*,*,#1331,.F.);
#1912=ORIENTED_EDGE('',*,*,#1075,.T.);
#1913=ORIENTED_EDGE('',*,*,#1313,.F.);
#1914=ORIENTED_EDGE('',*,*,#1317,.F.);
#1915=ORIENTED_EDGE('',*,*,#1332,.T.);
#1916=ORIENTED_EDGE('',*,*,#1367,.F.);
#1917=ORIENTED_EDGE('',*,*,#1133,.F.);
#1918=ORIENTED_EDGE('',*,*,#1137,.T.);
#1919=ORIENTED_EDGE('',*,*,#1174,.T.);
#1920=ORIENTED_EDGE('',*,*,#1219,.F.);
#1921=ORIENTED_EDGE('',*,*,#1351,.T.);
#1922=ORIENTED_EDGE('',*,*,#1368,.F.);
#1923=ORIENTED_EDGE('',*,*,#1183,.T.);
#1924=ORIENTED_EDGE('',*,*,#1212,.T.);
#1925=ORIENTED_EDGE('',*,*,#1184,.T.);
#1926=ORIENTED_EDGE('',*,*,#1368,.T.);
#1927=ORIENTED_EDGE('',*,*,#1350,.T.);
#1928=ORIENTED_EDGE('',*,*,#1146,.T.);
#1929=ORIENTED_EDGE('',*,*,#1320,.F.);
#1930=ORIENTED_EDGE('',*,*,#1324,.F.);
#1931=ORIENTED_EDGE('',*,*,#1353,.T.);
#1932=ORIENTED_EDGE('',*,*,#1369,.F.);
#1933=ORIENTED_EDGE('',*,*,#1325,.F.);
#1934=ORIENTED_EDGE('',*,*,#1261,.F.);
#1935=ORIENTED_EDGE('',*,*,#1370,.T.);
#1936=ORIENTED_EDGE('',*,*,#1200,.F.);
#1937=ORIENTED_EDGE('',*,*,#1366,.T.);
#1938=ORIENTED_EDGE('',*,*,#1364,.T.);
#1939=ORIENTED_EDGE('',*,*,#1371,.T.);
#1940=ORIENTED_EDGE('',*,*,#1082,.T.);
#1941=ORIENTED_EDGE('',*,*,#1330,.F.);
#1942=ORIENTED_EDGE('',*,*,#1329,.F.);
#1943=ORIENTED_EDGE('',*,*,#1326,.F.);
#1944=ORIENTED_EDGE('',*,*,#1371,.F.);
#1945=ORIENTED_EDGE('',*,*,#1363,.T.);
#1946=ORIENTED_EDGE('',*,*,#1360,.T.);
#1947=ORIENTED_EDGE('',*,*,#1357,.T.);
#1948=ORIENTED_EDGE('',*,*,#1318,.F.);
#1949=ORIENTED_EDGE('',*,*,#1369,.T.);
#1950=ORIENTED_EDGE('',*,*,#1355,.T.);
#1951=ORIENTED_EDGE('',*,*,#1356,.T.);
#1952=ORIENTED_EDGE('',*,*,#1202,.F.);
#1953=ORIENTED_EDGE('',*,*,#1372,.F.);
#1954=ORIENTED_EDGE('',*,*,#1259,.F.);
#1955=ORIENTED_EDGE('',*,*,#1311,.F.);
#1956=ORIENTED_EDGE('',*,*,#1367,.T.);
#1957=ORIENTED_EDGE('',*,*,#1334,.T.);
#1958=ORIENTED_EDGE('',*,*,#1335,.T.);
#1959=ORIENTED_EDGE('',*,*,#1206,.F.);
#1960=ORIENTED_EDGE('',*,*,#1373,.F.);
#1961=ORIENTED_EDGE('',*,*,#1255,.F.);
#1962=ORIENTED_EDGE('',*,*,#1240,.F.);
#1963=ORIENTED_EDGE('',*,*,#1279,.F.);
#1964=ORIENTED_EDGE('',*,*,#1285,.F.);
#1965=ORIENTED_EDGE('',*,*,#1374,.T.);
#1966=ORIENTED_EDGE('',*,*,#1243,.F.);
#1967=ORIENTED_EDGE('',*,*,#1374,.F.);
#1968=ORIENTED_EDGE('',*,*,#1288,.F.);
#1969=ORIENTED_EDGE('',*,*,#1375,.T.);
#1970=ORIENTED_EDGE('',*,*,#1245,.F.);
#1971=ORIENTED_EDGE('',*,*,#1375,.F.);
#1972=ORIENTED_EDGE('',*,*,#1291,.F.);
#1973=ORIENTED_EDGE('',*,*,#1265,.T.);
#1974=ORIENTED_EDGE('',*,*,#1149,.F.);
#1975=ORIENTED_EDGE('',*,*,#1308,.F.);
#1976=ORIENTED_EDGE('',*,*,#1276,.F.);
#1977=ORIENTED_EDGE('',*,*,#1376,.T.);
#1978=ORIENTED_EDGE('',*,*,#1087,.F.);
#1979=ORIENTED_EDGE('',*,*,#1090,.T.);
#1980=ORIENTED_EDGE('',*,*,#1092,.T.);
#1981=ORIENTED_EDGE('',*,*,#1095,.T.);
#1982=ORIENTED_EDGE('',*,*,#1150,.F.);
#1983=ORIENTED_EDGE('',*,*,#1376,.F.);
#1984=ORIENTED_EDGE('',*,*,#1275,.F.);
#1985=ORIENTED_EDGE('',*,*,#1201,.F.);
#1986=ORIENTED_EDGE('',*,*,#1370,.F.);
#1987=ORIENTED_EDGE('',*,*,#1260,.F.);
#1988=ORIENTED_EDGE('',*,*,#1372,.T.);
#1989=ORIENTED_EDGE('',*,*,#1205,.F.);
#1990=ORIENTED_EDGE('',*,*,#1321,.F.);
#1991=ORIENTED_EDGE('',*,*,#1256,.F.);
#1992=ORIENTED_EDGE('',*,*,#1373,.T.);
#1993=ORIENTED_EDGE('',*,*,#1297,.F.);
#1994=ORIENTED_EDGE('',*,*,#1307,.T.);
#1995=ORIENTED_EDGE('',*,*,#1344,.T.);
#1996=ORIENTED_EDGE('',*,*,#1352,.T.);
#1997=ORIENTED_EDGE('',*,*,#1210,.F.);
#1998=ORIENTED_EDGE('',*,*,#1377,.F.);
#1999=ORIENTED_EDGE('',*,*,#1251,.F.);
#2000=ORIENTED_EDGE('',*,*,#1209,.F.);
#2001=ORIENTED_EDGE('',*,*,#1314,.F.);
#2002=ORIENTED_EDGE('',*,*,#1252,.F.);
#2003=ORIENTED_EDGE('',*,*,#1377,.T.);
#2004=PLANE('',#2216);
#2005=PLANE('',#2217);
#2006=PLANE('',#2218);
#2007=PLANE('',#2219);
#2008=PLANE('',#2220);
#2009=PLANE('',#2221);
#2010=PLANE('',#2222);
#2011=PLANE('',#2223);
#2012=PLANE('',#2224);
#2013=PLANE('',#2225);
#2014=PLANE('',#2229);
#2015=PLANE('',#2230);
#2016=PLANE('',#2238);
#2017=PLANE('',#2242);
#2018=PLANE('',#2246);
#2019=PLANE('',#2247);
#2020=PLANE('',#2253);
#2021=PLANE('',#2261);
#2022=PLANE('',#2269);
#2023=PLANE('',#2277);
#2024=PLANE('',#2280);
#2025=PLANE('',#2284);
#2026=PLANE('',#2285);
#2027=PLANE('',#2286);
#2028=PLANE('',#2288);
#2029=PLANE('',#2289);
#2030=PLANE('',#2293);
#2031=PLANE('',#2294);
#2032=PLANE('',#2298);
#2033=PLANE('',#2299);
#2034=PLANE('',#2303);
#2035=PLANE('',#2307);
#2036=PLANE('',#2311);
#2037=PLANE('',#2317);
#2038=PLANE('',#2320);
#2039=PLANE('',#2321);
#2040=PLANE('',#2322);
#2041=PLANE('',#2323);
#2042=PLANE('',#2324);
#2043=PLANE('',#2325);
#2044=PLANE('',#2326);
#2045=PLANE('',#2327);
#2046=PLANE('',#2328);
#2047=PLANE('',#2332);
#2048=PLANE('',#2336);
#2049=PLANE('',#2339);
#2050=PLANE('',#2340);
#2051=PLANE('',#2344);
#2052=PLANE('',#2345);
#2053=PLANE('',#2346);
#2054=PLANE('',#2347);
#2055=PLANE('',#2348);
#2056=PLANE('',#2349);
#2057=PLANE('',#2352);
#2058=PLANE('',#2353);
#2059=PLANE('',#2354);
#2060=PLANE('',#2355);
#2061=PLANE('',#2356);
#2062=PLANE('',#2359);
#2063=PLANE('',#2360);
#2064=PLANE('',#2363);
#2065=PLANE('',#2366);
#2066=PLANE('',#2368);
#2067=PLANE('',#2369);
#2068=PLANE('',#2370);
#2069=PLANE('',#2374);
#2070=PLANE('',#2375);
#2071=PLANE('',#2376);
#2072=PLANE('',#2377);
#2073=PLANE('',#2379);
#2074=PLANE('',#2380);
#2075=PLANE('',#2381);
#2076=PLANE('',#2382);
#2077=PLANE('',#2383);
#2078=PLANE('',#2385);
#2079=PLANE('',#2387);
#2080=PLANE('',#2388);
#2081=PLANE('',#2389);
#2082=PLANE('',#2390);
#2083=PLANE('',#2391);
#2084=PLANE('',#2392);
#2085=ADVANCED_FACE('',(#117),#2004,.F.);
#2086=ADVANCED_FACE('',(#118),#2005,.F.);
#2087=ADVANCED_FACE('',(#119),#2006,.F.);
#2088=ADVANCED_FACE('',(#120),#2007,.F.);
#2089=ADVANCED_FACE('',(#121),#2008,.T.);
#2090=ADVANCED_FACE('',(#122),#2009,.F.);
#2091=ADVANCED_FACE('',(#123),#2010,.F.);
#2092=ADVANCED_FACE('',(#124),#2011,.F.);
#2093=ADVANCED_FACE('',(#125),#2012,.F.);
#2094=ADVANCED_FACE('',(#126),#2013,.F.);
#2095=ADVANCED_FACE('',(#127),#93,.F.);
#2096=ADVANCED_FACE('',(#128),#2014,.T.);
#2097=ADVANCED_FACE('',(#129,#27),#2015,.F.);
#2098=ADVANCED_FACE('',(#130),#94,.F.);
#2099=ADVANCED_FACE('',(#131),#2016,.T.);
#2100=ADVANCED_FACE('',(#132),#95,.F.);
#2101=ADVANCED_FACE('',(#133),#2017,.T.);
#2102=ADVANCED_FACE('',(#134),#96,.F.);
#2103=ADVANCED_FACE('',(#135),#2018,.T.);
#2104=ADVANCED_FACE('',(#136),#2019,.T.);
#2105=ADVANCED_FACE('',(#137),#15,.F.);
#2106=ADVANCED_FACE('',(#138),#97,.F.);
#2107=ADVANCED_FACE('',(#139,#28),#2020,.F.);
#2108=ADVANCED_FACE('',(#140),#16,.F.);
#2109=ADVANCED_FACE('',(#141),#98,.F.);
#2110=ADVANCED_FACE('',(#142,#29),#2021,.F.);
#2111=ADVANCED_FACE('',(#143),#17,.F.);
#2112=ADVANCED_FACE('',(#144),#99,.F.);
#2113=ADVANCED_FACE('',(#145,#30),#2022,.F.);
#2114=ADVANCED_FACE('',(#146),#18,.F.);
#2115=ADVANCED_FACE('',(#147),#100,.F.);
#2116=ADVANCED_FACE('',(#148,#31),#2023,.F.);
#2117=ADVANCED_FACE('',(#149),#2024,.T.);
#2118=ADVANCED_FACE('',(#150),#101,.T.);
#2119=ADVANCED_FACE('',(#151),#102,.F.);
#2120=ADVANCED_FACE('',(#152),#2025,.T.);
#2121=ADVANCED_FACE('',(#153),#2026,.F.);
#2122=ADVANCED_FACE('',(#154),#2027,.T.);
#2123=ADVANCED_FACE('',(#155),#103,.T.);
#2124=ADVANCED_FACE('',(#156),#2028,.T.);
#2125=ADVANCED_FACE('',(#157),#2029,.T.);
#2126=ADVANCED_FACE('',(#158),#104,.T.);
#2127=ADVANCED_FACE('',(#159),#105,.F.);
#2128=ADVANCED_FACE('',(#160),#2030,.T.);
#2129=ADVANCED_FACE('',(#161),#2031,.F.);
#2130=ADVANCED_FACE('',(#162),#106,.T.);
#2131=ADVANCED_FACE('',(#163),#107,.F.);
#2132=ADVANCED_FACE('',(#164),#2032,.F.);
#2133=ADVANCED_FACE('',(#165),#2033,.T.);
#2134=ADVANCED_FACE('',(#166),#19,.T.);
#2135=ADVANCED_FACE('',(#167),#2034,.T.);
#2136=ADVANCED_FACE('',(#168),#20,.T.);
#2137=ADVANCED_FACE('',(#169),#2035,.T.);
#2138=ADVANCED_FACE('',(#170),#21,.T.);
#2139=ADVANCED_FACE('',(#171),#2036,.T.);
#2140=ADVANCED_FACE('',(#172),#22,.T.);
#2141=ADVANCED_FACE('',(#173),#108,.T.);
#2142=ADVANCED_FACE('',(#174),#2037,.T.);
#2143=ADVANCED_FACE('',(#175),#109,.T.);
#2144=ADVANCED_FACE('',(#176),#2038,.T.);
#2145=ADVANCED_FACE('',(#177,#32),#2039,.T.);
#2146=ADVANCED_FACE('',(#178),#2040,.F.);
#2147=ADVANCED_FACE('',(#179),#2041,.T.);
#2148=ADVANCED_FACE('',(#180),#2042,.T.);
#2149=ADVANCED_FACE('',(#181),#2043,.T.);
#2150=ADVANCED_FACE('',(#182),#2044,.T.);
#2151=ADVANCED_FACE('',(#183),#2045,.T.);
#2152=ADVANCED_FACE('',(#184),#2046,.T.);
#2153=ADVANCED_FACE('',(#185),#23,.T.);
#2154=ADVANCED_FACE('',(#186),#2047,.T.);
#2155=ADVANCED_FACE('',(#187),#24,.T.);
#2156=ADVANCED_FACE('',(#188),#2048,.T.);
#2157=ADVANCED_FACE('',(#189),#25,.T.);
#2158=ADVANCED_FACE('',(#190),#2049,.T.);
#2159=ADVANCED_FACE('',(#191),#2050,.F.);
#2160=ADVANCED_FACE('',(#192),#2051,.F.);
#2161=ADVANCED_FACE('',(#193),#2052,.T.);
#2162=ADVANCED_FACE('',(#194),#2053,.F.);
#2163=ADVANCED_FACE('',(#195),#2054,.T.);
#2164=ADVANCED_FACE('',(#196),#2055,.F.);
#2165=ADVANCED_FACE('',(#197),#2056,.T.);
#2166=ADVANCED_FACE('',(#198),#26,.T.);
#2167=ADVANCED_FACE('',(#199),#2057,.T.);
#2168=ADVANCED_FACE('',(#200),#2058,.F.);
#2169=ADVANCED_FACE('',(#201),#2059,.F.);
#2170=ADVANCED_FACE('',(#202),#2060,.F.);
#2171=ADVANCED_FACE('',(#203),#2061,.F.);
#2172=ADVANCED_FACE('',(#204),#110,.F.);
#2173=ADVANCED_FACE('',(#205),#2062,.F.);
#2174=ADVANCED_FACE('',(#206),#2063,.F.);
#2175=ADVANCED_FACE('',(#207),#111,.F.);
#2176=ADVANCED_FACE('',(#208),#2064,.F.);
#2177=ADVANCED_FACE('',(#209),#112,.F.);
#2178=ADVANCED_FACE('',(#210),#2065,.T.);
#2179=ADVANCED_FACE('',(#211),#2066,.F.);
#2180=ADVANCED_FACE('',(#212),#2067,.F.);
#2181=ADVANCED_FACE('',(#213),#2068,.F.);
#2182=ADVANCED_FACE('',(#214),#113,.F.);
#2183=ADVANCED_FACE('',(#215),#2069,.F.);
#2184=ADVANCED_FACE('',(#216),#2070,.T.);
#2185=ADVANCED_FACE('',(#217),#2071,.F.);
#2186=ADVANCED_FACE('',(#218),#2072,.T.);
#2187=ADVANCED_FACE('',(#219),#114,.F.);
#2188=ADVANCED_FACE('',(#220),#2073,.F.);
#2189=ADVANCED_FACE('',(#221),#2074,.F.);
#2190=ADVANCED_FACE('',(#222),#2075,.F.);
#2191=ADVANCED_FACE('',(#223),#2076,.F.);
#2192=ADVANCED_FACE('',(#224),#2077,.F.);
#2193=ADVANCED_FACE('',(#225),#115,.T.);
#2194=ADVANCED_FACE('',(#226),#2078,.T.);
#2195=ADVANCED_FACE('',(#227),#116,.T.);
#2196=ADVANCED_FACE('',(#228),#2079,.F.);
#2197=ADVANCED_FACE('',(#229),#2080,.F.);
#2198=ADVANCED_FACE('',(#230),#2081,.F.);
#2199=ADVANCED_FACE('',(#231),#2082,.F.);
#2200=ADVANCED_FACE('',(#232),#2083,.F.);
#2201=ADVANCED_FACE('',(#233),#2084,.F.);
#2202=CLOSED_SHELL('',(#2085,#2086,#2087,#2088,#2089,#2090,#2091,#2092,
#2093,#2094,#2095,#2096,#2097,#2098,#2099,#2100,#2101,#2102,#2103,#2104,
#2105,#2106,#2107,#2108,#2109,#2110,#2111,#2112,#2113,#2114,#2115,#2116,
#2117,#2118,#2119,#2120,#2121,#2122,#2123,#2124,#2125,#2126,#2127,#2128,
#2129,#2130,#2131,#2132,#2133,#2134,#2135,#2136,#2137,#2138,#2139,#2140,
#2141,#2142,#2143,#2144,#2145,#2146,#2147,#2148,#2149,#2150,#2151,#2152,
#2153,#2154,#2155,#2156,#2157,#2158,#2159,#2160,#2161,#2162,#2163,#2164,
#2165,#2166,#2167,#2168,#2169,#2170,#2171,#2172,#2173,#2174,#2175,#2176,
#2177,#2178,#2179,#2180,#2181,#2182,#2183,#2184,#2185,#2186,#2187,#2188,
#2189,#2190,#2191,#2192,#2193,#2194,#2195,#2196,#2197,#2198,#2199,#2200,
#2201));
#2203=DERIVED_UNIT_ELEMENT(#2205,1.);
#2204=DERIVED_UNIT_ELEMENT(#3640,-3.);
#2205=(
MASS_UNIT()
NAMED_UNIT(*)
SI_UNIT(.KILO.,.GRAM.)
);
#2206=DERIVED_UNIT((#2203,#2204));
#2207=MEASURE_REPRESENTATION_ITEM('density measure',
POSITIVE_RATIO_MEASURE(7850.),#2206);
#2208=PROPERTY_DEFINITION_REPRESENTATION(#2213,#2210);
#2209=PROPERTY_DEFINITION_REPRESENTATION(#2214,#2211);
#2210=REPRESENTATION('material name',(#2212),#3637);
#2211=REPRESENTATION('density',(#2207),#3637);
#2212=DESCRIPTIVE_REPRESENTATION_ITEM('Steel','Steel');
#2213=PROPERTY_DEFINITION('material property','material name',#3647);
#2214=PROPERTY_DEFINITION('material property','density of part',#3647);
#2215=AXIS2_PLACEMENT_3D('',#3002,#2393,#2394);
#2216=AXIS2_PLACEMENT_3D('',#3003,#2395,#2396);
#2217=AXIS2_PLACEMENT_3D('',#3018,#2404,#2405);
#2218=AXIS2_PLACEMENT_3D('',#3032,#2413,#2414);
#2219=AXIS2_PLACEMENT_3D('',#3036,#2417,#2418);
#2220=AXIS2_PLACEMENT_3D('',#3046,#2424,#2425);
#2221=AXIS2_PLACEMENT_3D('',#3052,#2429,#2430);
#2222=AXIS2_PLACEMENT_3D('',#3056,#2433,#2434);
#2223=AXIS2_PLACEMENT_3D('',#3060,#2437,#2438);
#2224=AXIS2_PLACEMENT_3D('',#3066,#2442,#2443);
#2225=AXIS2_PLACEMENT_3D('',#3070,#2446,#2447);
#2226=AXIS2_PLACEMENT_3D('',#3074,#2450,#2451);
#2227=AXIS2_PLACEMENT_3D('',#3077,#2452,#2453);
#2228=AXIS2_PLACEMENT_3D('',#3081,#2455,#2456);
#2229=AXIS2_PLACEMENT_3D('',#3083,#2458,#2459);
#2230=AXIS2_PLACEMENT_3D('',#3091,#2464,#2465);
#2231=AXIS2_PLACEMENT_3D('',#3095,#2467,#2468);
#2232=AXIS2_PLACEMENT_3D('',#3103,#2472,#2473);
#2233=AXIS2_PLACEMENT_3D('',#3111,#2477,#2478);
#2234=AXIS2_PLACEMENT_3D('',#3118,#2482,#2483);
#2235=AXIS2_PLACEMENT_3D('',#3127,#2488,#2489);
#2236=AXIS2_PLACEMENT_3D('',#3129,#2490,#2491);
#2237=AXIS2_PLACEMENT_3D('',#3132,#2493,#2494);
#2238=AXIS2_PLACEMENT_3D('',#3133,#2495,#2496);
#2239=AXIS2_PLACEMENT_3D('',#3139,#2500,#2501);
#2240=AXIS2_PLACEMENT_3D('',#3141,#2502,#2503);
#2241=AXIS2_PLACEMENT_3D('',#3144,#2505,#2506);
#2242=AXIS2_PLACEMENT_3D('',#3145,#2507,#2508);
#2243=AXIS2_PLACEMENT_3D('',#3151,#2512,#2513);
#2244=AXIS2_PLACEMENT_3D('',#3153,#2514,#2515);
#2245=AXIS2_PLACEMENT_3D('',#3156,#2517,#2518);
#2246=AXIS2_PLACEMENT_3D('',#3157,#2519,#2520);
#2247=AXIS2_PLACEMENT_3D('',#3163,#2524,#2525);
#2248=AXIS2_PLACEMENT_3D('',#3184,#2537,#2538);
#2249=AXIS2_PLACEMENT_3D('',#3186,#2539,#2540);
#2250=AXIS2_PLACEMENT_3D('',#3189,#2542,#2543);
#2251=AXIS2_PLACEMENT_3D('',#3190,#2544,#2545);
#2252=AXIS2_PLACEMENT_3D('',#3193,#2547,#2548);
#2253=AXIS2_PLACEMENT_3D('',#3194,#2549,#2550);
#2254=AXIS2_PLACEMENT_3D('',#3196,#2551,#2552);
#2255=AXIS2_PLACEMENT_3D('',#3202,#2555,#2556);
#2256=AXIS2_PLACEMENT_3D('',#3204,#2558,#2559);
#2257=AXIS2_PLACEMENT_3D('',#3206,#2560,#2561);
#2258=AXIS2_PLACEMENT_3D('',#3209,#2563,#2564);
#2259=AXIS2_PLACEMENT_3D('',#3210,#2565,#2566);
#2260=AXIS2_PLACEMENT_3D('',#3213,#2568,#2569);
#2261=AXIS2_PLACEMENT_3D('',#3214,#2570,#2571);
#2262=AXIS2_PLACEMENT_3D('',#3216,#2572,#2573);
#2263=AXIS2_PLACEMENT_3D('',#3222,#2576,#2577);
#2264=AXIS2_PLACEMENT_3D('',#3224,#2579,#2580);
#2265=AXIS2_PLACEMENT_3D('',#3226,#2581,#2582);
#2266=AXIS2_PLACEMENT_3D('',#3229,#2584,#2585);
#2267=AXIS2_PLACEMENT_3D('',#3230,#2586,#2587);
#2268=AXIS2_PLACEMENT_3D('',#3233,#2589,#2590);
#2269=AXIS2_PLACEMENT_3D('',#3234,#2591,#2592);
#2270=AXIS2_PLACEMENT_3D('',#3238,#2594,#2595);
#2271=AXIS2_PLACEMENT_3D('',#3243,#2598,#2599);
#2272=AXIS2_PLACEMENT_3D('',#3244,#2600,#2601);
#2273=AXIS2_PLACEMENT_3D('',#3246,#2602,#2603);
#2274=AXIS2_PLACEMENT_3D('',#3249,#2605,#2606);
#2275=AXIS2_PLACEMENT_3D('',#3250,#2607,#2608);
#2276=AXIS2_PLACEMENT_3D('',#3253,#2610,#2611);
#2277=AXIS2_PLACEMENT_3D('',#3254,#2612,#2613);
#2278=AXIS2_PLACEMENT_3D('',#3255,#2614,#2615);
#2279=AXIS2_PLACEMENT_3D('',#3257,#2616,#2617);
#2280=AXIS2_PLACEMENT_3D('',#3259,#2619,#2620);
#2281=AXIS2_PLACEMENT_3D('',#3262,#2623,#2624);
#2282=AXIS2_PLACEMENT_3D('',#3263,#2625,#2626);
#2283=AXIS2_PLACEMENT_3D('',#3267,#2628,#2629);
#2284=AXIS2_PLACEMENT_3D('',#3269,#2631,#2632);
#2285=AXIS2_PLACEMENT_3D('',#3297,#2647,#2648);
#2286=AXIS2_PLACEMENT_3D('',#3298,#2649,#2650);
#2287=AXIS2_PLACEMENT_3D('',#3301,#2653,#2654);
#2288=AXIS2_PLACEMENT_3D('',#3303,#2656,#2657);
#2289=AXIS2_PLACEMENT_3D('',#3304,#2658,#2659);
#2290=AXIS2_PLACEMENT_3D('',#3307,#2662,#2663);
#2291=AXIS2_PLACEMENT_3D('',#3308,#2664,#2665);
#2292=AXIS2_PLACEMENT_3D('',#3312,#2667,#2668);
#2293=AXIS2_PLACEMENT_3D('',#3314,#2670,#2671);
#2294=AXIS2_PLACEMENT_3D('',#3316,#2673,#2674);
#2295=AXIS2_PLACEMENT_3D('',#3317,#2675,#2676);
#2296=AXIS2_PLACEMENT_3D('',#3318,#2677,#2678);
#2297=AXIS2_PLACEMENT_3D('',#3319,#2679,#2680);
#2298=AXIS2_PLACEMENT_3D('',#3320,#2681,#2682);
#2299=AXIS2_PLACEMENT_3D('',#3321,#2683,#2684);
#2300=AXIS2_PLACEMENT_3D('',#3330,#2689,#2690);
#2301=AXIS2_PLACEMENT_3D('',#3334,#2692,#2693);
#2302=AXIS2_PLACEMENT_3D('',#3335,#2694,#2695);
#2303=AXIS2_PLACEMENT_3D('',#3336,#2696,#2697);
#2304=AXIS2_PLACEMENT_3D('',#3342,#2701,#2702);
#2305=AXIS2_PLACEMENT_3D('',#3346,#2704,#2705);
#2306=AXIS2_PLACEMENT_3D('',#3347,#2706,#2707);
#2307=AXIS2_PLACEMENT_3D('',#3348,#2708,#2709);
#2308=AXIS2_PLACEMENT_3D('',#3354,#2713,#2714);
#2309=AXIS2_PLACEMENT_3D('',#3358,#2716,#2717);
#2310=AXIS2_PLACEMENT_3D('',#3359,#2718,#2719);
#2311=AXIS2_PLACEMENT_3D('',#3360,#2720,#2721);
#2312=AXIS2_PLACEMENT_3D('',#3366,#2725,#2726);
#2313=AXIS2_PLACEMENT_3D('',#3367,#2727,#2728);
#2314=AXIS2_PLACEMENT_3D('',#3368,#2729,#2730);
#2315=AXIS2_PLACEMENT_3D('',#3369,#2731,#2732);
#2316=AXIS2_PLACEMENT_3D('',#3373,#2734,#2735);
#2317=AXIS2_PLACEMENT_3D('',#3375,#2737,#2738);
#2318=AXIS2_PLACEMENT_3D('',#3403,#2753,#2754);
#2319=AXIS2_PLACEMENT_3D('',#3406,#2756,#2757);
#2320=AXIS2_PLACEMENT_3D('',#3407,#2758,#2759);
#2321=AXIS2_PLACEMENT_3D('',#3411,#2762,#2763);
#2322=AXIS2_PLACEMENT_3D('',#3420,#2768,#2769);
#2323=AXIS2_PLACEMENT_3D('',#3421,#2770,#2771);
#2324=AXIS2_PLACEMENT_3D('',#3424,#2774,#2775);
#2325=AXIS2_PLACEMENT_3D('',#3426,#2777,#2778);
#2326=AXIS2_PLACEMENT_3D('',#3428,#2780,#2781);
#2327=AXIS2_PLACEMENT_3D('',#3429,#2782,#2783);
#2328=AXIS2_PLACEMENT_3D('',#3440,#2790,#2791);
#2329=AXIS2_PLACEMENT_3D('',#3446,#2795,#2796);
#2330=AXIS2_PLACEMENT_3D('',#3450,#2798,#2799);
#2331=AXIS2_PLACEMENT_3D('',#3451,#2800,#2801);
#2332=AXIS2_PLACEMENT_3D('',#3452,#2802,#2803);
#2333=AXIS2_PLACEMENT_3D('',#3458,#2807,#2808);
#2334=AXIS2_PLACEMENT_3D('',#3461,#2810,#2811);
#2335=AXIS2_PLACEMENT_3D('',#3462,#2812,#2813);
#2336=AXIS2_PLACEMENT_3D('',#3463,#2814,#2815);
#2337=AXIS2_PLACEMENT_3D('',#3467,#2818,#2819);
#2338=AXIS2_PLACEMENT_3D('',#3470,#2821,#2822);
#2339=AXIS2_PLACEMENT_3D('',#3471,#2823,#2824);
#2340=AXIS2_PLACEMENT_3D('',#3475,#2827,#2828);
#2341=AXIS2_PLACEMENT_3D('',#3481,#2831,#2832);
#2342=AXIS2_PLACEMENT_3D('',#3485,#2834,#2835);
#2343=AXIS2_PLACEMENT_3D('',#3489,#2837,#2838);
#2344=AXIS2_PLACEMENT_3D('',#3493,#2841,#2842);
#2345=AXIS2_PLACEMENT_3D('',#3498,#2846,#2847);
#2346=AXIS2_PLACEMENT_3D('',#3504,#2851,#2852);
#2347=AXIS2_PLACEMENT_3D('',#3511,#2857,#2858);
#2348=AXIS2_PLACEMENT_3D('',#3517,#2862,#2863);
#2349=AXIS2_PLACEMENT_3D('',#3524,#2868,#2869);
#2350=AXIS2_PLACEMENT_3D('',#3530,#2873,#2874);
#2351=AXIS2_PLACEMENT_3D('',#3533,#2876,#2877);
#2352=AXIS2_PLACEMENT_3D('',#3534,#2878,#2879);
#2353=AXIS2_PLACEMENT_3D('',#3536,#2881,#2882);
#2354=AXIS2_PLACEMENT_3D('',#3538,#2884,#2885);
#2355=AXIS2_PLACEMENT_3D('',#3544,#2889,#2890);
#2356=AXIS2_PLACEMENT_3D('',#3546,#2892,#2893);
#2357=AXIS2_PLACEMENT_3D('',#3552,#2897,#2898);
#2358=AXIS2_PLACEMENT_3D('',#3555,#2900,#2901);
#2359=AXIS2_PLACEMENT_3D('',#3556,#2902,#2903);
#2360=AXIS2_PLACEMENT_3D('',#3558,#2905,#2906);
#2361=AXIS2_PLACEMENT_3D('',#3564,#2910,#2911);
#2362=AXIS2_PLACEMENT_3D('',#3567,#2913,#2914);
#2363=AXIS2_PLACEMENT_3D('',#3568,#2915,#2916);
#2364=AXIS2_PLACEMENT_3D('',#3572,#2919,#2920);
#2365=AXIS2_PLACEMENT_3D('',#3573,#2921,#2922);
#2366=AXIS2_PLACEMENT_3D('',#3574,#2923,#2924);
#2367=AXIS2_PLACEMENT_3D('',#3576,#2925,#2926);
#2368=AXIS2_PLACEMENT_3D('',#3579,#2929,#2930);
#2369=AXIS2_PLACEMENT_3D('',#3585,#2934,#2935);
#2370=AXIS2_PLACEMENT_3D('',#3587,#2937,#2938);
#2371=AXIS2_PLACEMENT_3D('',#3593,#2942,#2943);
#2372=AXIS2_PLACEMENT_3D('',#3595,#2944,#2945);
#2373=AXIS2_PLACEMENT_3D('',#3598,#2947,#2948);
#2374=AXIS2_PLACEMENT_3D('',#3599,#2949,#2950);
#2375=AXIS2_PLACEMENT_3D('',#3605,#2954,#2955);
#2376=AXIS2_PLACEMENT_3D('',#3607,#2957,#2958);
#2377=AXIS2_PLACEMENT_3D('',#3609,#2960,#2961);
#2378=AXIS2_PLACEMENT_3D('',#3611,#2963,#2964);
#2379=AXIS2_PLACEMENT_3D('',#3612,#2965,#2966);
#2380=AXIS2_PLACEMENT_3D('',#3614,#2968,#2969);
#2381=AXIS2_PLACEMENT_3D('',#3617,#2972,#2973);
#2382=AXIS2_PLACEMENT_3D('',#3618,#2974,#2975);
#2383=AXIS2_PLACEMENT_3D('',#3620,#2977,#2978);
#2384=AXIS2_PLACEMENT_3D('',#3622,#2980,#2981);
#2385=AXIS2_PLACEMENT_3D('',#3624,#2983,#2984);
#2386=AXIS2_PLACEMENT_3D('',#3626,#2986,#2987);
#2387=AXIS2_PLACEMENT_3D('',#3627,#2988,#2989);
#2388=AXIS2_PLACEMENT_3D('',#3629,#2991,#2992);
#2389=AXIS2_PLACEMENT_3D('',#3630,#2993,#2994);
#2390=AXIS2_PLACEMENT_3D('',#3631,#2995,#2996);
#2391=AXIS2_PLACEMENT_3D('',#3632,#2997,#2998);
#2392=AXIS2_PLACEMENT_3D('',#3634,#3000,#3001);
#2393=DIRECTION('axis',(0.,0.,1.));
#2394=DIRECTION('refdir',(1.,0.,0.));
#2395=DIRECTION('center_axis',(0.,1.,1.2335811384724E-16));
#2396=DIRECTION('ref_axis',(0.,1.2335811384724E-16,-1.));
#2397=DIRECTION('',(-0.70710678118654,8.72273588157662E-17,-0.707106781186555));
#2398=DIRECTION('',(0.,1.2335811384724E-16,-1.));
#2399=DIRECTION('',(-1.,0.,0.));
#2400=DIRECTION('',(0.,1.2335811384724E-16,-1.));
#2401=DIRECTION('',(-1.,0.,0.));
#2402=DIRECTION('',(0.,-1.2335811384724E-16,1.));
#2403=DIRECTION('',(-1.,1.15411532247924E-32,-9.35581200526814E-17));
#2404=DIRECTION('center_axis',(-1.,0.,0.));
#2405=DIRECTION('ref_axis',(0.,0.,1.));
#2406=DIRECTION('',(0.,-1.,0.));
#2407=DIRECTION('',(0.,1.,0.));
#2408=DIRECTION('',(0.,-2.46716227694479E-16,1.));
#2409=DIRECTION('',(0.,-1.,0.));
#2410=DIRECTION('',(0.,0.,-1.));
#2411=DIRECTION('',(0.,-1.,0.));
#2412=DIRECTION('',(0.,0.,1.));
#2413=DIRECTION('center_axis',(0.,0.,1.));
#2414=DIRECTION('ref_axis',(0.,1.,0.));
#2415=DIRECTION('',(0.,1.,0.));
#2416=DIRECTION('',(-1.,0.,0.));
#2417=DIRECTION('center_axis',(0.,-1.,-2.46716227694479E-16));
#2418=DIRECTION('ref_axis',(0.,-2.46716227694479E-16,1.));
#2419=DIRECTION('',(0.70710678118654,-1.74454717631532E-16,0.707106781186555));
#2420=DIRECTION('',(1.,-2.30823064495848E-32,9.35581200526814E-17));
#2421=DIRECTION('',(2.58646721028523E-65,2.46716227694479E-16,-1.));
#2422=DIRECTION('',(1.,-1.53882042997232E-32,6.23720800351209E-17));
#2423=DIRECTION('',(0.,-2.46716227694479E-16,1.));
#2424=DIRECTION('center_axis',(0.707106781186555,0.,-0.70710678118654));
#2425=DIRECTION('ref_axis',(-0.70710678118654,0.,-0.707106781186555));
#2426=DIRECTION('',(0.,1.,0.));
#2427=DIRECTION('',(0.70710678118654,-1.70292023718416E-16,0.707106781186555));
#2428=DIRECTION('',(0.,-1.,0.));
#2429=DIRECTION('center_axis',(-9.35581200526814E-17,0.,1.));
#2430=DIRECTION('ref_axis',(1.,0.,9.35581200526814E-17));
#2431=DIRECTION('',(0.,1.,0.));
#2432=DIRECTION('',(-1.,2.2531535579855E-32,-9.35581200526814E-17));
#2433=DIRECTION('center_axis',(1.,0.,0.));
#2434=DIRECTION('ref_axis',(0.,1.,0.));
#2435=DIRECTION('',(0.,1.,0.));
#2436=DIRECTION('',(0.,-2.40829289506542E-16,1.));
#2437=DIRECTION('center_axis',(0.,0.,1.));
#2438=DIRECTION('ref_axis',(1.,0.,0.));
#2439=DIRECTION('',(1.,0.,0.));
#2440=DIRECTION('',(0.,-1.,0.));
#2441=DIRECTION('',(-1.,0.,0.));
#2442=DIRECTION('center_axis',(0.,1.,0.));
#2443=DIRECTION('ref_axis',(0.,0.,-1.));
#2444=DIRECTION('',(-1.,0.,0.));
#2445=DIRECTION('',(0.,0.,1.));
#2446=DIRECTION('center_axis',(0.,0.,1.));
#2447=DIRECTION('ref_axis',(0.,1.,0.));
#2448=DIRECTION('',(-1.,0.,0.));
#2449=DIRECTION('',(0.,-1.,0.));
#2450=DIRECTION('center_axis',(1.,0.,5.88255015678356E-71));
#2451=DIRECTION('ref_axis',(0.,-0.707106781186549,0.707106781186546));
#2452=DIRECTION('center_axis',(-1.,0.,0.));
#2453=DIRECTION('ref_axis',(0.,-0.707106781186549,0.707106781186546));
#2454=DIRECTION('',(-1.,0.,-5.88255015678356E-71));
#2455=DIRECTION('center_axis',(1.,0.,0.));
#2456=DIRECTION('ref_axis',(0.,-0.707106781186549,0.707106781186546));
#2457=DIRECTION('',(1.,0.,5.88255015678356E-71));
#2458=DIRECTION('center_axis',(-1.,0.,0.));
#2459=DIRECTION('ref_axis',(0.,1.,0.));
#2460=DIRECTION('',(0.,-1.,-5.28086579137705E-57));
#2461=DIRECTION('',(0.,0.,-1.));
#2462=DIRECTION('',(0.,1.,0.));
#2463=DIRECTION('',(0.,0.,-1.));
#2464=DIRECTION('center_axis',(-5.88255015678356E-71,-5.28086579137705E-57,
1.));
#2465=DIRECTION('ref_axis',(1.,0.,5.88255015678356E-71));
#2466=DIRECTION('',(0.,1.,5.28086579137705E-57));
#2467=DIRECTION('center_axis',(-5.88255015678356E-71,-5.28086579137705E-57,
1.));
#2468=DIRECTION('ref_axis',(1.,0.,0.));
#2469=DIRECTION('',(-1.,2.4671622769448E-15,-4.57967486977419E-71));
#2470=DIRECTION('',(0.,-1.,-5.28086579137705E-57));
#2471=DIRECTION('',(1.,0.,5.88255015678356E-71));
#2472=DIRECTION('center_axis',(-5.88255015678356E-71,-5.28086579137705E-57,
1.));
#2473=DIRECTION('ref_axis',(1.,0.,0.));
#2474=DIRECTION('',(0.,1.,5.28086579137705E-57));
#2475=DIRECTION('',(-1.,0.,-5.88255015678356E-71));
#2476=DIRECTION('',(0.,-1.,-5.28086579137705E-57));
#2477=DIRECTION('center_axis',(-5.88255015678356E-71,-5.28086579137705E-57,
1.));
#2478=DIRECTION('ref_axis',(1.,0.,0.));
#2479=DIRECTION('',(1.,0.,5.88255015678356E-71));
#2480=DIRECTION('',(0.,1.,5.28086579137705E-57));
#2481=DIRECTION('',(-1.,0.,-5.88255015678356E-71));
#2482=DIRECTION('center_axis',(-5.88255015678356E-71,-5.28086579137705E-57,
1.));
#2483=DIRECTION('ref_axis',(1.,0.,0.));
#2484=DIRECTION('',(1.,0.,0.));
#2485=DIRECTION('',(0.,1.,0.));
#2486=DIRECTION('',(-1.,0.,0.));
#2487=DIRECTION('',(0.,-1.,0.));
#2488=DIRECTION('center_axis',(0.,-1.,-5.28086579137705E-57));
#2489=DIRECTION('ref_axis',(-0.707106781186548,0.,0.707106781186547));
#2490=DIRECTION('center_axis',(2.4671622769448E-15,1.,0.));
#2491=DIRECTION('ref_axis',(-0.707106781186548,0.,0.707106781186547));
#2492=DIRECTION('',(0.,1.,5.28086579137705E-57));
#2493=DIRECTION('center_axis',(0.,-1.,0.));
#2494=DIRECTION('ref_axis',(-0.707106781186548,0.,0.707106781186547));
#2495=DIRECTION('center_axis',(2.4671622769448E-15,1.,0.));
#2496=DIRECTION('ref_axis',(1.,-2.4671622769448E-15,0.));
#2497=DIRECTION('',(0.,0.,-1.));
#2498=DIRECTION('',(1.,-2.4671622769448E-15,8.72046855178764E-41));
#2499=DIRECTION('',(0.,0.,-1.));
#2500=DIRECTION('center_axis',(-1.,0.,-5.88255015678356E-71));
#2501=DIRECTION('ref_axis',(0.,0.707106781186549,0.707106781186546));
#2502=DIRECTION('center_axis',(1.,0.,0.));
#2503=DIRECTION('ref_axis',(0.,0.707106781186549,0.707106781186546));
#2504=DIRECTION('',(1.,0.,5.88255015678356E-71));
#2505=DIRECTION('center_axis',(-1.,0.,0.));
#2506=DIRECTION('ref_axis',(0.,0.707106781186549,0.707106781186546));
#2507=DIRECTION('center_axis',(1.,0.,0.));
#2508=DIRECTION('ref_axis',(0.,-1.,0.));
#2509=DIRECTION('',(0.,0.,-1.));
#2510=DIRECTION('',(0.,-1.,0.));
#2511=DIRECTION('',(0.,0.,-1.));
#2512=DIRECTION('center_axis',(0.,1.,5.28086579137705E-57));
#2513=DIRECTION('ref_axis',(0.70710678118654,0.,0.707106781186555));
#2514=DIRECTION('center_axis',(0.,-1.,0.));
#2515=DIRECTION('ref_axis',(0.70710678118654,0.,0.707106781186555));
#2516=DIRECTION('',(0.,-1.,-5.28086579137705E-57));
#2517=DIRECTION('center_axis',(0.,1.,0.));
#2518=DIRECTION('ref_axis',(0.70710678118654,0.,0.707106781186555));
#2519=DIRECTION('center_axis',(0.,1.,0.));
#2520=DIRECTION('ref_axis',(1.,0.,0.));
#2521=DIRECTION('',(0.,0.,1.));
#2522=DIRECTION('',(1.,0.,8.72046855178764E-41));
#2523=DIRECTION('',(0.,0.,-1.));
#2524=DIRECTION('center_axis',(-1.,0.,0.));
#2525=DIRECTION('ref_axis',(0.,-1.,0.));
#2526=DIRECTION('',(0.,0.,-1.));
#2527=DIRECTION('',(0.,1.,0.));
#2528=DIRECTION('',(0.,0.,1.));
#2529=DIRECTION('',(0.,-1.,-4.177952446502E-49));
#2530=DIRECTION('',(0.,0.,1.));
#2531=DIRECTION('',(0.,-1.,1.75668200098917E-17));
#2532=DIRECTION('',(0.,2.40829289506542E-16,-1.));
#2533=DIRECTION('',(0.,0.,-1.));
#2534=DIRECTION('',(0.,-1.,0.));
#2535=DIRECTION('',(0.,0.,-1.));
#2536=DIRECTION('',(0.,1.,0.));
#2537=DIRECTION('center_axis',(0.,0.,-1.));
#2538=DIRECTION('ref_axis',(1.,0.,4.90526356038055E-41));
#2539=DIRECTION('center_axis',(8.72046855178764E-41,0.,-1.));
#2540=DIRECTION('ref_axis',(1.,0.,8.72046855178764E-41));
#2541=DIRECTION('',(0.707106781186548,-8.65956056235493E-17,0.707106781186548));
#2542=DIRECTION('center_axis',(-8.72046855178764E-41,0.,1.));
#2543=DIRECTION('ref_axis',(1.,0.,0.));
#2544=DIRECTION('center_axis',(0.,0.,-1.));
#2545=DIRECTION('ref_axis',(1.,0.,0.));
#2546=DIRECTION('',(0.,0.,1.));
#2547=DIRECTION('center_axis',(5.88255015678356E-71,5.28086579137705E-57,
-1.));
#2548=DIRECTION('ref_axis',(1.,0.,0.));
#2549=DIRECTION('center_axis',(-8.72046855178764E-41,0.,1.));
#2550=DIRECTION('ref_axis',(1.,0.,8.72046855178764E-41));
#2551=DIRECTION('center_axis',(8.72046855178764E-41,0.,-1.));
#2552=DIRECTION('ref_axis',(1.,0.,0.));
#2553=DIRECTION('',(0.,-1.,0.));
#2554=DIRECTION('',(1.,0.,8.72046855178764E-41));
#2555=DIRECTION('center_axis',(-8.72046855178764E-41,0.,1.));
#2556=DIRECTION('ref_axis',(-0.70710678118655,-0.707106781186545,0.));
#2557=DIRECTION('',(0.,-1.,0.));
#2558=DIRECTION('center_axis',(0.,0.,-1.));
#2559=DIRECTION('ref_axis',(1.,0.,4.90526356038055E-41));
#2560=DIRECTION('center_axis',(8.72046855178764E-41,0.,-1.));
#2561=DIRECTION('ref_axis',(1.,0.,8.72046855178764E-41));
#2562=DIRECTION('',(0.707106781186548,-8.65956056235493E-17,0.707106781186548));
#2563=DIRECTION('center_axis',(-8.72046855178764E-41,0.,1.));
#2564=DIRECTION('ref_axis',(1.,0.,0.));
#2565=DIRECTION('center_axis',(0.,0.,-1.));
#2566=DIRECTION('ref_axis',(1.,0.,0.));
#2567=DIRECTION('',(0.,0.,1.));
#2568=DIRECTION('center_axis',(5.88255015678356E-71,5.28086579137705E-57,
-1.));
#2569=DIRECTION('ref_axis',(1.,0.,0.));
#2570=DIRECTION('center_axis',(-8.72046855178764E-41,0.,1.));
#2571=DIRECTION('ref_axis',(1.,0.,8.72046855178764E-41));
#2572=DIRECTION('center_axis',(8.72046855178764E-41,0.,-1.));
#2573=DIRECTION('ref_axis',(1.,0.,0.));
#2574=DIRECTION('',(-1.,0.,-8.72046855178764E-41));
#2575=DIRECTION('',(0.,-1.,0.));
#2576=DIRECTION('center_axis',(-8.72046855178764E-41,0.,1.));
#2577=DIRECTION('ref_axis',(-0.707106781186549,0.707106781186546,0.));
#2578=DIRECTION('',(-1.,0.,-8.72046855178764E-41));
#2579=DIRECTION('center_axis',(0.,0.,-1.));
#2580=DIRECTION('ref_axis',(1.,0.,4.90526356038054E-41));
#2581=DIRECTION('center_axis',(8.72046855178764E-41,0.,-1.));
#2582=DIRECTION('ref_axis',(1.,0.,8.72046855178764E-41));
#2583=DIRECTION('',(0.70710678118654,-8.65956056235484E-17,0.707106781186555));
#2584=DIRECTION('center_axis',(-8.72046855178764E-41,0.,1.));
#2585=DIRECTION('ref_axis',(1.,0.,0.));
#2586=DIRECTION('center_axis',(0.,0.,-1.));
#2587=DIRECTION('ref_axis',(1.,0.,0.));
#2588=DIRECTION('',(0.,0.,1.));
#2589=DIRECTION('center_axis',(5.88255015678356E-71,5.28086579137705E-57,
-1.));
#2590=DIRECTION('ref_axis',(1.,0.,0.));
#2591=DIRECTION('center_axis',(-8.72046855178764E-41,0.,1.));
#2592=DIRECTION('ref_axis',(1.,0.,8.72046855178764E-41));
#2593=DIRECTION('',(-1.,0.,-8.72046855178764E-41));
#2594=DIRECTION('center_axis',(8.72046855178764E-41,0.,-1.));
#2595=DIRECTION('ref_axis',(1.,0.,0.));
#2596=DIRECTION('',(0.,1.,0.));
#2597=DIRECTION('',(-1.,0.,-8.72046855178764E-41));
#2598=DIRECTION('center_axis',(-8.72046855178764E-41,0.,1.));
#2599=DIRECTION('ref_axis',(0.707106781186554,0.707106781186541,0.));
#2600=DIRECTION('center_axis',(0.,0.,-1.));
#2601=DIRECTION('ref_axis',(1.,0.,4.90526356038054E-41));
#2602=DIRECTION('center_axis',(8.72046855178764E-41,0.,-1.));
#2603=DIRECTION('ref_axis',(1.,0.,8.72046855178764E-41));
#2604=DIRECTION('',(0.70710678118654,-8.65956056235484E-17,0.707106781186555));
#2605=DIRECTION('center_axis',(-8.72046855178764E-41,0.,1.));
#2606=DIRECTION('ref_axis',(1.,0.,0.));
#2607=DIRECTION('center_axis',(0.,0.,-1.));
#2608=DIRECTION('ref_axis',(1.,0.,0.));
#2609=DIRECTION('',(0.,0.,1.));
#2610=DIRECTION('center_axis',(5.88255015678356E-71,5.28086579137705E-57,
-1.));
#2611=DIRECTION('ref_axis',(1.,0.,0.));
#2612=DIRECTION('center_axis',(-8.72046855178764E-41,0.,1.));
#2613=DIRECTION('ref_axis',(1.,0.,8.72046855178764E-41));
#2614=DIRECTION('center_axis',(8.72046855178764E-41,0.,-1.));
#2615=DIRECTION('ref_axis',(1.,0.,0.));
#2616=DIRECTION('center_axis',(-8.72046855178764E-41,0.,1.));
#2617=DIRECTION('ref_axis',(0.707106781186554,-0.707106781186541,0.));
#2618=DIRECTION('',(1.,0.,8.72046855178764E-41));
#2619=DIRECTION('center_axis',(1.,0.,0.));
#2620=DIRECTION('ref_axis',(0.,-1.,0.));
#2621=DIRECTION('',(0.,0.,1.));
#2622=DIRECTION('',(0.,0.,-1.));
#2623=DIRECTION('center_axis',(0.,0.,-1.));
#2624=DIRECTION('ref_axis',(1.,0.,0.));
#2625=DIRECTION('center_axis',(0.,0.,1.));
#2626=DIRECTION('ref_axis',(-0.70710678118655,-0.707106781186545,0.));
#2627=DIRECTION('',(0.,0.,-1.));
#2628=DIRECTION('center_axis',(6.23720800351209E-17,4.177952446502E-49,
-1.));
#2629=DIRECTION('ref_axis',(-0.70710678118655,-0.707106781186545,0.));
#2630=DIRECTION('',(0.,0.,1.));
#2631=DIRECTION('center_axis',(0.,1.,0.));
#2632=DIRECTION('ref_axis',(-1.,0.,0.));
#2633=DIRECTION('',(0.,0.,1.));
#2634=DIRECTION('',(-1.,0.,-6.23720800351209E-17));
#2635=DIRECTION('',(0.,0.,1.));
#2636=DIRECTION('',(-1.,0.,0.));
#2637=DIRECTION('',(0.,0.,-1.));
#2638=DIRECTION('',(-1.,0.,0.));
#2639=DIRECTION('',(0.,0.,1.));
#2640=DIRECTION('',(-1.,0.,7.45040597441868E-32));
#2641=DIRECTION('',(0.,0.,-1.));
#2642=DIRECTION('',(-1.,0.,0.));
#2643=DIRECTION('',(0.,0.,1.));
#2644=DIRECTION('',(-1.,0.,1.73472347597681E-17));
#2645=DIRECTION('',(0.,0.,-1.));
#2646=DIRECTION('',(-1.,0.,-6.23720800351209E-17));
#2647=DIRECTION('center_axis',(-5.88255015678356E-71,-5.28086579137705E-57,
1.));
#2648=DIRECTION('ref_axis',(1.,0.,5.88255015678356E-71));
#2649=DIRECTION('center_axis',(-1.,0.,0.));
#2650=DIRECTION('ref_axis',(0.,1.,0.));
#2651=DIRECTION('',(0.,0.,1.));
#2652=DIRECTION('',(0.,0.,-1.));
#2653=DIRECTION('center_axis',(0.,0.,-1.));
#2654=DIRECTION('ref_axis',(1.,0.,0.));
#2655=DIRECTION('',(0.,0.,-1.));
#2656=DIRECTION('center_axis',(0.,-1.,0.));
#2657=DIRECTION('ref_axis',(-1.,0.,0.));
#2658=DIRECTION('center_axis',(0.,-1.,0.));
#2659=DIRECTION('ref_axis',(-1.,0.,0.));
#2660=DIRECTION('',(0.,0.,1.));
#2661=DIRECTION('',(0.,0.,-1.));
#2662=DIRECTION('center_axis',(0.,0.,-1.));
#2663=DIRECTION('ref_axis',(1.,0.,0.));
#2664=DIRECTION('center_axis',(0.,0.,1.));
#2665=DIRECTION('ref_axis',(-0.707106781186549,0.707106781186546,0.));
#2666=DIRECTION('',(0.,0.,-1.));
#2667=DIRECTION('center_axis',(6.23720800351209E-17,4.177952446502E-49,
-1.));
#2668=DIRECTION('ref_axis',(-0.707106781186549,0.707106781186546,0.));
#2669=DIRECTION('',(0.,0.,1.));
#2670=DIRECTION('center_axis',(1.,0.,0.));
#2671=DIRECTION('ref_axis',(0.,1.,0.));
#2672=DIRECTION('',(0.,1.,4.177952446502E-49));
#2673=DIRECTION('center_axis',(-5.88255015678356E-71,-5.28086579137705E-57,
1.));
#2674=DIRECTION('ref_axis',(1.,0.,5.88255015678356E-71));
#2675=DIRECTION('center_axis',(0.,0.,-1.));
#2676=DIRECTION('ref_axis',(1.,0.,0.));
#2677=DIRECTION('center_axis',(0.,0.,-1.));
#2678=DIRECTION('ref_axis',(0.707106781186554,-0.707106781186541,0.));
#2679=DIRECTION('center_axis',(6.23720800351209E-17,0.,-1.));
#2680=DIRECTION('ref_axis',(0.707106781186554,-0.707106781186541,0.));
#2681=DIRECTION('center_axis',(-5.88255015678356E-71,-5.28086579137705E-57,
1.));
#2682=DIRECTION('ref_axis',(1.,0.,5.88255015678356E-71));
#2683=DIRECTION('center_axis',(-0.707106781186548,9.23583799225751E-17,
0.707106781186547));
#2684=DIRECTION('ref_axis',(0.707106781186547,0.,0.707106781186548));
#2685=DIRECTION('',(0.707106781186547,0.,0.707106781186548));
#2686=DIRECTION('',(1.30614473485313E-16,1.,5.28086579137705E-57));
#2687=DIRECTION('',(-0.707106781186549,0.,-0.707106781186546));
#2688=DIRECTION('',(-1.30614473485313E-16,-1.,-5.28086579137705E-57));
#2689=DIRECTION('center_axis',(0.,0.,-1.));
#2690=DIRECTION('ref_axis',(-1.,2.22044604925052E-15,-1.56998746615824E-71));
#2691=DIRECTION('',(-6.74649103340686E-14,0.707106781186546,0.707106781186549));
#2692=DIRECTION('center_axis',(5.88255015678356E-71,5.28086579137705E-57,
-1.));
#2693=DIRECTION('ref_axis',(-1.,2.22044604925052E-15,-4.70996239847502E-71));
#2694=DIRECTION('center_axis',(-5.88255015678356E-71,-5.28086579137705E-57,
1.));
#2695=DIRECTION('ref_axis',(-1.,2.22044604925053E-15,0.));
#2696=DIRECTION('center_axis',(6.90118800230627E-14,-0.707106781186514,
0.707106781186581));
#2697=DIRECTION('ref_axis',(1.,0.,-9.75975366934755E-14));
#2698=DIRECTION('',(-6.28036983473481E-14,0.707106781186581,0.707106781186514));
#2699=DIRECTION('',(-1.,-9.75975366934847E-14,-5.74224994415126E-70));
#2700=DIRECTION('',(1.,9.75975366934847E-14,5.74224994415126E-70));
#2701=DIRECTION('center_axis',(0.,0.,-1.));
#2702=DIRECTION('ref_axis',(1.03549859629767E-127,-1.,-1.76028859712071E-57));
#2703=DIRECTION('',(-0.707106781186546,0.,0.707106781186549));
#2704=DIRECTION('center_axis',(5.88255015678356E-71,5.28086579137705E-57,
-1.));
#2705=DIRECTION('ref_axis',(3.1064957889018E-127,-1.,-5.28086579137705E-57));
#2706=DIRECTION('center_axis',(-5.88255015678356E-71,-5.28086579137705E-57,
1.));
#2707=DIRECTION('ref_axis',(0.,-1.,0.));
#2708=DIRECTION('center_axis',(0.707106781185048,-3.7341360116267E-57,0.707106781188047));
#2709=DIRECTION('ref_axis',(0.707106781188047,0.,-0.707106781185048));
#2710=DIRECTION('',(-0.707106781188047,0.,0.707106781185048));
#2711=DIRECTION('',(0.,-1.,-5.28086579137705E-57));
#2712=DIRECTION('',(0.,1.,5.28086579137705E-57));
#2713=DIRECTION('center_axis',(0.,0.,-1.));
#2714=DIRECTION('ref_axis',(1.,-1.0354985963006E-127,1.96085005226118E-71));
#2715=DIRECTION('',(0.,-0.707106781186546,0.707106781186549));
#2716=DIRECTION('center_axis',(5.88255015678356E-71,5.28086579137705E-57,
-1.));
#2717=DIRECTION('ref_axis',(1.,-3.1064957889018E-127,5.88255015678356E-71));
#2718=DIRECTION('center_axis',(-5.88255015678356E-71,-5.28086579137705E-57,
1.));
#2719=DIRECTION('ref_axis',(1.,0.,0.));
#2720=DIRECTION('center_axis',(-4.15959110653165E-71,0.707106781186547,
0.707106781186548));
#2721=DIRECTION('ref_axis',(1.,0.,5.88255015678356E-71));
#2722=DIRECTION('',(1.17756934401283E-15,-0.707106781186548,0.707106781186547));
#2723=DIRECTION('',(1.,0.,5.88255015678356E-71));
#2724=DIRECTION('',(-1.,0.,-5.88255015678356E-71));
#2725=DIRECTION('center_axis',(0.,0.,-1.));
#2726=DIRECTION('ref_axis',(1.73472347597681E-15,1.,1.76028859712569E-57));
#2727=DIRECTION('center_axis',(5.88255015678356E-71,5.28086579137705E-57,
-1.));
#2728=DIRECTION('ref_axis',(1.73472347597681E-15,1.,5.28086579137705E-57));
#2729=DIRECTION('center_axis',(-5.88255015678356E-71,-5.28086579137705E-57,
1.));
#2730=DIRECTION('ref_axis',(1.73472347597681E-15,1.,0.));
#2731=DIRECTION('center_axis',(0.,0.,1.));
#2732=DIRECTION('ref_axis',(0.,-1.,0.));
#2733=DIRECTION('',(0.,0.,1.));
#2734=DIRECTION('center_axis',(9.35581200526814E-17,0.,-1.));
#2735=DIRECTION('ref_axis',(0.,-1.,0.));
#2736=DIRECTION('',(0.,0.,1.));
#2737=DIRECTION('center_axis',(9.75975366934847E-14,-1.,0.));
#2738=DIRECTION('ref_axis',(1.,9.75975366934847E-14,0.));
#2739=DIRECTION('',(0.,0.,1.));
#2740=DIRECTION('',(-1.,-9.75975366934847E-14,-9.35581200526814E-17));
#2741=DIRECTION('',(0.,0.,1.));
#2742=DIRECTION('',(1.,9.75975366934847E-14,-1.73472347596696E-17));
#2743=DIRECTION('',(0.,0.,-1.));
#2744=DIRECTION('',(-1.,-9.75975366934847E-14,-9.35581200526814E-17));
#2745=DIRECTION('',(0.,0.,1.));
#2746=DIRECTION('',(1.,9.75975366934847E-14,9.8430070834624E-29));
#2747=DIRECTION('',(0.,0.,-1.));
#2748=DIRECTION('',(-1.,-9.75975366934847E-14,-9.35581200526814E-17));
#2749=DIRECTION('',(0.,0.,1.));
#2750=DIRECTION('',(1.,9.75975366934847E-14,9.85045748943682E-29));
#2751=DIRECTION('',(0.,0.,-1.));
#2752=DIRECTION('',(-1.,-9.75975366934847E-14,-9.35581200526814E-17));
#2753=DIRECTION('center_axis',(0.,0.,1.));
#2754=DIRECTION('ref_axis',(-1.,2.22044604925053E-15,0.));
#2755=DIRECTION('',(0.,0.,1.));
#2756=DIRECTION('center_axis',(9.35581200526814E-17,0.,-1.));
#2757=DIRECTION('ref_axis',(-1.,2.22044604925053E-15,0.));
#2758=DIRECTION('center_axis',(-1.,1.30614473485313E-16,0.));
#2759=DIRECTION('ref_axis',(-1.30614473485313E-16,-1.,0.));
#2760=DIRECTION('',(0.,0.,1.));
#2761=DIRECTION('',(1.30614473485313E-16,1.,1.22200445909566E-32));
#2762=DIRECTION('center_axis',(-5.88255015678356E-71,-5.28086579137705E-57,
1.));
#2763=DIRECTION('ref_axis',(1.,0.,5.88255015678356E-71));
#2764=DIRECTION('',(1.,0.,0.));
#2765=DIRECTION('',(0.,-1.,0.));
#2766=DIRECTION('',(-1.,0.,0.));
#2767=DIRECTION('',(0.,1.,0.));
#2768=DIRECTION('center_axis',(-5.88255015678356E-71,-5.28086579137705E-57,
1.));
#2769=DIRECTION('ref_axis',(1.,0.,5.88255015678356E-71));
#2770=DIRECTION('center_axis',(1.,0.,0.));
#2771=DIRECTION('ref_axis',(0.,1.,0.));
#2772=DIRECTION('',(0.,0.,1.));
#2773=DIRECTION('',(0.,0.,1.));
#2774=DIRECTION('center_axis',(0.,1.,0.));
#2775=DIRECTION('ref_axis',(-1.,0.,0.));
#2776=DIRECTION('',(0.,0.,1.));
#2777=DIRECTION('center_axis',(-1.,0.,0.));
#2778=DIRECTION('ref_axis',(0.,-1.,0.));
#2779=DIRECTION('',(0.,0.,1.));
#2780=DIRECTION('center_axis',(0.,-1.,0.));
#2781=DIRECTION('ref_axis',(1.,0.,0.));
#2782=DIRECTION('center_axis',(1.,0.,0.));
#2783=DIRECTION('ref_axis',(0.,1.,0.));
#2784=DIRECTION('',(0.,-2.40829289506542E-16,1.));
#2785=DIRECTION('',(0.,1.,-1.75668200098917E-17));
#2786=DIRECTION('',(0.,0.,-1.));
#2787=DIRECTION('',(0.,-1.,0.));
#2788=DIRECTION('',(0.,0.,1.));
#2789=DIRECTION('',(0.,-1.,0.));
#2790=DIRECTION('center_axis',(0.707106781186555,0.,-0.70710678118654));
#2791=DIRECTION('ref_axis',(-0.70710678118654,0.,-0.707106781186555));
#2792=DIRECTION('',(-0.70710678118654,0.,-0.707106781186555));
#2793=DIRECTION('',(0.,1.,0.));
#2794=DIRECTION('',(0.70710678118654,0.,0.707106781186555));
#2795=DIRECTION('center_axis',(0.,0.,1.));
#2796=DIRECTION('ref_axis',(1.,0.,4.29861632674482E-17));
#2797=DIRECTION('',(0.,0.70710678118656,0.707106781186535));
#2798=DIRECTION('center_axis',(9.35581200526814E-17,0.,-1.));
#2799=DIRECTION('ref_axis',(1.,0.,0.));
#2800=DIRECTION('center_axis',(-9.35581200526814E-17,0.,1.));
#2801=DIRECTION('ref_axis',(1.,0.,9.35581200526814E-17));
#2802=DIRECTION('center_axis',(6.6155581124316E-17,0.707106781186549,-0.707106781186546));
#2803=DIRECTION('ref_axis',(-1.,0.,-9.35581200526814E-17));
#2804=DIRECTION('',(-3.92523114670945E-15,0.707106781186546,0.707106781186549));
#2805=DIRECTION('',(1.,0.,9.35581200526814E-17));
#2806=DIRECTION('',(-1.,0.,-9.35581200526814E-17));
#2807=DIRECTION('center_axis',(0.,0.,1.));
#2808=DIRECTION('ref_axis',(1.73472347597681E-15,1.,7.45691065622143E-32));
#2809=DIRECTION('',(-0.707106781186535,0.,0.70710678118656));
#2810=DIRECTION('center_axis',(9.35581200526814E-17,0.,-1.));
#2811=DIRECTION('ref_axis',(1.73472347597681E-15,1.,0.));
#2812=DIRECTION('center_axis',(-9.35581200526814E-17,0.,1.));
#2813=DIRECTION('ref_axis',(1.73472347597681E-15,1.,1.62297467223643E-31));
#2814=DIRECTION('center_axis',(-0.707106781186543,9.23583799225744E-17,
-0.707106781186552));
#2815=DIRECTION('ref_axis',(-0.707106781186552,0.,0.707106781186543));
#2816=DIRECTION('',(-0.707106781186552,0.,0.707106781186543));
#2817=DIRECTION('',(-1.30614473485313E-16,-1.,-1.22200445909566E-32));
#2818=DIRECTION('center_axis',(0.,0.,1.));
#2819=DIRECTION('ref_axis',(-1.,2.22044604925053E-15,-4.29861632674478E-17));
#2820=DIRECTION('',(6.73831346851775E-14,-0.707106781186541,0.707106781186554));
#2821=DIRECTION('center_axis',(-9.35581200526814E-17,0.,1.));
#2822=DIRECTION('ref_axis',(-1.,2.22044604925052E-15,-9.35581200526814E-17));
#2823=DIRECTION('center_axis',(6.90780356041904E-14,-0.707106781186549,
-0.707106781186546));
#2824=DIRECTION('ref_axis',(-1.,0.,-9.76910948135379E-14));
#2825=DIRECTION('',(0.,-0.707106781186546,0.707106781186549));
#2826=DIRECTION('',(1.,9.75975366934847E-14,9.35581200526814E-17));
#2827=DIRECTION('center_axis',(-9.35581200526814E-17,0.,1.));
#2828=DIRECTION('ref_axis',(1.,0.,9.35581200526814E-17));
#2829=DIRECTION('',(1.,0.,9.35581200526814E-17));
#2830=DIRECTION('',(-2.60587584376152E-65,1.,-2.43800845033023E-81));
#2831=DIRECTION('center_axis',(-9.35581200526814E-17,0.,1.));
#2832=DIRECTION('ref_axis',(7.55838019266082E-50,1.,0.));
#2833=DIRECTION('',(-1.,0.,-9.35581200526814E-17));
#2834=DIRECTION('center_axis',(-9.35581200526814E-17,0.,1.));
#2835=DIRECTION('ref_axis',(-1.,0.,0.));
#2836=DIRECTION('',(5.55111512312578E-18,-1.,5.19351895115658E-34));
#2837=DIRECTION('center_axis',(-9.35581200526814E-17,0.,1.));
#2838=DIRECTION('ref_axis',(1.83697019872444E-16,-1.,0.));
#2839=DIRECTION('',(1.,0.,9.35581200526814E-17));
#2840=DIRECTION('',(0.,1.,0.));
#2841=DIRECTION('center_axis',(0.,1.,0.));
#2842=DIRECTION('ref_axis',(0.,0.,-1.));
#2843=DIRECTION('',(-1.,0.,0.));
#2844=DIRECTION('',(1.,0.,6.23720800351209E-17));
#2845=DIRECTION('',(0.,0.,-1.));
#2846=DIRECTION('center_axis',(6.90780356041904E-14,-0.707106781186549,
-0.707106781186546));
#2847=DIRECTION('ref_axis',(-1.,0.,-9.76910948135379E-14));
#2848=DIRECTION('',(0.,-0.707106781186546,0.707106781186549));
#2849=DIRECTION('',(0.,0.707106781186546,-0.707106781186549));
#2850=DIRECTION('',(1.,9.75975366934847E-14,9.35581200526814E-17));
#2851=DIRECTION('center_axis',(1.,0.,0.));
#2852=DIRECTION('ref_axis',(0.,0.,-1.));
#2853=DIRECTION('',(0.,1.,1.00929365875014E-15));
#2854=DIRECTION('',(0.,-1.,0.));
#2855=DIRECTION('',(0.,0.,-1.));
#2856=DIRECTION('',(0.,-1.,0.));
#2857=DIRECTION('center_axis',(6.90780356041905E-14,-0.70710678118655,-0.707106781186545));
#2858=DIRECTION('ref_axis',(-1.,0.,-9.76910948135381E-14));
#2859=DIRECTION('',(0.,-0.707106781186545,0.70710678118655));
#2860=DIRECTION('',(0.,0.707106781186545,-0.70710678118655));
#2861=DIRECTION('',(1.,9.75975366934847E-14,9.35581200526814E-17));
#2862=DIRECTION('center_axis',(1.,0.,0.));
#2863=DIRECTION('ref_axis',(0.,1.0570244244822E-15,-1.));
#2864=DIRECTION('',(0.,1.,1.00929365875014E-15));
#2865=DIRECTION('',(0.,-1.,0.));
#2866=DIRECTION('',(0.,0.,-1.));
#2867=DIRECTION('',(0.,-1.,0.));
#2868=DIRECTION('center_axis',(6.90780356041904E-14,-0.707106781186549,
-0.707106781186546));
#2869=DIRECTION('ref_axis',(-1.,0.,-9.76910948135379E-14));
#2870=DIRECTION('',(0.,0.707106781186546,-0.707106781186549));
#2871=DIRECTION('',(1.,9.75975366934847E-14,9.35581200526814E-17));
#2872=DIRECTION('',(8.3738264463135E-14,-0.707106781186546,0.707106781186549));
#2873=DIRECTION('center_axis',(0.,0.,1.));
#2874=DIRECTION('ref_axis',(0.,-1.,0.));
#2875=DIRECTION('',(0.707106781186549,0.,0.707106781186545));
#2876=DIRECTION('center_axis',(-9.35581200526814E-17,0.,1.));
#2877=DIRECTION('ref_axis',(0.,-1.,0.));
#2878=DIRECTION('center_axis',(0.707106781186555,0.,-0.70710678118654));
#2879=DIRECTION('ref_axis',(-0.70710678118654,0.,-0.707106781186555));
#2880=DIRECTION('',(0.,1.,0.));
#2881=DIRECTION('center_axis',(0.,-1.,0.));
#2882=DIRECTION('ref_axis',(0.,0.,1.));
#2883=DIRECTION('',(-1.,0.,-6.23720800351209E-17));
#2884=DIRECTION('center_axis',(0.,-1.,0.));
#2885=DIRECTION('ref_axis',(1.,0.,6.23720800351209E-17));
#2886=DIRECTION('',(1.,0.,9.35581200526814E-17));
#2887=DIRECTION('',(1.,0.,6.23720800351209E-17));
#2888=DIRECTION('',(0.,0.,1.));
#2889=DIRECTION('center_axis',(0.,0.,1.));
#2890=DIRECTION('ref_axis',(1.,0.,0.));
#2891=DIRECTION('',(0.,1.,0.));
#2892=DIRECTION('center_axis',(0.,1.,0.));
#2893=DIRECTION('ref_axis',(-1.,0.,-6.23720800351209E-17));
#2894=DIRECTION('',(0.,0.,1.));
#2895=DIRECTION('',(-1.,0.,-6.23720800351209E-17));
#2896=DIRECTION('',(0.,0.,1.));
#2897=DIRECTION('center_axis',(0.,0.,1.));
#2898=DIRECTION('ref_axis',(7.55838019266082E-50,1.,0.));
#2899=DIRECTION('',(0.,0.,1.));
#2900=DIRECTION('center_axis',(-6.23720800351209E-17,1.21182108860323E-33,
1.));
#2901=DIRECTION('ref_axis',(7.55838019266082E-50,1.,-1.21182108860323E-33));
#2902=DIRECTION('center_axis',(1.,2.60587584376152E-65,0.));
#2903=DIRECTION('ref_axis',(-2.60587584376152E-65,1.,4.177952446502E-49));
#2904=DIRECTION('',(-2.60587584376152E-65,1.,4.177952446502E-49));
#2905=DIRECTION('center_axis',(0.,-1.,0.));
#2906=DIRECTION('ref_axis',(1.,0.,6.23720800351209E-17));
#2907=DIRECTION('',(0.,0.,1.));
#2908=DIRECTION('',(1.,0.,6.23720800351209E-17));
#2909=DIRECTION('',(0.,0.,1.));
#2910=DIRECTION('center_axis',(0.,0.,1.));
#2911=DIRECTION('ref_axis',(1.83697019872444E-16,-1.,0.));
#2912=DIRECTION('',(0.,0.,1.));
#2913=DIRECTION('center_axis',(-6.23720800351209E-17,0.,1.));
#2914=DIRECTION('ref_axis',(1.83697019872444E-16,-1.,1.14575652256973E-32));
#2915=DIRECTION('center_axis',(-1.,-5.55111512312578E-18,0.));
#2916=DIRECTION('ref_axis',(5.55111512312578E-18,-1.,3.46234596743772E-34));
#2917=DIRECTION('',(0.,0.,1.));
#2918=DIRECTION('',(5.55111512312578E-18,-1.,3.46234596743772E-34));
#2919=DIRECTION('center_axis',(0.,0.,1.));
#2920=DIRECTION('ref_axis',(-1.,0.,0.));
#2921=DIRECTION('center_axis',(-6.23720800351209E-17,0.,1.));
#2922=DIRECTION('ref_axis',(-1.,0.,-6.23720800351209E-17));
#2923=DIRECTION('center_axis',(6.23720800351209E-17,4.177952446502E-49,
-1.));
#2924=DIRECTION('ref_axis',(1.,0.,6.23720800351209E-17));
#2925=DIRECTION('center_axis',(6.23720800351209E-17,4.177952446502E-49,
-1.));
#2926=DIRECTION('ref_axis',(0.707106781186554,0.707106781186541,0.));
#2927=DIRECTION('',(1.,0.,6.23720800351209E-17));
#2928=DIRECTION('',(0.,1.,4.177952446502E-49));
#2929=DIRECTION('center_axis',(0.,-1.,0.));
#2930=DIRECTION('ref_axis',(1.,0.,6.23720800351209E-17));
#2931=DIRECTION('',(1.,0.,9.35581200526814E-17));
#2932=DIRECTION('',(1.,0.,6.23720800351209E-17));
#2933=DIRECTION('',(0.,0.,1.));
#2934=DIRECTION('center_axis',(0.,0.,1.));
#2935=DIRECTION('ref_axis',(1.,0.,0.));
#2936=DIRECTION('',(0.,1.,0.));
#2937=DIRECTION('center_axis',(1.,-1.04835714880019E-49,0.));
#2938=DIRECTION('ref_axis',(1.04835714880019E-49,1.,-1.68081158782884E-33));
#2939=DIRECTION('',(1.04835714880019E-49,1.,9.80823239855351E-66));
#2940=DIRECTION('',(0.,0.,1.));
#2941=DIRECTION('',(1.04835714880019E-49,1.,-1.68081158782884E-33));
#2942=DIRECTION('center_axis',(0.,0.,1.));
#2943=DIRECTION('ref_axis',(1.,0.,0.));
#2944=DIRECTION('center_axis',(-9.35581200526814E-17,0.,1.));
#2945=DIRECTION('ref_axis',(1.,0.,0.));
#2946=DIRECTION('',(0.,0.,1.));
#2947=DIRECTION('center_axis',(-6.23720800351209E-17,0.,1.));
#2948=DIRECTION('ref_axis',(1.,0.,6.23720800351209E-17));
#2949=DIRECTION('center_axis',(0.,-1.,0.));
#2950=DIRECTION('ref_axis',(1.,0.,6.23720800351209E-17));
#2951=DIRECTION('',(1.,0.,9.35581200526814E-17));
#2952=DIRECTION('',(0.,0.,-1.));
#2953=DIRECTION('',(1.,0.,6.23720800351209E-17));
#2954=DIRECTION('center_axis',(6.23720800351209E-17,0.,-1.));
#2955=DIRECTION('ref_axis',(1.,0.,6.23720800351209E-17));
#2956=DIRECTION('',(0.,-1.,0.));
#2957=DIRECTION('center_axis',(-9.35581200526814E-17,0.,1.));
#2958=DIRECTION('ref_axis',(1.,0.,9.35581200526814E-17));
#2959=DIRECTION('',(0.,1.,0.));
#2960=DIRECTION('center_axis',(0.,-1.,0.));
#2961=DIRECTION('ref_axis',(1.,0.,0.));
#2962=DIRECTION('',(0.,0.,-1.));
#2963=DIRECTION('center_axis',(0.,0.,1.));
#2964=DIRECTION('ref_axis',(0.707106781186554,0.707106781186541,0.));
#2965=DIRECTION('center_axis',(-9.35581200526814E-17,0.,1.));
#2966=DIRECTION('ref_axis',(1.,0.,9.35581200526814E-17));
#2967=DIRECTION('',(0.,1.,0.));
#2968=DIRECTION('center_axis',(1.,0.,0.));
#2969=DIRECTION('ref_axis',(0.,0.,-1.));
#2970=DIRECTION('',(0.,1.,1.00929365875014E-15));
#2971=DIRECTION('',(0.,-1.,0.));
#2972=DIRECTION('center_axis',(-9.35581200526814E-17,0.,1.));
#2973=DIRECTION('ref_axis',(1.,0.,9.35581200526814E-17));
#2974=DIRECTION('center_axis',(-1.,0.,0.));
#2975=DIRECTION('ref_axis',(0.,0.,1.));
#2976=DIRECTION('',(0.,1.,1.00929365875014E-15));
#2977=DIRECTION('center_axis',(-1.,0.,0.));
#2978=DIRECTION('ref_axis',(0.,-1.0570244244822E-15,1.));
#2979=DIRECTION('',(0.,1.,1.00929365875014E-15));
#2980=DIRECTION('center_axis',(0.,0.,1.));
#2981=DIRECTION('ref_axis',(1.,0.,0.));
#2982=DIRECTION('',(0.,0.,1.));
#2983=DIRECTION('center_axis',(0.,1.,0.));
#2984=DIRECTION('ref_axis',(-1.,0.,0.));
#2985=DIRECTION('',(0.,0.,1.));
#2986=DIRECTION('center_axis',(0.,0.,1.));
#2987=DIRECTION('ref_axis',(1.73472347597681E-15,1.,0.));
#2988=DIRECTION('center_axis',(0.,1.75668200098917E-17,1.));
#2989=DIRECTION('ref_axis',(0.,1.,-1.75668200098917E-17));
#2990=DIRECTION('',(-1.,0.,0.));
#2991=DIRECTION('center_axis',(0.,-1.,-2.40829289506542E-16));
#2992=DIRECTION('ref_axis',(0.,-2.40829289506542E-16,1.));
#2993=DIRECTION('center_axis',(0.,-1.00929365875014E-15,1.));
#2994=DIRECTION('ref_axis',(1.,0.,0.));
#2995=DIRECTION('center_axis',(7.45040597441868E-32,-1.00929365875014E-15,
1.));
#2996=DIRECTION('ref_axis',(1.,7.38180202543322E-17,0.));
#2997=DIRECTION('center_axis',(-1.,0.,0.));
#2998=DIRECTION('ref_axis',(0.,0.,1.));
#2999=DIRECTION('',(0.,1.,1.00929365875014E-15));
#3000=DIRECTION('center_axis',(1.73472347597681E-17,-1.00929365875014E-15,
1.));
#3001=DIRECTION('ref_axis',(1.,0.,-1.73472347597681E-17));
#3002=CARTESIAN_POINT('',(0.,0.,0.));
#3003=CARTESIAN_POINT('Origin',(88.4999999999978,-3.75000000000001,1.49));
#3004=CARTESIAN_POINT('',(88.4999999999978,-3.75,-2.23999999999999));
#3005=CARTESIAN_POINT('',(88.1999999999978,-3.75000000000001,-2.53999999999999));
#3006=CARTESIAN_POINT('',(89.3574999999978,-3.75000000000001,-1.38249999999997));
#3007=CARTESIAN_POINT('',(88.4999999999978,-3.75000000000001,1.49));
#3008=CARTESIAN_POINT('',(88.4999999999978,-3.75,0.745000000000001));
#3009=CARTESIAN_POINT('',(87.2999999999978,-3.75000000000001,1.49));
#3010=CARTESIAN_POINT('',(88.4999999999978,-3.75000000000001,1.49));
#3011=CARTESIAN_POINT('',(87.2999999999978,-3.75,-1.74));
#3012=CARTESIAN_POINT('',(87.2999999999978,-3.75000000000001,1.49));
#3013=CARTESIAN_POINT('',(87.4999999999978,-3.75000000000001,-1.74));
#3014=CARTESIAN_POINT('',(87.7499999999978,-3.75000000000001,-1.74));
#3015=CARTESIAN_POINT('',(87.4999999999978,-3.75,-2.53999999999999));
#3016=CARTESIAN_POINT('',(87.4999999999978,-3.75000000000001,-0.524999999999999));
#3017=CARTESIAN_POINT('',(65.7499999999977,-3.75000000000001,-2.54));
#3018=CARTESIAN_POINT('Origin',(87.2999999999978,-9.75000000000001,-3.01));
#3019=CARTESIAN_POINT('',(87.2999999999978,-5.50000000000004,-1.74));
#3020=CARTESIAN_POINT('',(87.2999999999978,-4.88250000000002,-1.74));
#3021=CARTESIAN_POINT('',(87.2999999999978,-15.75,1.49));
#3022=CARTESIAN_POINT('',(87.2999999999978,-15.75,1.49));
#3023=CARTESIAN_POINT('',(87.2999999999978,-15.75,-1.74));
#3024=CARTESIAN_POINT('',(87.2999999999978,-15.75,-7.51));
#3025=CARTESIAN_POINT('',(87.2999999999978,-14.,-1.74));
#3026=CARTESIAN_POINT('',(87.2999999999978,-15.,-1.74));
#3027=CARTESIAN_POINT('',(87.2999999999978,-14.,-1.1));
#3028=CARTESIAN_POINT('',(87.2999999999978,-14.,-3.965));
#3029=CARTESIAN_POINT('',(87.2999999999978,-5.50000000000004,-1.1));
#3030=CARTESIAN_POINT('',(87.2999999999978,-11.875,-1.1));
#3031=CARTESIAN_POINT('',(87.2999999999978,-5.50000000000004,-2.055));
#3032=CARTESIAN_POINT('Origin',(88.4999999999978,-15.75,1.49));
#3033=CARTESIAN_POINT('',(88.4999999999978,-15.75,1.49));
#3034=CARTESIAN_POINT('',(88.4999999999978,-20.625,1.49));
#3035=CARTESIAN_POINT('',(88.4999999999978,-15.75,1.49));
#3036=CARTESIAN_POINT('Origin',(88.4999999999978,-15.75,-7.51));
#3037=CARTESIAN_POINT('',(88.1999999999978,-15.75,-2.53999999999999));
#3038=CARTESIAN_POINT('',(88.4999999999978,-15.75,-2.23999999999999));
#3039=CARTESIAN_POINT('',(87.1074999999978,-15.75,-3.63250000000002));
#3040=CARTESIAN_POINT('',(87.4999999999978,-15.75,-2.53999999999999));
#3041=CARTESIAN_POINT('',(65.7499999999977,-15.75,-2.54));
#3042=CARTESIAN_POINT('',(87.4999999999978,-15.75,-1.74));
#3043=CARTESIAN_POINT('',(87.4999999999978,-15.75,-5.025));
#3044=CARTESIAN_POINT('',(79.9824999999972,-15.75,-1.74));
#3045=CARTESIAN_POINT('',(88.4999999999978,-15.75,-3.755));
#3046=CARTESIAN_POINT('Origin',(88.3499999999978,-12.75,-2.38999999999999));
#3047=CARTESIAN_POINT('',(88.1999999999978,5.46999999999996,-2.53999999999999));
#3048=CARTESIAN_POINT('',(88.1999999999978,-12.75,-2.53999999999999));
#3049=CARTESIAN_POINT('',(88.4999999999978,5.46999999999997,-2.23999999999999));
#3050=CARTESIAN_POINT('',(87.5574999999978,5.46999999999996,-3.18250000000001));
#3051=CARTESIAN_POINT('',(88.4999999999978,-12.75,-2.23999999999999));
#3052=CARTESIAN_POINT('Origin',(42.9999999999976,-4.44089209850063E-15,
-2.54));
#3053=CARTESIAN_POINT('',(87.4999999999978,5.46999999999997,-2.54));
#3054=CARTESIAN_POINT('',(87.4999999999978,-2.75000000000002,-2.53999999999999));
#3055=CARTESIAN_POINT('',(65.7499999999977,5.46999999999996,-2.54));
#3056=CARTESIAN_POINT('Origin',(87.4999999999978,-5.50000000000003,-2.54));
#3057=CARTESIAN_POINT('',(87.4999999999978,5.46999999999997,-1.74));
#3058=CARTESIAN_POINT('',(87.4999999999978,-5.50000000000003,-1.74));
#3059=CARTESIAN_POINT('',(87.4999999999978,5.46999999999997,-4.125));
#3060=CARTESIAN_POINT('Origin',(86.9999999999978,-0.0150000000000339,-1.74));
#3061=CARTESIAN_POINT('',(86.4999999999978,-5.50000000000003,-1.74));
#3062=CARTESIAN_POINT('',(87.7499999999978,-5.50000000000004,-1.74));
#3063=CARTESIAN_POINT('',(86.4999999999978,5.46999999999997,-1.74));
#3064=CARTESIAN_POINT('',(86.4999999999978,12.7425,-1.74));
#3065=CARTESIAN_POINT('',(87.7499999999978,5.46999999999996,-1.74));
#3066=CARTESIAN_POINT('Origin',(88.4999999999978,-5.50000000000004,-1.1));
#3067=CARTESIAN_POINT('',(86.4999999999978,-5.50000000000004,-1.1));
#3068=CARTESIAN_POINT('',(88.4999999999978,-5.50000000000004,-1.1));
#3069=CARTESIAN_POINT('',(86.4999999999978,-5.50000000000003,-0.55));
#3070=CARTESIAN_POINT('Origin',(88.4999999999978,-14.,-1.1));
#3071=CARTESIAN_POINT('',(86.4999999999978,-14.,-1.1));
#3072=CARTESIAN_POINT('',(88.4999999999978,-14.,-1.1));
#3073=CARTESIAN_POINT('',(86.4999999999978,5.75000000000001,-1.1));
#3074=CARTESIAN_POINT('Origin',(64.7499999999977,-24.5,3.7));
#3075=CARTESIAN_POINT('',(78.4999999999978,-25.5,3.7));
#3076=CARTESIAN_POINT('',(78.4999999999978,-24.5,4.7));
#3077=CARTESIAN_POINT('Origin',(78.4999999999978,-24.5,3.7));
#3078=CARTESIAN_POINT('',(7.49999999999748,-25.5,3.7));
#3079=CARTESIAN_POINT('',(64.7499999999977,-25.5,3.7));
#3080=CARTESIAN_POINT('',(7.49999999999749,-24.5,4.7));
#3081=CARTESIAN_POINT('Origin',(7.49999999999749,-24.5,3.7));
#3082=CARTESIAN_POINT('',(64.7499999999977,-24.5,4.7));
#3083=CARTESIAN_POINT('Origin',(78.4999999999978,-25.5,4.7));
#3084=CARTESIAN_POINT('',(78.4999999999978,-21.,4.7));
#3085=CARTESIAN_POINT('',(78.4999999999978,-12.75,4.7));
#3086=CARTESIAN_POINT('',(78.4999999999978,-21.,0.));
#3087=CARTESIAN_POINT('',(78.4999999999978,-21.,4.7));
#3088=CARTESIAN_POINT('',(78.4999999999978,-25.5,0.));
#3089=CARTESIAN_POINT('',(78.4999999999978,-12.75,0.));
#3090=CARTESIAN_POINT('',(78.4999999999978,-25.5,2.35));
#3091=CARTESIAN_POINT('Origin',(42.9999999999976,8.88178419700125E-14,4.7));
#3092=CARTESIAN_POINT('',(7.49999999999748,-21.,4.7));
#3093=CARTESIAN_POINT('',(7.49999999999749,-10.5,4.7));
#3094=CARTESIAN_POINT('',(3.99999999999748,-17.5,4.7));
#3095=CARTESIAN_POINT('Origin',(3.99999999999748,-21.,4.7));
#3096=CARTESIAN_POINT('',(0.499999999997494,-17.5,4.7));
#3097=CARTESIAN_POINT('',(21.2499999999975,-17.5,4.7));
#3098=CARTESIAN_POINT('',(0.499999999997494,17.5,4.7));
#3099=CARTESIAN_POINT('',(0.499999999997494,-12.75,4.7));
#3100=CARTESIAN_POINT('',(3.99999999999748,17.5,4.7));
#3101=CARTESIAN_POINT('',(23.4999999999976,17.5,4.7));
#3102=CARTESIAN_POINT('',(7.49999999999748,21.,4.7));
#3103=CARTESIAN_POINT('Origin',(3.99999999999748,21.,4.7));
#3104=CARTESIAN_POINT('',(7.49999999999749,24.5,4.7));
#3105=CARTESIAN_POINT('',(7.49999999999749,12.75,4.7));
#3106=CARTESIAN_POINT('',(78.4999999999978,24.5,4.7));
#3107=CARTESIAN_POINT('',(21.2499999999976,24.5,4.7));
#3108=CARTESIAN_POINT('',(78.4999999999978,21.,4.7));
#3109=CARTESIAN_POINT('',(78.4999999999978,10.5,4.7));
#3110=CARTESIAN_POINT('',(81.9999999999978,17.5,4.7));
#3111=CARTESIAN_POINT('Origin',(81.9999999999978,21.,4.7));
#3112=CARTESIAN_POINT('',(85.4999999999978,17.5,4.7));
#3113=CARTESIAN_POINT('',(64.7499999999977,17.5,4.7));
#3114=CARTESIAN_POINT('',(85.4999999999978,-17.5,4.7));
#3115=CARTESIAN_POINT('',(85.4999999999978,12.75,4.7));
#3116=CARTESIAN_POINT('',(81.9999999999978,-17.5,4.7));
#3117=CARTESIAN_POINT('',(62.4999999999977,-17.5,4.7));
#3118=CARTESIAN_POINT('Origin',(81.9999999999978,-21.,4.7));
#3119=CARTESIAN_POINT('',(10.4999999850963,23.0000000149012,4.7));
#3120=CARTESIAN_POINT('',(70.100000014899,23.0000000149012,4.7));
#3121=CARTESIAN_POINT('',(70.100000014899,23.0000000149012,4.7));
#3122=CARTESIAN_POINT('',(10.4999999850963,-22.0000000149012,4.7));
#3123=CARTESIAN_POINT('',(10.4999999850963,23.0000000149012,4.7));
#3124=CARTESIAN_POINT('',(70.100000014899,-22.0000000149012,4.7));
#3125=CARTESIAN_POINT('',(10.4999999850963,-22.0000000149012,4.7));
#3126=CARTESIAN_POINT('',(70.100000014899,-22.0000000149012,4.7));
#3127=CARTESIAN_POINT('Origin',(0.499999999997494,-12.75,3.7));
#3128=CARTESIAN_POINT('',(-0.500000000002507,-17.5,3.7));
#3129=CARTESIAN_POINT('Origin',(0.499999999997494,-17.5,3.7));
#3130=CARTESIAN_POINT('',(-0.500000000002507,17.5,3.7));
#3131=CARTESIAN_POINT('',(-0.500000000002507,-12.75,3.7));
#3132=CARTESIAN_POINT('Origin',(0.499999999997494,17.5,3.7));
#3133=CARTESIAN_POINT('Origin',(-0.500000000002503,-17.5,4.7));
#3134=CARTESIAN_POINT('',(3.99999999999748,-17.5,0.));
#3135=CARTESIAN_POINT('',(3.99999999999748,-17.5,4.7));
#3136=CARTESIAN_POINT('',(-0.500000000002503,-17.5,0.));
#3137=CARTESIAN_POINT('',(21.2499999999975,-17.5,0.));
#3138=CARTESIAN_POINT('',(-0.500000000002507,-17.5,2.35));
#3139=CARTESIAN_POINT('Origin',(21.2499999999976,24.5,3.7));
#3140=CARTESIAN_POINT('',(7.49999999999748,25.5,3.7));
#3141=CARTESIAN_POINT('Origin',(7.49999999999748,24.5,3.7));
#3142=CARTESIAN_POINT('',(78.4999999999978,25.5,3.7));
#3143=CARTESIAN_POINT('',(21.2499999999976,25.5,3.7));
#3144=CARTESIAN_POINT('Origin',(78.4999999999978,24.5,3.7));
#3145=CARTESIAN_POINT('Origin',(7.49999999999748,25.5,4.7));
#3146=CARTESIAN_POINT('',(7.49999999999748,21.,0.));
#3147=CARTESIAN_POINT('',(7.49999999999748,21.,4.7));
#3148=CARTESIAN_POINT('',(7.49999999999748,25.5,0.));
#3149=CARTESIAN_POINT('',(7.49999999999749,12.75,0.));
#3150=CARTESIAN_POINT('',(7.49999999999748,25.5,2.35));
#3151=CARTESIAN_POINT('Origin',(85.4999999999978,12.75,3.7));
#3152=CARTESIAN_POINT('',(86.4999999999978,17.5,3.7));
#3153=CARTESIAN_POINT('Origin',(85.4999999999978,17.5,3.7));
#3154=CARTESIAN_POINT('',(86.4999999999978,-17.5,3.7));
#3155=CARTESIAN_POINT('',(86.4999999999978,12.75,3.7));
#3156=CARTESIAN_POINT('Origin',(85.4999999999978,-17.5,3.7));
#3157=CARTESIAN_POINT('Origin',(81.9999999999978,-17.5,4.7));
#3158=CARTESIAN_POINT('',(86.4999999999978,-17.5,0.));
#3159=CARTESIAN_POINT('',(86.4999999999978,-17.5,2.35));
#3160=CARTESIAN_POINT('',(81.9999999999978,-17.5,0.));
#3161=CARTESIAN_POINT('',(62.4999999999977,-17.5,0.));
#3162=CARTESIAN_POINT('',(81.9999999999978,-17.5,4.7));
#3163=CARTESIAN_POINT('Origin',(86.4999999999978,25.5,0.));
#3164=CARTESIAN_POINT('',(86.4999999999978,17.5,0.));
#3165=CARTESIAN_POINT('',(86.4999999999978,17.5,2.35));
#3166=CARTESIAN_POINT('',(86.4999999999978,25.,0.));
#3167=CARTESIAN_POINT('',(86.4999999999978,12.75,3.79340382002764E-39));
#3168=CARTESIAN_POINT('',(86.4999999999978,25.,-1.74));
#3169=CARTESIAN_POINT('',(86.4999999999978,25.,0.));
#3170=CARTESIAN_POINT('',(86.4999999999978,13.37,-1.74));
#3171=CARTESIAN_POINT('',(86.4999999999978,12.75,-1.74));
#3172=CARTESIAN_POINT('',(86.4999999999978,13.37,-1.1));
#3173=CARTESIAN_POINT('',(86.4999999999978,13.37,-0.55));
#3174=CARTESIAN_POINT('',(86.4999999999978,5.46999999999996,-1.1));
#3175=CARTESIAN_POINT('',(86.4999999999978,15.485,-1.1));
#3176=CARTESIAN_POINT('',(86.4999999999978,5.46999999999997,-2.855));
#3177=CARTESIAN_POINT('',(86.4999999999978,-14.,-1.74));
#3178=CARTESIAN_POINT('',(86.4999999999978,-14.,-2.46));
#3179=CARTESIAN_POINT('',(86.4999999999978,-25.,-1.74));
#3180=CARTESIAN_POINT('',(86.4999999999978,2.625,-1.74));
#3181=CARTESIAN_POINT('',(86.4999999999978,-25.,0.));
#3182=CARTESIAN_POINT('',(86.4999999999978,-25.,0.));
#3183=CARTESIAN_POINT('',(86.4999999999978,12.75,3.79340382002764E-39));
#3184=CARTESIAN_POINT('Origin',(3.99999999999748,-21.,0.2));
#3185=CARTESIAN_POINT('',(2.19999999999748,-21.,-1.56968433932178E-40));
#3186=CARTESIAN_POINT('Origin',(3.99999999999748,-21.,0.));
#3187=CARTESIAN_POINT('',(2.59999999999748,-21.,0.4));
#3188=CARTESIAN_POINT('',(2.39999999999748,-21.,0.2));
#3189=CARTESIAN_POINT('Origin',(3.99999999999748,-21.,0.4));
#3190=CARTESIAN_POINT('Origin',(3.99999999999748,-21.,4.7));
#3191=CARTESIAN_POINT('',(2.59999999999748,-21.,4.7));
#3192=CARTESIAN_POINT('',(2.59999999999748,-21.,4.7));
#3193=CARTESIAN_POINT('Origin',(3.99999999999748,-21.,4.7));
#3194=CARTESIAN_POINT('Origin',(42.9999999999976,-7.46396369977786E-58,
0.));
#3195=CARTESIAN_POINT('',(7.49999999999748,-21.,0.));
#3196=CARTESIAN_POINT('Origin',(3.99999999999748,-21.,0.));
#3197=CARTESIAN_POINT('',(7.49999999999748,-25.5,0.));
#3198=CARTESIAN_POINT('',(7.49999999999749,-10.5,0.));
#3199=CARTESIAN_POINT('',(-2.50469375972433E-12,-25.5,0.));
#3200=CARTESIAN_POINT('',(64.7499999999977,-25.5,1.89670191001382E-39));
#3201=CARTESIAN_POINT('',(-0.500000000002503,-25.,0.));
#3202=CARTESIAN_POINT('Origin',(-2.50466314355435E-12,-25.,0.));
#3203=CARTESIAN_POINT('',(-0.500000000002507,-12.75,-3.79340382002764E-39));
#3204=CARTESIAN_POINT('Origin',(3.99999999999748,21.,0.2));
#3205=CARTESIAN_POINT('',(2.19999999999748,21.,-1.56968433932178E-40));
#3206=CARTESIAN_POINT('Origin',(3.99999999999748,21.,0.));
#3207=CARTESIAN_POINT('',(2.59999999999748,21.,0.4));
#3208=CARTESIAN_POINT('',(2.39999999999748,21.,0.2));
#3209=CARTESIAN_POINT('Origin',(3.99999999999748,21.,0.4));
#3210=CARTESIAN_POINT('Origin',(3.99999999999748,21.,4.7));
#3211=CARTESIAN_POINT('',(2.59999999999748,21.,4.7));
#3212=CARTESIAN_POINT('',(2.59999999999748,21.,4.7));
#3213=CARTESIAN_POINT('Origin',(3.99999999999748,21.,4.7));
#3214=CARTESIAN_POINT('Origin',(42.9999999999976,-7.46396369977786E-58,
0.));
#3215=CARTESIAN_POINT('',(3.99999999999748,17.5,0.));
#3216=CARTESIAN_POINT('Origin',(3.99999999999748,21.,0.));
#3217=CARTESIAN_POINT('',(-0.500000000002503,17.5,0.));
#3218=CARTESIAN_POINT('',(23.4999999999976,17.5,0.));
#3219=CARTESIAN_POINT('',(-0.500000000002505,25.,0.));
#3220=CARTESIAN_POINT('',(-0.500000000002507,-12.75,-3.79340382002764E-39));
#3221=CARTESIAN_POINT('',(-2.5045366005749E-12,25.5,0.));
#3222=CARTESIAN_POINT('Origin',(-2.50667542278649E-12,25.,0.));
#3223=CARTESIAN_POINT('',(21.2499999999976,25.5,-1.89670191001382E-39));
#3224=CARTESIAN_POINT('Origin',(81.9999999999978,21.,0.2));
#3225=CARTESIAN_POINT('',(80.1999999999978,21.,-1.56968433932177E-40));
#3226=CARTESIAN_POINT('Origin',(81.9999999999978,21.,0.));
#3227=CARTESIAN_POINT('',(80.5999999999978,21.,0.4));
#3228=CARTESIAN_POINT('',(80.3999999999978,21.,0.2));
#3229=CARTESIAN_POINT('Origin',(81.9999999999978,21.,0.4));
#3230=CARTESIAN_POINT('Origin',(81.9999999999978,21.,4.7));
#3231=CARTESIAN_POINT('',(80.5999999999978,21.,4.7));
#3232=CARTESIAN_POINT('',(80.5999999999978,21.,4.7));
#3233=CARTESIAN_POINT('Origin',(81.9999999999978,21.,4.7));
#3234=CARTESIAN_POINT('Origin',(42.9999999999976,-7.46396369977786E-58,
0.));
#3235=CARTESIAN_POINT('',(81.9999999999978,17.5,0.));
#3236=CARTESIAN_POINT('',(64.7499999999977,17.5,0.));
#3237=CARTESIAN_POINT('',(78.4999999999978,21.,0.));
#3238=CARTESIAN_POINT('Origin',(81.9999999999978,21.,0.));
#3239=CARTESIAN_POINT('',(78.4999999999978,25.5,0.));
#3240=CARTESIAN_POINT('',(78.4999999999978,10.5,0.));
#3241=CARTESIAN_POINT('',(85.9999999999978,25.5,0.));
#3242=CARTESIAN_POINT('',(21.2499999999976,25.5,-1.89670191001382E-39));
#3243=CARTESIAN_POINT('Origin',(85.9999999999978,25.,0.));
#3244=CARTESIAN_POINT('Origin',(81.9999999999978,-21.,0.2));
#3245=CARTESIAN_POINT('',(80.1999999999978,-21.,-1.56968433932177E-40));
#3246=CARTESIAN_POINT('Origin',(81.9999999999978,-21.,0.));
#3247=CARTESIAN_POINT('',(80.5999999999978,-21.,0.4));
#3248=CARTESIAN_POINT('',(80.3999999999978,-21.,0.2));
#3249=CARTESIAN_POINT('Origin',(81.9999999999978,-21.,0.4));
#3250=CARTESIAN_POINT('Origin',(81.9999999999978,-21.,4.7));
#3251=CARTESIAN_POINT('',(80.5999999999978,-21.,4.7));
#3252=CARTESIAN_POINT('',(80.5999999999978,-21.,4.7));
#3253=CARTESIAN_POINT('Origin',(81.9999999999978,-21.,4.7));
#3254=CARTESIAN_POINT('Origin',(42.9999999999976,-7.46396369977786E-58,
0.));
#3255=CARTESIAN_POINT('Origin',(81.9999999999978,-21.,0.));
#3256=CARTESIAN_POINT('',(85.9999999999978,-25.5,0.));
#3257=CARTESIAN_POINT('Origin',(85.9999999999978,-25.,0.));
#3258=CARTESIAN_POINT('',(64.7499999999977,-25.5,1.89670191001382E-39));
#3259=CARTESIAN_POINT('Origin',(7.49999999999748,-21.,4.7));
#3260=CARTESIAN_POINT('',(7.49999999999748,-25.5,2.35));
#3261=CARTESIAN_POINT('',(7.49999999999748,-21.,4.7));
#3262=CARTESIAN_POINT('Origin',(3.99999999999748,-21.,4.7));
#3263=CARTESIAN_POINT('Origin',(-2.50466314355435E-12,-25.,0.));
#3264=CARTESIAN_POINT('',(-2.50466314355435E-12,-25.5,-1.74));
#3265=CARTESIAN_POINT('',(-2.50466314355435E-12,-25.5,0.));
#3266=CARTESIAN_POINT('',(-0.500000000002503,-25.,-1.74));
#3267=CARTESIAN_POINT('Origin',(-2.50466314355435E-12,-25.,-1.74));
#3268=CARTESIAN_POINT('',(-0.500000000002507,-25.,0.));
#3269=CARTESIAN_POINT('Origin',(86.4999999999978,-25.5,0.));
#3270=CARTESIAN_POINT('',(85.9999999999978,-25.5,-1.74));
#3271=CARTESIAN_POINT('',(85.9999999999978,-25.5,0.));
#3272=CARTESIAN_POINT('',(55.4299999999953,-25.5,-1.74));
#3273=CARTESIAN_POINT('',(78.9824999999972,-25.5,-1.74));
#3274=CARTESIAN_POINT('',(55.4299999999953,-25.5,-1.3));
#3275=CARTESIAN_POINT('',(55.4299999999953,-25.5,-0.65));
#3276=CARTESIAN_POINT('',(42.4499999999951,-25.5,-1.3));
#3277=CARTESIAN_POINT('',(64.4749999999964,-25.5,-1.3));
#3278=CARTESIAN_POINT('',(42.4499999999951,-25.5,-1.74));
#3279=CARTESIAN_POINT('',(42.4499999999951,-25.5,-1.89));
#3280=CARTESIAN_POINT('',(35.0049999999951,-25.5,-1.74));
#3281=CARTESIAN_POINT('',(62.6137499999964,-25.5,-1.74));
#3282=CARTESIAN_POINT('',(35.004999999995,-25.5,-1.1));
#3283=CARTESIAN_POINT('',(35.0049999999951,-25.5,-0.55));
#3284=CARTESIAN_POINT('',(27.004999999995,-25.5,-1.1));
#3285=CARTESIAN_POINT('',(56.7524999999964,-25.5,-1.1));
#3286=CARTESIAN_POINT('',(27.004999999995,-25.5,-1.74));
#3287=CARTESIAN_POINT('',(27.004999999995,-25.5,-2.93));
#3288=CARTESIAN_POINT('',(18.9049999999975,-25.5,-1.74));
#3289=CARTESIAN_POINT('',(54.727499999997,-25.5,-1.74));
#3290=CARTESIAN_POINT('',(18.9049999999975,-25.5,-1.1));
#3291=CARTESIAN_POINT('',(18.9049999999975,-25.5,-0.55));
#3292=CARTESIAN_POINT('',(10.9049999999975,-25.5,-1.1));
#3293=CARTESIAN_POINT('',(48.7024999999976,-25.5,-1.1));
#3294=CARTESIAN_POINT('',(10.9049999999975,-25.5,-1.74));
#3295=CARTESIAN_POINT('',(10.9049999999975,-25.5,-2.93));
#3296=CARTESIAN_POINT('',(64.7499999999977,-25.5,-1.74));
#3297=CARTESIAN_POINT('Origin',(42.9999999999976,8.88178419700125E-14,4.7));
#3298=CARTESIAN_POINT('Origin',(78.4999999999978,21.,4.7));
#3299=CARTESIAN_POINT('',(78.4999999999978,25.5,2.35));
#3300=CARTESIAN_POINT('',(78.4999999999978,21.,4.7));
#3301=CARTESIAN_POINT('Origin',(81.9999999999978,21.,4.7));
#3302=CARTESIAN_POINT('',(81.9999999999978,17.5,4.7));
#3303=CARTESIAN_POINT('Origin',(86.4999999999978,17.5,4.7));
#3304=CARTESIAN_POINT('Origin',(3.99999999999748,17.5,4.7));
#3305=CARTESIAN_POINT('',(-0.500000000002507,17.5,2.35));
#3306=CARTESIAN_POINT('',(3.99999999999748,17.5,4.7));
#3307=CARTESIAN_POINT('Origin',(3.99999999999748,21.,4.7));
#3308=CARTESIAN_POINT('Origin',(-2.50667542278649E-12,25.,0.));
#3309=CARTESIAN_POINT('',(-0.500000000002507,25.,-1.74));
#3310=CARTESIAN_POINT('',(-0.500000000002507,25.,0.));
#3311=CARTESIAN_POINT('',(-2.5043855877982E-12,25.5,-1.74));
#3312=CARTESIAN_POINT('Origin',(-2.50667542278649E-12,25.,-1.74));
#3313=CARTESIAN_POINT('',(-2.50667542278649E-12,25.5,0.));
#3314=CARTESIAN_POINT('Origin',(-0.500000000002507,-25.5,0.));
#3315=CARTESIAN_POINT('',(-0.500000000002507,-12.75,-1.74));
#3316=CARTESIAN_POINT('Origin',(42.9999999999976,8.88178419700125E-14,4.7));
#3317=CARTESIAN_POINT('Origin',(81.9999999999978,-21.,4.7));
#3318=CARTESIAN_POINT('Origin',(85.9999999999978,-25.,0.));
#3319=CARTESIAN_POINT('Origin',(85.9999999999978,-25.,-1.74));
#3320=CARTESIAN_POINT('Origin',(42.9999999999976,8.88178419700125E-14,4.7));
#3321=CARTESIAN_POINT('Origin',(-2.00000000000251,12.75,5.));
#3322=CARTESIAN_POINT('',(-2.50000000000251,-25.5,4.5));
#3323=CARTESIAN_POINT('',(-1.50000000000251,-25.5,5.5));
#3324=CARTESIAN_POINT('',(-2.50000000000251,-25.5,4.5));
#3325=CARTESIAN_POINT('',(-1.50000000000251,25.5,5.5));
#3326=CARTESIAN_POINT('',(-1.50000000000251,12.75,5.5));
#3327=CARTESIAN_POINT('',(-2.50000000000251,25.5,4.5));
#3328=CARTESIAN_POINT('',(-1.50000000000251,25.5,5.5));
#3329=CARTESIAN_POINT('',(-2.50000000000251,12.75,4.5));
#3330=CARTESIAN_POINT('Origin',(-0.500000000002702,-25.5,5.));
#3331=CARTESIAN_POINT('',(-0.500000000002511,-27.4999999999998,4.5));
#3332=CARTESIAN_POINT('',(-0.500000000002607,-26.4999999999998,5.5));
#3333=CARTESIAN_POINT('',(-0.500000000002511,-27.4999999999998,4.5));
#3334=CARTESIAN_POINT('Origin',(-0.500000000002702,-25.5,5.5));
#3335=CARTESIAN_POINT('Origin',(-0.500000000002702,-25.5,4.5));
#3336=CARTESIAN_POINT('Origin',(21.2499999999989,-26.9999999999978,5.));
#3337=CARTESIAN_POINT('',(86.4999999999978,-27.4999999999915,4.5));
#3338=CARTESIAN_POINT('',(86.4999999999977,-26.4999999999914,5.5));
#3339=CARTESIAN_POINT('',(86.4999999999978,-27.4999999999915,4.5));
#3340=CARTESIAN_POINT('',(21.2499999999988,-26.4999999999978,5.5));
#3341=CARTESIAN_POINT('',(21.2499999999989,-27.4999999999979,4.5));
#3342=CARTESIAN_POINT('Origin',(86.4999999999978,-25.5,5.));
#3343=CARTESIAN_POINT('',(88.4999999999893,-25.5,4.5));
#3344=CARTESIAN_POINT('',(87.4999999999893,-25.5,5.5));
#3345=CARTESIAN_POINT('',(88.4999999999893,-25.5,4.5));
#3346=CARTESIAN_POINT('Origin',(86.4999999999978,-25.5,5.5));
#3347=CARTESIAN_POINT('Origin',(86.4999999999978,-25.5,4.5));
#3348=CARTESIAN_POINT('Origin',(87.9999999999957,-12.75,5.));
#3349=CARTESIAN_POINT('',(88.4999999999978,25.5,4.5));
#3350=CARTESIAN_POINT('',(87.4999999999935,25.5,5.5));
#3351=CARTESIAN_POINT('',(88.4999999999978,25.5,4.5));
#3352=CARTESIAN_POINT('',(87.4999999999935,-12.75,5.5));
#3353=CARTESIAN_POINT('',(88.4999999999978,-12.75,4.5));
#3354=CARTESIAN_POINT('Origin',(86.4999999999978,25.5,5.));
#3355=CARTESIAN_POINT('',(86.4999999999978,27.5,4.5));
#3356=CARTESIAN_POINT('',(86.4999999999978,26.5,5.5));
#3357=CARTESIAN_POINT('',(86.4999999999978,27.5,4.5));
#3358=CARTESIAN_POINT('Origin',(86.4999999999978,25.5,5.5));
#3359=CARTESIAN_POINT('Origin',(86.4999999999978,25.5,4.5));
#3360=CARTESIAN_POINT('Origin',(64.7499999999977,27.,5.));
#3361=CARTESIAN_POINT('',(-0.500000000002505,27.5,4.5));
#3362=CARTESIAN_POINT('',(-0.500000000002503,26.5,5.5));
#3363=CARTESIAN_POINT('',(-0.500000000002505,27.5,4.5));
#3364=CARTESIAN_POINT('',(64.7499999999977,26.5,5.5));
#3365=CARTESIAN_POINT('',(64.7499999999977,27.5,4.5));
#3366=CARTESIAN_POINT('Origin',(-0.500000000002508,25.5,5.));
#3367=CARTESIAN_POINT('Origin',(-0.500000000002508,25.5,5.5));
#3368=CARTESIAN_POINT('Origin',(-0.500000000002508,25.5,4.5));
#3369=CARTESIAN_POINT('Origin',(86.4999999999978,-25.5,0.));
#3370=CARTESIAN_POINT('',(86.4999999999978,-27.4999999999915,-2.24));
#3371=CARTESIAN_POINT('',(86.4999999999978,-27.4999999999915,0.));
#3372=CARTESIAN_POINT('',(88.4999999999893,-25.5,-2.24));
#3373=CARTESIAN_POINT('Origin',(86.4999999999978,-25.5,-2.24));
#3374=CARTESIAN_POINT('',(88.4999999999893,-25.5,0.));
#3375=CARTESIAN_POINT('Origin',(-0.500000000002512,-27.5,0.));
#3376=CARTESIAN_POINT('',(-0.500000000002511,-27.4999999999998,-2.23999999999999));
#3377=CARTESIAN_POINT('',(-0.500000000002511,-27.4999999999998,0.));
#3378=CARTESIAN_POINT('',(10.9049999999975,-27.4999999999989,-2.24));
#3379=CARTESIAN_POINT('',(21.2499999999989,-27.4999999999979,-2.24));
#3380=CARTESIAN_POINT('',(10.9049999999975,-27.5,-1.1));
#3381=CARTESIAN_POINT('',(10.9049999999975,-27.4999999999989,-2.93));
#3382=CARTESIAN_POINT('',(18.9049999999975,-27.5,-1.1));
#3383=CARTESIAN_POINT('',(5.20249999999749,-27.4999999999994,-1.1));
#3384=CARTESIAN_POINT('',(18.9049999999975,-27.4999999999981,-2.24));
#3385=CARTESIAN_POINT('',(18.9049999999975,-27.4999999999981,-0.55));
#3386=CARTESIAN_POINT('',(27.004999999995,-27.4999999999973,-2.24));
#3387=CARTESIAN_POINT('',(21.2499999999989,-27.4999999999979,-2.24));
#3388=CARTESIAN_POINT('',(27.004999999995,-27.5,-1.1));
#3389=CARTESIAN_POINT('',(27.004999999995,-27.4999999999973,-2.93));
#3390=CARTESIAN_POINT('',(35.004999999995,-27.5,-1.1));
#3391=CARTESIAN_POINT('',(13.2524999999963,-27.4999999999987,-1.1));
#3392=CARTESIAN_POINT('',(35.004999999995,-27.4999999999965,-2.24));
#3393=CARTESIAN_POINT('',(35.004999999995,-27.4999999999965,-0.55));
#3394=CARTESIAN_POINT('',(42.4499999999951,-27.4999999999958,-2.24));
#3395=CARTESIAN_POINT('',(21.2499999999989,-27.4999999999979,-2.24));
#3396=CARTESIAN_POINT('',(42.4499999999951,-27.5,-1.3));
#3397=CARTESIAN_POINT('',(42.4499999999951,-27.4999999999958,-1.89));
#3398=CARTESIAN_POINT('',(55.4299999999953,-27.5,-1.3));
#3399=CARTESIAN_POINT('',(20.9749999999963,-27.4999999999979,-1.3));
#3400=CARTESIAN_POINT('',(55.4299999999953,-27.4999999999945,-2.24));
#3401=CARTESIAN_POINT('',(55.4299999999953,-27.4999999999945,-0.65));
#3402=CARTESIAN_POINT('',(21.2499999999989,-27.4999999999979,-2.24));
#3403=CARTESIAN_POINT('Origin',(-0.500000000002702,-25.5,0.));
#3404=CARTESIAN_POINT('',(-2.50000000000251,-25.5,-2.24));
#3405=CARTESIAN_POINT('',(-2.50000000000251,-25.5,0.));
#3406=CARTESIAN_POINT('Origin',(-0.500000000002702,-25.5,-2.23999999999999));
#3407=CARTESIAN_POINT('Origin',(-2.5000000000025,25.5,0.));
#3408=CARTESIAN_POINT('',(-2.50000000000251,25.5,-2.23999999999999));
#3409=CARTESIAN_POINT('',(-2.50000000000251,25.5,0.));
#3410=CARTESIAN_POINT('',(-2.50000000000251,12.75,-2.24));
#3411=CARTESIAN_POINT('Origin',(42.9999999999976,8.88178419700125E-14,5.5));
#3412=CARTESIAN_POINT('',(10.4999999850963,23.0000000149012,5.5));
#3413=CARTESIAN_POINT('',(70.100000014899,23.0000000149012,5.5));
#3414=CARTESIAN_POINT('',(70.100000014899,23.0000000149012,5.5));
#3415=CARTESIAN_POINT('',(70.100000014899,-22.0000000149012,5.5));
#3416=CARTESIAN_POINT('',(70.100000014899,-22.0000000149012,5.5));
#3417=CARTESIAN_POINT('',(10.4999999850963,-22.0000000149012,5.5));
#3418=CARTESIAN_POINT('',(10.4999999850963,-22.0000000149012,5.5));
#3419=CARTESIAN_POINT('',(10.4999999850963,23.0000000149012,5.5));
#3420=CARTESIAN_POINT('Origin',(42.9999999999976,8.88178419700125E-14,4.7));
#3421=CARTESIAN_POINT('Origin',(10.4999999850963,-22.0000000149012,4.7));
#3422=CARTESIAN_POINT('',(10.4999999850963,23.0000000149012,4.7));
#3423=CARTESIAN_POINT('',(10.4999999850963,-22.0000000149012,4.7));
#3424=CARTESIAN_POINT('Origin',(70.100000014899,-22.0000000149012,4.7));
#3425=CARTESIAN_POINT('',(70.100000014899,-22.0000000149012,4.7));
#3426=CARTESIAN_POINT('Origin',(70.100000014899,23.0000000149012,4.7));
#3427=CARTESIAN_POINT('',(70.100000014899,23.0000000149012,4.7));
#3428=CARTESIAN_POINT('Origin',(10.4999999850963,23.0000000149012,4.7));
#3429=CARTESIAN_POINT('Origin',(88.4999999999978,-25.5,0.));
#3430=CARTESIAN_POINT('',(88.4999999999978,5.46999999999996,-1.1));
#3431=CARTESIAN_POINT('',(88.4999999999978,5.46999999999997,-2.855));
#3432=CARTESIAN_POINT('',(88.4999999999978,13.37,-1.1));
#3433=CARTESIAN_POINT('',(88.4999999999978,-10.015,-1.1));
#3434=CARTESIAN_POINT('',(88.4999999999978,13.37,-2.23999999999999));
#3435=CARTESIAN_POINT('',(88.4999999999978,13.37,-0.55));
#3436=CARTESIAN_POINT('',(88.4999999999978,25.5,-2.23999999999999));
#3437=CARTESIAN_POINT('',(88.4999999999978,-12.75,-2.23999999999999));
#3438=CARTESIAN_POINT('',(88.4999999999978,25.5,4.7));
#3439=CARTESIAN_POINT('',(88.4999999999978,-12.75,-2.23999999999999));
#3440=CARTESIAN_POINT('Origin',(88.3499999999978,-12.75,-2.38999999999999));
#3441=CARTESIAN_POINT('',(88.1999999999978,13.37,-2.53999999999999));
#3442=CARTESIAN_POINT('',(88.7099999999978,13.37,-2.02999999999999));
#3443=CARTESIAN_POINT('',(88.1999999999978,25.5,-2.53999999999999));
#3444=CARTESIAN_POINT('',(88.1999999999978,-12.75,-2.53999999999999));
#3445=CARTESIAN_POINT('',(88.1999999999978,25.5,-2.53999999999999));
#3446=CARTESIAN_POINT('Origin',(86.4999999999978,25.5,-2.39));
#3447=CARTESIAN_POINT('',(86.4999999999978,27.2,-2.54));
#3448=CARTESIAN_POINT('',(86.4999999999978,27.5,-2.24));
#3449=CARTESIAN_POINT('',(86.4999999999978,27.2,-2.54));
#3450=CARTESIAN_POINT('Origin',(86.4999999999978,25.5,-2.24));
#3451=CARTESIAN_POINT('Origin',(86.4999999999978,25.5,-2.54));
#3452=CARTESIAN_POINT('Origin',(64.7499999999977,27.35,-2.39));
#3453=CARTESIAN_POINT('',(-0.500000000002503,27.2,-2.54));
#3454=CARTESIAN_POINT('',(-0.500000000002505,27.5,-2.24));
#3455=CARTESIAN_POINT('',(-0.500000000002503,27.2,-2.54));
#3456=CARTESIAN_POINT('',(64.7499999999977,27.5,-2.24));
#3457=CARTESIAN_POINT('',(64.7499999999977,27.2,-2.54));
#3458=CARTESIAN_POINT('Origin',(-0.500000000002508,25.5,-2.39));
#3459=CARTESIAN_POINT('',(-2.20000000000251,25.5,-2.54));
#3460=CARTESIAN_POINT('',(-2.20000000000251,25.5,-2.54));
#3461=CARTESIAN_POINT('Origin',(-0.500000000002508,25.5,-2.23999999999999));
#3462=CARTESIAN_POINT('Origin',(-0.500000000002508,25.5,-2.54));
#3463=CARTESIAN_POINT('Origin',(-2.3500000000025,12.75,-2.39));
#3464=CARTESIAN_POINT('',(-2.20000000000251,-25.5,-2.54));
#3465=CARTESIAN_POINT('',(-2.20000000000251,-25.5,-2.54));
#3466=CARTESIAN_POINT('',(-2.2000000000025,12.75,-2.54));
#3467=CARTESIAN_POINT('Origin',(-0.500000000002702,-25.5,-2.39));
#3468=CARTESIAN_POINT('',(-0.50000000000254,-27.1999999999998,-2.54));
#3469=CARTESIAN_POINT('',(-0.50000000000254,-27.1999999999998,-2.54));
#3470=CARTESIAN_POINT('Origin',(-0.500000000002702,-25.5,-2.54));
#3471=CARTESIAN_POINT('Origin',(21.2499999999989,-27.3499999999979,-2.39));
#3472=CARTESIAN_POINT('',(10.9049999999975,-27.1999999999989,-2.54));
#3473=CARTESIAN_POINT('',(10.9049999999975,-26.5199999999989,-3.21999999999998));
#3474=CARTESIAN_POINT('',(21.2499999999989,-27.1999999999979,-2.54));
#3475=CARTESIAN_POINT('Origin',(42.9999999999976,-4.44089209850063E-15,
-2.54));
#3476=CARTESIAN_POINT('',(87.4999999999978,13.37,-2.54));
#3477=CARTESIAN_POINT('',(65.7499999999977,13.37,-2.54));
#3478=CARTESIAN_POINT('',(87.4999999999978,25.,-2.54));
#3479=CARTESIAN_POINT('',(87.4999999999978,6.68499999999998,-2.53999999999999));
#3480=CARTESIAN_POINT('',(85.9999999999978,26.5,-2.54));
#3481=CARTESIAN_POINT('Origin',(85.9999999999978,25.,-2.54));
#3482=CARTESIAN_POINT('',(-2.50443580294471E-12,26.5,-2.54));
#3483=CARTESIAN_POINT('',(64.4999999999977,26.5,-2.54));
#3484=CARTESIAN_POINT('',(-1.50000000000251,25.,-2.54));
#3485=CARTESIAN_POINT('Origin',(-2.50667542278649E-12,25.,-2.54));
#3486=CARTESIAN_POINT('',(-1.5000000000025,-25.,-2.54));
#3487=CARTESIAN_POINT('',(-1.50000000000251,12.5,-2.54));
#3488=CARTESIAN_POINT('',(-2.50438759802454E-12,-26.5,-2.54));
#3489=CARTESIAN_POINT('Origin',(-2.50466314355435E-12,-25.,-2.54));
#3490=CARTESIAN_POINT('',(10.9049999999975,-26.5,-2.54));
#3491=CARTESIAN_POINT('',(21.4999999999976,-26.5,-2.54));
#3492=CARTESIAN_POINT('',(10.9049999999975,-13.75,-2.54));
#3493=CARTESIAN_POINT('Origin',(88.4999999999978,13.37,-1.1));
#3494=CARTESIAN_POINT('',(88.4999999999978,13.37,-1.1));
#3495=CARTESIAN_POINT('',(87.4999999999978,13.37,-1.74));
#3496=CARTESIAN_POINT('',(65.7499999999977,13.37,-1.74));
#3497=CARTESIAN_POINT('',(87.4999999999978,13.37,-1.82));
#3498=CARTESIAN_POINT('Origin',(21.2499999999989,-27.3499999999979,-2.39));
#3499=CARTESIAN_POINT('',(27.004999999995,-27.1999999999973,-2.54));
#3500=CARTESIAN_POINT('',(27.004999999995,-26.5199999999981,-3.2199999999992));
#3501=CARTESIAN_POINT('',(18.9049999999975,-27.1999999999981,-2.54));
#3502=CARTESIAN_POINT('',(18.9049999999975,-27.7099999999985,-2.02999999999958));
#3503=CARTESIAN_POINT('',(21.2499999999989,-27.1999999999979,-2.54));
#3504=CARTESIAN_POINT('Origin',(18.9049999999975,-27.5,-1.1));
#3505=CARTESIAN_POINT('',(18.9049999999975,-27.5,-1.1));
#3506=CARTESIAN_POINT('',(18.9049999999975,-26.5,-1.74));
#3507=CARTESIAN_POINT('',(18.9049999999975,-26.75,-1.74));
#3508=CARTESIAN_POINT('',(18.9049999999975,-26.5,-2.54));
#3509=CARTESIAN_POINT('',(18.9049999999975,-26.5,-1.82));
#3510=CARTESIAN_POINT('',(18.9049999999975,-13.75,-2.54));
#3511=CARTESIAN_POINT('Origin',(21.2499999999989,-27.3499999999979,-2.39));
#3512=CARTESIAN_POINT('',(42.4499999999951,-27.1999999999958,-2.54));
#3513=CARTESIAN_POINT('',(42.4499999999951,-27.0399999999974,-2.69999999999844));
#3514=CARTESIAN_POINT('',(35.004999999995,-27.1999999999965,-2.54));
#3515=CARTESIAN_POINT('',(35.004999999995,-27.7099999999977,-2.0299999999988));
#3516=CARTESIAN_POINT('',(21.2499999999989,-27.1999999999979,-2.54));
#3517=CARTESIAN_POINT('Origin',(35.004999999995,-27.5,-1.1));
#3518=CARTESIAN_POINT('',(35.004999999995,-27.5,-1.1));
#3519=CARTESIAN_POINT('',(35.0049999999951,-26.5,-1.74));
#3520=CARTESIAN_POINT('',(35.004999999995,-26.75,-1.74));
#3521=CARTESIAN_POINT('',(35.0049999999951,-26.5,-2.54));
#3522=CARTESIAN_POINT('',(35.004999999995,-26.5,-1.82));
#3523=CARTESIAN_POINT('',(35.004999999995,-13.75,-2.54));
#3524=CARTESIAN_POINT('Origin',(21.2499999999989,-27.3499999999979,-2.39));
#3525=CARTESIAN_POINT('',(55.4299999999953,-27.1999999999945,-2.54));
#3526=CARTESIAN_POINT('',(55.4299999999953,-27.6599999999967,-2.0799999999978));
#3527=CARTESIAN_POINT('',(86.4999999999978,-27.1999999999915,-2.54));
#3528=CARTESIAN_POINT('',(21.2499999999989,-27.1999999999979,-2.54));
#3529=CARTESIAN_POINT('',(86.4999999999978,-27.1999999999915,-2.54));
#3530=CARTESIAN_POINT('Origin',(86.4999999999978,-25.5,-2.39));
#3531=CARTESIAN_POINT('',(88.1999999999893,-25.5,-2.54));
#3532=CARTESIAN_POINT('',(88.1999999999893,-25.5,-2.54));
#3533=CARTESIAN_POINT('Origin',(86.4999999999978,-25.5,-2.54));
#3534=CARTESIAN_POINT('Origin',(88.3499999999978,-12.75,-2.38999999999999));
#3535=CARTESIAN_POINT('',(88.1999999999978,-12.75,-2.53999999999999));
#3536=CARTESIAN_POINT('Origin',(88.4999999999978,-14.,-4.92));
#3537=CARTESIAN_POINT('',(79.9824999999972,-14.,-1.74));
#3538=CARTESIAN_POINT('Origin',(18.9049999999975,-26.5,-2.54));
#3539=CARTESIAN_POINT('',(27.004999999995,-26.5,-2.54));
#3540=CARTESIAN_POINT('',(30.9524999999976,-26.5,-2.54));
#3541=CARTESIAN_POINT('',(27.004999999995,-26.5,-1.74));
#3542=CARTESIAN_POINT('',(18.9049999999975,-26.5,-1.74));
#3543=CARTESIAN_POINT('',(27.004999999995,-26.5,-4.2));
#3544=CARTESIAN_POINT('Origin',(22.9549999999963,-26.,-1.74));
#3545=CARTESIAN_POINT('',(27.004999999995,-26.75,-1.74));
#3546=CARTESIAN_POINT('Origin',(85.9999999999978,26.5,-2.54));
#3547=CARTESIAN_POINT('',(85.9999999999978,26.5,-1.74));
#3548=CARTESIAN_POINT('',(85.9999999999978,26.5,-2.54));
#3549=CARTESIAN_POINT('',(-2.5043855877982E-12,26.5,-1.74));
#3550=CARTESIAN_POINT('',(85.9999999999978,26.5,-1.74));
#3551=CARTESIAN_POINT('',(-2.50443580294471E-12,26.5,-2.54));
#3552=CARTESIAN_POINT('Origin',(85.9999999999978,25.,-2.54));
#3553=CARTESIAN_POINT('',(87.4999999999978,25.,-1.74));
#3554=CARTESIAN_POINT('',(87.4999999999978,25.,-2.54));
#3555=CARTESIAN_POINT('Origin',(85.9999999999978,25.,-1.74));
#3556=CARTESIAN_POINT('Origin',(87.4999999999978,13.37,-2.54));
#3557=CARTESIAN_POINT('',(87.4999999999978,13.37,-1.74));
#3558=CARTESIAN_POINT('Origin',(-2.50438759802454E-12,-26.5,-2.54));
#3559=CARTESIAN_POINT('',(-2.5043855877982E-12,-26.5,-1.74));
#3560=CARTESIAN_POINT('',(-2.50438759802454E-12,-26.5,-2.54));
#3561=CARTESIAN_POINT('',(10.9049999999975,-26.5,-1.74));
#3562=CARTESIAN_POINT('',(-2.50438759802454E-12,-26.5,-1.74));
#3563=CARTESIAN_POINT('',(10.9049999999975,-26.5,-4.2));
#3564=CARTESIAN_POINT('Origin',(-2.50466314355435E-12,-25.,-2.54));
#3565=CARTESIAN_POINT('',(-1.5000000000025,-25.,-1.74));
#3566=CARTESIAN_POINT('',(-1.5000000000025,-25.,-2.54));
#3567=CARTESIAN_POINT('Origin',(-2.50466314355435E-12,-25.,-1.74));
#3568=CARTESIAN_POINT('Origin',(-1.50000000000251,25.,-2.54));
#3569=CARTESIAN_POINT('',(-1.50000000000251,25.,-1.74));
#3570=CARTESIAN_POINT('',(-1.50000000000251,25.,-2.54));
#3571=CARTESIAN_POINT('',(-1.50000000000251,25.,-1.74));
#3572=CARTESIAN_POINT('Origin',(-2.50667542278649E-12,25.,-2.54));
#3573=CARTESIAN_POINT('Origin',(-2.50667542278649E-12,25.,-1.74));
#3574=CARTESIAN_POINT('Origin',(42.9999999999976,-4.44089209850063E-15,
-1.74));
#3575=CARTESIAN_POINT('',(85.9999999999978,25.5,-1.74));
#3576=CARTESIAN_POINT('Origin',(85.9999999999978,25.,-1.74));
#3577=CARTESIAN_POINT('',(21.2499999999976,25.5,-1.74));
#3578=CARTESIAN_POINT('',(10.9049999999975,-13.75,-1.74));
#3579=CARTESIAN_POINT('Origin',(35.0049999999951,-26.5,-2.54));
#3580=CARTESIAN_POINT('',(42.4499999999951,-26.5,-2.54));
#3581=CARTESIAN_POINT('',(39.0024999999963,-26.5,-2.54));
#3582=CARTESIAN_POINT('',(42.4499999999951,-26.5,-1.74));
#3583=CARTESIAN_POINT('',(35.0049999999951,-26.5,-1.74));
#3584=CARTESIAN_POINT('',(42.4499999999951,-26.5,-3.16));
#3585=CARTESIAN_POINT('Origin',(38.7274999999951,-26.,-1.74));
#3586=CARTESIAN_POINT('',(42.4499999999951,-26.75,-1.74));
#3587=CARTESIAN_POINT('Origin',(87.4999999999978,-25.,-2.54));
#3588=CARTESIAN_POINT('',(87.4999999999978,-25.,-2.54));
#3589=CARTESIAN_POINT('',(87.4999999999978,-12.5,-2.53999999999999));
#3590=CARTESIAN_POINT('',(87.4999999999978,-25.,-1.74));
#3591=CARTESIAN_POINT('',(87.4999999999978,-25.,-2.54));
#3592=CARTESIAN_POINT('',(87.4999999999978,-25.,-1.74));
#3593=CARTESIAN_POINT('Origin',(85.9999999999978,-25.,-2.54));
#3594=CARTESIAN_POINT('',(85.9999999999978,-26.5,-2.54));
#3595=CARTESIAN_POINT('Origin',(85.9999999999978,-25.,-2.54));
#3596=CARTESIAN_POINT('',(85.9999999999978,-26.5,-1.74));
#3597=CARTESIAN_POINT('',(85.9999999999978,-26.5,-2.54));
#3598=CARTESIAN_POINT('Origin',(85.9999999999978,-25.,-1.74));
#3599=CARTESIAN_POINT('Origin',(55.4299999999953,-26.5,-2.54));
#3600=CARTESIAN_POINT('',(55.4299999999953,-26.5,-2.54));
#3601=CARTESIAN_POINT('',(49.2149999999965,-26.5,-2.54));
#3602=CARTESIAN_POINT('',(55.4299999999953,-26.5,-1.74));
#3603=CARTESIAN_POINT('',(55.4299999999953,-26.5,-1.92));
#3604=CARTESIAN_POINT('',(55.4299999999953,-26.5,-1.74));
#3605=CARTESIAN_POINT('Origin',(71.4649999999966,-20.25,-1.74));
#3606=CARTESIAN_POINT('',(55.4299999999953,-23.875,-1.74));
#3607=CARTESIAN_POINT('Origin',(42.9999999999976,-4.44089209850063E-15,
-2.54));
#3608=CARTESIAN_POINT('',(27.004999999995,-13.75,-2.54));
#3609=CARTESIAN_POINT('Origin',(-0.500000000002507,25.5,0.));
#3610=CARTESIAN_POINT('',(85.9999999999978,25.5,0.));
#3611=CARTESIAN_POINT('Origin',(85.9999999999978,25.,0.));
#3612=CARTESIAN_POINT('Origin',(42.9999999999976,-4.44089209850063E-15,
-2.54));
#3613=CARTESIAN_POINT('',(42.4499999999951,-13.75,-2.54));
#3614=CARTESIAN_POINT('Origin',(55.4299999999953,-27.5,-1.3));
#3615=CARTESIAN_POINT('',(55.4299999999953,-27.5,-1.3));
#3616=CARTESIAN_POINT('',(55.4299999999953,-13.75,-2.54));
#3617=CARTESIAN_POINT('Origin',(42.9999999999976,-4.44089209850063E-15,
-2.54));
#3618=CARTESIAN_POINT('Origin',(42.4499999999951,-27.5,-3.78));
#3619=CARTESIAN_POINT('',(42.4499999999951,-27.5,-1.3));
#3620=CARTESIAN_POINT('Origin',(27.004999999995,-27.5,-5.86));
#3621=CARTESIAN_POINT('',(27.004999999995,-27.5,-1.1));
#3622=CARTESIAN_POINT('Origin',(86.4999999999978,25.5,0.));
#3623=CARTESIAN_POINT('',(86.4999999999978,27.5,0.));
#3624=CARTESIAN_POINT('Origin',(86.4999999999978,27.5,0.));
#3625=CARTESIAN_POINT('',(-0.500000000002505,27.5,0.));
#3626=CARTESIAN_POINT('Origin',(-0.500000000002508,25.5,0.));
#3627=CARTESIAN_POINT('Origin',(88.4999999999978,5.46999999999996,-1.1));
#3628=CARTESIAN_POINT('',(88.4999999999978,5.46999999999996,-1.1));
#3629=CARTESIAN_POINT('Origin',(88.4999999999978,5.46999999999997,-5.71));
#3630=CARTESIAN_POINT('Origin',(42.4499999999951,-27.5,-1.3));
#3631=CARTESIAN_POINT('Origin',(27.004999999995,-27.5,-1.1));
#3632=CARTESIAN_POINT('Origin',(10.9049999999975,-27.5,-5.86));
#3633=CARTESIAN_POINT('',(10.9049999999975,-27.5,-1.1));
#3634=CARTESIAN_POINT('Origin',(10.9049999999975,-27.5,-1.1));
#3635=UNCERTAINTY_MEASURE_WITH_UNIT(LENGTH_MEASURE(0.01),#3639,
'DISTANCE_ACCURACY_VALUE',
'Maximum model space distance between geometric entities at asserted c
onnectivities');
#3636=UNCERTAINTY_MEASURE_WITH_UNIT(LENGTH_MEASURE(0.01),#3639,
'DISTANCE_ACCURACY_VALUE',
'Maximum model space distance between geometric entities at asserted c
onnectivities');
#3637=(
GEOMETRIC_REPRESENTATION_CONTEXT(3)
GLOBAL_UNCERTAINTY_ASSIGNED_CONTEXT((#3635))
GLOBAL_UNIT_ASSIGNED_CONTEXT((#3639,#3641,#3642))
REPRESENTATION_CONTEXT('','3D')
);
#3638=(
GEOMETRIC_REPRESENTATION_CONTEXT(3)
GLOBAL_UNCERTAINTY_ASSIGNED_CONTEXT((#3636))
GLOBAL_UNIT_ASSIGNED_CONTEXT((#3639,#3641,#3642))
REPRESENTATION_CONTEXT('','3D')
);
#3639=(
LENGTH_UNIT()
NAMED_UNIT(*)
SI_UNIT(.MILLI.,.METRE.)
);
#3640=(
LENGTH_UNIT()
NAMED_UNIT(*)
SI_UNIT($,.METRE.)
);
#3641=(
NAMED_UNIT(*)
PLANE_ANGLE_UNIT()
SI_UNIT($,.RADIAN.)
);
#3642=(
NAMED_UNIT(*)
SI_UNIT($,.STERADIAN.)
SOLID_ANGLE_UNIT()
);
#3643=SHAPE_DEFINITION_REPRESENTATION(#3644,#3645);
#3644=PRODUCT_DEFINITION_SHAPE('',$,#3647);
#3645=SHAPE_REPRESENTATION('',(#2215),#3637);
#3646=PRODUCT_DEFINITION_CONTEXT('part definition',#3651,'design');
#3647=PRODUCT_DEFINITION('Front','Front',#3648,#3646);
#3648=PRODUCT_DEFINITION_FORMATION('',$,#3653);
#3649=PRODUCT_RELATED_PRODUCT_CATEGORY('Front','Front',(#3653));
#3650=APPLICATION_PROTOCOL_DEFINITION('international standard',
'automotive_design',2009,#3651);
#3651=APPLICATION_CONTEXT(
'Core Data for Automotive Mechanical Design Process');
#3652=PRODUCT_CONTEXT('part definition',#3651,'mechanical');
#3653=PRODUCT('Front','Front',$,(#3652));
#3654=PRESENTATION_STYLE_ASSIGNMENT((#3655));
#3655=SURFACE_STYLE_USAGE(.BOTH.,#3656);
#3656=SURFACE_SIDE_STYLE('',(#3657));
#3657=SURFACE_STYLE_FILL_AREA(#3658);
#3658=FILL_AREA_STYLE('Steel - Satin',(#3659));
#3659=FILL_AREA_STYLE_COLOUR('Steel - Satin',#3660);
#3660=COLOUR_RGB('Steel - Satin',0.627450980392157,0.627450980392157,0.627450980392157);
ENDSEC;
END-ISO-10303-21;
