ISO-10303-21;
HEADER;
/* Generated by software containing ST-Developer
 * from STEP Tools, Inc. (www.steptools.com) 
 */
/* OPTION: using custom renumber hook */

FILE_DESCRIPTION(
/* description */ ('STEP AP242',
'CAx-IF Rec.Pracs.---Representation and Presentation of Product Manufa
cturing Information (PMI)---4.0---2014-10-13',
'CAx-IF Rec.Pracs.---3D Tessellated Geometry---0.4---2014-09-14','2;1'),

/* implementation_level */ '2;1');

FILE_NAME(
/* name */ '6686accd74d10a200b7b7ddd',
/* time_stamp */ '2024-07-04T14:08:14Z',
/* author */ (''),
/* organization */ (''),
/* preprocessor_version */ 'ST-DEVELOPER v20',
/* originating_system */ '  ',
/* authorisation */ '  ');

FILE_SCHEMA (('AP242_MANAGED_MODEL_BASED_3D_ENGINEERING_MIM_LF { 1 0 10303 442 1 1 4 }'));
ENDSEC;

DATA;
#10=SHAPE_REPRESENTATION_RELATIONSHIP('','',#3738,#11);
#11=ADVANCED_BREP_SHAPE_REPRESENTATION('',(#3736),#6172);
#12=CYLINDRICAL_SURFACE('',#3883,0.00175);
#13=CYLINDRICAL_SURFACE('',#3885,0.00275);
#14=CYLINDRICAL_SURFACE('',#3890,0.00175);
#15=CYLINDRICAL_SURFACE('',#3892,0.00275);
#16=CYLINDRICAL_SURFACE('',#3897,0.00175);
#17=CYLINDRICAL_SURFACE('',#3899,0.00275);
#18=CYLINDRICAL_SURFACE('',#3904,0.00175);
#19=CYLINDRICAL_SURFACE('',#3906,0.00275);
#20=CYLINDRICAL_SURFACE('',#3910,0.003);
#21=CYLINDRICAL_SURFACE('',#3911,0.003);
#22=CYLINDRICAL_SURFACE('',#3913,0.003);
#23=CYLINDRICAL_SURFACE('',#3915,0.003);
#24=CYLINDRICAL_SURFACE('',#3917,0.003);
#25=CYLINDRICAL_SURFACE('',#3919,0.003);
#26=CYLINDRICAL_SURFACE('',#3921,0.003);
#27=CYLINDRICAL_SURFACE('',#3923,0.003);
#28=CYLINDRICAL_SURFACE('',#3946,0.004);
#29=CYLINDRICAL_SURFACE('',#3954,0.004);
#30=CYLINDRICAL_SURFACE('',#3962,0.004);
#31=CYLINDRICAL_SURFACE('',#3970,0.004);
#32=CYLINDRICAL_SURFACE('',#3975,0.0034);
#33=CYLINDRICAL_SURFACE('',#3979,0.0014);
#34=CYLINDRICAL_SURFACE('',#3981,0.0014);
#35=CYLINDRICAL_SURFACE('',#3984,0.00168);
#36=CYLINDRICAL_SURFACE('',#3987,0.001680000001);
#37=CYLINDRICAL_SURFACE('',#4003,0.001);
#38=CYLINDRICAL_SURFACE('',#4005,0.0015);
#39=CYLINDRICAL_SURFACE('',#4007,0.0015);
#40=CYLINDRICAL_SURFACE('',#4009,0.0015);
#41=CYLINDRICAL_SURFACE('',#4011,0.0015);
#42=CYLINDRICAL_SURFACE('',#4013,0.0015);
#43=CYLINDRICAL_SURFACE('',#4015,0.0015);
#44=CYLINDRICAL_SURFACE('',#4017,0.0015);
#45=CYLINDRICAL_SURFACE('',#4019,0.0015);
#46=CYLINDRICAL_SURFACE('',#4021,0.0015);
#47=CYLINDRICAL_SURFACE('',#4023,0.0015);
#48=CYLINDRICAL_SURFACE('',#4025,0.0015);
#49=CYLINDRICAL_SURFACE('',#4027,0.0015);
#50=CYLINDRICAL_SURFACE('',#4029,0.0015);
#51=CYLINDRICAL_SURFACE('',#4031,0.0015);
#52=CYLINDRICAL_SURFACE('',#4033,0.0015);
#53=CYLINDRICAL_SURFACE('',#4035,0.0015);
#54=CYLINDRICAL_SURFACE('',#4037,0.0015);
#55=CYLINDRICAL_SURFACE('',#4039,0.0015);
#56=CYLINDRICAL_SURFACE('',#4041,0.0015);
#57=CYLINDRICAL_SURFACE('',#4043,0.0015);
#58=B_SPLINE_CURVE_WITH_KNOTS('',3,(#5568,#5569,#5570,#5571),
 .UNSPECIFIED.,.F.,.F.,(4,4),(1.0011629210593E-6,0.000948137142219863),
 .UNSPECIFIED.);
#59=B_SPLINE_CURVE_WITH_KNOTS('',3,(#5793,#5794,#5795,#5796),
 .UNSPECIFIED.,.F.,.F.,(4,4),(0.0121127492533202,0.0127564177510457),
 .UNSPECIFIED.);
#60=B_SPLINE_CURVE_WITH_KNOTS('',3,(#5798,#5799,#5800,#5801),
 .UNSPECIFIED.,.F.,.F.,(4,4),(0.00567930791917581,0.00619534336599022),
 .UNSPECIFIED.);
#61=B_SPLINE_CURVE_WITH_KNOTS('',3,(#5804,#5805,#5806,#5807),
 .UNSPECIFIED.,.F.,.F.,(4,4),(0.,0.00145732899319548),.UNSPECIFIED.);
#62=B_SPLINE_CURVE_WITH_KNOTS('',3,(#5970,#5971,#5972,#5973),
 .UNSPECIFIED.,.F.,.F.,(4,4),(0.00568382521945607,0.00632698785205143),
 .UNSPECIFIED.);
#63=B_SPLINE_CURVE_WITH_KNOTS('',3,(#5982,#5983,#5984,#5985),
 .UNSPECIFIED.,.F.,.F.,(4,4),(0.0125595958062237,0.0130751601418521),
 .UNSPECIFIED.);
#64=B_SPLINE_CURVE_WITH_KNOTS('',3,(#6155,#6156,#6157,#6158),
 .UNSPECIFIED.,.F.,.F.,(4,4),(0.,0.00141421870077968),.UNSPECIFIED.);
#65=CONICAL_SURFACE('',#3834,0.002,0.785398163397448);
#66=CONICAL_SURFACE('',#3925,0.002,0.785398163397449);
#67=CONICAL_SURFACE('',#3927,0.002,0.785398163397448);
#68=CONICAL_SURFACE('',#3929,0.002,0.785398163397449);
#69=CONICAL_SURFACE('',#3932,0.002,0.785398163397448);
#70=CONICAL_SURFACE('',#3934,0.002,0.785398163397449);
#71=CONICAL_SURFACE('',#3936,0.002,0.785398163397449);
#72=CONICAL_SURFACE('',#3938,0.002,0.785398163397449);
#73=CONICAL_SURFACE('',#3942,0.0044,0.674740942223555);
#74=CONICAL_SURFACE('',#3945,0.00408,0.674740942223553);
#75=CONICAL_SURFACE('',#3950,0.0044,0.674740942223553);
#76=CONICAL_SURFACE('',#3953,0.00408,0.674740942223556);
#77=CONICAL_SURFACE('',#3958,0.0044,0.674740942223566);
#78=CONICAL_SURFACE('',#3961,0.00408,0.674740942223556);
#79=CONICAL_SURFACE('',#3966,0.0044,0.674740942223553);
#80=CONICAL_SURFACE('',#3969,0.00408,0.674740942223556);
#81=CONICAL_SURFACE('',#4045,0.0044,0.785398163397448);
#82=CONICAL_SURFACE('',#4048,0.001680000001,0.785398163397448);
#83=CONICAL_SURFACE('',#4050,0.00168,0.785398163397448);
#84=CIRCLE('',#3741,0.0015);
#85=CIRCLE('',#3742,0.0015);
#86=CIRCLE('',#3743,0.0015);
#87=CIRCLE('',#3744,0.0015);
#88=CIRCLE('',#3745,0.0015);
#89=CIRCLE('',#3746,0.0015);
#90=CIRCLE('',#3747,0.0015);
#91=CIRCLE('',#3748,0.0015);
#92=CIRCLE('',#3749,0.0015);
#93=CIRCLE('',#3750,0.0015);
#94=CIRCLE('',#3751,0.00275);
#95=CIRCLE('',#3752,0.00275);
#96=CIRCLE('',#3753,0.00275);
#97=CIRCLE('',#3754,0.00275);
#98=CIRCLE('',#3755,0.002);
#99=CIRCLE('',#3756,0.002);
#100=CIRCLE('',#3757,0.002);
#101=CIRCLE('',#3758,0.002);
#102=CIRCLE('',#3759,0.0015);
#103=CIRCLE('',#3760,0.0015);
#104=CIRCLE('',#3761,0.0015);
#105=CIRCLE('',#3762,0.0015);
#106=CIRCLE('',#3763,0.0015);
#107=CIRCLE('',#3764,0.0015);
#108=CIRCLE('',#3765,0.0015);
#109=CIRCLE('',#3766,0.0015);
#110=CIRCLE('',#3767,0.0015);
#111=CIRCLE('',#3768,0.0015);
#112=CIRCLE('',#3770,0.002);
#113=CIRCLE('',#3771,0.002);
#114=CIRCLE('',#3772,0.002);
#115=CIRCLE('',#3773,0.002);
#116=CIRCLE('',#3774,0.0015);
#117=CIRCLE('',#3775,0.0015);
#118=CIRCLE('',#3776,0.0015);
#119=CIRCLE('',#3777,0.0015);
#120=CIRCLE('',#3778,0.0015);
#121=CIRCLE('',#3779,0.0015);
#122=CIRCLE('',#3780,0.0015);
#123=CIRCLE('',#3781,0.0015);
#124=CIRCLE('',#3782,0.0015);
#125=CIRCLE('',#3783,0.0015);
#126=CIRCLE('',#3784,0.0015);
#127=CIRCLE('',#3785,0.0015);
#128=CIRCLE('',#3786,0.0015);
#129=CIRCLE('',#3787,0.0015);
#130=CIRCLE('',#3788,0.0015);
#131=CIRCLE('',#3789,0.0015);
#132=CIRCLE('',#3790,0.0015);
#133=CIRCLE('',#3791,0.0015);
#134=CIRCLE('',#3792,0.0015);
#135=CIRCLE('',#3793,0.0015);
#136=CIRCLE('',#3795,0.003);
#137=CIRCLE('',#3796,0.003);
#138=CIRCLE('',#3797,0.004);
#139=CIRCLE('',#3798,0.004);
#140=CIRCLE('',#3800,0.00408);
#141=CIRCLE('',#3801,0.00408);
#142=CIRCLE('',#3802,0.003);
#143=CIRCLE('',#3803,0.003);
#144=CIRCLE('',#3805,0.001);
#145=CIRCLE('',#3822,0.004);
#146=CIRCLE('',#3823,0.003);
#147=CIRCLE('',#3827,0.00408);
#148=CIRCLE('',#3828,0.003);
#149=CIRCLE('',#3835,0.00234);
#150=CIRCLE('',#3836,0.003);
#151=CIRCLE('',#3843,0.003);
#152=CIRCLE('',#3844,0.004);
#153=CIRCLE('',#3846,0.00318);
#154=CIRCLE('',#3847,0.0014);
#155=CIRCLE('',#3848,0.0014);
#156=CIRCLE('',#3849,0.0044);
#157=CIRCLE('',#3850,0.003180000001);
#158=CIRCLE('',#3852,0.00168);
#159=CIRCLE('',#3853,0.001680000001);
#160=CIRCLE('',#3854,0.0034);
#161=CIRCLE('',#3855,0.0014);
#162=CIRCLE('',#3856,0.0014);
#163=CIRCLE('',#3868,0.003);
#164=CIRCLE('',#3869,0.00408);
#165=CIRCLE('',#3876,0.001);
#166=CIRCLE('',#3881,0.00175);
#167=CIRCLE('',#3882,0.00275);
#168=CIRCLE('',#3884,0.00175);
#169=CIRCLE('',#3888,0.00175);
#170=CIRCLE('',#3889,0.00275);
#171=CIRCLE('',#3891,0.00175);
#172=CIRCLE('',#3895,0.00175);
#173=CIRCLE('',#3896,0.00275);
#174=CIRCLE('',#3898,0.00175);
#175=CIRCLE('',#3902,0.00175);
#176=CIRCLE('',#3903,0.00275);
#177=CIRCLE('',#3905,0.00175);
#178=CIRCLE('',#3912,0.003);
#179=CIRCLE('',#3914,0.003);
#180=CIRCLE('',#3916,0.003);
#181=CIRCLE('',#3918,0.003);
#182=CIRCLE('',#3920,0.003);
#183=CIRCLE('',#3922,0.003);
#184=CIRCLE('',#3924,0.003);
#185=CIRCLE('',#3943,0.0044);
#186=CIRCLE('',#3944,0.004);
#187=CIRCLE('',#3951,0.0044);
#188=CIRCLE('',#3952,0.004);
#189=CIRCLE('',#3959,0.004);
#190=CIRCLE('',#3960,0.0044);
#191=CIRCLE('',#3967,0.0044);
#192=CIRCLE('',#3968,0.004);
#193=CIRCLE('',#3976,0.0034);
#194=CIRCLE('',#3985,0.00168);
#195=CIRCLE('',#3988,0.001680000001);
#196=ORIENTED_EDGE('',*,*,#1244,.F.);
#197=ORIENTED_EDGE('',*,*,#1245,.F.);
#198=ORIENTED_EDGE('',*,*,#1246,.F.);
#199=ORIENTED_EDGE('',*,*,#1247,.T.);
#200=ORIENTED_EDGE('',*,*,#1248,.F.);
#201=ORIENTED_EDGE('',*,*,#1249,.F.);
#202=ORIENTED_EDGE('',*,*,#1250,.F.);
#203=ORIENTED_EDGE('',*,*,#1251,.T.);
#204=ORIENTED_EDGE('',*,*,#1252,.F.);
#205=ORIENTED_EDGE('',*,*,#1253,.F.);
#206=ORIENTED_EDGE('',*,*,#1254,.F.);
#207=ORIENTED_EDGE('',*,*,#1255,.T.);
#208=ORIENTED_EDGE('',*,*,#1256,.F.);
#209=ORIENTED_EDGE('',*,*,#1257,.F.);
#210=ORIENTED_EDGE('',*,*,#1258,.F.);
#211=ORIENTED_EDGE('',*,*,#1259,.T.);
#212=ORIENTED_EDGE('',*,*,#1260,.F.);
#213=ORIENTED_EDGE('',*,*,#1261,.F.);
#214=ORIENTED_EDGE('',*,*,#1262,.F.);
#215=ORIENTED_EDGE('',*,*,#1263,.T.);
#216=ORIENTED_EDGE('',*,*,#1264,.F.);
#217=ORIENTED_EDGE('',*,*,#1265,.F.);
#218=ORIENTED_EDGE('',*,*,#1266,.F.);
#219=ORIENTED_EDGE('',*,*,#1267,.F.);
#220=ORIENTED_EDGE('',*,*,#1268,.T.);
#221=ORIENTED_EDGE('',*,*,#1269,.T.);
#222=ORIENTED_EDGE('',*,*,#1270,.F.);
#223=ORIENTED_EDGE('',*,*,#1271,.F.);
#224=ORIENTED_EDGE('',*,*,#1272,.T.);
#225=ORIENTED_EDGE('',*,*,#1273,.F.);
#226=ORIENTED_EDGE('',*,*,#1274,.F.);
#227=ORIENTED_EDGE('',*,*,#1275,.F.);
#228=ORIENTED_EDGE('',*,*,#1276,.T.);
#229=ORIENTED_EDGE('',*,*,#1277,.T.);
#230=ORIENTED_EDGE('',*,*,#1278,.T.);
#231=ORIENTED_EDGE('',*,*,#1279,.T.);
#232=ORIENTED_EDGE('',*,*,#1280,.T.);
#233=ORIENTED_EDGE('',*,*,#1281,.T.);
#234=ORIENTED_EDGE('',*,*,#1282,.T.);
#235=ORIENTED_EDGE('',*,*,#1283,.T.);
#236=ORIENTED_EDGE('',*,*,#1284,.T.);
#237=ORIENTED_EDGE('',*,*,#1285,.F.);
#238=ORIENTED_EDGE('',*,*,#1286,.F.);
#239=ORIENTED_EDGE('',*,*,#1287,.T.);
#240=ORIENTED_EDGE('',*,*,#1288,.F.);
#241=ORIENTED_EDGE('',*,*,#1289,.F.);
#242=ORIENTED_EDGE('',*,*,#1290,.T.);
#243=ORIENTED_EDGE('',*,*,#1291,.F.);
#244=ORIENTED_EDGE('',*,*,#1292,.F.);
#245=ORIENTED_EDGE('',*,*,#1293,.F.);
#246=ORIENTED_EDGE('',*,*,#1294,.T.);
#247=ORIENTED_EDGE('',*,*,#1295,.F.);
#248=ORIENTED_EDGE('',*,*,#1296,.F.);
#249=ORIENTED_EDGE('',*,*,#1297,.F.);
#250=ORIENTED_EDGE('',*,*,#1298,.T.);
#251=ORIENTED_EDGE('',*,*,#1299,.F.);
#252=ORIENTED_EDGE('',*,*,#1300,.F.);
#253=ORIENTED_EDGE('',*,*,#1301,.F.);
#254=ORIENTED_EDGE('',*,*,#1302,.T.);
#255=ORIENTED_EDGE('',*,*,#1303,.F.);
#256=ORIENTED_EDGE('',*,*,#1304,.F.);
#257=ORIENTED_EDGE('',*,*,#1305,.F.);
#258=ORIENTED_EDGE('',*,*,#1306,.T.);
#259=ORIENTED_EDGE('',*,*,#1307,.F.);
#260=ORIENTED_EDGE('',*,*,#1308,.T.);
#261=ORIENTED_EDGE('',*,*,#1309,.F.);
#262=ORIENTED_EDGE('',*,*,#1310,.F.);
#263=ORIENTED_EDGE('',*,*,#1311,.T.);
#264=ORIENTED_EDGE('',*,*,#1312,.T.);
#265=ORIENTED_EDGE('',*,*,#1313,.T.);
#266=ORIENTED_EDGE('',*,*,#1314,.T.);
#267=ORIENTED_EDGE('',*,*,#1315,.T.);
#268=ORIENTED_EDGE('',*,*,#1316,.T.);
#269=ORIENTED_EDGE('',*,*,#1317,.F.);
#270=ORIENTED_EDGE('',*,*,#1318,.T.);
#271=ORIENTED_EDGE('',*,*,#1319,.T.);
#272=ORIENTED_EDGE('',*,*,#1320,.T.);
#273=ORIENTED_EDGE('',*,*,#1321,.T.);
#274=ORIENTED_EDGE('',*,*,#1322,.T.);
#275=ORIENTED_EDGE('',*,*,#1323,.T.);
#276=ORIENTED_EDGE('',*,*,#1324,.T.);
#277=ORIENTED_EDGE('',*,*,#1325,.T.);
#278=ORIENTED_EDGE('',*,*,#1326,.T.);
#279=ORIENTED_EDGE('',*,*,#1327,.T.);
#280=ORIENTED_EDGE('',*,*,#1328,.T.);
#281=ORIENTED_EDGE('',*,*,#1329,.F.);
#282=ORIENTED_EDGE('',*,*,#1330,.T.);
#283=ORIENTED_EDGE('',*,*,#1331,.T.);
#284=ORIENTED_EDGE('',*,*,#1332,.T.);
#285=ORIENTED_EDGE('',*,*,#1333,.F.);
#286=ORIENTED_EDGE('',*,*,#1334,.T.);
#287=ORIENTED_EDGE('',*,*,#1335,.T.);
#288=ORIENTED_EDGE('',*,*,#1336,.T.);
#289=ORIENTED_EDGE('',*,*,#1337,.F.);
#290=ORIENTED_EDGE('',*,*,#1338,.T.);
#291=ORIENTED_EDGE('',*,*,#1339,.T.);
#292=ORIENTED_EDGE('',*,*,#1340,.T.);
#293=ORIENTED_EDGE('',*,*,#1341,.F.);
#294=ORIENTED_EDGE('',*,*,#1342,.T.);
#295=ORIENTED_EDGE('',*,*,#1343,.T.);
#296=ORIENTED_EDGE('',*,*,#1344,.T.);
#297=ORIENTED_EDGE('',*,*,#1345,.F.);
#298=ORIENTED_EDGE('',*,*,#1346,.T.);
#299=ORIENTED_EDGE('',*,*,#1347,.T.);
#300=ORIENTED_EDGE('',*,*,#1348,.T.);
#301=ORIENTED_EDGE('',*,*,#1349,.F.);
#302=ORIENTED_EDGE('',*,*,#1350,.T.);
#303=ORIENTED_EDGE('',*,*,#1351,.T.);
#304=ORIENTED_EDGE('',*,*,#1352,.T.);
#305=ORIENTED_EDGE('',*,*,#1353,.F.);
#306=ORIENTED_EDGE('',*,*,#1354,.T.);
#307=ORIENTED_EDGE('',*,*,#1355,.T.);
#308=ORIENTED_EDGE('',*,*,#1356,.T.);
#309=ORIENTED_EDGE('',*,*,#1357,.F.);
#310=ORIENTED_EDGE('',*,*,#1358,.T.);
#311=ORIENTED_EDGE('',*,*,#1359,.T.);
#312=ORIENTED_EDGE('',*,*,#1360,.T.);
#313=ORIENTED_EDGE('',*,*,#1361,.F.);
#314=ORIENTED_EDGE('',*,*,#1362,.T.);
#315=ORIENTED_EDGE('',*,*,#1363,.F.);
#316=ORIENTED_EDGE('',*,*,#1364,.T.);
#317=ORIENTED_EDGE('',*,*,#1365,.T.);
#318=ORIENTED_EDGE('',*,*,#1366,.T.);
#319=ORIENTED_EDGE('',*,*,#1367,.F.);
#320=ORIENTED_EDGE('',*,*,#1368,.T.);
#321=ORIENTED_EDGE('',*,*,#1369,.F.);
#322=ORIENTED_EDGE('',*,*,#1370,.T.);
#323=ORIENTED_EDGE('',*,*,#1371,.F.);
#324=ORIENTED_EDGE('',*,*,#1372,.T.);
#325=ORIENTED_EDGE('',*,*,#1373,.F.);
#326=ORIENTED_EDGE('',*,*,#1374,.T.);
#327=ORIENTED_EDGE('',*,*,#1375,.F.);
#328=ORIENTED_EDGE('',*,*,#1376,.F.);
#329=ORIENTED_EDGE('',*,*,#1377,.F.);
#330=ORIENTED_EDGE('',*,*,#1378,.F.);
#331=ORIENTED_EDGE('',*,*,#1379,.T.);
#332=ORIENTED_EDGE('',*,*,#1380,.T.);
#333=ORIENTED_EDGE('',*,*,#1381,.T.);
#334=ORIENTED_EDGE('',*,*,#1382,.T.);
#335=ORIENTED_EDGE('',*,*,#1383,.F.);
#336=ORIENTED_EDGE('',*,*,#1384,.F.);
#337=ORIENTED_EDGE('',*,*,#1385,.F.);
#338=ORIENTED_EDGE('',*,*,#1386,.F.);
#339=ORIENTED_EDGE('',*,*,#1387,.F.);
#340=ORIENTED_EDGE('',*,*,#1388,.F.);
#341=ORIENTED_EDGE('',*,*,#1387,.T.);
#342=ORIENTED_EDGE('',*,*,#1389,.T.);
#343=ORIENTED_EDGE('',*,*,#1390,.T.);
#344=ORIENTED_EDGE('',*,*,#1391,.T.);
#345=ORIENTED_EDGE('',*,*,#1392,.T.);
#346=ORIENTED_EDGE('',*,*,#1393,.F.);
#347=ORIENTED_EDGE('',*,*,#1394,.T.);
#348=ORIENTED_EDGE('',*,*,#1395,.F.);
#349=ORIENTED_EDGE('',*,*,#1396,.T.);
#350=ORIENTED_EDGE('',*,*,#1397,.F.);
#351=ORIENTED_EDGE('',*,*,#1398,.F.);
#352=ORIENTED_EDGE('',*,*,#1399,.F.);
#353=ORIENTED_EDGE('',*,*,#1398,.T.);
#354=ORIENTED_EDGE('',*,*,#1400,.F.);
#355=ORIENTED_EDGE('',*,*,#1379,.F.);
#356=ORIENTED_EDGE('',*,*,#1401,.F.);
#357=ORIENTED_EDGE('',*,*,#1367,.T.);
#358=ORIENTED_EDGE('',*,*,#1402,.F.);
#359=ORIENTED_EDGE('',*,*,#1396,.F.);
#360=ORIENTED_EDGE('',*,*,#1403,.F.);
#361=ORIENTED_EDGE('',*,*,#1404,.T.);
#362=ORIENTED_EDGE('',*,*,#1268,.F.);
#363=ORIENTED_EDGE('',*,*,#1405,.F.);
#364=ORIENTED_EDGE('',*,*,#1406,.T.);
#365=ORIENTED_EDGE('',*,*,#1407,.T.);
#366=ORIENTED_EDGE('',*,*,#1408,.T.);
#367=ORIENTED_EDGE('',*,*,#1409,.T.);
#368=ORIENTED_EDGE('',*,*,#1410,.T.);
#369=ORIENTED_EDGE('',*,*,#1411,.F.);
#370=ORIENTED_EDGE('',*,*,#1412,.F.);
#371=ORIENTED_EDGE('',*,*,#1413,.T.);
#372=ORIENTED_EDGE('',*,*,#1414,.T.);
#373=ORIENTED_EDGE('',*,*,#1413,.F.);
#374=ORIENTED_EDGE('',*,*,#1415,.F.);
#375=ORIENTED_EDGE('',*,*,#1416,.T.);
#376=ORIENTED_EDGE('',*,*,#1417,.T.);
#377=ORIENTED_EDGE('',*,*,#1416,.F.);
#378=ORIENTED_EDGE('',*,*,#1418,.F.);
#379=ORIENTED_EDGE('',*,*,#1419,.T.);
#380=ORIENTED_EDGE('',*,*,#1420,.T.);
#381=ORIENTED_EDGE('',*,*,#1419,.F.);
#382=ORIENTED_EDGE('',*,*,#1421,.F.);
#383=ORIENTED_EDGE('',*,*,#1422,.T.);
#384=ORIENTED_EDGE('',*,*,#1423,.T.);
#385=ORIENTED_EDGE('',*,*,#1422,.F.);
#386=ORIENTED_EDGE('',*,*,#1424,.F.);
#387=ORIENTED_EDGE('',*,*,#1270,.T.);
#388=ORIENTED_EDGE('',*,*,#1269,.F.);
#389=ORIENTED_EDGE('',*,*,#1404,.F.);
#390=ORIENTED_EDGE('',*,*,#1425,.T.);
#391=ORIENTED_EDGE('',*,*,#1410,.F.);
#392=ORIENTED_EDGE('',*,*,#1414,.F.);
#393=ORIENTED_EDGE('',*,*,#1417,.F.);
#394=ORIENTED_EDGE('',*,*,#1420,.F.);
#395=ORIENTED_EDGE('',*,*,#1423,.F.);
#396=ORIENTED_EDGE('',*,*,#1271,.T.);
#397=ORIENTED_EDGE('',*,*,#1424,.T.);
#398=ORIENTED_EDGE('',*,*,#1421,.T.);
#399=ORIENTED_EDGE('',*,*,#1418,.T.);
#400=ORIENTED_EDGE('',*,*,#1415,.T.);
#401=ORIENTED_EDGE('',*,*,#1412,.T.);
#402=ORIENTED_EDGE('',*,*,#1409,.F.);
#403=ORIENTED_EDGE('',*,*,#1426,.T.);
#404=ORIENTED_EDGE('',*,*,#1427,.F.);
#405=ORIENTED_EDGE('',*,*,#1428,.F.);
#406=ORIENTED_EDGE('',*,*,#1429,.F.);
#407=ORIENTED_EDGE('',*,*,#1287,.F.);
#408=ORIENTED_EDGE('',*,*,#1430,.F.);
#409=ORIENTED_EDGE('',*,*,#1431,.T.);
#410=ORIENTED_EDGE('',*,*,#1432,.T.);
#411=ORIENTED_EDGE('',*,*,#1433,.T.);
#412=ORIENTED_EDGE('',*,*,#1434,.F.);
#413=ORIENTED_EDGE('',*,*,#1435,.T.);
#414=ORIENTED_EDGE('',*,*,#1436,.F.);
#415=ORIENTED_EDGE('',*,*,#1437,.T.);
#416=ORIENTED_EDGE('',*,*,#1438,.T.);
#417=ORIENTED_EDGE('',*,*,#1439,.T.);
#418=ORIENTED_EDGE('',*,*,#1440,.T.);
#419=ORIENTED_EDGE('',*,*,#1441,.F.);
#420=ORIENTED_EDGE('',*,*,#1442,.F.);
#421=ORIENTED_EDGE('',*,*,#1443,.T.);
#422=ORIENTED_EDGE('',*,*,#1444,.F.);
#423=ORIENTED_EDGE('',*,*,#1445,.T.);
#424=ORIENTED_EDGE('',*,*,#1446,.F.);
#425=ORIENTED_EDGE('',*,*,#1447,.T.);
#426=ORIENTED_EDGE('',*,*,#1448,.F.);
#427=ORIENTED_EDGE('',*,*,#1449,.T.);
#428=ORIENTED_EDGE('',*,*,#1450,.F.);
#429=ORIENTED_EDGE('',*,*,#1451,.F.);
#430=ORIENTED_EDGE('',*,*,#1452,.T.);
#431=ORIENTED_EDGE('',*,*,#1453,.F.);
#432=ORIENTED_EDGE('',*,*,#1406,.F.);
#433=ORIENTED_EDGE('',*,*,#1411,.T.);
#434=ORIENTED_EDGE('',*,*,#1454,.F.);
#435=ORIENTED_EDGE('',*,*,#1455,.T.);
#436=ORIENTED_EDGE('',*,*,#1456,.T.);
#437=ORIENTED_EDGE('',*,*,#1457,.F.);
#438=ORIENTED_EDGE('',*,*,#1458,.F.);
#439=ORIENTED_EDGE('',*,*,#1459,.F.);
#440=ORIENTED_EDGE('',*,*,#1460,.F.);
#441=ORIENTED_EDGE('',*,*,#1461,.F.);
#442=ORIENTED_EDGE('',*,*,#1462,.T.);
#443=ORIENTED_EDGE('',*,*,#1433,.F.);
#444=ORIENTED_EDGE('',*,*,#1463,.F.);
#445=ORIENTED_EDGE('',*,*,#1464,.T.);
#446=ORIENTED_EDGE('',*,*,#1465,.F.);
#447=ORIENTED_EDGE('',*,*,#1434,.T.);
#448=ORIENTED_EDGE('',*,*,#1466,.T.);
#449=ORIENTED_EDGE('',*,*,#1467,.T.);
#450=ORIENTED_EDGE('',*,*,#1444,.T.);
#451=ORIENTED_EDGE('',*,*,#1468,.T.);
#452=ORIENTED_EDGE('',*,*,#1469,.T.);
#453=ORIENTED_EDGE('',*,*,#1470,.T.);
#454=ORIENTED_EDGE('',*,*,#1471,.F.);
#455=ORIENTED_EDGE('',*,*,#1446,.T.);
#456=ORIENTED_EDGE('',*,*,#1472,.F.);
#457=ORIENTED_EDGE('',*,*,#1473,.T.);
#458=ORIENTED_EDGE('',*,*,#1474,.F.);
#459=ORIENTED_EDGE('',*,*,#1373,.T.);
#460=ORIENTED_EDGE('',*,*,#1475,.T.);
#461=ORIENTED_EDGE('',*,*,#1476,.T.);
#462=ORIENTED_EDGE('',*,*,#1450,.T.);
#463=ORIENTED_EDGE('',*,*,#1425,.F.);
#464=ORIENTED_EDGE('',*,*,#1403,.T.);
#465=ORIENTED_EDGE('',*,*,#1477,.T.);
#466=ORIENTED_EDGE('',*,*,#1478,.F.);
#467=ORIENTED_EDGE('',*,*,#1479,.F.);
#468=ORIENTED_EDGE('',*,*,#1282,.F.);
#469=ORIENTED_EDGE('',*,*,#1480,.T.);
#470=ORIENTED_EDGE('',*,*,#1481,.F.);
#471=ORIENTED_EDGE('',*,*,#1482,.T.);
#472=ORIENTED_EDGE('',*,*,#1431,.F.);
#473=ORIENTED_EDGE('',*,*,#1483,.T.);
#474=ORIENTED_EDGE('',*,*,#1283,.F.);
#475=ORIENTED_EDGE('',*,*,#1479,.T.);
#476=ORIENTED_EDGE('',*,*,#1484,.F.);
#477=ORIENTED_EDGE('',*,*,#1485,.T.);
#478=ORIENTED_EDGE('',*,*,#1486,.F.);
#479=ORIENTED_EDGE('',*,*,#1487,.F.);
#480=ORIENTED_EDGE('',*,*,#1488,.F.);
#481=ORIENTED_EDGE('',*,*,#1489,.T.);
#482=ORIENTED_EDGE('',*,*,#1490,.F.);
#483=ORIENTED_EDGE('',*,*,#1452,.F.);
#484=ORIENTED_EDGE('',*,*,#1491,.F.);
#485=ORIENTED_EDGE('',*,*,#1487,.T.);
#486=ORIENTED_EDGE('',*,*,#1492,.F.);
#487=ORIENTED_EDGE('',*,*,#1489,.F.);
#488=ORIENTED_EDGE('',*,*,#1493,.F.);
#489=ORIENTED_EDGE('',*,*,#1436,.T.);
#490=ORIENTED_EDGE('',*,*,#1494,.T.);
#491=ORIENTED_EDGE('',*,*,#1495,.T.);
#492=ORIENTED_EDGE('',*,*,#1496,.F.);
#493=ORIENTED_EDGE('',*,*,#1497,.T.);
#494=ORIENTED_EDGE('',*,*,#1498,.F.);
#495=ORIENTED_EDGE('',*,*,#1499,.T.);
#496=ORIENTED_EDGE('',*,*,#1500,.T.);
#497=ORIENTED_EDGE('',*,*,#1501,.T.);
#498=ORIENTED_EDGE('',*,*,#1502,.F.);
#499=ORIENTED_EDGE('',*,*,#1503,.T.);
#500=ORIENTED_EDGE('',*,*,#1504,.F.);
#501=ORIENTED_EDGE('',*,*,#1505,.F.);
#502=ORIENTED_EDGE('',*,*,#1506,.T.);
#503=ORIENTED_EDGE('',*,*,#1507,.T.);
#504=ORIENTED_EDGE('',*,*,#1494,.F.);
#505=ORIENTED_EDGE('',*,*,#1508,.F.);
#506=ORIENTED_EDGE('',*,*,#1509,.F.);
#507=ORIENTED_EDGE('',*,*,#1510,.T.);
#508=ORIENTED_EDGE('',*,*,#1511,.F.);
#509=ORIENTED_EDGE('',*,*,#1512,.F.);
#510=ORIENTED_EDGE('',*,*,#1513,.F.);
#511=ORIENTED_EDGE('',*,*,#1514,.T.);
#512=ORIENTED_EDGE('',*,*,#1515,.T.);
#513=ORIENTED_EDGE('',*,*,#1516,.T.);
#514=ORIENTED_EDGE('',*,*,#1438,.F.);
#515=ORIENTED_EDGE('',*,*,#1517,.T.);
#516=ORIENTED_EDGE('',*,*,#1518,.T.);
#517=ORIENTED_EDGE('',*,*,#1519,.T.);
#518=ORIENTED_EDGE('',*,*,#1500,.F.);
#519=ORIENTED_EDGE('',*,*,#1520,.T.);
#520=ORIENTED_EDGE('',*,*,#1521,.T.);
#521=ORIENTED_EDGE('',*,*,#1522,.T.);
#522=ORIENTED_EDGE('',*,*,#1523,.F.);
#523=ORIENTED_EDGE('',*,*,#1524,.T.);
#524=ORIENTED_EDGE('',*,*,#1525,.F.);
#525=ORIENTED_EDGE('',*,*,#1526,.T.);
#526=ORIENTED_EDGE('',*,*,#1527,.F.);
#527=ORIENTED_EDGE('',*,*,#1528,.T.);
#528=ORIENTED_EDGE('',*,*,#1529,.T.);
#529=ORIENTED_EDGE('',*,*,#1530,.T.);
#530=ORIENTED_EDGE('',*,*,#1531,.T.);
#531=ORIENTED_EDGE('',*,*,#1458,.T.);
#532=ORIENTED_EDGE('',*,*,#1532,.T.);
#533=ORIENTED_EDGE('',*,*,#1533,.F.);
#534=ORIENTED_EDGE('',*,*,#1534,.T.);
#535=ORIENTED_EDGE('',*,*,#1535,.T.);
#536=ORIENTED_EDGE('',*,*,#1536,.T.);
#537=ORIENTED_EDGE('',*,*,#1537,.T.);
#538=ORIENTED_EDGE('',*,*,#1538,.F.);
#539=ORIENTED_EDGE('',*,*,#1539,.T.);
#540=ORIENTED_EDGE('',*,*,#1540,.T.);
#541=ORIENTED_EDGE('',*,*,#1541,.T.);
#542=ORIENTED_EDGE('',*,*,#1542,.T.);
#543=ORIENTED_EDGE('',*,*,#1543,.T.);
#544=ORIENTED_EDGE('',*,*,#1544,.F.);
#545=ORIENTED_EDGE('',*,*,#1545,.F.);
#546=ORIENTED_EDGE('',*,*,#1546,.F.);
#547=ORIENTED_EDGE('',*,*,#1547,.T.);
#548=ORIENTED_EDGE('',*,*,#1548,.T.);
#549=ORIENTED_EDGE('',*,*,#1549,.F.);
#550=ORIENTED_EDGE('',*,*,#1550,.F.);
#551=ORIENTED_EDGE('',*,*,#1551,.F.);
#552=ORIENTED_EDGE('',*,*,#1552,.T.);
#553=ORIENTED_EDGE('',*,*,#1553,.T.);
#554=ORIENTED_EDGE('',*,*,#1544,.T.);
#555=ORIENTED_EDGE('',*,*,#1554,.T.);
#556=ORIENTED_EDGE('',*,*,#1555,.F.);
#557=ORIENTED_EDGE('',*,*,#1556,.F.);
#558=ORIENTED_EDGE('',*,*,#1557,.F.);
#559=ORIENTED_EDGE('',*,*,#1558,.T.);
#560=ORIENTED_EDGE('',*,*,#1546,.T.);
#561=ORIENTED_EDGE('',*,*,#1559,.F.);
#562=ORIENTED_EDGE('',*,*,#1560,.F.);
#563=ORIENTED_EDGE('',*,*,#1456,.F.);
#564=ORIENTED_EDGE('',*,*,#1561,.T.);
#565=ORIENTED_EDGE('',*,*,#1551,.T.);
#566=ORIENTED_EDGE('',*,*,#1496,.T.);
#567=ORIENTED_EDGE('',*,*,#1562,.T.);
#568=ORIENTED_EDGE('',*,*,#1542,.F.);
#569=ORIENTED_EDGE('',*,*,#1563,.F.);
#570=ORIENTED_EDGE('',*,*,#1548,.F.);
#571=ORIENTED_EDGE('',*,*,#1564,.T.);
#572=ORIENTED_EDGE('',*,*,#1498,.T.);
#573=ORIENTED_EDGE('',*,*,#1565,.F.);
#574=ORIENTED_EDGE('',*,*,#1566,.F.);
#575=ORIENTED_EDGE('',*,*,#1553,.F.);
#576=ORIENTED_EDGE('',*,*,#1567,.T.);
#577=ORIENTED_EDGE('',*,*,#1441,.T.);
#578=ORIENTED_EDGE('',*,*,#1555,.T.);
#579=ORIENTED_EDGE('',*,*,#1568,.T.);
#580=ORIENTED_EDGE('',*,*,#1541,.F.);
#581=ORIENTED_EDGE('',*,*,#1569,.F.);
#582=ORIENTED_EDGE('',*,*,#1570,.F.);
#583=ORIENTED_EDGE('',*,*,#1392,.F.);
#584=ORIENTED_EDGE('',*,*,#1571,.F.);
#585=ORIENTED_EDGE('',*,*,#1528,.F.);
#586=ORIENTED_EDGE('',*,*,#1572,.T.);
#587=ORIENTED_EDGE('',*,*,#1557,.T.);
#588=ORIENTED_EDGE('',*,*,#1573,.T.);
#589=ORIENTED_EDGE('',*,*,#1574,.T.);
#590=ORIENTED_EDGE('',*,*,#1575,.T.);
#591=ORIENTED_EDGE('',*,*,#1576,.T.);
#592=ORIENTED_EDGE('',*,*,#1513,.T.);
#593=ORIENTED_EDGE('',*,*,#1577,.T.);
#594=ORIENTED_EDGE('',*,*,#1578,.F.);
#595=ORIENTED_EDGE('',*,*,#1466,.F.);
#596=ORIENTED_EDGE('',*,*,#1437,.F.);
#597=ORIENTED_EDGE('',*,*,#1493,.T.);
#598=ORIENTED_EDGE('',*,*,#1488,.T.);
#599=ORIENTED_EDGE('',*,*,#1491,.T.);
#600=ORIENTED_EDGE('',*,*,#1451,.T.);
#601=ORIENTED_EDGE('',*,*,#1477,.F.);
#602=ORIENTED_EDGE('',*,*,#1405,.T.);
#603=ORIENTED_EDGE('',*,*,#1290,.F.);
#604=ORIENTED_EDGE('',*,*,#1579,.T.);
#605=ORIENTED_EDGE('',*,*,#1317,.T.);
#606=ORIENTED_EDGE('',*,*,#1580,.T.);
#607=ORIENTED_EDGE('',*,*,#1318,.F.);
#608=ORIENTED_EDGE('',*,*,#1579,.F.);
#609=ORIENTED_EDGE('',*,*,#1289,.T.);
#610=ORIENTED_EDGE('',*,*,#1581,.T.);
#611=ORIENTED_EDGE('',*,*,#1447,.F.);
#612=ORIENTED_EDGE('',*,*,#1471,.T.);
#613=ORIENTED_EDGE('',*,*,#1582,.T.);
#614=ORIENTED_EDGE('',*,*,#1319,.F.);
#615=ORIENTED_EDGE('',*,*,#1581,.F.);
#616=ORIENTED_EDGE('',*,*,#1288,.T.);
#617=ORIENTED_EDGE('',*,*,#1429,.T.);
#618=ORIENTED_EDGE('',*,*,#1583,.F.);
#619=ORIENTED_EDGE('',*,*,#1460,.T.);
#620=ORIENTED_EDGE('',*,*,#1584,.T.);
#621=ORIENTED_EDGE('',*,*,#1585,.T.);
#622=ORIENTED_EDGE('',*,*,#1586,.T.);
#623=ORIENTED_EDGE('',*,*,#1587,.T.);
#624=ORIENTED_EDGE('',*,*,#1588,.T.);
#625=ORIENTED_EDGE('',*,*,#1589,.T.);
#626=ORIENTED_EDGE('',*,*,#1371,.T.);
#627=ORIENTED_EDGE('',*,*,#1590,.F.);
#628=ORIENTED_EDGE('',*,*,#1591,.T.);
#629=ORIENTED_EDGE('',*,*,#1592,.F.);
#630=ORIENTED_EDGE('',*,*,#1502,.T.);
#631=ORIENTED_EDGE('',*,*,#1593,.T.);
#632=ORIENTED_EDGE('',*,*,#1594,.T.);
#633=ORIENTED_EDGE('',*,*,#1595,.T.);
#634=ORIENTED_EDGE('',*,*,#1369,.T.);
#635=ORIENTED_EDGE('',*,*,#1275,.T.);
#636=ORIENTED_EDGE('',*,*,#1596,.T.);
#637=ORIENTED_EDGE('',*,*,#1313,.F.);
#638=ORIENTED_EDGE('',*,*,#1597,.T.);
#639=ORIENTED_EDGE('',*,*,#1468,.F.);
#640=ORIENTED_EDGE('',*,*,#1443,.F.);
#641=ORIENTED_EDGE('',*,*,#1598,.T.);
#642=ORIENTED_EDGE('',*,*,#1599,.T.);
#643=ORIENTED_EDGE('',*,*,#1600,.T.);
#644=ORIENTED_EDGE('',*,*,#1454,.T.);
#645=ORIENTED_EDGE('',*,*,#1601,.F.);
#646=ORIENTED_EDGE('',*,*,#1602,.T.);
#647=ORIENTED_EDGE('',*,*,#1314,.F.);
#648=ORIENTED_EDGE('',*,*,#1596,.F.);
#649=ORIENTED_EDGE('',*,*,#1274,.T.);
#650=ORIENTED_EDGE('',*,*,#1603,.T.);
#651=ORIENTED_EDGE('',*,*,#1435,.F.);
#652=ORIENTED_EDGE('',*,*,#1465,.T.);
#653=ORIENTED_EDGE('',*,*,#1604,.T.);
#654=ORIENTED_EDGE('',*,*,#1315,.F.);
#655=ORIENTED_EDGE('',*,*,#1603,.F.);
#656=ORIENTED_EDGE('',*,*,#1273,.T.);
#657=ORIENTED_EDGE('',*,*,#1605,.T.);
#658=ORIENTED_EDGE('',*,*,#1407,.F.);
#659=ORIENTED_EDGE('',*,*,#1453,.T.);
#660=ORIENTED_EDGE('',*,*,#1490,.T.);
#661=ORIENTED_EDGE('',*,*,#1486,.T.);
#662=ORIENTED_EDGE('',*,*,#1492,.T.);
#663=ORIENTED_EDGE('',*,*,#1606,.T.);
#664=ORIENTED_EDGE('',*,*,#1607,.F.);
#665=ORIENTED_EDGE('',*,*,#1606,.F.);
#666=ORIENTED_EDGE('',*,*,#1608,.F.);
#667=ORIENTED_EDGE('',*,*,#1607,.T.);
#668=ORIENTED_EDGE('',*,*,#1267,.T.);
#669=ORIENTED_EDGE('',*,*,#1608,.T.);
#670=ORIENTED_EDGE('',*,*,#1609,.T.);
#671=ORIENTED_EDGE('',*,*,#1610,.F.);
#672=ORIENTED_EDGE('',*,*,#1609,.F.);
#673=ORIENTED_EDGE('',*,*,#1611,.F.);
#674=ORIENTED_EDGE('',*,*,#1610,.T.);
#675=ORIENTED_EDGE('',*,*,#1266,.T.);
#676=ORIENTED_EDGE('',*,*,#1611,.T.);
#677=ORIENTED_EDGE('',*,*,#1612,.T.);
#678=ORIENTED_EDGE('',*,*,#1613,.F.);
#679=ORIENTED_EDGE('',*,*,#1612,.F.);
#680=ORIENTED_EDGE('',*,*,#1614,.F.);
#681=ORIENTED_EDGE('',*,*,#1613,.T.);
#682=ORIENTED_EDGE('',*,*,#1265,.T.);
#683=ORIENTED_EDGE('',*,*,#1614,.T.);
#684=ORIENTED_EDGE('',*,*,#1615,.T.);
#685=ORIENTED_EDGE('',*,*,#1616,.F.);
#686=ORIENTED_EDGE('',*,*,#1615,.F.);
#687=ORIENTED_EDGE('',*,*,#1617,.F.);
#688=ORIENTED_EDGE('',*,*,#1616,.T.);
#689=ORIENTED_EDGE('',*,*,#1264,.T.);
#690=ORIENTED_EDGE('',*,*,#1617,.T.);
#691=ORIENTED_EDGE('',*,*,#1618,.T.);
#692=ORIENTED_EDGE('',*,*,#1619,.T.);
#693=ORIENTED_EDGE('',*,*,#1620,.T.);
#694=ORIENTED_EDGE('',*,*,#1385,.T.);
#695=ORIENTED_EDGE('',*,*,#1428,.T.);
#696=ORIENTED_EDGE('',*,*,#1621,.T.);
#697=ORIENTED_EDGE('',*,*,#1461,.T.);
#698=ORIENTED_EDGE('',*,*,#1583,.T.);
#699=ORIENTED_EDGE('',*,*,#1384,.T.);
#700=ORIENTED_EDGE('',*,*,#1622,.T.);
#701=ORIENTED_EDGE('',*,*,#1481,.T.);
#702=ORIENTED_EDGE('',*,*,#1618,.F.);
#703=ORIENTED_EDGE('',*,*,#1620,.F.);
#704=ORIENTED_EDGE('',*,*,#1623,.T.);
#705=ORIENTED_EDGE('',*,*,#1389,.F.);
#706=ORIENTED_EDGE('',*,*,#1386,.T.);
#707=ORIENTED_EDGE('',*,*,#1391,.F.);
#708=ORIENTED_EDGE('',*,*,#1624,.T.);
#709=ORIENTED_EDGE('',*,*,#1529,.F.);
#710=ORIENTED_EDGE('',*,*,#1571,.T.);
#711=ORIENTED_EDGE('',*,*,#1625,.T.);
#712=ORIENTED_EDGE('',*,*,#1601,.T.);
#713=ORIENTED_EDGE('',*,*,#1459,.T.);
#714=ORIENTED_EDGE('',*,*,#1531,.F.);
#715=ORIENTED_EDGE('',*,*,#1470,.F.);
#716=ORIENTED_EDGE('',*,*,#1626,.T.);
#717=ORIENTED_EDGE('',*,*,#1517,.F.);
#718=ORIENTED_EDGE('',*,*,#1445,.F.);
#719=ORIENTED_EDGE('',*,*,#1519,.F.);
#720=ORIENTED_EDGE('',*,*,#1627,.T.);
#721=ORIENTED_EDGE('',*,*,#1593,.F.);
#722=ORIENTED_EDGE('',*,*,#1501,.F.);
#723=ORIENTED_EDGE('',*,*,#1595,.F.);
#724=ORIENTED_EDGE('',*,*,#1628,.T.);
#725=ORIENTED_EDGE('',*,*,#1587,.F.);
#726=ORIENTED_EDGE('',*,*,#1370,.F.);
#727=ORIENTED_EDGE('',*,*,#1589,.F.);
#728=ORIENTED_EDGE('',*,*,#1629,.T.);
#729=ORIENTED_EDGE('',*,*,#1475,.F.);
#730=ORIENTED_EDGE('',*,*,#1372,.F.);
#731=ORIENTED_EDGE('',*,*,#1602,.F.);
#732=ORIENTED_EDGE('',*,*,#1625,.F.);
#733=ORIENTED_EDGE('',*,*,#1630,.F.);
#734=ORIENTED_EDGE('',*,*,#1276,.F.);
#735=ORIENTED_EDGE('',*,*,#1630,.T.);
#736=ORIENTED_EDGE('',*,*,#1530,.F.);
#737=ORIENTED_EDGE('',*,*,#1631,.F.);
#738=ORIENTED_EDGE('',*,*,#1277,.F.);
#739=ORIENTED_EDGE('',*,*,#1631,.T.);
#740=ORIENTED_EDGE('',*,*,#1624,.F.);
#741=ORIENTED_EDGE('',*,*,#1632,.F.);
#742=ORIENTED_EDGE('',*,*,#1278,.F.);
#743=ORIENTED_EDGE('',*,*,#1632,.T.);
#744=ORIENTED_EDGE('',*,*,#1390,.F.);
#745=ORIENTED_EDGE('',*,*,#1633,.F.);
#746=ORIENTED_EDGE('',*,*,#1279,.F.);
#747=ORIENTED_EDGE('',*,*,#1633,.T.);
#748=ORIENTED_EDGE('',*,*,#1623,.F.);
#749=ORIENTED_EDGE('',*,*,#1634,.F.);
#750=ORIENTED_EDGE('',*,*,#1280,.F.);
#751=ORIENTED_EDGE('',*,*,#1634,.T.);
#752=ORIENTED_EDGE('',*,*,#1619,.F.);
#753=ORIENTED_EDGE('',*,*,#1480,.F.);
#754=ORIENTED_EDGE('',*,*,#1281,.F.);
#755=ORIENTED_EDGE('',*,*,#1582,.F.);
#756=ORIENTED_EDGE('',*,*,#1476,.F.);
#757=ORIENTED_EDGE('',*,*,#1635,.F.);
#758=ORIENTED_EDGE('',*,*,#1320,.F.);
#759=ORIENTED_EDGE('',*,*,#1635,.T.);
#760=ORIENTED_EDGE('',*,*,#1629,.F.);
#761=ORIENTED_EDGE('',*,*,#1636,.F.);
#762=ORIENTED_EDGE('',*,*,#1321,.F.);
#763=ORIENTED_EDGE('',*,*,#1636,.T.);
#764=ORIENTED_EDGE('',*,*,#1588,.F.);
#765=ORIENTED_EDGE('',*,*,#1637,.F.);
#766=ORIENTED_EDGE('',*,*,#1322,.F.);
#767=ORIENTED_EDGE('',*,*,#1637,.T.);
#768=ORIENTED_EDGE('',*,*,#1628,.F.);
#769=ORIENTED_EDGE('',*,*,#1638,.F.);
#770=ORIENTED_EDGE('',*,*,#1323,.F.);
#771=ORIENTED_EDGE('',*,*,#1638,.T.);
#772=ORIENTED_EDGE('',*,*,#1594,.F.);
#773=ORIENTED_EDGE('',*,*,#1639,.F.);
#774=ORIENTED_EDGE('',*,*,#1324,.F.);
#775=ORIENTED_EDGE('',*,*,#1639,.T.);
#776=ORIENTED_EDGE('',*,*,#1627,.F.);
#777=ORIENTED_EDGE('',*,*,#1640,.F.);
#778=ORIENTED_EDGE('',*,*,#1325,.F.);
#779=ORIENTED_EDGE('',*,*,#1640,.T.);
#780=ORIENTED_EDGE('',*,*,#1518,.F.);
#781=ORIENTED_EDGE('',*,*,#1641,.F.);
#782=ORIENTED_EDGE('',*,*,#1326,.F.);
#783=ORIENTED_EDGE('',*,*,#1641,.T.);
#784=ORIENTED_EDGE('',*,*,#1626,.F.);
#785=ORIENTED_EDGE('',*,*,#1642,.F.);
#786=ORIENTED_EDGE('',*,*,#1311,.F.);
#787=ORIENTED_EDGE('',*,*,#1597,.F.);
#788=ORIENTED_EDGE('',*,*,#1312,.F.);
#789=ORIENTED_EDGE('',*,*,#1642,.T.);
#790=ORIENTED_EDGE('',*,*,#1469,.F.);
#791=ORIENTED_EDGE('',*,*,#1408,.F.);
#792=ORIENTED_EDGE('',*,*,#1605,.F.);
#793=ORIENTED_EDGE('',*,*,#1272,.F.);
#794=ORIENTED_EDGE('',*,*,#1426,.F.);
#795=ORIENTED_EDGE('',*,*,#1580,.F.);
#796=ORIENTED_EDGE('',*,*,#1316,.F.);
#797=ORIENTED_EDGE('',*,*,#1604,.F.);
#798=ORIENTED_EDGE('',*,*,#1467,.F.);
#799=ORIENTED_EDGE('',*,*,#1643,.F.);
#800=ORIENTED_EDGE('',*,*,#1644,.F.);
#801=ORIENTED_EDGE('',*,*,#1397,.T.);
#802=ORIENTED_EDGE('',*,*,#1645,.T.);
#803=ORIENTED_EDGE('',*,*,#1644,.T.);
#804=ORIENTED_EDGE('',*,*,#1646,.F.);
#805=ORIENTED_EDGE('',*,*,#1380,.F.);
#806=ORIENTED_EDGE('',*,*,#1400,.T.);
#807=ORIENTED_EDGE('',*,*,#1377,.T.);
#808=ORIENTED_EDGE('',*,*,#1647,.F.);
#809=ORIENTED_EDGE('',*,*,#1645,.F.);
#810=ORIENTED_EDGE('',*,*,#1402,.T.);
#811=ORIENTED_EDGE('',*,*,#1648,.F.);
#812=ORIENTED_EDGE('',*,*,#1649,.F.);
#813=ORIENTED_EDGE('',*,*,#1650,.T.);
#814=ORIENTED_EDGE('',*,*,#1651,.T.);
#815=ORIENTED_EDGE('',*,*,#1652,.F.);
#816=ORIENTED_EDGE('',*,*,#1574,.F.);
#817=ORIENTED_EDGE('',*,*,#1653,.T.);
#818=ORIENTED_EDGE('',*,*,#1649,.T.);
#819=ORIENTED_EDGE('',*,*,#1654,.F.);
#820=ORIENTED_EDGE('',*,*,#1651,.F.);
#821=ORIENTED_EDGE('',*,*,#1655,.T.);
#822=ORIENTED_EDGE('',*,*,#1504,.T.);
#823=ORIENTED_EDGE('',*,*,#1650,.F.);
#824=ORIENTED_EDGE('',*,*,#1656,.F.);
#825=ORIENTED_EDGE('',*,*,#1549,.T.);
#826=ORIENTED_EDGE('',*,*,#1657,.T.);
#827=ORIENTED_EDGE('',*,*,#1656,.T.);
#828=ORIENTED_EDGE('',*,*,#1653,.F.);
#829=ORIENTED_EDGE('',*,*,#1573,.F.);
#830=ORIENTED_EDGE('',*,*,#1559,.T.);
#831=ORIENTED_EDGE('',*,*,#1505,.T.);
#832=ORIENTED_EDGE('',*,*,#1655,.F.);
#833=ORIENTED_EDGE('',*,*,#1657,.F.);
#834=ORIENTED_EDGE('',*,*,#1565,.T.);
#835=ORIENTED_EDGE('',*,*,#1658,.F.);
#836=ORIENTED_EDGE('',*,*,#1659,.F.);
#837=ORIENTED_EDGE('',*,*,#1660,.F.);
#838=ORIENTED_EDGE('',*,*,#1661,.T.);
#839=ORIENTED_EDGE('',*,*,#1662,.F.);
#840=ORIENTED_EDGE('',*,*,#1663,.F.);
#841=ORIENTED_EDGE('',*,*,#1664,.F.);
#842=ORIENTED_EDGE('',*,*,#1659,.T.);
#843=ORIENTED_EDGE('',*,*,#1665,.F.);
#844=ORIENTED_EDGE('',*,*,#1661,.F.);
#845=ORIENTED_EDGE('',*,*,#1666,.F.);
#846=ORIENTED_EDGE('',*,*,#1578,.T.);
#847=ORIENTED_EDGE('',*,*,#1599,.F.);
#848=ORIENTED_EDGE('',*,*,#1667,.T.);
#849=ORIENTED_EDGE('',*,*,#1552,.F.);
#850=ORIENTED_EDGE('',*,*,#1668,.F.);
#851=ORIENTED_EDGE('',*,*,#1600,.F.);
#852=ORIENTED_EDGE('',*,*,#1668,.T.);
#853=ORIENTED_EDGE('',*,*,#1561,.F.);
#854=ORIENTED_EDGE('',*,*,#1455,.F.);
#855=ORIENTED_EDGE('',*,*,#1598,.F.);
#856=ORIENTED_EDGE('',*,*,#1442,.T.);
#857=ORIENTED_EDGE('',*,*,#1567,.F.);
#858=ORIENTED_EDGE('',*,*,#1667,.F.);
#859=ORIENTED_EDGE('',*,*,#1585,.F.);
#860=ORIENTED_EDGE('',*,*,#1669,.F.);
#861=ORIENTED_EDGE('',*,*,#1670,.F.);
#862=ORIENTED_EDGE('',*,*,#1671,.T.);
#863=ORIENTED_EDGE('',*,*,#1584,.F.);
#864=ORIENTED_EDGE('',*,*,#1464,.F.);
#865=ORIENTED_EDGE('',*,*,#1672,.F.);
#866=ORIENTED_EDGE('',*,*,#1669,.T.);
#867=ORIENTED_EDGE('',*,*,#1586,.F.);
#868=ORIENTED_EDGE('',*,*,#1671,.F.);
#869=ORIENTED_EDGE('',*,*,#1673,.F.);
#870=ORIENTED_EDGE('',*,*,#1448,.T.);
#871=ORIENTED_EDGE('',*,*,#1674,.F.);
#872=ORIENTED_EDGE('',*,*,#1675,.F.);
#873=ORIENTED_EDGE('',*,*,#1676,.T.);
#874=ORIENTED_EDGE('',*,*,#1677,.T.);
#875=ORIENTED_EDGE('',*,*,#1678,.F.);
#876=ORIENTED_EDGE('',*,*,#1382,.F.);
#877=ORIENTED_EDGE('',*,*,#1679,.T.);
#878=ORIENTED_EDGE('',*,*,#1675,.T.);
#879=ORIENTED_EDGE('',*,*,#1680,.F.);
#880=ORIENTED_EDGE('',*,*,#1677,.F.);
#881=ORIENTED_EDGE('',*,*,#1681,.T.);
#882=ORIENTED_EDGE('',*,*,#1375,.T.);
#883=ORIENTED_EDGE('',*,*,#1676,.F.);
#884=ORIENTED_EDGE('',*,*,#1682,.F.);
#885=ORIENTED_EDGE('',*,*,#1643,.T.);
#886=ORIENTED_EDGE('',*,*,#1683,.T.);
#887=ORIENTED_EDGE('',*,*,#1682,.T.);
#888=ORIENTED_EDGE('',*,*,#1679,.F.);
#889=ORIENTED_EDGE('',*,*,#1381,.F.);
#890=ORIENTED_EDGE('',*,*,#1646,.T.);
#891=ORIENTED_EDGE('',*,*,#1684,.F.);
#892=ORIENTED_EDGE('',*,*,#1535,.F.);
#893=ORIENTED_EDGE('',*,*,#1685,.F.);
#894=ORIENTED_EDGE('',*,*,#1663,.T.);
#895=ORIENTED_EDGE('',*,*,#1376,.T.);
#896=ORIENTED_EDGE('',*,*,#1681,.F.);
#897=ORIENTED_EDGE('',*,*,#1683,.F.);
#898=ORIENTED_EDGE('',*,*,#1647,.T.);
#899=ORIENTED_EDGE('',*,*,#1686,.T.);
#900=ORIENTED_EDGE('',*,*,#1687,.T.);
#901=ORIENTED_EDGE('',*,*,#1688,.F.);
#902=ORIENTED_EDGE('',*,*,#1533,.T.);
#903=ORIENTED_EDGE('',*,*,#1440,.F.);
#904=ORIENTED_EDGE('',*,*,#1689,.T.);
#905=ORIENTED_EDGE('',*,*,#1686,.F.);
#906=ORIENTED_EDGE('',*,*,#1532,.F.);
#907=ORIENTED_EDGE('',*,*,#1457,.T.);
#908=ORIENTED_EDGE('',*,*,#1560,.T.);
#909=ORIENTED_EDGE('',*,*,#1550,.T.);
#910=ORIENTED_EDGE('',*,*,#1566,.T.);
#911=ORIENTED_EDGE('',*,*,#1688,.T.);
#912=ORIENTED_EDGE('',*,*,#1690,.T.);
#913=ORIENTED_EDGE('',*,*,#1575,.F.);
#914=ORIENTED_EDGE('',*,*,#1666,.T.);
#915=ORIENTED_EDGE('',*,*,#1660,.T.);
#916=ORIENTED_EDGE('',*,*,#1664,.T.);
#917=ORIENTED_EDGE('',*,*,#1685,.T.);
#918=ORIENTED_EDGE('',*,*,#1534,.F.);
#919=ORIENTED_EDGE('',*,*,#1691,.T.);
#920=ORIENTED_EDGE('',*,*,#1511,.T.);
#921=ORIENTED_EDGE('',*,*,#1692,.F.);
#922=ORIENTED_EDGE('',*,*,#1537,.F.);
#923=ORIENTED_EDGE('',*,*,#1538,.T.);
#924=ORIENTED_EDGE('',*,*,#1692,.T.);
#925=ORIENTED_EDGE('',*,*,#1510,.F.);
#926=ORIENTED_EDGE('',*,*,#1693,.F.);
#927=ORIENTED_EDGE('',*,*,#1693,.T.);
#928=ORIENTED_EDGE('',*,*,#1509,.T.);
#929=ORIENTED_EDGE('',*,*,#1694,.F.);
#930=ORIENTED_EDGE('',*,*,#1539,.F.);
#931=ORIENTED_EDGE('',*,*,#1563,.T.);
#932=ORIENTED_EDGE('',*,*,#1545,.T.);
#933=ORIENTED_EDGE('',*,*,#1556,.T.);
#934=ORIENTED_EDGE('',*,*,#1569,.T.);
#935=ORIENTED_EDGE('',*,*,#1540,.F.);
#936=ORIENTED_EDGE('',*,*,#1694,.T.);
#937=ORIENTED_EDGE('',*,*,#1508,.T.);
#938=ORIENTED_EDGE('',*,*,#1497,.F.);
#939=ORIENTED_EDGE('',*,*,#1512,.T.);
#940=ORIENTED_EDGE('',*,*,#1691,.F.);
#941=ORIENTED_EDGE('',*,*,#1536,.F.);
#942=ORIENTED_EDGE('',*,*,#1684,.T.);
#943=ORIENTED_EDGE('',*,*,#1662,.T.);
#944=ORIENTED_EDGE('',*,*,#1658,.T.);
#945=ORIENTED_EDGE('',*,*,#1665,.T.);
#946=ORIENTED_EDGE('',*,*,#1577,.F.);
#947=ORIENTED_EDGE('',*,*,#1695,.T.);
#948=ORIENTED_EDGE('',*,*,#1696,.T.);
#949=ORIENTED_EDGE('',*,*,#1697,.F.);
#950=ORIENTED_EDGE('',*,*,#1524,.F.);
#951=ORIENTED_EDGE('',*,*,#1697,.T.);
#952=ORIENTED_EDGE('',*,*,#1698,.T.);
#953=ORIENTED_EDGE('',*,*,#1699,.F.);
#954=ORIENTED_EDGE('',*,*,#1525,.T.);
#955=ORIENTED_EDGE('',*,*,#1699,.T.);
#956=ORIENTED_EDGE('',*,*,#1700,.T.);
#957=ORIENTED_EDGE('',*,*,#1701,.F.);
#958=ORIENTED_EDGE('',*,*,#1526,.F.);
#959=ORIENTED_EDGE('',*,*,#1562,.F.);
#960=ORIENTED_EDGE('',*,*,#1702,.T.);
#961=ORIENTED_EDGE('',*,*,#1695,.F.);
#962=ORIENTED_EDGE('',*,*,#1523,.T.);
#963=ORIENTED_EDGE('',*,*,#1568,.F.);
#964=ORIENTED_EDGE('',*,*,#1554,.F.);
#965=ORIENTED_EDGE('',*,*,#1543,.F.);
#966=ORIENTED_EDGE('',*,*,#1701,.T.);
#967=ORIENTED_EDGE('',*,*,#1703,.T.);
#968=ORIENTED_EDGE('',*,*,#1564,.F.);
#969=ORIENTED_EDGE('',*,*,#1547,.F.);
#970=ORIENTED_EDGE('',*,*,#1558,.F.);
#971=ORIENTED_EDGE('',*,*,#1572,.F.);
#972=ORIENTED_EDGE('',*,*,#1527,.T.);
#973=ORIENTED_EDGE('',*,*,#1478,.T.);
#974=ORIENTED_EDGE('',*,*,#1704,.T.);
#975=ORIENTED_EDGE('',*,*,#1473,.F.);
#976=ORIENTED_EDGE('',*,*,#1705,.F.);
#977=ORIENTED_EDGE('',*,*,#1484,.T.);
#978=ORIENTED_EDGE('',*,*,#1705,.T.);
#979=ORIENTED_EDGE('',*,*,#1472,.T.);
#980=ORIENTED_EDGE('',*,*,#1449,.F.);
#981=ORIENTED_EDGE('',*,*,#1673,.T.);
#982=ORIENTED_EDGE('',*,*,#1670,.T.);
#983=ORIENTED_EDGE('',*,*,#1672,.T.);
#984=ORIENTED_EDGE('',*,*,#1463,.T.);
#985=ORIENTED_EDGE('',*,*,#1432,.F.);
#986=ORIENTED_EDGE('',*,*,#1485,.F.);
#987=ORIENTED_EDGE('',*,*,#1622,.F.);
#988=ORIENTED_EDGE('',*,*,#1383,.T.);
#989=ORIENTED_EDGE('',*,*,#1678,.T.);
#990=ORIENTED_EDGE('',*,*,#1674,.T.);
#991=ORIENTED_EDGE('',*,*,#1680,.T.);
#992=ORIENTED_EDGE('',*,*,#1374,.F.);
#993=ORIENTED_EDGE('',*,*,#1474,.T.);
#994=ORIENTED_EDGE('',*,*,#1704,.F.);
#995=ORIENTED_EDGE('',*,*,#1482,.F.);
#996=ORIENTED_EDGE('',*,*,#1706,.T.);
#997=ORIENTED_EDGE('',*,*,#1462,.F.);
#998=ORIENTED_EDGE('',*,*,#1707,.F.);
#999=ORIENTED_EDGE('',*,*,#1708,.T.);
#1000=ORIENTED_EDGE('',*,*,#1709,.T.);
#1001=ORIENTED_EDGE('',*,*,#1708,.F.);
#1002=ORIENTED_EDGE('',*,*,#1710,.F.);
#1003=ORIENTED_EDGE('',*,*,#1711,.T.);
#1004=ORIENTED_EDGE('',*,*,#1712,.T.);
#1005=ORIENTED_EDGE('',*,*,#1711,.F.);
#1006=ORIENTED_EDGE('',*,*,#1713,.F.);
#1007=ORIENTED_EDGE('',*,*,#1714,.T.);
#1008=ORIENTED_EDGE('',*,*,#1715,.T.);
#1009=ORIENTED_EDGE('',*,*,#1714,.F.);
#1010=ORIENTED_EDGE('',*,*,#1716,.F.);
#1011=ORIENTED_EDGE('',*,*,#1717,.T.);
#1012=ORIENTED_EDGE('',*,*,#1718,.T.);
#1013=ORIENTED_EDGE('',*,*,#1717,.F.);
#1014=ORIENTED_EDGE('',*,*,#1719,.F.);
#1015=ORIENTED_EDGE('',*,*,#1285,.T.);
#1016=ORIENTED_EDGE('',*,*,#1286,.T.);
#1017=ORIENTED_EDGE('',*,*,#1719,.T.);
#1018=ORIENTED_EDGE('',*,*,#1716,.T.);
#1019=ORIENTED_EDGE('',*,*,#1713,.T.);
#1020=ORIENTED_EDGE('',*,*,#1710,.T.);
#1021=ORIENTED_EDGE('',*,*,#1707,.T.);
#1022=ORIENTED_EDGE('',*,*,#1621,.F.);
#1023=ORIENTED_EDGE('',*,*,#1427,.T.);
#1024=ORIENTED_EDGE('',*,*,#1284,.F.);
#1025=ORIENTED_EDGE('',*,*,#1483,.F.);
#1026=ORIENTED_EDGE('',*,*,#1430,.T.);
#1027=ORIENTED_EDGE('',*,*,#1706,.F.);
#1028=ORIENTED_EDGE('',*,*,#1709,.F.);
#1029=ORIENTED_EDGE('',*,*,#1712,.F.);
#1030=ORIENTED_EDGE('',*,*,#1715,.F.);
#1031=ORIENTED_EDGE('',*,*,#1718,.F.);
#1032=ORIENTED_EDGE('',*,*,#1388,.T.);
#1033=ORIENTED_EDGE('',*,*,#1720,.T.);
#1034=ORIENTED_EDGE('',*,*,#1590,.T.);
#1035=ORIENTED_EDGE('',*,*,#1368,.F.);
#1036=ORIENTED_EDGE('',*,*,#1401,.T.);
#1037=ORIENTED_EDGE('',*,*,#1395,.T.);
#1038=ORIENTED_EDGE('',*,*,#1399,.T.);
#1039=ORIENTED_EDGE('',*,*,#1378,.T.);
#1040=ORIENTED_EDGE('',*,*,#1393,.T.);
#1041=ORIENTED_EDGE('',*,*,#1570,.T.);
#1042=ORIENTED_EDGE('',*,*,#1652,.T.);
#1043=ORIENTED_EDGE('',*,*,#1648,.T.);
#1044=ORIENTED_EDGE('',*,*,#1654,.T.);
#1045=ORIENTED_EDGE('',*,*,#1503,.F.);
#1046=ORIENTED_EDGE('',*,*,#1592,.T.);
#1047=ORIENTED_EDGE('',*,*,#1721,.F.);
#1048=ORIENTED_EDGE('',*,*,#1721,.T.);
#1049=ORIENTED_EDGE('',*,*,#1591,.F.);
#1050=ORIENTED_EDGE('',*,*,#1720,.F.);
#1051=ORIENTED_EDGE('',*,*,#1394,.F.);
#1052=ORIENTED_EDGE('',*,*,#1260,.T.);
#1053=ORIENTED_EDGE('',*,*,#1722,.T.);
#1054=ORIENTED_EDGE('',*,*,#1328,.F.);
#1055=ORIENTED_EDGE('',*,*,#1723,.F.);
#1056=ORIENTED_EDGE('',*,*,#1261,.T.);
#1057=ORIENTED_EDGE('',*,*,#1723,.T.);
#1058=ORIENTED_EDGE('',*,*,#1327,.F.);
#1059=ORIENTED_EDGE('',*,*,#1724,.F.);
#1060=ORIENTED_EDGE('',*,*,#1262,.T.);
#1061=ORIENTED_EDGE('',*,*,#1724,.T.);
#1062=ORIENTED_EDGE('',*,*,#1330,.F.);
#1063=ORIENTED_EDGE('',*,*,#1725,.F.);
#1064=ORIENTED_EDGE('',*,*,#1725,.T.);
#1065=ORIENTED_EDGE('',*,*,#1329,.T.);
#1066=ORIENTED_EDGE('',*,*,#1722,.F.);
#1067=ORIENTED_EDGE('',*,*,#1263,.F.);
#1068=ORIENTED_EDGE('',*,*,#1291,.T.);
#1069=ORIENTED_EDGE('',*,*,#1726,.T.);
#1070=ORIENTED_EDGE('',*,*,#1332,.F.);
#1071=ORIENTED_EDGE('',*,*,#1727,.F.);
#1072=ORIENTED_EDGE('',*,*,#1292,.T.);
#1073=ORIENTED_EDGE('',*,*,#1727,.T.);
#1074=ORIENTED_EDGE('',*,*,#1331,.F.);
#1075=ORIENTED_EDGE('',*,*,#1728,.F.);
#1076=ORIENTED_EDGE('',*,*,#1293,.T.);
#1077=ORIENTED_EDGE('',*,*,#1728,.T.);
#1078=ORIENTED_EDGE('',*,*,#1334,.F.);
#1079=ORIENTED_EDGE('',*,*,#1729,.F.);
#1080=ORIENTED_EDGE('',*,*,#1729,.T.);
#1081=ORIENTED_EDGE('',*,*,#1333,.T.);
#1082=ORIENTED_EDGE('',*,*,#1726,.F.);
#1083=ORIENTED_EDGE('',*,*,#1294,.F.);
#1084=ORIENTED_EDGE('',*,*,#1256,.T.);
#1085=ORIENTED_EDGE('',*,*,#1730,.T.);
#1086=ORIENTED_EDGE('',*,*,#1336,.F.);
#1087=ORIENTED_EDGE('',*,*,#1731,.F.);
#1088=ORIENTED_EDGE('',*,*,#1257,.T.);
#1089=ORIENTED_EDGE('',*,*,#1731,.T.);
#1090=ORIENTED_EDGE('',*,*,#1335,.F.);
#1091=ORIENTED_EDGE('',*,*,#1732,.F.);
#1092=ORIENTED_EDGE('',*,*,#1258,.T.);
#1093=ORIENTED_EDGE('',*,*,#1732,.T.);
#1094=ORIENTED_EDGE('',*,*,#1338,.F.);
#1095=ORIENTED_EDGE('',*,*,#1733,.F.);
#1096=ORIENTED_EDGE('',*,*,#1733,.T.);
#1097=ORIENTED_EDGE('',*,*,#1337,.T.);
#1098=ORIENTED_EDGE('',*,*,#1730,.F.);
#1099=ORIENTED_EDGE('',*,*,#1259,.F.);
#1100=ORIENTED_EDGE('',*,*,#1295,.T.);
#1101=ORIENTED_EDGE('',*,*,#1734,.T.);
#1102=ORIENTED_EDGE('',*,*,#1340,.F.);
#1103=ORIENTED_EDGE('',*,*,#1735,.F.);
#1104=ORIENTED_EDGE('',*,*,#1296,.T.);
#1105=ORIENTED_EDGE('',*,*,#1735,.T.);
#1106=ORIENTED_EDGE('',*,*,#1339,.F.);
#1107=ORIENTED_EDGE('',*,*,#1736,.F.);
#1108=ORIENTED_EDGE('',*,*,#1297,.T.);
#1109=ORIENTED_EDGE('',*,*,#1736,.T.);
#1110=ORIENTED_EDGE('',*,*,#1342,.F.);
#1111=ORIENTED_EDGE('',*,*,#1737,.F.);
#1112=ORIENTED_EDGE('',*,*,#1737,.T.);
#1113=ORIENTED_EDGE('',*,*,#1341,.T.);
#1114=ORIENTED_EDGE('',*,*,#1734,.F.);
#1115=ORIENTED_EDGE('',*,*,#1298,.F.);
#1116=ORIENTED_EDGE('',*,*,#1252,.T.);
#1117=ORIENTED_EDGE('',*,*,#1738,.T.);
#1118=ORIENTED_EDGE('',*,*,#1344,.F.);
#1119=ORIENTED_EDGE('',*,*,#1739,.F.);
#1120=ORIENTED_EDGE('',*,*,#1253,.T.);
#1121=ORIENTED_EDGE('',*,*,#1739,.T.);
#1122=ORIENTED_EDGE('',*,*,#1343,.F.);
#1123=ORIENTED_EDGE('',*,*,#1740,.F.);
#1124=ORIENTED_EDGE('',*,*,#1254,.T.);
#1125=ORIENTED_EDGE('',*,*,#1740,.T.);
#1126=ORIENTED_EDGE('',*,*,#1346,.F.);
#1127=ORIENTED_EDGE('',*,*,#1741,.F.);
#1128=ORIENTED_EDGE('',*,*,#1741,.T.);
#1129=ORIENTED_EDGE('',*,*,#1345,.T.);
#1130=ORIENTED_EDGE('',*,*,#1738,.F.);
#1131=ORIENTED_EDGE('',*,*,#1255,.F.);
#1132=ORIENTED_EDGE('',*,*,#1299,.T.);
#1133=ORIENTED_EDGE('',*,*,#1742,.T.);
#1134=ORIENTED_EDGE('',*,*,#1348,.F.);
#1135=ORIENTED_EDGE('',*,*,#1743,.F.);
#1136=ORIENTED_EDGE('',*,*,#1300,.T.);
#1137=ORIENTED_EDGE('',*,*,#1743,.T.);
#1138=ORIENTED_EDGE('',*,*,#1347,.F.);
#1139=ORIENTED_EDGE('',*,*,#1744,.F.);
#1140=ORIENTED_EDGE('',*,*,#1301,.T.);
#1141=ORIENTED_EDGE('',*,*,#1744,.T.);
#1142=ORIENTED_EDGE('',*,*,#1350,.F.);
#1143=ORIENTED_EDGE('',*,*,#1745,.F.);
#1144=ORIENTED_EDGE('',*,*,#1745,.T.);
#1145=ORIENTED_EDGE('',*,*,#1349,.T.);
#1146=ORIENTED_EDGE('',*,*,#1742,.F.);
#1147=ORIENTED_EDGE('',*,*,#1302,.F.);
#1148=ORIENTED_EDGE('',*,*,#1248,.T.);
#1149=ORIENTED_EDGE('',*,*,#1746,.T.);
#1150=ORIENTED_EDGE('',*,*,#1352,.F.);
#1151=ORIENTED_EDGE('',*,*,#1747,.F.);
#1152=ORIENTED_EDGE('',*,*,#1249,.T.);
#1153=ORIENTED_EDGE('',*,*,#1747,.T.);
#1154=ORIENTED_EDGE('',*,*,#1351,.F.);
#1155=ORIENTED_EDGE('',*,*,#1748,.F.);
#1156=ORIENTED_EDGE('',*,*,#1250,.T.);
#1157=ORIENTED_EDGE('',*,*,#1748,.T.);
#1158=ORIENTED_EDGE('',*,*,#1354,.F.);
#1159=ORIENTED_EDGE('',*,*,#1749,.F.);
#1160=ORIENTED_EDGE('',*,*,#1749,.T.);
#1161=ORIENTED_EDGE('',*,*,#1353,.T.);
#1162=ORIENTED_EDGE('',*,*,#1746,.F.);
#1163=ORIENTED_EDGE('',*,*,#1251,.F.);
#1164=ORIENTED_EDGE('',*,*,#1303,.T.);
#1165=ORIENTED_EDGE('',*,*,#1750,.T.);
#1166=ORIENTED_EDGE('',*,*,#1356,.F.);
#1167=ORIENTED_EDGE('',*,*,#1751,.F.);
#1168=ORIENTED_EDGE('',*,*,#1304,.T.);
#1169=ORIENTED_EDGE('',*,*,#1751,.T.);
#1170=ORIENTED_EDGE('',*,*,#1355,.F.);
#1171=ORIENTED_EDGE('',*,*,#1752,.F.);
#1172=ORIENTED_EDGE('',*,*,#1305,.T.);
#1173=ORIENTED_EDGE('',*,*,#1752,.T.);
#1174=ORIENTED_EDGE('',*,*,#1358,.F.);
#1175=ORIENTED_EDGE('',*,*,#1753,.F.);
#1176=ORIENTED_EDGE('',*,*,#1753,.T.);
#1177=ORIENTED_EDGE('',*,*,#1357,.T.);
#1178=ORIENTED_EDGE('',*,*,#1750,.F.);
#1179=ORIENTED_EDGE('',*,*,#1306,.F.);
#1180=ORIENTED_EDGE('',*,*,#1244,.T.);
#1181=ORIENTED_EDGE('',*,*,#1754,.T.);
#1182=ORIENTED_EDGE('',*,*,#1360,.F.);
#1183=ORIENTED_EDGE('',*,*,#1755,.F.);
#1184=ORIENTED_EDGE('',*,*,#1245,.T.);
#1185=ORIENTED_EDGE('',*,*,#1755,.T.);
#1186=ORIENTED_EDGE('',*,*,#1359,.F.);
#1187=ORIENTED_EDGE('',*,*,#1756,.F.);
#1188=ORIENTED_EDGE('',*,*,#1246,.T.);
#1189=ORIENTED_EDGE('',*,*,#1756,.T.);
#1190=ORIENTED_EDGE('',*,*,#1362,.F.);
#1191=ORIENTED_EDGE('',*,*,#1757,.F.);
#1192=ORIENTED_EDGE('',*,*,#1757,.T.);
#1193=ORIENTED_EDGE('',*,*,#1361,.T.);
#1194=ORIENTED_EDGE('',*,*,#1754,.F.);
#1195=ORIENTED_EDGE('',*,*,#1247,.F.);
#1196=ORIENTED_EDGE('',*,*,#1307,.T.);
#1197=ORIENTED_EDGE('',*,*,#1758,.T.);
#1198=ORIENTED_EDGE('',*,*,#1364,.F.);
#1199=ORIENTED_EDGE('',*,*,#1759,.F.);
#1200=ORIENTED_EDGE('',*,*,#1759,.T.);
#1201=ORIENTED_EDGE('',*,*,#1363,.T.);
#1202=ORIENTED_EDGE('',*,*,#1760,.F.);
#1203=ORIENTED_EDGE('',*,*,#1308,.F.);
#1204=ORIENTED_EDGE('',*,*,#1309,.T.);
#1205=ORIENTED_EDGE('',*,*,#1760,.T.);
#1206=ORIENTED_EDGE('',*,*,#1366,.F.);
#1207=ORIENTED_EDGE('',*,*,#1761,.F.);
#1208=ORIENTED_EDGE('',*,*,#1310,.T.);
#1209=ORIENTED_EDGE('',*,*,#1761,.T.);
#1210=ORIENTED_EDGE('',*,*,#1365,.F.);
#1211=ORIENTED_EDGE('',*,*,#1758,.F.);
#1212=ORIENTED_EDGE('',*,*,#1576,.F.);
#1213=ORIENTED_EDGE('',*,*,#1690,.F.);
#1214=ORIENTED_EDGE('',*,*,#1762,.F.);
#1215=ORIENTED_EDGE('',*,*,#1514,.F.);
#1216=ORIENTED_EDGE('',*,*,#1762,.T.);
#1217=ORIENTED_EDGE('',*,*,#1687,.F.);
#1218=ORIENTED_EDGE('',*,*,#1763,.F.);
#1219=ORIENTED_EDGE('',*,*,#1515,.F.);
#1220=ORIENTED_EDGE('',*,*,#1439,.F.);
#1221=ORIENTED_EDGE('',*,*,#1516,.F.);
#1222=ORIENTED_EDGE('',*,*,#1763,.T.);
#1223=ORIENTED_EDGE('',*,*,#1689,.F.);
#1224=ORIENTED_EDGE('',*,*,#1499,.F.);
#1225=ORIENTED_EDGE('',*,*,#1703,.F.);
#1226=ORIENTED_EDGE('',*,*,#1764,.F.);
#1227=ORIENTED_EDGE('',*,*,#1520,.F.);
#1228=ORIENTED_EDGE('',*,*,#1764,.T.);
#1229=ORIENTED_EDGE('',*,*,#1700,.F.);
#1230=ORIENTED_EDGE('',*,*,#1765,.F.);
#1231=ORIENTED_EDGE('',*,*,#1521,.F.);
#1232=ORIENTED_EDGE('',*,*,#1765,.T.);
#1233=ORIENTED_EDGE('',*,*,#1698,.F.);
#1234=ORIENTED_EDGE('',*,*,#1766,.F.);
#1235=ORIENTED_EDGE('',*,*,#1522,.F.);
#1236=ORIENTED_EDGE('',*,*,#1766,.T.);
#1237=ORIENTED_EDGE('',*,*,#1696,.F.);
#1238=ORIENTED_EDGE('',*,*,#1767,.F.);
#1239=ORIENTED_EDGE('',*,*,#1506,.F.);
#1240=ORIENTED_EDGE('',*,*,#1767,.T.);
#1241=ORIENTED_EDGE('',*,*,#1702,.F.);
#1242=ORIENTED_EDGE('',*,*,#1495,.F.);
#1243=ORIENTED_EDGE('',*,*,#1507,.F.);
#1244=EDGE_CURVE('',#1768,#1769,#2110,.T.);
#1245=EDGE_CURVE('',#1770,#1768,#84,.F.);
#1246=EDGE_CURVE('',#1771,#1770,#2111,.T.);
#1247=EDGE_CURVE('',#1771,#1769,#85,.T.);
#1248=EDGE_CURVE('',#1772,#1773,#2112,.T.);
#1249=EDGE_CURVE('',#1774,#1772,#86,.F.);
#1250=EDGE_CURVE('',#1775,#1774,#2113,.T.);
#1251=EDGE_CURVE('',#1775,#1773,#87,.T.);
#1252=EDGE_CURVE('',#1776,#1777,#2114,.T.);
#1253=EDGE_CURVE('',#1778,#1776,#88,.F.);
#1254=EDGE_CURVE('',#1779,#1778,#2115,.T.);
#1255=EDGE_CURVE('',#1779,#1777,#89,.T.);
#1256=EDGE_CURVE('',#1780,#1781,#2116,.T.);
#1257=EDGE_CURVE('',#1782,#1780,#90,.F.);
#1258=EDGE_CURVE('',#1783,#1782,#2117,.T.);
#1259=EDGE_CURVE('',#1783,#1781,#91,.T.);
#1260=EDGE_CURVE('',#1784,#1785,#2118,.T.);
#1261=EDGE_CURVE('',#1786,#1784,#92,.F.);
#1262=EDGE_CURVE('',#1787,#1786,#2119,.T.);
#1263=EDGE_CURVE('',#1787,#1785,#93,.T.);
#1264=EDGE_CURVE('',#1788,#1788,#94,.F.);
#1265=EDGE_CURVE('',#1789,#1789,#95,.F.);
#1266=EDGE_CURVE('',#1790,#1790,#96,.F.);
#1267=EDGE_CURVE('',#1791,#1791,#97,.T.);
#1268=EDGE_CURVE('',#1792,#1793,#2120,.T.);
#1269=EDGE_CURVE('',#1793,#1794,#2121,.T.);
#1270=EDGE_CURVE('',#1795,#1794,#2122,.T.);
#1271=EDGE_CURVE('',#1796,#1795,#2123,.T.);
#1272=EDGE_CURVE('',#1796,#1797,#2124,.T.);
#1273=EDGE_CURVE('',#1798,#1797,#2125,.T.);
#1274=EDGE_CURVE('',#1799,#1798,#2126,.T.);
#1275=EDGE_CURVE('',#1800,#1799,#2127,.T.);
#1276=EDGE_CURVE('',#1800,#1801,#98,.F.);
#1277=EDGE_CURVE('',#1801,#1802,#2128,.T.);
#1278=EDGE_CURVE('',#1802,#1803,#99,.F.);
#1279=EDGE_CURVE('',#1803,#1804,#2129,.T.);
#1280=EDGE_CURVE('',#1804,#1805,#100,.F.);
#1281=EDGE_CURVE('',#1805,#1806,#2130,.T.);
#1282=EDGE_CURVE('',#1806,#1807,#101,.F.);
#1283=EDGE_CURVE('',#1807,#1808,#2131,.T.);
#1284=EDGE_CURVE('',#1808,#1809,#2132,.T.);
#1285=EDGE_CURVE('',#1810,#1809,#2133,.T.);
#1286=EDGE_CURVE('',#1811,#1810,#2134,.T.);
#1287=EDGE_CURVE('',#1811,#1812,#2135,.T.);
#1288=EDGE_CURVE('',#1813,#1812,#2136,.T.);
#1289=EDGE_CURVE('',#1814,#1813,#2137,.T.);
#1290=EDGE_CURVE('',#1814,#1792,#2138,.T.);
#1291=EDGE_CURVE('',#1815,#1816,#2139,.T.);
#1292=EDGE_CURVE('',#1817,#1815,#102,.F.);
#1293=EDGE_CURVE('',#1818,#1817,#2140,.T.);
#1294=EDGE_CURVE('',#1818,#1816,#103,.T.);
#1295=EDGE_CURVE('',#1819,#1820,#2141,.T.);
#1296=EDGE_CURVE('',#1821,#1819,#104,.F.);
#1297=EDGE_CURVE('',#1822,#1821,#2142,.T.);
#1298=EDGE_CURVE('',#1822,#1820,#105,.T.);
#1299=EDGE_CURVE('',#1823,#1824,#2143,.T.);
#1300=EDGE_CURVE('',#1825,#1823,#106,.F.);
#1301=EDGE_CURVE('',#1826,#1825,#2144,.T.);
#1302=EDGE_CURVE('',#1826,#1824,#107,.T.);
#1303=EDGE_CURVE('',#1827,#1828,#2145,.T.);
#1304=EDGE_CURVE('',#1829,#1827,#108,.F.);
#1305=EDGE_CURVE('',#1830,#1829,#2146,.T.);
#1306=EDGE_CURVE('',#1830,#1828,#109,.T.);
#1307=EDGE_CURVE('',#1831,#1832,#2147,.T.);
#1308=EDGE_CURVE('',#1831,#1833,#110,.T.);
#1309=EDGE_CURVE('',#1834,#1833,#2148,.T.);
#1310=EDGE_CURVE('',#1832,#1834,#111,.F.);
#1311=EDGE_CURVE('',#1835,#1836,#112,.T.);
#1312=EDGE_CURVE('',#1836,#1837,#2149,.T.);
#1313=EDGE_CURVE('',#1837,#1838,#2150,.T.);
#1314=EDGE_CURVE('',#1838,#1839,#2151,.T.);
#1315=EDGE_CURVE('',#1839,#1840,#2152,.T.);
#1316=EDGE_CURVE('',#1840,#1841,#2153,.T.);
#1317=EDGE_CURVE('',#1842,#1841,#2154,.T.);
#1318=EDGE_CURVE('',#1842,#1843,#2155,.T.);
#1319=EDGE_CURVE('',#1843,#1844,#2156,.T.);
#1320=EDGE_CURVE('',#1844,#1845,#2157,.T.);
#1321=EDGE_CURVE('',#1845,#1846,#113,.T.);
#1322=EDGE_CURVE('',#1846,#1847,#2158,.T.);
#1323=EDGE_CURVE('',#1847,#1848,#114,.T.);
#1324=EDGE_CURVE('',#1848,#1849,#2159,.T.);
#1325=EDGE_CURVE('',#1849,#1850,#115,.T.);
#1326=EDGE_CURVE('',#1850,#1835,#2160,.T.);
#1327=EDGE_CURVE('',#1851,#1852,#116,.T.);
#1328=EDGE_CURVE('',#1852,#1853,#2161,.T.);
#1329=EDGE_CURVE('',#1854,#1853,#117,.T.);
#1330=EDGE_CURVE('',#1854,#1851,#2162,.T.);
#1331=EDGE_CURVE('',#1855,#1856,#118,.T.);
#1332=EDGE_CURVE('',#1856,#1857,#2163,.T.);
#1333=EDGE_CURVE('',#1858,#1857,#119,.T.);
#1334=EDGE_CURVE('',#1858,#1855,#2164,.T.);
#1335=EDGE_CURVE('',#1859,#1860,#120,.T.);
#1336=EDGE_CURVE('',#1860,#1861,#2165,.T.);
#1337=EDGE_CURVE('',#1862,#1861,#121,.T.);
#1338=EDGE_CURVE('',#1862,#1859,#2166,.T.);
#1339=EDGE_CURVE('',#1863,#1864,#122,.T.);
#1340=EDGE_CURVE('',#1864,#1865,#2167,.T.);
#1341=EDGE_CURVE('',#1866,#1865,#123,.T.);
#1342=EDGE_CURVE('',#1866,#1863,#2168,.T.);
#1343=EDGE_CURVE('',#1867,#1868,#124,.T.);
#1344=EDGE_CURVE('',#1868,#1869,#2169,.T.);
#1345=EDGE_CURVE('',#1870,#1869,#125,.T.);
#1346=EDGE_CURVE('',#1870,#1867,#2170,.T.);
#1347=EDGE_CURVE('',#1871,#1872,#126,.T.);
#1348=EDGE_CURVE('',#1872,#1873,#2171,.T.);
#1349=EDGE_CURVE('',#1874,#1873,#127,.T.);
#1350=EDGE_CURVE('',#1874,#1871,#2172,.T.);
#1351=EDGE_CURVE('',#1875,#1876,#128,.T.);
#1352=EDGE_CURVE('',#1876,#1877,#2173,.T.);
#1353=EDGE_CURVE('',#1878,#1877,#129,.T.);
#1354=EDGE_CURVE('',#1878,#1875,#2174,.T.);
#1355=EDGE_CURVE('',#1879,#1880,#130,.T.);
#1356=EDGE_CURVE('',#1880,#1881,#2175,.T.);
#1357=EDGE_CURVE('',#1882,#1881,#131,.T.);
#1358=EDGE_CURVE('',#1882,#1879,#2176,.T.);
#1359=EDGE_CURVE('',#1883,#1884,#132,.T.);
#1360=EDGE_CURVE('',#1884,#1885,#2177,.T.);
#1361=EDGE_CURVE('',#1886,#1885,#133,.T.);
#1362=EDGE_CURVE('',#1886,#1883,#2178,.T.);
#1363=EDGE_CURVE('',#1887,#1888,#134,.T.);
#1364=EDGE_CURVE('',#1887,#1889,#2179,.T.);
#1365=EDGE_CURVE('',#1889,#1890,#135,.T.);
#1366=EDGE_CURVE('',#1890,#1888,#2180,.T.);
#1367=EDGE_CURVE('',#1891,#1892,#2181,.T.);
#1368=EDGE_CURVE('',#1891,#1893,#2182,.T.);
#1369=EDGE_CURVE('',#1894,#1893,#2183,.T.);
#1370=EDGE_CURVE('',#1894,#1895,#136,.F.);
#1371=EDGE_CURVE('',#1896,#1895,#2184,.T.);
#1372=EDGE_CURVE('',#1896,#1897,#137,.F.);
#1373=EDGE_CURVE('',#1898,#1897,#2185,.T.);
#1374=EDGE_CURVE('',#1898,#1899,#2186,.T.);
#1375=EDGE_CURVE('',#1900,#1899,#138,.T.);
#1376=EDGE_CURVE('',#1901,#1900,#2187,.T.);
#1377=EDGE_CURVE('',#1892,#1901,#139,.T.);
#1378=EDGE_CURVE('',#1902,#1903,#2188,.T.);
#1379=EDGE_CURVE('',#1902,#1904,#2189,.T.);
#1380=EDGE_CURVE('',#1904,#1905,#140,.T.);
#1381=EDGE_CURVE('',#1905,#1906,#2190,.T.);
#1382=EDGE_CURVE('',#1906,#1907,#141,.T.);
#1383=EDGE_CURVE('',#1908,#1907,#2191,.T.);
#1384=EDGE_CURVE('',#1909,#1908,#142,.T.);
#1385=EDGE_CURVE('',#1910,#1909,#2192,.T.);
#1386=EDGE_CURVE('',#1911,#1910,#143,.T.);
#1387=EDGE_CURVE('',#1903,#1911,#2193,.T.);
#1388=EDGE_CURVE('',#1903,#1912,#2194,.T.);
#1389=EDGE_CURVE('',#1911,#1913,#2195,.T.);
#1390=EDGE_CURVE('',#1913,#1914,#2196,.T.);
#1391=EDGE_CURVE('',#1914,#1915,#2197,.F.);
#1392=EDGE_CURVE('',#1915,#1916,#2198,.T.);
#1393=EDGE_CURVE('',#1917,#1916,#2199,.T.);
#1394=EDGE_CURVE('',#1917,#1912,#144,.F.);
#1395=EDGE_CURVE('',#1918,#1919,#2200,.T.);
#1396=EDGE_CURVE('',#1918,#1920,#2201,.T.);
#1397=EDGE_CURVE('',#1921,#1920,#2202,.F.);
#1398=EDGE_CURVE('',#1919,#1921,#2203,.T.);
#1399=EDGE_CURVE('',#1919,#1902,#2204,.T.);
#1400=EDGE_CURVE('',#1904,#1921,#2205,.F.);
#1401=EDGE_CURVE('',#1891,#1918,#2206,.T.);
#1402=EDGE_CURVE('',#1920,#1892,#2207,.F.);
#1403=EDGE_CURVE('',#1922,#1923,#2208,.T.);
#1404=EDGE_CURVE('',#1922,#1793,#2209,.T.);
#1405=EDGE_CURVE('',#1923,#1792,#2210,.F.);
#1406=EDGE_CURVE('',#1924,#1925,#2211,.T.);
#1407=EDGE_CURVE('',#1925,#1926,#2212,.T.);
#1408=EDGE_CURVE('',#1926,#1927,#2213,.T.);
#1409=EDGE_CURVE('',#1927,#1924,#2214,.T.);
#1410=EDGE_CURVE('',#1928,#1929,#2215,.T.);
#1411=EDGE_CURVE('',#1924,#1929,#2216,.T.);
#1412=EDGE_CURVE('',#1930,#1924,#2217,.T.);
#1413=EDGE_CURVE('',#1930,#1928,#2218,.T.);
#1414=EDGE_CURVE('',#1931,#1928,#2219,.T.);
#1415=EDGE_CURVE('',#1932,#1930,#2220,.T.);
#1416=EDGE_CURVE('',#1932,#1931,#2221,.T.);
#1417=EDGE_CURVE('',#1933,#1931,#2222,.T.);
#1418=EDGE_CURVE('',#1934,#1932,#2223,.T.);
#1419=EDGE_CURVE('',#1934,#1933,#2224,.T.);
#1420=EDGE_CURVE('',#1935,#1933,#2225,.T.);
#1421=EDGE_CURVE('',#1936,#1934,#2226,.T.);
#1422=EDGE_CURVE('',#1936,#1935,#2227,.T.);
#1423=EDGE_CURVE('',#1794,#1935,#2228,.T.);
#1424=EDGE_CURVE('',#1795,#1936,#2229,.T.);
#1425=EDGE_CURVE('',#1922,#1929,#2230,.T.);
#1426=EDGE_CURVE('',#1927,#1796,#2231,.T.);
#1427=EDGE_CURVE('',#1937,#1811,#2232,.T.);
#1428=EDGE_CURVE('',#1938,#1937,#2233,.T.);
#1429=EDGE_CURVE('',#1812,#1938,#2234,.F.);
#1430=EDGE_CURVE('',#1939,#1940,#2235,.T.);
#1431=EDGE_CURVE('',#1939,#1941,#2236,.T.);
#1432=EDGE_CURVE('',#1941,#1942,#2237,.T.);
#1433=EDGE_CURVE('',#1942,#1940,#2238,.T.);
#1434=EDGE_CURVE('',#1943,#1944,#2239,.T.);
#1435=EDGE_CURVE('',#1943,#1945,#2240,.T.);
#1436=EDGE_CURVE('',#1946,#1945,#2241,.T.);
#1437=EDGE_CURVE('',#1946,#1944,#2242,.T.);
#1438=EDGE_CURVE('',#1947,#1948,#2243,.T.);
#1439=EDGE_CURVE('',#1948,#1949,#2244,.T.);
#1440=EDGE_CURVE('',#1949,#1950,#2245,.T.);
#1441=EDGE_CURVE('',#1951,#1950,#2246,.T.);
#1442=EDGE_CURVE('',#1952,#1951,#145,.T.);
#1443=EDGE_CURVE('',#1952,#1953,#2247,.T.);
#1444=EDGE_CURVE('',#1954,#1953,#2248,.T.);
#1445=EDGE_CURVE('',#1954,#1947,#146,.F.);
#1446=EDGE_CURVE('',#1955,#1956,#2249,.T.);
#1447=EDGE_CURVE('',#1955,#1957,#2250,.T.);
#1448=EDGE_CURVE('',#1958,#1957,#2251,.T.);
#1449=EDGE_CURVE('',#1958,#1956,#2252,.T.);
#1450=EDGE_CURVE('',#1959,#1929,#2253,.T.);
#1451=EDGE_CURVE('',#1960,#1959,#2254,.T.);
#1452=EDGE_CURVE('',#1960,#1961,#2255,.T.);
#1453=EDGE_CURVE('',#1925,#1961,#2256,.T.);
#1454=EDGE_CURVE('',#1962,#1963,#2257,.T.);
#1455=EDGE_CURVE('',#1962,#1964,#147,.T.);
#1456=EDGE_CURVE('',#1964,#1965,#2258,.T.);
#1457=EDGE_CURVE('',#1966,#1965,#2259,.T.);
#1458=EDGE_CURVE('',#1967,#1966,#2260,.T.);
#1459=EDGE_CURVE('',#1963,#1967,#148,.T.);
#1460=EDGE_CURVE('',#1968,#1969,#2261,.T.);
#1461=EDGE_CURVE('',#1970,#1968,#2262,.T.);
#1462=EDGE_CURVE('',#1970,#1940,#2263,.T.);
#1463=EDGE_CURVE('',#1971,#1942,#2264,.T.);
#1464=EDGE_CURVE('',#1971,#1969,#2265,.T.);
#1465=EDGE_CURVE('',#1943,#1972,#2266,.T.);
#1466=EDGE_CURVE('',#1944,#1973,#2267,.T.);
#1467=EDGE_CURVE('',#1973,#1972,#2268,.T.);
#1468=EDGE_CURVE('',#1953,#1974,#2269,.T.);
#1469=EDGE_CURVE('',#1974,#1975,#2270,.T.);
#1470=EDGE_CURVE('',#1975,#1954,#2271,.F.);
#1471=EDGE_CURVE('',#1955,#1976,#2272,.T.);
#1472=EDGE_CURVE('',#1977,#1956,#2273,.T.);
#1473=EDGE_CURVE('',#1977,#1978,#2274,.T.);
#1474=EDGE_CURVE('',#1898,#1978,#2275,.T.);
#1475=EDGE_CURVE('',#1897,#1979,#2276,.T.);
#1476=EDGE_CURVE('',#1979,#1976,#2277,.T.);
#1477=EDGE_CURVE('',#1923,#1959,#2278,.T.);
#1478=EDGE_CURVE('',#1980,#1981,#149,.F.);
#1479=EDGE_CURVE('',#1807,#1980,#2279,.T.);
#1480=EDGE_CURVE('',#1806,#1982,#2280,.T.);
#1481=EDGE_CURVE('',#1983,#1982,#150,.T.);
#1482=EDGE_CURVE('',#1983,#1981,#58,.T.);
#1483=EDGE_CURVE('',#1939,#1808,#2281,.T.);
#1484=EDGE_CURVE('',#1984,#1980,#2282,.F.);
#1485=EDGE_CURVE('',#1984,#1941,#2283,.F.);
#1486=EDGE_CURVE('',#1985,#1986,#2284,.T.);
#1487=EDGE_CURVE('',#1987,#1985,#2285,.T.);
#1488=EDGE_CURVE('',#1988,#1987,#2286,.T.);
#1489=EDGE_CURVE('',#1988,#1986,#2287,.T.);
#1490=EDGE_CURVE('',#1961,#1985,#2288,.T.);
#1491=EDGE_CURVE('',#1987,#1960,#2289,.T.);
#1492=EDGE_CURVE('',#1986,#1945,#2290,.T.);
#1493=EDGE_CURVE('',#1946,#1988,#2291,.T.);
#1494=EDGE_CURVE('',#1989,#1990,#2292,.T.);
#1495=EDGE_CURVE('',#1990,#1991,#2293,.F.);
#1496=EDGE_CURVE('',#1992,#1991,#2294,.T.);
#1497=EDGE_CURVE('',#1992,#1989,#2295,.T.);
#1498=EDGE_CURVE('',#1993,#1994,#2296,.T.);
#1499=EDGE_CURVE('',#1993,#1995,#2297,.F.);
#1500=EDGE_CURVE('',#1995,#1996,#2298,.T.);
#1501=EDGE_CURVE('',#1996,#1997,#151,.F.);
#1502=EDGE_CURVE('',#1998,#1997,#2299,.T.);
#1503=EDGE_CURVE('',#1998,#1999,#2300,.T.);
#1504=EDGE_CURVE('',#2000,#1999,#2301,.T.);
#1505=EDGE_CURVE('',#1994,#2000,#152,.T.);
#1506=EDGE_CURVE('',#2001,#2002,#153,.F.);
#1507=EDGE_CURVE('',#2002,#1990,#2302,.T.);
#1508=EDGE_CURVE('',#2003,#1989,#2303,.T.);
#1509=EDGE_CURVE('',#2004,#2003,#154,.T.);
#1510=EDGE_CURVE('',#2004,#2005,#2304,.T.);
#1511=EDGE_CURVE('',#2006,#2005,#155,.T.);
#1512=EDGE_CURVE('',#2007,#2006,#2305,.T.);
#1513=EDGE_CURVE('',#2008,#2007,#2306,.T.);
#1514=EDGE_CURVE('',#2008,#2009,#2307,.T.);
#1515=EDGE_CURVE('',#2009,#2010,#156,.F.);
#1516=EDGE_CURVE('',#2010,#1948,#2308,.T.);
#1517=EDGE_CURVE('',#1947,#2011,#2309,.T.);
#1518=EDGE_CURVE('',#2011,#2012,#2310,.T.);
#1519=EDGE_CURVE('',#2012,#1996,#2311,.F.);
#1520=EDGE_CURVE('',#1995,#2013,#2312,.T.);
#1521=EDGE_CURVE('',#2013,#2014,#157,.F.);
#1522=EDGE_CURVE('',#2014,#2001,#2313,.T.);
#1523=EDGE_CURVE('',#2015,#2016,#2314,.T.);
#1524=EDGE_CURVE('',#2015,#2017,#158,.T.);
#1525=EDGE_CURVE('',#2018,#2017,#2315,.T.);
#1526=EDGE_CURVE('',#2018,#2019,#159,.T.);
#1527=EDGE_CURVE('',#2020,#2019,#2316,.T.);
#1528=EDGE_CURVE('',#2020,#2021,#2317,.T.);
#1529=EDGE_CURVE('',#2021,#2022,#2318,.T.);
#1530=EDGE_CURVE('',#2022,#2023,#2319,.T.);
#1531=EDGE_CURVE('',#2023,#1967,#2320,.F.);
#1532=EDGE_CURVE('',#1966,#2024,#2321,.T.);
#1533=EDGE_CURVE('',#2025,#2024,#160,.F.);
#1534=EDGE_CURVE('',#2025,#2026,#2322,.T.);
#1535=EDGE_CURVE('',#2026,#2027,#2323,.T.);
#1536=EDGE_CURVE('',#2027,#2028,#2324,.T.);
#1537=EDGE_CURVE('',#2028,#2029,#161,.T.);
#1538=EDGE_CURVE('',#2030,#2029,#2325,.T.);
#1539=EDGE_CURVE('',#2030,#2031,#162,.T.);
#1540=EDGE_CURVE('',#2031,#2032,#2326,.T.);
#1541=EDGE_CURVE('',#2032,#2016,#2327,.T.);
#1542=EDGE_CURVE('',#2033,#2034,#2328,.T.);
#1543=EDGE_CURVE('',#2034,#2035,#2329,.T.);
#1544=EDGE_CURVE('',#2036,#2035,#2330,.T.);
#1545=EDGE_CURVE('',#2033,#2036,#2331,.T.);
#1546=EDGE_CURVE('',#2037,#2038,#2332,.T.);
#1547=EDGE_CURVE('',#2037,#2039,#2333,.T.);
#1548=EDGE_CURVE('',#2039,#2040,#2334,.T.);
#1549=EDGE_CURVE('',#2038,#2040,#2335,.F.);
#1550=EDGE_CURVE('',#2041,#2042,#2336,.T.);
#1551=EDGE_CURVE('',#2043,#2041,#2337,.T.);
#1552=EDGE_CURVE('',#2043,#2044,#2338,.F.);
#1553=EDGE_CURVE('',#2044,#2042,#2339,.T.);
#1554=EDGE_CURVE('',#2035,#2045,#2340,.T.);
#1555=EDGE_CURVE('',#2046,#2045,#2341,.T.);
#1556=EDGE_CURVE('',#2036,#2046,#2342,.T.);
#1557=EDGE_CURVE('',#2047,#2048,#2343,.T.);
#1558=EDGE_CURVE('',#2047,#2037,#2344,.T.);
#1559=EDGE_CURVE('',#2048,#2038,#2345,.F.);
#1560=EDGE_CURVE('',#1965,#2041,#2346,.T.);
#1561=EDGE_CURVE('',#1964,#2043,#2347,.F.);
#1562=EDGE_CURVE('',#1991,#2034,#2348,.T.);
#1563=EDGE_CURVE('',#1992,#2033,#2349,.T.);
#1564=EDGE_CURVE('',#2039,#1993,#2350,.T.);
#1565=EDGE_CURVE('',#2040,#1994,#2351,.F.);
#1566=EDGE_CURVE('',#2042,#1950,#2352,.T.);
#1567=EDGE_CURVE('',#2044,#1951,#2353,.F.);
#1568=EDGE_CURVE('',#2045,#2016,#2354,.T.);
#1569=EDGE_CURVE('',#2046,#2032,#2355,.T.);
#1570=EDGE_CURVE('',#1916,#2049,#2356,.T.);
#1571=EDGE_CURVE('',#2021,#1915,#163,.T.);
#1572=EDGE_CURVE('',#2020,#2047,#2357,.T.);
#1573=EDGE_CURVE('',#2048,#2050,#164,.T.);
#1574=EDGE_CURVE('',#2050,#2049,#2358,.T.);
#1575=EDGE_CURVE('',#2051,#2052,#2359,.T.);
#1576=EDGE_CURVE('',#2052,#2008,#2360,.T.);
#1577=EDGE_CURVE('',#2007,#2053,#2361,.T.);
#1578=EDGE_CURVE('',#2051,#2053,#2362,.T.);
#1579=EDGE_CURVE('',#1814,#1842,#2363,.T.);
#1580=EDGE_CURVE('',#1841,#1973,#2364,.T.);
#1581=EDGE_CURVE('',#1813,#1843,#2365,.T.);
#1582=EDGE_CURVE('',#1976,#1844,#2366,.T.);
#1583=EDGE_CURVE('',#1968,#1938,#2367,.T.);
#1584=EDGE_CURVE('',#1969,#2054,#2368,.T.);
#1585=EDGE_CURVE('',#2054,#2055,#2369,.T.);
#1586=EDGE_CURVE('',#2055,#1957,#2370,.T.);
#1587=EDGE_CURVE('',#1895,#2056,#2371,.T.);
#1588=EDGE_CURVE('',#2056,#2057,#2372,.T.);
#1589=EDGE_CURVE('',#2057,#1896,#2373,.F.);
#1590=EDGE_CURVE('',#2058,#1893,#2374,.T.);
#1591=EDGE_CURVE('',#2058,#2059,#165,.T.);
#1592=EDGE_CURVE('',#1998,#2059,#2375,.T.);
#1593=EDGE_CURVE('',#1997,#2060,#2376,.T.);
#1594=EDGE_CURVE('',#2060,#2061,#2377,.T.);
#1595=EDGE_CURVE('',#2061,#1894,#2378,.F.);
#1596=EDGE_CURVE('',#1799,#1838,#2379,.T.);
#1597=EDGE_CURVE('',#1837,#1974,#2380,.T.);
#1598=EDGE_CURVE('',#1952,#2062,#2381,.T.);
#1599=EDGE_CURVE('',#2062,#2063,#59,.T.);
#1600=EDGE_CURVE('',#2063,#1962,#60,.T.);
#1601=EDGE_CURVE('',#2064,#1963,#2382,.T.);
#1602=EDGE_CURVE('',#2064,#1800,#61,.T.);
#1603=EDGE_CURVE('',#1798,#1839,#2383,.T.);
#1604=EDGE_CURVE('',#1972,#1840,#2384,.T.);
#1605=EDGE_CURVE('',#1797,#1926,#2385,.F.);
#1606=EDGE_CURVE('',#2065,#2065,#166,.T.);
#1607=EDGE_CURVE('',#2066,#2066,#167,.T.);
#1608=EDGE_CURVE('',#2067,#2067,#168,.T.);
#1609=EDGE_CURVE('',#2068,#2068,#169,.T.);
#1610=EDGE_CURVE('',#2069,#2069,#170,.T.);
#1611=EDGE_CURVE('',#2070,#2070,#171,.T.);
#1612=EDGE_CURVE('',#2071,#2071,#172,.T.);
#1613=EDGE_CURVE('',#2072,#2072,#173,.T.);
#1614=EDGE_CURVE('',#2073,#2073,#174,.T.);
#1615=EDGE_CURVE('',#2074,#2074,#175,.T.);
#1616=EDGE_CURVE('',#2075,#2075,#176,.T.);
#1617=EDGE_CURVE('',#2076,#2076,#177,.T.);
#1618=EDGE_CURVE('',#1909,#1982,#2386,.T.);
#1619=EDGE_CURVE('',#1982,#2077,#2387,.T.);
#1620=EDGE_CURVE('',#2077,#1910,#2388,.F.);
#1621=EDGE_CURVE('',#1937,#1970,#2389,.T.);
#1622=EDGE_CURVE('',#1908,#1983,#2390,.T.);
#1623=EDGE_CURVE('',#2077,#1913,#178,.T.);
#1624=EDGE_CURVE('',#1914,#2022,#179,.T.);
#1625=EDGE_CURVE('',#2023,#2064,#180,.T.);
#1626=EDGE_CURVE('',#1975,#2011,#181,.F.);
#1627=EDGE_CURVE('',#2012,#2060,#182,.F.);
#1628=EDGE_CURVE('',#2061,#2056,#183,.F.);
#1629=EDGE_CURVE('',#2057,#1979,#184,.F.);
#1630=EDGE_CURVE('',#1801,#2023,#2391,.T.);
#1631=EDGE_CURVE('',#1802,#2022,#2392,.T.);
#1632=EDGE_CURVE('',#1803,#1914,#2393,.T.);
#1633=EDGE_CURVE('',#1804,#1913,#2394,.T.);
#1634=EDGE_CURVE('',#1805,#2077,#2395,.T.);
#1635=EDGE_CURVE('',#1845,#1979,#2396,.T.);
#1636=EDGE_CURVE('',#1846,#2057,#2397,.T.);
#1637=EDGE_CURVE('',#1847,#2056,#2398,.T.);
#1638=EDGE_CURVE('',#1848,#2061,#2399,.T.);
#1639=EDGE_CURVE('',#1849,#2060,#2400,.T.);
#1640=EDGE_CURVE('',#1850,#2012,#2401,.T.);
#1641=EDGE_CURVE('',#1835,#2011,#2402,.T.);
#1642=EDGE_CURVE('',#1836,#1975,#2403,.T.);
#1643=EDGE_CURVE('',#2078,#2079,#2404,.F.);
#1644=EDGE_CURVE('',#1921,#2078,#185,.T.);
#1645=EDGE_CURVE('',#1920,#2079,#186,.T.);
#1646=EDGE_CURVE('',#1905,#2078,#2405,.F.);
#1647=EDGE_CURVE('',#2079,#1901,#2406,.F.);
#1648=EDGE_CURVE('',#2080,#2081,#2407,.T.);
#1649=EDGE_CURVE('',#2082,#2080,#2408,.T.);
#1650=EDGE_CURVE('',#2082,#2083,#2409,.F.);
#1651=EDGE_CURVE('',#2083,#2081,#2410,.T.);
#1652=EDGE_CURVE('',#2049,#2080,#2411,.T.);
#1653=EDGE_CURVE('',#2050,#2082,#2412,.F.);
#1654=EDGE_CURVE('',#2081,#1999,#2413,.T.);
#1655=EDGE_CURVE('',#2083,#2000,#2414,.F.);
#1656=EDGE_CURVE('',#2038,#2082,#187,.T.);
#1657=EDGE_CURVE('',#2040,#2083,#188,.T.);
#1658=EDGE_CURVE('',#2084,#2085,#2415,.T.);
#1659=EDGE_CURVE('',#2086,#2084,#2416,.T.);
#1660=EDGE_CURVE('',#2087,#2086,#2417,.T.);
#1661=EDGE_CURVE('',#2087,#2085,#2418,.T.);
#1662=EDGE_CURVE('',#2088,#2084,#2419,.T.);
#1663=EDGE_CURVE('',#2089,#2088,#2420,.T.);
#1664=EDGE_CURVE('',#2086,#2089,#2421,.T.);
#1665=EDGE_CURVE('',#2085,#2053,#2422,.T.);
#1666=EDGE_CURVE('',#2051,#2087,#2423,.T.);
#1667=EDGE_CURVE('',#2062,#2044,#189,.T.);
#1668=EDGE_CURVE('',#2063,#2043,#190,.T.);
#1669=EDGE_CURVE('',#2090,#2054,#2424,.T.);
#1670=EDGE_CURVE('',#2091,#2090,#2425,.T.);
#1671=EDGE_CURVE('',#2091,#2055,#2426,.T.);
#1672=EDGE_CURVE('',#2090,#1971,#2427,.T.);
#1673=EDGE_CURVE('',#1958,#2091,#2428,.T.);
#1674=EDGE_CURVE('',#2092,#2093,#62,.T.);
#1675=EDGE_CURVE('',#2094,#2092,#191,.T.);
#1676=EDGE_CURVE('',#2094,#2095,#2429,.F.);
#1677=EDGE_CURVE('',#2095,#2093,#192,.T.);
#1678=EDGE_CURVE('',#1907,#2092,#63,.T.);
#1679=EDGE_CURVE('',#1906,#2094,#2430,.F.);
#1680=EDGE_CURVE('',#2093,#1899,#2431,.F.);
#1681=EDGE_CURVE('',#2095,#1900,#2432,.F.);
#1682=EDGE_CURVE('',#2078,#2094,#2433,.T.);
#1683=EDGE_CURVE('',#2079,#2095,#2434,.T.);
#1684=EDGE_CURVE('',#2027,#2088,#2435,.T.);
#1685=EDGE_CURVE('',#2089,#2026,#2436,.T.);
#1686=EDGE_CURVE('',#2024,#2096,#2437,.T.);
#1687=EDGE_CURVE('',#2096,#2097,#193,.T.);
#1688=EDGE_CURVE('',#2025,#2097,#2438,.T.);
#1689=EDGE_CURVE('',#1949,#2096,#2439,.T.);
#1690=EDGE_CURVE('',#2097,#2052,#2440,.T.);
#1691=EDGE_CURVE('',#2028,#2006,#2441,.T.);
#1692=EDGE_CURVE('',#2029,#2005,#2442,.T.);
#1693=EDGE_CURVE('',#2030,#2004,#2443,.T.);
#1694=EDGE_CURVE('',#2031,#2003,#2444,.T.);
#1695=EDGE_CURVE('',#2015,#2098,#2445,.T.);
#1696=EDGE_CURVE('',#2098,#2099,#194,.T.);
#1697=EDGE_CURVE('',#2017,#2099,#2446,.T.);
#1698=EDGE_CURVE('',#2099,#2100,#2447,.T.);
#1699=EDGE_CURVE('',#2018,#2100,#2448,.T.);
#1700=EDGE_CURVE('',#2100,#2101,#195,.T.);
#1701=EDGE_CURVE('',#2019,#2101,#2449,.T.);
#1702=EDGE_CURVE('',#1991,#2098,#2450,.T.);
#1703=EDGE_CURVE('',#2101,#1993,#2451,.T.);
#1704=EDGE_CURVE('',#1981,#1978,#2452,.T.);
#1705=EDGE_CURVE('',#1984,#1977,#2453,.T.);
#1706=EDGE_CURVE('',#2102,#1940,#2454,.T.);
#1707=EDGE_CURVE('',#2103,#1970,#2455,.T.);
#1708=EDGE_CURVE('',#2103,#2102,#2456,.T.);
#1709=EDGE_CURVE('',#2104,#2102,#2457,.T.);
#1710=EDGE_CURVE('',#2105,#2103,#2458,.T.);
#1711=EDGE_CURVE('',#2105,#2104,#2459,.T.);
#1712=EDGE_CURVE('',#2106,#2104,#2460,.T.);
#1713=EDGE_CURVE('',#2107,#2105,#2461,.T.);
#1714=EDGE_CURVE('',#2107,#2106,#2462,.T.);
#1715=EDGE_CURVE('',#2108,#2106,#2463,.T.);
#1716=EDGE_CURVE('',#2109,#2107,#2464,.T.);
#1717=EDGE_CURVE('',#2109,#2108,#2465,.T.);
#1718=EDGE_CURVE('',#1809,#2108,#2466,.T.);
#1719=EDGE_CURVE('',#1810,#2109,#2467,.T.);
#1720=EDGE_CURVE('',#1912,#2058,#2468,.T.);
#1721=EDGE_CURVE('',#1917,#2059,#2469,.T.);
#1722=EDGE_CURVE('',#1785,#1853,#2470,.T.);
#1723=EDGE_CURVE('',#1784,#1852,#2471,.T.);
#1724=EDGE_CURVE('',#1786,#1851,#2472,.T.);
#1725=EDGE_CURVE('',#1787,#1854,#2473,.T.);
#1726=EDGE_CURVE('',#1816,#1857,#2474,.T.);
#1727=EDGE_CURVE('',#1815,#1856,#2475,.T.);
#1728=EDGE_CURVE('',#1817,#1855,#2476,.T.);
#1729=EDGE_CURVE('',#1818,#1858,#2477,.T.);
#1730=EDGE_CURVE('',#1781,#1861,#2478,.T.);
#1731=EDGE_CURVE('',#1780,#1860,#2479,.T.);
#1732=EDGE_CURVE('',#1782,#1859,#2480,.T.);
#1733=EDGE_CURVE('',#1783,#1862,#2481,.T.);
#1734=EDGE_CURVE('',#1820,#1865,#2482,.T.);
#1735=EDGE_CURVE('',#1819,#1864,#2483,.T.);
#1736=EDGE_CURVE('',#1821,#1863,#2484,.T.);
#1737=EDGE_CURVE('',#1822,#1866,#2485,.T.);
#1738=EDGE_CURVE('',#1777,#1869,#2486,.T.);
#1739=EDGE_CURVE('',#1776,#1868,#2487,.T.);
#1740=EDGE_CURVE('',#1778,#1867,#2488,.T.);
#1741=EDGE_CURVE('',#1779,#1870,#2489,.T.);
#1742=EDGE_CURVE('',#1824,#1873,#2490,.T.);
#1743=EDGE_CURVE('',#1823,#1872,#2491,.T.);
#1744=EDGE_CURVE('',#1825,#1871,#2492,.T.);
#1745=EDGE_CURVE('',#1826,#1874,#2493,.T.);
#1746=EDGE_CURVE('',#1773,#1877,#2494,.T.);
#1747=EDGE_CURVE('',#1772,#1876,#2495,.T.);
#1748=EDGE_CURVE('',#1774,#1875,#2496,.T.);
#1749=EDGE_CURVE('',#1775,#1878,#2497,.T.);
#1750=EDGE_CURVE('',#1828,#1881,#2498,.T.);
#1751=EDGE_CURVE('',#1827,#1880,#2499,.T.);
#1752=EDGE_CURVE('',#1829,#1879,#2500,.T.);
#1753=EDGE_CURVE('',#1830,#1882,#2501,.T.);
#1754=EDGE_CURVE('',#1769,#1885,#2502,.T.);
#1755=EDGE_CURVE('',#1768,#1884,#2503,.T.);
#1756=EDGE_CURVE('',#1770,#1883,#2504,.T.);
#1757=EDGE_CURVE('',#1771,#1886,#2505,.T.);
#1758=EDGE_CURVE('',#1832,#1889,#2506,.T.);
#1759=EDGE_CURVE('',#1831,#1887,#2507,.T.);
#1760=EDGE_CURVE('',#1833,#1888,#2508,.T.);
#1761=EDGE_CURVE('',#1834,#1890,#2509,.T.);
#1762=EDGE_CURVE('',#2009,#2097,#64,.F.);
#1763=EDGE_CURVE('',#2010,#2096,#2510,.T.);
#1764=EDGE_CURVE('',#2013,#2101,#2511,.T.);
#1765=EDGE_CURVE('',#2014,#2100,#2512,.T.);
#1766=EDGE_CURVE('',#2001,#2099,#2513,.T.);
#1767=EDGE_CURVE('',#2002,#2098,#2514,.T.);
#1768=VERTEX_POINT('',#5086);
#1769=VERTEX_POINT('',#5087);
#1770=VERTEX_POINT('',#5089);
#1771=VERTEX_POINT('',#5091);
#1772=VERTEX_POINT('',#5094);
#1773=VERTEX_POINT('',#5095);
#1774=VERTEX_POINT('',#5097);
#1775=VERTEX_POINT('',#5099);
#1776=VERTEX_POINT('',#5102);
#1777=VERTEX_POINT('',#5103);
#1778=VERTEX_POINT('',#5105);
#1779=VERTEX_POINT('',#5107);
#1780=VERTEX_POINT('',#5110);
#1781=VERTEX_POINT('',#5111);
#1782=VERTEX_POINT('',#5113);
#1783=VERTEX_POINT('',#5115);
#1784=VERTEX_POINT('',#5118);
#1785=VERTEX_POINT('',#5119);
#1786=VERTEX_POINT('',#5121);
#1787=VERTEX_POINT('',#5123);
#1788=VERTEX_POINT('',#5126);
#1789=VERTEX_POINT('',#5128);
#1790=VERTEX_POINT('',#5130);
#1791=VERTEX_POINT('',#5132);
#1792=VERTEX_POINT('',#5134);
#1793=VERTEX_POINT('',#5135);
#1794=VERTEX_POINT('',#5137);
#1795=VERTEX_POINT('',#5139);
#1796=VERTEX_POINT('',#5141);
#1797=VERTEX_POINT('',#5143);
#1798=VERTEX_POINT('',#5145);
#1799=VERTEX_POINT('',#5147);
#1800=VERTEX_POINT('',#5149);
#1801=VERTEX_POINT('',#5151);
#1802=VERTEX_POINT('',#5153);
#1803=VERTEX_POINT('',#5155);
#1804=VERTEX_POINT('',#5157);
#1805=VERTEX_POINT('',#5159);
#1806=VERTEX_POINT('',#5161);
#1807=VERTEX_POINT('',#5163);
#1808=VERTEX_POINT('',#5165);
#1809=VERTEX_POINT('',#5167);
#1810=VERTEX_POINT('',#5169);
#1811=VERTEX_POINT('',#5171);
#1812=VERTEX_POINT('',#5173);
#1813=VERTEX_POINT('',#5175);
#1814=VERTEX_POINT('',#5177);
#1815=VERTEX_POINT('',#5180);
#1816=VERTEX_POINT('',#5181);
#1817=VERTEX_POINT('',#5183);
#1818=VERTEX_POINT('',#5185);
#1819=VERTEX_POINT('',#5188);
#1820=VERTEX_POINT('',#5189);
#1821=VERTEX_POINT('',#5191);
#1822=VERTEX_POINT('',#5193);
#1823=VERTEX_POINT('',#5196);
#1824=VERTEX_POINT('',#5197);
#1825=VERTEX_POINT('',#5199);
#1826=VERTEX_POINT('',#5201);
#1827=VERTEX_POINT('',#5204);
#1828=VERTEX_POINT('',#5205);
#1829=VERTEX_POINT('',#5207);
#1830=VERTEX_POINT('',#5209);
#1831=VERTEX_POINT('',#5212);
#1832=VERTEX_POINT('',#5213);
#1833=VERTEX_POINT('',#5215);
#1834=VERTEX_POINT('',#5217);
#1835=VERTEX_POINT('',#5221);
#1836=VERTEX_POINT('',#5222);
#1837=VERTEX_POINT('',#5224);
#1838=VERTEX_POINT('',#5226);
#1839=VERTEX_POINT('',#5228);
#1840=VERTEX_POINT('',#5230);
#1841=VERTEX_POINT('',#5232);
#1842=VERTEX_POINT('',#5234);
#1843=VERTEX_POINT('',#5236);
#1844=VERTEX_POINT('',#5238);
#1845=VERTEX_POINT('',#5240);
#1846=VERTEX_POINT('',#5242);
#1847=VERTEX_POINT('',#5244);
#1848=VERTEX_POINT('',#5246);
#1849=VERTEX_POINT('',#5248);
#1850=VERTEX_POINT('',#5250);
#1851=VERTEX_POINT('',#5253);
#1852=VERTEX_POINT('',#5254);
#1853=VERTEX_POINT('',#5256);
#1854=VERTEX_POINT('',#5258);
#1855=VERTEX_POINT('',#5261);
#1856=VERTEX_POINT('',#5262);
#1857=VERTEX_POINT('',#5264);
#1858=VERTEX_POINT('',#5266);
#1859=VERTEX_POINT('',#5269);
#1860=VERTEX_POINT('',#5270);
#1861=VERTEX_POINT('',#5272);
#1862=VERTEX_POINT('',#5274);
#1863=VERTEX_POINT('',#5277);
#1864=VERTEX_POINT('',#5278);
#1865=VERTEX_POINT('',#5280);
#1866=VERTEX_POINT('',#5282);
#1867=VERTEX_POINT('',#5285);
#1868=VERTEX_POINT('',#5286);
#1869=VERTEX_POINT('',#5288);
#1870=VERTEX_POINT('',#5290);
#1871=VERTEX_POINT('',#5293);
#1872=VERTEX_POINT('',#5294);
#1873=VERTEX_POINT('',#5296);
#1874=VERTEX_POINT('',#5298);
#1875=VERTEX_POINT('',#5301);
#1876=VERTEX_POINT('',#5302);
#1877=VERTEX_POINT('',#5304);
#1878=VERTEX_POINT('',#5306);
#1879=VERTEX_POINT('',#5309);
#1880=VERTEX_POINT('',#5310);
#1881=VERTEX_POINT('',#5312);
#1882=VERTEX_POINT('',#5314);
#1883=VERTEX_POINT('',#5317);
#1884=VERTEX_POINT('',#5318);
#1885=VERTEX_POINT('',#5320);
#1886=VERTEX_POINT('',#5322);
#1887=VERTEX_POINT('',#5325);
#1888=VERTEX_POINT('',#5326);
#1889=VERTEX_POINT('',#5328);
#1890=VERTEX_POINT('',#5330);
#1891=VERTEX_POINT('',#5334);
#1892=VERTEX_POINT('',#5335);
#1893=VERTEX_POINT('',#5337);
#1894=VERTEX_POINT('',#5339);
#1895=VERTEX_POINT('',#5341);
#1896=VERTEX_POINT('',#5343);
#1897=VERTEX_POINT('',#5345);
#1898=VERTEX_POINT('',#5347);
#1899=VERTEX_POINT('',#5349);
#1900=VERTEX_POINT('',#5351);
#1901=VERTEX_POINT('',#5353);
#1902=VERTEX_POINT('',#5357);
#1903=VERTEX_POINT('',#5358);
#1904=VERTEX_POINT('',#5360);
#1905=VERTEX_POINT('',#5362);
#1906=VERTEX_POINT('',#5364);
#1907=VERTEX_POINT('',#5366);
#1908=VERTEX_POINT('',#5368);
#1909=VERTEX_POINT('',#5370);
#1910=VERTEX_POINT('',#5372);
#1911=VERTEX_POINT('',#5374);
#1912=VERTEX_POINT('',#5378);
#1913=VERTEX_POINT('',#5380);
#1914=VERTEX_POINT('',#5382);
#1915=VERTEX_POINT('',#5384);
#1916=VERTEX_POINT('',#5386);
#1917=VERTEX_POINT('',#5388);
#1918=VERTEX_POINT('',#5392);
#1919=VERTEX_POINT('',#5393);
#1920=VERTEX_POINT('',#5395);
#1921=VERTEX_POINT('',#5397);
#1922=VERTEX_POINT('',#5407);
#1923=VERTEX_POINT('',#5408);
#1924=VERTEX_POINT('',#5413);
#1925=VERTEX_POINT('',#5414);
#1926=VERTEX_POINT('',#5416);
#1927=VERTEX_POINT('',#5418);
#1928=VERTEX_POINT('',#5422);
#1929=VERTEX_POINT('',#5423);
#1930=VERTEX_POINT('',#5426);
#1931=VERTEX_POINT('',#5430);
#1932=VERTEX_POINT('',#5432);
#1933=VERTEX_POINT('',#5436);
#1934=VERTEX_POINT('',#5438);
#1935=VERTEX_POINT('',#5442);
#1936=VERTEX_POINT('',#5444);
#1937=VERTEX_POINT('',#5455);
#1938=VERTEX_POINT('',#5457);
#1939=VERTEX_POINT('',#5461);
#1940=VERTEX_POINT('',#5462);
#1941=VERTEX_POINT('',#5464);
#1942=VERTEX_POINT('',#5466);
#1943=VERTEX_POINT('',#5470);
#1944=VERTEX_POINT('',#5471);
#1945=VERTEX_POINT('',#5473);
#1946=VERTEX_POINT('',#5475);
#1947=VERTEX_POINT('',#5479);
#1948=VERTEX_POINT('',#5480);
#1949=VERTEX_POINT('',#5482);
#1950=VERTEX_POINT('',#5484);
#1951=VERTEX_POINT('',#5486);
#1952=VERTEX_POINT('',#5488);
#1953=VERTEX_POINT('',#5490);
#1954=VERTEX_POINT('',#5492);
#1955=VERTEX_POINT('',#5496);
#1956=VERTEX_POINT('',#5497);
#1957=VERTEX_POINT('',#5499);
#1958=VERTEX_POINT('',#5501);
#1959=VERTEX_POINT('',#5505);
#1960=VERTEX_POINT('',#5507);
#1961=VERTEX_POINT('',#5509);
#1962=VERTEX_POINT('',#5513);
#1963=VERTEX_POINT('',#5514);
#1964=VERTEX_POINT('',#5516);
#1965=VERTEX_POINT('',#5518);
#1966=VERTEX_POINT('',#5520);
#1967=VERTEX_POINT('',#5522);
#1968=VERTEX_POINT('',#5526);
#1969=VERTEX_POINT('',#5527);
#1970=VERTEX_POINT('',#5529);
#1971=VERTEX_POINT('',#5532);
#1972=VERTEX_POINT('',#5536);
#1973=VERTEX_POINT('',#5538);
#1974=VERTEX_POINT('',#5542);
#1975=VERTEX_POINT('',#5544);
#1976=VERTEX_POINT('',#5548);
#1977=VERTEX_POINT('',#5550);
#1978=VERTEX_POINT('',#5552);
#1979=VERTEX_POINT('',#5555);
#1980=VERTEX_POINT('',#5561);
#1981=VERTEX_POINT('',#5562);
#1982=VERTEX_POINT('',#5565);
#1983=VERTEX_POINT('',#5567);
#1984=VERTEX_POINT('',#5575);
#1985=VERTEX_POINT('',#5579);
#1986=VERTEX_POINT('',#5580);
#1987=VERTEX_POINT('',#5582);
#1988=VERTEX_POINT('',#5584);
#1989=VERTEX_POINT('',#5594);
#1990=VERTEX_POINT('',#5595);
#1991=VERTEX_POINT('',#5597);
#1992=VERTEX_POINT('',#5599);
#1993=VERTEX_POINT('',#5603);
#1994=VERTEX_POINT('',#5604);
#1995=VERTEX_POINT('',#5606);
#1996=VERTEX_POINT('',#5608);
#1997=VERTEX_POINT('',#5610);
#1998=VERTEX_POINT('',#5612);
#1999=VERTEX_POINT('',#5614);
#2000=VERTEX_POINT('',#5616);
#2001=VERTEX_POINT('',#5620);
#2002=VERTEX_POINT('',#5621);
#2003=VERTEX_POINT('',#5624);
#2004=VERTEX_POINT('',#5626);
#2005=VERTEX_POINT('',#5628);
#2006=VERTEX_POINT('',#5630);
#2007=VERTEX_POINT('',#5632);
#2008=VERTEX_POINT('',#5634);
#2009=VERTEX_POINT('',#5636);
#2010=VERTEX_POINT('',#5638);
#2011=VERTEX_POINT('',#5641);
#2012=VERTEX_POINT('',#5643);
#2013=VERTEX_POINT('',#5646);
#2014=VERTEX_POINT('',#5648);
#2015=VERTEX_POINT('',#5652);
#2016=VERTEX_POINT('',#5653);
#2017=VERTEX_POINT('',#5655);
#2018=VERTEX_POINT('',#5657);
#2019=VERTEX_POINT('',#5659);
#2020=VERTEX_POINT('',#5661);
#2021=VERTEX_POINT('',#5663);
#2022=VERTEX_POINT('',#5665);
#2023=VERTEX_POINT('',#5667);
#2024=VERTEX_POINT('',#5670);
#2025=VERTEX_POINT('',#5672);
#2026=VERTEX_POINT('',#5674);
#2027=VERTEX_POINT('',#5676);
#2028=VERTEX_POINT('',#5678);
#2029=VERTEX_POINT('',#5680);
#2030=VERTEX_POINT('',#5682);
#2031=VERTEX_POINT('',#5684);
#2032=VERTEX_POINT('',#5686);
#2033=VERTEX_POINT('',#5690);
#2034=VERTEX_POINT('',#5691);
#2035=VERTEX_POINT('',#5693);
#2036=VERTEX_POINT('',#5695);
#2037=VERTEX_POINT('',#5699);
#2038=VERTEX_POINT('',#5700);
#2039=VERTEX_POINT('',#5702);
#2040=VERTEX_POINT('',#5704);
#2041=VERTEX_POINT('',#5708);
#2042=VERTEX_POINT('',#5709);
#2043=VERTEX_POINT('',#5711);
#2044=VERTEX_POINT('',#5713);
#2045=VERTEX_POINT('',#5717);
#2046=VERTEX_POINT('',#5719);
#2047=VERTEX_POINT('',#5723);
#2048=VERTEX_POINT('',#5724);
#2049=VERTEX_POINT('',#5744);
#2050=VERTEX_POINT('',#5748);
#2051=VERTEX_POINT('',#5752);
#2052=VERTEX_POINT('',#5753);
#2053=VERTEX_POINT('',#5756);
#2054=VERTEX_POINT('',#5767);
#2055=VERTEX_POINT('',#5769);
#2056=VERTEX_POINT('',#5773);
#2057=VERTEX_POINT('',#5775);
#2058=VERTEX_POINT('',#5779);
#2059=VERTEX_POINT('',#5781);
#2060=VERTEX_POINT('',#5784);
#2061=VERTEX_POINT('',#5786);
#2062=VERTEX_POINT('',#5792);
#2063=VERTEX_POINT('',#5797);
#2064=VERTEX_POINT('',#5803);
#2065=VERTEX_POINT('',#5815);
#2066=VERTEX_POINT('',#5817);
#2067=VERTEX_POINT('',#5820);
#2068=VERTEX_POINT('',#5825);
#2069=VERTEX_POINT('',#5827);
#2070=VERTEX_POINT('',#5830);
#2071=VERTEX_POINT('',#5835);
#2072=VERTEX_POINT('',#5837);
#2073=VERTEX_POINT('',#5840);
#2074=VERTEX_POINT('',#5845);
#2075=VERTEX_POINT('',#5847);
#2076=VERTEX_POINT('',#5850);
#2077=VERTEX_POINT('',#5856);
#2078=VERTEX_POINT('',#5908);
#2079=VERTEX_POINT('',#5909);
#2080=VERTEX_POINT('',#5918);
#2081=VERTEX_POINT('',#5919);
#2082=VERTEX_POINT('',#5921);
#2083=VERTEX_POINT('',#5923);
#2084=VERTEX_POINT('',#5938);
#2085=VERTEX_POINT('',#5939);
#2086=VERTEX_POINT('',#5941);
#2087=VERTEX_POINT('',#5943);
#2088=VERTEX_POINT('',#5947);
#2089=VERTEX_POINT('',#5949);
#2090=VERTEX_POINT('',#5961);
#2091=VERTEX_POINT('',#5963);
#2092=VERTEX_POINT('',#5974);
#2093=VERTEX_POINT('',#5975);
#2094=VERTEX_POINT('',#5977);
#2095=VERTEX_POINT('',#5979);
#2096=VERTEX_POINT('',#6000);
#2097=VERTEX_POINT('',#6002);
#2098=VERTEX_POINT('',#6019);
#2099=VERTEX_POINT('',#6021);
#2100=VERTEX_POINT('',#6025);
#2101=VERTEX_POINT('',#6029);
#2102=VERTEX_POINT('',#6042);
#2103=VERTEX_POINT('',#6044);
#2104=VERTEX_POINT('',#6048);
#2105=VERTEX_POINT('',#6050);
#2106=VERTEX_POINT('',#6054);
#2107=VERTEX_POINT('',#6056);
#2108=VERTEX_POINT('',#6060);
#2109=VERTEX_POINT('',#6062);
#2110=LINE('',#5085,#2515);
#2111=LINE('',#5090,#2516);
#2112=LINE('',#5093,#2517);
#2113=LINE('',#5098,#2518);
#2114=LINE('',#5101,#2519);
#2115=LINE('',#5106,#2520);
#2116=LINE('',#5109,#2521);
#2117=LINE('',#5114,#2522);
#2118=LINE('',#5117,#2523);
#2119=LINE('',#5122,#2524);
#2120=LINE('',#5133,#2525);
#2121=LINE('',#5136,#2526);
#2122=LINE('',#5138,#2527);
#2123=LINE('',#5140,#2528);
#2124=LINE('',#5142,#2529);
#2125=LINE('',#5144,#2530);
#2126=LINE('',#5146,#2531);
#2127=LINE('',#5148,#2532);
#2128=LINE('',#5152,#2533);
#2129=LINE('',#5156,#2534);
#2130=LINE('',#5160,#2535);
#2131=LINE('',#5164,#2536);
#2132=LINE('',#5166,#2537);
#2133=LINE('',#5168,#2538);
#2134=LINE('',#5170,#2539);
#2135=LINE('',#5172,#2540);
#2136=LINE('',#5174,#2541);
#2137=LINE('',#5176,#2542);
#2138=LINE('',#5178,#2543);
#2139=LINE('',#5179,#2544);
#2140=LINE('',#5184,#2545);
#2141=LINE('',#5187,#2546);
#2142=LINE('',#5192,#2547);
#2143=LINE('',#5195,#2548);
#2144=LINE('',#5200,#2549);
#2145=LINE('',#5203,#2550);
#2146=LINE('',#5208,#2551);
#2147=LINE('',#5211,#2552);
#2148=LINE('',#5216,#2553);
#2149=LINE('',#5223,#2554);
#2150=LINE('',#5225,#2555);
#2151=LINE('',#5227,#2556);
#2152=LINE('',#5229,#2557);
#2153=LINE('',#5231,#2558);
#2154=LINE('',#5233,#2559);
#2155=LINE('',#5235,#2560);
#2156=LINE('',#5237,#2561);
#2157=LINE('',#5239,#2562);
#2158=LINE('',#5243,#2563);
#2159=LINE('',#5247,#2564);
#2160=LINE('',#5251,#2565);
#2161=LINE('',#5255,#2566);
#2162=LINE('',#5259,#2567);
#2163=LINE('',#5263,#2568);
#2164=LINE('',#5267,#2569);
#2165=LINE('',#5271,#2570);
#2166=LINE('',#5275,#2571);
#2167=LINE('',#5279,#2572);
#2168=LINE('',#5283,#2573);
#2169=LINE('',#5287,#2574);
#2170=LINE('',#5291,#2575);
#2171=LINE('',#5295,#2576);
#2172=LINE('',#5299,#2577);
#2173=LINE('',#5303,#2578);
#2174=LINE('',#5307,#2579);
#2175=LINE('',#5311,#2580);
#2176=LINE('',#5315,#2581);
#2177=LINE('',#5319,#2582);
#2178=LINE('',#5323,#2583);
#2179=LINE('',#5327,#2584);
#2180=LINE('',#5331,#2585);
#2181=LINE('',#5333,#2586);
#2182=LINE('',#5336,#2587);
#2183=LINE('',#5338,#2588);
#2184=LINE('',#5342,#2589);
#2185=LINE('',#5346,#2590);
#2186=LINE('',#5348,#2591);
#2187=LINE('',#5352,#2592);
#2188=LINE('',#5356,#2593);
#2189=LINE('',#5359,#2594);
#2190=LINE('',#5363,#2595);
#2191=LINE('',#5367,#2596);
#2192=LINE('',#5371,#2597);
#2193=LINE('',#5375,#2598);
#2194=LINE('',#5377,#2599);
#2195=LINE('',#5379,#2600);
#2196=LINE('',#5381,#2601);
#2197=LINE('',#5383,#2602);
#2198=LINE('',#5385,#2603);
#2199=LINE('',#5387,#2604);
#2200=LINE('',#5391,#2605);
#2201=LINE('',#5394,#2606);
#2202=LINE('',#5396,#2607);
#2203=LINE('',#5398,#2608);
#2204=LINE('',#5400,#2609);
#2205=LINE('',#5401,#2610);
#2206=LINE('',#5403,#2611);
#2207=LINE('',#5404,#2612);
#2208=LINE('',#5406,#2613);
#2209=LINE('',#5409,#2614);
#2210=LINE('',#5410,#2615);
#2211=LINE('',#5412,#2616);
#2212=LINE('',#5415,#2617);
#2213=LINE('',#5417,#2618);
#2214=LINE('',#5419,#2619);
#2215=LINE('',#5421,#2620);
#2216=LINE('',#5424,#2621);
#2217=LINE('',#5425,#2622);
#2218=LINE('',#5427,#2623);
#2219=LINE('',#5429,#2624);
#2220=LINE('',#5431,#2625);
#2221=LINE('',#5433,#2626);
#2222=LINE('',#5435,#2627);
#2223=LINE('',#5437,#2628);
#2224=LINE('',#5439,#2629);
#2225=LINE('',#5441,#2630);
#2226=LINE('',#5443,#2631);
#2227=LINE('',#5445,#2632);
#2228=LINE('',#5447,#2633);
#2229=LINE('',#5448,#2634);
#2230=LINE('',#5450,#2635);
#2231=LINE('',#5452,#2636);
#2232=LINE('',#5454,#2637);
#2233=LINE('',#5456,#2638);
#2234=LINE('',#5458,#2639);
#2235=LINE('',#5460,#2640);
#2236=LINE('',#5463,#2641);
#2237=LINE('',#5465,#2642);
#2238=LINE('',#5467,#2643);
#2239=LINE('',#5469,#2644);
#2240=LINE('',#5472,#2645);
#2241=LINE('',#5474,#2646);
#2242=LINE('',#5476,#2647);
#2243=LINE('',#5478,#2648);
#2244=LINE('',#5481,#2649);
#2245=LINE('',#5483,#2650);
#2246=LINE('',#5485,#2651);
#2247=LINE('',#5489,#2652);
#2248=LINE('',#5491,#2653);
#2249=LINE('',#5495,#2654);
#2250=LINE('',#5498,#2655);
#2251=LINE('',#5500,#2656);
#2252=LINE('',#5502,#2657);
#2253=LINE('',#5504,#2658);
#2254=LINE('',#5506,#2659);
#2255=LINE('',#5508,#2660);
#2256=LINE('',#5510,#2661);
#2257=LINE('',#5512,#2662);
#2258=LINE('',#5517,#2663);
#2259=LINE('',#5519,#2664);
#2260=LINE('',#5521,#2665);
#2261=LINE('',#5525,#2666);
#2262=LINE('',#5528,#2667);
#2263=LINE('',#5530,#2668);
#2264=LINE('',#5531,#2669);
#2265=LINE('',#5533,#2670);
#2266=LINE('',#5535,#2671);
#2267=LINE('',#5537,#2672);
#2268=LINE('',#5539,#2673);
#2269=LINE('',#5541,#2674);
#2270=LINE('',#5543,#2675);
#2271=LINE('',#5545,#2676);
#2272=LINE('',#5547,#2677);
#2273=LINE('',#5549,#2678);
#2274=LINE('',#5551,#2679);
#2275=LINE('',#5553,#2680);
#2276=LINE('',#5554,#2681);
#2277=LINE('',#5556,#2682);
#2278=LINE('',#5558,#2683);
#2279=LINE('',#5563,#2684);
#2280=LINE('',#5564,#2685);
#2281=LINE('',#5573,#2686);
#2282=LINE('',#5574,#2687);
#2283=LINE('',#5576,#2688);
#2284=LINE('',#5578,#2689);
#2285=LINE('',#5581,#2690);
#2286=LINE('',#5583,#2691);
#2287=LINE('',#5585,#2692);
#2288=LINE('',#5587,#2693);
#2289=LINE('',#5588,#2694);
#2290=LINE('',#5590,#2695);
#2291=LINE('',#5591,#2696);
#2292=LINE('',#5593,#2697);
#2293=LINE('',#5596,#2698);
#2294=LINE('',#5598,#2699);
#2295=LINE('',#5600,#2700);
#2296=LINE('',#5602,#2701);
#2297=LINE('',#5605,#2702);
#2298=LINE('',#5607,#2703);
#2299=LINE('',#5611,#2704);
#2300=LINE('',#5613,#2705);
#2301=LINE('',#5615,#2706);
#2302=LINE('',#5622,#2707);
#2303=LINE('',#5623,#2708);
#2304=LINE('',#5627,#2709);
#2305=LINE('',#5631,#2710);
#2306=LINE('',#5633,#2711);
#2307=LINE('',#5635,#2712);
#2308=LINE('',#5639,#2713);
#2309=LINE('',#5640,#2714);
#2310=LINE('',#5642,#2715);
#2311=LINE('',#5644,#2716);
#2312=LINE('',#5645,#2717);
#2313=LINE('',#5649,#2718);
#2314=LINE('',#5651,#2719);
#2315=LINE('',#5656,#2720);
#2316=LINE('',#5660,#2721);
#2317=LINE('',#5662,#2722);
#2318=LINE('',#5664,#2723);
#2319=LINE('',#5666,#2724);
#2320=LINE('',#5668,#2725);
#2321=LINE('',#5669,#2726);
#2322=LINE('',#5673,#2727);
#2323=LINE('',#5675,#2728);
#2324=LINE('',#5677,#2729);
#2325=LINE('',#5681,#2730);
#2326=LINE('',#5685,#2731);
#2327=LINE('',#5687,#2732);
#2328=LINE('',#5689,#2733);
#2329=LINE('',#5692,#2734);
#2330=LINE('',#5694,#2735);
#2331=LINE('',#5696,#2736);
#2332=LINE('',#5698,#2737);
#2333=LINE('',#5701,#2738);
#2334=LINE('',#5703,#2739);
#2335=LINE('',#5705,#2740);
#2336=LINE('',#5707,#2741);
#2337=LINE('',#5710,#2742);
#2338=LINE('',#5712,#2743);
#2339=LINE('',#5714,#2744);
#2340=LINE('',#5716,#2745);
#2341=LINE('',#5718,#2746);
#2342=LINE('',#5720,#2747);
#2343=LINE('',#5722,#2748);
#2344=LINE('',#5725,#2749);
#2345=LINE('',#5726,#2750);
#2346=LINE('',#5728,#2751);
#2347=LINE('',#5729,#2752);
#2348=LINE('',#5731,#2753);
#2349=LINE('',#5732,#2754);
#2350=LINE('',#5734,#2755);
#2351=LINE('',#5735,#2756);
#2352=LINE('',#5737,#2757);
#2353=LINE('',#5738,#2758);
#2354=LINE('',#5740,#2759);
#2355=LINE('',#5741,#2760);
#2356=LINE('',#5743,#2761);
#2357=LINE('',#5746,#2762);
#2358=LINE('',#5749,#2763);
#2359=LINE('',#5751,#2764);
#2360=LINE('',#5754,#2765);
#2361=LINE('',#5755,#2766);
#2362=LINE('',#5757,#2767);
#2363=LINE('',#5759,#2768);
#2364=LINE('',#5760,#2769);
#2365=LINE('',#5762,#2770);
#2366=LINE('',#5764,#2771);
#2367=LINE('',#5765,#2772);
#2368=LINE('',#5766,#2773);
#2369=LINE('',#5768,#2774);
#2370=LINE('',#5770,#2775);
#2371=LINE('',#5772,#2776);
#2372=LINE('',#5774,#2777);
#2373=LINE('',#5776,#2778);
#2374=LINE('',#5778,#2779);
#2375=LINE('',#5782,#2780);
#2376=LINE('',#5783,#2781);
#2377=LINE('',#5785,#2782);
#2378=LINE('',#5787,#2783);
#2379=LINE('',#5789,#2784);
#2380=LINE('',#5790,#2785);
#2381=LINE('',#5791,#2786);
#2382=LINE('',#5802,#2787);
#2383=LINE('',#5809,#2788);
#2384=LINE('',#5811,#2789);
#2385=LINE('',#5812,#2790);
#2386=LINE('',#5854,#2791);
#2387=LINE('',#5855,#2792);
#2388=LINE('',#5857,#2793);
#2389=LINE('',#5859,#2794);
#2390=LINE('',#5861,#2795);
#2391=LINE('',#5877,#2796);
#2392=LINE('',#5879,#2797);
#2393=LINE('',#5881,#2798);
#2394=LINE('',#5883,#2799);
#2395=LINE('',#5885,#2800);
#2396=LINE('',#5888,#2801);
#2397=LINE('',#5890,#2802);
#2398=LINE('',#5892,#2803);
#2399=LINE('',#5894,#2804);
#2400=LINE('',#5896,#2805);
#2401=LINE('',#5898,#2806);
#2402=LINE('',#5900,#2807);
#2403=LINE('',#5902,#2808);
#2404=LINE('',#5907,#2809);
#2405=LINE('',#5913,#2810);
#2406=LINE('',#5915,#2811);
#2407=LINE('',#5917,#2812);
#2408=LINE('',#5920,#2813);
#2409=LINE('',#5922,#2814);
#2410=LINE('',#5924,#2815);
#2411=LINE('',#5926,#2816);
#2412=LINE('',#5927,#2817);
#2413=LINE('',#5929,#2818);
#2414=LINE('',#5930,#2819);
#2415=LINE('',#5937,#2820);
#2416=LINE('',#5940,#2821);
#2417=LINE('',#5942,#2822);
#2418=LINE('',#5944,#2823);
#2419=LINE('',#5946,#2824);
#2420=LINE('',#5948,#2825);
#2421=LINE('',#5950,#2826);
#2422=LINE('',#5952,#2827);
#2423=LINE('',#5953,#2828);
#2424=LINE('',#5960,#2829);
#2425=LINE('',#5962,#2830);
#2426=LINE('',#5964,#2831);
#2427=LINE('',#5966,#2832);
#2428=LINE('',#5968,#2833);
#2429=LINE('',#5978,#2834);
#2430=LINE('',#5986,#2835);
#2431=LINE('',#5988,#2836);
#2432=LINE('',#5989,#2837);
#2433=LINE('',#5991,#2838);
#2434=LINE('',#5992,#2839);
#2435=LINE('',#5995,#2840);
#2436=LINE('',#5996,#2841);
#2437=LINE('',#5999,#2842);
#2438=LINE('',#6003,#2843);
#2439=LINE('',#6005,#2844);
#2440=LINE('',#6007,#2845);
#2441=LINE('',#6009,#2846);
#2442=LINE('',#6010,#2847);
#2443=LINE('',#6012,#2848);
#2444=LINE('',#6014,#2849);
#2445=LINE('',#6018,#2850);
#2446=LINE('',#6022,#2851);
#2447=LINE('',#6024,#2852);
#2448=LINE('',#6026,#2853);
#2449=LINE('',#6030,#2854);
#2450=LINE('',#6032,#2855);
#2451=LINE('',#6034,#2856);
#2452=LINE('',#6036,#2857);
#2453=LINE('',#6037,#2858);
#2454=LINE('',#6041,#2859);
#2455=LINE('',#6043,#2860);
#2456=LINE('',#6045,#2861);
#2457=LINE('',#6047,#2862);
#2458=LINE('',#6049,#2863);
#2459=LINE('',#6051,#2864);
#2460=LINE('',#6053,#2865);
#2461=LINE('',#6055,#2866);
#2462=LINE('',#6057,#2867);
#2463=LINE('',#6059,#2868);
#2464=LINE('',#6061,#2869);
#2465=LINE('',#6063,#2870);
#2466=LINE('',#6065,#2871);
#2467=LINE('',#6066,#2872);
#2468=LINE('',#6070,#2873);
#2469=LINE('',#6072,#2874);
#2470=LINE('',#6075,#2875);
#2471=LINE('',#6076,#2876);
#2472=LINE('',#6078,#2877);
#2473=LINE('',#6080,#2878);
#2474=LINE('',#6083,#2879);
#2475=LINE('',#6084,#2880);
#2476=LINE('',#6086,#2881);
#2477=LINE('',#6088,#2882);
#2478=LINE('',#6091,#2883);
#2479=LINE('',#6092,#2884);
#2480=LINE('',#6094,#2885);
#2481=LINE('',#6096,#2886);
#2482=LINE('',#6099,#2887);
#2483=LINE('',#6100,#2888);
#2484=LINE('',#6102,#2889);
#2485=LINE('',#6104,#2890);
#2486=LINE('',#6107,#2891);
#2487=LINE('',#6108,#2892);
#2488=LINE('',#6110,#2893);
#2489=LINE('',#6112,#2894);
#2490=LINE('',#6115,#2895);
#2491=LINE('',#6116,#2896);
#2492=LINE('',#6118,#2897);
#2493=LINE('',#6120,#2898);
#2494=LINE('',#6123,#2899);
#2495=LINE('',#6124,#2900);
#2496=LINE('',#6126,#2901);
#2497=LINE('',#6128,#2902);
#2498=LINE('',#6131,#2903);
#2499=LINE('',#6132,#2904);
#2500=LINE('',#6134,#2905);
#2501=LINE('',#6136,#2906);
#2502=LINE('',#6139,#2907);
#2503=LINE('',#6140,#2908);
#2504=LINE('',#6142,#2909);
#2505=LINE('',#6144,#2910);
#2506=LINE('',#6147,#2911);
#2507=LINE('',#6148,#2912);
#2508=LINE('',#6150,#2913);
#2509=LINE('',#6152,#2914);
#2510=LINE('',#6160,#2915);
#2511=LINE('',#6163,#2916);
#2512=LINE('',#6165,#2917);
#2513=LINE('',#6167,#2918);
#2514=LINE('',#6169,#2919);
#2515=VECTOR('',#4056,1.);
#2516=VECTOR('',#4059,1.);
#2517=VECTOR('',#4062,1.);
#2518=VECTOR('',#4065,1.);
#2519=VECTOR('',#4068,1.);
#2520=VECTOR('',#4071,1.);
#2521=VECTOR('',#4074,1.);
#2522=VECTOR('',#4077,1.);
#2523=VECTOR('',#4080,1.);
#2524=VECTOR('',#4083,1.);
#2525=VECTOR('',#4094,1.);
#2526=VECTOR('',#4095,1.);
#2527=VECTOR('',#4096,1.);
#2528=VECTOR('',#4097,1.);
#2529=VECTOR('',#4098,1.);
#2530=VECTOR('',#4099,1.);
#2531=VECTOR('',#4100,1.);
#2532=VECTOR('',#4101,1.);
#2533=VECTOR('',#4104,1.);
#2534=VECTOR('',#4107,1.);
#2535=VECTOR('',#4110,1.);
#2536=VECTOR('',#4113,1.);
#2537=VECTOR('',#4114,1.);
#2538=VECTOR('',#4115,1.);
#2539=VECTOR('',#4116,1.);
#2540=VECTOR('',#4117,1.);
#2541=VECTOR('',#4118,1.);
#2542=VECTOR('',#4119,1.);
#2543=VECTOR('',#4120,1.);
#2544=VECTOR('',#4121,1.);
#2545=VECTOR('',#4124,1.);
#2546=VECTOR('',#4127,1.);
#2547=VECTOR('',#4130,1.);
#2548=VECTOR('',#4133,1.);
#2549=VECTOR('',#4136,1.);
#2550=VECTOR('',#4139,1.);
#2551=VECTOR('',#4142,1.);
#2552=VECTOR('',#4145,1.);
#2553=VECTOR('',#4148,1.);
#2554=VECTOR('',#4155,1.);
#2555=VECTOR('',#4156,1.);
#2556=VECTOR('',#4157,1.);
#2557=VECTOR('',#4158,1.);
#2558=VECTOR('',#4159,1.);
#2559=VECTOR('',#4160,1.);
#2560=VECTOR('',#4161,1.);
#2561=VECTOR('',#4162,1.);
#2562=VECTOR('',#4163,1.);
#2563=VECTOR('',#4166,1.);
#2564=VECTOR('',#4169,1.);
#2565=VECTOR('',#4172,1.);
#2566=VECTOR('',#4175,1.);
#2567=VECTOR('',#4178,1.);
#2568=VECTOR('',#4181,1.);
#2569=VECTOR('',#4184,1.);
#2570=VECTOR('',#4187,1.);
#2571=VECTOR('',#4190,1.);
#2572=VECTOR('',#4193,1.);
#2573=VECTOR('',#4196,1.);
#2574=VECTOR('',#4199,1.);
#2575=VECTOR('',#4202,1.);
#2576=VECTOR('',#4205,1.);
#2577=VECTOR('',#4208,1.);
#2578=VECTOR('',#4211,1.);
#2579=VECTOR('',#4214,1.);
#2580=VECTOR('',#4217,1.);
#2581=VECTOR('',#4220,1.);
#2582=VECTOR('',#4223,1.);
#2583=VECTOR('',#4226,1.);
#2584=VECTOR('',#4229,1.);
#2585=VECTOR('',#4232,1.);
#2586=VECTOR('',#4235,1.);
#2587=VECTOR('',#4236,1.);
#2588=VECTOR('',#4237,1.);
#2589=VECTOR('',#4240,1.);
#2590=VECTOR('',#4243,1.);
#2591=VECTOR('',#4244,1.);
#2592=VECTOR('',#4247,1.);
#2593=VECTOR('',#4252,1.);
#2594=VECTOR('',#4253,1.);
#2595=VECTOR('',#4256,1.);
#2596=VECTOR('',#4259,1.);
#2597=VECTOR('',#4262,1.);
#2598=VECTOR('',#4265,1.);
#2599=VECTOR('',#4268,1.);
#2600=VECTOR('',#4269,1.);
#2601=VECTOR('',#4270,1.);
#2602=VECTOR('',#4271,1.);
#2603=VECTOR('',#4272,1.);
#2604=VECTOR('',#4273,1.);
#2605=VECTOR('',#4278,1.);
#2606=VECTOR('',#4279,1.);
#2607=VECTOR('',#4280,1.);
#2608=VECTOR('',#4281,1.);
#2609=VECTOR('',#4284,1.);
#2610=VECTOR('',#4285,1.);
#2611=VECTOR('',#4288,1.);
#2612=VECTOR('',#4289,1.);
#2613=VECTOR('',#4292,1.);
#2614=VECTOR('',#4293,1.);
#2615=VECTOR('',#4294,1.);
#2616=VECTOR('',#4297,1.);
#2617=VECTOR('',#4298,1.);
#2618=VECTOR('',#4299,1.);
#2619=VECTOR('',#4300,1.);
#2620=VECTOR('',#4303,1.);
#2621=VECTOR('',#4304,1.);
#2622=VECTOR('',#4305,1.);
#2623=VECTOR('',#4306,1.);
#2624=VECTOR('',#4309,1.);
#2625=VECTOR('',#4310,1.);
#2626=VECTOR('',#4311,1.);
#2627=VECTOR('',#4314,1.);
#2628=VECTOR('',#4315,1.);
#2629=VECTOR('',#4316,1.);
#2630=VECTOR('',#4319,1.);
#2631=VECTOR('',#4320,1.);
#2632=VECTOR('',#4321,1.);
#2633=VECTOR('',#4324,1.);
#2634=VECTOR('',#4325,1.);
#2635=VECTOR('',#4328,1.);
#2636=VECTOR('',#4331,1.);
#2637=VECTOR('',#4334,1.);
#2638=VECTOR('',#4335,1.);
#2639=VECTOR('',#4336,1.);
#2640=VECTOR('',#4339,1.);
#2641=VECTOR('',#4340,1.);
#2642=VECTOR('',#4341,1.);
#2643=VECTOR('',#4342,1.);
#2644=VECTOR('',#4345,1.);
#2645=VECTOR('',#4346,1.);
#2646=VECTOR('',#4347,1.);
#2647=VECTOR('',#4348,1.);
#2648=VECTOR('',#4351,1.);
#2649=VECTOR('',#4352,1.);
#2650=VECTOR('',#4353,1.);
#2651=VECTOR('',#4354,1.);
#2652=VECTOR('',#4357,1.);
#2653=VECTOR('',#4358,1.);
#2654=VECTOR('',#4363,1.);
#2655=VECTOR('',#4364,1.);
#2656=VECTOR('',#4365,1.);
#2657=VECTOR('',#4366,1.);
#2658=VECTOR('',#4369,1.);
#2659=VECTOR('',#4370,1.);
#2660=VECTOR('',#4371,1.);
#2661=VECTOR('',#4372,1.);
#2662=VECTOR('',#4375,1.);
#2663=VECTOR('',#4378,1.);
#2664=VECTOR('',#4379,1.);
#2665=VECTOR('',#4380,1.);
#2666=VECTOR('',#4385,1.);
#2667=VECTOR('',#4386,1.);
#2668=VECTOR('',#4387,1.);
#2669=VECTOR('',#4388,1.);
#2670=VECTOR('',#4389,1.);
#2671=VECTOR('',#4392,1.);
#2672=VECTOR('',#4393,1.);
#2673=VECTOR('',#4394,1.);
#2674=VECTOR('',#4397,1.);
#2675=VECTOR('',#4398,1.);
#2676=VECTOR('',#4399,1.);
#2677=VECTOR('',#4402,1.);
#2678=VECTOR('',#4403,1.);
#2679=VECTOR('',#4404,1.);
#2680=VECTOR('',#4405,1.);
#2681=VECTOR('',#4406,1.);
#2682=VECTOR('',#4407,1.);
#2683=VECTOR('',#4410,1.);
#2684=VECTOR('',#4415,1.);
#2685=VECTOR('',#4416,1.);
#2686=VECTOR('',#4421,1.);
#2687=VECTOR('',#4422,1.);
#2688=VECTOR('',#4423,1.);
#2689=VECTOR('',#4426,1.);
#2690=VECTOR('',#4427,1.);
#2691=VECTOR('',#4428,1.);
#2692=VECTOR('',#4429,1.);
#2693=VECTOR('',#4432,1.);
#2694=VECTOR('',#4433,1.);
#2695=VECTOR('',#4436,1.);
#2696=VECTOR('',#4437,1.);
#2697=VECTOR('',#4440,1.);
#2698=VECTOR('',#4441,1.);
#2699=VECTOR('',#4442,1.);
#2700=VECTOR('',#4443,1.);
#2701=VECTOR('',#4446,1.);
#2702=VECTOR('',#4447,1.);
#2703=VECTOR('',#4448,1.);
#2704=VECTOR('',#4451,1.);
#2705=VECTOR('',#4452,1.);
#2706=VECTOR('',#4453,1.);
#2707=VECTOR('',#4460,1.);
#2708=VECTOR('',#4461,1.);
#2709=VECTOR('',#4464,1.);
#2710=VECTOR('',#4467,1.);
#2711=VECTOR('',#4468,1.);
#2712=VECTOR('',#4469,1.);
#2713=VECTOR('',#4472,1.);
#2714=VECTOR('',#4473,1.);
#2715=VECTOR('',#4474,1.);
#2716=VECTOR('',#4475,1.);
#2717=VECTOR('',#4476,1.);
#2718=VECTOR('',#4479,1.);
#2719=VECTOR('',#4482,1.);
#2720=VECTOR('',#4485,1.);
#2721=VECTOR('',#4488,1.);
#2722=VECTOR('',#4489,1.);
#2723=VECTOR('',#4490,1.);
#2724=VECTOR('',#4491,1.);
#2725=VECTOR('',#4492,1.);
#2726=VECTOR('',#4493,1.);
#2727=VECTOR('',#4496,1.);
#2728=VECTOR('',#4497,1.);
#2729=VECTOR('',#4498,1.);
#2730=VECTOR('',#4501,1.);
#2731=VECTOR('',#4504,1.);
#2732=VECTOR('',#4505,1.);
#2733=VECTOR('',#4508,1.);
#2734=VECTOR('',#4509,1.);
#2735=VECTOR('',#4510,1.);
#2736=VECTOR('',#4511,1.);
#2737=VECTOR('',#4514,1.);
#2738=VECTOR('',#4515,1.);
#2739=VECTOR('',#4516,1.);
#2740=VECTOR('',#4517,1.);
#2741=VECTOR('',#4520,1.);
#2742=VECTOR('',#4521,1.);
#2743=VECTOR('',#4522,1.);
#2744=VECTOR('',#4523,1.);
#2745=VECTOR('',#4526,1.);
#2746=VECTOR('',#4527,1.);
#2747=VECTOR('',#4528,1.);
#2748=VECTOR('',#4531,1.);
#2749=VECTOR('',#4532,1.);
#2750=VECTOR('',#4533,1.);
#2751=VECTOR('',#4536,1.);
#2752=VECTOR('',#4537,1.);
#2753=VECTOR('',#4540,1.);
#2754=VECTOR('',#4541,1.);
#2755=VECTOR('',#4544,1.);
#2756=VECTOR('',#4545,1.);
#2757=VECTOR('',#4548,1.);
#2758=VECTOR('',#4549,1.);
#2759=VECTOR('',#4552,1.);
#2760=VECTOR('',#4553,1.);
#2761=VECTOR('',#4556,1.);
#2762=VECTOR('',#4559,1.);
#2763=VECTOR('',#4562,1.);
#2764=VECTOR('',#4565,1.);
#2765=VECTOR('',#4566,1.);
#2766=VECTOR('',#4567,1.);
#2767=VECTOR('',#4568,1.);
#2768=VECTOR('',#4571,1.);
#2769=VECTOR('',#4572,1.);
#2770=VECTOR('',#4575,1.);
#2771=VECTOR('',#4578,1.);
#2772=VECTOR('',#4579,1.);
#2773=VECTOR('',#4580,1.);
#2774=VECTOR('',#4581,1.);
#2775=VECTOR('',#4582,1.);
#2776=VECTOR('',#4585,1.);
#2777=VECTOR('',#4586,1.);
#2778=VECTOR('',#4587,1.);
#2779=VECTOR('',#4590,1.);
#2780=VECTOR('',#4593,1.);
#2781=VECTOR('',#4594,1.);
#2782=VECTOR('',#4595,1.);
#2783=VECTOR('',#4596,1.);
#2784=VECTOR('',#4599,1.);
#2785=VECTOR('',#4600,1.);
#2786=VECTOR('',#4601,1.);
#2787=VECTOR('',#4602,1.);
#2788=VECTOR('',#4605,1.);
#2789=VECTOR('',#4608,1.);
#2790=VECTOR('',#4609,1.);
#2791=VECTOR('',#4668,1.);
#2792=VECTOR('',#4669,1.);
#2793=VECTOR('',#4670,1.);
#2794=VECTOR('',#4673,1.);
#2795=VECTOR('',#4676,1.);
#2796=VECTOR('',#4707,1.);
#2797=VECTOR('',#4710,1.);
#2798=VECTOR('',#4713,1.);
#2799=VECTOR('',#4716,1.);
#2800=VECTOR('',#4719,1.);
#2801=VECTOR('',#4724,1.);
#2802=VECTOR('',#4727,1.);
#2803=VECTOR('',#4730,1.);
#2804=VECTOR('',#4733,1.);
#2805=VECTOR('',#4736,1.);
#2806=VECTOR('',#4739,1.);
#2807=VECTOR('',#4742,1.);
#2808=VECTOR('',#4745,1.);
#2809=VECTOR('',#4754,1.);
#2810=VECTOR('',#4761,1.);
#2811=VECTOR('',#4764,1.);
#2812=VECTOR('',#4767,1.);
#2813=VECTOR('',#4768,1.);
#2814=VECTOR('',#4769,1.);
#2815=VECTOR('',#4770,1.);
#2816=VECTOR('',#4773,1.);
#2817=VECTOR('',#4774,1.);
#2818=VECTOR('',#4777,1.);
#2819=VECTOR('',#4778,1.);
#2820=VECTOR('',#4791,1.);
#2821=VECTOR('',#4792,1.);
#2822=VECTOR('',#4793,1.);
#2823=VECTOR('',#4794,1.);
#2824=VECTOR('',#4797,1.);
#2825=VECTOR('',#4798,1.);
#2826=VECTOR('',#4799,1.);
#2827=VECTOR('',#4802,1.);
#2828=VECTOR('',#4803,1.);
#2829=VECTOR('',#4816,1.);
#2830=VECTOR('',#4817,1.);
#2831=VECTOR('',#4818,1.);
#2832=VECTOR('',#4821,1.);
#2833=VECTOR('',#4824,1.);
#2834=VECTOR('',#4829,1.);
#2835=VECTOR('',#4834,1.);
#2836=VECTOR('',#4837,1.);
#2837=VECTOR('',#4838,1.);
#2838=VECTOR('',#4841,1.);
#2839=VECTOR('',#4842,1.);
#2840=VECTOR('',#4847,1.);
#2841=VECTOR('',#4848,1.);
#2842=VECTOR('',#4853,1.);
#2843=VECTOR('',#4856,1.);
#2844=VECTOR('',#4859,1.);
#2845=VECTOR('',#4862,1.);
#2846=VECTOR('',#4865,1.);
#2847=VECTOR('',#4866,1.);
#2848=VECTOR('',#4869,1.);
#2849=VECTOR('',#4872,1.);
#2850=VECTOR('',#4879,1.);
#2851=VECTOR('',#4882,1.);
#2852=VECTOR('',#4885,1.);
#2853=VECTOR('',#4886,1.);
#2854=VECTOR('',#4891,1.);
#2855=VECTOR('',#4894,1.);
#2856=VECTOR('',#4897,1.);
#2857=VECTOR('',#4900,1.);
#2858=VECTOR('',#4901,1.);
#2859=VECTOR('',#4908,1.);
#2860=VECTOR('',#4909,1.);
#2861=VECTOR('',#4910,1.);
#2862=VECTOR('',#4913,1.);
#2863=VECTOR('',#4914,1.);
#2864=VECTOR('',#4915,1.);
#2865=VECTOR('',#4918,1.);
#2866=VECTOR('',#4919,1.);
#2867=VECTOR('',#4920,1.);
#2868=VECTOR('',#4923,1.);
#2869=VECTOR('',#4924,1.);
#2870=VECTOR('',#4925,1.);
#2871=VECTOR('',#4928,1.);
#2872=VECTOR('',#4929,1.);
#2873=VECTOR('',#4936,1.);
#2874=VECTOR('',#4939,1.);
#2875=VECTOR('',#4944,1.);
#2876=VECTOR('',#4945,1.);
#2877=VECTOR('',#4948,1.);
#2878=VECTOR('',#4951,1.);
#2879=VECTOR('',#4956,1.);
#2880=VECTOR('',#4957,1.);
#2881=VECTOR('',#4960,1.);
#2882=VECTOR('',#4963,1.);
#2883=VECTOR('',#4968,1.);
#2884=VECTOR('',#4969,1.);
#2885=VECTOR('',#4972,1.);
#2886=VECTOR('',#4975,1.);
#2887=VECTOR('',#4980,1.);
#2888=VECTOR('',#4981,1.);
#2889=VECTOR('',#4984,1.);
#2890=VECTOR('',#4987,1.);
#2891=VECTOR('',#4992,1.);
#2892=VECTOR('',#4993,1.);
#2893=VECTOR('',#4996,1.);
#2894=VECTOR('',#4999,1.);
#2895=VECTOR('',#5004,1.);
#2896=VECTOR('',#5005,1.);
#2897=VECTOR('',#5008,1.);
#2898=VECTOR('',#5011,1.);
#2899=VECTOR('',#5016,1.);
#2900=VECTOR('',#5017,1.);
#2901=VECTOR('',#5020,1.);
#2902=VECTOR('',#5023,1.);
#2903=VECTOR('',#5028,1.);
#2904=VECTOR('',#5029,1.);
#2905=VECTOR('',#5032,1.);
#2906=VECTOR('',#5035,1.);
#2907=VECTOR('',#5040,1.);
#2908=VECTOR('',#5041,1.);
#2909=VECTOR('',#5044,1.);
#2910=VECTOR('',#5047,1.);
#2911=VECTOR('',#5052,1.);
#2912=VECTOR('',#5053,1.);
#2913=VECTOR('',#5056,1.);
#2914=VECTOR('',#5059,1.);
#2915=VECTOR('',#5066,1.);
#2916=VECTOR('',#5071,1.);
#2917=VECTOR('',#5074,1.);
#2918=VECTOR('',#5077,1.);
#2919=VECTOR('',#5080,1.);
#2920=EDGE_LOOP('',(#196,#197,#198,#199));
#2921=EDGE_LOOP('',(#200,#201,#202,#203));
#2922=EDGE_LOOP('',(#204,#205,#206,#207));
#2923=EDGE_LOOP('',(#208,#209,#210,#211));
#2924=EDGE_LOOP('',(#212,#213,#214,#215));
#2925=EDGE_LOOP('',(#216));
#2926=EDGE_LOOP('',(#217));
#2927=EDGE_LOOP('',(#218));
#2928=EDGE_LOOP('',(#219));
#2929=EDGE_LOOP('',(#220,#221,#222,#223,#224,#225,#226,#227,#228,#229,#230,
#231,#232,#233,#234,#235,#236,#237,#238,#239,#240,#241,#242));
#2930=EDGE_LOOP('',(#243,#244,#245,#246));
#2931=EDGE_LOOP('',(#247,#248,#249,#250));
#2932=EDGE_LOOP('',(#251,#252,#253,#254));
#2933=EDGE_LOOP('',(#255,#256,#257,#258));
#2934=EDGE_LOOP('',(#259,#260,#261,#262));
#2935=EDGE_LOOP('',(#263,#264,#265,#266,#267,#268,#269,#270,#271,#272,#273,
#274,#275,#276,#277,#278));
#2936=EDGE_LOOP('',(#279,#280,#281,#282));
#2937=EDGE_LOOP('',(#283,#284,#285,#286));
#2938=EDGE_LOOP('',(#287,#288,#289,#290));
#2939=EDGE_LOOP('',(#291,#292,#293,#294));
#2940=EDGE_LOOP('',(#295,#296,#297,#298));
#2941=EDGE_LOOP('',(#299,#300,#301,#302));
#2942=EDGE_LOOP('',(#303,#304,#305,#306));
#2943=EDGE_LOOP('',(#307,#308,#309,#310));
#2944=EDGE_LOOP('',(#311,#312,#313,#314));
#2945=EDGE_LOOP('',(#315,#316,#317,#318));
#2946=EDGE_LOOP('',(#319,#320,#321,#322,#323,#324,#325,#326,#327,#328,#329));
#2947=EDGE_LOOP('',(#330,#331,#332,#333,#334,#335,#336,#337,#338,#339));
#2948=EDGE_LOOP('',(#340,#341,#342,#343,#344,#345,#346,#347));
#2949=EDGE_LOOP('',(#348,#349,#350,#351));
#2950=EDGE_LOOP('',(#352,#353,#354,#355));
#2951=EDGE_LOOP('',(#356,#357,#358,#359));
#2952=EDGE_LOOP('',(#360,#361,#362,#363));
#2953=EDGE_LOOP('',(#364,#365,#366,#367));
#2954=EDGE_LOOP('',(#368,#369,#370,#371));
#2955=EDGE_LOOP('',(#372,#373,#374,#375));
#2956=EDGE_LOOP('',(#376,#377,#378,#379));
#2957=EDGE_LOOP('',(#380,#381,#382,#383));
#2958=EDGE_LOOP('',(#384,#385,#386,#387));
#2959=EDGE_LOOP('',(#388,#389,#390,#391,#392,#393,#394,#395));
#2960=EDGE_LOOP('',(#396,#397,#398,#399,#400,#401,#402,#403));
#2961=EDGE_LOOP('',(#404,#405,#406,#407));
#2962=EDGE_LOOP('',(#408,#409,#410,#411));
#2963=EDGE_LOOP('',(#412,#413,#414,#415));
#2964=EDGE_LOOP('',(#416,#417,#418,#419,#420,#421,#422,#423));
#2965=EDGE_LOOP('',(#424,#425,#426,#427));
#2966=EDGE_LOOP('',(#428,#429,#430,#431,#432,#433));
#2967=EDGE_LOOP('',(#434,#435,#436,#437,#438,#439));
#2968=EDGE_LOOP('',(#440,#441,#442,#443,#444,#445));
#2969=EDGE_LOOP('',(#446,#447,#448,#449));
#2970=EDGE_LOOP('',(#450,#451,#452,#453));
#2971=EDGE_LOOP('',(#454,#455,#456,#457,#458,#459,#460,#461));
#2972=EDGE_LOOP('',(#462,#463,#464,#465));
#2973=EDGE_LOOP('',(#466,#467,#468,#469,#470,#471));
#2974=EDGE_LOOP('',(#472,#473,#474,#475,#476,#477));
#2975=EDGE_LOOP('',(#478,#479,#480,#481));
#2976=EDGE_LOOP('',(#482,#483,#484,#485));
#2977=EDGE_LOOP('',(#486,#487,#488,#489));
#2978=EDGE_LOOP('',(#490,#491,#492,#493));
#2979=EDGE_LOOP('',(#494,#495,#496,#497,#498,#499,#500,#501));
#2980=EDGE_LOOP('',(#502,#503,#504,#505,#506,#507,#508,#509,#510,#511,#512,
#513,#514,#515,#516,#517,#518,#519,#520,#521));
#2981=EDGE_LOOP('',(#522,#523,#524,#525,#526,#527,#528,#529,#530,#531,#532,
#533,#534,#535,#536,#537,#538,#539,#540,#541));
#2982=EDGE_LOOP('',(#542,#543,#544,#545));
#2983=EDGE_LOOP('',(#546,#547,#548,#549));
#2984=EDGE_LOOP('',(#550,#551,#552,#553));
#2985=EDGE_LOOP('',(#554,#555,#556,#557));
#2986=EDGE_LOOP('',(#558,#559,#560,#561));
#2987=EDGE_LOOP('',(#562,#563,#564,#565));
#2988=EDGE_LOOP('',(#566,#567,#568,#569));
#2989=EDGE_LOOP('',(#570,#571,#572,#573));
#2990=EDGE_LOOP('',(#574,#575,#576,#577));
#2991=EDGE_LOOP('',(#578,#579,#580,#581));
#2992=EDGE_LOOP('',(#582,#583,#584,#585,#586,#587,#588,#589));
#2993=EDGE_LOOP('',(#590,#591,#592,#593,#594));
#2994=EDGE_LOOP('',(#595,#596,#597,#598,#599,#600,#601,#602,#603,#604,#605,
#606));
#2995=EDGE_LOOP('',(#607,#608,#609,#610));
#2996=EDGE_LOOP('',(#611,#612,#613,#614,#615,#616,#617,#618,#619,#620,#621,
#622));
#2997=EDGE_LOOP('',(#623,#624,#625,#626));
#2998=EDGE_LOOP('',(#627,#628,#629,#630,#631,#632,#633,#634));
#2999=EDGE_LOOP('',(#635,#636,#637,#638,#639,#640,#641,#642,#643,#644,#645,
#646));
#3000=EDGE_LOOP('',(#647,#648,#649,#650));
#3001=EDGE_LOOP('',(#651,#652,#653,#654,#655,#656,#657,#658,#659,#660,#661,
#662));
#3002=EDGE_LOOP('',(#663));
#3003=EDGE_LOOP('',(#664));
#3004=EDGE_LOOP('',(#665));
#3005=EDGE_LOOP('',(#666));
#3006=EDGE_LOOP('',(#667));
#3007=EDGE_LOOP('',(#668));
#3008=EDGE_LOOP('',(#669));
#3009=EDGE_LOOP('',(#670));
#3010=EDGE_LOOP('',(#671));
#3011=EDGE_LOOP('',(#672));
#3012=EDGE_LOOP('',(#673));
#3013=EDGE_LOOP('',(#674));
#3014=EDGE_LOOP('',(#675));
#3015=EDGE_LOOP('',(#676));
#3016=EDGE_LOOP('',(#677));
#3017=EDGE_LOOP('',(#678));
#3018=EDGE_LOOP('',(#679));
#3019=EDGE_LOOP('',(#680));
#3020=EDGE_LOOP('',(#681));
#3021=EDGE_LOOP('',(#682));
#3022=EDGE_LOOP('',(#683));
#3023=EDGE_LOOP('',(#684));
#3024=EDGE_LOOP('',(#685));
#3025=EDGE_LOOP('',(#686));
#3026=EDGE_LOOP('',(#687));
#3027=EDGE_LOOP('',(#688));
#3028=EDGE_LOOP('',(#689));
#3029=EDGE_LOOP('',(#690));
#3030=EDGE_LOOP('',(#691,#692,#693,#694));
#3031=EDGE_LOOP('',(#695,#696,#697,#698));
#3032=EDGE_LOOP('',(#699,#700,#701,#702));
#3033=EDGE_LOOP('',(#703,#704,#705,#706));
#3034=EDGE_LOOP('',(#707,#708,#709,#710));
#3035=EDGE_LOOP('',(#711,#712,#713,#714));
#3036=EDGE_LOOP('',(#715,#716,#717,#718));
#3037=EDGE_LOOP('',(#719,#720,#721,#722));
#3038=EDGE_LOOP('',(#723,#724,#725,#726));
#3039=EDGE_LOOP('',(#727,#728,#729,#730));
#3040=EDGE_LOOP('',(#731,#732,#733,#734));
#3041=EDGE_LOOP('',(#735,#736,#737,#738));
#3042=EDGE_LOOP('',(#739,#740,#741,#742));
#3043=EDGE_LOOP('',(#743,#744,#745,#746));
#3044=EDGE_LOOP('',(#747,#748,#749,#750));
#3045=EDGE_LOOP('',(#751,#752,#753,#754));
#3046=EDGE_LOOP('',(#755,#756,#757,#758));
#3047=EDGE_LOOP('',(#759,#760,#761,#762));
#3048=EDGE_LOOP('',(#763,#764,#765,#766));
#3049=EDGE_LOOP('',(#767,#768,#769,#770));
#3050=EDGE_LOOP('',(#771,#772,#773,#774));
#3051=EDGE_LOOP('',(#775,#776,#777,#778));
#3052=EDGE_LOOP('',(#779,#780,#781,#782));
#3053=EDGE_LOOP('',(#783,#784,#785,#786));
#3054=EDGE_LOOP('',(#787,#788,#789,#790));
#3055=EDGE_LOOP('',(#791,#792,#793,#794));
#3056=EDGE_LOOP('',(#795,#796,#797,#798));
#3057=EDGE_LOOP('',(#799,#800,#801,#802));
#3058=EDGE_LOOP('',(#803,#804,#805,#806));
#3059=EDGE_LOOP('',(#807,#808,#809,#810));
#3060=EDGE_LOOP('',(#811,#812,#813,#814));
#3061=EDGE_LOOP('',(#815,#816,#817,#818));
#3062=EDGE_LOOP('',(#819,#820,#821,#822));
#3063=EDGE_LOOP('',(#823,#824,#825,#826));
#3064=EDGE_LOOP('',(#827,#828,#829,#830));
#3065=EDGE_LOOP('',(#831,#832,#833,#834));
#3066=EDGE_LOOP('',(#835,#836,#837,#838));
#3067=EDGE_LOOP('',(#839,#840,#841,#842));
#3068=EDGE_LOOP('',(#843,#844,#845,#846));
#3069=EDGE_LOOP('',(#847,#848,#849,#850));
#3070=EDGE_LOOP('',(#851,#852,#853,#854));
#3071=EDGE_LOOP('',(#855,#856,#857,#858));
#3072=EDGE_LOOP('',(#859,#860,#861,#862));
#3073=EDGE_LOOP('',(#863,#864,#865,#866));
#3074=EDGE_LOOP('',(#867,#868,#869,#870));
#3075=EDGE_LOOP('',(#871,#872,#873,#874));
#3076=EDGE_LOOP('',(#875,#876,#877,#878));
#3077=EDGE_LOOP('',(#879,#880,#881,#882));
#3078=EDGE_LOOP('',(#883,#884,#885,#886));
#3079=EDGE_LOOP('',(#887,#888,#889,#890));
#3080=EDGE_LOOP('',(#891,#892,#893,#894));
#3081=EDGE_LOOP('',(#895,#896,#897,#898));
#3082=EDGE_LOOP('',(#899,#900,#901,#902));
#3083=EDGE_LOOP('',(#903,#904,#905,#906,#907,#908,#909,#910));
#3084=EDGE_LOOP('',(#911,#912,#913,#914,#915,#916,#917,#918));
#3085=EDGE_LOOP('',(#919,#920,#921,#922));
#3086=EDGE_LOOP('',(#923,#924,#925,#926));
#3087=EDGE_LOOP('',(#927,#928,#929,#930));
#3088=EDGE_LOOP('',(#931,#932,#933,#934,#935,#936,#937,#938));
#3089=EDGE_LOOP('',(#939,#940,#941,#942,#943,#944,#945,#946));
#3090=EDGE_LOOP('',(#947,#948,#949,#950));
#3091=EDGE_LOOP('',(#951,#952,#953,#954));
#3092=EDGE_LOOP('',(#955,#956,#957,#958));
#3093=EDGE_LOOP('',(#959,#960,#961,#962,#963,#964,#965));
#3094=EDGE_LOOP('',(#966,#967,#968,#969,#970,#971,#972));
#3095=EDGE_LOOP('',(#973,#974,#975,#976,#977));
#3096=EDGE_LOOP('',(#978,#979,#980,#981,#982,#983,#984,#985,#986));
#3097=EDGE_LOOP('',(#987,#988,#989,#990,#991,#992,#993,#994,#995));
#3098=EDGE_LOOP('',(#996,#997,#998,#999));
#3099=EDGE_LOOP('',(#1000,#1001,#1002,#1003));
#3100=EDGE_LOOP('',(#1004,#1005,#1006,#1007));
#3101=EDGE_LOOP('',(#1008,#1009,#1010,#1011));
#3102=EDGE_LOOP('',(#1012,#1013,#1014,#1015));
#3103=EDGE_LOOP('',(#1016,#1017,#1018,#1019,#1020,#1021,#1022,#1023));
#3104=EDGE_LOOP('',(#1024,#1025,#1026,#1027,#1028,#1029,#1030,#1031));
#3105=EDGE_LOOP('',(#1032,#1033,#1034,#1035,#1036,#1037,#1038,#1039));
#3106=EDGE_LOOP('',(#1040,#1041,#1042,#1043,#1044,#1045,#1046,#1047));
#3107=EDGE_LOOP('',(#1048,#1049,#1050,#1051));
#3108=EDGE_LOOP('',(#1052,#1053,#1054,#1055));
#3109=EDGE_LOOP('',(#1056,#1057,#1058,#1059));
#3110=EDGE_LOOP('',(#1060,#1061,#1062,#1063));
#3111=EDGE_LOOP('',(#1064,#1065,#1066,#1067));
#3112=EDGE_LOOP('',(#1068,#1069,#1070,#1071));
#3113=EDGE_LOOP('',(#1072,#1073,#1074,#1075));
#3114=EDGE_LOOP('',(#1076,#1077,#1078,#1079));
#3115=EDGE_LOOP('',(#1080,#1081,#1082,#1083));
#3116=EDGE_LOOP('',(#1084,#1085,#1086,#1087));
#3117=EDGE_LOOP('',(#1088,#1089,#1090,#1091));
#3118=EDGE_LOOP('',(#1092,#1093,#1094,#1095));
#3119=EDGE_LOOP('',(#1096,#1097,#1098,#1099));
#3120=EDGE_LOOP('',(#1100,#1101,#1102,#1103));
#3121=EDGE_LOOP('',(#1104,#1105,#1106,#1107));
#3122=EDGE_LOOP('',(#1108,#1109,#1110,#1111));
#3123=EDGE_LOOP('',(#1112,#1113,#1114,#1115));
#3124=EDGE_LOOP('',(#1116,#1117,#1118,#1119));
#3125=EDGE_LOOP('',(#1120,#1121,#1122,#1123));
#3126=EDGE_LOOP('',(#1124,#1125,#1126,#1127));
#3127=EDGE_LOOP('',(#1128,#1129,#1130,#1131));
#3128=EDGE_LOOP('',(#1132,#1133,#1134,#1135));
#3129=EDGE_LOOP('',(#1136,#1137,#1138,#1139));
#3130=EDGE_LOOP('',(#1140,#1141,#1142,#1143));
#3131=EDGE_LOOP('',(#1144,#1145,#1146,#1147));
#3132=EDGE_LOOP('',(#1148,#1149,#1150,#1151));
#3133=EDGE_LOOP('',(#1152,#1153,#1154,#1155));
#3134=EDGE_LOOP('',(#1156,#1157,#1158,#1159));
#3135=EDGE_LOOP('',(#1160,#1161,#1162,#1163));
#3136=EDGE_LOOP('',(#1164,#1165,#1166,#1167));
#3137=EDGE_LOOP('',(#1168,#1169,#1170,#1171));
#3138=EDGE_LOOP('',(#1172,#1173,#1174,#1175));
#3139=EDGE_LOOP('',(#1176,#1177,#1178,#1179));
#3140=EDGE_LOOP('',(#1180,#1181,#1182,#1183));
#3141=EDGE_LOOP('',(#1184,#1185,#1186,#1187));
#3142=EDGE_LOOP('',(#1188,#1189,#1190,#1191));
#3143=EDGE_LOOP('',(#1192,#1193,#1194,#1195));
#3144=EDGE_LOOP('',(#1196,#1197,#1198,#1199));
#3145=EDGE_LOOP('',(#1200,#1201,#1202,#1203));
#3146=EDGE_LOOP('',(#1204,#1205,#1206,#1207));
#3147=EDGE_LOOP('',(#1208,#1209,#1210,#1211));
#3148=EDGE_LOOP('',(#1212,#1213,#1214,#1215));
#3149=EDGE_LOOP('',(#1216,#1217,#1218,#1219));
#3150=EDGE_LOOP('',(#1220,#1221,#1222,#1223));
#3151=EDGE_LOOP('',(#1224,#1225,#1226,#1227));
#3152=EDGE_LOOP('',(#1228,#1229,#1230,#1231));
#3153=EDGE_LOOP('',(#1232,#1233,#1234,#1235));
#3154=EDGE_LOOP('',(#1236,#1237,#1238,#1239));
#3155=EDGE_LOOP('',(#1240,#1241,#1242,#1243));
#3156=FACE_BOUND('',#2920,.T.);
#3157=FACE_BOUND('',#2921,.T.);
#3158=FACE_BOUND('',#2922,.T.);
#3159=FACE_BOUND('',#2923,.T.);
#3160=FACE_BOUND('',#2924,.T.);
#3161=FACE_BOUND('',#2925,.T.);
#3162=FACE_BOUND('',#2926,.T.);
#3163=FACE_BOUND('',#2927,.T.);
#3164=FACE_BOUND('',#2928,.T.);
#3165=FACE_BOUND('',#2929,.T.);
#3166=FACE_BOUND('',#2930,.T.);
#3167=FACE_BOUND('',#2931,.T.);
#3168=FACE_BOUND('',#2932,.T.);
#3169=FACE_BOUND('',#2933,.T.);
#3170=FACE_BOUND('',#2934,.T.);
#3171=FACE_BOUND('',#2935,.T.);
#3172=FACE_BOUND('',#2936,.T.);
#3173=FACE_BOUND('',#2937,.T.);
#3174=FACE_BOUND('',#2938,.T.);
#3175=FACE_BOUND('',#2939,.T.);
#3176=FACE_BOUND('',#2940,.T.);
#3177=FACE_BOUND('',#2941,.T.);
#3178=FACE_BOUND('',#2942,.T.);
#3179=FACE_BOUND('',#2943,.T.);
#3180=FACE_BOUND('',#2944,.T.);
#3181=FACE_BOUND('',#2945,.T.);
#3182=FACE_BOUND('',#2946,.T.);
#3183=FACE_BOUND('',#2947,.T.);
#3184=FACE_BOUND('',#2948,.T.);
#3185=FACE_BOUND('',#2949,.T.);
#3186=FACE_BOUND('',#2950,.T.);
#3187=FACE_BOUND('',#2951,.T.);
#3188=FACE_BOUND('',#2952,.T.);
#3189=FACE_BOUND('',#2953,.T.);
#3190=FACE_BOUND('',#2954,.T.);
#3191=FACE_BOUND('',#2955,.T.);
#3192=FACE_BOUND('',#2956,.T.);
#3193=FACE_BOUND('',#2957,.T.);
#3194=FACE_BOUND('',#2958,.T.);
#3195=FACE_BOUND('',#2959,.T.);
#3196=FACE_BOUND('',#2960,.T.);
#3197=FACE_BOUND('',#2961,.T.);
#3198=FACE_BOUND('',#2962,.T.);
#3199=FACE_BOUND('',#2963,.T.);
#3200=FACE_BOUND('',#2964,.T.);
#3201=FACE_BOUND('',#2965,.T.);
#3202=FACE_BOUND('',#2966,.T.);
#3203=FACE_BOUND('',#2967,.T.);
#3204=FACE_BOUND('',#2968,.T.);
#3205=FACE_BOUND('',#2969,.T.);
#3206=FACE_BOUND('',#2970,.T.);
#3207=FACE_BOUND('',#2971,.T.);
#3208=FACE_BOUND('',#2972,.T.);
#3209=FACE_BOUND('',#2973,.T.);
#3210=FACE_BOUND('',#2974,.T.);
#3211=FACE_BOUND('',#2975,.T.);
#3212=FACE_BOUND('',#2976,.T.);
#3213=FACE_BOUND('',#2977,.T.);
#3214=FACE_BOUND('',#2978,.T.);
#3215=FACE_BOUND('',#2979,.T.);
#3216=FACE_BOUND('',#2980,.T.);
#3217=FACE_BOUND('',#2981,.T.);
#3218=FACE_BOUND('',#2982,.T.);
#3219=FACE_BOUND('',#2983,.T.);
#3220=FACE_BOUND('',#2984,.T.);
#3221=FACE_BOUND('',#2985,.T.);
#3222=FACE_BOUND('',#2986,.T.);
#3223=FACE_BOUND('',#2987,.T.);
#3224=FACE_BOUND('',#2988,.T.);
#3225=FACE_BOUND('',#2989,.T.);
#3226=FACE_BOUND('',#2990,.T.);
#3227=FACE_BOUND('',#2991,.T.);
#3228=FACE_BOUND('',#2992,.T.);
#3229=FACE_BOUND('',#2993,.T.);
#3230=FACE_BOUND('',#2994,.T.);
#3231=FACE_BOUND('',#2995,.T.);
#3232=FACE_BOUND('',#2996,.T.);
#3233=FACE_BOUND('',#2997,.T.);
#3234=FACE_BOUND('',#2998,.T.);
#3235=FACE_BOUND('',#2999,.T.);
#3236=FACE_BOUND('',#3000,.T.);
#3237=FACE_BOUND('',#3001,.T.);
#3238=FACE_BOUND('',#3002,.T.);
#3239=FACE_BOUND('',#3003,.T.);
#3240=FACE_BOUND('',#3004,.T.);
#3241=FACE_BOUND('',#3005,.T.);
#3242=FACE_BOUND('',#3006,.T.);
#3243=FACE_BOUND('',#3007,.T.);
#3244=FACE_BOUND('',#3008,.T.);
#3245=FACE_BOUND('',#3009,.T.);
#3246=FACE_BOUND('',#3010,.T.);
#3247=FACE_BOUND('',#3011,.T.);
#3248=FACE_BOUND('',#3012,.T.);
#3249=FACE_BOUND('',#3013,.T.);
#3250=FACE_BOUND('',#3014,.T.);
#3251=FACE_BOUND('',#3015,.T.);
#3252=FACE_BOUND('',#3016,.T.);
#3253=FACE_BOUND('',#3017,.T.);
#3254=FACE_BOUND('',#3018,.T.);
#3255=FACE_BOUND('',#3019,.T.);
#3256=FACE_BOUND('',#3020,.T.);
#3257=FACE_BOUND('',#3021,.T.);
#3258=FACE_BOUND('',#3022,.T.);
#3259=FACE_BOUND('',#3023,.T.);
#3260=FACE_BOUND('',#3024,.T.);
#3261=FACE_BOUND('',#3025,.T.);
#3262=FACE_BOUND('',#3026,.T.);
#3263=FACE_BOUND('',#3027,.T.);
#3264=FACE_BOUND('',#3028,.T.);
#3265=FACE_BOUND('',#3029,.T.);
#3266=FACE_BOUND('',#3030,.T.);
#3267=FACE_BOUND('',#3031,.T.);
#3268=FACE_BOUND('',#3032,.T.);
#3269=FACE_BOUND('',#3033,.T.);
#3270=FACE_BOUND('',#3034,.T.);
#3271=FACE_BOUND('',#3035,.T.);
#3272=FACE_BOUND('',#3036,.T.);
#3273=FACE_BOUND('',#3037,.T.);
#3274=FACE_BOUND('',#3038,.T.);
#3275=FACE_BOUND('',#3039,.T.);
#3276=FACE_BOUND('',#3040,.T.);
#3277=FACE_BOUND('',#3041,.T.);
#3278=FACE_BOUND('',#3042,.T.);
#3279=FACE_BOUND('',#3043,.T.);
#3280=FACE_BOUND('',#3044,.T.);
#3281=FACE_BOUND('',#3045,.T.);
#3282=FACE_BOUND('',#3046,.T.);
#3283=FACE_BOUND('',#3047,.T.);
#3284=FACE_BOUND('',#3048,.T.);
#3285=FACE_BOUND('',#3049,.T.);
#3286=FACE_BOUND('',#3050,.T.);
#3287=FACE_BOUND('',#3051,.T.);
#3288=FACE_BOUND('',#3052,.T.);
#3289=FACE_BOUND('',#3053,.T.);
#3290=FACE_BOUND('',#3054,.T.);
#3291=FACE_BOUND('',#3055,.T.);
#3292=FACE_BOUND('',#3056,.T.);
#3293=FACE_BOUND('',#3057,.T.);
#3294=FACE_BOUND('',#3058,.T.);
#3295=FACE_BOUND('',#3059,.T.);
#3296=FACE_BOUND('',#3060,.T.);
#3297=FACE_BOUND('',#3061,.T.);
#3298=FACE_BOUND('',#3062,.T.);
#3299=FACE_BOUND('',#3063,.T.);
#3300=FACE_BOUND('',#3064,.T.);
#3301=FACE_BOUND('',#3065,.T.);
#3302=FACE_BOUND('',#3066,.T.);
#3303=FACE_BOUND('',#3067,.T.);
#3304=FACE_BOUND('',#3068,.T.);
#3305=FACE_BOUND('',#3069,.T.);
#3306=FACE_BOUND('',#3070,.T.);
#3307=FACE_BOUND('',#3071,.T.);
#3308=FACE_BOUND('',#3072,.T.);
#3309=FACE_BOUND('',#3073,.T.);
#3310=FACE_BOUND('',#3074,.T.);
#3311=FACE_BOUND('',#3075,.T.);
#3312=FACE_BOUND('',#3076,.T.);
#3313=FACE_BOUND('',#3077,.T.);
#3314=FACE_BOUND('',#3078,.T.);
#3315=FACE_BOUND('',#3079,.T.);
#3316=FACE_BOUND('',#3080,.T.);
#3317=FACE_BOUND('',#3081,.T.);
#3318=FACE_BOUND('',#3082,.T.);
#3319=FACE_BOUND('',#3083,.T.);
#3320=FACE_BOUND('',#3084,.T.);
#3321=FACE_BOUND('',#3085,.T.);
#3322=FACE_BOUND('',#3086,.T.);
#3323=FACE_BOUND('',#3087,.T.);
#3324=FACE_BOUND('',#3088,.T.);
#3325=FACE_BOUND('',#3089,.T.);
#3326=FACE_BOUND('',#3090,.T.);
#3327=FACE_BOUND('',#3091,.T.);
#3328=FACE_BOUND('',#3092,.T.);
#3329=FACE_BOUND('',#3093,.T.);
#3330=FACE_BOUND('',#3094,.T.);
#3331=FACE_BOUND('',#3095,.T.);
#3332=FACE_BOUND('',#3096,.T.);
#3333=FACE_BOUND('',#3097,.T.);
#3334=FACE_BOUND('',#3098,.T.);
#3335=FACE_BOUND('',#3099,.T.);
#3336=FACE_BOUND('',#3100,.T.);
#3337=FACE_BOUND('',#3101,.T.);
#3338=FACE_BOUND('',#3102,.T.);
#3339=FACE_BOUND('',#3103,.T.);
#3340=FACE_BOUND('',#3104,.T.);
#3341=FACE_BOUND('',#3105,.T.);
#3342=FACE_BOUND('',#3106,.T.);
#3343=FACE_BOUND('',#3107,.T.);
#3344=FACE_BOUND('',#3108,.T.);
#3345=FACE_BOUND('',#3109,.T.);
#3346=FACE_BOUND('',#3110,.T.);
#3347=FACE_BOUND('',#3111,.T.);
#3348=FACE_BOUND('',#3112,.T.);
#3349=FACE_BOUND('',#3113,.T.);
#3350=FACE_BOUND('',#3114,.T.);
#3351=FACE_BOUND('',#3115,.T.);
#3352=FACE_BOUND('',#3116,.T.);
#3353=FACE_BOUND('',#3117,.T.);
#3354=FACE_BOUND('',#3118,.T.);
#3355=FACE_BOUND('',#3119,.T.);
#3356=FACE_BOUND('',#3120,.T.);
#3357=FACE_BOUND('',#3121,.T.);
#3358=FACE_BOUND('',#3122,.T.);
#3359=FACE_BOUND('',#3123,.T.);
#3360=FACE_BOUND('',#3124,.T.);
#3361=FACE_BOUND('',#3125,.T.);
#3362=FACE_BOUND('',#3126,.T.);
#3363=FACE_BOUND('',#3127,.T.);
#3364=FACE_BOUND('',#3128,.T.);
#3365=FACE_BOUND('',#3129,.T.);
#3366=FACE_BOUND('',#3130,.T.);
#3367=FACE_BOUND('',#3131,.T.);
#3368=FACE_BOUND('',#3132,.T.);
#3369=FACE_BOUND('',#3133,.T.);
#3370=FACE_BOUND('',#3134,.T.);
#3371=FACE_BOUND('',#3135,.T.);
#3372=FACE_BOUND('',#3136,.T.);
#3373=FACE_BOUND('',#3137,.T.);
#3374=FACE_BOUND('',#3138,.T.);
#3375=FACE_BOUND('',#3139,.T.);
#3376=FACE_BOUND('',#3140,.T.);
#3377=FACE_BOUND('',#3141,.T.);
#3378=FACE_BOUND('',#3142,.T.);
#3379=FACE_BOUND('',#3143,.T.);
#3380=FACE_BOUND('',#3144,.T.);
#3381=FACE_BOUND('',#3145,.T.);
#3382=FACE_BOUND('',#3146,.T.);
#3383=FACE_BOUND('',#3147,.T.);
#3384=FACE_BOUND('',#3148,.T.);
#3385=FACE_BOUND('',#3149,.T.);
#3386=FACE_BOUND('',#3150,.T.);
#3387=FACE_BOUND('',#3151,.T.);
#3388=FACE_BOUND('',#3152,.T.);
#3389=FACE_BOUND('',#3153,.T.);
#3390=FACE_BOUND('',#3154,.T.);
#3391=FACE_BOUND('',#3155,.T.);
#3392=PLANE('',#3740);
#3393=PLANE('',#3769);
#3394=PLANE('',#3794);
#3395=PLANE('',#3799);
#3396=PLANE('',#3804);
#3397=PLANE('',#3806);
#3398=PLANE('',#3807);
#3399=PLANE('',#3808);
#3400=PLANE('',#3809);
#3401=PLANE('',#3810);
#3402=PLANE('',#3811);
#3403=PLANE('',#3812);
#3404=PLANE('',#3813);
#3405=PLANE('',#3814);
#3406=PLANE('',#3815);
#3407=PLANE('',#3816);
#3408=PLANE('',#3817);
#3409=PLANE('',#3818);
#3410=PLANE('',#3819);
#3411=PLANE('',#3820);
#3412=PLANE('',#3821);
#3413=PLANE('',#3824);
#3414=PLANE('',#3825);
#3415=PLANE('',#3826);
#3416=PLANE('',#3829);
#3417=PLANE('',#3830);
#3418=PLANE('',#3831);
#3419=PLANE('',#3832);
#3420=PLANE('',#3833);
#3421=PLANE('',#3837);
#3422=PLANE('',#3838);
#3423=PLANE('',#3839);
#3424=PLANE('',#3840);
#3425=PLANE('',#3841);
#3426=PLANE('',#3842);
#3427=PLANE('',#3845);
#3428=PLANE('',#3851);
#3429=PLANE('',#3857);
#3430=PLANE('',#3858);
#3431=PLANE('',#3859);
#3432=PLANE('',#3860);
#3433=PLANE('',#3861);
#3434=PLANE('',#3862);
#3435=PLANE('',#3863);
#3436=PLANE('',#3864);
#3437=PLANE('',#3865);
#3438=PLANE('',#3866);
#3439=PLANE('',#3867);
#3440=PLANE('',#3870);
#3441=PLANE('',#3871);
#3442=PLANE('',#3872);
#3443=PLANE('',#3873);
#3444=PLANE('',#3874);
#3445=PLANE('',#3875);
#3446=PLANE('',#3877);
#3447=PLANE('',#3878);
#3448=PLANE('',#3879);
#3449=PLANE('',#3880);
#3450=PLANE('',#3886);
#3451=PLANE('',#3887);
#3452=PLANE('',#3893);
#3453=PLANE('',#3894);
#3454=PLANE('',#3900);
#3455=PLANE('',#3901);
#3456=PLANE('',#3907);
#3457=PLANE('',#3908);
#3458=PLANE('',#3909);
#3459=PLANE('',#3926);
#3460=PLANE('',#3928);
#3461=PLANE('',#3930);
#3462=PLANE('',#3931);
#3463=PLANE('',#3933);
#3464=PLANE('',#3935);
#3465=PLANE('',#3937);
#3466=PLANE('',#3939);
#3467=PLANE('',#3940);
#3468=PLANE('',#3941);
#3469=PLANE('',#3947);
#3470=PLANE('',#3948);
#3471=PLANE('',#3949);
#3472=PLANE('',#3955);
#3473=PLANE('',#3956);
#3474=PLANE('',#3957);
#3475=PLANE('',#3963);
#3476=PLANE('',#3964);
#3477=PLANE('',#3965);
#3478=PLANE('',#3971);
#3479=PLANE('',#3972);
#3480=PLANE('',#3973);
#3481=PLANE('',#3974);
#3482=PLANE('',#3977);
#3483=PLANE('',#3978);
#3484=PLANE('',#3980);
#3485=PLANE('',#3982);
#3486=PLANE('',#3983);
#3487=PLANE('',#3986);
#3488=PLANE('',#3989);
#3489=PLANE('',#3990);
#3490=PLANE('',#3991);
#3491=PLANE('',#3992);
#3492=PLANE('',#3993);
#3493=PLANE('',#3994);
#3494=PLANE('',#3995);
#3495=PLANE('',#3996);
#3496=PLANE('',#3997);
#3497=PLANE('',#3998);
#3498=PLANE('',#3999);
#3499=PLANE('',#4000);
#3500=PLANE('',#4001);
#3501=PLANE('',#4002);
#3502=PLANE('',#4004);
#3503=PLANE('',#4006);
#3504=PLANE('',#4008);
#3505=PLANE('',#4010);
#3506=PLANE('',#4012);
#3507=PLANE('',#4014);
#3508=PLANE('',#4016);
#3509=PLANE('',#4018);
#3510=PLANE('',#4020);
#3511=PLANE('',#4022);
#3512=PLANE('',#4024);
#3513=PLANE('',#4026);
#3514=PLANE('',#4028);
#3515=PLANE('',#4030);
#3516=PLANE('',#4032);
#3517=PLANE('',#4034);
#3518=PLANE('',#4036);
#3519=PLANE('',#4038);
#3520=PLANE('',#4040);
#3521=PLANE('',#4042);
#3522=PLANE('',#4044);
#3523=PLANE('',#4046);
#3524=PLANE('',#4047);
#3525=PLANE('',#4049);
#3526=PLANE('',#4051);
#3527=ADVANCED_FACE('',(#3156,#3157,#3158,#3159,#3160,#3161,#3162,#3163,
#3164,#3165,#3166,#3167,#3168,#3169,#3170),#3392,.F.);
#3528=ADVANCED_FACE('',(#3171,#3172,#3173,#3174,#3175,#3176,#3177,#3178,
#3179,#3180,#3181),#3393,.T.);
#3529=ADVANCED_FACE('',(#3182),#3394,.F.);
#3530=ADVANCED_FACE('',(#3183),#3395,.T.);
#3531=ADVANCED_FACE('',(#3184),#3396,.T.);
#3532=ADVANCED_FACE('',(#3185),#3397,.T.);
#3533=ADVANCED_FACE('',(#3186),#3398,.T.);
#3534=ADVANCED_FACE('',(#3187),#3399,.T.);
#3535=ADVANCED_FACE('',(#3188),#3400,.T.);
#3536=ADVANCED_FACE('',(#3189),#3401,.F.);
#3537=ADVANCED_FACE('',(#3190),#3402,.F.);
#3538=ADVANCED_FACE('',(#3191),#3403,.F.);
#3539=ADVANCED_FACE('',(#3192),#3404,.F.);
#3540=ADVANCED_FACE('',(#3193),#3405,.F.);
#3541=ADVANCED_FACE('',(#3194),#3406,.F.);
#3542=ADVANCED_FACE('',(#3195),#3407,.T.);
#3543=ADVANCED_FACE('',(#3196),#3408,.F.);
#3544=ADVANCED_FACE('',(#3197),#3409,.T.);
#3545=ADVANCED_FACE('',(#3198),#3410,.F.);
#3546=ADVANCED_FACE('',(#3199),#3411,.F.);
#3547=ADVANCED_FACE('',(#3200),#3412,.F.);
#3548=ADVANCED_FACE('',(#3201),#3413,.F.);
#3549=ADVANCED_FACE('',(#3202),#3414,.T.);
#3550=ADVANCED_FACE('',(#3203),#3415,.T.);
#3551=ADVANCED_FACE('',(#3204),#3416,.T.);
#3552=ADVANCED_FACE('',(#3205),#3417,.F.);
#3553=ADVANCED_FACE('',(#3206),#3418,.F.);
#3554=ADVANCED_FACE('',(#3207),#3419,.F.);
#3555=ADVANCED_FACE('',(#3208),#3420,.F.);
#3556=ADVANCED_FACE('',(#3209),#65,.F.);
#3557=ADVANCED_FACE('',(#3210),#3421,.T.);
#3558=ADVANCED_FACE('',(#3211),#3422,.T.);
#3559=ADVANCED_FACE('',(#3212),#3423,.T.);
#3560=ADVANCED_FACE('',(#3213),#3424,.T.);
#3561=ADVANCED_FACE('',(#3214),#3425,.F.);
#3562=ADVANCED_FACE('',(#3215),#3426,.F.);
#3563=ADVANCED_FACE('',(#3216),#3427,.T.);
#3564=ADVANCED_FACE('',(#3217),#3428,.F.);
#3565=ADVANCED_FACE('',(#3218),#3429,.T.);
#3566=ADVANCED_FACE('',(#3219),#3430,.T.);
#3567=ADVANCED_FACE('',(#3220),#3431,.T.);
#3568=ADVANCED_FACE('',(#3221),#3432,.T.);
#3569=ADVANCED_FACE('',(#3222),#3433,.T.);
#3570=ADVANCED_FACE('',(#3223),#3434,.T.);
#3571=ADVANCED_FACE('',(#3224),#3435,.T.);
#3572=ADVANCED_FACE('',(#3225),#3436,.T.);
#3573=ADVANCED_FACE('',(#3226),#3437,.T.);
#3574=ADVANCED_FACE('',(#3227),#3438,.T.);
#3575=ADVANCED_FACE('',(#3228),#3439,.T.);
#3576=ADVANCED_FACE('',(#3229),#3440,.F.);
#3577=ADVANCED_FACE('',(#3230),#3441,.F.);
#3578=ADVANCED_FACE('',(#3231),#3442,.T.);
#3579=ADVANCED_FACE('',(#3232),#3443,.T.);
#3580=ADVANCED_FACE('',(#3233),#3444,.F.);
#3581=ADVANCED_FACE('',(#3234),#3445,.F.);
#3582=ADVANCED_FACE('',(#3235),#3446,.T.);
#3583=ADVANCED_FACE('',(#3236),#3447,.T.);
#3584=ADVANCED_FACE('',(#3237),#3448,.T.);
#3585=ADVANCED_FACE('',(#3238,#3239),#3449,.F.);
#3586=ADVANCED_FACE('',(#3240,#3241),#12,.F.);
#3587=ADVANCED_FACE('',(#3242,#3243),#13,.T.);
#3588=ADVANCED_FACE('',(#3244),#3450,.F.);
#3589=ADVANCED_FACE('',(#3245,#3246),#3451,.F.);
#3590=ADVANCED_FACE('',(#3247,#3248),#14,.F.);
#3591=ADVANCED_FACE('',(#3249,#3250),#15,.T.);
#3592=ADVANCED_FACE('',(#3251),#3452,.F.);
#3593=ADVANCED_FACE('',(#3252,#3253),#3453,.F.);
#3594=ADVANCED_FACE('',(#3254,#3255),#16,.F.);
#3595=ADVANCED_FACE('',(#3256,#3257),#17,.T.);
#3596=ADVANCED_FACE('',(#3258),#3454,.F.);
#3597=ADVANCED_FACE('',(#3259,#3260),#3455,.F.);
#3598=ADVANCED_FACE('',(#3261,#3262),#18,.F.);
#3599=ADVANCED_FACE('',(#3263,#3264),#19,.T.);
#3600=ADVANCED_FACE('',(#3265),#3456,.F.);
#3601=ADVANCED_FACE('',(#3266),#3457,.T.);
#3602=ADVANCED_FACE('',(#3267),#3458,.F.);
#3603=ADVANCED_FACE('',(#3268),#20,.F.);
#3604=ADVANCED_FACE('',(#3269),#21,.F.);
#3605=ADVANCED_FACE('',(#3270),#22,.F.);
#3606=ADVANCED_FACE('',(#3271),#23,.F.);
#3607=ADVANCED_FACE('',(#3272),#24,.T.);
#3608=ADVANCED_FACE('',(#3273),#25,.T.);
#3609=ADVANCED_FACE('',(#3274),#26,.T.);
#3610=ADVANCED_FACE('',(#3275),#27,.T.);
#3611=ADVANCED_FACE('',(#3276),#66,.F.);
#3612=ADVANCED_FACE('',(#3277),#3459,.T.);
#3613=ADVANCED_FACE('',(#3278),#67,.F.);
#3614=ADVANCED_FACE('',(#3279),#3460,.F.);
#3615=ADVANCED_FACE('',(#3280),#68,.F.);
#3616=ADVANCED_FACE('',(#3281),#3461,.F.);
#3617=ADVANCED_FACE('',(#3282),#3462,.T.);
#3618=ADVANCED_FACE('',(#3283),#69,.T.);
#3619=ADVANCED_FACE('',(#3284),#3463,.T.);
#3620=ADVANCED_FACE('',(#3285),#70,.T.);
#3621=ADVANCED_FACE('',(#3286),#3464,.T.);
#3622=ADVANCED_FACE('',(#3287),#71,.T.);
#3623=ADVANCED_FACE('',(#3288),#3465,.F.);
#3624=ADVANCED_FACE('',(#3289),#72,.T.);
#3625=ADVANCED_FACE('',(#3290),#3466,.T.);
#3626=ADVANCED_FACE('',(#3291),#3467,.T.);
#3627=ADVANCED_FACE('',(#3292),#3468,.T.);
#3628=ADVANCED_FACE('',(#3293),#73,.T.);
#3629=ADVANCED_FACE('',(#3294),#74,.T.);
#3630=ADVANCED_FACE('',(#3295),#28,.T.);
#3631=ADVANCED_FACE('',(#3296),#3469,.T.);
#3632=ADVANCED_FACE('',(#3297),#3470,.T.);
#3633=ADVANCED_FACE('',(#3298),#3471,.T.);
#3634=ADVANCED_FACE('',(#3299),#75,.T.);
#3635=ADVANCED_FACE('',(#3300),#76,.T.);
#3636=ADVANCED_FACE('',(#3301),#29,.T.);
#3637=ADVANCED_FACE('',(#3302),#3472,.T.);
#3638=ADVANCED_FACE('',(#3303),#3473,.T.);
#3639=ADVANCED_FACE('',(#3304),#3474,.T.);
#3640=ADVANCED_FACE('',(#3305),#77,.T.);
#3641=ADVANCED_FACE('',(#3306),#78,.T.);
#3642=ADVANCED_FACE('',(#3307),#30,.T.);
#3643=ADVANCED_FACE('',(#3308),#3475,.T.);
#3644=ADVANCED_FACE('',(#3309),#3476,.T.);
#3645=ADVANCED_FACE('',(#3310),#3477,.T.);
#3646=ADVANCED_FACE('',(#3311),#79,.T.);
#3647=ADVANCED_FACE('',(#3312),#80,.T.);
#3648=ADVANCED_FACE('',(#3313),#31,.T.);
#3649=ADVANCED_FACE('',(#3314),#3478,.T.);
#3650=ADVANCED_FACE('',(#3315),#3479,.T.);
#3651=ADVANCED_FACE('',(#3316),#3480,.T.);
#3652=ADVANCED_FACE('',(#3317),#3481,.T.);
#3653=ADVANCED_FACE('',(#3318),#32,.F.);
#3654=ADVANCED_FACE('',(#3319),#3482,.F.);
#3655=ADVANCED_FACE('',(#3320),#3483,.F.);
#3656=ADVANCED_FACE('',(#3321),#33,.F.);
#3657=ADVANCED_FACE('',(#3322),#3484,.T.);
#3658=ADVANCED_FACE('',(#3323),#34,.F.);
#3659=ADVANCED_FACE('',(#3324),#3485,.F.);
#3660=ADVANCED_FACE('',(#3325),#3486,.F.);
#3661=ADVANCED_FACE('',(#3326),#35,.F.);
#3662=ADVANCED_FACE('',(#3327),#3487,.T.);
#3663=ADVANCED_FACE('',(#3328),#36,.F.);
#3664=ADVANCED_FACE('',(#3329),#3488,.T.);
#3665=ADVANCED_FACE('',(#3330),#3489,.T.);
#3666=ADVANCED_FACE('',(#3331),#3490,.T.);
#3667=ADVANCED_FACE('',(#3332),#3491,.F.);
#3668=ADVANCED_FACE('',(#3333),#3492,.F.);
#3669=ADVANCED_FACE('',(#3334),#3493,.F.);
#3670=ADVANCED_FACE('',(#3335),#3494,.F.);
#3671=ADVANCED_FACE('',(#3336),#3495,.F.);
#3672=ADVANCED_FACE('',(#3337),#3496,.F.);
#3673=ADVANCED_FACE('',(#3338),#3497,.F.);
#3674=ADVANCED_FACE('',(#3339),#3498,.F.);
#3675=ADVANCED_FACE('',(#3340),#3499,.T.);
#3676=ADVANCED_FACE('',(#3341),#3500,.F.);
#3677=ADVANCED_FACE('',(#3342),#3501,.F.);
#3678=ADVANCED_FACE('',(#3343),#37,.F.);
#3679=ADVANCED_FACE('',(#3344),#3502,.T.);
#3680=ADVANCED_FACE('',(#3345),#38,.F.);
#3681=ADVANCED_FACE('',(#3346),#3503,.T.);
#3682=ADVANCED_FACE('',(#3347),#39,.F.);
#3683=ADVANCED_FACE('',(#3348),#3504,.T.);
#3684=ADVANCED_FACE('',(#3349),#40,.F.);
#3685=ADVANCED_FACE('',(#3350),#3505,.T.);
#3686=ADVANCED_FACE('',(#3351),#41,.F.);
#3687=ADVANCED_FACE('',(#3352),#3506,.T.);
#3688=ADVANCED_FACE('',(#3353),#42,.F.);
#3689=ADVANCED_FACE('',(#3354),#3507,.T.);
#3690=ADVANCED_FACE('',(#3355),#43,.F.);
#3691=ADVANCED_FACE('',(#3356),#3508,.T.);
#3692=ADVANCED_FACE('',(#3357),#44,.F.);
#3693=ADVANCED_FACE('',(#3358),#3509,.T.);
#3694=ADVANCED_FACE('',(#3359),#45,.F.);
#3695=ADVANCED_FACE('',(#3360),#3510,.T.);
#3696=ADVANCED_FACE('',(#3361),#46,.F.);
#3697=ADVANCED_FACE('',(#3362),#3511,.T.);
#3698=ADVANCED_FACE('',(#3363),#47,.F.);
#3699=ADVANCED_FACE('',(#3364),#3512,.T.);
#3700=ADVANCED_FACE('',(#3365),#48,.F.);
#3701=ADVANCED_FACE('',(#3366),#3513,.T.);
#3702=ADVANCED_FACE('',(#3367),#49,.F.);
#3703=ADVANCED_FACE('',(#3368),#3514,.T.);
#3704=ADVANCED_FACE('',(#3369),#50,.F.);
#3705=ADVANCED_FACE('',(#3370),#3515,.T.);
#3706=ADVANCED_FACE('',(#3371),#51,.F.);
#3707=ADVANCED_FACE('',(#3372),#3516,.T.);
#3708=ADVANCED_FACE('',(#3373),#52,.F.);
#3709=ADVANCED_FACE('',(#3374),#3517,.T.);
#3710=ADVANCED_FACE('',(#3375),#53,.F.);
#3711=ADVANCED_FACE('',(#3376),#3518,.T.);
#3712=ADVANCED_FACE('',(#3377),#54,.F.);
#3713=ADVANCED_FACE('',(#3378),#3519,.T.);
#3714=ADVANCED_FACE('',(#3379),#55,.F.);
#3715=ADVANCED_FACE('',(#3380),#3520,.T.);
#3716=ADVANCED_FACE('',(#3381),#56,.F.);
#3717=ADVANCED_FACE('',(#3382),#3521,.T.);
#3718=ADVANCED_FACE('',(#3383),#57,.F.);
#3719=ADVANCED_FACE('',(#3384),#3522,.T.);
#3720=ADVANCED_FACE('',(#3385),#81,.F.);
#3721=ADVANCED_FACE('',(#3386),#3523,.T.);
#3722=ADVANCED_FACE('',(#3387),#3524,.F.);
#3723=ADVANCED_FACE('',(#3388),#82,.F.);
#3724=ADVANCED_FACE('',(#3389),#3525,.F.);
#3725=ADVANCED_FACE('',(#3390),#83,.F.);
#3726=ADVANCED_FACE('',(#3391),#3526,.F.);
#3727=CLOSED_SHELL('',(#3527,#3528,#3529,#3530,#3531,#3532,#3533,#3534,
#3535,#3536,#3537,#3538,#3539,#3540,#3541,#3542,#3543,#3544,#3545,#3546,
#3547,#3548,#3549,#3550,#3551,#3552,#3553,#3554,#3555,#3556,#3557,#3558,
#3559,#3560,#3561,#3562,#3563,#3564,#3565,#3566,#3567,#3568,#3569,#3570,
#3571,#3572,#3573,#3574,#3575,#3576,#3577,#3578,#3579,#3580,#3581,#3582,
#3583,#3584,#3585,#3586,#3587,#3588,#3589,#3590,#3591,#3592,#3593,#3594,
#3595,#3596,#3597,#3598,#3599,#3600,#3601,#3602,#3603,#3604,#3605,#3606,
#3607,#3608,#3609,#3610,#3611,#3612,#3613,#3614,#3615,#3616,#3617,#3618,
#3619,#3620,#3621,#3622,#3623,#3624,#3625,#3626,#3627,#3628,#3629,#3630,
#3631,#3632,#3633,#3634,#3635,#3636,#3637,#3638,#3639,#3640,#3641,#3642,
#3643,#3644,#3645,#3646,#3647,#3648,#3649,#3650,#3651,#3652,#3653,#3654,
#3655,#3656,#3657,#3658,#3659,#3660,#3661,#3662,#3663,#3664,#3665,#3666,
#3667,#3668,#3669,#3670,#3671,#3672,#3673,#3674,#3675,#3676,#3677,#3678,
#3679,#3680,#3681,#3682,#3683,#3684,#3685,#3686,#3687,#3688,#3689,#3690,
#3691,#3692,#3693,#3694,#3695,#3696,#3697,#3698,#3699,#3700,#3701,#3702,
#3703,#3704,#3705,#3706,#3707,#3708,#3709,#3710,#3711,#3712,#3713,#3714,
#3715,#3716,#3717,#3718,#3719,#3720,#3721,#3722,#3723,#3724,#3725,#3726));
#3728=STYLED_ITEM('',(#3729),#3736);
#3729=PRESENTATION_STYLE_ASSIGNMENT((#3730));
#3730=SURFACE_STYLE_USAGE(.BOTH.,#3731);
#3731=SURFACE_SIDE_STYLE('',(#3732));
#3732=SURFACE_STYLE_FILL_AREA(#3733);
#3733=FILL_AREA_STYLE('',(#3734));
#3734=FILL_AREA_STYLE_COLOUR('',#3735);
#3735=COLOUR_RGB('',0.980392156862745,0.713725490196078,0.00392156862745098);
#3736=MANIFOLD_SOLID_BREP('Top',#3727);
#3737=SHAPE_DEFINITION_REPRESENTATION(#6177,#3738);
#3738=SHAPE_REPRESENTATION('Top',(#3739),#6172);
#3739=AXIS2_PLACEMENT_3D('',#5083,#4052,#4053);
#3740=AXIS2_PLACEMENT_3D('',#5084,#4054,#4055);
#3741=AXIS2_PLACEMENT_3D('',#5088,#4057,#4058);
#3742=AXIS2_PLACEMENT_3D('',#5092,#4060,#4061);
#3743=AXIS2_PLACEMENT_3D('',#5096,#4063,#4064);
#3744=AXIS2_PLACEMENT_3D('',#5100,#4066,#4067);
#3745=AXIS2_PLACEMENT_3D('',#5104,#4069,#4070);
#3746=AXIS2_PLACEMENT_3D('',#5108,#4072,#4073);
#3747=AXIS2_PLACEMENT_3D('',#5112,#4075,#4076);
#3748=AXIS2_PLACEMENT_3D('',#5116,#4078,#4079);
#3749=AXIS2_PLACEMENT_3D('',#5120,#4081,#4082);
#3750=AXIS2_PLACEMENT_3D('',#5124,#4084,#4085);
#3751=AXIS2_PLACEMENT_3D('',#5125,#4086,#4087);
#3752=AXIS2_PLACEMENT_3D('',#5127,#4088,#4089);
#3753=AXIS2_PLACEMENT_3D('',#5129,#4090,#4091);
#3754=AXIS2_PLACEMENT_3D('',#5131,#4092,#4093);
#3755=AXIS2_PLACEMENT_3D('',#5150,#4102,#4103);
#3756=AXIS2_PLACEMENT_3D('',#5154,#4105,#4106);
#3757=AXIS2_PLACEMENT_3D('',#5158,#4108,#4109);
#3758=AXIS2_PLACEMENT_3D('',#5162,#4111,#4112);
#3759=AXIS2_PLACEMENT_3D('',#5182,#4122,#4123);
#3760=AXIS2_PLACEMENT_3D('',#5186,#4125,#4126);
#3761=AXIS2_PLACEMENT_3D('',#5190,#4128,#4129);
#3762=AXIS2_PLACEMENT_3D('',#5194,#4131,#4132);
#3763=AXIS2_PLACEMENT_3D('',#5198,#4134,#4135);
#3764=AXIS2_PLACEMENT_3D('',#5202,#4137,#4138);
#3765=AXIS2_PLACEMENT_3D('',#5206,#4140,#4141);
#3766=AXIS2_PLACEMENT_3D('',#5210,#4143,#4144);
#3767=AXIS2_PLACEMENT_3D('',#5214,#4146,#4147);
#3768=AXIS2_PLACEMENT_3D('',#5218,#4149,#4150);
#3769=AXIS2_PLACEMENT_3D('',#5219,#4151,#4152);
#3770=AXIS2_PLACEMENT_3D('',#5220,#4153,#4154);
#3771=AXIS2_PLACEMENT_3D('',#5241,#4164,#4165);
#3772=AXIS2_PLACEMENT_3D('',#5245,#4167,#4168);
#3773=AXIS2_PLACEMENT_3D('',#5249,#4170,#4171);
#3774=AXIS2_PLACEMENT_3D('',#5252,#4173,#4174);
#3775=AXIS2_PLACEMENT_3D('',#5257,#4176,#4177);
#3776=AXIS2_PLACEMENT_3D('',#5260,#4179,#4180);
#3777=AXIS2_PLACEMENT_3D('',#5265,#4182,#4183);
#3778=AXIS2_PLACEMENT_3D('',#5268,#4185,#4186);
#3779=AXIS2_PLACEMENT_3D('',#5273,#4188,#4189);
#3780=AXIS2_PLACEMENT_3D('',#5276,#4191,#4192);
#3781=AXIS2_PLACEMENT_3D('',#5281,#4194,#4195);
#3782=AXIS2_PLACEMENT_3D('',#5284,#4197,#4198);
#3783=AXIS2_PLACEMENT_3D('',#5289,#4200,#4201);
#3784=AXIS2_PLACEMENT_3D('',#5292,#4203,#4204);
#3785=AXIS2_PLACEMENT_3D('',#5297,#4206,#4207);
#3786=AXIS2_PLACEMENT_3D('',#5300,#4209,#4210);
#3787=AXIS2_PLACEMENT_3D('',#5305,#4212,#4213);
#3788=AXIS2_PLACEMENT_3D('',#5308,#4215,#4216);
#3789=AXIS2_PLACEMENT_3D('',#5313,#4218,#4219);
#3790=AXIS2_PLACEMENT_3D('',#5316,#4221,#4222);
#3791=AXIS2_PLACEMENT_3D('',#5321,#4224,#4225);
#3792=AXIS2_PLACEMENT_3D('',#5324,#4227,#4228);
#3793=AXIS2_PLACEMENT_3D('',#5329,#4230,#4231);
#3794=AXIS2_PLACEMENT_3D('',#5332,#4233,#4234);
#3795=AXIS2_PLACEMENT_3D('',#5340,#4238,#4239);
#3796=AXIS2_PLACEMENT_3D('',#5344,#4241,#4242);
#3797=AXIS2_PLACEMENT_3D('',#5350,#4245,#4246);
#3798=AXIS2_PLACEMENT_3D('',#5354,#4248,#4249);
#3799=AXIS2_PLACEMENT_3D('',#5355,#4250,#4251);
#3800=AXIS2_PLACEMENT_3D('',#5361,#4254,#4255);
#3801=AXIS2_PLACEMENT_3D('',#5365,#4257,#4258);
#3802=AXIS2_PLACEMENT_3D('',#5369,#4260,#4261);
#3803=AXIS2_PLACEMENT_3D('',#5373,#4263,#4264);
#3804=AXIS2_PLACEMENT_3D('',#5376,#4266,#4267);
#3805=AXIS2_PLACEMENT_3D('',#5389,#4274,#4275);
#3806=AXIS2_PLACEMENT_3D('',#5390,#4276,#4277);
#3807=AXIS2_PLACEMENT_3D('',#5399,#4282,#4283);
#3808=AXIS2_PLACEMENT_3D('',#5402,#4286,#4287);
#3809=AXIS2_PLACEMENT_3D('',#5405,#4290,#4291);
#3810=AXIS2_PLACEMENT_3D('',#5411,#4295,#4296);
#3811=AXIS2_PLACEMENT_3D('',#5420,#4301,#4302);
#3812=AXIS2_PLACEMENT_3D('',#5428,#4307,#4308);
#3813=AXIS2_PLACEMENT_3D('',#5434,#4312,#4313);
#3814=AXIS2_PLACEMENT_3D('',#5440,#4317,#4318);
#3815=AXIS2_PLACEMENT_3D('',#5446,#4322,#4323);
#3816=AXIS2_PLACEMENT_3D('',#5449,#4326,#4327);
#3817=AXIS2_PLACEMENT_3D('',#5451,#4329,#4330);
#3818=AXIS2_PLACEMENT_3D('',#5453,#4332,#4333);
#3819=AXIS2_PLACEMENT_3D('',#5459,#4337,#4338);
#3820=AXIS2_PLACEMENT_3D('',#5468,#4343,#4344);
#3821=AXIS2_PLACEMENT_3D('',#5477,#4349,#4350);
#3822=AXIS2_PLACEMENT_3D('',#5487,#4355,#4356);
#3823=AXIS2_PLACEMENT_3D('',#5493,#4359,#4360);
#3824=AXIS2_PLACEMENT_3D('',#5494,#4361,#4362);
#3825=AXIS2_PLACEMENT_3D('',#5503,#4367,#4368);
#3826=AXIS2_PLACEMENT_3D('',#5511,#4373,#4374);
#3827=AXIS2_PLACEMENT_3D('',#5515,#4376,#4377);
#3828=AXIS2_PLACEMENT_3D('',#5523,#4381,#4382);
#3829=AXIS2_PLACEMENT_3D('',#5524,#4383,#4384);
#3830=AXIS2_PLACEMENT_3D('',#5534,#4390,#4391);
#3831=AXIS2_PLACEMENT_3D('',#5540,#4395,#4396);
#3832=AXIS2_PLACEMENT_3D('',#5546,#4400,#4401);
#3833=AXIS2_PLACEMENT_3D('',#5557,#4408,#4409);
#3834=AXIS2_PLACEMENT_3D('',#5559,#4411,#4412);
#3835=AXIS2_PLACEMENT_3D('',#5560,#4413,#4414);
#3836=AXIS2_PLACEMENT_3D('',#5566,#4417,#4418);
#3837=AXIS2_PLACEMENT_3D('',#5572,#4419,#4420);
#3838=AXIS2_PLACEMENT_3D('',#5577,#4424,#4425);
#3839=AXIS2_PLACEMENT_3D('',#5586,#4430,#4431);
#3840=AXIS2_PLACEMENT_3D('',#5589,#4434,#4435);
#3841=AXIS2_PLACEMENT_3D('',#5592,#4438,#4439);
#3842=AXIS2_PLACEMENT_3D('',#5601,#4444,#4445);
#3843=AXIS2_PLACEMENT_3D('',#5609,#4449,#4450);
#3844=AXIS2_PLACEMENT_3D('',#5617,#4454,#4455);
#3845=AXIS2_PLACEMENT_3D('',#5618,#4456,#4457);
#3846=AXIS2_PLACEMENT_3D('',#5619,#4458,#4459);
#3847=AXIS2_PLACEMENT_3D('',#5625,#4462,#4463);
#3848=AXIS2_PLACEMENT_3D('',#5629,#4465,#4466);
#3849=AXIS2_PLACEMENT_3D('',#5637,#4470,#4471);
#3850=AXIS2_PLACEMENT_3D('',#5647,#4477,#4478);
#3851=AXIS2_PLACEMENT_3D('',#5650,#4480,#4481);
#3852=AXIS2_PLACEMENT_3D('',#5654,#4483,#4484);
#3853=AXIS2_PLACEMENT_3D('',#5658,#4486,#4487);
#3854=AXIS2_PLACEMENT_3D('',#5671,#4494,#4495);
#3855=AXIS2_PLACEMENT_3D('',#5679,#4499,#4500);
#3856=AXIS2_PLACEMENT_3D('',#5683,#4502,#4503);
#3857=AXIS2_PLACEMENT_3D('',#5688,#4506,#4507);
#3858=AXIS2_PLACEMENT_3D('',#5697,#4512,#4513);
#3859=AXIS2_PLACEMENT_3D('',#5706,#4518,#4519);
#3860=AXIS2_PLACEMENT_3D('',#5715,#4524,#4525);
#3861=AXIS2_PLACEMENT_3D('',#5721,#4529,#4530);
#3862=AXIS2_PLACEMENT_3D('',#5727,#4534,#4535);
#3863=AXIS2_PLACEMENT_3D('',#5730,#4538,#4539);
#3864=AXIS2_PLACEMENT_3D('',#5733,#4542,#4543);
#3865=AXIS2_PLACEMENT_3D('',#5736,#4546,#4547);
#3866=AXIS2_PLACEMENT_3D('',#5739,#4550,#4551);
#3867=AXIS2_PLACEMENT_3D('',#5742,#4554,#4555);
#3868=AXIS2_PLACEMENT_3D('',#5745,#4557,#4558);
#3869=AXIS2_PLACEMENT_3D('',#5747,#4560,#4561);
#3870=AXIS2_PLACEMENT_3D('',#5750,#4563,#4564);
#3871=AXIS2_PLACEMENT_3D('',#5758,#4569,#4570);
#3872=AXIS2_PLACEMENT_3D('',#5761,#4573,#4574);
#3873=AXIS2_PLACEMENT_3D('',#5763,#4576,#4577);
#3874=AXIS2_PLACEMENT_3D('',#5771,#4583,#4584);
#3875=AXIS2_PLACEMENT_3D('',#5777,#4588,#4589);
#3876=AXIS2_PLACEMENT_3D('',#5780,#4591,#4592);
#3877=AXIS2_PLACEMENT_3D('',#5788,#4597,#4598);
#3878=AXIS2_PLACEMENT_3D('',#5808,#4603,#4604);
#3879=AXIS2_PLACEMENT_3D('',#5810,#4606,#4607);
#3880=AXIS2_PLACEMENT_3D('',#5813,#4610,#4611);
#3881=AXIS2_PLACEMENT_3D('',#5814,#4612,#4613);
#3882=AXIS2_PLACEMENT_3D('',#5816,#4614,#4615);
#3883=AXIS2_PLACEMENT_3D('',#5818,#4616,#4617);
#3884=AXIS2_PLACEMENT_3D('',#5819,#4618,#4619);
#3885=AXIS2_PLACEMENT_3D('',#5821,#4620,#4621);
#3886=AXIS2_PLACEMENT_3D('',#5822,#4622,#4623);
#3887=AXIS2_PLACEMENT_3D('',#5823,#4624,#4625);
#3888=AXIS2_PLACEMENT_3D('',#5824,#4626,#4627);
#3889=AXIS2_PLACEMENT_3D('',#5826,#4628,#4629);
#3890=AXIS2_PLACEMENT_3D('',#5828,#4630,#4631);
#3891=AXIS2_PLACEMENT_3D('',#5829,#4632,#4633);
#3892=AXIS2_PLACEMENT_3D('',#5831,#4634,#4635);
#3893=AXIS2_PLACEMENT_3D('',#5832,#4636,#4637);
#3894=AXIS2_PLACEMENT_3D('',#5833,#4638,#4639);
#3895=AXIS2_PLACEMENT_3D('',#5834,#4640,#4641);
#3896=AXIS2_PLACEMENT_3D('',#5836,#4642,#4643);
#3897=AXIS2_PLACEMENT_3D('',#5838,#4644,#4645);
#3898=AXIS2_PLACEMENT_3D('',#5839,#4646,#4647);
#3899=AXIS2_PLACEMENT_3D('',#5841,#4648,#4649);
#3900=AXIS2_PLACEMENT_3D('',#5842,#4650,#4651);
#3901=AXIS2_PLACEMENT_3D('',#5843,#4652,#4653);
#3902=AXIS2_PLACEMENT_3D('',#5844,#4654,#4655);
#3903=AXIS2_PLACEMENT_3D('',#5846,#4656,#4657);
#3904=AXIS2_PLACEMENT_3D('',#5848,#4658,#4659);
#3905=AXIS2_PLACEMENT_3D('',#5849,#4660,#4661);
#3906=AXIS2_PLACEMENT_3D('',#5851,#4662,#4663);
#3907=AXIS2_PLACEMENT_3D('',#5852,#4664,#4665);
#3908=AXIS2_PLACEMENT_3D('',#5853,#4666,#4667);
#3909=AXIS2_PLACEMENT_3D('',#5858,#4671,#4672);
#3910=AXIS2_PLACEMENT_3D('',#5860,#4674,#4675);
#3911=AXIS2_PLACEMENT_3D('',#5862,#4677,#4678);
#3912=AXIS2_PLACEMENT_3D('',#5863,#4679,#4680);
#3913=AXIS2_PLACEMENT_3D('',#5864,#4681,#4682);
#3914=AXIS2_PLACEMENT_3D('',#5865,#4683,#4684);
#3915=AXIS2_PLACEMENT_3D('',#5866,#4685,#4686);
#3916=AXIS2_PLACEMENT_3D('',#5867,#4687,#4688);
#3917=AXIS2_PLACEMENT_3D('',#5868,#4689,#4690);
#3918=AXIS2_PLACEMENT_3D('',#5869,#4691,#4692);
#3919=AXIS2_PLACEMENT_3D('',#5870,#4693,#4694);
#3920=AXIS2_PLACEMENT_3D('',#5871,#4695,#4696);
#3921=AXIS2_PLACEMENT_3D('',#5872,#4697,#4698);
#3922=AXIS2_PLACEMENT_3D('',#5873,#4699,#4700);
#3923=AXIS2_PLACEMENT_3D('',#5874,#4701,#4702);
#3924=AXIS2_PLACEMENT_3D('',#5875,#4703,#4704);
#3925=AXIS2_PLACEMENT_3D('',#5876,#4705,#4706);
#3926=AXIS2_PLACEMENT_3D('',#5878,#4708,#4709);
#3927=AXIS2_PLACEMENT_3D('',#5880,#4711,#4712);
#3928=AXIS2_PLACEMENT_3D('',#5882,#4714,#4715);
#3929=AXIS2_PLACEMENT_3D('',#5884,#4717,#4718);
#3930=AXIS2_PLACEMENT_3D('',#5886,#4720,#4721);
#3931=AXIS2_PLACEMENT_3D('',#5887,#4722,#4723);
#3932=AXIS2_PLACEMENT_3D('',#5889,#4725,#4726);
#3933=AXIS2_PLACEMENT_3D('',#5891,#4728,#4729);
#3934=AXIS2_PLACEMENT_3D('',#5893,#4731,#4732);
#3935=AXIS2_PLACEMENT_3D('',#5895,#4734,#4735);
#3936=AXIS2_PLACEMENT_3D('',#5897,#4737,#4738);
#3937=AXIS2_PLACEMENT_3D('',#5899,#4740,#4741);
#3938=AXIS2_PLACEMENT_3D('',#5901,#4743,#4744);
#3939=AXIS2_PLACEMENT_3D('',#5903,#4746,#4747);
#3940=AXIS2_PLACEMENT_3D('',#5904,#4748,#4749);
#3941=AXIS2_PLACEMENT_3D('',#5905,#4750,#4751);
#3942=AXIS2_PLACEMENT_3D('',#5906,#4752,#4753);
#3943=AXIS2_PLACEMENT_3D('',#5910,#4755,#4756);
#3944=AXIS2_PLACEMENT_3D('',#5911,#4757,#4758);
#3945=AXIS2_PLACEMENT_3D('',#5912,#4759,#4760);
#3946=AXIS2_PLACEMENT_3D('',#5914,#4762,#4763);
#3947=AXIS2_PLACEMENT_3D('',#5916,#4765,#4766);
#3948=AXIS2_PLACEMENT_3D('',#5925,#4771,#4772);
#3949=AXIS2_PLACEMENT_3D('',#5928,#4775,#4776);
#3950=AXIS2_PLACEMENT_3D('',#5931,#4779,#4780);
#3951=AXIS2_PLACEMENT_3D('',#5932,#4781,#4782);
#3952=AXIS2_PLACEMENT_3D('',#5933,#4783,#4784);
#3953=AXIS2_PLACEMENT_3D('',#5934,#4785,#4786);
#3954=AXIS2_PLACEMENT_3D('',#5935,#4787,#4788);
#3955=AXIS2_PLACEMENT_3D('',#5936,#4789,#4790);
#3956=AXIS2_PLACEMENT_3D('',#5945,#4795,#4796);
#3957=AXIS2_PLACEMENT_3D('',#5951,#4800,#4801);
#3958=AXIS2_PLACEMENT_3D('',#5954,#4804,#4805);
#3959=AXIS2_PLACEMENT_3D('',#5955,#4806,#4807);
#3960=AXIS2_PLACEMENT_3D('',#5956,#4808,#4809);
#3961=AXIS2_PLACEMENT_3D('',#5957,#4810,#4811);
#3962=AXIS2_PLACEMENT_3D('',#5958,#4812,#4813);
#3963=AXIS2_PLACEMENT_3D('',#5959,#4814,#4815);
#3964=AXIS2_PLACEMENT_3D('',#5965,#4819,#4820);
#3965=AXIS2_PLACEMENT_3D('',#5967,#4822,#4823);
#3966=AXIS2_PLACEMENT_3D('',#5969,#4825,#4826);
#3967=AXIS2_PLACEMENT_3D('',#5976,#4827,#4828);
#3968=AXIS2_PLACEMENT_3D('',#5980,#4830,#4831);
#3969=AXIS2_PLACEMENT_3D('',#5981,#4832,#4833);
#3970=AXIS2_PLACEMENT_3D('',#5987,#4835,#4836);
#3971=AXIS2_PLACEMENT_3D('',#5990,#4839,#4840);
#3972=AXIS2_PLACEMENT_3D('',#5993,#4843,#4844);
#3973=AXIS2_PLACEMENT_3D('',#5994,#4845,#4846);
#3974=AXIS2_PLACEMENT_3D('',#5997,#4849,#4850);
#3975=AXIS2_PLACEMENT_3D('',#5998,#4851,#4852);
#3976=AXIS2_PLACEMENT_3D('',#6001,#4854,#4855);
#3977=AXIS2_PLACEMENT_3D('',#6004,#4857,#4858);
#3978=AXIS2_PLACEMENT_3D('',#6006,#4860,#4861);
#3979=AXIS2_PLACEMENT_3D('',#6008,#4863,#4864);
#3980=AXIS2_PLACEMENT_3D('',#6011,#4867,#4868);
#3981=AXIS2_PLACEMENT_3D('',#6013,#4870,#4871);
#3982=AXIS2_PLACEMENT_3D('',#6015,#4873,#4874);
#3983=AXIS2_PLACEMENT_3D('',#6016,#4875,#4876);
#3984=AXIS2_PLACEMENT_3D('',#6017,#4877,#4878);
#3985=AXIS2_PLACEMENT_3D('',#6020,#4880,#4881);
#3986=AXIS2_PLACEMENT_3D('',#6023,#4883,#4884);
#3987=AXIS2_PLACEMENT_3D('',#6027,#4887,#4888);
#3988=AXIS2_PLACEMENT_3D('',#6028,#4889,#4890);
#3989=AXIS2_PLACEMENT_3D('',#6031,#4892,#4893);
#3990=AXIS2_PLACEMENT_3D('',#6033,#4895,#4896);
#3991=AXIS2_PLACEMENT_3D('',#6035,#4898,#4899);
#3992=AXIS2_PLACEMENT_3D('',#6038,#4902,#4903);
#3993=AXIS2_PLACEMENT_3D('',#6039,#4904,#4905);
#3994=AXIS2_PLACEMENT_3D('',#6040,#4906,#4907);
#3995=AXIS2_PLACEMENT_3D('',#6046,#4911,#4912);
#3996=AXIS2_PLACEMENT_3D('',#6052,#4916,#4917);
#3997=AXIS2_PLACEMENT_3D('',#6058,#4921,#4922);
#3998=AXIS2_PLACEMENT_3D('',#6064,#4926,#4927);
#3999=AXIS2_PLACEMENT_3D('',#6067,#4930,#4931);
#4000=AXIS2_PLACEMENT_3D('',#6068,#4932,#4933);
#4001=AXIS2_PLACEMENT_3D('',#6069,#4934,#4935);
#4002=AXIS2_PLACEMENT_3D('',#6071,#4937,#4938);
#4003=AXIS2_PLACEMENT_3D('',#6073,#4940,#4941);
#4004=AXIS2_PLACEMENT_3D('',#6074,#4942,#4943);
#4005=AXIS2_PLACEMENT_3D('',#6077,#4946,#4947);
#4006=AXIS2_PLACEMENT_3D('',#6079,#4949,#4950);
#4007=AXIS2_PLACEMENT_3D('',#6081,#4952,#4953);
#4008=AXIS2_PLACEMENT_3D('',#6082,#4954,#4955);
#4009=AXIS2_PLACEMENT_3D('',#6085,#4958,#4959);
#4010=AXIS2_PLACEMENT_3D('',#6087,#4961,#4962);
#4011=AXIS2_PLACEMENT_3D('',#6089,#4964,#4965);
#4012=AXIS2_PLACEMENT_3D('',#6090,#4966,#4967);
#4013=AXIS2_PLACEMENT_3D('',#6093,#4970,#4971);
#4014=AXIS2_PLACEMENT_3D('',#6095,#4973,#4974);
#4015=AXIS2_PLACEMENT_3D('',#6097,#4976,#4977);
#4016=AXIS2_PLACEMENT_3D('',#6098,#4978,#4979);
#4017=AXIS2_PLACEMENT_3D('',#6101,#4982,#4983);
#4018=AXIS2_PLACEMENT_3D('',#6103,#4985,#4986);
#4019=AXIS2_PLACEMENT_3D('',#6105,#4988,#4989);
#4020=AXIS2_PLACEMENT_3D('',#6106,#4990,#4991);
#4021=AXIS2_PLACEMENT_3D('',#6109,#4994,#4995);
#4022=AXIS2_PLACEMENT_3D('',#6111,#4997,#4998);
#4023=AXIS2_PLACEMENT_3D('',#6113,#5000,#5001);
#4024=AXIS2_PLACEMENT_3D('',#6114,#5002,#5003);
#4025=AXIS2_PLACEMENT_3D('',#6117,#5006,#5007);
#4026=AXIS2_PLACEMENT_3D('',#6119,#5009,#5010);
#4027=AXIS2_PLACEMENT_3D('',#6121,#5012,#5013);
#4028=AXIS2_PLACEMENT_3D('',#6122,#5014,#5015);
#4029=AXIS2_PLACEMENT_3D('',#6125,#5018,#5019);
#4030=AXIS2_PLACEMENT_3D('',#6127,#5021,#5022);
#4031=AXIS2_PLACEMENT_3D('',#6129,#5024,#5025);
#4032=AXIS2_PLACEMENT_3D('',#6130,#5026,#5027);
#4033=AXIS2_PLACEMENT_3D('',#6133,#5030,#5031);
#4034=AXIS2_PLACEMENT_3D('',#6135,#5033,#5034);
#4035=AXIS2_PLACEMENT_3D('',#6137,#5036,#5037);
#4036=AXIS2_PLACEMENT_3D('',#6138,#5038,#5039);
#4037=AXIS2_PLACEMENT_3D('',#6141,#5042,#5043);
#4038=AXIS2_PLACEMENT_3D('',#6143,#5045,#5046);
#4039=AXIS2_PLACEMENT_3D('',#6145,#5048,#5049);
#4040=AXIS2_PLACEMENT_3D('',#6146,#5050,#5051);
#4041=AXIS2_PLACEMENT_3D('',#6149,#5054,#5055);
#4042=AXIS2_PLACEMENT_3D('',#6151,#5057,#5058);
#4043=AXIS2_PLACEMENT_3D('',#6153,#5060,#5061);
#4044=AXIS2_PLACEMENT_3D('',#6154,#5062,#5063);
#4045=AXIS2_PLACEMENT_3D('',#6159,#5064,#5065);
#4046=AXIS2_PLACEMENT_3D('',#6161,#5067,#5068);
#4047=AXIS2_PLACEMENT_3D('',#6162,#5069,#5070);
#4048=AXIS2_PLACEMENT_3D('',#6164,#5072,#5073);
#4049=AXIS2_PLACEMENT_3D('',#6166,#5075,#5076);
#4050=AXIS2_PLACEMENT_3D('',#6168,#5078,#5079);
#4051=AXIS2_PLACEMENT_3D('',#6170,#5081,#5082);
#4052=DIRECTION('',(0.,0.,1.));
#4053=DIRECTION('',(1.,0.,0.));
#4054=DIRECTION('',(0.,0.,1.));
#4055=DIRECTION('',(1.,0.,0.));
#4056=DIRECTION('',(-1.,0.,0.));
#4057=DIRECTION('',(0.,0.,1.));
#4058=DIRECTION('',(1.,0.,0.));
#4059=DIRECTION('',(1.,0.,0.));
#4060=DIRECTION('',(0.,0.,1.));
#4061=DIRECTION('',(1.,0.,0.));
#4062=DIRECTION('',(-1.,0.,0.));
#4063=DIRECTION('',(0.,0.,1.));
#4064=DIRECTION('',(1.,0.,0.));
#4065=DIRECTION('',(1.,0.,0.));
#4066=DIRECTION('',(0.,0.,1.));
#4067=DIRECTION('',(1.,0.,0.));
#4068=DIRECTION('',(-1.,0.,0.));
#4069=DIRECTION('',(0.,0.,1.));
#4070=DIRECTION('',(1.,0.,0.));
#4071=DIRECTION('',(1.,0.,0.));
#4072=DIRECTION('',(0.,0.,1.));
#4073=DIRECTION('',(1.,0.,0.));
#4074=DIRECTION('',(-1.,0.,0.));
#4075=DIRECTION('',(0.,0.,1.));
#4076=DIRECTION('',(1.,0.,0.));
#4077=DIRECTION('',(1.,0.,0.));
#4078=DIRECTION('',(0.,0.,1.));
#4079=DIRECTION('',(1.,0.,0.));
#4080=DIRECTION('',(-1.,0.,0.));
#4081=DIRECTION('',(0.,0.,1.));
#4082=DIRECTION('',(1.,0.,0.));
#4083=DIRECTION('',(1.,0.,0.));
#4084=DIRECTION('',(0.,0.,1.));
#4085=DIRECTION('',(1.,0.,0.));
#4086=DIRECTION('',(0.,0.,1.));
#4087=DIRECTION('',(1.,0.,0.));
#4088=DIRECTION('',(0.,0.,1.));
#4089=DIRECTION('',(1.,0.,0.));
#4090=DIRECTION('',(0.,0.,1.));
#4091=DIRECTION('',(1.,0.,0.));
#4092=DIRECTION('',(0.,0.,-1.));
#4093=DIRECTION('',(-1.,0.,0.));
#4094=DIRECTION('',(-1.,0.,0.));
#4095=DIRECTION('',(0.,1.,0.));
#4096=DIRECTION('',(1.,0.,0.));
#4097=DIRECTION('',(0.,1.,0.));
#4098=DIRECTION('',(-1.,0.,0.));
#4099=DIRECTION('',(0.,-1.,0.));
#4100=DIRECTION('',(1.,0.,0.));
#4101=DIRECTION('',(0.,1.,0.));
#4102=DIRECTION('',(0.,0.,1.));
#4103=DIRECTION('',(1.,0.,0.));
#4104=DIRECTION('',(-8.06831710274178E-17,1.,0.));
#4105=DIRECTION('',(0.,0.,1.));
#4106=DIRECTION('',(1.,0.,0.));
#4107=DIRECTION('',(1.,0.,0.));
#4108=DIRECTION('',(0.,0.,1.));
#4109=DIRECTION('',(1.,0.,0.));
#4110=DIRECTION('',(1.61366342054835E-16,-1.,0.));
#4111=DIRECTION('',(0.,0.,1.));
#4112=DIRECTION('',(1.,0.,0.));
#4113=DIRECTION('',(-1.,0.,0.));
#4114=DIRECTION('',(0.,1.,0.));
#4115=DIRECTION('',(1.,0.,0.));
#4116=DIRECTION('',(0.,1.,0.));
#4117=DIRECTION('',(-1.,0.,0.));
#4118=DIRECTION('',(0.,-1.,0.));
#4119=DIRECTION('',(1.,0.,0.));
#4120=DIRECTION('',(9.71289740188583E-17,-1.,0.));
#4121=DIRECTION('',(-1.,0.,0.));
#4122=DIRECTION('',(0.,0.,1.));
#4123=DIRECTION('',(1.,0.,0.));
#4124=DIRECTION('',(1.,0.,0.));
#4125=DIRECTION('',(0.,0.,1.));
#4126=DIRECTION('',(1.,0.,0.));
#4127=DIRECTION('',(-1.,0.,0.));
#4128=DIRECTION('',(0.,0.,1.));
#4129=DIRECTION('',(1.,0.,0.));
#4130=DIRECTION('',(1.,0.,0.));
#4131=DIRECTION('',(0.,0.,1.));
#4132=DIRECTION('',(1.,0.,0.));
#4133=DIRECTION('',(-1.,0.,0.));
#4134=DIRECTION('',(0.,0.,1.));
#4135=DIRECTION('',(1.,0.,0.));
#4136=DIRECTION('',(1.,0.,0.));
#4137=DIRECTION('',(0.,0.,1.));
#4138=DIRECTION('',(1.,0.,0.));
#4139=DIRECTION('',(-1.,0.,0.));
#4140=DIRECTION('',(0.,0.,1.));
#4141=DIRECTION('',(1.,0.,0.));
#4142=DIRECTION('',(1.,0.,0.));
#4143=DIRECTION('',(0.,0.,1.));
#4144=DIRECTION('',(1.,0.,0.));
#4145=DIRECTION('',(1.,0.,0.));
#4146=DIRECTION('',(0.,0.,1.));
#4147=DIRECTION('',(1.,0.,0.));
#4148=DIRECTION('',(-1.,0.,0.));
#4149=DIRECTION('',(0.,0.,1.));
#4150=DIRECTION('',(1.,0.,0.));
#4151=DIRECTION('',(0.,0.,1.));
#4152=DIRECTION('',(1.,0.,0.));
#4153=DIRECTION('',(0.,0.,1.));
#4154=DIRECTION('',(1.,0.,0.));
#4155=DIRECTION('',(1.,0.,0.));
#4156=DIRECTION('',(0.,1.,0.));
#4157=DIRECTION('',(1.,0.,0.));
#4158=DIRECTION('',(0.,-1.,0.));
#4159=DIRECTION('',(1.,0.,0.));
#4160=DIRECTION('',(9.71289740188583E-17,-1.,0.));
#4161=DIRECTION('',(1.,0.,0.));
#4162=DIRECTION('',(0.,-1.,0.));
#4163=DIRECTION('',(1.,0.,0.));
#4164=DIRECTION('',(0.,0.,1.));
#4165=DIRECTION('',(1.,0.,0.));
#4166=DIRECTION('',(-2.28750345039757E-16,1.,0.));
#4167=DIRECTION('',(0.,0.,1.));
#4168=DIRECTION('',(1.,0.,0.));
#4169=DIRECTION('',(-1.,-1.11914258505992E-16,0.));
#4170=DIRECTION('',(0.,0.,1.));
#4171=DIRECTION('',(1.,0.,0.));
#4172=DIRECTION('',(1.9062528753313E-16,-1.,0.));
#4173=DIRECTION('',(0.,0.,-1.));
#4174=DIRECTION('',(1.,0.,0.));
#4175=DIRECTION('',(-1.,0.,0.));
#4176=DIRECTION('',(0.,0.,1.));
#4177=DIRECTION('',(1.,0.,0.));
#4178=DIRECTION('',(1.,0.,0.));
#4179=DIRECTION('',(0.,0.,-1.));
#4180=DIRECTION('',(1.,0.,0.));
#4181=DIRECTION('',(-1.,0.,0.));
#4182=DIRECTION('',(0.,0.,1.));
#4183=DIRECTION('',(1.,0.,0.));
#4184=DIRECTION('',(1.,0.,0.));
#4185=DIRECTION('',(0.,0.,-1.));
#4186=DIRECTION('',(1.,0.,0.));
#4187=DIRECTION('',(-1.,0.,0.));
#4188=DIRECTION('',(0.,0.,1.));
#4189=DIRECTION('',(1.,0.,0.));
#4190=DIRECTION('',(1.,0.,0.));
#4191=DIRECTION('',(0.,0.,-1.));
#4192=DIRECTION('',(1.,0.,0.));
#4193=DIRECTION('',(-1.,0.,0.));
#4194=DIRECTION('',(0.,0.,1.));
#4195=DIRECTION('',(1.,0.,0.));
#4196=DIRECTION('',(1.,0.,0.));
#4197=DIRECTION('',(0.,0.,-1.));
#4198=DIRECTION('',(1.,0.,0.));
#4199=DIRECTION('',(-1.,0.,0.));
#4200=DIRECTION('',(0.,0.,1.));
#4201=DIRECTION('',(1.,0.,0.));
#4202=DIRECTION('',(1.,0.,0.));
#4203=DIRECTION('',(0.,0.,-1.));
#4204=DIRECTION('',(1.,0.,0.));
#4205=DIRECTION('',(-1.,0.,0.));
#4206=DIRECTION('',(0.,0.,1.));
#4207=DIRECTION('',(1.,0.,0.));
#4208=DIRECTION('',(1.,0.,0.));
#4209=DIRECTION('',(0.,0.,-1.));
#4210=DIRECTION('',(1.,0.,0.));
#4211=DIRECTION('',(-1.,0.,0.));
#4212=DIRECTION('',(0.,0.,1.));
#4213=DIRECTION('',(1.,0.,0.));
#4214=DIRECTION('',(1.,0.,0.));
#4215=DIRECTION('',(0.,0.,-1.));
#4216=DIRECTION('',(1.,0.,0.));
#4217=DIRECTION('',(-1.,0.,0.));
#4218=DIRECTION('',(0.,0.,1.));
#4219=DIRECTION('',(1.,0.,0.));
#4220=DIRECTION('',(1.,0.,0.));
#4221=DIRECTION('',(0.,0.,-1.));
#4222=DIRECTION('',(1.,0.,0.));
#4223=DIRECTION('',(-1.,0.,0.));
#4224=DIRECTION('',(0.,0.,1.));
#4225=DIRECTION('',(1.,0.,0.));
#4226=DIRECTION('',(1.,0.,0.));
#4227=DIRECTION('',(0.,0.,1.));
#4228=DIRECTION('',(1.,0.,0.));
#4229=DIRECTION('',(1.,0.,0.));
#4230=DIRECTION('',(0.,0.,-1.));
#4231=DIRECTION('',(1.,0.,0.));
#4232=DIRECTION('',(-1.,0.,0.));
#4233=DIRECTION('',(0.,0.,1.));
#4234=DIRECTION('',(1.,0.,0.));
#4235=DIRECTION('',(1.,0.,0.));
#4236=DIRECTION('',(-1.11914258505992E-16,1.,0.));
#4237=DIRECTION('',(-1.,-1.11914258505992E-16,0.));
#4238=DIRECTION('',(0.,0.,1.));
#4239=DIRECTION('',(1.,0.,0.));
#4240=DIRECTION('',(-2.28750345039757E-16,1.,0.));
#4241=DIRECTION('',(0.,0.,1.));
#4242=DIRECTION('',(1.,0.,0.));
#4243=DIRECTION('',(1.,0.,0.));
#4244=DIRECTION('',(0.,1.,0.));
#4245=DIRECTION('',(0.,0.,-1.));
#4246=DIRECTION('',(1.,0.,0.));
#4247=DIRECTION('',(1.61366342054835E-16,-1.,0.));
#4248=DIRECTION('',(0.,0.,-1.));
#4249=DIRECTION('',(0.,1.,0.));
#4250=DIRECTION('',(1.25486362556192E-16,2.02492753034596E-32,-1.));
#4251=DIRECTION('',(-1.,0.,-1.25486362556192E-16));
#4252=DIRECTION('',(1.11914258505992E-16,-1.,-6.20556208536929E-33));
#4253=DIRECTION('',(1.,0.,0.));
#4254=DIRECTION('',(0.,0.,-1.));
#4255=DIRECTION('',(0.,1.,-9.96509349710941E-18));
#4256=DIRECTION('',(1.61366342054835E-16,-1.,0.));
#4257=DIRECTION('',(0.,0.,-1.));
#4258=DIRECTION('',(1.,0.,-9.9650934971094E-18));
#4259=DIRECTION('',(0.,-1.,-2.02492753034596E-32));
#4260=DIRECTION('',(0.,0.,-1.));
#4261=DIRECTION('',(1.,0.,0.));
#4262=DIRECTION('',(1.61366342054835E-16,-1.,0.));
#4263=DIRECTION('',(0.,0.,-1.));
#4264=DIRECTION('',(0.,1.,0.));
#4265=DIRECTION('',(1.,0.,0.));
#4266=DIRECTION('',(0.,-1.,0.));
#4267=DIRECTION('',(0.,0.,-1.));
#4268=DIRECTION('',(0.,0.,1.));
#4269=DIRECTION('',(0.,0.,1.));
#4270=DIRECTION('',(-1.,0.,0.));
#4271=DIRECTION('',(0.,0.,1.));
#4272=DIRECTION('',(1.,0.,0.));
#4273=DIRECTION('',(0.,0.,-1.));
#4274=DIRECTION('',(0.,-1.,0.));
#4275=DIRECTION('',(0.,0.,-1.));
#4276=DIRECTION('',(0.,0.78086880944303,0.624695047554425));
#4277=DIRECTION('',(0.,-0.624695047554425,0.78086880944303));
#4278=DIRECTION('',(-6.99122830394189E-17,0.624695047554425,-0.78086880944303));
#4279=DIRECTION('',(1.,0.,0.));
#4280=DIRECTION('',(-7.56019122508915E-18,0.624695047554425,-0.78086880944303));
#4281=DIRECTION('',(1.,0.,0.));
#4282=DIRECTION('',(0.,0.78086880944303,-0.624695047554425));
#4283=DIRECTION('',(0.,0.624695047554425,0.78086880944303));
#4284=DIRECTION('',(6.9912283039419E-17,-0.624695047554425,-0.78086880944303));
#4285=DIRECTION('',(7.56019122508915E-18,-0.624695047554425,-0.78086880944303));
#4286=DIRECTION('',(0.,1.,0.));
#4287=DIRECTION('',(0.,0.,1.));
#4288=DIRECTION('',(0.,0.,-1.));
#4289=DIRECTION('',(0.,0.,-1.));
#4290=DIRECTION('',(0.,0.707106781186548,-0.707106781186548));
#4291=DIRECTION('',(-1.,0.,0.));
#4292=DIRECTION('',(1.,0.,0.));
#4293=DIRECTION('',(0.,0.707106781186547,0.707106781186548));
#4294=DIRECTION('',(6.86805561784267E-17,-0.707106781186548,-0.707106781186548));
#4295=DIRECTION('',(0.,-1.,0.));
#4296=DIRECTION('',(0.,0.,-1.));
#4297=DIRECTION('',(-1.,0.,0.));
#4298=DIRECTION('',(-2.30988478825141E-16,0.,1.));
#4299=DIRECTION('',(1.,0.,0.));
#4300=DIRECTION('',(0.,0.,-1.));
#4301=DIRECTION('',(0.,-0.707106781186548,0.707106781186548));
#4302=DIRECTION('',(0.,-0.707106781186548,-0.707106781186548));
#4303=DIRECTION('',(0.,-0.707106781186548,-0.707106781186548));
#4304=DIRECTION('',(1.,0.,0.));
#4305=DIRECTION('',(0.,-0.707106781186548,-0.707106781186548));
#4306=DIRECTION('',(1.,0.,0.));
#4307=DIRECTION('',(0.,-1.,0.));
#4308=DIRECTION('',(0.,0.,-1.));
#4309=DIRECTION('',(0.,0.,-1.));
#4310=DIRECTION('',(0.,0.,-1.));
#4311=DIRECTION('',(1.,0.,0.));
#4312=DIRECTION('',(0.,-0.707106781186548,0.707106781186547));
#4313=DIRECTION('',(0.,-0.707106781186547,-0.707106781186548));
#4314=DIRECTION('',(0.,-0.707106781186547,-0.707106781186548));
#4315=DIRECTION('',(0.,-0.707106781186547,-0.707106781186548));
#4316=DIRECTION('',(1.,0.,0.));
#4317=DIRECTION('',(0.,0.,1.));
#4318=DIRECTION('',(1.,0.,0.));
#4319=DIRECTION('',(0.,-1.,0.));
#4320=DIRECTION('',(0.,-1.,0.));
#4321=DIRECTION('',(1.,0.,0.));
#4322=DIRECTION('',(0.,-0.707106781186548,0.707106781186548));
#4323=DIRECTION('',(0.,-0.707106781186548,-0.707106781186548));
#4324=DIRECTION('',(0.,-0.707106781186548,-0.707106781186548));
#4325=DIRECTION('',(0.,-0.707106781186548,-0.707106781186548));
#4326=DIRECTION('',(1.,0.,0.));
#4327=DIRECTION('',(0.,1.,0.));
#4328=DIRECTION('',(0.,0.,-1.));
#4329=DIRECTION('',(1.,0.,0.));
#4330=DIRECTION('',(0.,1.,0.));
#4331=DIRECTION('',(0.,0.707106781186547,0.707106781186548));
#4332=DIRECTION('',(0.,0.707106781186548,-0.707106781186548));
#4333=DIRECTION('',(-1.,0.,0.));
#4334=DIRECTION('',(0.,0.707106781186547,0.707106781186548));
#4335=DIRECTION('',(1.,0.,0.));
#4336=DIRECTION('',(0.,0.707106781186548,0.707106781186548));
#4337=DIRECTION('',(0.,-1.,0.));
#4338=DIRECTION('',(0.,0.,-1.));
#4339=DIRECTION('',(0.,0.,-1.));
#4340=DIRECTION('',(1.,0.,0.));
#4341=DIRECTION('',(0.,0.,-1.));
#4342=DIRECTION('',(-1.,0.,0.));
#4343=DIRECTION('',(0.,0.,1.));
#4344=DIRECTION('',(1.,0.,0.));
#4345=DIRECTION('',(1.,0.,0.));
#4346=DIRECTION('',(0.,1.,0.));
#4347=DIRECTION('',(-1.,0.,0.));
#4348=DIRECTION('',(0.,-1.,0.));
#4349=DIRECTION('',(0.,0.,1.));
#4350=DIRECTION('',(1.,0.,0.));
#4351=DIRECTION('',(-1.9062528753313E-16,1.,0.));
#4352=DIRECTION('',(0.707106781186548,0.707106781186548,0.));
#4353=DIRECTION('',(1.,1.9062528753313E-16,0.));
#4354=DIRECTION('',(-8.06831710274178E-17,1.,0.));
#4355=DIRECTION('',(0.,0.,-1.));
#4356=DIRECTION('',(0.,-1.,0.));
#4357=DIRECTION('',(0.,-1.,0.));
#4358=DIRECTION('',(1.,0.,0.));
#4359=DIRECTION('',(0.,0.,1.));
#4360=DIRECTION('',(1.,0.,0.));
#4361=DIRECTION('',(0.,0.,1.));
#4362=DIRECTION('',(1.,0.,0.));
#4363=DIRECTION('',(1.,0.,0.));
#4364=DIRECTION('',(0.,1.,0.));
#4365=DIRECTION('',(-1.,0.,0.));
#4366=DIRECTION('',(0.,-1.,0.));
#4367=DIRECTION('',(1.25486362556192E-16,2.02492753034596E-32,-1.));
#4368=DIRECTION('',(-1.,0.,-1.25486362556192E-16));
#4369=DIRECTION('',(-1.,0.,0.));
#4370=DIRECTION('',(0.,1.,2.02492753034596E-32));
#4371=DIRECTION('',(-1.,0.,0.));
#4372=DIRECTION('',(4.67734929965763E-48,-1.,-2.02492753034596E-32));
#4373=DIRECTION('',(1.25486362556192E-16,2.02492753034596E-32,-1.));
#4374=DIRECTION('',(-1.,0.,-1.25486362556192E-16));
#4375=DIRECTION('',(0.,1.,2.02492753034596E-32));
#4376=DIRECTION('',(0.,0.,-1.));
#4377=DIRECTION('',(0.,-1.,-9.96509349710938E-18));
#4378=DIRECTION('',(-8.06831710274178E-17,1.,0.));
#4379=DIRECTION('',(-1.,-1.9062528753313E-16,-1.25486362556192E-16));
#4380=DIRECTION('',(-8.06831710274178E-17,1.,0.));
#4381=DIRECTION('',(0.,0.,-1.));
#4382=DIRECTION('',(0.,-1.,0.));
#4383=DIRECTION('',(1.25486362556192E-16,2.02492753034596E-32,-1.));
#4384=DIRECTION('',(-1.,0.,-1.25486362556192E-16));
#4385=DIRECTION('',(3.50801197474322E-48,-1.,-2.02492753034596E-32));
#4386=DIRECTION('',(-1.,0.,0.));
#4387=DIRECTION('',(1.,0.,0.));
#4388=DIRECTION('',(0.,1.,2.02492753034596E-32));
#4389=DIRECTION('',(-1.,0.,0.));
#4390=DIRECTION('',(0.,1.,0.));
#4391=DIRECTION('',(0.,0.,1.));
#4392=DIRECTION('',(0.,0.,1.));
#4393=DIRECTION('',(0.,0.,1.));
#4394=DIRECTION('',(-1.,0.,0.));
#4395=DIRECTION('',(0.,1.,0.));
#4396=DIRECTION('',(0.,0.,1.));
#4397=DIRECTION('',(0.,0.,1.));
#4398=DIRECTION('',(-1.,0.,0.));
#4399=DIRECTION('',(0.,0.,1.));
#4400=DIRECTION('',(0.,1.,0.));
#4401=DIRECTION('',(0.,0.,1.));
#4402=DIRECTION('',(0.,0.,1.));
#4403=DIRECTION('',(0.,0.,-1.));
#4404=DIRECTION('',(1.,0.,0.));
#4405=DIRECTION('',(0.,0.,1.));
#4406=DIRECTION('',(0.,0.,1.));
#4407=DIRECTION('',(-1.,0.,0.));
#4408=DIRECTION('',(0.,-1.,0.));
#4409=DIRECTION('',(0.,0.,-1.));
#4410=DIRECTION('',(0.,0.,-1.));
#4411=DIRECTION('',(0.,0.,-1.));
#4412=DIRECTION('',(-1.,0.,0.));
#4413=DIRECTION('',(0.,0.,-1.));
#4414=DIRECTION('',(-1.,0.,0.));
#4415=DIRECTION('',(0.,-0.707106781186548,-0.707106781186548));
#4416=DIRECTION('',(0.707106781186548,0.,-0.707106781186548));
#4417=DIRECTION('',(0.,0.,1.));
#4418=DIRECTION('',(1.,0.,0.));
#4419=DIRECTION('',(0.,0.707106781186548,-0.707106781186548));
#4420=DIRECTION('',(-1.,0.,0.));
#4421=DIRECTION('',(0.,0.707106781186547,0.707106781186548));
#4422=DIRECTION('',(-1.,0.,0.));
#4423=DIRECTION('',(0.,0.707106781186548,0.707106781186548));
#4424=DIRECTION('',(0.,-0.78086880944303,0.624695047554425));
#4425=DIRECTION('',(0.,-0.624695047554425,-0.78086880944303));
#4426=DIRECTION('',(-1.80371698455244E-16,0.624695047554425,0.78086880944303));
#4427=DIRECTION('',(-1.,0.,0.));
#4428=DIRECTION('',(0.,-0.624695047554425,-0.78086880944303));
#4429=DIRECTION('',(-1.,0.,0.));
#4430=DIRECTION('',(0.,-0.78086880944303,-0.624695047554425));
#4431=DIRECTION('',(0.,0.624695047554425,-0.78086880944303));
#4432=DIRECTION('',(-1.80371698455244E-16,-0.624695047554425,0.78086880944303));
#4433=DIRECTION('',(0.,0.624695047554425,-0.78086880944303));
#4434=DIRECTION('',(0.,-1.,0.));
#4435=DIRECTION('',(0.,0.,-1.));
#4436=DIRECTION('',(-2.30988478825141E-16,0.,1.));
#4437=DIRECTION('',(0.,0.,-1.));
#4438=DIRECTION('',(0.,0.,1.));
#4439=DIRECTION('',(1.,0.,0.));
#4440=DIRECTION('',(-1.9062528753313E-16,1.,0.));
#4441=DIRECTION('',(-0.707106781186547,-0.707106781186548,0.));
#4442=DIRECTION('',(-8.06831710274178E-17,1.,0.));
#4443=DIRECTION('',(-1.,-1.9062528753313E-16,0.));
#4444=DIRECTION('',(0.,0.,1.));
#4445=DIRECTION('',(1.,0.,0.));
#4446=DIRECTION('',(-8.06831710274178E-17,1.,0.));
#4447=DIRECTION('',(0.707106781186547,-0.707106781186548,0.));
#4448=DIRECTION('',(-1.9062528753313E-16,1.,0.));
#4449=DIRECTION('',(0.,0.,1.));
#4450=DIRECTION('',(1.,0.,0.));
#4451=DIRECTION('',(-1.,-1.11914258505992E-16,0.));
#4452=DIRECTION('',(1.11914258505992E-16,-1.,0.));
#4453=DIRECTION('',(1.,0.,0.));
#4454=DIRECTION('',(0.,0.,-1.));
#4455=DIRECTION('',(-1.,0.,0.));
#4456=DIRECTION('',(-1.,-1.9062528753313E-16,0.));
#4457=DIRECTION('',(1.9062528753313E-16,-1.,0.));
#4458=DIRECTION('',(-1.,-1.9062528753313E-16,0.));
#4459=DIRECTION('',(1.9062528753313E-16,-1.,0.));
#4460=DIRECTION('',(0.,0.,-1.));
#4461=DIRECTION('',(0.,0.,-1.));
#4462=DIRECTION('',(-1.,-1.9062528753313E-16,0.));
#4463=DIRECTION('',(1.9062528753313E-16,-1.,0.));
#4464=DIRECTION('',(1.9062528753313E-16,-1.,0.));
#4465=DIRECTION('',(-1.,-1.9062528753313E-16,0.));
#4466=DIRECTION('',(1.9062528753313E-16,-1.,0.));
#4467=DIRECTION('',(0.,0.,1.));
#4468=DIRECTION('',(-1.9062528753313E-16,1.,0.));
#4469=DIRECTION('',(0.,0.,1.));
#4470=DIRECTION('',(-1.,-1.9062528753313E-16,0.));
#4471=DIRECTION('',(1.9062528753313E-16,-1.,0.));
#4472=DIRECTION('',(0.,0.,-1.));
#4473=DIRECTION('',(0.,0.,1.));
#4474=DIRECTION('',(-1.9062528753313E-16,1.,0.));
#4475=DIRECTION('',(0.,0.,1.));
#4476=DIRECTION('',(0.,0.,1.));
#4477=DIRECTION('',(-1.,-1.9062528753313E-16,0.));
#4478=DIRECTION('',(1.9062528753313E-16,-1.,0.));
#4479=DIRECTION('',(1.9062528753313E-16,-1.,-7.74023147064585E-11));
#4480=DIRECTION('',(-1.,-8.06831710274178E-17,0.));
#4481=DIRECTION('',(8.06831710274178E-17,-1.,0.));
#4482=DIRECTION('',(0.,0.,-1.));
#4483=DIRECTION('',(-1.,-8.06831710274178E-17,0.));
#4484=DIRECTION('',(8.06831710274178E-17,-1.,0.));
#4485=DIRECTION('',(8.06831710274178E-17,-1.,-7.74023147064585E-11));
#4486=DIRECTION('',(-1.,-8.06831710274178E-17,0.));
#4487=DIRECTION('',(8.06831710274178E-17,-1.,0.));
#4488=DIRECTION('',(0.,0.,1.));
#4489=DIRECTION('',(-8.06831710274178E-17,1.,0.));
#4490=DIRECTION('',(0.,0.,1.));
#4491=DIRECTION('',(8.06831710274178E-17,-1.,0.));
#4492=DIRECTION('',(0.,0.,1.));
#4493=DIRECTION('',(0.,0.,1.));
#4494=DIRECTION('',(-1.,-8.06831710274178E-17,0.));
#4495=DIRECTION('',(8.06831710274178E-17,-1.,0.));
#4496=DIRECTION('',(0.,0.,-1.));
#4497=DIRECTION('',(-8.06831710274178E-17,1.,0.));
#4498=DIRECTION('',(0.,0.,1.));
#4499=DIRECTION('',(-1.,-8.06831710274178E-17,0.));
#4500=DIRECTION('',(8.06831710274178E-17,-1.,0.));
#4501=DIRECTION('',(8.06831710274178E-17,-1.,0.));
#4502=DIRECTION('',(-1.,-8.06831710274178E-17,0.));
#4503=DIRECTION('',(8.06831710274178E-17,-1.,0.));
#4504=DIRECTION('',(0.,0.,-1.));
#4505=DIRECTION('',(-8.06831710274178E-17,1.,0.));
#4506=DIRECTION('',(-0.78086880944303,-6.30029717022681E-17,0.624695047554425));
#4507=DIRECTION('',(0.624695047554425,0.,0.78086880944303));
#4508=DIRECTION('',(-8.06831710274178E-17,1.,0.));
#4509=DIRECTION('',(-0.624695047554425,-1.19082673060585E-16,-0.78086880944303));
#4510=DIRECTION('',(-8.06831710274178E-17,1.,0.));
#4511=DIRECTION('',(-0.624695047554425,-1.19082673060585E-16,-0.78086880944303));
#4512=DIRECTION('',(-0.78086880944303,-6.30029717022681E-17,0.624695047554425));
#4513=DIRECTION('',(0.624695047554425,0.,0.78086880944303));
#4514=DIRECTION('',(-8.06831710274178E-17,1.,0.));
#4515=DIRECTION('',(0.624695047554425,1.19082673060585E-16,0.78086880944303));
#4516=DIRECTION('',(-8.06831710274178E-17,1.,0.));
#4517=DIRECTION('',(-0.624695047554425,-5.79625685869037E-17,-0.78086880944303));
#4518=DIRECTION('',(-0.78086880944303,-6.30029717022681E-17,0.624695047554425));
#4519=DIRECTION('',(0.624695047554425,0.,0.78086880944303));
#4520=DIRECTION('',(0.624695047554425,1.19082673060585E-16,0.78086880944303));
#4521=DIRECTION('',(-8.06831710274178E-17,1.,0.));
#4522=DIRECTION('',(-0.624695047554425,-7.56019122508915E-18,-0.78086880944303));
#4523=DIRECTION('',(-8.06831710274178E-17,1.,0.));
#4524=DIRECTION('',(-0.78086880944303,-6.30029717022681E-17,-0.624695047554425));
#4525=DIRECTION('',(-0.624695047554425,0.,0.78086880944303));
#4526=DIRECTION('',(0.624695047554425,1.19082673060585E-16,-0.78086880944303));
#4527=DIRECTION('',(-8.06831710274178E-17,1.,0.));
#4528=DIRECTION('',(0.624695047554425,1.19082673060585E-16,-0.78086880944303));
#4529=DIRECTION('',(-0.78086880944303,-6.30029717022681E-17,-0.624695047554425));
#4530=DIRECTION('',(-0.624695047554425,0.,0.78086880944303));
#4531=DIRECTION('',(-8.06831710274178E-17,1.,0.));
#4532=DIRECTION('',(-0.624695047554425,-1.19082673060585E-16,0.78086880944303));
#4533=DIRECTION('',(0.624695047554425,5.79625685869038E-17,-0.78086880944303));
#4534=DIRECTION('',(-0.78086880944303,-6.30029717022681E-17,-0.624695047554425));
#4535=DIRECTION('',(-0.624695047554425,0.,0.78086880944303));
#4536=DIRECTION('',(-0.624695047554425,-1.19082673060585E-16,0.78086880944303));
#4537=DIRECTION('',(0.624695047554425,7.56019122508915E-18,-0.78086880944303));
#4538=DIRECTION('',(-1.,-8.06831710274178E-17,0.));
#4539=DIRECTION('',(8.06831710274178E-17,-1.,0.));
#4540=DIRECTION('',(0.,0.,-1.));
#4541=DIRECTION('',(0.,0.,-1.));
#4542=DIRECTION('',(-1.,-8.06831710274178E-17,0.));
#4543=DIRECTION('',(8.06831710274178E-17,-1.,0.));
#4544=DIRECTION('',(0.,0.,1.));
#4545=DIRECTION('',(0.,0.,-1.));
#4546=DIRECTION('',(-1.,-8.06831710274178E-17,0.));
#4547=DIRECTION('',(8.06831710274178E-17,-1.,0.));
#4548=DIRECTION('',(0.,0.,1.));
#4549=DIRECTION('',(0.,0.,-1.));
#4550=DIRECTION('',(1.25486362556192E-16,2.02492753034596E-32,-1.));
#4551=DIRECTION('',(-1.,0.,-1.25486362556192E-16));
#4552=DIRECTION('',(1.,1.9062528753313E-16,1.25486362556192E-16));
#4553=DIRECTION('',(1.,1.9062528753313E-16,1.25486362556192E-16));
#4554=DIRECTION('',(1.25486362556192E-16,2.02492753034596E-32,-1.));
#4555=DIRECTION('',(-1.,0.,-1.25486362556192E-16));
#4556=DIRECTION('',(-1.11914258505992E-16,1.,6.20556208536929E-33));
#4557=DIRECTION('',(0.,0.,-1.));
#4558=DIRECTION('',(-1.,0.,0.));
#4559=DIRECTION('',(-1.,-1.9062528753313E-16,-1.25486362556192E-16));
#4560=DIRECTION('',(0.,0.,-1.));
#4561=DIRECTION('',(-1.,0.,-9.96509349710941E-18));
#4562=DIRECTION('',(1.,0.,0.));
#4563=DIRECTION('',(0.,0.,1.));
#4564=DIRECTION('',(1.,0.,0.));
#4565=DIRECTION('',(-1.,-1.9062528753313E-16,0.));
#4566=DIRECTION('',(-0.707106781186548,0.707106781186548,0.));
#4567=DIRECTION('',(1.,1.9062528753313E-16,0.));
#4568=DIRECTION('',(-8.06831710274178E-17,1.,0.));
#4569=DIRECTION('',(-1.,-9.71289740188583E-17,0.));
#4570=DIRECTION('',(9.71289740188583E-17,-1.,0.));
#4571=DIRECTION('',(0.,0.,1.));
#4572=DIRECTION('',(6.86805561784267E-17,-0.707106781186548,-0.707106781186548));
#4573=DIRECTION('',(0.,-1.,0.));
#4574=DIRECTION('',(0.,0.,-1.));
#4575=DIRECTION('',(0.,0.,1.));
#4576=DIRECTION('',(-1.,0.,0.));
#4577=DIRECTION('',(0.,0.,1.));
#4578=DIRECTION('',(0.,0.707106781186548,0.707106781186548));
#4579=DIRECTION('',(-1.73241359118855E-16,0.,1.));
#4580=DIRECTION('',(-1.35278773841433E-16,-0.624695047554425,0.78086880944303));
#4581=DIRECTION('',(-1.35278773841433E-16,0.624695047554425,0.78086880944303));
#4582=DIRECTION('',(-1.73241359118855E-16,0.,1.));
#4583=DIRECTION('',(-1.,-2.28750345039757E-16,0.));
#4584=DIRECTION('',(2.28750345039757E-16,-1.,0.));
#4585=DIRECTION('',(0.,0.,1.));
#4586=DIRECTION('',(2.28750345039757E-16,-1.,0.));
#4587=DIRECTION('',(0.,0.,1.));
#4588=DIRECTION('',(1.11914258505992E-16,-1.,0.));
#4589=DIRECTION('',(1.,1.11914258505992E-16,0.));
#4590=DIRECTION('',(0.,0.,-1.));
#4591=DIRECTION('',(1.11914258505992E-16,-1.,0.));
#4592=DIRECTION('',(-1.,-1.11914258505992E-16,0.));
#4593=DIRECTION('',(0.,0.,1.));
#4594=DIRECTION('',(0.,0.,1.));
#4595=DIRECTION('',(1.,1.11914258505992E-16,0.));
#4596=DIRECTION('',(0.,0.,1.));
#4597=DIRECTION('',(1.,0.,0.));
#4598=DIRECTION('',(0.,0.,-1.));
#4599=DIRECTION('',(0.,0.,1.));
#4600=DIRECTION('',(0.,-0.707106781186548,-0.707106781186548));
#4601=DIRECTION('',(0.,0.,-1.));
#4602=DIRECTION('',(0.,0.,-1.));
#4603=DIRECTION('',(0.,-1.,0.));
#4604=DIRECTION('',(0.,0.,-1.));
#4605=DIRECTION('',(0.,0.,1.));
#4606=DIRECTION('',(-1.,0.,0.));
#4607=DIRECTION('',(0.,0.,1.));
#4608=DIRECTION('',(0.,0.707106781186548,0.707106781186548));
#4609=DIRECTION('',(0.,0.707106781186548,0.707106781186548));
#4610=DIRECTION('',(0.,0.,1.));
#4611=DIRECTION('',(1.,0.,0.));
#4612=DIRECTION('',(0.,0.,1.));
#4613=DIRECTION('',(1.,0.,0.));
#4614=DIRECTION('',(0.,0.,1.));
#4615=DIRECTION('',(1.,0.,0.));
#4616=DIRECTION('',(0.,0.,1.));
#4617=DIRECTION('',(1.,0.,0.));
#4618=DIRECTION('',(0.,0.,-1.));
#4619=DIRECTION('',(-1.,0.,0.));
#4620=DIRECTION('',(0.,0.,1.));
#4621=DIRECTION('',(1.,0.,0.));
#4622=DIRECTION('',(0.,0.,1.));
#4623=DIRECTION('',(1.,0.,0.));
#4624=DIRECTION('',(0.,0.,1.));
#4625=DIRECTION('',(1.,0.,0.));
#4626=DIRECTION('',(0.,0.,1.));
#4627=DIRECTION('',(1.,0.,0.));
#4628=DIRECTION('',(0.,0.,1.));
#4629=DIRECTION('',(1.,0.,0.));
#4630=DIRECTION('',(0.,0.,1.));
#4631=DIRECTION('',(1.,0.,0.));
#4632=DIRECTION('',(0.,0.,-1.));
#4633=DIRECTION('',(-1.,0.,0.));
#4634=DIRECTION('',(0.,0.,1.));
#4635=DIRECTION('',(1.,0.,0.));
#4636=DIRECTION('',(0.,0.,1.));
#4637=DIRECTION('',(1.,0.,0.));
#4638=DIRECTION('',(0.,0.,1.));
#4639=DIRECTION('',(1.,0.,0.));
#4640=DIRECTION('',(0.,0.,1.));
#4641=DIRECTION('',(1.,0.,0.));
#4642=DIRECTION('',(0.,0.,1.));
#4643=DIRECTION('',(1.,0.,0.));
#4644=DIRECTION('',(0.,0.,1.));
#4645=DIRECTION('',(1.,0.,0.));
#4646=DIRECTION('',(0.,0.,-1.));
#4647=DIRECTION('',(-1.,0.,0.));
#4648=DIRECTION('',(0.,0.,1.));
#4649=DIRECTION('',(1.,0.,0.));
#4650=DIRECTION('',(0.,0.,1.));
#4651=DIRECTION('',(1.,0.,0.));
#4652=DIRECTION('',(0.,0.,1.));
#4653=DIRECTION('',(1.,0.,0.));
#4654=DIRECTION('',(0.,0.,1.));
#4655=DIRECTION('',(1.,0.,0.));
#4656=DIRECTION('',(0.,0.,1.));
#4657=DIRECTION('',(1.,0.,0.));
#4658=DIRECTION('',(0.,0.,1.));
#4659=DIRECTION('',(1.,0.,0.));
#4660=DIRECTION('',(0.,0.,-1.));
#4661=DIRECTION('',(-1.,0.,0.));
#4662=DIRECTION('',(0.,0.,1.));
#4663=DIRECTION('',(1.,0.,0.));
#4664=DIRECTION('',(0.,0.,1.));
#4665=DIRECTION('',(1.,0.,0.));
#4666=DIRECTION('',(-1.,-1.61366342054835E-16,0.));
#4667=DIRECTION('',(1.61366342054835E-16,-1.,0.));
#4668=DIRECTION('',(0.,0.,1.));
#4669=DIRECTION('',(-1.61366342054835E-16,1.,0.));
#4670=DIRECTION('',(0.,0.,1.));
#4671=DIRECTION('',(0.,-1.,0.));
#4672=DIRECTION('',(0.,0.,-1.));
#4673=DIRECTION('',(0.,0.,-1.));
#4674=DIRECTION('',(0.,0.,1.));
#4675=DIRECTION('',(1.,0.,0.));
#4676=DIRECTION('',(0.,0.,1.));
#4677=DIRECTION('',(0.,0.,-1.));
#4678=DIRECTION('',(-1.,0.,0.));
#4679=DIRECTION('',(0.,0.,1.));
#4680=DIRECTION('',(1.,0.,0.));
#4681=DIRECTION('',(0.,0.,1.));
#4682=DIRECTION('',(1.,0.,0.));
#4683=DIRECTION('',(0.,0.,1.));
#4684=DIRECTION('',(1.,0.,0.));
#4685=DIRECTION('',(0.,0.,-1.));
#4686=DIRECTION('',(-1.,0.,0.));
#4687=DIRECTION('',(0.,0.,1.));
#4688=DIRECTION('',(1.,0.,0.));
#4689=DIRECTION('',(0.,0.,-1.));
#4690=DIRECTION('',(-1.,0.,0.));
#4691=DIRECTION('',(0.,0.,1.));
#4692=DIRECTION('',(1.,0.,0.));
#4693=DIRECTION('',(0.,0.,-1.));
#4694=DIRECTION('',(-1.,0.,0.));
#4695=DIRECTION('',(0.,0.,1.));
#4696=DIRECTION('',(1.,0.,0.));
#4697=DIRECTION('',(0.,0.,1.));
#4698=DIRECTION('',(1.,0.,0.));
#4699=DIRECTION('',(0.,0.,1.));
#4700=DIRECTION('',(1.,0.,0.));
#4701=DIRECTION('',(0.,0.,1.));
#4702=DIRECTION('',(1.,0.,0.));
#4703=DIRECTION('',(0.,0.,1.));
#4704=DIRECTION('',(1.,0.,0.));
#4705=DIRECTION('',(0.,0.,-1.));
#4706=DIRECTION('',(-1.,0.,0.));
#4707=DIRECTION('',(-0.707106781186548,0.,-0.707106781186548));
#4708=DIRECTION('',(0.707106781186548,5.70516173611211E-17,-0.707106781186548));
#4709=DIRECTION('',(-8.06831710274178E-17,1.,0.));
#4710=DIRECTION('',(-0.707106781186548,0.,-0.707106781186548));
#4711=DIRECTION('',(0.,0.,-1.));
#4712=DIRECTION('',(-1.,0.,0.));
#4713=DIRECTION('',(0.,0.707106781186548,-0.707106781186548));
#4714=DIRECTION('',(0.,0.707106781186548,0.707106781186547));
#4715=DIRECTION('',(1.,0.,0.));
#4716=DIRECTION('',(0.,0.707106781186547,-0.707106781186548));
#4717=DIRECTION('',(0.,0.,-1.));
#4718=DIRECTION('',(-1.,0.,0.));
#4719=DIRECTION('',(0.707106781186548,0.,-0.707106781186548));
#4720=DIRECTION('',(0.707106781186548,1.14103234722242E-16,0.707106781186548));
#4721=DIRECTION('',(1.61366342054835E-16,-1.,0.));
#4722=DIRECTION('',(0.,-0.707106781186548,0.707106781186548));
#4723=DIRECTION('',(1.,0.,0.));
#4724=DIRECTION('',(0.,-0.707106781186548,-0.707106781186548));
#4725=DIRECTION('',(0.,0.,-1.));
#4726=DIRECTION('',(-1.,0.,0.));
#4727=DIRECTION('',(0.707106781186548,0.,-0.707106781186548));
#4728=DIRECTION('',(0.707106781186548,1.61750920176374E-16,0.707106781186548));
#4729=DIRECTION('',(-2.28750345039757E-16,1.,0.));
#4730=DIRECTION('',(0.707106781186549,0.,-0.707106781186546));
#4731=DIRECTION('',(0.,0.,-1.));
#4732=DIRECTION('',(-1.,0.,0.));
#4733=DIRECTION('',(0.,0.707106781186548,-0.707106781186548));
#4734=DIRECTION('',(-7.91353311010511E-17,0.707106781186546,0.707106781186549));
#4735=DIRECTION('',(-1.,-1.11914258505992E-16,0.));
#4736=DIRECTION('',(0.,0.707106781186549,-0.707106781186546));
#4737=DIRECTION('',(0.,0.,-1.));
#4738=DIRECTION('',(-1.,0.,0.));
#4739=DIRECTION('',(-0.707106781186548,0.,-0.707106781186548));
#4740=DIRECTION('',(0.707106781186548,1.34792433480312E-16,-0.707106781186548));
#4741=DIRECTION('',(1.9062528753313E-16,-1.,0.));
#4742=DIRECTION('',(-0.707106781186548,0.,-0.707106781186548));
#4743=DIRECTION('',(0.,0.,-1.));
#4744=DIRECTION('',(-1.,0.,0.));
#4745=DIRECTION('',(0.,-0.707106781186548,-0.707106781186548));
#4746=DIRECTION('',(0.,-0.707106781186548,0.707106781186548));
#4747=DIRECTION('',(1.,0.,0.));
#4748=DIRECTION('',(0.,0.707106781186548,-0.707106781186548));
#4749=DIRECTION('',(-1.,0.,0.));
#4750=DIRECTION('',(0.,-0.707106781186548,0.707106781186548));
#4751=DIRECTION('',(1.,0.,0.));
#4752=DIRECTION('',(0.,0.,-1.));
#4753=DIRECTION('',(-1.,0.,0.));
#4754=DIRECTION('',(0.624695047554425,1.08364945948718E-16,-0.78086880944303));
#4755=DIRECTION('',(0.,0.,-1.));
#4756=DIRECTION('',(0.,1.,2.46409584655796E-17));
#4757=DIRECTION('',(0.,0.,-1.));
#4758=DIRECTION('',(0.,1.,0.));
#4759=DIRECTION('',(0.,0.,1.));
#4760=DIRECTION('',(1.,0.,0.));
#4761=DIRECTION('',(-0.624695047554425,-1.08364945948718E-16,-0.78086880944303));
#4762=DIRECTION('',(0.,0.,-1.));
#4763=DIRECTION('',(-1.,0.,0.));
#4764=DIRECTION('',(0.,0.,-1.));
#4765=DIRECTION('',(0.,0.78086880944303,0.624695047554425));
#4766=DIRECTION('',(0.,-0.624695047554425,0.78086880944303));
#4767=DIRECTION('',(6.99122830394189E-17,-0.624695047554425,0.78086880944303));
#4768=DIRECTION('',(1.,0.,0.));
#4769=DIRECTION('',(-7.56019122508915E-18,0.624695047554425,-0.78086880944303));
#4770=DIRECTION('',(1.,0.,0.));
#4771=DIRECTION('',(0.,0.78086880944303,-0.624695047554425));
#4772=DIRECTION('',(0.,0.624695047554425,0.78086880944303));
#4773=DIRECTION('',(-6.9912283039419E-17,0.624695047554425,0.78086880944303));
#4774=DIRECTION('',(7.56019122508915E-18,-0.624695047554425,-0.78086880944303));
#4775=DIRECTION('',(0.,1.,0.));
#4776=DIRECTION('',(0.,0.,1.));
#4777=DIRECTION('',(0.,0.,1.));
#4778=DIRECTION('',(0.,0.,-1.));
#4779=DIRECTION('',(0.,0.,-1.));
#4780=DIRECTION('',(-1.,0.,0.));
#4781=DIRECTION('',(0.,0.,-1.));
#4782=DIRECTION('',(-1.,0.,2.46409584655796E-17));
#4783=DIRECTION('',(0.,0.,-1.));
#4784=DIRECTION('',(-1.,0.,0.));
#4785=DIRECTION('',(0.,0.,1.));
#4786=DIRECTION('',(1.,0.,0.));
#4787=DIRECTION('',(0.,0.,-1.));
#4788=DIRECTION('',(-1.,0.,0.));
#4789=DIRECTION('',(-0.78086880944303,-6.30029717022681E-17,0.624695047554425));
#4790=DIRECTION('',(0.624695047554425,0.,0.78086880944303));
#4791=DIRECTION('',(0.624695047554425,1.19082673060585E-16,0.78086880944303));
#4792=DIRECTION('',(-8.06831710274178E-17,1.,0.));
#4793=DIRECTION('',(-0.624695047554425,-1.19082673060585E-16,-0.78086880944303));
#4794=DIRECTION('',(-8.06831710274178E-17,1.,0.));
#4795=DIRECTION('',(-0.78086880944303,-6.30029717022681E-17,-0.624695047554425));
#4796=DIRECTION('',(-0.624695047554425,0.,0.78086880944303));
#4797=DIRECTION('',(-0.624695047554425,-1.19082673060585E-16,0.78086880944303));
#4798=DIRECTION('',(-8.06831710274178E-17,1.,0.));
#4799=DIRECTION('',(0.624695047554425,1.19082673060585E-16,-0.78086880944303));
#4800=DIRECTION('',(-1.,-8.06831710274178E-17,0.));
#4801=DIRECTION('',(8.06831710274178E-17,-1.,0.));
#4802=DIRECTION('',(0.,0.,1.));
#4803=DIRECTION('',(0.,0.,-1.));
#4804=DIRECTION('',(0.,0.,-1.));
#4805=DIRECTION('',(-1.,0.,0.));
#4806=DIRECTION('',(0.,0.,-1.));
#4807=DIRECTION('',(0.,-1.,0.));
#4808=DIRECTION('',(0.,0.,-1.));
#4809=DIRECTION('',(0.,-1.,2.46409584655796E-17));
#4810=DIRECTION('',(0.,0.,1.));
#4811=DIRECTION('',(1.,0.,0.));
#4812=DIRECTION('',(0.,0.,-1.));
#4813=DIRECTION('',(-1.,0.,0.));
#4814=DIRECTION('',(0.,-0.78086880944303,0.624695047554425));
#4815=DIRECTION('',(0.,-0.624695047554425,-0.78086880944303));
#4816=DIRECTION('',(-1.,0.,0.));
#4817=DIRECTION('',(0.,-0.624695047554425,-0.78086880944303));
#4818=DIRECTION('',(-1.,0.,0.));
#4819=DIRECTION('',(0.,-0.78086880944303,-0.624695047554425));
#4820=DIRECTION('',(0.,0.624695047554425,-0.78086880944303));
#4821=DIRECTION('',(0.,0.624695047554425,-0.78086880944303));
#4822=DIRECTION('',(0.,-1.,0.));
#4823=DIRECTION('',(0.,0.,-1.));
#4824=DIRECTION('',(0.,0.,-1.));
#4825=DIRECTION('',(0.,0.,-1.));
#4826=DIRECTION('',(-1.,0.,0.));
#4827=DIRECTION('',(0.,0.,-1.));
#4828=DIRECTION('',(1.,0.,2.46409584655796E-17));
#4829=DIRECTION('',(0.624695047554425,1.08364945948718E-16,-0.78086880944303));
#4830=DIRECTION('',(0.,0.,-1.));
#4831=DIRECTION('',(1.,0.,0.));
#4832=DIRECTION('',(0.,0.,1.));
#4833=DIRECTION('',(1.,0.,0.));
#4834=DIRECTION('',(-0.624695047554425,-1.08364945948718E-16,-0.78086880944303));
#4835=DIRECTION('',(0.,0.,-1.));
#4836=DIRECTION('',(-1.,0.,0.));
#4837=DIRECTION('',(0.,0.,-1.));
#4838=DIRECTION('',(0.,0.,-1.));
#4839=DIRECTION('',(0.78086880944303,1.26005943404536E-16,0.624695047554425));
#4840=DIRECTION('',(0.624695047554425,0.,-0.78086880944303));
#4841=DIRECTION('',(1.61366342054835E-16,-1.,0.));
#4842=DIRECTION('',(1.61366342054835E-16,-1.,0.));
#4843=DIRECTION('',(0.78086880944303,1.26005943404536E-16,-0.624695047554425));
#4844=DIRECTION('',(-0.624695047554425,0.,-0.78086880944303));
#4845=DIRECTION('',(1.25486362556192E-16,2.02492753034596E-32,-1.));
#4846=DIRECTION('',(-1.,0.,-1.25486362556192E-16));
#4847=DIRECTION('',(-1.,-1.9062528753313E-16,-1.25486362556192E-16));
#4848=DIRECTION('',(1.,1.9062528753313E-16,1.25486362556192E-16));
#4849=DIRECTION('',(1.,1.61366342054835E-16,0.));
#4850=DIRECTION('',(-1.61366342054835E-16,1.,0.));
#4851=DIRECTION('',(-1.,-1.9062528753313E-16,0.));
#4852=DIRECTION('',(1.9062528753313E-16,-1.,0.));
#4853=DIRECTION('',(-1.,-1.9062528753313E-16,0.));
#4854=DIRECTION('',(-1.,0.,0.));
#4855=DIRECTION('',(0.,0.,1.));
#4856=DIRECTION('',(-1.,-1.9062528753313E-16,0.));
#4857=DIRECTION('',(1.9062528753313E-16,-1.,0.));
#4858=DIRECTION('',(1.,1.9062528753313E-16,0.));
#4859=DIRECTION('',(0.,0.,1.));
#4860=DIRECTION('',(-1.9062528753313E-16,1.,0.));
#4861=DIRECTION('',(-1.,-1.9062528753313E-16,0.));
#4862=DIRECTION('',(0.,0.,-1.));
#4863=DIRECTION('',(-1.,-1.9062528753313E-16,0.));
#4864=DIRECTION('',(1.9062528753313E-16,-1.,0.));
#4865=DIRECTION('',(-1.,-1.9062528753313E-16,0.));
#4866=DIRECTION('',(-1.,-1.9062528753313E-16,0.));
#4867=DIRECTION('',(0.,0.,-1.));
#4868=DIRECTION('',(-1.,0.,0.));
#4869=DIRECTION('',(-1.,-1.9062528753313E-16,0.));
#4870=DIRECTION('',(-1.,-1.9062528753313E-16,0.));
#4871=DIRECTION('',(1.9062528753313E-16,-1.,0.));
#4872=DIRECTION('',(-1.,-1.9062528753313E-16,0.));
#4873=DIRECTION('',(-1.9062528753313E-16,1.,0.));
#4874=DIRECTION('',(-1.,-1.9062528753313E-16,0.));
#4875=DIRECTION('',(1.9062528753313E-16,-1.,0.));
#4876=DIRECTION('',(1.,1.9062528753313E-16,0.));
#4877=DIRECTION('',(-1.,-1.9062528753313E-16,0.));
#4878=DIRECTION('',(1.9062528753313E-16,-1.,0.));
#4879=DIRECTION('',(-1.,-1.9062528753313E-16,0.));
#4880=DIRECTION('',(-1.,-1.44560289664734E-16,0.));
#4881=DIRECTION('',(1.44560289664734E-16,-1.,0.));
#4882=DIRECTION('',(-1.,-1.9062528753313E-16,0.));
#4883=DIRECTION('',(-1.47548384966485E-26,7.74023147064585E-11,-1.));
#4884=DIRECTION('',(0.,1.,7.74023147064585E-11));
#4885=DIRECTION('',(-1.9062528753313E-16,1.,7.74023147064585E-11));
#4886=DIRECTION('',(-1.,-1.9062528753313E-16,0.));
#4887=DIRECTION('',(-1.,-1.9062528753313E-16,0.));
#4888=DIRECTION('',(1.9062528753313E-16,-1.,0.));
#4889=DIRECTION('',(-1.,0.,0.));
#4890=DIRECTION('',(0.,0.,1.));
#4891=DIRECTION('',(-1.,-1.9062528753313E-16,0.));
#4892=DIRECTION('',(-1.9062528753313E-16,1.,0.));
#4893=DIRECTION('',(-1.,-1.9062528753313E-16,0.));
#4894=DIRECTION('',(0.,0.,1.));
#4895=DIRECTION('',(1.9062528753313E-16,-1.,0.));
#4896=DIRECTION('',(1.,1.9062528753313E-16,0.));
#4897=DIRECTION('',(0.,0.,-1.));
#4898=DIRECTION('',(0.,0.,-1.));
#4899=DIRECTION('',(-1.,0.,0.));
#4900=DIRECTION('',(0.,-1.,0.));
#4901=DIRECTION('',(0.,-1.,0.));
#4902=DIRECTION('',(-1.,0.,0.));
#4903=DIRECTION('',(0.,0.,1.));
#4904=DIRECTION('',(1.,0.,0.));
#4905=DIRECTION('',(0.,0.,-1.));
#4906=DIRECTION('',(0.,-0.707106781186548,0.707106781186548));
#4907=DIRECTION('',(0.,-0.707106781186548,-0.707106781186548));
#4908=DIRECTION('',(0.,-0.707106781186548,-0.707106781186548));
#4909=DIRECTION('',(0.,-0.707106781186548,-0.707106781186548));
#4910=DIRECTION('',(1.,0.,0.));
#4911=DIRECTION('',(0.,-1.,0.));
#4912=DIRECTION('',(0.,0.,-1.));
#4913=DIRECTION('',(0.,0.,-1.));
#4914=DIRECTION('',(0.,0.,-1.));
#4915=DIRECTION('',(1.,0.,0.));
#4916=DIRECTION('',(0.,-0.707106781186548,0.707106781186547));
#4917=DIRECTION('',(0.,-0.707106781186547,-0.707106781186548));
#4918=DIRECTION('',(0.,-0.707106781186547,-0.707106781186548));
#4919=DIRECTION('',(0.,-0.707106781186547,-0.707106781186548));
#4920=DIRECTION('',(1.,0.,0.));
#4921=DIRECTION('',(0.,0.,1.));
#4922=DIRECTION('',(1.,0.,0.));
#4923=DIRECTION('',(0.,-1.,0.));
#4924=DIRECTION('',(0.,-1.,0.));
#4925=DIRECTION('',(1.,0.,0.));
#4926=DIRECTION('',(0.,-0.707106781186548,0.707106781186548));
#4927=DIRECTION('',(0.,-0.707106781186548,-0.707106781186548));
#4928=DIRECTION('',(0.,-0.707106781186548,-0.707106781186548));
#4929=DIRECTION('',(0.,-0.707106781186548,-0.707106781186548));
#4930=DIRECTION('',(1.,0.,0.));
#4931=DIRECTION('',(0.,1.,0.));
#4932=DIRECTION('',(1.,0.,0.));
#4933=DIRECTION('',(0.,1.,0.));
#4934=DIRECTION('',(1.,1.11914258505992E-16,0.));
#4935=DIRECTION('',(-1.11914258505992E-16,1.,0.));
#4936=DIRECTION('',(-1.11914258505992E-16,1.,0.));
#4937=DIRECTION('',(-1.,-1.11914258505992E-16,0.));
#4938=DIRECTION('',(1.11914258505992E-16,-1.,0.));
#4939=DIRECTION('',(-1.11914258505992E-16,1.,0.));
#4940=DIRECTION('',(-1.11914258505992E-16,1.,0.));
#4941=DIRECTION('',(-1.,-1.11914258505992E-16,0.));
#4942=DIRECTION('',(0.,1.,0.));
#4943=DIRECTION('',(0.,0.,1.));
#4944=DIRECTION('',(0.,0.,1.));
#4945=DIRECTION('',(0.,0.,1.));
#4946=DIRECTION('',(0.,0.,1.));
#4947=DIRECTION('',(1.,0.,0.));
#4948=DIRECTION('',(0.,0.,1.));
#4949=DIRECTION('',(0.,-1.,0.));
#4950=DIRECTION('',(0.,0.,-1.));
#4951=DIRECTION('',(0.,0.,1.));
#4952=DIRECTION('',(0.,0.,1.));
#4953=DIRECTION('',(1.,0.,0.));
#4954=DIRECTION('',(0.,1.,0.));
#4955=DIRECTION('',(0.,0.,1.));
#4956=DIRECTION('',(0.,0.,1.));
#4957=DIRECTION('',(0.,0.,1.));
#4958=DIRECTION('',(0.,0.,1.));
#4959=DIRECTION('',(1.,0.,0.));
#4960=DIRECTION('',(0.,0.,1.));
#4961=DIRECTION('',(0.,-1.,0.));
#4962=DIRECTION('',(0.,0.,-1.));
#4963=DIRECTION('',(0.,0.,1.));
#4964=DIRECTION('',(0.,0.,1.));
#4965=DIRECTION('',(1.,0.,0.));
#4966=DIRECTION('',(0.,1.,0.));
#4967=DIRECTION('',(0.,0.,1.));
#4968=DIRECTION('',(0.,0.,1.));
#4969=DIRECTION('',(0.,0.,1.));
#4970=DIRECTION('',(0.,0.,1.));
#4971=DIRECTION('',(1.,0.,0.));
#4972=DIRECTION('',(0.,0.,1.));
#4973=DIRECTION('',(0.,-1.,0.));
#4974=DIRECTION('',(0.,0.,-1.));
#4975=DIRECTION('',(0.,0.,1.));
#4976=DIRECTION('',(0.,0.,1.));
#4977=DIRECTION('',(1.,0.,0.));
#4978=DIRECTION('',(0.,1.,0.));
#4979=DIRECTION('',(0.,0.,1.));
#4980=DIRECTION('',(0.,0.,1.));
#4981=DIRECTION('',(0.,0.,1.));
#4982=DIRECTION('',(0.,0.,1.));
#4983=DIRECTION('',(1.,0.,0.));
#4984=DIRECTION('',(0.,0.,1.));
#4985=DIRECTION('',(0.,-1.,0.));
#4986=DIRECTION('',(0.,0.,-1.));
#4987=DIRECTION('',(0.,0.,1.));
#4988=DIRECTION('',(0.,0.,1.));
#4989=DIRECTION('',(1.,0.,0.));
#4990=DIRECTION('',(0.,1.,0.));
#4991=DIRECTION('',(0.,0.,1.));
#4992=DIRECTION('',(0.,0.,1.));
#4993=DIRECTION('',(0.,0.,1.));
#4994=DIRECTION('',(0.,0.,1.));
#4995=DIRECTION('',(1.,0.,0.));
#4996=DIRECTION('',(0.,0.,1.));
#4997=DIRECTION('',(0.,-1.,0.));
#4998=DIRECTION('',(0.,0.,-1.));
#4999=DIRECTION('',(0.,0.,1.));
#5000=DIRECTION('',(0.,0.,1.));
#5001=DIRECTION('',(1.,0.,0.));
#5002=DIRECTION('',(0.,1.,0.));
#5003=DIRECTION('',(0.,0.,1.));
#5004=DIRECTION('',(0.,0.,1.));
#5005=DIRECTION('',(0.,0.,1.));
#5006=DIRECTION('',(0.,0.,1.));
#5007=DIRECTION('',(1.,0.,0.));
#5008=DIRECTION('',(0.,0.,1.));
#5009=DIRECTION('',(0.,-1.,0.));
#5010=DIRECTION('',(0.,0.,-1.));
#5011=DIRECTION('',(0.,0.,1.));
#5012=DIRECTION('',(0.,0.,1.));
#5013=DIRECTION('',(1.,0.,0.));
#5014=DIRECTION('',(0.,1.,0.));
#5015=DIRECTION('',(0.,0.,1.));
#5016=DIRECTION('',(0.,0.,1.));
#5017=DIRECTION('',(0.,0.,1.));
#5018=DIRECTION('',(0.,0.,1.));
#5019=DIRECTION('',(1.,0.,0.));
#5020=DIRECTION('',(0.,0.,1.));
#5021=DIRECTION('',(0.,-1.,0.));
#5022=DIRECTION('',(0.,0.,-1.));
#5023=DIRECTION('',(0.,0.,1.));
#5024=DIRECTION('',(0.,0.,1.));
#5025=DIRECTION('',(1.,0.,0.));
#5026=DIRECTION('',(0.,1.,0.));
#5027=DIRECTION('',(0.,0.,1.));
#5028=DIRECTION('',(0.,0.,1.));
#5029=DIRECTION('',(0.,0.,1.));
#5030=DIRECTION('',(0.,0.,1.));
#5031=DIRECTION('',(1.,0.,0.));
#5032=DIRECTION('',(0.,0.,1.));
#5033=DIRECTION('',(0.,-1.,0.));
#5034=DIRECTION('',(0.,0.,-1.));
#5035=DIRECTION('',(0.,0.,1.));
#5036=DIRECTION('',(0.,0.,1.));
#5037=DIRECTION('',(1.,0.,0.));
#5038=DIRECTION('',(0.,1.,0.));
#5039=DIRECTION('',(0.,0.,1.));
#5040=DIRECTION('',(0.,0.,1.));
#5041=DIRECTION('',(0.,0.,1.));
#5042=DIRECTION('',(0.,0.,1.));
#5043=DIRECTION('',(1.,0.,0.));
#5044=DIRECTION('',(0.,0.,1.));
#5045=DIRECTION('',(0.,-1.,0.));
#5046=DIRECTION('',(0.,0.,-1.));
#5047=DIRECTION('',(0.,0.,1.));
#5048=DIRECTION('',(0.,0.,1.));
#5049=DIRECTION('',(1.,0.,0.));
#5050=DIRECTION('',(0.,-1.,0.));
#5051=DIRECTION('',(0.,0.,-1.));
#5052=DIRECTION('',(0.,0.,1.));
#5053=DIRECTION('',(0.,0.,1.));
#5054=DIRECTION('',(0.,0.,1.));
#5055=DIRECTION('',(1.,0.,0.));
#5056=DIRECTION('',(0.,0.,1.));
#5057=DIRECTION('',(0.,1.,0.));
#5058=DIRECTION('',(0.,0.,1.));
#5059=DIRECTION('',(0.,0.,1.));
#5060=DIRECTION('',(0.,0.,1.));
#5061=DIRECTION('',(1.,0.,0.));
#5062=DIRECTION('',(-0.707106781186548,-0.707106781186548,0.));
#5063=DIRECTION('',(0.,0.,1.));
#5064=DIRECTION('',(-1.,0.,0.));
#5065=DIRECTION('',(0.,0.,1.));
#5066=DIRECTION('',(0.707106781186548,0.707106781186548,0.));
#5067=DIRECTION('',(-0.707106781186548,0.707106781186548,0.));
#5068=DIRECTION('',(0.,0.,-1.));
#5069=DIRECTION('',(0.707106781186548,0.707106781186547,0.));
#5070=DIRECTION('',(0.,0.,1.));
#5071=DIRECTION('',(0.707106781186547,-0.707106781186548,0.));
#5072=DIRECTION('',(-1.,0.,0.));
#5073=DIRECTION('',(0.,0.,1.));
#5074=DIRECTION('',(0.707106781186548,5.47316240454408E-11,-0.707106781186548));
#5075=DIRECTION('',(0.707106781186548,-5.47315668160385E-11,0.707106781186547));
#5076=DIRECTION('',(1.9062528753313E-16,-1.,-7.74023147064585E-11));
#5077=DIRECTION('',(0.707106781186548,5.4731828484563E-11,-0.707106781186548));
#5078=DIRECTION('',(-1.,-1.44560289664734E-16,0.));
#5079=DIRECTION('',(1.44560289664734E-16,-1.,0.));
#5080=DIRECTION('',(0.707106781186547,0.707106781186548,0.));
#5081=DIRECTION('',(0.707106781186548,-0.707106781186547,0.));
#5082=DIRECTION('',(0.,0.,-1.));
#5083=CARTESIAN_POINT('',(0.,0.,0.));
#5084=CARTESIAN_POINT('',(0.000486810999950002,-0.0297690203333,0.01424));
#5085=CARTESIAN_POINT('',(0.000486810999950002,-0.000268145333300003,0.01424));
#5086=CARTESIAN_POINT('',(0.02048681099995,-0.000268145333300003,0.01424));
#5087=CARTESIAN_POINT('',(-0.01951318900005,-0.000268145333300003,0.01424));
#5088=CARTESIAN_POINT('',(0.02048681099995,0.0012318546667,0.01424));
#5089=CARTESIAN_POINT('',(0.02048681099995,0.0027318546667,0.01424));
#5090=CARTESIAN_POINT('',(0.000486810999950002,0.0027318546667,0.01424));
#5091=CARTESIAN_POINT('',(-0.01951318900005,0.0027318546667,0.01424));
#5092=CARTESIAN_POINT('',(-0.01951318900005,0.0012318546667,0.01424));
#5093=CARTESIAN_POINT('',(0.000486810999950002,-0.0122681453333,0.01424));
#5094=CARTESIAN_POINT('',(0.02048681099995,-0.0122681453333,0.01424));
#5095=CARTESIAN_POINT('',(-0.01951318900005,-0.0122681453333,0.01424));
#5096=CARTESIAN_POINT('',(0.02048681099995,-0.0107681453333,0.01424));
#5097=CARTESIAN_POINT('',(0.02048681099995,-0.00926814533330001,0.01424));
#5098=CARTESIAN_POINT('',(0.000486810999950002,-0.00926814533330001,0.01424));
#5099=CARTESIAN_POINT('',(-0.01951318900005,-0.00926814533330001,0.01424));
#5100=CARTESIAN_POINT('',(-0.01951318900005,-0.0107681453333,0.01424));
#5101=CARTESIAN_POINT('',(0.000486810999950002,-0.0242681453333,0.01424));
#5102=CARTESIAN_POINT('',(0.02048681099995,-0.0242681453333,0.01424));
#5103=CARTESIAN_POINT('',(-0.01951318900005,-0.0242681453333,0.01424));
#5104=CARTESIAN_POINT('',(0.02048681099995,-0.0227681453333,0.01424));
#5105=CARTESIAN_POINT('',(0.02048681099995,-0.0212681453333,0.01424));
#5106=CARTESIAN_POINT('',(0.000486810999950002,-0.0212681453333,0.01424));
#5107=CARTESIAN_POINT('',(-0.01951318900005,-0.0212681453333,0.01424));
#5108=CARTESIAN_POINT('',(-0.01951318900005,-0.0227681453333,0.01424));
#5109=CARTESIAN_POINT('',(0.000486810999950002,-0.0362681453333,0.01424));
#5110=CARTESIAN_POINT('',(0.02048681099995,-0.0362681453333,0.01424));
#5111=CARTESIAN_POINT('',(-0.01951318900005,-0.0362681453333,0.01424));
#5112=CARTESIAN_POINT('',(0.02048681099995,-0.0347681453333,0.01424));
#5113=CARTESIAN_POINT('',(0.02048681099995,-0.0332681453333,0.01424));
#5114=CARTESIAN_POINT('',(0.000486810999950002,-0.0332681453333,0.01424));
#5115=CARTESIAN_POINT('',(-0.01951318900005,-0.0332681453333,0.01424));
#5116=CARTESIAN_POINT('',(-0.01951318900005,-0.0347681453333,0.01424));
#5117=CARTESIAN_POINT('',(0.000486810999950002,-0.0482681453333,0.01424));
#5118=CARTESIAN_POINT('',(0.02048681099995,-0.0482681453333,0.01424));
#5119=CARTESIAN_POINT('',(-0.01951318900005,-0.0482681453333,0.01424));
#5120=CARTESIAN_POINT('',(0.02048681099995,-0.0467681453333,0.01424));
#5121=CARTESIAN_POINT('',(0.02048681099995,-0.0452681453333,0.01424));
#5122=CARTESIAN_POINT('',(0.000486810999950002,-0.0452681453333,0.01424));
#5123=CARTESIAN_POINT('',(-0.01951318900005,-0.0452681453333,0.01424));
#5124=CARTESIAN_POINT('',(-0.01951318900005,-0.0467681453333,0.01424));
#5125=CARTESIAN_POINT('',(0.0249849986667,-0.0487999573333,0.01424));
#5126=CARTESIAN_POINT('',(0.0277349986667,-0.0487999573333,0.01424));
#5127=CARTESIAN_POINT('',(-0.0240150013333,-0.0487999573333,0.01424));
#5128=CARTESIAN_POINT('',(-0.0212650013333,-0.0487999573333,0.01424));
#5129=CARTESIAN_POINT('',(0.0249849986667,0.0092000426667,0.01424));
#5130=CARTESIAN_POINT('',(0.0277349986667,0.0092000426667,0.01424));
#5131=CARTESIAN_POINT('',(-0.0240150013333,0.0092000426667,0.01424));
#5132=CARTESIAN_POINT('',(-0.0267650013333,0.0092000426667,0.01424));
#5133=CARTESIAN_POINT('',(-0.0119250513334,-0.0717698953333,0.01424));
#5134=CARTESIAN_POINT('',(-0.0074250513334,-0.0717698953333,0.01424));
#5135=CARTESIAN_POINT('',(-0.0085,-0.0717698953333,0.01424));
#5136=CARTESIAN_POINT('',(-0.0085,-0.0559098953333,0.01424));
#5137=CARTESIAN_POINT('',(-0.0085,-0.0544098953333,0.01424));
#5138=CARTESIAN_POINT('',(-0.0105,-0.0544098953333,0.01424));
#5139=CARTESIAN_POINT('',(-0.0105,-0.0544098953333,0.01424));
#5140=CARTESIAN_POINT('',(-0.0105,-0.0559098953333,0.01424));
#5141=CARTESIAN_POINT('',(-0.0105,-0.0717698953333,0.01424));
#5142=CARTESIAN_POINT('',(-0.0119250513334,-0.0717698953333,0.01424));
#5143=CARTESIAN_POINT('',(-0.0119250513334,-0.0717698953333,0.01424));
#5144=CARTESIAN_POINT('',(-0.0119250513334,-0.0663398953333,0.01424));
#5145=CARTESIAN_POINT('',(-0.0119250513334,-0.0574098953333,0.01424));
#5146=CARTESIAN_POINT('',(-0.0188750513334,-0.0574098953333,0.01424));
#5147=CARTESIAN_POINT('',(-0.0258250513334,-0.0574098953333,0.01424));
#5148=CARTESIAN_POINT('',(-0.0258250513334,-0.0663398953333,0.01424));
#5149=CARTESIAN_POINT('',(-0.0258250513334,-0.0715981188384923,0.01424));
#5150=CARTESIAN_POINT('',(-0.0250141266667,-0.0697698953333,0.01424));
#5151=CARTESIAN_POINT('',(-0.0270141266667,-0.0697698953333,0.01424));
#5152=CARTESIAN_POINT('',(-0.0270141266667,0.0102318546667,0.01424));
#5153=CARTESIAN_POINT('',(-0.0270141266667,0.0102318546667,0.01424));
#5154=CARTESIAN_POINT('',(-0.0250141266667,0.0102318546667,0.01424));
#5155=CARTESIAN_POINT('',(-0.0250141266667,0.0122318546667,0.01424));
#5156=CARTESIAN_POINT('',(0.000486810999950002,0.0122318546667,0.01424));
#5157=CARTESIAN_POINT('',(0.0259877486666,0.0122318546667,0.01424));
#5158=CARTESIAN_POINT('',(0.0259877486666,0.0102318546667,0.01424));
#5159=CARTESIAN_POINT('',(0.0279877486666,0.0102318546667,0.01424));
#5160=CARTESIAN_POINT('',(0.0279877486666,-0.0297690203333,0.01424));
#5161=CARTESIAN_POINT('',(0.0279877486666,-0.0697698953333,0.01424));
#5162=CARTESIAN_POINT('',(0.0259877486666,-0.0697698953333,0.01424));
#5163=CARTESIAN_POINT('',(0.0259877486666,-0.0717698953333,0.01424));
#5164=CARTESIAN_POINT('',(0.0064749486666,-0.0717698953333,0.01424));
#5165=CARTESIAN_POINT('',(0.009,-0.0717698953333,0.01424));
#5166=CARTESIAN_POINT('',(0.009,-0.0559098953333,0.01424));
#5167=CARTESIAN_POINT('',(0.009,-0.0544098953333,0.01424));
#5168=CARTESIAN_POINT('',(0.007,-0.0544098953333,0.01424));
#5169=CARTESIAN_POINT('',(0.007,-0.0544098953333,0.01424));
#5170=CARTESIAN_POINT('',(0.007,-0.0559098953333,0.01424));
#5171=CARTESIAN_POINT('',(0.007,-0.0717698953333,0.01424));
#5172=CARTESIAN_POINT('',(0.0064749486666,-0.0717698953333,0.01424));
#5173=CARTESIAN_POINT('',(0.0064749486666,-0.0717698953333,0.01424));
#5174=CARTESIAN_POINT('',(0.0064749486666,-0.0663398953333,0.01424));
#5175=CARTESIAN_POINT('',(0.0064749486666,-0.0574098953333,0.01424));
#5176=CARTESIAN_POINT('',(-0.0004750513334,-0.0574098953333,0.01424));
#5177=CARTESIAN_POINT('',(-0.0074250513334,-0.0574098953333,0.01424));
#5178=CARTESIAN_POINT('',(-0.0074250513334,-0.0663398953333,0.01424));
#5179=CARTESIAN_POINT('',(0.000486810999950002,-0.0422681453333,0.01424));
#5180=CARTESIAN_POINT('',(0.02048681099995,-0.0422681453333,0.01424));
#5181=CARTESIAN_POINT('',(-0.01951318900005,-0.0422681453333,0.01424));
#5182=CARTESIAN_POINT('',(0.02048681099995,-0.0407681453333,0.01424));
#5183=CARTESIAN_POINT('',(0.02048681099995,-0.0392681453333,0.01424));
#5184=CARTESIAN_POINT('',(0.000486810999950002,-0.0392681453333,0.01424));
#5185=CARTESIAN_POINT('',(-0.01951318900005,-0.0392681453333,0.01424));
#5186=CARTESIAN_POINT('',(-0.01951318900005,-0.0407681453333,0.01424));
#5187=CARTESIAN_POINT('',(0.000486810999950002,-0.0302681453333,0.01424));
#5188=CARTESIAN_POINT('',(0.02048681099995,-0.0302681453333,0.01424));
#5189=CARTESIAN_POINT('',(-0.01951318900005,-0.0302681453333,0.01424));
#5190=CARTESIAN_POINT('',(0.02048681099995,-0.0287681453333,0.01424));
#5191=CARTESIAN_POINT('',(0.02048681099995,-0.0272681453333,0.01424));
#5192=CARTESIAN_POINT('',(0.000486810999950002,-0.0272681453333,0.01424));
#5193=CARTESIAN_POINT('',(-0.01951318900005,-0.0272681453333,0.01424));
#5194=CARTESIAN_POINT('',(-0.01951318900005,-0.0287681453333,0.01424));
#5195=CARTESIAN_POINT('',(0.000486810999950002,-0.0182681453333,0.01424));
#5196=CARTESIAN_POINT('',(0.02048681099995,-0.0182681453333,0.01424));
#5197=CARTESIAN_POINT('',(-0.01951318900005,-0.0182681453333,0.01424));
#5198=CARTESIAN_POINT('',(0.02048681099995,-0.0167681453333,0.01424));
#5199=CARTESIAN_POINT('',(0.02048681099995,-0.0152681453333,0.01424));
#5200=CARTESIAN_POINT('',(0.000486810999950002,-0.0152681453333,0.01424));
#5201=CARTESIAN_POINT('',(-0.01951318900005,-0.0152681453333,0.01424));
#5202=CARTESIAN_POINT('',(-0.01951318900005,-0.0167681453333,0.01424));
#5203=CARTESIAN_POINT('',(0.000486810999950002,-0.0062681453333,0.01424));
#5204=CARTESIAN_POINT('',(0.02048681099995,-0.0062681453333,0.01424));
#5205=CARTESIAN_POINT('',(-0.01951318900005,-0.0062681453333,0.01424));
#5206=CARTESIAN_POINT('',(0.02048681099995,-0.0047681453333,0.01424));
#5207=CARTESIAN_POINT('',(0.02048681099995,-0.0032681453333,0.01424));
#5208=CARTESIAN_POINT('',(0.000486810999950002,-0.0032681453333,0.01424));
#5209=CARTESIAN_POINT('',(-0.01951318900005,-0.0032681453333,0.01424));
#5210=CARTESIAN_POINT('',(-0.01951318900005,-0.0047681453333,0.01424));
#5211=CARTESIAN_POINT('',(0.000486810999950002,0.00873185466669999,0.01424));
#5212=CARTESIAN_POINT('',(-0.01951318900005,0.0087318546667,0.01424));
#5213=CARTESIAN_POINT('',(0.02048681099995,0.0087318546667,0.01424));
#5214=CARTESIAN_POINT('',(-0.01951318900005,0.0072318546667,0.01424));
#5215=CARTESIAN_POINT('',(-0.01951318900005,0.0057318546667,0.01424));
#5216=CARTESIAN_POINT('',(0.000486810999950002,0.0057318546667,0.01424));
#5217=CARTESIAN_POINT('',(0.02048681099995,0.0057318546667,0.01424));
#5218=CARTESIAN_POINT('',(0.02048681099995,0.0072318546667,0.01424));
#5219=CARTESIAN_POINT('',(0.000486810999950002,-0.0297690203333,0.01584));
#5220=CARTESIAN_POINT('',(-0.0275141266667,-0.0722698953333,0.01584));
#5221=CARTESIAN_POINT('',(-0.0295141266667,-0.0722698953333,0.01584));
#5222=CARTESIAN_POINT('',(-0.0275141266667,-0.0742698953333,0.01584));
#5223=CARTESIAN_POINT('',(-0.0258250513334,-0.0742698953333,0.01584));
#5224=CARTESIAN_POINT('',(-0.0258250513334,-0.0742698953333,0.01584));
#5225=CARTESIAN_POINT('',(-0.0258250513334,-0.0663398953333,0.01584));
#5226=CARTESIAN_POINT('',(-0.0258250513334,-0.0574098953333,0.01584));
#5227=CARTESIAN_POINT('',(-0.0188750513334,-0.0574098953333,0.01584));
#5228=CARTESIAN_POINT('',(-0.0119250513334,-0.0574098953333,0.01584));
#5229=CARTESIAN_POINT('',(-0.0119250513334,-0.0663398953333,0.01584));
#5230=CARTESIAN_POINT('',(-0.0119250513334,-0.0742698953333,0.01584));
#5231=CARTESIAN_POINT('',(-0.0074250513334,-0.0742698953333,0.01584));
#5232=CARTESIAN_POINT('',(-0.0074250513334,-0.0742698953333,0.01584));
#5233=CARTESIAN_POINT('',(-0.0074250513334,-0.0663398953333,0.01584));
#5234=CARTESIAN_POINT('',(-0.0074250513334,-0.0574098953333,0.01584));
#5235=CARTESIAN_POINT('',(-0.0004750513334,-0.0574098953333,0.01584));
#5236=CARTESIAN_POINT('',(0.0064749486666,-0.0574098953333,0.01584));
#5237=CARTESIAN_POINT('',(0.0064749486666,-0.0663398953333,0.01584));
#5238=CARTESIAN_POINT('',(0.0064749486666,-0.0742698953333,0.01584));
#5239=CARTESIAN_POINT('',(0.0284877486666,-0.0742698953333,0.01584));
#5240=CARTESIAN_POINT('',(0.0284877486666,-0.0742698953333,0.01584));
#5241=CARTESIAN_POINT('',(0.0284877486666,-0.0722698953333,0.01584));
#5242=CARTESIAN_POINT('',(0.0304877486666,-0.0722698953333,0.01584));
#5243=CARTESIAN_POINT('',(0.0304877486666,0.0127318546667,0.01584));
#5244=CARTESIAN_POINT('',(0.0304877486666,0.0127318546667,0.01584));
#5245=CARTESIAN_POINT('',(0.0284877486666,0.0127318546667,0.01584));
#5246=CARTESIAN_POINT('',(0.0284877486666,0.0147318546667,0.01584));
#5247=CARTESIAN_POINT('',(-0.0275141266667,0.0147318546667,0.01584));
#5248=CARTESIAN_POINT('',(-0.0275141266667,0.0147318546667,0.01584));
#5249=CARTESIAN_POINT('',(-0.0275141266667,0.0127318546667,0.01584));
#5250=CARTESIAN_POINT('',(-0.0295141266667,0.0127318546667,0.01584));
#5251=CARTESIAN_POINT('',(-0.0295141266667,-0.0297690203333,0.01584));
#5252=CARTESIAN_POINT('',(0.02048681099995,-0.0467681453333,0.01584));
#5253=CARTESIAN_POINT('',(0.02048681099995,-0.0452681453333,0.01584));
#5254=CARTESIAN_POINT('',(0.02048681099995,-0.0482681453333,0.01584));
#5255=CARTESIAN_POINT('',(0.000486810999950006,-0.0482681453333,0.01584));
#5256=CARTESIAN_POINT('',(-0.01951318900005,-0.0482681453333,0.01584));
#5257=CARTESIAN_POINT('',(-0.01951318900005,-0.0467681453333,0.01584));
#5258=CARTESIAN_POINT('',(-0.01951318900005,-0.0452681453333,0.01584));
#5259=CARTESIAN_POINT('',(0.000486810999950006,-0.0452681453333,0.01584));
#5260=CARTESIAN_POINT('',(0.02048681099995,-0.0407681453333,0.01584));
#5261=CARTESIAN_POINT('',(0.02048681099995,-0.0392681453333,0.01584));
#5262=CARTESIAN_POINT('',(0.02048681099995,-0.0422681453333,0.01584));
#5263=CARTESIAN_POINT('',(0.000486810999950006,-0.0422681453333,0.01584));
#5264=CARTESIAN_POINT('',(-0.01951318900005,-0.0422681453333,0.01584));
#5265=CARTESIAN_POINT('',(-0.01951318900005,-0.0407681453333,0.01584));
#5266=CARTESIAN_POINT('',(-0.01951318900005,-0.0392681453333,0.01584));
#5267=CARTESIAN_POINT('',(0.000486810999950006,-0.0392681453333,0.01584));
#5268=CARTESIAN_POINT('',(0.02048681099995,-0.0347681453333,0.01584));
#5269=CARTESIAN_POINT('',(0.02048681099995,-0.0332681453333,0.01584));
#5270=CARTESIAN_POINT('',(0.02048681099995,-0.0362681453333,0.01584));
#5271=CARTESIAN_POINT('',(0.000486810999949999,-0.0362681453333,0.01584));
#5272=CARTESIAN_POINT('',(-0.01951318900005,-0.0362681453333,0.01584));
#5273=CARTESIAN_POINT('',(-0.01951318900005,-0.0347681453333,0.01584));
#5274=CARTESIAN_POINT('',(-0.01951318900005,-0.0332681453333,0.01584));
#5275=CARTESIAN_POINT('',(0.000486810999950002,-0.0332681453333,0.01584));
#5276=CARTESIAN_POINT('',(0.02048681099995,-0.0287681453333,0.01584));
#5277=CARTESIAN_POINT('',(0.02048681099995,-0.0272681453333,0.01584));
#5278=CARTESIAN_POINT('',(0.02048681099995,-0.0302681453333,0.01584));
#5279=CARTESIAN_POINT('',(0.000486810999949999,-0.0302681453333,0.01584));
#5280=CARTESIAN_POINT('',(-0.01951318900005,-0.0302681453333,0.01584));
#5281=CARTESIAN_POINT('',(-0.01951318900005,-0.0287681453333,0.01584));
#5282=CARTESIAN_POINT('',(-0.01951318900005,-0.0272681453333,0.01584));
#5283=CARTESIAN_POINT('',(0.000486810999950002,-0.0272681453333,0.01584));
#5284=CARTESIAN_POINT('',(0.02048681099995,-0.0227681453333,0.01584));
#5285=CARTESIAN_POINT('',(0.02048681099995,-0.0212681453333,0.01584));
#5286=CARTESIAN_POINT('',(0.02048681099995,-0.0242681453333,0.01584));
#5287=CARTESIAN_POINT('',(0.000486810999949999,-0.0242681453333,0.01584));
#5288=CARTESIAN_POINT('',(-0.01951318900005,-0.0242681453333,0.01584));
#5289=CARTESIAN_POINT('',(-0.01951318900005,-0.0227681453333,0.01584));
#5290=CARTESIAN_POINT('',(-0.01951318900005,-0.0212681453333,0.01584));
#5291=CARTESIAN_POINT('',(0.000486810999950002,-0.0212681453333,0.01584));
#5292=CARTESIAN_POINT('',(0.02048681099995,-0.0167681453333,0.01584));
#5293=CARTESIAN_POINT('',(0.02048681099995,-0.0152681453333,0.01584));
#5294=CARTESIAN_POINT('',(0.02048681099995,-0.0182681453333,0.01584));
#5295=CARTESIAN_POINT('',(0.000486810999949999,-0.0182681453333,0.01584));
#5296=CARTESIAN_POINT('',(-0.01951318900005,-0.0182681453333,0.01584));
#5297=CARTESIAN_POINT('',(-0.01951318900005,-0.0167681453333,0.01584));
#5298=CARTESIAN_POINT('',(-0.01951318900005,-0.0152681453333,0.01584));
#5299=CARTESIAN_POINT('',(0.000486810999950002,-0.0152681453333,0.01584));
#5300=CARTESIAN_POINT('',(0.02048681099995,-0.0107681453333,0.01584));
#5301=CARTESIAN_POINT('',(0.02048681099995,-0.00926814533330001,0.01584));
#5302=CARTESIAN_POINT('',(0.02048681099995,-0.0122681453333,0.01584));
#5303=CARTESIAN_POINT('',(0.000486810999949999,-0.0122681453333,0.01584));
#5304=CARTESIAN_POINT('',(-0.01951318900005,-0.0122681453333,0.01584));
#5305=CARTESIAN_POINT('',(-0.01951318900005,-0.0107681453333,0.01584));
#5306=CARTESIAN_POINT('',(-0.01951318900005,-0.00926814533330001,0.01584));
#5307=CARTESIAN_POINT('',(0.000486810999950002,-0.00926814533330001,0.01584));
#5308=CARTESIAN_POINT('',(0.02048681099995,-0.0047681453333,0.01584));
#5309=CARTESIAN_POINT('',(0.02048681099995,-0.0032681453333,0.01584));
#5310=CARTESIAN_POINT('',(0.02048681099995,-0.0062681453333,0.01584));
#5311=CARTESIAN_POINT('',(0.000486810999949999,-0.0062681453333,0.01584));
#5312=CARTESIAN_POINT('',(-0.01951318900005,-0.0062681453333,0.01584));
#5313=CARTESIAN_POINT('',(-0.01951318900005,-0.0047681453333,0.01584));
#5314=CARTESIAN_POINT('',(-0.01951318900005,-0.0032681453333,0.01584));
#5315=CARTESIAN_POINT('',(0.000486810999949999,-0.0032681453333,0.01584));
#5316=CARTESIAN_POINT('',(0.02048681099995,0.0012318546667,0.01584));
#5317=CARTESIAN_POINT('',(0.02048681099995,0.0027318546667,0.01584));
#5318=CARTESIAN_POINT('',(0.02048681099995,-0.000268145333300003,0.01584));
#5319=CARTESIAN_POINT('',(0.000486810999949999,-0.000268145333300001,0.01584));
#5320=CARTESIAN_POINT('',(-0.01951318900005,-0.000268145333300003,0.01584));
#5321=CARTESIAN_POINT('',(-0.01951318900005,0.0012318546667,0.01584));
#5322=CARTESIAN_POINT('',(-0.01951318900005,0.0027318546667,0.01584));
#5323=CARTESIAN_POINT('',(0.000486810999949999,0.0027318546667,0.01584));
#5324=CARTESIAN_POINT('',(-0.01951318900005,0.0072318546667,0.01584));
#5325=CARTESIAN_POINT('',(-0.01951318900005,0.0087318546667,0.01584));
#5326=CARTESIAN_POINT('',(-0.01951318900005,0.0057318546667,0.01584));
#5327=CARTESIAN_POINT('',(0.000486810999949999,0.0087318546667,0.01584));
#5328=CARTESIAN_POINT('',(0.02048681099995,0.0087318546667,0.01584));
#5329=CARTESIAN_POINT('',(0.02048681099995,0.0072318546667,0.01584));
#5330=CARTESIAN_POINT('',(0.02048681099995,0.0057318546667,0.01584));
#5331=CARTESIAN_POINT('',(0.000486810999949999,0.0057318546667,0.01584));
#5332=CARTESIAN_POINT('',(0.000486810999950002,-0.0297690203333,0.0015));
#5333=CARTESIAN_POINT('',(-0.0250141266667,0.0142318546667,0.0015));
#5334=CARTESIAN_POINT('',(-0.014499995,0.0142318546667,0.0015));
#5335=CARTESIAN_POINT('',(0.0259877486666,0.0142318546667,0.0015));
#5336=CARTESIAN_POINT('',(-0.014499995,-0.0297690203333,0.0015));
#5337=CARTESIAN_POINT('',(-0.014499995,0.0157318546667,0.0015));
#5338=CARTESIAN_POINT('',(0.000486810999949995,0.0157318546667,0.0015));
#5339=CARTESIAN_POINT('',(0.0284877486666,0.0157318546667,0.0015));
#5340=CARTESIAN_POINT('',(0.0284877486666,0.0127318546667,0.0015));
#5341=CARTESIAN_POINT('',(0.0314877486666,0.0127318546667,0.0015));
#5342=CARTESIAN_POINT('',(0.0314877486666,-0.0297690203333,0.0015));
#5343=CARTESIAN_POINT('',(0.0314877486666,-0.0722698953333,0.0015));
#5344=CARTESIAN_POINT('',(0.0284877486666,-0.0722698953333,0.0015));
#5345=CARTESIAN_POINT('',(0.0284877486666,-0.0752698953333,0.0015));
#5346=CARTESIAN_POINT('',(-0.02816958900005,-0.0752698953333,0.0015));
#5347=CARTESIAN_POINT('',(0.0266149986666,-0.0752698953333,0.0015));
#5348=CARTESIAN_POINT('',(0.0266149986666,-0.0297690203333,0.0015));
#5349=CARTESIAN_POINT('',(0.0266149986666,-0.0737204088995974,0.0015));
#5350=CARTESIAN_POINT('',(0.0259877486666,-0.0697698953333,0.0015));
#5351=CARTESIAN_POINT('',(0.0299877486666,-0.0697698953333,0.0015));
#5352=CARTESIAN_POINT('',(0.0299877486666,0.0102318546667,0.0015));
#5353=CARTESIAN_POINT('',(0.0299877486666,0.0102318546667,0.0015));
#5354=CARTESIAN_POINT('',(0.0259877486666,0.0102318546667,0.0015));
#5355=CARTESIAN_POINT('',(0.0295277486666,0.0102318546667,0.0001));
#5356=CARTESIAN_POINT('',(-0.014499995,0.0102318546667,9.9999999999994E-5));
#5357=CARTESIAN_POINT('',(-0.014499995,0.0143118546667,0.0001));
#5358=CARTESIAN_POINT('',(-0.014499995,0.0132318546667,9.9999999999994E-5));
#5359=CARTESIAN_POINT('',(-0.0250141266667,0.0143118546667,0.0001));
#5360=CARTESIAN_POINT('',(0.0259877486666,0.0143118546667,0.0001));
#5361=CARTESIAN_POINT('',(0.0259877486666,0.0102318546667,0.0001));
#5362=CARTESIAN_POINT('',(0.0300677486666,0.0102318546667,0.0001));
#5363=CARTESIAN_POINT('',(0.0300677486666,0.0102318546667,0.0001));
#5364=CARTESIAN_POINT('',(0.0300677486666,-0.0697698953333,0.0001));
#5365=CARTESIAN_POINT('',(0.0259877486666,-0.0697698953333,0.0001));
#5366=CARTESIAN_POINT('',(0.0266149986666,-0.073801391015736,0.0001));
#5367=CARTESIAN_POINT('',(0.0266149986666,0.0102318546667,0.0001));
#5368=CARTESIAN_POINT('',(0.0266149986666,-0.0727035888137952,0.0001));
#5369=CARTESIAN_POINT('',(0.0259877486666,-0.0697698953333,0.0001));
#5370=CARTESIAN_POINT('',(0.0289877486666,-0.0697698953333,0.0001));
#5371=CARTESIAN_POINT('',(0.0289877486666,0.0102318546667,0.0001));
#5372=CARTESIAN_POINT('',(0.0289877486666,0.0102318546667,0.0001));
#5373=CARTESIAN_POINT('',(0.0259877486666,0.0102318546667,0.0001));
#5374=CARTESIAN_POINT('',(0.0259877486666,0.0132318546667,0.0001));
#5375=CARTESIAN_POINT('',(-0.0250141266667,0.0132318546667,0.0001));
#5376=CARTESIAN_POINT('',(0.000486810999949999,0.0132318546667,0.001498));
#5377=CARTESIAN_POINT('',(-0.014499995,0.0132318546667,0.001498));
#5378=CARTESIAN_POINT('',(-0.014499995,0.0132318546667,0.0017));
#5379=CARTESIAN_POINT('',(0.0259877486666,0.0132318546667,0.01424));
#5380=CARTESIAN_POINT('',(0.0259877486666,0.0132318546667,0.01324));
#5381=CARTESIAN_POINT('',(0.000486810999949999,0.0132318546667,0.01324));
#5382=CARTESIAN_POINT('',(-0.0250141266667,0.0132318546667,0.01324));
#5383=CARTESIAN_POINT('',(-0.0250141266667,0.0132318546667,0.001498));
#5384=CARTESIAN_POINT('',(-0.0250141266667,0.0132318546667,0.0001));
#5385=CARTESIAN_POINT('',(-0.0250141266667,0.0132318546667,0.0001));
#5386=CARTESIAN_POINT('',(-0.016499995,0.0132318546667,9.99999999999937E-5));
#5387=CARTESIAN_POINT('',(-0.016499995,0.0132318546667,0.001498));
#5388=CARTESIAN_POINT('',(-0.016499995,0.0132318546667,0.0017));
#5389=CARTESIAN_POINT('',(-0.015499995,0.0132318546667,0.0017));
#5390=CARTESIAN_POINT('',(-0.0250141266667,0.0144318546667,0.00075));
#5391=CARTESIAN_POINT('',(-0.014499995,0.0144318546667,0.00075));
#5392=CARTESIAN_POINT('',(-0.014499995,0.0142318546667,0.001));
#5393=CARTESIAN_POINT('',(-0.014499995,0.0146318546667,0.0005));
#5394=CARTESIAN_POINT('',(-0.0250141266667,0.0142318546667,0.001));
#5395=CARTESIAN_POINT('',(0.0259877486666,0.0142318546667,0.001));
#5396=CARTESIAN_POINT('',(0.0259877486666,0.0144318546667,0.00075));
#5397=CARTESIAN_POINT('',(0.0259877486666,0.0146318546667,0.0005));
#5398=CARTESIAN_POINT('',(-0.0250141266667,0.0146318546667,0.0005));
#5399=CARTESIAN_POINT('',(-0.0250141266667,0.0144718546667,0.0003));
#5400=CARTESIAN_POINT('',(-0.014499995,0.0144718546667,0.0003));
#5401=CARTESIAN_POINT('',(0.0259877486666,0.0144718546667,0.0003));
#5402=CARTESIAN_POINT('',(-0.0250141266667,0.0142318546667,0.00125));
#5403=CARTESIAN_POINT('',(-0.014499995,0.0142318546667,0.00125));
#5404=CARTESIAN_POINT('',(0.0259877486666,0.0142318546667,0.00125));
#5405=CARTESIAN_POINT('',(0.000486810999949999,-0.0727698953333,0.01324));
#5406=CARTESIAN_POINT('',(-0.0074250513334,-0.0727698953333,0.01324));
#5407=CARTESIAN_POINT('',(-0.0085,-0.0727698953333,0.01324));
#5408=CARTESIAN_POINT('',(-0.0074250513334,-0.0727698953333,0.01324));
#5409=CARTESIAN_POINT('',(-0.0085,-0.0722698953333,0.01374));
#5410=CARTESIAN_POINT('',(-0.0074250513334,-0.0690548953333,0.016955));
#5411=CARTESIAN_POINT('',(0.000486810999949999,-0.0727698953333,0.001498));
#5412=CARTESIAN_POINT('',(0.0259877486666,-0.0727698953333,0.0001));
#5413=CARTESIAN_POINT('',(-0.0105,-0.0727698953333,0.0001));
#5414=CARTESIAN_POINT('',(-0.0119250513334,-0.0727698953333,9.99999999999943E-5));
#5415=CARTESIAN_POINT('',(-0.0119250513334,-0.0727698953333,0.001498));
#5416=CARTESIAN_POINT('',(-0.0119250513334,-0.0727698953333,0.01324));
#5417=CARTESIAN_POINT('',(-0.0074250513334,-0.0727698953333,0.01324));
#5418=CARTESIAN_POINT('',(-0.0105,-0.0727698953333,0.01324));
#5419=CARTESIAN_POINT('',(-0.0105,-0.0727698953333,0.00667));
#5420=CARTESIAN_POINT('',(-0.0105,-0.0712698953333,0.0016));
#5421=CARTESIAN_POINT('',(-0.0085,-0.0712698953333,0.0016));
#5422=CARTESIAN_POINT('',(-0.0085,-0.0697698953333,0.0031));
#5423=CARTESIAN_POINT('',(-0.0085,-0.0727698953333,0.0001));
#5424=CARTESIAN_POINT('',(-0.0105,-0.0727698953333,9.99999999999886E-5));
#5425=CARTESIAN_POINT('',(-0.0105,-0.0712698953333,0.0016));
#5426=CARTESIAN_POINT('',(-0.0105,-0.0697698953333,0.0031));
#5427=CARTESIAN_POINT('',(-0.0105,-0.0697698953333,0.0031));
#5428=CARTESIAN_POINT('',(-0.0105,-0.0697698953333,0.00667));
#5429=CARTESIAN_POINT('',(-0.0085,-0.0697698953333,0.00667));
#5430=CARTESIAN_POINT('',(-0.0085,-0.0697698953333,0.01024));
#5431=CARTESIAN_POINT('',(-0.0105,-0.0697698953333,0.00667));
#5432=CARTESIAN_POINT('',(-0.0105,-0.0697698953333,0.01024));
#5433=CARTESIAN_POINT('',(-0.0105,-0.0697698953333,0.01024));
#5434=CARTESIAN_POINT('',(-0.0105,-0.0692698953333,0.01074));
#5435=CARTESIAN_POINT('',(-0.0085,-0.0692698953333,0.01074));
#5436=CARTESIAN_POINT('',(-0.0085,-0.0687698953333,0.01124));
#5437=CARTESIAN_POINT('',(-0.0105,-0.0692698953333,0.01074));
#5438=CARTESIAN_POINT('',(-0.0105,-0.0687698953333,0.01124));
#5439=CARTESIAN_POINT('',(-0.0105,-0.0687698953333,0.01124));
#5440=CARTESIAN_POINT('',(-0.0105,-0.0630898953333,0.01124));
#5441=CARTESIAN_POINT('',(-0.0085,-0.0630898953333,0.01124));
#5442=CARTESIAN_POINT('',(-0.0085,-0.0574098953333,0.01124));
#5443=CARTESIAN_POINT('',(-0.0105,-0.0630898953333,0.01124));
#5444=CARTESIAN_POINT('',(-0.0105,-0.0574098953333,0.01124));
#5445=CARTESIAN_POINT('',(-0.0105,-0.0574098953333,0.01124));
#5446=CARTESIAN_POINT('',(-0.0105,-0.0559098953333,0.01274));
#5447=CARTESIAN_POINT('',(-0.0085,-0.0559098953333,0.01274));
#5448=CARTESIAN_POINT('',(-0.0105,-0.0559098953333,0.01274));
#5449=CARTESIAN_POINT('',(-0.0085,-0.0635898953333,0.00717));
#5450=CARTESIAN_POINT('',(-0.0085,-0.0727698953333,0.00667));
#5451=CARTESIAN_POINT('',(-0.0105,-0.0635898953333,0.00717));
#5452=CARTESIAN_POINT('',(-0.0105,-0.0722698953333,0.01374));
#5453=CARTESIAN_POINT('',(0.000486810999949999,-0.0727698953333,0.01324));
#5454=CARTESIAN_POINT('',(0.007,-0.0722698953333,0.01374));
#5455=CARTESIAN_POINT('',(0.007,-0.0727698953333,0.01324));
#5456=CARTESIAN_POINT('',(0.0259877486666,-0.0727698953333,0.01324));
#5457=CARTESIAN_POINT('',(0.0064749486666,-0.0727698953333,0.01324));
#5458=CARTESIAN_POINT('',(0.0064749486666,-0.0727698953333,0.01324));
#5459=CARTESIAN_POINT('',(0.000486810999949999,-0.0727698953333,0.001498));
#5460=CARTESIAN_POINT('',(0.009,-0.0727698953333,0.00667));
#5461=CARTESIAN_POINT('',(0.009,-0.0727698953333,0.01324));
#5462=CARTESIAN_POINT('',(0.009,-0.0727698953333,0.0001));
#5463=CARTESIAN_POINT('',(0.0259877486666,-0.0727698953333,0.01324));
#5464=CARTESIAN_POINT('',(0.0098849986666,-0.0727698953333,0.01324));
#5465=CARTESIAN_POINT('',(0.0098849986666,-0.0727698953333,0.001498));
#5466=CARTESIAN_POINT('',(0.0098849986666,-0.0727698953333,9.9999999999997E-5));
#5467=CARTESIAN_POINT('',(0.0259877486666,-0.0727698953333,0.0001));
#5468=CARTESIAN_POINT('',(0.000486810999950002,-0.0297690203333,0.0015));
#5469=CARTESIAN_POINT('',(-0.02816958900005,-0.0752698953333,0.0015));
#5470=CARTESIAN_POINT('',(-0.0119250513334,-0.0752698953333,0.0015));
#5471=CARTESIAN_POINT('',(-0.0074250513334,-0.0752698953333,0.0015));
#5472=CARTESIAN_POINT('',(-0.0119250513334,-0.0297690203333,0.0015));
#5473=CARTESIAN_POINT('',(-0.0119250513334,-0.0737698953333,0.0015));
#5474=CARTESIAN_POINT('',(0.0259877486666,-0.0737698953333,0.0015));
#5475=CARTESIAN_POINT('',(-0.0074250513334,-0.0737698953333,0.0015));
#5476=CARTESIAN_POINT('',(-0.0074250513334,-0.0297690203333,0.0015));
#5477=CARTESIAN_POINT('',(0.000486810999950002,-0.0297690203333,0.0015));
#5478=CARTESIAN_POINT('',(-0.0305141266667,-0.0297690203333,0.0015));
#5479=CARTESIAN_POINT('',(-0.0305141266667,-0.0722698953333,0.0015));
#5480=CARTESIAN_POINT('',(-0.0305141266667,-0.04568646,0.0015));
#5481=CARTESIAN_POINT('',(-0.0295141266667,-0.04468646,0.0015));
#5482=CARTESIAN_POINT('',(-0.0295141266667,-0.04468646,0.0015));
#5483=CARTESIAN_POINT('',(0.000486810999950005,-0.04468646,0.0015));
#5484=CARTESIAN_POINT('',(-0.0290141266667,-0.04468646,0.0015));
#5485=CARTESIAN_POINT('',(-0.0290141266667,-0.0697698953333,0.0015));
#5486=CARTESIAN_POINT('',(-0.0290141266667,-0.0697698953333,0.0015));
#5487=CARTESIAN_POINT('',(-0.0250141266667,-0.0697698953333,0.0015));
#5488=CARTESIAN_POINT('',(-0.0258250513334,-0.0736868330638412,0.0015));
#5489=CARTESIAN_POINT('',(-0.0258250513334,-0.0297690203333,0.0015));
#5490=CARTESIAN_POINT('',(-0.0258250513334,-0.0752698953333,0.0015));
#5491=CARTESIAN_POINT('',(-0.02816958900005,-0.0752698953333,0.0015));
#5492=CARTESIAN_POINT('',(-0.0275141266667,-0.0752698953333,0.0015));
#5493=CARTESIAN_POINT('',(-0.0275141266667,-0.0722698953333,0.0015));
#5494=CARTESIAN_POINT('',(0.000486810999950002,-0.0297690203333,0.0015));
#5495=CARTESIAN_POINT('',(-0.02816958900005,-0.0752698953333,0.0015));
#5496=CARTESIAN_POINT('',(0.0064749486666,-0.0752698953333,0.0015));
#5497=CARTESIAN_POINT('',(0.0098849986666,-0.0752698953333,0.0015));
#5498=CARTESIAN_POINT('',(0.0064749486666,-0.0297690203333,0.0015));
#5499=CARTESIAN_POINT('',(0.0064749486666,-0.0737698953333,0.0015));
#5500=CARTESIAN_POINT('',(0.0259877486666,-0.0737698953333,0.0015));
#5501=CARTESIAN_POINT('',(0.0098849986666,-0.0737698953333,0.0015));
#5502=CARTESIAN_POINT('',(0.0098849986666,-0.0297690203333,0.0015));
#5503=CARTESIAN_POINT('',(0.0295277486666,0.0102318546667,0.0001));
#5504=CARTESIAN_POINT('',(0.0259877486666,-0.0727698953333,0.0001));
#5505=CARTESIAN_POINT('',(-0.0074250513334,-0.0727698953333,9.99999999999949E-5));
#5506=CARTESIAN_POINT('',(-0.0074250513334,0.0102318546667,9.99999999999949E-5));
#5507=CARTESIAN_POINT('',(-0.0074250513334,-0.0738498953333,0.0001));
#5508=CARTESIAN_POINT('',(0.0259877486666,-0.0738498953333,0.0001));
#5509=CARTESIAN_POINT('',(-0.0119250513334,-0.0738498953333,0.0001));
#5510=CARTESIAN_POINT('',(-0.0119250513334,0.0102318546667,9.99999999999943E-5));
#5511=CARTESIAN_POINT('',(0.0295277486666,0.0102318546667,0.0001));
#5512=CARTESIAN_POINT('',(-0.0258250513334,0.0102318546667,9.99999999999926E-5));
#5513=CARTESIAN_POINT('',(-0.0258250513334,-0.0737684952363833,0.000100000000000001));
#5514=CARTESIAN_POINT('',(-0.0258250513334,-0.0726582168501913,0.0001));
#5515=CARTESIAN_POINT('',(-0.0250141266667,-0.0697698953333,0.0001));
#5516=CARTESIAN_POINT('',(-0.0290941266667,-0.0697698953333,0.0001));
#5517=CARTESIAN_POINT('',(-0.0290941266667,-0.0697698953333,0.0001));
#5518=CARTESIAN_POINT('',(-0.0290941266667,-0.04468646,9.99999999999921E-5));
#5519=CARTESIAN_POINT('',(0.0295277486666,-0.04468646,0.0001));
#5520=CARTESIAN_POINT('',(-0.0280141266667,-0.04468646,9.99999999999923E-5));
#5521=CARTESIAN_POINT('',(-0.0280141266667,-0.0697698953333,0.0001));
#5522=CARTESIAN_POINT('',(-0.0280141266667,-0.0697698953333,0.0001));
#5523=CARTESIAN_POINT('',(-0.0250141266667,-0.0697698953333,0.0001));
#5524=CARTESIAN_POINT('',(0.0295277486666,0.0102318546667,0.0001));
#5525=CARTESIAN_POINT('',(0.0064749486666,0.0102318546667,9.99999999999966E-5));
#5526=CARTESIAN_POINT('',(0.0064749486666,-0.0727698953333,9.99999999999966E-5));
#5527=CARTESIAN_POINT('',(0.0064749486666,-0.0738498953333,0.0001));
#5528=CARTESIAN_POINT('',(0.0259877486666,-0.0727698953333,0.0001));
#5529=CARTESIAN_POINT('',(0.007,-0.0727698953333,0.0001));
#5530=CARTESIAN_POINT('',(0.007,-0.0727698953333,9.99999999999886E-5));
#5531=CARTESIAN_POINT('',(0.0098849986666,0.0102318546667,9.9999999999997E-5));
#5532=CARTESIAN_POINT('',(0.0098849986666,-0.0738498953333,0.0001));
#5533=CARTESIAN_POINT('',(0.0259877486666,-0.0738498953333,0.0001));
#5534=CARTESIAN_POINT('',(-0.02816958900005,-0.0752698953333,0.01424));
#5535=CARTESIAN_POINT('',(-0.0119250513334,-0.0752698953333,0.01424));
#5536=CARTESIAN_POINT('',(-0.0119250513334,-0.0752698953333,0.01484));
#5537=CARTESIAN_POINT('',(-0.0074250513334,-0.0752698953333,0.01424));
#5538=CARTESIAN_POINT('',(-0.0074250513334,-0.0752698953333,0.01484));
#5539=CARTESIAN_POINT('',(-0.0119250513334,-0.0752698953333,0.01484));
#5540=CARTESIAN_POINT('',(-0.02816958900005,-0.0752698953333,0.01424));
#5541=CARTESIAN_POINT('',(-0.0258250513334,-0.0752698953333,0.01424));
#5542=CARTESIAN_POINT('',(-0.0258250513334,-0.0752698953333,0.01484));
#5543=CARTESIAN_POINT('',(-0.0275141266667,-0.0752698953333,0.01484));
#5544=CARTESIAN_POINT('',(-0.0275141266667,-0.0752698953333,0.01484));
#5545=CARTESIAN_POINT('',(-0.0275141266667,-0.0752698953333,0.0015));
#5546=CARTESIAN_POINT('',(-0.02816958900005,-0.0752698953333,0.01424));
#5547=CARTESIAN_POINT('',(0.0064749486666,-0.0752698953333,0.01424));
#5548=CARTESIAN_POINT('',(0.0064749486666,-0.0752698953333,0.01484));
#5549=CARTESIAN_POINT('',(0.0098849986666,-0.0752698953333,0.00506));
#5550=CARTESIAN_POINT('',(0.0098849986666,-0.0752698953333,0.0139));
#5551=CARTESIAN_POINT('',(0.0182499986666,-0.0752698953333,0.0139));
#5552=CARTESIAN_POINT('',(0.0266149986666,-0.0752698953333,0.0139));
#5553=CARTESIAN_POINT('',(0.0266149986666,-0.0752698953333,0.00685));
#5554=CARTESIAN_POINT('',(0.0284877486666,-0.0752698953333,0.01424));
#5555=CARTESIAN_POINT('',(0.0284877486666,-0.0752698953333,0.01484));
#5556=CARTESIAN_POINT('',(0.0064749486666,-0.0752698953333,0.01484));
#5557=CARTESIAN_POINT('',(0.000486810999949999,-0.0727698953333,0.001498));
#5558=CARTESIAN_POINT('',(-0.0074250513334,-0.0727698953333,0.001498));
#5559=CARTESIAN_POINT('',(0.0259877486666,-0.0697698953333,0.01424));
#5560=CARTESIAN_POINT('',(0.0259877486666,-0.0697698953333,0.0139));
#5561=CARTESIAN_POINT('',(0.0259877486666,-0.0721098953333,0.0139));
#5562=CARTESIAN_POINT('',(0.0266149986666,-0.0720242594204651,0.0139));
#5563=CARTESIAN_POINT('',(0.0259877486666,-0.0717698953333,0.01424));
#5564=CARTESIAN_POINT('',(0.0279877486666,-0.0697698953333,0.01424));
#5565=CARTESIAN_POINT('',(0.0289877486666,-0.0697698953333,0.01324));
#5566=CARTESIAN_POINT('',(0.0259877486666,-0.0697698953333,0.01324));
#5567=CARTESIAN_POINT('',(0.0266149986666,-0.0727035888137952,0.01324));
#5568=CARTESIAN_POINT('',(0.0266149986666,-0.0727035888137952,0.01324));
#5569=CARTESIAN_POINT('',(0.0266149986666,-0.0724778586020319,0.0134607410835336));
#5570=CARTESIAN_POINT('',(0.0266149986666,-0.0722516231650389,0.0136809569826964));
#5571=CARTESIAN_POINT('',(0.0266149986666,-0.0720242594204651,0.0139));
#5572=CARTESIAN_POINT('',(0.000486810999949999,-0.0727698953333,0.01324));
#5573=CARTESIAN_POINT('',(0.009,-0.0722698953333,0.01374));
#5574=CARTESIAN_POINT('',(0.000486810999949999,-0.0721098953333,0.0139));
#5575=CARTESIAN_POINT('',(0.0098849986666,-0.0721098953333,0.0139));
#5576=CARTESIAN_POINT('',(0.0098849986666,-0.0727698953333,0.01324));
#5577=CARTESIAN_POINT('',(0.0259877486666,-0.0739698953333,0.00075));
#5578=CARTESIAN_POINT('',(-0.0119250513334,-0.0739698953333,0.00075));
#5579=CARTESIAN_POINT('',(-0.0119250513334,-0.0741698953333,0.0005));
#5580=CARTESIAN_POINT('',(-0.0119250513334,-0.0737698953333,0.001));
#5581=CARTESIAN_POINT('',(0.0259877486666,-0.0741698953333,0.0005));
#5582=CARTESIAN_POINT('',(-0.0074250513334,-0.0741698953333,0.0005));
#5583=CARTESIAN_POINT('',(-0.0074250513334,-0.0739698953333,0.00075));
#5584=CARTESIAN_POINT('',(-0.0074250513334,-0.0737698953333,0.001));
#5585=CARTESIAN_POINT('',(0.0259877486666,-0.0737698953333,0.001));
#5586=CARTESIAN_POINT('',(0.0259877486666,-0.0740098953333,0.0003));
#5587=CARTESIAN_POINT('',(-0.0119250513334,-0.0740098953333,0.000299999999999994));
#5588=CARTESIAN_POINT('',(-0.0074250513334,-0.0740098953333,0.0003));
#5589=CARTESIAN_POINT('',(0.0259877486666,-0.0737698953333,0.00125));
#5590=CARTESIAN_POINT('',(-0.0119250513334,-0.0737698953333,0.00125));
#5591=CARTESIAN_POINT('',(-0.0074250513334,-0.0737698953333,0.00125));
#5592=CARTESIAN_POINT('',(0.000486810999950002,-0.0297690203333,0.0015));
#5593=CARTESIAN_POINT('',(-0.0305141266667,-0.0297690203333,0.0015));
#5594=CARTESIAN_POINT('',(-0.0305141266667,-0.0113681453333,0.0015));
#5595=CARTESIAN_POINT('',(-0.0305141266667,-0.0048399553328,0.0015));
#5596=CARTESIAN_POINT('',(-0.0305141266667,-0.0048399553328,0.0015));
#5597=CARTESIAN_POINT('',(-0.0290141266667,-0.0033399553328,0.0015));
#5598=CARTESIAN_POINT('',(-0.0290141266667,-0.0697698953333,0.0015));
#5599=CARTESIAN_POINT('',(-0.0290141266667,-0.0113681453333,0.0015));
#5600=CARTESIAN_POINT('',(0.000486810999949999,-0.0113681453333,0.0015));
#5601=CARTESIAN_POINT('',(0.000486810999950002,-0.0297690203333,0.0015));
#5602=CARTESIAN_POINT('',(-0.0290141266667,-0.0697698953333,0.0015));
#5603=CARTESIAN_POINT('',(-0.0290141266667,0.00640004466670001,0.0015));
#5604=CARTESIAN_POINT('',(-0.0290141266667,0.0102318546667,0.0015));
#5605=CARTESIAN_POINT('',(-0.0305141266667,0.0079000446667,0.0015));
#5606=CARTESIAN_POINT('',(-0.0305141266667,0.0079000446667,0.0015));
#5607=CARTESIAN_POINT('',(-0.0305141266667,-0.0297690203333,0.0015));
#5608=CARTESIAN_POINT('',(-0.0305141266667,0.0127318546667,0.0015));
#5609=CARTESIAN_POINT('',(-0.0275141266667,0.0127318546667,0.0015));
#5610=CARTESIAN_POINT('',(-0.0275141266667,0.0157318546667,0.0015));
#5611=CARTESIAN_POINT('',(0.000486810999949995,0.0157318546667,0.0015));
#5612=CARTESIAN_POINT('',(-0.016499995,0.0157318546667,0.0015));
#5613=CARTESIAN_POINT('',(-0.016499995,-0.0297690203333,0.0015));
#5614=CARTESIAN_POINT('',(-0.016499995,0.0142318546667,0.0015));
#5615=CARTESIAN_POINT('',(-0.0250141266667,0.0142318546667,0.0015));
#5616=CARTESIAN_POINT('',(-0.0250141266667,0.0142318546667,0.0015));
#5617=CARTESIAN_POINT('',(-0.0250141266667,0.0102318546667,0.0015));
#5618=CARTESIAN_POINT('',(-0.0305141266667,-0.0297690203333,0.01424));
#5619=CARTESIAN_POINT('',(-0.0305141266667,-0.0016599553323,0.002019999999));
#5620=CARTESIAN_POINT('',(-0.0305141266667,-0.00165995533254614,0.00519999999950317));
#5621=CARTESIAN_POINT('',(-0.0305141266667,-0.0048399553323,0.002019999999));
#5622=CARTESIAN_POINT('',(-0.0305141266667,-0.0048399553328,0.01424));
#5623=CARTESIAN_POINT('',(-0.0305141266667,-0.0113681453333,0.00425822182691));
#5624=CARTESIAN_POINT('',(-0.0305141266667,-0.0113681453333,0.00535));
#5625=CARTESIAN_POINT('',(-0.0305141266667,-0.0127681453333,0.00535));
#5626=CARTESIAN_POINT('',(-0.0305141266667,-0.0127681453333,0.00675));
#5627=CARTESIAN_POINT('',(-0.0305141266667,-0.0225181453333,0.00675));
#5628=CARTESIAN_POINT('',(-0.0305141266667,-0.0257681453333,0.00675));
#5629=CARTESIAN_POINT('',(-0.0305141266667,-0.0257681453333,0.00535));
#5630=CARTESIAN_POINT('',(-0.0305141266667,-0.0271681453333,0.00535));
#5631=CARTESIAN_POINT('',(-0.0305141266667,-0.0271681453333,0.00066644365382));
#5632=CARTESIAN_POINT('',(-0.0305141266667,-0.0271681453333,0.0015));
#5633=CARTESIAN_POINT('',(-0.0305141266667,-0.0297690203333,0.0015));
#5634=CARTESIAN_POINT('',(-0.0305141266667,-0.0368865728929011,0.0015));
#5635=CARTESIAN_POINT('',(-0.0305141266667,-0.0368865728929011,0.00302770665953125));
#5636=CARTESIAN_POINT('',(-0.0305141266667,-0.0368865728929011,0.00303151896001394));
#5637=CARTESIAN_POINT('',(-0.0305141266667,-0.0412864599999938,0.003));
#5638=CARTESIAN_POINT('',(-0.0305141266667,-0.0456864599999938,0.003));
#5639=CARTESIAN_POINT('',(-0.0305141266667,-0.04568646,0.0015));
#5640=CARTESIAN_POINT('',(-0.0305141266667,-0.0722698953333,0.01584));
#5641=CARTESIAN_POINT('',(-0.0305141266667,-0.0722698953333,0.01484));
#5642=CARTESIAN_POINT('',(-0.0305141266667,-0.0297690203333,0.01484));
#5643=CARTESIAN_POINT('',(-0.0305141266667,0.0127318546667,0.01484));
#5644=CARTESIAN_POINT('',(-0.0305141266667,0.0127318546667,0.0015));
#5645=CARTESIAN_POINT('',(-0.0305141266667,0.0079000446667,0.01424));
#5646=CARTESIAN_POINT('',(-0.0305141266667,0.0079000446667,0.002019999999));
#5647=CARTESIAN_POINT('',(-0.0305141266667,0.0047200446657,0.002019999999));
#5648=CARTESIAN_POINT('',(-0.0305141266667,0.00472004466545386,0.0052));
#5649=CARTESIAN_POINT('',(-0.0305141266667,-0.0297690203326003,0.00519999999732747));
#5650=CARTESIAN_POINT('',(-0.0280141266667,-0.0297690203333,0.001498));
#5651=CARTESIAN_POINT('',(-0.0280141266667,-0.0033399553328,0.001498));
#5652=CARTESIAN_POINT('',(-0.0280141266667,-0.0033399553323,0.002019999999));
#5653=CARTESIAN_POINT('',(-0.0280141266667,-0.0033399553328,9.99999999999923E-5));
#5654=CARTESIAN_POINT('',(-0.0280141266667,-0.0016599553323,0.002019999999));
#5655=CARTESIAN_POINT('',(-0.0280141266667,-0.00165995533243003,0.00369999999950318));
#5656=CARTESIAN_POINT('',(-0.0280141266667,-0.0297690203334704,0.00369999999732747));
#5657=CARTESIAN_POINT('',(-0.0280141266667,0.00472004466556996,0.0037));
#5658=CARTESIAN_POINT('',(-0.0280141266667,0.0047200446657,0.002019999999));
#5659=CARTESIAN_POINT('',(-0.0280141266667,0.0064000446667,0.002019999999));
#5660=CARTESIAN_POINT('',(-0.0280141266667,0.0064000446667,0.001498));
#5661=CARTESIAN_POINT('',(-0.0280141266667,0.0064000446667,9.99999999999923E-5));
#5662=CARTESIAN_POINT('',(-0.0280141266667,-0.0697698953333,0.0001));
#5663=CARTESIAN_POINT('',(-0.0280141266667,0.0102318546667,0.0001));
#5664=CARTESIAN_POINT('',(-0.0280141266667,0.0102318546667,0.001498));
#5665=CARTESIAN_POINT('',(-0.0280141266667,0.0102318546667,0.01324));
#5666=CARTESIAN_POINT('',(-0.0280141266667,-0.0697698953333,0.01324));
#5667=CARTESIAN_POINT('',(-0.0280141266667,-0.0697698953333,0.01324));
#5668=CARTESIAN_POINT('',(-0.0280141266667,-0.0697698953333,0.0015));
#5669=CARTESIAN_POINT('',(-0.0280141266667,-0.04468646,0.001498));
#5670=CARTESIAN_POINT('',(-0.0280141266667,-0.04468646,0.003));
#5671=CARTESIAN_POINT('',(-0.0280141266667,-0.0412864599999938,0.003));
#5672=CARTESIAN_POINT('',(-0.0280141266667,-0.037886572892901,0.00302770665953125));
#5673=CARTESIAN_POINT('',(-0.0280141266667,-0.037886572892901,0.001498));
#5674=CARTESIAN_POINT('',(-0.0280141266667,-0.037886572892901,9.99999999999923E-5));
#5675=CARTESIAN_POINT('',(-0.0280141266667,-0.0697698953333,0.0001));
#5676=CARTESIAN_POINT('',(-0.0280141266667,-0.0271681453333,0.0001));
#5677=CARTESIAN_POINT('',(-0.0280141266667,-0.0271681453333,0.001498));
#5678=CARTESIAN_POINT('',(-0.0280141266667,-0.0271681453333,0.00535));
#5679=CARTESIAN_POINT('',(-0.0280141266667,-0.0257681453333,0.00535));
#5680=CARTESIAN_POINT('',(-0.0280141266667,-0.0257681453333,0.00675));
#5681=CARTESIAN_POINT('',(-0.0280141266667,-0.0297690203333,0.00675));
#5682=CARTESIAN_POINT('',(-0.0280141266667,-0.0127681453333,0.00675));
#5683=CARTESIAN_POINT('',(-0.0280141266667,-0.0127681453333,0.00535));
#5684=CARTESIAN_POINT('',(-0.0280141266667,-0.0113681453333,0.00535));
#5685=CARTESIAN_POINT('',(-0.0280141266667,-0.0113681453333,0.001498));
#5686=CARTESIAN_POINT('',(-0.0280141266667,-0.0113681453333,9.99999999999923E-5));
#5687=CARTESIAN_POINT('',(-0.0280141266667,-0.0697698953333,0.0001));
#5688=CARTESIAN_POINT('',(-0.0292141266667,-0.0697698953333,0.00075));
#5689=CARTESIAN_POINT('',(-0.0290141266667,-0.0697698953333,0.001));
#5690=CARTESIAN_POINT('',(-0.0290141266667,-0.0113681453333,0.001));
#5691=CARTESIAN_POINT('',(-0.0290141266667,-0.0033399553328,0.001));
#5692=CARTESIAN_POINT('',(-0.0292141266667,-0.0033399553328,0.00075));
#5693=CARTESIAN_POINT('',(-0.0294141266667,-0.0033399553328,0.0005));
#5694=CARTESIAN_POINT('',(-0.0294141266667,-0.0697698953333,0.0005));
#5695=CARTESIAN_POINT('',(-0.0294141266667,-0.0113681453333,0.0005));
#5696=CARTESIAN_POINT('',(-0.0292141266667,-0.0113681453333,0.00075));
#5697=CARTESIAN_POINT('',(-0.0292141266667,-0.0697698953333,0.00075));
#5698=CARTESIAN_POINT('',(-0.0294141266667,-0.0697698953333,0.0005));
#5699=CARTESIAN_POINT('',(-0.0294141266667,0.00640004466670001,0.0005));
#5700=CARTESIAN_POINT('',(-0.0294141266667,0.0102318546667,0.0005));
#5701=CARTESIAN_POINT('',(-0.0292141266667,0.00640004466670001,0.00075));
#5702=CARTESIAN_POINT('',(-0.0290141266667,0.00640004466670001,0.001));
#5703=CARTESIAN_POINT('',(-0.0290141266667,-0.0697698953333,0.001));
#5704=CARTESIAN_POINT('',(-0.0290141266667,0.0102318546667,0.001));
#5705=CARTESIAN_POINT('',(-0.0292141266667,0.0102318546667,0.00075));
#5706=CARTESIAN_POINT('',(-0.0292141266667,-0.0697698953333,0.00075));
#5707=CARTESIAN_POINT('',(-0.0292141266667,-0.04468646,0.00075));
#5708=CARTESIAN_POINT('',(-0.0294141266667,-0.04468646,0.0005));
#5709=CARTESIAN_POINT('',(-0.0290141266667,-0.04468646,0.001));
#5710=CARTESIAN_POINT('',(-0.0294141266667,-0.0697698953333,0.0005));
#5711=CARTESIAN_POINT('',(-0.0294141266667,-0.0697698953333,0.0005));
#5712=CARTESIAN_POINT('',(-0.0292141266667,-0.0697698953333,0.00075));
#5713=CARTESIAN_POINT('',(-0.0290141266667,-0.0697698953333,0.001));
#5714=CARTESIAN_POINT('',(-0.0290141266667,-0.0697698953333,0.001));
#5715=CARTESIAN_POINT('',(-0.0292541266667,-0.0697698953333,0.0003));
#5716=CARTESIAN_POINT('',(-0.0292541266667,-0.0033399553328,0.0003));
#5717=CARTESIAN_POINT('',(-0.0290941266667,-0.0033399553328,9.99999999999921E-5));
#5718=CARTESIAN_POINT('',(-0.0290941266667,-0.0697698953333,0.0001));
#5719=CARTESIAN_POINT('',(-0.0290941266667,-0.0113681453333,9.99999999999921E-5));
#5720=CARTESIAN_POINT('',(-0.0292541266667,-0.0113681453333,0.0003));
#5721=CARTESIAN_POINT('',(-0.0292541266667,-0.0697698953333,0.0003));
#5722=CARTESIAN_POINT('',(-0.0290941266667,-0.0697698953333,0.0001));
#5723=CARTESIAN_POINT('',(-0.0290941266667,0.00640004466670001,0.0001));
#5724=CARTESIAN_POINT('',(-0.0290941266667,0.0102318546667,0.0001));
#5725=CARTESIAN_POINT('',(-0.0292541266667,0.00640004466670001,0.000300000000000003));
#5726=CARTESIAN_POINT('',(-0.0292541266667,0.0102318546667,0.0003));
#5727=CARTESIAN_POINT('',(-0.0292541266667,-0.0697698953333,0.0003));
#5728=CARTESIAN_POINT('',(-0.0292541266667,-0.04468646,0.0003));
#5729=CARTESIAN_POINT('',(-0.0292541266667,-0.0697698953333,0.0003));
#5730=CARTESIAN_POINT('',(-0.0290141266667,-0.0697698953333,0.00125));
#5731=CARTESIAN_POINT('',(-0.0290141266667,-0.0033399553328,0.00125));
#5732=CARTESIAN_POINT('',(-0.0290141266667,-0.0113681453333,0.00125));
#5733=CARTESIAN_POINT('',(-0.0290141266667,-0.0697698953333,0.00125));
#5734=CARTESIAN_POINT('',(-0.0290141266667,0.00640004466670001,0.00125));
#5735=CARTESIAN_POINT('',(-0.0290141266667,0.0102318546667,0.00125));
#5736=CARTESIAN_POINT('',(-0.0290141266667,-0.0697698953333,0.00125));
#5737=CARTESIAN_POINT('',(-0.0290141266667,-0.04468646,0.00125));
#5738=CARTESIAN_POINT('',(-0.0290141266667,-0.0697698953333,0.00125));
#5739=CARTESIAN_POINT('',(0.0295277486666,0.0102318546667,0.0001));
#5740=CARTESIAN_POINT('',(0.0295277486666,-0.00333995533279999,0.0001));
#5741=CARTESIAN_POINT('',(0.0295277486666,-0.0113681453333,0.0001));
#5742=CARTESIAN_POINT('',(0.0295277486666,0.0102318546667,0.0001));
#5743=CARTESIAN_POINT('',(-0.016499995,0.0102318546667,9.99999999999937E-5));
#5744=CARTESIAN_POINT('',(-0.016499995,0.0143118546667,0.0001));
#5745=CARTESIAN_POINT('',(-0.0250141266667,0.0102318546667,0.0001));
#5746=CARTESIAN_POINT('',(0.0295277486666,0.00640004466670001,0.0001));
#5747=CARTESIAN_POINT('',(-0.0250141266667,0.0102318546667,0.0001));
#5748=CARTESIAN_POINT('',(-0.0250141266667,0.0143118546667,0.0001));
#5749=CARTESIAN_POINT('',(-0.0250141266667,0.0143118546667,0.0001));
#5750=CARTESIAN_POINT('',(0.000486810999950002,-0.0297690203333,0.0015));
#5751=CARTESIAN_POINT('',(0.000486810999950004,-0.037886572892901,0.0015));
#5752=CARTESIAN_POINT('',(-0.0290141266667,-0.037886572892901,0.0015));
#5753=CARTESIAN_POINT('',(-0.0295141266667,-0.037886572892901,0.0015));
#5754=CARTESIAN_POINT('',(-0.0295141266667,-0.037886572892901,0.0015));
#5755=CARTESIAN_POINT('',(0.000486810999950002,-0.0271681453333,0.0015));
#5756=CARTESIAN_POINT('',(-0.0290141266667,-0.0271681453333,0.0015));
#5757=CARTESIAN_POINT('',(-0.0290141266667,-0.0697698953333,0.0015));
#5758=CARTESIAN_POINT('',(-0.0074250513334,-0.0663398953333,0.01424));
#5759=CARTESIAN_POINT('',(-0.0074250513334,-0.0574098953333,0.01424));
#5760=CARTESIAN_POINT('',(-0.0074250513334,-0.0752698953333,0.01484));
#5761=CARTESIAN_POINT('',(-0.0004750513334,-0.0574098953333,0.01424));
#5762=CARTESIAN_POINT('',(0.0064749486666,-0.0574098953333,0.01424));
#5763=CARTESIAN_POINT('',(0.0064749486666,-0.0663398953333,0.01424));
#5764=CARTESIAN_POINT('',(0.0064749486666,-0.0711048953333,0.019005));
#5765=CARTESIAN_POINT('',(0.0064749486666,-0.0727698953333,0.001498));
#5766=CARTESIAN_POINT('',(0.0064749486666,-0.0740098953333,0.0003));
#5767=CARTESIAN_POINT('',(0.0064749486666,-0.0741698953333,0.0005));
#5768=CARTESIAN_POINT('',(0.0064749486666,-0.0739698953333,0.00075));
#5769=CARTESIAN_POINT('',(0.0064749486666,-0.0737698953333,0.001));
#5770=CARTESIAN_POINT('',(0.0064749486666,-0.0737698953333,0.00125));
#5771=CARTESIAN_POINT('',(0.0314877486666,-0.0297690203333,0.01424));
#5772=CARTESIAN_POINT('',(0.0314877486666,0.0127318546667,0.01424));
#5773=CARTESIAN_POINT('',(0.0314877486666,0.0127318546667,0.01484));
#5774=CARTESIAN_POINT('',(0.0314877486666,-0.0722698953333,0.01484));
#5775=CARTESIAN_POINT('',(0.0314877486666,-0.0722698953333,0.01484));
#5776=CARTESIAN_POINT('',(0.0314877486666,-0.0722698953333,0.01424));
#5777=CARTESIAN_POINT('',(0.000486810999949995,0.0157318546667,0.01424));
#5778=CARTESIAN_POINT('',(-0.014499995,0.0157318546667,0.0002));
#5779=CARTESIAN_POINT('',(-0.014499995,0.0157318546667,0.0017));
#5780=CARTESIAN_POINT('',(-0.015499995,0.0157318546667,0.0017));
#5781=CARTESIAN_POINT('',(-0.016499995,0.0157318546667,0.0017));
#5782=CARTESIAN_POINT('',(-0.016499995,0.0157318546667,0.0002));
#5783=CARTESIAN_POINT('',(-0.0275141266667,0.0157318546667,0.01584));
#5784=CARTESIAN_POINT('',(-0.0275141266667,0.0157318546667,0.01484));
#5785=CARTESIAN_POINT('',(0.0284877486666,0.0157318546667,0.01484));
#5786=CARTESIAN_POINT('',(0.0284877486666,0.0157318546667,0.01484));
#5787=CARTESIAN_POINT('',(0.0284877486666,0.0157318546667,0.01424));
#5788=CARTESIAN_POINT('',(-0.0258250513334,-0.0663398953333,0.01424));
#5789=CARTESIAN_POINT('',(-0.0258250513334,-0.0574098953333,0.01424));
#5790=CARTESIAN_POINT('',(-0.0258250513334,-0.0711048953333,0.019005));
#5791=CARTESIAN_POINT('',(-0.0258250513334,-0.0736868330638412,0.0015));
#5792=CARTESIAN_POINT('',(-0.0258250513334,-0.0736868330638412,0.001));
#5793=CARTESIAN_POINT('',(-0.0258250513334,-0.0736868330638412,0.00100000000000001));
#5794=CARTESIAN_POINT('',(-0.0258250513334,-0.0738228866730467,0.000833464526477078));
#5795=CARTESIAN_POINT('',(-0.0258250513334,-0.0739587699294042,0.000666784033602091));
#5796=CARTESIAN_POINT('',(-0.0258250513334,-0.0740945226218576,0.000500000000000031));
#5797=CARTESIAN_POINT('',(-0.0258250513334,-0.0740945226218576,0.000500000000000007));
#5798=CARTESIAN_POINT('',(-0.0258250513334,-0.0740945226218576,0.00049999999999998));
#5799=CARTESIAN_POINT('',(-0.0258250513334,-0.07398593688091,0.000366592937940281));
#5800=CARTESIAN_POINT('',(-0.0258250513334,-0.0738772683163802,0.000233253684783663));
#5801=CARTESIAN_POINT('',(-0.0258250513334,-0.0737684952363833,0.000100000000000021));
#5802=CARTESIAN_POINT('',(-0.0258250513334,-0.0726582168501913,0.001498));
#5803=CARTESIAN_POINT('',(-0.0258250513334,-0.0726582168501913,0.01324));
#5804=CARTESIAN_POINT('',(-0.0258250513334,-0.0726582168501913,0.01324));
#5805=CARTESIAN_POINT('',(-0.0258250513334,-0.0723082510670215,0.0135769379005684));
#5806=CARTESIAN_POINT('',(-0.0258250513334,-0.0719567108910052,0.0139122067904105));
#5807=CARTESIAN_POINT('',(-0.0258250513334,-0.0715981188384924,0.01424));
#5808=CARTESIAN_POINT('',(-0.0188750513334,-0.0574098953333,0.01424));
#5809=CARTESIAN_POINT('',(-0.0119250513334,-0.0574098953333,0.01424));
#5810=CARTESIAN_POINT('',(-0.0119250513334,-0.0663398953333,0.01424));
#5811=CARTESIAN_POINT('',(-0.0119250513334,-0.0711048953333,0.019005));
#5812=CARTESIAN_POINT('',(-0.0119250513334,-0.0727698953333,0.01324));
#5813=CARTESIAN_POINT('',(0.000486810999951,-0.0300275365233,0.));
#5814=CARTESIAN_POINT('',(-0.0240150013333,0.0092000426667,0.));
#5815=CARTESIAN_POINT('',(-0.0222650013333,0.0092000426667,0.));
#5816=CARTESIAN_POINT('',(-0.0240150013333,0.0092000426667,0.));
#5817=CARTESIAN_POINT('',(-0.0212650013333,0.0092000426667,0.));
#5818=CARTESIAN_POINT('',(-0.0240150013333,0.0092000426667,-2.00000000000027E-6));
#5819=CARTESIAN_POINT('',(-0.0240150013333,0.0092000426667,0.01424));
#5820=CARTESIAN_POINT('',(-0.0257650013333,0.0092000426667,0.01424));
#5821=CARTESIAN_POINT('',(-0.0240150013333,0.0092000426667,-2.00000000000027E-6));
#5822=CARTESIAN_POINT('',(0.000486810999950002,-0.0297690203333,0.01424));
#5823=CARTESIAN_POINT('',(0.000486810999951,-0.0300275365233,0.));
#5824=CARTESIAN_POINT('',(0.0249849986667,0.0092000426667,0.));
#5825=CARTESIAN_POINT('',(0.0267349986667,0.0092000426667,0.));
#5826=CARTESIAN_POINT('',(0.0249849986667,0.0092000426667,0.));
#5827=CARTESIAN_POINT('',(0.0277349986667,0.0092000426667,0.));
#5828=CARTESIAN_POINT('',(0.0249849986667,0.0092000426667,-2.00000000000027E-6));
#5829=CARTESIAN_POINT('',(0.0249849986667,0.0092000426667,0.01424));
#5830=CARTESIAN_POINT('',(0.0232349986667,0.0092000426667,0.01424));
#5831=CARTESIAN_POINT('',(0.0249849986667,0.0092000426667,-2.00000000000027E-6));
#5832=CARTESIAN_POINT('',(0.000486810999950002,-0.0297690203333,0.01424));
#5833=CARTESIAN_POINT('',(0.000486810999951,-0.0300275365233,0.));
#5834=CARTESIAN_POINT('',(-0.0240150013333,-0.0487999573333,0.));
#5835=CARTESIAN_POINT('',(-0.0222650013333,-0.0487999573333,0.));
#5836=CARTESIAN_POINT('',(-0.0240150013333,-0.0487999573333,0.));
#5837=CARTESIAN_POINT('',(-0.0212650013333,-0.0487999573333,0.));
#5838=CARTESIAN_POINT('',(-0.0240150013333,-0.0487999573333,-2.00000000000027E-6));
#5839=CARTESIAN_POINT('',(-0.0240150013333,-0.0487999573333,0.01424));
#5840=CARTESIAN_POINT('',(-0.0257650013333,-0.0487999573333,0.01424));
#5841=CARTESIAN_POINT('',(-0.0240150013333,-0.0487999573333,-2.00000000000027E-6));
#5842=CARTESIAN_POINT('',(0.000486810999950002,-0.0297690203333,0.01424));
#5843=CARTESIAN_POINT('',(0.000486810999951,-0.0300275365233,0.));
#5844=CARTESIAN_POINT('',(0.0249849986667,-0.0487999573333,0.));
#5845=CARTESIAN_POINT('',(0.0267349986667,-0.0487999573333,0.));
#5846=CARTESIAN_POINT('',(0.0249849986667,-0.0487999573333,0.));
#5847=CARTESIAN_POINT('',(0.0277349986667,-0.0487999573333,0.));
#5848=CARTESIAN_POINT('',(0.0249849986667,-0.0487999573333,-2.00000000000027E-6));
#5849=CARTESIAN_POINT('',(0.0249849986667,-0.0487999573333,0.01424));
#5850=CARTESIAN_POINT('',(0.0232349986667,-0.0487999573333,0.01424));
#5851=CARTESIAN_POINT('',(0.0249849986667,-0.0487999573333,-2.00000000000027E-6));
#5852=CARTESIAN_POINT('',(0.000486810999950002,-0.0297690203333,0.01424));
#5853=CARTESIAN_POINT('',(0.0289877486666,-0.0297690203333,0.001498));
#5854=CARTESIAN_POINT('',(0.0289877486666,-0.0697698953333,0.001498));
#5855=CARTESIAN_POINT('',(0.0289877486666,-0.0297690203333,0.01324));
#5856=CARTESIAN_POINT('',(0.0289877486666,0.0102318546667,0.01324));
#5857=CARTESIAN_POINT('',(0.0289877486666,0.0102318546667,0.0015));
#5858=CARTESIAN_POINT('',(0.000486810999949999,-0.0727698953333,0.001498));
#5859=CARTESIAN_POINT('',(0.007,-0.0727698953333,0.00667));
#5860=CARTESIAN_POINT('',(0.0259877486666,-0.0697698953333,0.001498));
#5861=CARTESIAN_POINT('',(0.0266149986666,-0.0727035888137952,0.001498));
#5862=CARTESIAN_POINT('',(0.0259877486666,0.0102318546667,0.001498));
#5863=CARTESIAN_POINT('',(0.0259877486666,0.0102318546667,0.01324));
#5864=CARTESIAN_POINT('',(-0.0250141266667,0.0102318546667,0.001498));
#5865=CARTESIAN_POINT('',(-0.0250141266667,0.0102318546667,0.01324));
#5866=CARTESIAN_POINT('',(-0.0250141266667,-0.0697698953333,0.001498));
#5867=CARTESIAN_POINT('',(-0.0250141266667,-0.0697698953333,0.01324));
#5868=CARTESIAN_POINT('',(-0.0275141266667,-0.0722698953333,0.01424));
#5869=CARTESIAN_POINT('',(-0.0275141266667,-0.0722698953333,0.01484));
#5870=CARTESIAN_POINT('',(-0.0275141266667,0.0127318546667,0.01424));
#5871=CARTESIAN_POINT('',(-0.0275141266667,0.0127318546667,0.01484));
#5872=CARTESIAN_POINT('',(0.0284877486666,0.0127318546667,0.01424));
#5873=CARTESIAN_POINT('',(0.0284877486666,0.0127318546667,0.01484));
#5874=CARTESIAN_POINT('',(0.0284877486666,-0.0722698953333,0.01424));
#5875=CARTESIAN_POINT('',(0.0284877486666,-0.0722698953333,0.01484));
#5876=CARTESIAN_POINT('',(-0.0250141266667,-0.0697698953333,0.01424));
#5877=CARTESIAN_POINT('',(-0.0270141266667,-0.0697698953333,0.01424));
#5878=CARTESIAN_POINT('',(-0.0280141266667,-0.0297690203333,0.01324));
#5879=CARTESIAN_POINT('',(-0.0270141266667,0.0102318546667,0.01424));
#5880=CARTESIAN_POINT('',(-0.0250141266667,0.0102318546667,0.01424));
#5881=CARTESIAN_POINT('',(-0.0250141266667,0.0122318546667,0.01424));
#5882=CARTESIAN_POINT('',(0.000486810999950002,0.0122318546667,0.01424));
#5883=CARTESIAN_POINT('',(0.0259877486666,0.0122318546667,0.01424));
#5884=CARTESIAN_POINT('',(0.0259877486666,0.0102318546667,0.01424));
#5885=CARTESIAN_POINT('',(0.0279877486666,0.0102318546667,0.01424));
#5886=CARTESIAN_POINT('',(0.0279877486666,-0.0297690203333,0.01424));
#5887=CARTESIAN_POINT('',(-0.02816958900005,-0.0752698953333,0.01484));
#5888=CARTESIAN_POINT('',(0.0284877486666,-0.0742698953333,0.01584));
#5889=CARTESIAN_POINT('',(0.0284877486666,-0.0722698953333,0.01584));
#5890=CARTESIAN_POINT('',(0.0304877486666,-0.0722698953333,0.01584));
#5891=CARTESIAN_POINT('',(0.0314877486666,-0.0297690203333,0.01484));
#5892=CARTESIAN_POINT('',(0.0304877486666,0.0127318546667,0.01584));
#5893=CARTESIAN_POINT('',(0.0284877486666,0.0127318546667,0.01584));
#5894=CARTESIAN_POINT('',(0.0284877486666,0.0147318546667,0.01584));
#5895=CARTESIAN_POINT('',(0.000486810999949995,0.0157318546667,0.01484));
#5896=CARTESIAN_POINT('',(-0.0275141266667,0.0147318546667,0.01584));
#5897=CARTESIAN_POINT('',(-0.0275141266667,0.0127318546667,0.01584));
#5898=CARTESIAN_POINT('',(-0.0295141266667,0.0127318546667,0.01584));
#5899=CARTESIAN_POINT('',(-0.0295141266667,-0.0297690203333,0.01584));
#5900=CARTESIAN_POINT('',(-0.0295141266667,-0.0722698953333,0.01584));
#5901=CARTESIAN_POINT('',(-0.0275141266667,-0.0722698953333,0.01584));
#5902=CARTESIAN_POINT('',(-0.0275141266667,-0.0742698953333,0.01584));
#5903=CARTESIAN_POINT('',(-0.02816958900005,-0.0752698953333,0.01484));
#5904=CARTESIAN_POINT('',(0.000486810999949999,-0.0727698953333,0.01324));
#5905=CARTESIAN_POINT('',(-0.02816958900005,-0.0752698953333,0.01484));
#5906=CARTESIAN_POINT('',(0.0259877486666,0.0102318546667,0.0005));
#5907=CARTESIAN_POINT('',(0.0301877486666,0.0102318546667,0.00075));
#5908=CARTESIAN_POINT('',(0.0303877486666,0.0102318546667,0.0005));
#5909=CARTESIAN_POINT('',(0.0299877486666,0.0102318546667,0.001));
#5910=CARTESIAN_POINT('',(0.0259877486666,0.0102318546667,0.0005));
#5911=CARTESIAN_POINT('',(0.0259877486666,0.0102318546667,0.001));
#5912=CARTESIAN_POINT('',(0.0259877486666,0.0102318546667,0.0001));
#5913=CARTESIAN_POINT('',(0.0302277486666,0.0102318546667,0.0003));
#5914=CARTESIAN_POINT('',(0.0259877486666,0.0102318546667,0.0015));
#5915=CARTESIAN_POINT('',(0.0299877486666,0.0102318546667,0.00125));
#5916=CARTESIAN_POINT('',(-0.0250141266667,0.0144318546667,0.00075));
#5917=CARTESIAN_POINT('',(-0.016499995,0.0144318546667,0.00075));
#5918=CARTESIAN_POINT('',(-0.016499995,0.0146318546667,0.0005));
#5919=CARTESIAN_POINT('',(-0.016499995,0.0142318546667,0.001));
#5920=CARTESIAN_POINT('',(-0.0250141266667,0.0146318546667,0.0005));
#5921=CARTESIAN_POINT('',(-0.0250141266667,0.0146318546667,0.0005));
#5922=CARTESIAN_POINT('',(-0.0250141266667,0.0144318546667,0.00075));
#5923=CARTESIAN_POINT('',(-0.0250141266667,0.0142318546667,0.001));
#5924=CARTESIAN_POINT('',(-0.0250141266667,0.0142318546667,0.001));
#5925=CARTESIAN_POINT('',(-0.0250141266667,0.0144718546667,0.0003));
#5926=CARTESIAN_POINT('',(-0.016499995,0.0144718546667,0.0003));
#5927=CARTESIAN_POINT('',(-0.0250141266667,0.0144718546667,0.0003));
#5928=CARTESIAN_POINT('',(-0.0250141266667,0.0142318546667,0.00125));
#5929=CARTESIAN_POINT('',(-0.016499995,0.0142318546667,0.00125));
#5930=CARTESIAN_POINT('',(-0.0250141266667,0.0142318546667,0.00125));
#5931=CARTESIAN_POINT('',(-0.0250141266667,0.0102318546667,0.0005));
#5932=CARTESIAN_POINT('',(-0.0250141266667,0.0102318546667,0.0005));
#5933=CARTESIAN_POINT('',(-0.0250141266667,0.0102318546667,0.001));
#5934=CARTESIAN_POINT('',(-0.0250141266667,0.0102318546667,0.0001));
#5935=CARTESIAN_POINT('',(-0.0250141266667,0.0102318546667,0.0015));
#5936=CARTESIAN_POINT('',(-0.0292141266667,-0.0697698953333,0.00075));
#5937=CARTESIAN_POINT('',(-0.0292141266667,-0.0271681453333,0.00075));
#5938=CARTESIAN_POINT('',(-0.0294141266667,-0.0271681453333,0.0005));
#5939=CARTESIAN_POINT('',(-0.0290141266667,-0.0271681453333,0.001));
#5940=CARTESIAN_POINT('',(-0.0294141266667,-0.0697698953333,0.0005));
#5941=CARTESIAN_POINT('',(-0.0294141266667,-0.037886572892901,0.0005));
#5942=CARTESIAN_POINT('',(-0.0292141266667,-0.037886572892901,0.00075));
#5943=CARTESIAN_POINT('',(-0.0290141266667,-0.037886572892901,0.001));
#5944=CARTESIAN_POINT('',(-0.0290141266667,-0.0697698953333,0.001));
#5945=CARTESIAN_POINT('',(-0.0292541266667,-0.0697698953333,0.0003));
#5946=CARTESIAN_POINT('',(-0.0292541266667,-0.0271681453333,0.0003));
#5947=CARTESIAN_POINT('',(-0.0290941266667,-0.0271681453333,9.99999999999921E-5));
#5948=CARTESIAN_POINT('',(-0.0290941266667,-0.0697698953333,0.0001));
#5949=CARTESIAN_POINT('',(-0.0290941266667,-0.037886572892901,0.0001));
#5950=CARTESIAN_POINT('',(-0.0292541266667,-0.037886572892901,0.0003));
#5951=CARTESIAN_POINT('',(-0.0290141266667,-0.0697698953333,0.00125));
#5952=CARTESIAN_POINT('',(-0.0290141266667,-0.0271681453333,0.00125));
#5953=CARTESIAN_POINT('',(-0.0290141266667,-0.037886572892901,0.00125));
#5954=CARTESIAN_POINT('',(-0.0250141266667,-0.0697698953333,0.0005));
#5955=CARTESIAN_POINT('',(-0.0250141266667,-0.0697698953333,0.001));
#5956=CARTESIAN_POINT('',(-0.0250141266667,-0.0697698953333,0.0005));
#5957=CARTESIAN_POINT('',(-0.0250141266667,-0.0697698953333,0.0001));
#5958=CARTESIAN_POINT('',(-0.0250141266667,-0.0697698953333,0.0015));
#5959=CARTESIAN_POINT('',(0.0259877486666,-0.0739698953333,0.00075));
#5960=CARTESIAN_POINT('',(0.0259877486666,-0.0741698953333,0.0005));
#5961=CARTESIAN_POINT('',(0.0098849986666,-0.0741698953333,0.0005));
#5962=CARTESIAN_POINT('',(0.0098849986666,-0.0739698953333,0.00075));
#5963=CARTESIAN_POINT('',(0.0098849986666,-0.0737698953333,0.001));
#5964=CARTESIAN_POINT('',(0.0259877486666,-0.0737698953333,0.001));
#5965=CARTESIAN_POINT('',(0.0259877486666,-0.0740098953333,0.0003));
#5966=CARTESIAN_POINT('',(0.0098849986666,-0.0740098953333,0.0003));
#5967=CARTESIAN_POINT('',(0.0259877486666,-0.0737698953333,0.00125));
#5968=CARTESIAN_POINT('',(0.0098849986666,-0.0737698953333,0.00125));
#5969=CARTESIAN_POINT('',(0.0259877486666,-0.0697698953333,0.0005));
#5970=CARTESIAN_POINT('',(0.0266149986666,-0.0741249564623199,0.000499999999999996));
#5971=CARTESIAN_POINT('',(0.0266149986666,-0.0739901918518731,0.000666735260376187));
#5972=CARTESIAN_POINT('',(0.0266149986666,-0.0738553512447109,0.000833408885925311));
#5973=CARTESIAN_POINT('',(0.0266149986666,-0.0737204088995974,0.00100000000000002));
#5974=CARTESIAN_POINT('',(0.0266149986666,-0.0741249564623199,0.0005));
#5975=CARTESIAN_POINT('',(0.0266149986666,-0.0737204088995974,0.001));
#5976=CARTESIAN_POINT('',(0.0259877486666,-0.0697698953333,0.0005));
#5977=CARTESIAN_POINT('',(0.0303877486666,-0.0697698953333,0.0005));
#5978=CARTESIAN_POINT('',(0.0301877486666,-0.0697698953333,0.00075));
#5979=CARTESIAN_POINT('',(0.0299877486666,-0.0697698953333,0.001));
#5980=CARTESIAN_POINT('',(0.0259877486666,-0.0697698953333,0.001));
#5981=CARTESIAN_POINT('',(0.0259877486666,-0.0697698953333,0.0001));
#5982=CARTESIAN_POINT('',(0.0266149986666,-0.073801391015736,0.000100000000000005));
#5983=CARTESIAN_POINT('',(0.0266149986666,-0.073909303158527,0.000233286561808958));
#5984=CARTESIAN_POINT('',(0.0266149986666,-0.0740171541086071,0.000366623340832004));
#5985=CARTESIAN_POINT('',(0.0266149986666,-0.0741249564623199,0.000500000000000009));
#5986=CARTESIAN_POINT('',(0.0302277486666,-0.0697698953333,0.0003));
#5987=CARTESIAN_POINT('',(0.0259877486666,-0.0697698953333,0.0015));
#5988=CARTESIAN_POINT('',(0.0266149986666,-0.0737204088995974,0.0015));
#5989=CARTESIAN_POINT('',(0.0299877486666,-0.0697698953333,0.00125));
#5990=CARTESIAN_POINT('',(0.0301877486666,0.0102318546667,0.00075));
#5991=CARTESIAN_POINT('',(0.0303877486666,0.0102318546667,0.0005));
#5992=CARTESIAN_POINT('',(0.0299877486666,0.0102318546667,0.001));
#5993=CARTESIAN_POINT('',(0.0302277486666,0.0102318546667,0.0003));
#5994=CARTESIAN_POINT('',(0.0295277486666,0.0102318546667,0.0001));
#5995=CARTESIAN_POINT('',(0.0295277486666,-0.0271681453333,0.0001));
#5996=CARTESIAN_POINT('',(0.0295277486666,-0.037886572892901,0.0001));
#5997=CARTESIAN_POINT('',(0.0299877486666,0.0102318546667,0.00125));
#5998=CARTESIAN_POINT('',(-0.0255141266667,-0.0412864599999938,0.003));
#5999=CARTESIAN_POINT('',(-0.0255141266667,-0.04468646,0.003));
#6000=CARTESIAN_POINT('',(-0.0295141266667,-0.04468646,0.003));
#6001=CARTESIAN_POINT('',(-0.0295141266667,-0.0412864599999938,0.003));
#6002=CARTESIAN_POINT('',(-0.0295141266667,-0.037886572892901,0.00302770665953125));
#6003=CARTESIAN_POINT('',(-0.0255141266667,-0.037886572892901,0.00302770665953125));
#6004=CARTESIAN_POINT('',(-0.0255141266667,-0.04468646,0.0005));
#6005=CARTESIAN_POINT('',(-0.0295141266667,-0.04468646,0.003));
#6006=CARTESIAN_POINT('',(-0.0255141266667,-0.037886572892901,0.000513853329765626));
#6007=CARTESIAN_POINT('',(-0.0295141266667,-0.037886572892901,0.0015));
#6008=CARTESIAN_POINT('',(-0.0255141266667,-0.0257681453333,0.00535));
#6009=CARTESIAN_POINT('',(-0.0255141266667,-0.0271681453333,0.00535));
#6010=CARTESIAN_POINT('',(-0.0255141266667,-0.0257681453333,0.00675));
#6011=CARTESIAN_POINT('',(-0.0255141266667,-0.0225181453333,0.00675));
#6012=CARTESIAN_POINT('',(-0.0255141266667,-0.0127681453333,0.00675));
#6013=CARTESIAN_POINT('',(-0.0255141266667,-0.0127681453333,0.00535));
#6014=CARTESIAN_POINT('',(-0.0255141266667,-0.0113681453333,0.00535));
#6015=CARTESIAN_POINT('',(-0.0255141266667,-0.0113681453333,0.00425822182691));
#6016=CARTESIAN_POINT('',(-0.0255141266667,-0.0271681453333,0.00066644365382));
#6017=CARTESIAN_POINT('',(-0.0255141266667,-0.0016599553323,0.002019999999));
#6018=CARTESIAN_POINT('',(-0.0255141266667,-0.0033399553323,0.002019999999));
#6019=CARTESIAN_POINT('',(-0.0290141266667,-0.0033399553323,0.002019999999));
#6020=CARTESIAN_POINT('',(-0.0290141266667,-0.0016599553323,0.002019999999));
#6021=CARTESIAN_POINT('',(-0.0290141266667,-0.00165995533243003,0.00369999999950318));
#6022=CARTESIAN_POINT('',(-0.0255141266667,-0.00165995533243003,0.00369999999950318));
#6023=CARTESIAN_POINT('',(-0.0255141266667,0.00153004466656997,0.00369999999975009));
#6024=CARTESIAN_POINT('',(-0.0290141266667,0.00153004466656997,0.00369999999975009));
#6025=CARTESIAN_POINT('',(-0.0290141266667,0.00472004466556996,0.0037));
#6026=CARTESIAN_POINT('',(-0.0255141266667,0.00472004466556997,0.0037));
#6027=CARTESIAN_POINT('',(-0.0255141266667,0.0047200446657,0.002019999999));
#6028=CARTESIAN_POINT('',(-0.0290141266667,0.0047200446657,0.002019999999));
#6029=CARTESIAN_POINT('',(-0.0290141266667,0.0064000446667,0.002019999999));
#6030=CARTESIAN_POINT('',(-0.0255141266667,0.0064000446667,0.002019999999));
#6031=CARTESIAN_POINT('',(-0.0255141266667,-0.0033399553328,0.00172));
#6032=CARTESIAN_POINT('',(-0.0290141266667,-0.0033399553328,0.00172));
#6033=CARTESIAN_POINT('',(-0.0255141266667,0.0064000446667,0.00172));
#6034=CARTESIAN_POINT('',(-0.0290141266667,0.0064000446667,0.00172));
#6035=CARTESIAN_POINT('',(0.0182499986666,-0.0652698953333,0.0139));
#6036=CARTESIAN_POINT('',(0.0266149986666,-0.0652698953333,0.0139));
#6037=CARTESIAN_POINT('',(0.0098849986666,-0.0652698953333,0.0139));
#6038=CARTESIAN_POINT('',(0.0098849986666,-0.0652698953333,0.00506));
#6039=CARTESIAN_POINT('',(0.0266149986666,-0.0652698953333,0.00685));
#6040=CARTESIAN_POINT('',(0.007,-0.0712698953333,0.0016));
#6041=CARTESIAN_POINT('',(0.009,-0.0712698953333,0.0016));
#6042=CARTESIAN_POINT('',(0.009,-0.0697698953333,0.0031));
#6043=CARTESIAN_POINT('',(0.007,-0.0712698953333,0.0016));
#6044=CARTESIAN_POINT('',(0.007,-0.0697698953333,0.0031));
#6045=CARTESIAN_POINT('',(0.007,-0.0697698953333,0.0031));
#6046=CARTESIAN_POINT('',(0.007,-0.0697698953333,0.00667));
#6047=CARTESIAN_POINT('',(0.009,-0.0697698953333,0.00667));
#6048=CARTESIAN_POINT('',(0.009,-0.0697698953333,0.01024));
#6049=CARTESIAN_POINT('',(0.007,-0.0697698953333,0.00667));
#6050=CARTESIAN_POINT('',(0.007,-0.0697698953333,0.01024));
#6051=CARTESIAN_POINT('',(0.007,-0.0697698953333,0.01024));
#6052=CARTESIAN_POINT('',(0.007,-0.0692698953333,0.01074));
#6053=CARTESIAN_POINT('',(0.009,-0.0692698953333,0.01074));
#6054=CARTESIAN_POINT('',(0.009,-0.0687698953333,0.01124));
#6055=CARTESIAN_POINT('',(0.007,-0.0692698953333,0.01074));
#6056=CARTESIAN_POINT('',(0.007,-0.0687698953333,0.01124));
#6057=CARTESIAN_POINT('',(0.007,-0.0687698953333,0.01124));
#6058=CARTESIAN_POINT('',(0.007,-0.0630898953333,0.01124));
#6059=CARTESIAN_POINT('',(0.009,-0.0630898953333,0.01124));
#6060=CARTESIAN_POINT('',(0.009,-0.0574098953333,0.01124));
#6061=CARTESIAN_POINT('',(0.007,-0.0630898953333,0.01124));
#6062=CARTESIAN_POINT('',(0.007,-0.0574098953333,0.01124));
#6063=CARTESIAN_POINT('',(0.007,-0.0574098953333,0.01124));
#6064=CARTESIAN_POINT('',(0.007,-0.0559098953333,0.01274));
#6065=CARTESIAN_POINT('',(0.009,-0.0559098953333,0.01274));
#6066=CARTESIAN_POINT('',(0.007,-0.0559098953333,0.01274));
#6067=CARTESIAN_POINT('',(0.007,-0.0635898953333,0.00717));
#6068=CARTESIAN_POINT('',(0.009,-0.0635898953333,0.00717));
#6069=CARTESIAN_POINT('',(-0.014499995,0.0107318546667,0.0002));
#6070=CARTESIAN_POINT('',(-0.014499995,0.0107318546667,0.0017));
#6071=CARTESIAN_POINT('',(-0.016499995,0.0107318546667,0.0002));
#6072=CARTESIAN_POINT('',(-0.016499995,0.0107318546667,0.0017));
#6073=CARTESIAN_POINT('',(-0.015499995,0.0107318546667,0.0017));
#6074=CARTESIAN_POINT('',(0.000486810999950006,-0.0482681453333,-0.0968908459141516));
#6075=CARTESIAN_POINT('',(-0.01951318900005,-0.0482681453333,-0.0968908459141516));
#6076=CARTESIAN_POINT('',(0.02048681099995,-0.0482681453333,-0.0968908459141516));
#6077=CARTESIAN_POINT('',(0.02048681099995,-0.0467681453333,-0.0968908459141516));
#6078=CARTESIAN_POINT('',(0.02048681099995,-0.0452681453333,-0.0968908459141516));
#6079=CARTESIAN_POINT('',(0.000486810999950006,-0.0452681453333,-0.0968908459141516));
#6080=CARTESIAN_POINT('',(-0.01951318900005,-0.0452681453333,-0.0968908459141516));
#6081=CARTESIAN_POINT('',(-0.01951318900005,-0.0467681453333,-0.0968908459141516));
#6082=CARTESIAN_POINT('',(0.000486810999950006,-0.0422681453333,-0.0968908459141516));
#6083=CARTESIAN_POINT('',(-0.01951318900005,-0.0422681453333,-0.0968908459141516));
#6084=CARTESIAN_POINT('',(0.02048681099995,-0.0422681453333,-0.0968908459141516));
#6085=CARTESIAN_POINT('',(0.02048681099995,-0.0407681453333,-0.0968908459141516));
#6086=CARTESIAN_POINT('',(0.02048681099995,-0.0392681453333,-0.0968908459141516));
#6087=CARTESIAN_POINT('',(0.000486810999950006,-0.0392681453333,-0.0968908459141516));
#6088=CARTESIAN_POINT('',(-0.01951318900005,-0.0392681453333,-0.0968908459141516));
#6089=CARTESIAN_POINT('',(-0.01951318900005,-0.0407681453333,-0.0968908459141516));
#6090=CARTESIAN_POINT('',(0.000486810999949999,-0.0362681453333,-0.0968908459141516));
#6091=CARTESIAN_POINT('',(-0.01951318900005,-0.0362681453333,-0.0968908459141516));
#6092=CARTESIAN_POINT('',(0.02048681099995,-0.0362681453333,-0.0968908459141516));
#6093=CARTESIAN_POINT('',(0.02048681099995,-0.0347681453333,-0.0968908459141516));
#6094=CARTESIAN_POINT('',(0.02048681099995,-0.0332681453333,-0.0968908459141516));
#6095=CARTESIAN_POINT('',(0.000486810999950002,-0.0332681453333,-0.0968908459141516));
#6096=CARTESIAN_POINT('',(-0.01951318900005,-0.0332681453333,-0.0968908459141516));
#6097=CARTESIAN_POINT('',(-0.01951318900005,-0.0347681453333,-0.0968908459141516));
#6098=CARTESIAN_POINT('',(0.000486810999949999,-0.0302681453333,-0.0968908459141516));
#6099=CARTESIAN_POINT('',(-0.01951318900005,-0.0302681453333,-0.0968908459141516));
#6100=CARTESIAN_POINT('',(0.02048681099995,-0.0302681453333,-0.0968908459141516));
#6101=CARTESIAN_POINT('',(0.02048681099995,-0.0287681453333,-0.0968908459141516));
#6102=CARTESIAN_POINT('',(0.02048681099995,-0.0272681453333,-0.0968908459141516));
#6103=CARTESIAN_POINT('',(0.000486810999950002,-0.0272681453333,-0.0968908459141516));
#6104=CARTESIAN_POINT('',(-0.01951318900005,-0.0272681453333,-0.0968908459141516));
#6105=CARTESIAN_POINT('',(-0.01951318900005,-0.0287681453333,-0.0968908459141516));
#6106=CARTESIAN_POINT('',(0.000486810999949999,-0.0242681453333,-0.0968908459141516));
#6107=CARTESIAN_POINT('',(-0.01951318900005,-0.0242681453333,-0.0968908459141516));
#6108=CARTESIAN_POINT('',(0.02048681099995,-0.0242681453333,-0.0968908459141516));
#6109=CARTESIAN_POINT('',(0.02048681099995,-0.0227681453333,-0.0968908459141516));
#6110=CARTESIAN_POINT('',(0.02048681099995,-0.0212681453333,-0.0968908459141516));
#6111=CARTESIAN_POINT('',(0.000486810999950002,-0.0212681453333,-0.0968908459141516));
#6112=CARTESIAN_POINT('',(-0.01951318900005,-0.0212681453333,-0.0968908459141516));
#6113=CARTESIAN_POINT('',(-0.01951318900005,-0.0227681453333,-0.0968908459141516));
#6114=CARTESIAN_POINT('',(0.000486810999949999,-0.0182681453333,-0.0968908459141516));
#6115=CARTESIAN_POINT('',(-0.01951318900005,-0.0182681453333,-0.0968908459141516));
#6116=CARTESIAN_POINT('',(0.02048681099995,-0.0182681453333,-0.0968908459141516));
#6117=CARTESIAN_POINT('',(0.02048681099995,-0.0167681453333,-0.0968908459141516));
#6118=CARTESIAN_POINT('',(0.02048681099995,-0.0152681453333,-0.0968908459141516));
#6119=CARTESIAN_POINT('',(0.000486810999950002,-0.0152681453333,-0.0968908459141516));
#6120=CARTESIAN_POINT('',(-0.01951318900005,-0.0152681453333,-0.0968908459141516));
#6121=CARTESIAN_POINT('',(-0.01951318900005,-0.0167681453333,-0.0968908459141516));
#6122=CARTESIAN_POINT('',(0.000486810999949999,-0.0122681453333,-0.0968908459141516));
#6123=CARTESIAN_POINT('',(-0.01951318900005,-0.0122681453333,-0.0968908459141516));
#6124=CARTESIAN_POINT('',(0.02048681099995,-0.0122681453333,-0.0968908459141516));
#6125=CARTESIAN_POINT('',(0.02048681099995,-0.0107681453333,-0.0968908459141516));
#6126=CARTESIAN_POINT('',(0.02048681099995,-0.00926814533330001,-0.0968908459141516));
#6127=CARTESIAN_POINT('',(0.000486810999950002,-0.00926814533330001,-0.0968908459141516));
#6128=CARTESIAN_POINT('',(-0.01951318900005,-0.00926814533330001,-0.0968908459141516));
#6129=CARTESIAN_POINT('',(-0.01951318900005,-0.0107681453333,-0.0968908459141516));
#6130=CARTESIAN_POINT('',(0.000486810999949999,-0.0062681453333,-0.0968908459141516));
#6131=CARTESIAN_POINT('',(-0.01951318900005,-0.0062681453333,-0.0968908459141516));
#6132=CARTESIAN_POINT('',(0.02048681099995,-0.0062681453333,-0.0968908459141516));
#6133=CARTESIAN_POINT('',(0.02048681099995,-0.0047681453333,-0.0968908459141516));
#6134=CARTESIAN_POINT('',(0.02048681099995,-0.0032681453333,-0.0968908459141516));
#6135=CARTESIAN_POINT('',(0.000486810999949999,-0.0032681453333,-0.0968908459141516));
#6136=CARTESIAN_POINT('',(-0.01951318900005,-0.0032681453333,-0.0968908459141516));
#6137=CARTESIAN_POINT('',(-0.01951318900005,-0.0047681453333,-0.0968908459141516));
#6138=CARTESIAN_POINT('',(0.000486810999949999,-0.000268145333300001,-0.0968908459141516));
#6139=CARTESIAN_POINT('',(-0.01951318900005,-0.000268145333300003,-0.0968908459141516));
#6140=CARTESIAN_POINT('',(0.02048681099995,-0.000268145333300003,-0.0968908459141516));
#6141=CARTESIAN_POINT('',(0.02048681099995,0.0012318546667,-0.0968908459141516));
#6142=CARTESIAN_POINT('',(0.02048681099995,0.0027318546667,-0.0968908459141516));
#6143=CARTESIAN_POINT('',(0.000486810999949999,0.0027318546667,-0.0968908459141516));
#6144=CARTESIAN_POINT('',(-0.01951318900005,0.0027318546667,-0.0968908459141516));
#6145=CARTESIAN_POINT('',(-0.01951318900005,0.0012318546667,-0.0968908459141516));
#6146=CARTESIAN_POINT('',(0.000486810999949999,0.0087318546667,-0.0968908459141516));
#6147=CARTESIAN_POINT('',(0.02048681099995,0.0087318546667,-0.0968908459141516));
#6148=CARTESIAN_POINT('',(-0.01951318900005,0.0087318546667,-0.0968908459141516));
#6149=CARTESIAN_POINT('',(-0.01951318900005,0.0072318546667,-0.0968908459141516));
#6150=CARTESIAN_POINT('',(-0.01951318900005,0.0057318546667,-0.0968908459141516));
#6151=CARTESIAN_POINT('',(0.000486810999949999,0.0057318546667,-0.0968908459141516));
#6152=CARTESIAN_POINT('',(0.02048681099995,0.0057318546667,-0.0968908459141516));
#6153=CARTESIAN_POINT('',(0.02048681099995,0.0072318546667,-0.0968908459141516));
#6154=CARTESIAN_POINT('',(-0.0295141266667,-0.037886572892901,0.000513853329765626));
#6155=CARTESIAN_POINT('',(-0.0295141266667,-0.037886572892901,0.00302770665953125));
#6156=CARTESIAN_POINT('',(-0.0298474598333889,-0.0375532397262122,0.00302906485098563));
#6157=CARTESIAN_POINT('',(-0.0301807931868771,-0.037219906372724,0.00303032504417281));
#6158=CARTESIAN_POINT('',(-0.0305141266667,-0.0368865728929011,0.0030315189600144));
#6159=CARTESIAN_POINT('',(-0.0305141266667,-0.0412864599999938,0.003));
#6160=CARTESIAN_POINT('',(-0.0305141266667,-0.0456864599999938,0.003));
#6161=CARTESIAN_POINT('',(-0.0295141266667,-0.04468646,0.0005));
#6162=CARTESIAN_POINT('',(-0.0305141266667,0.0079000446667,0.01424));
#6163=CARTESIAN_POINT('',(-0.0305141266667,0.0079000446667,0.002019999999));
#6164=CARTESIAN_POINT('',(-0.0290141266667,0.0047200446657,0.002019999999));
#6165=CARTESIAN_POINT('',(-0.0305141266667,0.00472004466545386,0.0052));
#6166=CARTESIAN_POINT('',(-0.0305141266667,-0.0297690203326003,0.00519999999732747));
#6167=CARTESIAN_POINT('',(-0.0305141266667,-0.00165995533254614,0.00519999999950317));
#6168=CARTESIAN_POINT('',(-0.0290141266667,-0.0016599553323,0.002019999999));
#6169=CARTESIAN_POINT('',(-0.0305141266667,-0.0048399553323,0.002019999999));
#6170=CARTESIAN_POINT('',(-0.0305141266667,-0.0048399553328,0.01424));
#6171=MECHANICAL_DESIGN_GEOMETRIC_PRESENTATION_REPRESENTATION('',(#3728),
#6172);
#6172=(
GEOMETRIC_REPRESENTATION_CONTEXT(3)
GLOBAL_UNCERTAINTY_ASSIGNED_CONTEXT((#6173))
GLOBAL_UNIT_ASSIGNED_CONTEXT((#6176,#6175,#6174))
REPRESENTATION_CONTEXT('Top','TOP_LEVEL_ASSEMBLY_PART')
);
#6173=UNCERTAINTY_MEASURE_WITH_UNIT(LENGTH_MEASURE(5.E-6),#6176,
'DISTANCE_ACCURACY_VALUE','Maximum Tolerance applied to model');
#6174=(
NAMED_UNIT(*)
SI_UNIT($,.STERADIAN.)
SOLID_ANGLE_UNIT()
);
#6175=(
NAMED_UNIT(*)
PLANE_ANGLE_UNIT()
SI_UNIT($,.RADIAN.)
);
#6176=(
LENGTH_UNIT()
NAMED_UNIT(*)
SI_UNIT($,.METRE.)
);
#6177=PRODUCT_DEFINITION_SHAPE('','',#6178);
#6178=PRODUCT_DEFINITION('','',#6180,#6179);
#6179=PRODUCT_DEFINITION_CONTEXT('',#6186,'design');
#6180=PRODUCT_DEFINITION_FORMATION_WITH_SPECIFIED_SOURCE('','',#6182,
 .NOT_KNOWN.);
#6181=PRODUCT_RELATED_PRODUCT_CATEGORY('','',(#6182));
#6182=PRODUCT('Top','Top','Top',(#6184));
#6183=PRODUCT_CATEGORY('','');
#6184=PRODUCT_CONTEXT('',#6186,'mechanical');
#6185=APPLICATION_PROTOCOL_DEFINITION('international standard',
'ap242_managed_model_based_3d_engineering',2011,#6186);
#6186=APPLICATION_CONTEXT('managed model based 3d engineering');
ENDSEC;
END-ISO-10303-21;
