solid OpenSCAD_Model
  facet normal 1 0 0
    outer loop
      vertex 71 3 11
      vertex 71 0 11
      vertex 71 3 3
    endloop
  endfacet
  facet normal 1 0 0
    outer loop
      vertex 71 33 3
      vertex 71 36 11
      vertex 71 33 11
    endloop
  endfacet
  facet normal 1 0 0
    outer loop
      vertex 71 36 11
      vertex 71 33 3
      vertex 71 36 0
    endloop
  endfacet
  facet normal 1 -0 0
    outer loop
      vertex 71 3 3
      vertex 71 36 0
      vertex 71 33 3
    endloop
  endfacet
  facet normal 1 0 0
    outer loop
      vertex 71 3 3
      vertex 71 0 0
      vertex 71 36 0
    endloop
  endfacet
  facet normal 1 0 0
    outer loop
      vertex 71 0 0
      vertex 71 3 3
      vertex 71 0 11
    endloop
  endfacet
  facet normal -0 0 1
    outer loop
      vertex 68 33 3
      vertex 71 3 3
      vertex 71 33 3
    endloop
  endfacet
  facet normal 0 0 1
    outer loop
      vertex 71 3 3
      vertex 68 33 3
      vertex 68 3 3
    endloop
  endfacet
  facet normal 0 0 1
    outer loop
      vertex 63.2926 29.1765 3
      vertex 7.70741 29.1765 3
      vertex 63.3451 29.0216 3
    endloop
  endfacet
  facet normal 0 0 1
    outer loop
      vertex 63.3451 29.0216 3
      vertex 7.73931 6.66316 3
      vertex 7.75 6.5 3
    endloop
  endfacet
  facet normal 0 0 1
    outer loop
      vertex 7.65485 29.0216 3
      vertex 63.3451 29.0216 3
      vertex 7.70741 29.1765 3
    endloop
  endfacet
  facet normal 0 0 1
    outer loop
      vertex 63.3451 29.0216 3
      vertex 7.70741 6.82352 3
      vertex 7.73931 6.66316 3
    endloop
  endfacet
  facet normal 0 0 1
    outer loop
      vertex 7.65485 6.97835 3
      vertex 63.3451 29.0216 3
      vertex 7.65485 29.0216 3
    endloop
  endfacet
  facet normal 0 0 1
    outer loop
      vertex 63.3451 29.0216 3
      vertex 7.65485 6.97835 3
      vertex 7.70741 6.82352 3
    endloop
  endfacet
  facet normal -0 0 1
    outer loop
      vertex 7.58253 28.875 3
      vertex 7.65485 6.97835 3
      vertex 7.65485 29.0216 3
    endloop
  endfacet
  facet normal 0 0 1
    outer loop
      vertex 7.58253 28.875 3
      vertex 7.58253 7.125 3
      vertex 7.65485 6.97835 3
    endloop
  endfacet
  facet normal -0 0 1
    outer loop
      vertex 7.49169 28.739 3
      vertex 7.58253 7.125 3
      vertex 7.58253 28.875 3
    endloop
  endfacet
  facet normal 0 0 1
    outer loop
      vertex 7.49169 28.739 3
      vertex 7.49169 7.26095 3
      vertex 7.58253 7.125 3
    endloop
  endfacet
  facet normal -0 0 1
    outer loop
      vertex 7.38388 28.6161 3
      vertex 7.49169 7.26095 3
      vertex 7.49169 28.739 3
    endloop
  endfacet
  facet normal 0 0 1
    outer loop
      vertex 7.38388 28.6161 3
      vertex 7.38388 7.38388 3
      vertex 7.49169 7.26095 3
    endloop
  endfacet
  facet normal -0 0 1
    outer loop
      vertex 7.26095 28.5083 3
      vertex 7.38388 7.38388 3
      vertex 7.38388 28.6161 3
    endloop
  endfacet
  facet normal 0 0 1
    outer loop
      vertex 7.26095 28.5083 3
      vertex 7.26095 7.49169 3
      vertex 7.38388 7.38388 3
    endloop
  endfacet
  facet normal -0 0 1
    outer loop
      vertex 7.125 28.4175 3
      vertex 7.26095 7.49169 3
      vertex 7.26095 28.5083 3
    endloop
  endfacet
  facet normal 0 0 1
    outer loop
      vertex 7.125 28.4175 3
      vertex 7.125 7.58253 3
      vertex 7.26095 7.49169 3
    endloop
  endfacet
  facet normal -0 0 1
    outer loop
      vertex 6.97835 28.3451 3
      vertex 7.125 7.58253 3
      vertex 7.125 28.4175 3
    endloop
  endfacet
  facet normal 0 0 1
    outer loop
      vertex 6.97835 28.3451 3
      vertex 6.97835 7.65485 3
      vertex 7.125 7.58253 3
    endloop
  endfacet
  facet normal -0 0 1
    outer loop
      vertex 6.82352 28.2926 3
      vertex 6.97835 7.65485 3
      vertex 6.97835 28.3451 3
    endloop
  endfacet
  facet normal 0 0 1
    outer loop
      vertex 6.82352 28.2926 3
      vertex 6.82352 7.70741 3
      vertex 6.97835 7.65485 3
    endloop
  endfacet
  facet normal -0 0 1
    outer loop
      vertex 6.66316 28.2607 3
      vertex 6.82352 7.70741 3
      vertex 6.82352 28.2926 3
    endloop
  endfacet
  facet normal 0 0 1
    outer loop
      vertex 6.66316 28.2607 3
      vertex 6.66316 7.73931 3
      vertex 6.82352 7.70741 3
    endloop
  endfacet
  facet normal -0 0 1
    outer loop
      vertex 6.5 28.25 3
      vertex 6.66316 7.73931 3
      vertex 6.66316 28.2607 3
    endloop
  endfacet
  facet normal 0 0 1
    outer loop
      vertex 6.5 28.25 3
      vertex 6.5 7.75 3
      vertex 6.66316 7.73931 3
    endloop
  endfacet
  facet normal 0 0 1
    outer loop
      vertex 6.33684 28.2607 3
      vertex 6.5 7.75 3
      vertex 6.5 28.25 3
    endloop
  endfacet
  facet normal 0 0 1
    outer loop
      vertex 6.33684 28.2607 3
      vertex 6.33684 7.73931 3
      vertex 6.5 7.75 3
    endloop
  endfacet
  facet normal 0 0 1
    outer loop
      vertex 6.17648 28.2926 3
      vertex 6.33684 7.73931 3
      vertex 6.33684 28.2607 3
    endloop
  endfacet
  facet normal 0 0 1
    outer loop
      vertex 6.17648 28.2926 3
      vertex 6.17648 7.70741 3
      vertex 6.33684 7.73931 3
    endloop
  endfacet
  facet normal 0 0 1
    outer loop
      vertex 6.02165 28.3451 3
      vertex 6.17648 7.70741 3
      vertex 6.17648 28.2926 3
    endloop
  endfacet
  facet normal 0 0 1
    outer loop
      vertex 6.02165 28.3451 3
      vertex 6.02165 7.65485 3
      vertex 6.17648 7.70741 3
    endloop
  endfacet
  facet normal 0 0 1
    outer loop
      vertex 5.875 28.4175 3
      vertex 6.02165 7.65485 3
      vertex 6.02165 28.3451 3
    endloop
  endfacet
  facet normal 0 0 1
    outer loop
      vertex 5.875 28.4175 3
      vertex 5.875 7.58253 3
      vertex 6.02165 7.65485 3
    endloop
  endfacet
  facet normal 0 0 1
    outer loop
      vertex 5.73905 28.5083 3
      vertex 5.875 7.58253 3
      vertex 5.875 28.4175 3
    endloop
  endfacet
  facet normal 0 0 1
    outer loop
      vertex 5.73905 28.5083 3
      vertex 5.73905 7.49169 3
      vertex 5.875 7.58253 3
    endloop
  endfacet
  facet normal 0 0 1
    outer loop
      vertex 5.61612 28.6161 3
      vertex 5.73905 7.49169 3
      vertex 5.73905 28.5083 3
    endloop
  endfacet
  facet normal 0 0 1
    outer loop
      vertex 5.61612 28.6161 3
      vertex 5.61612 7.38388 3
      vertex 5.73905 7.49169 3
    endloop
  endfacet
  facet normal 0 0 1
    outer loop
      vertex 5.50831 28.739 3
      vertex 5.61612 7.38388 3
      vertex 5.61612 28.6161 3
    endloop
  endfacet
  facet normal 0 0 1
    outer loop
      vertex 5.50831 28.739 3
      vertex 5.50831 7.26095 3
      vertex 5.61612 7.38388 3
    endloop
  endfacet
  facet normal 0 0 1
    outer loop
      vertex 5.41747 28.875 3
      vertex 5.50831 7.26095 3
      vertex 5.50831 28.739 3
    endloop
  endfacet
  facet normal 0 0 1
    outer loop
      vertex 5.41747 28.875 3
      vertex 5.41747 7.125 3
      vertex 5.50831 7.26095 3
    endloop
  endfacet
  facet normal 0 0 1
    outer loop
      vertex 5.34515 29.0216 3
      vertex 5.41747 7.125 3
      vertex 5.41747 28.875 3
    endloop
  endfacet
  facet normal 0 0 1
    outer loop
      vertex 5.34515 29.0216 3
      vertex 5.34515 6.97835 3
      vertex 5.41747 7.125 3
    endloop
  endfacet
  facet normal 0 0 1
    outer loop
      vertex 3 33 3
      vertex 5.34515 29.0216 3
      vertex 5.29259 29.1765 3
    endloop
  endfacet
  facet normal 0 0 1
    outer loop
      vertex 5.34515 29.0216 3
      vertex 3 33 3
      vertex 5.34515 6.97835 3
    endloop
  endfacet
  facet normal 0 0 1
    outer loop
      vertex 3 33 3
      vertex 5.29259 29.1765 3
      vertex 5.26069 29.3368 3
    endloop
  endfacet
  facet normal 0 0 1
    outer loop
      vertex 3 3 3
      vertex 5.34515 6.97835 3
      vertex 3 33 3
    endloop
  endfacet
  facet normal 0 0 1
    outer loop
      vertex 3 33 3
      vertex 5.26069 29.3368 3
      vertex 5.25 29.5 3
    endloop
  endfacet
  facet normal 0 0 1
    outer loop
      vertex 5.34515 6.97835 3
      vertex 3 3 3
      vertex 5.29259 6.82352 3
    endloop
  endfacet
  facet normal 0 0 1
    outer loop
      vertex 65.6548 29.0216 3
      vertex 68 33 3
      vertex 65.7074 29.1765 3
    endloop
  endfacet
  facet normal 0 0 1
    outer loop
      vertex 68 3 3
      vertex 65.7393 6.66316 3
      vertex 65.75 6.5 3
    endloop
  endfacet
  facet normal 0 0 1
    outer loop
      vertex 68 33 3
      vertex 65.6548 29.0216 3
      vertex 68 3 3
    endloop
  endfacet
  facet normal 0 0 1
    outer loop
      vertex 68 3 3
      vertex 65.7074 6.82352 3
      vertex 65.7393 6.66316 3
    endloop
  endfacet
  facet normal -0 0 1
    outer loop
      vertex 65.6548 6.97835 3
      vertex 68 3 3
      vertex 65.6548 29.0216 3
    endloop
  endfacet
  facet normal 0 0 1
    outer loop
      vertex 68 3 3
      vertex 65.6548 6.97835 3
      vertex 65.7074 6.82352 3
    endloop
  endfacet
  facet normal -0 0 1
    outer loop
      vertex 65.5825 28.875 3
      vertex 65.6548 6.97835 3
      vertex 65.6548 29.0216 3
    endloop
  endfacet
  facet normal 0 0 1
    outer loop
      vertex 65.5825 28.875 3
      vertex 65.5825 7.125 3
      vertex 65.6548 6.97835 3
    endloop
  endfacet
  facet normal -0 0 1
    outer loop
      vertex 65.4917 28.739 3
      vertex 65.5825 7.125 3
      vertex 65.5825 28.875 3
    endloop
  endfacet
  facet normal 0 0 1
    outer loop
      vertex 65.4917 28.739 3
      vertex 65.4917 7.26095 3
      vertex 65.5825 7.125 3
    endloop
  endfacet
  facet normal -0 0 1
    outer loop
      vertex 65.3839 28.6161 3
      vertex 65.4917 7.26095 3
      vertex 65.4917 28.739 3
    endloop
  endfacet
  facet normal 0 0 1
    outer loop
      vertex 65.3839 28.6161 3
      vertex 65.3839 7.38388 3
      vertex 65.4917 7.26095 3
    endloop
  endfacet
  facet normal -0 0 1
    outer loop
      vertex 65.2609 28.5083 3
      vertex 65.3839 7.38388 3
      vertex 65.3839 28.6161 3
    endloop
  endfacet
  facet normal 0 0 1
    outer loop
      vertex 65.2609 28.5083 3
      vertex 65.2609 7.49169 3
      vertex 65.3839 7.38388 3
    endloop
  endfacet
  facet normal -0 0 1
    outer loop
      vertex 65.125 28.4175 3
      vertex 65.2609 7.49169 3
      vertex 65.2609 28.5083 3
    endloop
  endfacet
  facet normal 0 0 1
    outer loop
      vertex 65.125 28.4175 3
      vertex 65.125 7.58253 3
      vertex 65.2609 7.49169 3
    endloop
  endfacet
  facet normal -0 0 1
    outer loop
      vertex 64.9784 28.3451 3
      vertex 65.125 7.58253 3
      vertex 65.125 28.4175 3
    endloop
  endfacet
  facet normal 0 0 1
    outer loop
      vertex 64.9784 28.3451 3
      vertex 64.9784 7.65485 3
      vertex 65.125 7.58253 3
    endloop
  endfacet
  facet normal -0 0 1
    outer loop
      vertex 64.8235 28.2926 3
      vertex 64.9784 7.65485 3
      vertex 64.9784 28.3451 3
    endloop
  endfacet
  facet normal 0 0 1
    outer loop
      vertex 64.8235 28.2926 3
      vertex 64.8235 7.70741 3
      vertex 64.9784 7.65485 3
    endloop
  endfacet
  facet normal -0 0 1
    outer loop
      vertex 64.6632 28.2607 3
      vertex 64.8235 7.70741 3
      vertex 64.8235 28.2926 3
    endloop
  endfacet
  facet normal 0 0 1
    outer loop
      vertex 64.6632 28.2607 3
      vertex 64.6632 7.73931 3
      vertex 64.8235 7.70741 3
    endloop
  endfacet
  facet normal -0 0 1
    outer loop
      vertex 64.5 28.25 3
      vertex 64.6632 7.73931 3
      vertex 64.6632 28.2607 3
    endloop
  endfacet
  facet normal 0 0 1
    outer loop
      vertex 64.5 28.25 3
      vertex 64.5 7.75 3
      vertex 64.6632 7.73931 3
    endloop
  endfacet
  facet normal 0 0 1
    outer loop
      vertex 64.3368 28.2607 3
      vertex 64.5 7.75 3
      vertex 64.5 28.25 3
    endloop
  endfacet
  facet normal 0 0 1
    outer loop
      vertex 64.3368 28.2607 3
      vertex 64.3368 7.73931 3
      vertex 64.5 7.75 3
    endloop
  endfacet
  facet normal 0 0 1
    outer loop
      vertex 64.1765 28.2926 3
      vertex 64.3368 7.73931 3
      vertex 64.3368 28.2607 3
    endloop
  endfacet
  facet normal 0 0 1
    outer loop
      vertex 64.1765 28.2926 3
      vertex 64.1765 7.70741 3
      vertex 64.3368 7.73931 3
    endloop
  endfacet
  facet normal 0 0 1
    outer loop
      vertex 64.0216 28.3451 3
      vertex 64.1765 7.70741 3
      vertex 64.1765 28.2926 3
    endloop
  endfacet
  facet normal 0 0 1
    outer loop
      vertex 64.0216 28.3451 3
      vertex 64.0216 7.65485 3
      vertex 64.1765 7.70741 3
    endloop
  endfacet
  facet normal 0 0 1
    outer loop
      vertex 63.875 28.4175 3
      vertex 64.0216 7.65485 3
      vertex 64.0216 28.3451 3
    endloop
  endfacet
  facet normal 0 0 1
    outer loop
      vertex 63.875 28.4175 3
      vertex 63.875 7.58253 3
      vertex 64.0216 7.65485 3
    endloop
  endfacet
  facet normal 0 0 1
    outer loop
      vertex 63.739 28.5083 3
      vertex 63.875 7.58253 3
      vertex 63.875 28.4175 3
    endloop
  endfacet
  facet normal 0 0 1
    outer loop
      vertex 63.739 28.5083 3
      vertex 63.739 7.49169 3
      vertex 63.875 7.58253 3
    endloop
  endfacet
  facet normal 0 0 1
    outer loop
      vertex 63.6161 28.6161 3
      vertex 63.739 7.49169 3
      vertex 63.739 28.5083 3
    endloop
  endfacet
  facet normal 0 0 1
    outer loop
      vertex 63.6161 28.6161 3
      vertex 63.6161 7.38388 3
      vertex 63.739 7.49169 3
    endloop
  endfacet
  facet normal 0 0 1
    outer loop
      vertex 63.5083 28.739 3
      vertex 63.6161 7.38388 3
      vertex 63.6161 28.6161 3
    endloop
  endfacet
  facet normal 0 0 1
    outer loop
      vertex 63.5083 28.739 3
      vertex 63.5083 7.26095 3
      vertex 63.6161 7.38388 3
    endloop
  endfacet
  facet normal 0 0 1
    outer loop
      vertex 63.4175 28.875 3
      vertex 63.5083 7.26095 3
      vertex 63.5083 28.739 3
    endloop
  endfacet
  facet normal 0 0 1
    outer loop
      vertex 63.4175 28.875 3
      vertex 63.4175 7.125 3
      vertex 63.5083 7.26095 3
    endloop
  endfacet
  facet normal 0 0 1
    outer loop
      vertex 63.3451 29.0216 3
      vertex 63.4175 7.125 3
      vertex 63.4175 28.875 3
    endloop
  endfacet
  facet normal 0 0 1
    outer loop
      vertex 63.3451 29.0216 3
      vertex 63.3451 6.97835 3
      vertex 63.4175 7.125 3
    endloop
  endfacet
  facet normal 0 0 1
    outer loop
      vertex 63.2607 29.3368 3
      vertex 7.73931 29.3368 3
      vertex 63.2926 29.1765 3
    endloop
  endfacet
  facet normal 0 0 1
    outer loop
      vertex 63.3451 29.0216 3
      vertex 7.75 6.5 3
      vertex 63.3451 6.97835 3
    endloop
  endfacet
  facet normal 0 0 1
    outer loop
      vertex 7.73931 29.3368 3
      vertex 63.2607 29.3368 3
      vertex 7.75 29.5 3
    endloop
  endfacet
  facet normal 0 0 1
    outer loop
      vertex 63.3451 6.97835 3
      vertex 7.75 6.5 3
      vertex 63.2926 6.82352 3
    endloop
  endfacet
  facet normal -0 0 1
    outer loop
      vertex 7.75 29.5 3
      vertex 63.2607 29.3368 3
      vertex 63.25 29.5 3
    endloop
  endfacet
  facet normal 0 0 1
    outer loop
      vertex 63.2926 6.82352 3
      vertex 7.75 6.5 3
      vertex 63.2607 6.66316 3
    endloop
  endfacet
  facet normal 0 0 1
    outer loop
      vertex 65.7393 29.3368 3
      vertex 68 33 3
      vertex 65.75 29.5 3
    endloop
  endfacet
  facet normal 0 0 1
    outer loop
      vertex 68 33 3
      vertex 65.7393 29.6632 3
      vertex 65.75 29.5 3
    endloop
  endfacet
  facet normal 0 0 1
    outer loop
      vertex 68 33 3
      vertex 65.7074 29.8235 3
      vertex 65.7393 29.6632 3
    endloop
  endfacet
  facet normal 0 0 1
    outer loop
      vertex 68 33 3
      vertex 65.6548 29.9784 3
      vertex 65.7074 29.8235 3
    endloop
  endfacet
  facet normal 0 0 1
    outer loop
      vertex 68 33 3
      vertex 65.5825 30.125 3
      vertex 65.6548 29.9784 3
    endloop
  endfacet
  facet normal 0 0 1
    outer loop
      vertex 68 33 3
      vertex 65.4917 30.261 3
      vertex 65.5825 30.125 3
    endloop
  endfacet
  facet normal 0 0 1
    outer loop
      vertex 68 33 3
      vertex 65.3839 30.3839 3
      vertex 65.4917 30.261 3
    endloop
  endfacet
  facet normal 0 0 1
    outer loop
      vertex 68 33 3
      vertex 65.2609 30.4917 3
      vertex 65.3839 30.3839 3
    endloop
  endfacet
  facet normal 0 0 1
    outer loop
      vertex 68 33 3
      vertex 65.125 30.5825 3
      vertex 65.2609 30.4917 3
    endloop
  endfacet
  facet normal 0 0 1
    outer loop
      vertex 68 33 3
      vertex 64.9784 30.6549 3
      vertex 65.125 30.5825 3
    endloop
  endfacet
  facet normal 0 0 1
    outer loop
      vertex 68 33 3
      vertex 64.8235 30.7074 3
      vertex 64.9784 30.6549 3
    endloop
  endfacet
  facet normal 0 0 1
    outer loop
      vertex 68 33 3
      vertex 64.6632 30.7393 3
      vertex 64.8235 30.7074 3
    endloop
  endfacet
  facet normal 0 0 1
    outer loop
      vertex 68 33 3
      vertex 64.5 30.75 3
      vertex 64.6632 30.7393 3
    endloop
  endfacet
  facet normal 0 0 1
    outer loop
      vertex 68 33 3
      vertex 64.3368 30.7393 3
      vertex 64.5 30.75 3
    endloop
  endfacet
  facet normal 0 0 1
    outer loop
      vertex 68 33 3
      vertex 64.1765 30.7074 3
      vertex 64.3368 30.7393 3
    endloop
  endfacet
  facet normal 0 0 1
    outer loop
      vertex 68 33 3
      vertex 64.0216 30.6549 3
      vertex 64.1765 30.7074 3
    endloop
  endfacet
  facet normal 0 0 1
    outer loop
      vertex 68 33 3
      vertex 63.875 30.5825 3
      vertex 64.0216 30.6549 3
    endloop
  endfacet
  facet normal 0 -0 1
    outer loop
      vertex 62.4519 3 3
      vertex 63.2607 6.66316 3
      vertex 7.75 6.5 3
    endloop
  endfacet
  facet normal 0 0 1
    outer loop
      vertex 63.25 6.5 3
      vertex 63 3.1 3
      vertex 63.2088 3.08631 3
    endloop
  endfacet
  facet normal 0 0 1
    outer loop
      vertex 63.25 6.5 3
      vertex 62.7912 3.08631 3
      vertex 63 3.1 3
    endloop
  endfacet
  facet normal 0 0 1
    outer loop
      vertex 63.25 6.5 3
      vertex 62.5859 3.04548 3
      vertex 62.7912 3.08631 3
    endloop
  endfacet
  facet normal 0 0 1
    outer loop
      vertex 63.25 6.5 3
      vertex 62.4519 3 3
      vertex 62.5859 3.04548 3
    endloop
  endfacet
  facet normal 0 0 1
    outer loop
      vertex 63.2607 6.66316 3
      vertex 62.4519 3 3
      vertex 63.25 6.5 3
    endloop
  endfacet
  facet normal 0 0 1
    outer loop
      vertex 7.75 29.5 3
      vertex 63.25 29.5 3
      vertex 63.2607 29.6632 3
    endloop
  endfacet
  facet normal 0 0 1
    outer loop
      vertex 7.73931 29.6632 3
      vertex 63.2607 29.6632 3
      vertex 63.2926 29.8235 3
    endloop
  endfacet
  facet normal 0 0 1
    outer loop
      vertex 7.70741 29.8235 3
      vertex 63.2926 29.8235 3
      vertex 63.3451 29.9784 3
    endloop
  endfacet
  facet normal 0 0 1
    outer loop
      vertex 7.65485 29.9784 3
      vertex 63.3451 29.9784 3
      vertex 63.4175 30.125 3
    endloop
  endfacet
  facet normal 0 0 1
    outer loop
      vertex 7.58253 30.125 3
      vertex 63.4175 30.125 3
      vertex 63.5083 30.261 3
    endloop
  endfacet
  facet normal 0 0 1
    outer loop
      vertex 7.49169 30.261 3
      vertex 63.5083 30.261 3
      vertex 63.6161 30.3839 3
    endloop
  endfacet
  facet normal 0 0 1
    outer loop
      vertex 7.38388 30.3839 3
      vertex 63.6161 30.3839 3
      vertex 63.739 30.4917 3
    endloop
  endfacet
  facet normal 0 0 1
    outer loop
      vertex 7.26095 30.4917 3
      vertex 63.739 30.4917 3
      vertex 63.875 30.5825 3
    endloop
  endfacet
  facet normal 0 0 1
    outer loop
      vertex 7.125 30.5825 3
      vertex 63.875 30.5825 3
      vertex 68 33 3
    endloop
  endfacet
  facet normal 0 0 1
    outer loop
      vertex 62.4519 3 3
      vertex 7.75 6.5 3
      vertex 8.54809 3 3
    endloop
  endfacet
  facet normal -0 0 1
    outer loop
      vertex 7.73931 6.33684 3
      vertex 8.54809 3 3
      vertex 7.75 6.5 3
    endloop
  endfacet
  facet normal -0 0 1
    outer loop
      vertex 7.70741 6.17648 3
      vertex 8.54809 3 3
      vertex 7.73931 6.33684 3
    endloop
  endfacet
  facet normal -0 0 1
    outer loop
      vertex 7.65485 6.02165 3
      vertex 8.54809 3 3
      vertex 7.70741 6.17648 3
    endloop
  endfacet
  facet normal 0 0 1
    outer loop
      vertex 7.70741 29.1765 3
      vertex 63.2926 29.1765 3
      vertex 7.73931 29.3368 3
    endloop
  endfacet
  facet normal 0 0 1
    outer loop
      vertex 63.2607 29.6632 3
      vertex 7.73931 29.6632 3
      vertex 7.75 29.5 3
    endloop
  endfacet
  facet normal 0 0 1
    outer loop
      vertex 63.2926 29.8235 3
      vertex 7.70741 29.8235 3
      vertex 7.73931 29.6632 3
    endloop
  endfacet
  facet normal 0 0 1
    outer loop
      vertex 63.3451 29.9784 3
      vertex 7.65485 29.9784 3
      vertex 7.70741 29.8235 3
    endloop
  endfacet
  facet normal 0 0 1
    outer loop
      vertex 63.4175 30.125 3
      vertex 7.58253 30.125 3
      vertex 7.65485 29.9784 3
    endloop
  endfacet
  facet normal 0 0 1
    outer loop
      vertex 63.5083 30.261 3
      vertex 7.49169 30.261 3
      vertex 7.58253 30.125 3
    endloop
  endfacet
  facet normal 0 0 1
    outer loop
      vertex 63.6161 30.3839 3
      vertex 7.38388 30.3839 3
      vertex 7.49169 30.261 3
    endloop
  endfacet
  facet normal 0 0 1
    outer loop
      vertex 63.739 30.4917 3
      vertex 7.26095 30.4917 3
      vertex 7.38388 30.3839 3
    endloop
  endfacet
  facet normal 0 0 1
    outer loop
      vertex 63.875 30.5825 3
      vertex 7.125 30.5825 3
      vertex 7.26095 30.4917 3
    endloop
  endfacet
  facet normal -0 0 1
    outer loop
      vertex 3 33 3
      vertex 7.125 30.5825 3
      vertex 68 33 3
    endloop
  endfacet
  facet normal 0 0 1
    outer loop
      vertex 7.125 30.5825 3
      vertex 3 33 3
      vertex 6.97835 30.6549 3
    endloop
  endfacet
  facet normal 0 0 1
    outer loop
      vertex 6.97835 30.6549 3
      vertex 3 33 3
      vertex 6.82352 30.7074 3
    endloop
  endfacet
  facet normal 0 0 1
    outer loop
      vertex 6.82352 30.7074 3
      vertex 3 33 3
      vertex 6.66316 30.7393 3
    endloop
  endfacet
  facet normal 0 0 1
    outer loop
      vertex 5.29259 6.82352 3
      vertex 3 3 3
      vertex 5.26069 6.66316 3
    endloop
  endfacet
  facet normal 0 0 1
    outer loop
      vertex 5.26069 29.6632 3
      vertex 3 33 3
      vertex 5.25 29.5 3
    endloop
  endfacet
  facet normal 0 0 1
    outer loop
      vertex 5.29259 29.8235 3
      vertex 3 33 3
      vertex 5.26069 29.6632 3
    endloop
  endfacet
  facet normal 0 0 1
    outer loop
      vertex 5.34515 29.9784 3
      vertex 3 33 3
      vertex 5.29259 29.8235 3
    endloop
  endfacet
  facet normal 0 0 1
    outer loop
      vertex 5.41747 30.125 3
      vertex 3 33 3
      vertex 5.34515 29.9784 3
    endloop
  endfacet
  facet normal 0 0 1
    outer loop
      vertex 5.50831 30.261 3
      vertex 3 33 3
      vertex 5.41747 30.125 3
    endloop
  endfacet
  facet normal 0 0 1
    outer loop
      vertex 5.61612 30.3839 3
      vertex 3 33 3
      vertex 5.50831 30.261 3
    endloop
  endfacet
  facet normal 0 0 1
    outer loop
      vertex 5.73905 30.4917 3
      vertex 3 33 3
      vertex 5.61612 30.3839 3
    endloop
  endfacet
  facet normal 0 0 1
    outer loop
      vertex 5.875 30.5825 3
      vertex 3 33 3
      vertex 5.73905 30.4917 3
    endloop
  endfacet
  facet normal 0 0 1
    outer loop
      vertex 6.02165 30.6549 3
      vertex 3 33 3
      vertex 5.875 30.5825 3
    endloop
  endfacet
  facet normal 0 0 1
    outer loop
      vertex 6.17648 30.7074 3
      vertex 3 33 3
      vertex 6.02165 30.6549 3
    endloop
  endfacet
  facet normal 0 0 1
    outer loop
      vertex 6.33684 30.7393 3
      vertex 3 33 3
      vertex 6.17648 30.7074 3
    endloop
  endfacet
  facet normal 0 0 1
    outer loop
      vertex 6.5 30.75 3
      vertex 3 33 3
      vertex 6.33684 30.7393 3
    endloop
  endfacet
  facet normal 0 0 1
    outer loop
      vertex 6.66316 30.7393 3
      vertex 3 33 3
      vertex 6.5 30.75 3
    endloop
  endfacet
  facet normal 0 0 1
    outer loop
      vertex 65.7074 29.1765 3
      vertex 68 33 3
      vertex 65.7393 29.3368 3
    endloop
  endfacet
  facet normal -0 0 1
    outer loop
      vertex 65.7393 6.33684 3
      vertex 68 3 3
      vertex 65.75 6.5 3
    endloop
  endfacet
  facet normal -0 0 1
    outer loop
      vertex 65.7074 6.17648 3
      vertex 68 3 3
      vertex 65.7393 6.33684 3
    endloop
  endfacet
  facet normal -0 0 1
    outer loop
      vertex 65.6548 6.02165 3
      vertex 68 3 3
      vertex 65.7074 6.17648 3
    endloop
  endfacet
  facet normal -0 0 1
    outer loop
      vertex 65.5825 5.875 3
      vertex 68 3 3
      vertex 65.6548 6.02165 3
    endloop
  endfacet
  facet normal -0 0 1
    outer loop
      vertex 65.4917 5.73905 3
      vertex 68 3 3
      vertex 65.5825 5.875 3
    endloop
  endfacet
  facet normal -0 0 1
    outer loop
      vertex 65.3839 5.61612 3
      vertex 68 3 3
      vertex 65.4917 5.73905 3
    endloop
  endfacet
  facet normal -0 0 1
    outer loop
      vertex 65.2609 5.50831 3
      vertex 68 3 3
      vertex 65.3839 5.61612 3
    endloop
  endfacet
  facet normal -0 0 1
    outer loop
      vertex 65.125 5.41747 3
      vertex 68 3 3
      vertex 65.2609 5.50831 3
    endloop
  endfacet
  facet normal -0 0 1
    outer loop
      vertex 64.9784 5.34515 3
      vertex 68 3 3
      vertex 65.125 5.41747 3
    endloop
  endfacet
  facet normal 0 0 1
    outer loop
      vertex 63.5481 3 3
      vertex 64.9784 5.34515 3
      vertex 64.8235 5.29259 3
    endloop
  endfacet
  facet normal 0 0 1
    outer loop
      vertex 63.5481 3 3
      vertex 64.8235 5.29259 3
      vertex 64.6632 5.26069 3
    endloop
  endfacet
  facet normal 0 0 1
    outer loop
      vertex 63.5481 3 3
      vertex 64.6632 5.26069 3
      vertex 64.5 5.25 3
    endloop
  endfacet
  facet normal 0 0 1
    outer loop
      vertex 63.5481 3 3
      vertex 64.5 5.25 3
      vertex 64.3368 5.26069 3
    endloop
  endfacet
  facet normal 0 0 1
    outer loop
      vertex 63.5481 3 3
      vertex 64.3368 5.26069 3
      vertex 64.1765 5.29259 3
    endloop
  endfacet
  facet normal 0 0 1
    outer loop
      vertex 63.4141 3.04548 3
      vertex 64.1765 5.29259 3
      vertex 64.0216 5.34515 3
    endloop
  endfacet
  facet normal 0 0 1
    outer loop
      vertex 63.2088 3.08631 3
      vertex 64.0216 5.34515 3
      vertex 63.875 5.41747 3
    endloop
  endfacet
  facet normal 0 0 1
    outer loop
      vertex 64.9784 5.34515 3
      vertex 63.5481 3 3
      vertex 68 3 3
    endloop
  endfacet
  facet normal 0 0 1
    outer loop
      vertex 63.2088 3.08631 3
      vertex 63.875 5.41747 3
      vertex 63.739 5.50831 3
    endloop
  endfacet
  facet normal 0 0 1
    outer loop
      vertex 63.2088 3.08631 3
      vertex 63.739 5.50831 3
      vertex 63.6161 5.61612 3
    endloop
  endfacet
  facet normal 0 0 1
    outer loop
      vertex 63.2088 3.08631 3
      vertex 63.6161 5.61612 3
      vertex 63.5083 5.73905 3
    endloop
  endfacet
  facet normal 0 0 1
    outer loop
      vertex 63.2088 3.08631 3
      vertex 63.5083 5.73905 3
      vertex 63.4175 5.875 3
    endloop
  endfacet
  facet normal 0 0 1
    outer loop
      vertex 64.1765 5.29259 3
      vertex 63.4141 3.04548 3
      vertex 63.5481 3 3
    endloop
  endfacet
  facet normal 0 0 1
    outer loop
      vertex 63.2088 3.08631 3
      vertex 63.4175 5.875 3
      vertex 63.3451 6.02165 3
    endloop
  endfacet
  facet normal 0 0 1
    outer loop
      vertex 63.2088 3.08631 3
      vertex 63.3451 6.02165 3
      vertex 63.2926 6.17648 3
    endloop
  endfacet
  facet normal 0 0 1
    outer loop
      vertex 63.2088 3.08631 3
      vertex 63.2926 6.17648 3
      vertex 63.2607 6.33684 3
    endloop
  endfacet
  facet normal 0 0 1
    outer loop
      vertex 63.2088 3.08631 3
      vertex 63.2607 6.33684 3
      vertex 63.25 6.5 3
    endloop
  endfacet
  facet normal 0 0 1
    outer loop
      vertex 64.0216 5.34515 3
      vertex 63.2088 3.08631 3
      vertex 63.4141 3.04548 3
    endloop
  endfacet
  facet normal -0 0 1
    outer loop
      vertex 7.58253 5.875 3
      vertex 8.54809 3 3
      vertex 7.65485 6.02165 3
    endloop
  endfacet
  facet normal 0 0 1
    outer loop
      vertex 8.54809 3 3
      vertex 7.58253 5.875 3
      vertex 8.41411 3.04548 3
    endloop
  endfacet
  facet normal -0 0 1
    outer loop
      vertex 7.49169 5.73905 3
      vertex 8.41411 3.04548 3
      vertex 7.58253 5.875 3
    endloop
  endfacet
  facet normal 0 0 1
    outer loop
      vertex 8.41411 3.04548 3
      vertex 7.49169 5.73905 3
      vertex 8.20884 3.08631 3
    endloop
  endfacet
  facet normal -0 0 1
    outer loop
      vertex 7.38388 5.61612 3
      vertex 8.20884 3.08631 3
      vertex 7.49169 5.73905 3
    endloop
  endfacet
  facet normal -0 0 1
    outer loop
      vertex 7.26095 5.50831 3
      vertex 8.20884 3.08631 3
      vertex 7.38388 5.61612 3
    endloop
  endfacet
  facet normal 0 0 1
    outer loop
      vertex 8.20884 3.08631 3
      vertex 7.26095 5.50831 3
      vertex 8 3.1 3
    endloop
  endfacet
  facet normal -0 0 1
    outer loop
      vertex 7.125 5.41747 3
      vertex 8 3.1 3
      vertex 7.26095 5.50831 3
    endloop
  endfacet
  facet normal 0 0 1
    outer loop
      vertex 8 3.1 3
      vertex 7.125 5.41747 3
      vertex 7.79116 3.08631 3
    endloop
  endfacet
  facet normal -0 0 1
    outer loop
      vertex 6.97835 5.34515 3
      vertex 7.79116 3.08631 3
      vertex 7.125 5.41747 3
    endloop
  endfacet
  facet normal 0 0 1
    outer loop
      vertex 7.79116 3.08631 3
      vertex 6.97835 5.34515 3
      vertex 7.58589 3.04548 3
    endloop
  endfacet
  facet normal -0 0 1
    outer loop
      vertex 6.82352 5.29259 3
      vertex 7.58589 3.04548 3
      vertex 6.97835 5.34515 3
    endloop
  endfacet
  facet normal 0 0 1
    outer loop
      vertex 7.58589 3.04548 3
      vertex 6.82352 5.29259 3
      vertex 7.45191 3 3
    endloop
  endfacet
  facet normal -0 0 1
    outer loop
      vertex 6.66316 5.26069 3
      vertex 7.45191 3 3
      vertex 6.82352 5.29259 3
    endloop
  endfacet
  facet normal -0 0 1
    outer loop
      vertex 6.5 5.25 3
      vertex 7.45191 3 3
      vertex 6.66316 5.26069 3
    endloop
  endfacet
  facet normal 0 0 1
    outer loop
      vertex 6.33684 5.26069 3
      vertex 7.45191 3 3
      vertex 6.5 5.25 3
    endloop
  endfacet
  facet normal 0 0 1
    outer loop
      vertex 6.17648 5.29259 3
      vertex 7.45191 3 3
      vertex 6.33684 5.26069 3
    endloop
  endfacet
  facet normal 0 0 1
    outer loop
      vertex 6.02165 5.34515 3
      vertex 7.45191 3 3
      vertex 6.17648 5.29259 3
    endloop
  endfacet
  facet normal 0 0 1
    outer loop
      vertex 3 3 3
      vertex 6.02165 5.34515 3
      vertex 5.875 5.41747 3
    endloop
  endfacet
  facet normal 0 0 1
    outer loop
      vertex 3 3 3
      vertex 5.875 5.41747 3
      vertex 5.73905 5.50831 3
    endloop
  endfacet
  facet normal 0 0 1
    outer loop
      vertex 3 3 3
      vertex 5.73905 5.50831 3
      vertex 5.61612 5.61612 3
    endloop
  endfacet
  facet normal 0 0 1
    outer loop
      vertex 3 3 3
      vertex 5.61612 5.61612 3
      vertex 5.50831 5.73905 3
    endloop
  endfacet
  facet normal 0 0 1
    outer loop
      vertex 5.26069 6.66316 3
      vertex 3 3 3
      vertex 5.25 6.5 3
    endloop
  endfacet
  facet normal 0 0 1
    outer loop
      vertex 6.02165 5.34515 3
      vertex 3 3 3
      vertex 7.45191 3 3
    endloop
  endfacet
  facet normal 0 0 1
    outer loop
      vertex 5.41747 5.875 3
      vertex 3 3 3
      vertex 5.50831 5.73905 3
    endloop
  endfacet
  facet normal 0 0 1
    outer loop
      vertex 5.34515 6.02165 3
      vertex 3 3 3
      vertex 5.41747 5.875 3
    endloop
  endfacet
  facet normal 0 0 1
    outer loop
      vertex 5.29259 6.17648 3
      vertex 3 3 3
      vertex 5.34515 6.02165 3
    endloop
  endfacet
  facet normal 0 0 1
    outer loop
      vertex 5.26069 6.33684 3
      vertex 3 3 3
      vertex 5.29259 6.17648 3
    endloop
  endfacet
  facet normal 0 0 1
    outer loop
      vertex 5.25 6.5 3
      vertex 3 3 3
      vertex 5.26069 6.33684 3
    endloop
  endfacet
  facet normal 0 0 -1
    outer loop
      vertex 6.86863 2.63137 0
      vertex 6.17648 5.29259 0
      vertex 6.33684 5.26069 0
    endloop
  endfacet
  facet normal 0 0 -1
    outer loop
      vertex 6.41369 1.70884 0
      vertex 6.02165 5.34515 0
      vertex 6.17648 5.29259 0
    endloop
  endfacet
  facet normal 0 0 -1
    outer loop
      vertex 0 0 0
      vertex 6.4 1.5 0
      vertex 6.41369 1.29116 0
    endloop
  endfacet
  facet normal 0 0 -1
    outer loop
      vertex 6.41369 1.70884 0
      vertex 5.875 5.41747 0
      vertex 6.02165 5.34515 0
    endloop
  endfacet
  facet normal 0 0 -1
    outer loop
      vertex 6.41369 1.70884 0
      vertex 5.73905 5.50831 0
      vertex 5.875 5.41747 0
    endloop
  endfacet
  facet normal 0 0 -1
    outer loop
      vertex 6.41369 1.70884 0
      vertex 5.61612 5.61612 0
      vertex 5.73905 5.50831 0
    endloop
  endfacet
  facet normal -0 0 -1
    outer loop
      vertex 6.41369 1.70884 0
      vertex 0 0 0
      vertex 5.61612 5.61612 0
    endloop
  endfacet
  facet normal 0 0 -1
    outer loop
      vertex 0 0 0
      vertex 6.41369 1.29116 0
      vertex 6.45452 1.08589 0
    endloop
  endfacet
  facet normal -0 0 -1
    outer loop
      vertex 5.61612 5.61612 0
      vertex 0 0 0
      vertex 5.50831 5.73905 0
    endloop
  endfacet
  facet normal -0 0 -1
    outer loop
      vertex 5.50831 5.73905 0
      vertex 0 0 0
      vertex 5.41747 5.875 0
    endloop
  endfacet
  facet normal -0 0 -1
    outer loop
      vertex 5.41747 5.875 0
      vertex 0 0 0
      vertex 5.34515 6.02165 0
    endloop
  endfacet
  facet normal 0 0 -1
    outer loop
      vertex 5.29259 29.1765 0
      vertex 0 36 0
      vertex 5.26069 29.3368 0
    endloop
  endfacet
  facet normal -0 0 -1
    outer loop
      vertex 5.26069 6.33684 0
      vertex 0 0 0
      vertex 5.25 6.5 0
    endloop
  endfacet
  facet normal -0 0 -1
    outer loop
      vertex 5.29259 6.17648 0
      vertex 0 0 0
      vertex 5.26069 6.33684 0
    endloop
  endfacet
  facet normal -0 0 -1
    outer loop
      vertex 5.34515 6.02165 0
      vertex 0 0 0
      vertex 5.29259 6.17648 0
    endloop
  endfacet
  facet normal -0 0 -1
    outer loop
      vertex 6.52179 0.887706 0
      vertex 0 0 0
      vertex 6.45452 1.08589 0
    endloop
  endfacet
  facet normal -0 0 -1
    outer loop
      vertex 6.61436 0.7 0
      vertex 0 0 0
      vertex 6.52179 0.887706 0
    endloop
  endfacet
  facet normal -0 0 -1
    outer loop
      vertex 6.73063 0.525981 0
      vertex 0 0 0
      vertex 6.61436 0.7 0
    endloop
  endfacet
  facet normal -0 0 -1
    outer loop
      vertex 6.86863 0.368629 0
      vertex 0 0 0
      vertex 6.73063 0.525981 0
    endloop
  endfacet
  facet normal -0 0 -1
    outer loop
      vertex 7.02598 0.230634 0
      vertex 0 0 0
      vertex 6.86863 0.368629 0
    endloop
  endfacet
  facet normal -0 0 -1
    outer loop
      vertex 7.2 0.114359 0
      vertex 0 0 0
      vertex 7.02598 0.230634 0
    endloop
  endfacet
  facet normal -0 0 -1
    outer loop
      vertex 7.38771 0.0217924 0
      vertex 0 0 0
      vertex 7.2 0.114359 0
    endloop
  endfacet
  facet normal 0 0 -1
    outer loop
      vertex 0 0 0
      vertex 7.38771 0.0217924 0
      vertex 7.45191 0 0
    endloop
  endfacet
  facet normal 0 0 -1
    outer loop
      vertex 7.65485 6.97835 0
      vertex 63.3451 6.97835 0
      vertex 7.70741 6.82352 0
    endloop
  endfacet
  facet normal 0 0 -1
    outer loop
      vertex 63.3451 29.0216 0
      vertex 7.73931 29.3368 0
      vertex 7.75 29.5 0
    endloop
  endfacet
  facet normal 0 0 -1
    outer loop
      vertex 63.3451 6.97835 0
      vertex 7.65485 6.97835 0
      vertex 63.3451 29.0216 0
    endloop
  endfacet
  facet normal 0 0 -1
    outer loop
      vertex 63.3451 29.0216 0
      vertex 7.70741 29.1765 0
      vertex 7.73931 29.3368 0
    endloop
  endfacet
  facet normal 0 0 -1
    outer loop
      vertex 7.65485 29.0216 0
      vertex 63.3451 29.0216 0
      vertex 7.65485 6.97835 0
    endloop
  endfacet
  facet normal 0 0 -1
    outer loop
      vertex 63.3451 29.0216 0
      vertex 7.65485 29.0216 0
      vertex 7.70741 29.1765 0
    endloop
  endfacet
  facet normal 0 0 -1
    outer loop
      vertex 7.58253 7.125 0
      vertex 7.65485 29.0216 0
      vertex 7.65485 6.97835 0
    endloop
  endfacet
  facet normal 0 0 -1
    outer loop
      vertex 7.58253 7.125 0
      vertex 7.58253 28.875 0
      vertex 7.65485 29.0216 0
    endloop
  endfacet
  facet normal 0 0 -1
    outer loop
      vertex 7.49169 7.26095 0
      vertex 7.58253 28.875 0
      vertex 7.58253 7.125 0
    endloop
  endfacet
  facet normal 0 0 -1
    outer loop
      vertex 7.49169 7.26095 0
      vertex 7.49169 28.739 0
      vertex 7.58253 28.875 0
    endloop
  endfacet
  facet normal 0 0 -1
    outer loop
      vertex 7.38388 7.38388 0
      vertex 7.49169 28.739 0
      vertex 7.49169 7.26095 0
    endloop
  endfacet
  facet normal 0 0 -1
    outer loop
      vertex 7.38388 7.38388 0
      vertex 7.38388 28.6161 0
      vertex 7.49169 28.739 0
    endloop
  endfacet
  facet normal 0 0 -1
    outer loop
      vertex 7.26095 7.49169 0
      vertex 7.38388 28.6161 0
      vertex 7.38388 7.38388 0
    endloop
  endfacet
  facet normal 0 0 -1
    outer loop
      vertex 7.26095 7.49169 0
      vertex 7.26095 28.5083 0
      vertex 7.38388 28.6161 0
    endloop
  endfacet
  facet normal 0 0 -1
    outer loop
      vertex 7.125 7.58253 0
      vertex 7.26095 28.5083 0
      vertex 7.26095 7.49169 0
    endloop
  endfacet
  facet normal 0 0 -1
    outer loop
      vertex 7.125 7.58253 0
      vertex 7.125 28.4175 0
      vertex 7.26095 28.5083 0
    endloop
  endfacet
  facet normal 0 0 -1
    outer loop
      vertex 6.97835 7.65485 0
      vertex 7.125 28.4175 0
      vertex 7.125 7.58253 0
    endloop
  endfacet
  facet normal 0 0 -1
    outer loop
      vertex 6.97835 7.65485 0
      vertex 6.97835 28.3451 0
      vertex 7.125 28.4175 0
    endloop
  endfacet
  facet normal 0 0 -1
    outer loop
      vertex 6.82352 7.70741 0
      vertex 6.97835 28.3451 0
      vertex 6.97835 7.65485 0
    endloop
  endfacet
  facet normal 0 0 -1
    outer loop
      vertex 6.82352 7.70741 0
      vertex 6.82352 28.2926 0
      vertex 6.97835 28.3451 0
    endloop
  endfacet
  facet normal 0 0 -1
    outer loop
      vertex 6.66316 7.73931 0
      vertex 6.82352 28.2926 0
      vertex 6.82352 7.70741 0
    endloop
  endfacet
  facet normal 0 0 -1
    outer loop
      vertex 6.66316 7.73931 0
      vertex 6.66316 28.2607 0
      vertex 6.82352 28.2926 0
    endloop
  endfacet
  facet normal 0 0 -1
    outer loop
      vertex 6.5 7.75 0
      vertex 6.66316 28.2607 0
      vertex 6.66316 7.73931 0
    endloop
  endfacet
  facet normal 0 0 -1
    outer loop
      vertex 6.5 7.75 0
      vertex 6.5 28.25 0
      vertex 6.66316 28.2607 0
    endloop
  endfacet
  facet normal 0 0 -1
    outer loop
      vertex 6.33684 7.73931 0
      vertex 6.5 28.25 0
      vertex 6.5 7.75 0
    endloop
  endfacet
  facet normal 0 0 -1
    outer loop
      vertex 6.33684 7.73931 0
      vertex 6.33684 28.2607 0
      vertex 6.5 28.25 0
    endloop
  endfacet
  facet normal 0 0 -1
    outer loop
      vertex 6.17648 7.70741 0
      vertex 6.33684 28.2607 0
      vertex 6.33684 7.73931 0
    endloop
  endfacet
  facet normal 0 0 -1
    outer loop
      vertex 6.17648 7.70741 0
      vertex 6.17648 28.2926 0
      vertex 6.33684 28.2607 0
    endloop
  endfacet
  facet normal 0 0 -1
    outer loop
      vertex 6.02165 7.65485 0
      vertex 6.17648 28.2926 0
      vertex 6.17648 7.70741 0
    endloop
  endfacet
  facet normal 0 0 -1
    outer loop
      vertex 6.02165 7.65485 0
      vertex 6.02165 28.3451 0
      vertex 6.17648 28.2926 0
    endloop
  endfacet
  facet normal 0 0 -1
    outer loop
      vertex 5.875 7.58253 0
      vertex 6.02165 28.3451 0
      vertex 6.02165 7.65485 0
    endloop
  endfacet
  facet normal 0 0 -1
    outer loop
      vertex 5.875 7.58253 0
      vertex 5.875 28.4175 0
      vertex 6.02165 28.3451 0
    endloop
  endfacet
  facet normal 0 0 -1
    outer loop
      vertex 5.73905 7.49169 0
      vertex 5.875 28.4175 0
      vertex 5.875 7.58253 0
    endloop
  endfacet
  facet normal 0 0 -1
    outer loop
      vertex 5.73905 7.49169 0
      vertex 5.73905 28.5083 0
      vertex 5.875 28.4175 0
    endloop
  endfacet
  facet normal 0 0 -1
    outer loop
      vertex 5.61612 7.38388 0
      vertex 5.73905 28.5083 0
      vertex 5.73905 7.49169 0
    endloop
  endfacet
  facet normal 0 0 -1
    outer loop
      vertex 5.61612 7.38388 0
      vertex 5.61612 28.6161 0
      vertex 5.73905 28.5083 0
    endloop
  endfacet
  facet normal 0 0 -1
    outer loop
      vertex 5.50831 7.26095 0
      vertex 5.61612 28.6161 0
      vertex 5.61612 7.38388 0
    endloop
  endfacet
  facet normal 0 0 -1
    outer loop
      vertex 5.50831 7.26095 0
      vertex 5.50831 28.739 0
      vertex 5.61612 28.6161 0
    endloop
  endfacet
  facet normal 0 0 -1
    outer loop
      vertex 5.41747 7.125 0
      vertex 5.50831 28.739 0
      vertex 5.50831 7.26095 0
    endloop
  endfacet
  facet normal 0 0 -1
    outer loop
      vertex 5.41747 7.125 0
      vertex 5.41747 28.875 0
      vertex 5.50831 28.739 0
    endloop
  endfacet
  facet normal 0 0 -1
    outer loop
      vertex 0 0 0
      vertex 5.41747 7.125 0
      vertex 5.34515 6.97835 0
    endloop
  endfacet
  facet normal -0 0 -1
    outer loop
      vertex 5.41747 7.125 0
      vertex 0 0 0
      vertex 5.41747 28.875 0
    endloop
  endfacet
  facet normal 0 0 -1
    outer loop
      vertex 0 0 0
      vertex 5.34515 6.97835 0
      vertex 5.29259 6.82352 0
    endloop
  endfacet
  facet normal 0 0 -1
    outer loop
      vertex 0 36 0
      vertex 5.41747 28.875 0
      vertex 0 0 0
    endloop
  endfacet
  facet normal 0 0 -1
    outer loop
      vertex 0 0 0
      vertex 5.29259 6.82352 0
      vertex 5.26069 6.66316 0
    endloop
  endfacet
  facet normal 0 0 -1
    outer loop
      vertex 5.41747 28.875 0
      vertex 0 36 0
      vertex 5.34515 29.0216 0
    endloop
  endfacet
  facet normal 0 0 -1
    outer loop
      vertex 0 0 0
      vertex 5.26069 6.66316 0
      vertex 5.25 6.5 0
    endloop
  endfacet
  facet normal 0 0 -1
    outer loop
      vertex 5.34515 29.0216 0
      vertex 0 36 0
      vertex 5.29259 29.1765 0
    endloop
  endfacet
  facet normal 0 0 -1
    outer loop
      vertex 9.13137 2.63137 0
      vertex 7.73931 6.33684 0
      vertex 7.75 6.5 0
    endloop
  endfacet
  facet normal 0 0 -1
    outer loop
      vertex 8 3.1 0
      vertex 7.70741 6.17648 0
      vertex 7.73931 6.33684 0
    endloop
  endfacet
  facet normal 0 0 -1
    outer loop
      vertex 8 3.1 0
      vertex 7.65485 6.02165 0
      vertex 7.70741 6.17648 0
    endloop
  endfacet
  facet normal 0 0 -1
    outer loop
      vertex 6.97835 5.34515 0
      vertex 7.79116 3.08631 0
      vertex 7.58589 3.04548 0
    endloop
  endfacet
  facet normal 0 0 -1
    outer loop
      vertex 8 3.1 0
      vertex 7.58253 5.875 0
      vertex 7.65485 6.02165 0
    endloop
  endfacet
  facet normal 0 0 -1
    outer loop
      vertex 8 3.1 0
      vertex 7.49169 5.73905 0
      vertex 7.58253 5.875 0
    endloop
  endfacet
  facet normal 0 0 -1
    outer loop
      vertex 6.82352 5.29259 0
      vertex 7.58589 3.04548 0
      vertex 7.38771 2.97821 0
    endloop
  endfacet
  facet normal 0 0 -1
    outer loop
      vertex 8 3.1 0
      vertex 7.38388 5.61612 0
      vertex 7.49169 5.73905 0
    endloop
  endfacet
  facet normal 0 0 -1
    outer loop
      vertex 8 3.1 0
      vertex 7.26095 5.50831 0
      vertex 7.38388 5.61612 0
    endloop
  endfacet
  facet normal 0 0 -1
    outer loop
      vertex 6.66316 5.26069 0
      vertex 7.38771 2.97821 0
      vertex 7.2 2.88564 0
    endloop
  endfacet
  facet normal 0 0 -1
    outer loop
      vertex 8 3.1 0
      vertex 7.125 5.41747 0
      vertex 7.26095 5.50831 0
    endloop
  endfacet
  facet normal 0 0 -1
    outer loop
      vertex 6.5 5.25 0
      vertex 7.2 2.88564 0
      vertex 7.02598 2.76937 0
    endloop
  endfacet
  facet normal 0 0 -1
    outer loop
      vertex 7.79116 3.08631 0
      vertex 6.97835 5.34515 0
      vertex 7.125 5.41747 0
    endloop
  endfacet
  facet normal 0 0 -1
    outer loop
      vertex 6.33684 5.26069 0
      vertex 7.02598 2.76937 0
      vertex 6.86863 2.63137 0
    endloop
  endfacet
  facet normal 0 0 -1
    outer loop
      vertex 7.58589 3.04548 0
      vertex 6.82352 5.29259 0
      vertex 6.97835 5.34515 0
    endloop
  endfacet
  facet normal 0 0 -1
    outer loop
      vertex 6.17648 5.29259 0
      vertex 6.86863 2.63137 0
      vertex 6.73063 2.47402 0
    endloop
  endfacet
  facet normal 0 0 -1
    outer loop
      vertex 7.38771 2.97821 0
      vertex 6.66316 5.26069 0
      vertex 6.82352 5.29259 0
    endloop
  endfacet
  facet normal 0 0 -1
    outer loop
      vertex 6.17648 5.29259 0
      vertex 6.73063 2.47402 0
      vertex 6.61436 2.3 0
    endloop
  endfacet
  facet normal 0 0 -1
    outer loop
      vertex 6.17648 5.29259 0
      vertex 6.61436 2.3 0
      vertex 6.52179 2.11229 0
    endloop
  endfacet
  facet normal 0 0 -1
    outer loop
      vertex 7.2 2.88564 0
      vertex 6.5 5.25 0
      vertex 6.66316 5.26069 0
    endloop
  endfacet
  facet normal 0 0 -1
    outer loop
      vertex 6.17648 5.29259 0
      vertex 6.52179 2.11229 0
      vertex 6.45452 1.91411 0
    endloop
  endfacet
  facet normal 0 0 -1
    outer loop
      vertex 6.17648 5.29259 0
      vertex 6.45452 1.91411 0
      vertex 6.41369 1.70884 0
    endloop
  endfacet
  facet normal 0 0 -1
    outer loop
      vertex 0 0 0
      vertex 6.41369 1.70884 0
      vertex 6.4 1.5 0
    endloop
  endfacet
  facet normal 0 0 -1
    outer loop
      vertex 7.02598 2.76937 0
      vertex 6.33684 5.26069 0
      vertex 6.5 5.25 0
    endloop
  endfacet
  facet normal 0 0 -1
    outer loop
      vertex 61.4137 1.29116 0
      vertex 9.6 1.5 0
      vertex 61.4 1.5 0
    endloop
  endfacet
  facet normal 0 0 -1
    outer loop
      vertex 9.58631 1.29116 0
      vertex 61.4137 1.29116 0
      vertex 61.4545 1.08589 0
    endloop
  endfacet
  facet normal 0 0 -1
    outer loop
      vertex 9.54548 1.08589 0
      vertex 61.4545 1.08589 0
      vertex 61.5218 0.887706 0
    endloop
  endfacet
  facet normal 0 0 -1
    outer loop
      vertex 9.47821 0.887706 0
      vertex 61.5218 0.887706 0
      vertex 61.6144 0.7 0
    endloop
  endfacet
  facet normal 0 0 -1
    outer loop
      vertex 9.38564 0.7 0
      vertex 61.6144 0.7 0
      vertex 61.7306 0.525981 0
    endloop
  endfacet
  facet normal 0 0 -1
    outer loop
      vertex 9.26937 0.525981 0
      vertex 61.7306 0.525981 0
      vertex 61.8686 0.368629 0
    endloop
  endfacet
  facet normal 0 0 -1
    outer loop
      vertex 9.13137 0.368629 0
      vertex 61.8686 0.368629 0
      vertex 62.026 0.230634 0
    endloop
  endfacet
  facet normal 0 0 -1
    outer loop
      vertex 8.97402 0.230634 0
      vertex 62.026 0.230634 0
      vertex 62.2 0.114359 0
    endloop
  endfacet
  facet normal 0 0 -1
    outer loop
      vertex 8.8 0.114359 0
      vertex 62.2 0.114359 0
      vertex 62.3877 0.0217924 0
    endloop
  endfacet
  facet normal 0 0 -1
    outer loop
      vertex 8.61229 0.0217924 0
      vertex 62.3877 0.0217924 0
      vertex 62.4519 0 0
    endloop
  endfacet
  facet normal 0 0 -1
    outer loop
      vertex 61.4137 1.29116 0
      vertex 9.58631 1.29116 0
      vertex 9.6 1.5 0
    endloop
  endfacet
  facet normal 0 0 -1
    outer loop
      vertex 61.4545 1.08589 0
      vertex 9.54548 1.08589 0
      vertex 9.58631 1.29116 0
    endloop
  endfacet
  facet normal 0 0 -1
    outer loop
      vertex 61.5218 0.887706 0
      vertex 9.47821 0.887706 0
      vertex 9.54548 1.08589 0
    endloop
  endfacet
  facet normal 0 0 -1
    outer loop
      vertex 61.6144 0.7 0
      vertex 9.38564 0.7 0
      vertex 9.47821 0.887706 0
    endloop
  endfacet
  facet normal 0 0 -1
    outer loop
      vertex 61.7306 0.525981 0
      vertex 9.26937 0.525981 0
      vertex 9.38564 0.7 0
    endloop
  endfacet
  facet normal 0 0 -1
    outer loop
      vertex 61.8686 0.368629 0
      vertex 9.13137 0.368629 0
      vertex 9.26937 0.525981 0
    endloop
  endfacet
  facet normal 0 0 -1
    outer loop
      vertex 62.026 0.230634 0
      vertex 8.97402 0.230634 0
      vertex 9.13137 0.368629 0
    endloop
  endfacet
  facet normal 0 0 -1
    outer loop
      vertex 62.2 0.114359 0
      vertex 8.8 0.114359 0
      vertex 8.97402 0.230634 0
    endloop
  endfacet
  facet normal 0 0 -1
    outer loop
      vertex 62.3877 0.0217924 0
      vertex 8.61229 0.0217924 0
      vertex 8.8 0.114359 0
    endloop
  endfacet
  facet normal 0 -0 -1
    outer loop
      vertex 8.61229 0.0217924 0
      vertex 62.4519 0 0
      vertex 8.54809 0 0
    endloop
  endfacet
  facet normal 0 0 -1
    outer loop
      vertex 65.6548 6.97835 0
      vertex 71 0 0
      vertex 65.7074 6.82352 0
    endloop
  endfacet
  facet normal 0 0 -1
    outer loop
      vertex 71 36 0
      vertex 65.7393 29.3368 0
      vertex 65.75 29.5 0
    endloop
  endfacet
  facet normal 0 0 -1
    outer loop
      vertex 65.5825 7.125 0
      vertex 71 0 0
      vertex 65.6548 6.97835 0
    endloop
  endfacet
  facet normal 0 0 -1
    outer loop
      vertex 71 36 0
      vertex 65.7074 29.1765 0
      vertex 65.7393 29.3368 0
    endloop
  endfacet
  facet normal 0 0 -1
    outer loop
      vertex 71 0 0
      vertex 65.5825 7.125 0
      vertex 71 36 0
    endloop
  endfacet
  facet normal 0 0 -1
    outer loop
      vertex 71 36 0
      vertex 65.6548 29.0216 0
      vertex 65.7074 29.1765 0
    endloop
  endfacet
  facet normal 0 0 -1
    outer loop
      vertex 65.5825 28.875 0
      vertex 71 36 0
      vertex 65.5825 7.125 0
    endloop
  endfacet
  facet normal 0 0 -1
    outer loop
      vertex 71 36 0
      vertex 65.5825 28.875 0
      vertex 65.6548 29.0216 0
    endloop
  endfacet
  facet normal 0 0 -1
    outer loop
      vertex 65.4917 7.26095 0
      vertex 65.5825 28.875 0
      vertex 65.5825 7.125 0
    endloop
  endfacet
  facet normal 0 0 -1
    outer loop
      vertex 65.4917 7.26095 0
      vertex 65.4917 28.739 0
      vertex 65.5825 28.875 0
    endloop
  endfacet
  facet normal 0 0 -1
    outer loop
      vertex 65.3839 7.38388 0
      vertex 65.4917 28.739 0
      vertex 65.4917 7.26095 0
    endloop
  endfacet
  facet normal 0 0 -1
    outer loop
      vertex 65.3839 7.38388 0
      vertex 65.3839 28.6161 0
      vertex 65.4917 28.739 0
    endloop
  endfacet
  facet normal 0 0 -1
    outer loop
      vertex 65.2609 7.49169 0
      vertex 65.3839 28.6161 0
      vertex 65.3839 7.38388 0
    endloop
  endfacet
  facet normal 0 0 -1
    outer loop
      vertex 65.2609 7.49169 0
      vertex 65.2609 28.5083 0
      vertex 65.3839 28.6161 0
    endloop
  endfacet
  facet normal 0 0 -1
    outer loop
      vertex 65.125 7.58253 0
      vertex 65.2609 28.5083 0
      vertex 65.2609 7.49169 0
    endloop
  endfacet
  facet normal 0 0 -1
    outer loop
      vertex 65.125 7.58253 0
      vertex 65.125 28.4175 0
      vertex 65.2609 28.5083 0
    endloop
  endfacet
  facet normal 0 0 -1
    outer loop
      vertex 64.9784 7.65485 0
      vertex 65.125 28.4175 0
      vertex 65.125 7.58253 0
    endloop
  endfacet
  facet normal 0 0 -1
    outer loop
      vertex 64.9784 7.65485 0
      vertex 64.9784 28.3451 0
      vertex 65.125 28.4175 0
    endloop
  endfacet
  facet normal 0 0 -1
    outer loop
      vertex 64.8235 7.70741 0
      vertex 64.9784 28.3451 0
      vertex 64.9784 7.65485 0
    endloop
  endfacet
  facet normal 0 0 -1
    outer loop
      vertex 64.8235 7.70741 0
      vertex 64.8235 28.2926 0
      vertex 64.9784 28.3451 0
    endloop
  endfacet
  facet normal 0 0 -1
    outer loop
      vertex 64.6632 7.73931 0
      vertex 64.8235 28.2926 0
      vertex 64.8235 7.70741 0
    endloop
  endfacet
  facet normal 0 0 -1
    outer loop
      vertex 64.6632 7.73931 0
      vertex 64.6632 28.2607 0
      vertex 64.8235 28.2926 0
    endloop
  endfacet
  facet normal 0 0 -1
    outer loop
      vertex 64.5 7.75 0
      vertex 64.6632 28.2607 0
      vertex 64.6632 7.73931 0
    endloop
  endfacet
  facet normal 0 0 -1
    outer loop
      vertex 64.5 7.75 0
      vertex 64.5 28.25 0
      vertex 64.6632 28.2607 0
    endloop
  endfacet
  facet normal 0 0 -1
    outer loop
      vertex 64.3368 7.73931 0
      vertex 64.5 28.25 0
      vertex 64.5 7.75 0
    endloop
  endfacet
  facet normal 0 0 -1
    outer loop
      vertex 64.3368 7.73931 0
      vertex 64.3368 28.2607 0
      vertex 64.5 28.25 0
    endloop
  endfacet
  facet normal 0 0 -1
    outer loop
      vertex 64.1765 7.70741 0
      vertex 64.3368 28.2607 0
      vertex 64.3368 7.73931 0
    endloop
  endfacet
  facet normal 0 0 -1
    outer loop
      vertex 64.1765 7.70741 0
      vertex 64.1765 28.2926 0
      vertex 64.3368 28.2607 0
    endloop
  endfacet
  facet normal 0 0 -1
    outer loop
      vertex 64.0216 7.65485 0
      vertex 64.1765 28.2926 0
      vertex 64.1765 7.70741 0
    endloop
  endfacet
  facet normal 0 0 -1
    outer loop
      vertex 64.0216 7.65485 0
      vertex 64.0216 28.3451 0
      vertex 64.1765 28.2926 0
    endloop
  endfacet
  facet normal 0 0 -1
    outer loop
      vertex 63.875 7.58253 0
      vertex 64.0216 28.3451 0
      vertex 64.0216 7.65485 0
    endloop
  endfacet
  facet normal 0 0 -1
    outer loop
      vertex 63.875 7.58253 0
      vertex 63.875 28.4175 0
      vertex 64.0216 28.3451 0
    endloop
  endfacet
  facet normal 0 0 -1
    outer loop
      vertex 63.739 7.49169 0
      vertex 63.875 28.4175 0
      vertex 63.875 7.58253 0
    endloop
  endfacet
  facet normal 0 0 -1
    outer loop
      vertex 63.739 7.49169 0
      vertex 63.739 28.5083 0
      vertex 63.875 28.4175 0
    endloop
  endfacet
  facet normal 0 0 -1
    outer loop
      vertex 63.6161 7.38388 0
      vertex 63.739 28.5083 0
      vertex 63.739 7.49169 0
    endloop
  endfacet
  facet normal 0 0 -1
    outer loop
      vertex 63.6161 7.38388 0
      vertex 63.6161 28.6161 0
      vertex 63.739 28.5083 0
    endloop
  endfacet
  facet normal 0 0 -1
    outer loop
      vertex 63.5083 7.26095 0
      vertex 63.6161 28.6161 0
      vertex 63.6161 7.38388 0
    endloop
  endfacet
  facet normal 0 0 -1
    outer loop
      vertex 63.5083 7.26095 0
      vertex 63.5083 28.739 0
      vertex 63.6161 28.6161 0
    endloop
  endfacet
  facet normal 0 0 -1
    outer loop
      vertex 63.4175 7.125 0
      vertex 63.5083 28.739 0
      vertex 63.5083 7.26095 0
    endloop
  endfacet
  facet normal 0 0 -1
    outer loop
      vertex 63.4175 7.125 0
      vertex 63.4175 28.875 0
      vertex 63.5083 28.739 0
    endloop
  endfacet
  facet normal 0 0 -1
    outer loop
      vertex 63.3451 6.97835 0
      vertex 63.4175 28.875 0
      vertex 63.4175 7.125 0
    endloop
  endfacet
  facet normal 0 0 -1
    outer loop
      vertex 63.3451 6.97835 0
      vertex 63.3451 29.0216 0
      vertex 63.4175 28.875 0
    endloop
  endfacet
  facet normal 0 0 -1
    outer loop
      vertex 9.47821 2.11229 0
      vertex 7.70741 6.82352 0
      vertex 61.5218 2.11229 0
    endloop
  endfacet
  facet normal 0 0 -1
    outer loop
      vertex 61.5218 2.11229 0
      vertex 7.70741 6.82352 0
      vertex 63.2926 6.82352 0
    endloop
  endfacet
  facet normal 0 0 -1
    outer loop
      vertex 61.6144 2.3 0
      vertex 63.2926 6.82352 0
      vertex 63.2607 6.66316 0
    endloop
  endfacet
  facet normal 0 0 -1
    outer loop
      vertex 63.2926 6.82352 0
      vertex 7.70741 6.82352 0
      vertex 63.3451 6.97835 0
    endloop
  endfacet
  facet normal 0 0 -1
    outer loop
      vertex 61.7306 2.47402 0
      vertex 63.2607 6.66316 0
      vertex 63.25 6.5 0
    endloop
  endfacet
  facet normal 0 0 -1
    outer loop
      vertex 63.3451 29.0216 0
      vertex 7.75 29.5 0
      vertex 63.2926 29.1765 0
    endloop
  endfacet
  facet normal 0 0 -1
    outer loop
      vertex 65.7393 6.66316 0
      vertex 71 0 0
      vertex 65.75 6.5 0
    endloop
  endfacet
  facet normal 0 0 -1
    outer loop
      vertex 71 0 0
      vertex 65.7393 6.33684 0
      vertex 65.75 6.5 0
    endloop
  endfacet
  facet normal 0 0 -1
    outer loop
      vertex 71 0 0
      vertex 65.7074 6.17648 0
      vertex 65.7393 6.33684 0
    endloop
  endfacet
  facet normal 0 0 -1
    outer loop
      vertex 71 0 0
      vertex 65.6548 6.02165 0
      vertex 65.7074 6.17648 0
    endloop
  endfacet
  facet normal 0 0 -1
    outer loop
      vertex 71 0 0
      vertex 65.5825 5.875 0
      vertex 65.6548 6.02165 0
    endloop
  endfacet
  facet normal 0 0 -1
    outer loop
      vertex 71 0 0
      vertex 65.4917 5.73905 0
      vertex 65.5825 5.875 0
    endloop
  endfacet
  facet normal 0 0 -1
    outer loop
      vertex 71 0 0
      vertex 65.3839 5.61612 0
      vertex 65.4917 5.73905 0
    endloop
  endfacet
  facet normal 0 0 -1
    outer loop
      vertex 64.5455 1.91411 0
      vertex 65.3839 5.61612 0
      vertex 71 0 0
    endloop
  endfacet
  facet normal 0 0 -1
    outer loop
      vertex 64.4782 2.11229 0
      vertex 65.3839 5.61612 0
      vertex 64.5455 1.91411 0
    endloop
  endfacet
  facet normal 0 0 -1
    outer loop
      vertex 65.3839 5.61612 0
      vertex 64.4782 2.11229 0
      vertex 65.2609 5.50831 0
    endloop
  endfacet
  facet normal 0 0 -1
    outer loop
      vertex 64.3856 2.3 0
      vertex 65.2609 5.50831 0
      vertex 64.4782 2.11229 0
    endloop
  endfacet
  facet normal 0 0 -1
    outer loop
      vertex 65.2609 5.50831 0
      vertex 64.3856 2.3 0
      vertex 65.125 5.41747 0
    endloop
  endfacet
  facet normal 0 0 -1
    outer loop
      vertex 64.5863 1.70884 0
      vertex 71 0 0
      vertex 64.6 1.5 0
    endloop
  endfacet
  facet normal 0 0 -1
    outer loop
      vertex 71 0 0
      vertex 64.5863 1.29116 0
      vertex 64.6 1.5 0
    endloop
  endfacet
  facet normal 0 0 -1
    outer loop
      vertex 71 0 0
      vertex 64.5455 1.08589 0
      vertex 64.5863 1.29116 0
    endloop
  endfacet
  facet normal 0 0 -1
    outer loop
      vertex 71 0 0
      vertex 64.4782 0.887706 0
      vertex 64.5455 1.08589 0
    endloop
  endfacet
  facet normal 0 0 -1
    outer loop
      vertex 71 0 0
      vertex 64.3856 0.7 0
      vertex 64.4782 0.887706 0
    endloop
  endfacet
  facet normal 0 0 -1
    outer loop
      vertex 71 0 0
      vertex 64.2694 0.525981 0
      vertex 64.3856 0.7 0
    endloop
  endfacet
  facet normal 0 0 -1
    outer loop
      vertex 71 0 0
      vertex 64.1314 0.368629 0
      vertex 64.2694 0.525981 0
    endloop
  endfacet
  facet normal 0 0 -1
    outer loop
      vertex 71 0 0
      vertex 63.974 0.230634 0
      vertex 64.1314 0.368629 0
    endloop
  endfacet
  facet normal 0 0 -1
    outer loop
      vertex 71 0 0
      vertex 63.8 0.114359 0
      vertex 63.974 0.230634 0
    endloop
  endfacet
  facet normal 0 0 -1
    outer loop
      vertex 71 0 0
      vertex 63.6123 0.0217924 0
      vertex 63.8 0.114359 0
    endloop
  endfacet
  facet normal 0 -0 -1
    outer loop
      vertex 63.6123 0.0217924 0
      vertex 71 0 0
      vertex 63.5481 0 0
    endloop
  endfacet
  facet normal 0 0 -1
    outer loop
      vertex 65.7074 6.82352 0
      vertex 71 0 0
      vertex 65.7393 6.66316 0
    endloop
  endfacet
  facet normal 0 0 -1
    outer loop
      vertex 65.7393 29.6632 0
      vertex 71 36 0
      vertex 65.75 29.5 0
    endloop
  endfacet
  facet normal 0 0 -1
    outer loop
      vertex 65.7074 29.8235 0
      vertex 71 36 0
      vertex 65.7393 29.6632 0
    endloop
  endfacet
  facet normal 0 0 -1
    outer loop
      vertex 65.6548 29.9784 0
      vertex 71 36 0
      vertex 65.7074 29.8235 0
    endloop
  endfacet
  facet normal 0 0 -1
    outer loop
      vertex 65.5825 30.125 0
      vertex 71 36 0
      vertex 65.6548 29.9784 0
    endloop
  endfacet
  facet normal 0 0 -1
    outer loop
      vertex 65.4917 30.261 0
      vertex 71 36 0
      vertex 65.5825 30.125 0
    endloop
  endfacet
  facet normal 0 0 -1
    outer loop
      vertex 65.3839 30.3839 0
      vertex 71 36 0
      vertex 65.4917 30.261 0
    endloop
  endfacet
  facet normal 0 0 -1
    outer loop
      vertex 65.2609 30.4917 0
      vertex 71 36 0
      vertex 65.3839 30.3839 0
    endloop
  endfacet
  facet normal 0 0 -1
    outer loop
      vertex 65.125 30.5825 0
      vertex 71 36 0
      vertex 65.2609 30.4917 0
    endloop
  endfacet
  facet normal 0 0 -1
    outer loop
      vertex 64.9784 30.6549 0
      vertex 71 36 0
      vertex 65.125 30.5825 0
    endloop
  endfacet
  facet normal 0 0 -1
    outer loop
      vertex 64.8235 30.7074 0
      vertex 71 36 0
      vertex 64.9784 30.6549 0
    endloop
  endfacet
  facet normal 0 0 -1
    outer loop
      vertex 64.6632 30.7393 0
      vertex 71 36 0
      vertex 64.8235 30.7074 0
    endloop
  endfacet
  facet normal 0 0 -1
    outer loop
      vertex 64.5 30.75 0
      vertex 71 36 0
      vertex 64.6632 30.7393 0
    endloop
  endfacet
  facet normal 0 0 -1
    outer loop
      vertex 64.3368 30.7393 0
      vertex 71 36 0
      vertex 64.5 30.75 0
    endloop
  endfacet
  facet normal 0 0 -1
    outer loop
      vertex 64.1765 30.7074 0
      vertex 71 36 0
      vertex 64.3368 30.7393 0
    endloop
  endfacet
  facet normal 0 0 -1
    outer loop
      vertex 64.0216 30.6549 0
      vertex 71 36 0
      vertex 64.1765 30.7074 0
    endloop
  endfacet
  facet normal 0 0 -1
    outer loop
      vertex 63.875 30.5825 0
      vertex 71 36 0
      vertex 64.0216 30.6549 0
    endloop
  endfacet
  facet normal 0 0 -1
    outer loop
      vertex 7.125 30.5825 0
      vertex 63.875 30.5825 0
      vertex 63.739 30.4917 0
    endloop
  endfacet
  facet normal 0 0 -1
    outer loop
      vertex 62.2 2.88564 0
      vertex 63.3451 6.02165 0
      vertex 62.3877 2.97821 0
    endloop
  endfacet
  facet normal -0 0 -1
    outer loop
      vertex 63.3451 6.02165 0
      vertex 62.2 2.88564 0
      vertex 63.2926 6.17648 0
    endloop
  endfacet
  facet normal 0 0 -1
    outer loop
      vertex 62.026 2.76937 0
      vertex 63.2926 6.17648 0
      vertex 62.2 2.88564 0
    endloop
  endfacet
  facet normal -0 0 -1
    outer loop
      vertex 63.2926 6.17648 0
      vertex 62.026 2.76937 0
      vertex 63.2607 6.33684 0
    endloop
  endfacet
  facet normal 0 0 -1
    outer loop
      vertex 61.8686 2.63137 0
      vertex 63.2607 6.33684 0
      vertex 62.026 2.76937 0
    endloop
  endfacet
  facet normal -0 0 -1
    outer loop
      vertex 63.2607 6.33684 0
      vertex 61.8686 2.63137 0
      vertex 63.25 6.5 0
    endloop
  endfacet
  facet normal 0 0 -1
    outer loop
      vertex 61.7306 2.47402 0
      vertex 63.25 6.5 0
      vertex 61.8686 2.63137 0
    endloop
  endfacet
  facet normal 0 0 -1
    outer loop
      vertex 63.2607 6.66316 0
      vertex 61.7306 2.47402 0
      vertex 61.6144 2.3 0
    endloop
  endfacet
  facet normal 0 0 -1
    outer loop
      vertex 63.2926 6.82352 0
      vertex 61.6144 2.3 0
      vertex 61.5218 2.11229 0
    endloop
  endfacet
  facet normal 0 0 -1
    outer loop
      vertex 9.38564 2.3 0
      vertex 7.70741 6.82352 0
      vertex 9.47821 2.11229 0
    endloop
  endfacet
  facet normal 0 0 -1
    outer loop
      vertex 9.47821 2.11229 0
      vertex 61.5218 2.11229 0
      vertex 61.4545 1.91411 0
    endloop
  endfacet
  facet normal 0 0 -1
    outer loop
      vertex 9.54548 1.91411 0
      vertex 61.4545 1.91411 0
      vertex 61.4137 1.70884 0
    endloop
  endfacet
  facet normal 0 0 -1
    outer loop
      vertex 63.2926 29.1765 0
      vertex 7.75 29.5 0
      vertex 63.2607 29.3368 0
    endloop
  endfacet
  facet normal 0 0 -1
    outer loop
      vertex 9.6 1.5 0
      vertex 61.4137 1.70884 0
      vertex 61.4 1.5 0
    endloop
  endfacet
  facet normal 0 0 -1
    outer loop
      vertex 9.58631 1.70884 0
      vertex 61.4137 1.70884 0
      vertex 9.6 1.5 0
    endloop
  endfacet
  facet normal 0 0 -1
    outer loop
      vertex 9.54548 1.91411 0
      vertex 61.4137 1.70884 0
      vertex 9.58631 1.70884 0
    endloop
  endfacet
  facet normal 0 0 -1
    outer loop
      vertex 61.4545 1.91411 0
      vertex 9.54548 1.91411 0
      vertex 9.47821 2.11229 0
    endloop
  endfacet
  facet normal 0 0 -1
    outer loop
      vertex 7.70741 6.82352 0
      vertex 9.38564 2.3 0
      vertex 7.73931 6.66316 0
    endloop
  endfacet
  facet normal 0 0 -1
    outer loop
      vertex 63.2607 29.3368 0
      vertex 7.75 29.5 0
      vertex 63.25 29.5 0
    endloop
  endfacet
  facet normal 0 0 -1
    outer loop
      vertex 63.25 29.5 0
      vertex 7.75 29.5 0
      vertex 63.2607 29.6632 0
    endloop
  endfacet
  facet normal 0 0 -1
    outer loop
      vertex 7.73931 29.6632 0
      vertex 63.2607 29.6632 0
      vertex 7.75 29.5 0
    endloop
  endfacet
  facet normal 0 0 -1
    outer loop
      vertex 63.2607 29.6632 0
      vertex 7.73931 29.6632 0
      vertex 63.2926 29.8235 0
    endloop
  endfacet
  facet normal 0 0 -1
    outer loop
      vertex 7.70741 29.8235 0
      vertex 63.2926 29.8235 0
      vertex 7.73931 29.6632 0
    endloop
  endfacet
  facet normal 0 0 -1
    outer loop
      vertex 63.2926 29.8235 0
      vertex 7.70741 29.8235 0
      vertex 63.3451 29.9784 0
    endloop
  endfacet
  facet normal 0 0 -1
    outer loop
      vertex 7.65485 29.9784 0
      vertex 63.3451 29.9784 0
      vertex 7.70741 29.8235 0
    endloop
  endfacet
  facet normal 0 0 -1
    outer loop
      vertex 9.26937 2.47402 0
      vertex 7.73931 6.66316 0
      vertex 9.38564 2.3 0
    endloop
  endfacet
  facet normal 0 0 -1
    outer loop
      vertex 7.73931 6.66316 0
      vertex 9.26937 2.47402 0
      vertex 7.75 6.5 0
    endloop
  endfacet
  facet normal 0 0 -1
    outer loop
      vertex 7.75 6.5 0
      vertex 9.26937 2.47402 0
      vertex 9.13137 2.63137 0
    endloop
  endfacet
  facet normal 0 0 -1
    outer loop
      vertex 7.73931 6.33684 0
      vertex 9.13137 2.63137 0
      vertex 8.97402 2.76937 0
    endloop
  endfacet
  facet normal 0 0 -1
    outer loop
      vertex 7.73931 6.33684 0
      vertex 8.97402 2.76937 0
      vertex 8.8 2.88564 0
    endloop
  endfacet
  facet normal 0 0 -1
    outer loop
      vertex 7.73931 6.33684 0
      vertex 8.8 2.88564 0
      vertex 8.61229 2.97821 0
    endloop
  endfacet
  facet normal 0 0 -1
    outer loop
      vertex 7.73931 6.33684 0
      vertex 8.61229 2.97821 0
      vertex 8.41411 3.04548 0
    endloop
  endfacet
  facet normal 0 0 -1
    outer loop
      vertex 7.73931 6.33684 0
      vertex 8.41411 3.04548 0
      vertex 8.20884 3.08631 0
    endloop
  endfacet
  facet normal 0 0 -1
    outer loop
      vertex 7.73931 6.33684 0
      vertex 8.20884 3.08631 0
      vertex 8 3.1 0
    endloop
  endfacet
  facet normal 0 0 -1
    outer loop
      vertex 7.125 5.41747 0
      vertex 8 3.1 0
      vertex 7.79116 3.08631 0
    endloop
  endfacet
  facet normal 0 0 -1
    outer loop
      vertex 63.3451 29.9784 0
      vertex 7.65485 29.9784 0
      vertex 63.4175 30.125 0
    endloop
  endfacet
  facet normal 0 0 -1
    outer loop
      vertex 7.58253 30.125 0
      vertex 63.4175 30.125 0
      vertex 7.65485 29.9784 0
    endloop
  endfacet
  facet normal 0 0 -1
    outer loop
      vertex 63.4175 30.125 0
      vertex 7.58253 30.125 0
      vertex 63.5083 30.261 0
    endloop
  endfacet
  facet normal 0 0 -1
    outer loop
      vertex 7.49169 30.261 0
      vertex 63.5083 30.261 0
      vertex 7.58253 30.125 0
    endloop
  endfacet
  facet normal 0 0 -1
    outer loop
      vertex 63.5083 30.261 0
      vertex 7.49169 30.261 0
      vertex 63.6161 30.3839 0
    endloop
  endfacet
  facet normal 0 0 -1
    outer loop
      vertex 7.38388 30.3839 0
      vertex 63.6161 30.3839 0
      vertex 7.49169 30.261 0
    endloop
  endfacet
  facet normal 0 0 -1
    outer loop
      vertex 63.6161 30.3839 0
      vertex 7.38388 30.3839 0
      vertex 63.739 30.4917 0
    endloop
  endfacet
  facet normal 0 0 -1
    outer loop
      vertex 7.26095 30.4917 0
      vertex 63.739 30.4917 0
      vertex 7.38388 30.3839 0
    endloop
  endfacet
  facet normal 0 0 -1
    outer loop
      vertex 7.125 30.5825 0
      vertex 63.739 30.4917 0
      vertex 7.26095 30.4917 0
    endloop
  endfacet
  facet normal 0 0 -1
    outer loop
      vertex 63.875 30.5825 0
      vertex 7.125 30.5825 0
      vertex 71 36 0
    endloop
  endfacet
  facet normal 0 0 -1
    outer loop
      vertex 0 36 0
      vertex 7.125 30.5825 0
      vertex 6.97835 30.6549 0
    endloop
  endfacet
  facet normal 0 0 -1
    outer loop
      vertex 0 36 0
      vertex 6.97835 30.6549 0
      vertex 6.82352 30.7074 0
    endloop
  endfacet
  facet normal 0 0 -1
    outer loop
      vertex 0 36 0
      vertex 6.82352 30.7074 0
      vertex 6.66316 30.7393 0
    endloop
  endfacet
  facet normal 0 0 -1
    outer loop
      vertex 0 36 0
      vertex 6.66316 30.7393 0
      vertex 6.5 30.75 0
    endloop
  endfacet
  facet normal 0 0 -1
    outer loop
      vertex 0 36 0
      vertex 6.5 30.75 0
      vertex 6.33684 30.7393 0
    endloop
  endfacet
  facet normal 0 0 -1
    outer loop
      vertex 5.26069 29.3368 0
      vertex 0 36 0
      vertex 5.25 29.5 0
    endloop
  endfacet
  facet normal 0 0 -1
    outer loop
      vertex 7.125 30.5825 0
      vertex 0 36 0
      vertex 71 36 0
    endloop
  endfacet
  facet normal 0 0 -1
    outer loop
      vertex 6.17648 30.7074 0
      vertex 0 36 0
      vertex 6.33684 30.7393 0
    endloop
  endfacet
  facet normal 0 0 -1
    outer loop
      vertex 6.02165 30.6549 0
      vertex 0 36 0
      vertex 6.17648 30.7074 0
    endloop
  endfacet
  facet normal 0 0 -1
    outer loop
      vertex 5.875 30.5825 0
      vertex 0 36 0
      vertex 6.02165 30.6549 0
    endloop
  endfacet
  facet normal 0 0 -1
    outer loop
      vertex 5.73905 30.4917 0
      vertex 0 36 0
      vertex 5.875 30.5825 0
    endloop
  endfacet
  facet normal 0 0 -1
    outer loop
      vertex 5.61612 30.3839 0
      vertex 0 36 0
      vertex 5.73905 30.4917 0
    endloop
  endfacet
  facet normal 0 0 -1
    outer loop
      vertex 5.50831 30.261 0
      vertex 0 36 0
      vertex 5.61612 30.3839 0
    endloop
  endfacet
  facet normal 0 0 -1
    outer loop
      vertex 5.41747 30.125 0
      vertex 0 36 0
      vertex 5.50831 30.261 0
    endloop
  endfacet
  facet normal 0 0 -1
    outer loop
      vertex 5.34515 29.9784 0
      vertex 0 36 0
      vertex 5.41747 30.125 0
    endloop
  endfacet
  facet normal 0 0 -1
    outer loop
      vertex 5.29259 29.8235 0
      vertex 0 36 0
      vertex 5.34515 29.9784 0
    endloop
  endfacet
  facet normal 0 0 -1
    outer loop
      vertex 5.26069 29.6632 0
      vertex 0 36 0
      vertex 5.29259 29.8235 0
    endloop
  endfacet
  facet normal 0 0 -1
    outer loop
      vertex 5.25 29.5 0
      vertex 0 36 0
      vertex 5.26069 29.6632 0
    endloop
  endfacet
  facet normal 0 0 -1
    outer loop
      vertex 64.5455 1.91411 0
      vertex 71 0 0
      vertex 64.5863 1.70884 0
    endloop
  endfacet
  facet normal 0 0 -1
    outer loop
      vertex 64.2694 2.47402 0
      vertex 65.125 5.41747 0
      vertex 64.3856 2.3 0
    endloop
  endfacet
  facet normal 0 0 -1
    outer loop
      vertex 65.125 5.41747 0
      vertex 64.2694 2.47402 0
      vertex 64.9784 5.34515 0
    endloop
  endfacet
  facet normal 0 0 -1
    outer loop
      vertex 64.1314 2.63137 0
      vertex 64.9784 5.34515 0
      vertex 64.2694 2.47402 0
    endloop
  endfacet
  facet normal 0 0 -1
    outer loop
      vertex 64.9784 5.34515 0
      vertex 64.1314 2.63137 0
      vertex 64.8235 5.29259 0
    endloop
  endfacet
  facet normal 0 0 -1
    outer loop
      vertex 64.8235 5.29259 0
      vertex 64.1314 2.63137 0
      vertex 64.6632 5.26069 0
    endloop
  endfacet
  facet normal 0 0 -1
    outer loop
      vertex 63.974 2.76937 0
      vertex 64.6632 5.26069 0
      vertex 64.1314 2.63137 0
    endloop
  endfacet
  facet normal 0 0 -1
    outer loop
      vertex 64.6632 5.26069 0
      vertex 63.974 2.76937 0
      vertex 64.5 5.25 0
    endloop
  endfacet
  facet normal 0 0 -1
    outer loop
      vertex 63.8 2.88564 0
      vertex 64.5 5.25 0
      vertex 63.974 2.76937 0
    endloop
  endfacet
  facet normal -0 0 -1
    outer loop
      vertex 64.5 5.25 0
      vertex 63.8 2.88564 0
      vertex 64.3368 5.26069 0
    endloop
  endfacet
  facet normal 0 0 -1
    outer loop
      vertex 63.6123 2.97821 0
      vertex 64.3368 5.26069 0
      vertex 63.8 2.88564 0
    endloop
  endfacet
  facet normal -0 0 -1
    outer loop
      vertex 64.3368 5.26069 0
      vertex 63.6123 2.97821 0
      vertex 64.1765 5.29259 0
    endloop
  endfacet
  facet normal 0 0 -1
    outer loop
      vertex 63.4141 3.04548 0
      vertex 64.1765 5.29259 0
      vertex 63.6123 2.97821 0
    endloop
  endfacet
  facet normal -0 0 -1
    outer loop
      vertex 64.1765 5.29259 0
      vertex 63.4141 3.04548 0
      vertex 64.0216 5.34515 0
    endloop
  endfacet
  facet normal 0 0 -1
    outer loop
      vertex 63.2088 3.08631 0
      vertex 64.0216 5.34515 0
      vertex 63.4141 3.04548 0
    endloop
  endfacet
  facet normal -0 0 -1
    outer loop
      vertex 64.0216 5.34515 0
      vertex 63.2088 3.08631 0
      vertex 63.875 5.41747 0
    endloop
  endfacet
  facet normal 0 0 -1
    outer loop
      vertex 63 3.1 0
      vertex 63.875 5.41747 0
      vertex 63.2088 3.08631 0
    endloop
  endfacet
  facet normal -0 0 -1
    outer loop
      vertex 63.875 5.41747 0
      vertex 63 3.1 0
      vertex 63.739 5.50831 0
    endloop
  endfacet
  facet normal 0 0 -1
    outer loop
      vertex 62.7912 3.08631 0
      vertex 63.739 5.50831 0
      vertex 63 3.1 0
    endloop
  endfacet
  facet normal -0 0 -1
    outer loop
      vertex 63.739 5.50831 0
      vertex 62.7912 3.08631 0
      vertex 63.6161 5.61612 0
    endloop
  endfacet
  facet normal -0 0 -1
    outer loop
      vertex 63.6161 5.61612 0
      vertex 62.7912 3.08631 0
      vertex 63.5083 5.73905 0
    endloop
  endfacet
  facet normal 0 0 -1
    outer loop
      vertex 62.5859 3.04548 0
      vertex 63.5083 5.73905 0
      vertex 62.7912 3.08631 0
    endloop
  endfacet
  facet normal -0 0 -1
    outer loop
      vertex 63.5083 5.73905 0
      vertex 62.5859 3.04548 0
      vertex 63.4175 5.875 0
    endloop
  endfacet
  facet normal -0 0 -1
    outer loop
      vertex 63.4175 5.875 0
      vertex 62.3877 2.97821 0
      vertex 63.3451 6.02165 0
    endloop
  endfacet
  facet normal 0 0 -1
    outer loop
      vertex 62.3877 2.97821 0
      vertex 63.4175 5.875 0
      vertex 62.5859 3.04548 0
    endloop
  endfacet
  facet normal -1 0 0
    outer loop
      vertex 0 0 0
      vertex 0 36 11
      vertex 0 36 0
    endloop
  endfacet
  facet normal -1 -0 0
    outer loop
      vertex 0 36 11
      vertex 0 0 0
      vertex 0 0 11
    endloop
  endfacet
  facet normal 0 1 -0
    outer loop
      vertex 71 36 0
      vertex 0 36 11
      vertex 71 36 11
    endloop
  endfacet
  facet normal 0 1 0
    outer loop
      vertex 0 36 11
      vertex 71 36 0
      vertex 0 36 0
    endloop
  endfacet
  facet normal 0 -1 0
    outer loop
      vertex 8.54809 0 0
      vertex 62.4519 0 4
      vertex 8.54809 0 4
    endloop
  endfacet
  facet normal 0 -1 -0
    outer loop
      vertex 62.4519 0 4
      vertex 8.54809 0 0
      vertex 62.4519 0 0
    endloop
  endfacet
  facet normal 0 -1 0
    outer loop
      vertex 8.54809 0 4
      vertex 0 0 11
      vertex 7.45191 0 4
    endloop
  endfacet
  facet normal 0 -1 0
    outer loop
      vertex 0 0 0
      vertex 7.45191 0 4
      vertex 0 0 11
    endloop
  endfacet
  facet normal 0 -1 -0
    outer loop
      vertex 7.45191 0 4
      vertex 0 0 0
      vertex 7.45191 0 0
    endloop
  endfacet
  facet normal 0 -1 0
    outer loop
      vertex 0 0 11
      vertex 8.54809 0 4
      vertex 71 0 11
    endloop
  endfacet
  facet normal 0 -1 0
    outer loop
      vertex 62.4519 0 4
      vertex 71 0 11
      vertex 8.54809 0 4
    endloop
  endfacet
  facet normal 0 -1 0
    outer loop
      vertex 63.5481 0 4
      vertex 71 0 11
      vertex 62.4519 0 4
    endloop
  endfacet
  facet normal 0 -1 0
    outer loop
      vertex 71 0 0
      vertex 63.5481 0 4
      vertex 63.5481 0 0
    endloop
  endfacet
  facet normal 0 -1 0
    outer loop
      vertex 63.5481 0 4
      vertex 71 0 0
      vertex 71 0 11
    endloop
  endfacet
  facet normal 0 0 1
    outer loop
      vertex 71 36 11
      vertex 68 33 11
      vertex 71 33 11
    endloop
  endfacet
  facet normal 0 0 1
    outer loop
      vertex 71 36 11
      vertex 3 33 11
      vertex 68 33 11
    endloop
  endfacet
  facet normal 0 0 1
    outer loop
      vertex 3 33 11
      vertex 0 36 11
      vertex 3 3 11
    endloop
  endfacet
  facet normal -0 0 1
    outer loop
      vertex 0 36 11
      vertex 3 33 11
      vertex 71 36 11
    endloop
  endfacet
  facet normal -0 0 1
    outer loop
      vertex 68 3 11
      vertex 71 0 11
      vertex 71 3 11
    endloop
  endfacet
  facet normal -0 0 1
    outer loop
      vertex 3 3 11
      vertex 71 0 11
      vertex 68 3 11
    endloop
  endfacet
  facet normal 0 0 1
    outer loop
      vertex 3 3 11
      vertex 0 0 11
      vertex 71 0 11
    endloop
  endfacet
  facet normal 0 0 1
    outer loop
      vertex 0 0 11
      vertex 3 3 11
      vertex 0 36 11
    endloop
  endfacet
  facet normal 0 1 -0
    outer loop
      vertex 71 3 3
      vertex 68 3 11
      vertex 71 3 11
    endloop
  endfacet
  facet normal 0 1 0
    outer loop
      vertex 68 3 11
      vertex 71 3 3
      vertex 68 3 3
    endloop
  endfacet
  facet normal 0 1 -0
    outer loop
      vertex 62.4519 3 3
      vertex 8.54809 3 4
      vertex 62.4519 3 4
    endloop
  endfacet
  facet normal 0 1 0
    outer loop
      vertex 8.54809 3 4
      vertex 62.4519 3 3
      vertex 8.54809 3 3
    endloop
  endfacet
  facet normal 0 1 0
    outer loop
      vertex 62.4519 3 4
      vertex 68 3 11
      vertex 63.5481 3 4
    endloop
  endfacet
  facet normal 0 1 -0
    outer loop
      vertex 68 3 3
      vertex 63.5481 3 4
      vertex 68 3 11
    endloop
  endfacet
  facet normal 0 1 0
    outer loop
      vertex 63.5481 3 4
      vertex 68 3 3
      vertex 63.5481 3 3
    endloop
  endfacet
  facet normal 0 1 0
    outer loop
      vertex 68 3 11
      vertex 62.4519 3 4
      vertex 3 3 11
    endloop
  endfacet
  facet normal 0 1 -0
    outer loop
      vertex 8.54809 3 4
      vertex 3 3 11
      vertex 62.4519 3 4
    endloop
  endfacet
  facet normal 0 1 -0
    outer loop
      vertex 7.45191 3 4
      vertex 3 3 11
      vertex 8.54809 3 4
    endloop
  endfacet
  facet normal 0 1 0
    outer loop
      vertex 3 3 3
      vertex 7.45191 3 4
      vertex 7.45191 3 3
    endloop
  endfacet
  facet normal 0 1 0
    outer loop
      vertex 7.45191 3 4
      vertex 3 3 3
      vertex 3 3 11
    endloop
  endfacet
  facet normal 0 -1 0
    outer loop
      vertex 68 33 3
      vertex 71 33 11
      vertex 68 33 11
    endloop
  endfacet
  facet normal 0 -1 -0
    outer loop
      vertex 71 33 11
      vertex 68 33 3
      vertex 71 33 3
    endloop
  endfacet
  facet normal 0 -1 0
    outer loop
      vertex 3 33 3
      vertex 68 33 11
      vertex 3 33 11
    endloop
  endfacet
  facet normal 0 -1 -0
    outer loop
      vertex 68 33 11
      vertex 3 33 3
      vertex 68 33 3
    endloop
  endfacet
  facet normal 1 -0 0
    outer loop
      vertex 3 3 11
      vertex 3 33 3
      vertex 3 33 11
    endloop
  endfacet
  facet normal 1 0 0
    outer loop
      vertex 3 33 3
      vertex 3 3 11
      vertex 3 3 3
    endloop
  endfacet
  facet normal -0.195105 0.980782 0
    outer loop
      vertex 6.82352 5.29259 0
      vertex 6.66316 5.26069 3
      vertex 6.82352 5.29259 3
    endloop
  endfacet
  facet normal -0.195105 0.980782 0
    outer loop
      vertex 6.66316 5.26069 3
      vertex 6.82352 5.29259 0
      vertex 6.66316 5.26069 0
    endloop
  endfacet
  facet normal -0.980782 -0.195105 0
    outer loop
      vertex 7.73931 6.66316 0
      vertex 7.70741 6.82352 3
      vertex 7.70741 6.82352 0
    endloop
  endfacet
  facet normal -0.980782 -0.195105 0
    outer loop
      vertex 7.70741 6.82352 3
      vertex 7.73931 6.66316 0
      vertex 7.73931 6.66316 3
    endloop
  endfacet
  facet normal -0.997861 -0.0653783 0
    outer loop
      vertex 7.75 6.5 0
      vertex 7.73931 6.66316 3
      vertex 7.73931 6.66316 0
    endloop
  endfacet
  facet normal -0.997861 -0.0653783 0
    outer loop
      vertex 7.73931 6.66316 3
      vertex 7.75 6.5 0
      vertex 7.75 6.5 3
    endloop
  endfacet
  facet normal 0.659357 -0.75183 0
    outer loop
      vertex 5.61612 7.38388 0
      vertex 5.73905 7.49169 3
      vertex 5.61612 7.38388 3
    endloop
  endfacet
  facet normal 0.659357 -0.75183 0
    outer loop
      vertex 5.73905 7.49169 3
      vertex 5.61612 7.38388 0
      vertex 5.73905 7.49169 0
    endloop
  endfacet
  facet normal 0.321452 0.946926 -0
    outer loop
      vertex 6.17648 5.29259 0
      vertex 6.02165 5.34515 3
      vertex 6.17648 5.29259 3
    endloop
  endfacet
  facet normal 0.321452 0.946926 0
    outer loop
      vertex 6.02165 5.34515 3
      vertex 6.17648 5.29259 0
      vertex 6.02165 5.34515 0
    endloop
  endfacet
  facet normal 0.195105 0.980782 -0
    outer loop
      vertex 6.33684 5.26069 0
      vertex 6.17648 5.29259 3
      vertex 6.33684 5.26069 3
    endloop
  endfacet
  facet normal 0.195105 0.980782 0
    outer loop
      vertex 6.17648 5.29259 3
      vertex 6.33684 5.26069 0
      vertex 6.17648 5.29259 0
    endloop
  endfacet
  facet normal 0.555575 0.831466 -0
    outer loop
      vertex 5.875 5.41747 0
      vertex 5.73905 5.50831 3
      vertex 5.875 5.41747 3
    endloop
  endfacet
  facet normal 0.555575 0.831466 0
    outer loop
      vertex 5.73905 5.50831 3
      vertex 5.875 5.41747 0
      vertex 5.73905 5.50831 0
    endloop
  endfacet
  facet normal -0.946926 0.321452 0
    outer loop
      vertex 7.65485 6.02165 0
      vertex 7.70741 6.17648 3
      vertex 7.70741 6.17648 0
    endloop
  endfacet
  facet normal -0.946926 0.321452 0
    outer loop
      vertex 7.70741 6.17648 3
      vertex 7.65485 6.02165 0
      vertex 7.65485 6.02165 3
    endloop
  endfacet
  facet normal 0.44229 0.896872 -0
    outer loop
      vertex 6.02165 5.34515 0
      vertex 5.875 5.41747 3
      vertex 6.02165 5.34515 3
    endloop
  endfacet
  facet normal 0.44229 0.896872 0
    outer loop
      vertex 5.875 5.41747 3
      vertex 6.02165 5.34515 0
      vertex 5.875 5.41747 0
    endloop
  endfacet
  facet normal 0.980782 0.195105 0
    outer loop
      vertex 5.29259 6.17648 3
      vertex 5.26069 6.33684 0
      vertex 5.26069 6.33684 3
    endloop
  endfacet
  facet normal 0.980782 0.195105 0
    outer loop
      vertex 5.26069 6.33684 0
      vertex 5.29259 6.17648 3
      vertex 5.29259 6.17648 0
    endloop
  endfacet
  facet normal 0.195105 -0.980782 0
    outer loop
      vertex 6.17648 7.70741 0
      vertex 6.33684 7.73931 3
      vertex 6.17648 7.70741 3
    endloop
  endfacet
  facet normal 0.195105 -0.980782 0
    outer loop
      vertex 6.33684 7.73931 3
      vertex 6.17648 7.70741 0
      vertex 6.33684 7.73931 0
    endloop
  endfacet
  facet normal -0.831466 -0.555575 0
    outer loop
      vertex 7.58253 7.125 0
      vertex 7.49169 7.26095 3
      vertex 7.49169 7.26095 0
    endloop
  endfacet
  facet normal -0.831466 -0.555575 0
    outer loop
      vertex 7.49169 7.26095 3
      vertex 7.58253 7.125 0
      vertex 7.58253 7.125 3
    endloop
  endfacet
  facet normal 0.44229 -0.896872 0
    outer loop
      vertex 5.875 7.58253 0
      vertex 6.02165 7.65485 3
      vertex 5.875 7.58253 3
    endloop
  endfacet
  facet normal 0.44229 -0.896872 0
    outer loop
      vertex 6.02165 7.65485 3
      vertex 5.875 7.58253 0
      vertex 6.02165 7.65485 0
    endloop
  endfacet
  facet normal -0.321452 -0.946926 0
    outer loop
      vertex 6.82352 7.70741 0
      vertex 6.97835 7.65485 3
      vertex 6.82352 7.70741 3
    endloop
  endfacet
  facet normal -0.321452 -0.946926 -0
    outer loop
      vertex 6.97835 7.65485 3
      vertex 6.82352 7.70741 0
      vertex 6.97835 7.65485 0
    endloop
  endfacet
  facet normal -0.659357 -0.75183 0
    outer loop
      vertex 7.26095 7.49169 0
      vertex 7.38388 7.38388 3
      vertex 7.26095 7.49169 3
    endloop
  endfacet
  facet normal -0.659357 -0.75183 -0
    outer loop
      vertex 7.38388 7.38388 3
      vertex 7.26095 7.49169 0
      vertex 7.38388 7.38388 0
    endloop
  endfacet
  facet normal -0.896872 0.44229 0
    outer loop
      vertex 7.58253 5.875 0
      vertex 7.65485 6.02165 3
      vertex 7.65485 6.02165 0
    endloop
  endfacet
  facet normal -0.896872 0.44229 0
    outer loop
      vertex 7.65485 6.02165 3
      vertex 7.58253 5.875 0
      vertex 7.58253 5.875 3
    endloop
  endfacet
  facet normal -0.997861 0.0653783 0
    outer loop
      vertex 7.73931 6.33684 0
      vertex 7.75 6.5 3
      vertex 7.75 6.5 0
    endloop
  endfacet
  facet normal -0.997861 0.0653783 0
    outer loop
      vertex 7.75 6.5 3
      vertex 7.73931 6.33684 0
      vertex 7.73931 6.33684 3
    endloop
  endfacet
  facet normal 0.75183 -0.659357 0
    outer loop
      vertex 5.50831 7.26095 3
      vertex 5.61612 7.38388 0
      vertex 5.61612 7.38388 3
    endloop
  endfacet
  facet normal 0.75183 -0.659357 0
    outer loop
      vertex 5.61612 7.38388 0
      vertex 5.50831 7.26095 3
      vertex 5.50831 7.26095 0
    endloop
  endfacet
  facet normal -0.659357 0.75183 0
    outer loop
      vertex 7.38388 5.61612 0
      vertex 7.26095 5.50831 3
      vertex 7.38388 5.61612 3
    endloop
  endfacet
  facet normal -0.659357 0.75183 0
    outer loop
      vertex 7.26095 5.50831 3
      vertex 7.38388 5.61612 0
      vertex 7.26095 5.50831 0
    endloop
  endfacet
  facet normal 0.321452 -0.946926 0
    outer loop
      vertex 6.02165 7.65485 0
      vertex 6.17648 7.70741 3
      vertex 6.02165 7.65485 3
    endloop
  endfacet
  facet normal 0.321452 -0.946926 0
    outer loop
      vertex 6.17648 7.70741 3
      vertex 6.02165 7.65485 0
      vertex 6.17648 7.70741 0
    endloop
  endfacet
  facet normal -0.555575 0.831466 0
    outer loop
      vertex 7.26095 5.50831 0
      vertex 7.125 5.41747 3
      vertex 7.26095 5.50831 3
    endloop
  endfacet
  facet normal -0.555575 0.831466 0
    outer loop
      vertex 7.125 5.41747 3
      vertex 7.26095 5.50831 0
      vertex 7.125 5.41747 0
    endloop
  endfacet
  facet normal -0.980782 0.195105 0
    outer loop
      vertex 7.70741 6.17648 0
      vertex 7.73931 6.33684 3
      vertex 7.73931 6.33684 0
    endloop
  endfacet
  facet normal -0.980782 0.195105 0
    outer loop
      vertex 7.73931 6.33684 3
      vertex 7.70741 6.17648 0
      vertex 7.70741 6.17648 3
    endloop
  endfacet
  facet normal 0.997861 0.0653783 0
    outer loop
      vertex 5.26069 6.33684 3
      vertex 5.25 6.5 0
      vertex 5.25 6.5 3
    endloop
  endfacet
  facet normal 0.997861 0.0653783 0
    outer loop
      vertex 5.25 6.5 0
      vertex 5.26069 6.33684 3
      vertex 5.26069 6.33684 0
    endloop
  endfacet
  facet normal -0.321452 0.946926 0
    outer loop
      vertex 6.97835 5.34515 0
      vertex 6.82352 5.29259 3
      vertex 6.97835 5.34515 3
    endloop
  endfacet
  facet normal -0.321452 0.946926 0
    outer loop
      vertex 6.82352 5.29259 3
      vertex 6.97835 5.34515 0
      vertex 6.82352 5.29259 0
    endloop
  endfacet
  facet normal 0.896872 0.44229 0
    outer loop
      vertex 5.41747 5.875 3
      vertex 5.34515 6.02165 0
      vertex 5.34515 6.02165 3
    endloop
  endfacet
  facet normal 0.896872 0.44229 0
    outer loop
      vertex 5.34515 6.02165 0
      vertex 5.41747 5.875 3
      vertex 5.41747 5.875 0
    endloop
  endfacet
  facet normal -0.555575 -0.831466 0
    outer loop
      vertex 7.125 7.58253 0
      vertex 7.26095 7.49169 3
      vertex 7.125 7.58253 3
    endloop
  endfacet
  facet normal -0.555575 -0.831466 -0
    outer loop
      vertex 7.26095 7.49169 3
      vertex 7.125 7.58253 0
      vertex 7.26095 7.49169 0
    endloop
  endfacet
  facet normal 0.0653783 -0.997861 0
    outer loop
      vertex 6.33684 7.73931 0
      vertex 6.5 7.75 3
      vertex 6.33684 7.73931 3
    endloop
  endfacet
  facet normal 0.0653783 -0.997861 0
    outer loop
      vertex 6.5 7.75 3
      vertex 6.33684 7.73931 0
      vertex 6.5 7.75 0
    endloop
  endfacet
  facet normal 0.659357 0.75183 -0
    outer loop
      vertex 5.73905 5.50831 0
      vertex 5.61612 5.61612 3
      vertex 5.73905 5.50831 3
    endloop
  endfacet
  facet normal 0.659357 0.75183 0
    outer loop
      vertex 5.61612 5.61612 3
      vertex 5.73905 5.50831 0
      vertex 5.61612 5.61612 0
    endloop
  endfacet
  facet normal -0.75183 0.659357 0
    outer loop
      vertex 7.38388 5.61612 0
      vertex 7.49169 5.73905 3
      vertex 7.49169 5.73905 0
    endloop
  endfacet
  facet normal -0.75183 0.659357 0
    outer loop
      vertex 7.49169 5.73905 3
      vertex 7.38388 5.61612 0
      vertex 7.38388 5.61612 3
    endloop
  endfacet
  facet normal 0.555575 -0.831466 0
    outer loop
      vertex 5.73905 7.49169 0
      vertex 5.875 7.58253 3
      vertex 5.73905 7.49169 3
    endloop
  endfacet
  facet normal 0.555575 -0.831466 0
    outer loop
      vertex 5.875 7.58253 3
      vertex 5.73905 7.49169 0
      vertex 5.875 7.58253 0
    endloop
  endfacet
  facet normal -0.195105 -0.980782 0
    outer loop
      vertex 6.66316 7.73931 0
      vertex 6.82352 7.70741 3
      vertex 6.66316 7.73931 3
    endloop
  endfacet
  facet normal -0.195105 -0.980782 -0
    outer loop
      vertex 6.82352 7.70741 3
      vertex 6.66316 7.73931 0
      vertex 6.82352 7.70741 0
    endloop
  endfacet
  facet normal 0.946926 0.321452 0
    outer loop
      vertex 5.34515 6.02165 3
      vertex 5.29259 6.17648 0
      vertex 5.29259 6.17648 3
    endloop
  endfacet
  facet normal 0.946926 0.321452 0
    outer loop
      vertex 5.29259 6.17648 0
      vertex 5.34515 6.02165 3
      vertex 5.34515 6.02165 0
    endloop
  endfacet
  facet normal -0.831466 0.555575 0
    outer loop
      vertex 7.49169 5.73905 0
      vertex 7.58253 5.875 3
      vertex 7.58253 5.875 0
    endloop
  endfacet
  facet normal -0.831466 0.555575 0
    outer loop
      vertex 7.58253 5.875 3
      vertex 7.49169 5.73905 0
      vertex 7.49169 5.73905 3
    endloop
  endfacet
  facet normal 0.980782 -0.195105 0
    outer loop
      vertex 5.26069 6.66316 3
      vertex 5.29259 6.82352 0
      vertex 5.29259 6.82352 3
    endloop
  endfacet
  facet normal 0.980782 -0.195105 0
    outer loop
      vertex 5.29259 6.82352 0
      vertex 5.26069 6.66316 3
      vertex 5.26069 6.66316 0
    endloop
  endfacet
  facet normal -0.44229 -0.896872 0
    outer loop
      vertex 6.97835 7.65485 0
      vertex 7.125 7.58253 3
      vertex 6.97835 7.65485 3
    endloop
  endfacet
  facet normal -0.44229 -0.896872 -0
    outer loop
      vertex 7.125 7.58253 3
      vertex 6.97835 7.65485 0
      vertex 7.125 7.58253 0
    endloop
  endfacet
  facet normal -0.896872 -0.44229 0
    outer loop
      vertex 7.65485 6.97835 0
      vertex 7.58253 7.125 3
      vertex 7.58253 7.125 0
    endloop
  endfacet
  facet normal -0.896872 -0.44229 0
    outer loop
      vertex 7.58253 7.125 3
      vertex 7.65485 6.97835 0
      vertex 7.65485 6.97835 3
    endloop
  endfacet
  facet normal -0.75183 -0.659357 0
    outer loop
      vertex 7.49169 7.26095 0
      vertex 7.38388 7.38388 3
      vertex 7.38388 7.38388 0
    endloop
  endfacet
  facet normal -0.75183 -0.659357 0
    outer loop
      vertex 7.38388 7.38388 3
      vertex 7.49169 7.26095 0
      vertex 7.49169 7.26095 3
    endloop
  endfacet
  facet normal -0.946926 -0.321452 0
    outer loop
      vertex 7.70741 6.82352 0
      vertex 7.65485 6.97835 3
      vertex 7.65485 6.97835 0
    endloop
  endfacet
  facet normal -0.946926 -0.321452 0
    outer loop
      vertex 7.65485 6.97835 3
      vertex 7.70741 6.82352 0
      vertex 7.70741 6.82352 3
    endloop
  endfacet
  facet normal 0.997861 -0.0653783 0
    outer loop
      vertex 5.25 6.5 3
      vertex 5.26069 6.66316 0
      vertex 5.26069 6.66316 3
    endloop
  endfacet
  facet normal 0.997861 -0.0653783 0
    outer loop
      vertex 5.26069 6.66316 0
      vertex 5.25 6.5 3
      vertex 5.25 6.5 0
    endloop
  endfacet
  facet normal -0.44229 0.896872 0
    outer loop
      vertex 7.125 5.41747 0
      vertex 6.97835 5.34515 3
      vertex 7.125 5.41747 3
    endloop
  endfacet
  facet normal -0.44229 0.896872 0
    outer loop
      vertex 6.97835 5.34515 3
      vertex 7.125 5.41747 0
      vertex 6.97835 5.34515 0
    endloop
  endfacet
  facet normal 0.896872 -0.44229 0
    outer loop
      vertex 5.34515 6.97835 3
      vertex 5.41747 7.125 0
      vertex 5.41747 7.125 3
    endloop
  endfacet
  facet normal 0.896872 -0.44229 0
    outer loop
      vertex 5.41747 7.125 0
      vertex 5.34515 6.97835 3
      vertex 5.34515 6.97835 0
    endloop
  endfacet
  facet normal -0.0653783 0.997861 0
    outer loop
      vertex 6.66316 5.26069 0
      vertex 6.5 5.25 3
      vertex 6.66316 5.26069 3
    endloop
  endfacet
  facet normal -0.0653783 0.997861 0
    outer loop
      vertex 6.5 5.25 3
      vertex 6.66316 5.26069 0
      vertex 6.5 5.25 0
    endloop
  endfacet
  facet normal 0.946926 -0.321452 0
    outer loop
      vertex 5.29259 6.82352 3
      vertex 5.34515 6.97835 0
      vertex 5.34515 6.97835 3
    endloop
  endfacet
  facet normal 0.946926 -0.321452 0
    outer loop
      vertex 5.34515 6.97835 0
      vertex 5.29259 6.82352 3
      vertex 5.29259 6.82352 0
    endloop
  endfacet
  facet normal 0.831466 -0.555575 0
    outer loop
      vertex 5.41747 7.125 3
      vertex 5.50831 7.26095 0
      vertex 5.50831 7.26095 3
    endloop
  endfacet
  facet normal 0.831466 -0.555575 0
    outer loop
      vertex 5.50831 7.26095 0
      vertex 5.41747 7.125 3
      vertex 5.41747 7.125 0
    endloop
  endfacet
  facet normal 0.831466 0.555575 0
    outer loop
      vertex 5.50831 5.73905 3
      vertex 5.41747 5.875 0
      vertex 5.41747 5.875 3
    endloop
  endfacet
  facet normal 0.831466 0.555575 0
    outer loop
      vertex 5.41747 5.875 0
      vertex 5.50831 5.73905 3
      vertex 5.50831 5.73905 0
    endloop
  endfacet
  facet normal 0.75183 0.659357 0
    outer loop
      vertex 5.61612 5.61612 3
      vertex 5.50831 5.73905 0
      vertex 5.50831 5.73905 3
    endloop
  endfacet
  facet normal 0.75183 0.659357 0
    outer loop
      vertex 5.50831 5.73905 0
      vertex 5.61612 5.61612 3
      vertex 5.61612 5.61612 0
    endloop
  endfacet
  facet normal -0.0653783 -0.997861 0
    outer loop
      vertex 6.5 7.75 0
      vertex 6.66316 7.73931 3
      vertex 6.5 7.75 3
    endloop
  endfacet
  facet normal -0.0653783 -0.997861 -0
    outer loop
      vertex 6.66316 7.73931 3
      vertex 6.5 7.75 0
      vertex 6.66316 7.73931 0
    endloop
  endfacet
  facet normal 0.0653783 0.997861 -0
    outer loop
      vertex 6.5 5.25 0
      vertex 6.33684 5.26069 3
      vertex 6.5 5.25 3
    endloop
  endfacet
  facet normal 0.0653783 0.997861 0
    outer loop
      vertex 6.33684 5.26069 3
      vertex 6.5 5.25 0
      vertex 6.33684 5.26069 0
    endloop
  endfacet
  facet normal -0.195105 0.980782 0
    outer loop
      vertex 6.82352 28.2926 0
      vertex 6.66316 28.2607 3
      vertex 6.82352 28.2926 3
    endloop
  endfacet
  facet normal -0.195105 0.980782 0
    outer loop
      vertex 6.66316 28.2607 3
      vertex 6.82352 28.2926 0
      vertex 6.66316 28.2607 0
    endloop
  endfacet
  facet normal -0.980768 -0.195175 0
    outer loop
      vertex 7.73931 29.6632 0
      vertex 7.70741 29.8235 3
      vertex 7.70741 29.8235 0
    endloop
  endfacet
  facet normal -0.980768 -0.195175 0
    outer loop
      vertex 7.70741 29.8235 3
      vertex 7.73931 29.6632 0
      vertex 7.73931 29.6632 3
    endloop
  endfacet
  facet normal -0.997862 -0.0653624 0
    outer loop
      vertex 7.75 29.5 0
      vertex 7.73931 29.6632 3
      vertex 7.73931 29.6632 0
    endloop
  endfacet
  facet normal -0.997862 -0.0653624 0
    outer loop
      vertex 7.73931 29.6632 3
      vertex 7.75 29.5 0
      vertex 7.75 29.5 3
    endloop
  endfacet
  facet normal -0.94697 0.321322 0
    outer loop
      vertex 7.65485 29.0216 0
      vertex 7.70741 29.1765 3
      vertex 7.70741 29.1765 0
    endloop
  endfacet
  facet normal -0.94697 0.321322 0
    outer loop
      vertex 7.70741 29.1765 3
      vertex 7.65485 29.0216 0
      vertex 7.65485 29.0216 3
    endloop
  endfacet
  facet normal 0.980768 0.195175 0
    outer loop
      vertex 5.29259 29.1765 3
      vertex 5.26069 29.3368 0
      vertex 5.26069 29.3368 3
    endloop
  endfacet
  facet normal 0.980768 0.195175 0
    outer loop
      vertex 5.26069 29.3368 0
      vertex 5.29259 29.1765 3
      vertex 5.29259 29.1765 0
    endloop
  endfacet
  facet normal 0.321123 0.947038 -0
    outer loop
      vertex 6.17648 28.2926 0
      vertex 6.02165 28.3451 3
      vertex 6.17648 28.2926 3
    endloop
  endfacet
  facet normal 0.321123 0.947038 0
    outer loop
      vertex 6.02165 28.3451 3
      vertex 6.17648 28.2926 0
      vertex 6.02165 28.3451 0
    endloop
  endfacet
  facet normal 0.75175 0.659448 0
    outer loop
      vertex 5.61612 28.6161 3
      vertex 5.50831 28.739 0
      vertex 5.50831 28.739 3
    endloop
  endfacet
  facet normal 0.75175 0.659448 0
    outer loop
      vertex 5.50831 28.739 0
      vertex 5.61612 28.6161 3
      vertex 5.61612 28.6161 0
    endloop
  endfacet
  facet normal 0.195105 -0.980782 0
    outer loop
      vertex 6.17648 30.7074 0
      vertex 6.33684 30.7393 3
      vertex 6.17648 30.7074 3
    endloop
  endfacet
  facet normal 0.195105 -0.980782 0
    outer loop
      vertex 6.33684 30.7393 3
      vertex 6.17648 30.7074 0
      vertex 6.33684 30.7393 0
    endloop
  endfacet
  facet normal -0.94697 -0.321322 0
    outer loop
      vertex 7.70741 29.8235 0
      vertex 7.65485 29.9784 3
      vertex 7.65485 29.9784 0
    endloop
  endfacet
  facet normal -0.94697 -0.321322 0
    outer loop
      vertex 7.65485 29.9784 3
      vertex 7.70741 29.8235 0
      vertex 7.70741 29.8235 3
    endloop
  endfacet
  facet normal -0.831561 -0.555434 0
    outer loop
      vertex 7.58253 30.125 0
      vertex 7.49169 30.261 3
      vertex 7.49169 30.261 0
    endloop
  endfacet
  facet normal -0.831561 -0.555434 0
    outer loop
      vertex 7.49169 30.261 3
      vertex 7.58253 30.125 0
      vertex 7.58253 30.125 3
    endloop
  endfacet
  facet normal 0.442683 -0.896678 0
    outer loop
      vertex 5.875 30.5825 0
      vertex 6.02165 30.6549 3
      vertex 5.875 30.5825 3
    endloop
  endfacet
  facet normal 0.442683 -0.896678 0
    outer loop
      vertex 6.02165 30.6549 3
      vertex 5.875 30.5825 0
      vertex 6.02165 30.6549 0
    endloop
  endfacet
  facet normal -0.321123 -0.947038 0
    outer loop
      vertex 6.82352 30.7074 0
      vertex 6.97835 30.6549 3
      vertex 6.82352 30.7074 3
    endloop
  endfacet
  facet normal -0.321123 -0.947038 -0
    outer loop
      vertex 6.97835 30.6549 3
      vertex 6.82352 30.7074 0
      vertex 6.97835 30.6549 0
    endloop
  endfacet
  facet normal -0.659323 -0.75186 0
    outer loop
      vertex 7.26095 30.4917 0
      vertex 7.38388 30.3839 3
      vertex 7.26095 30.4917 3
    endloop
  endfacet
  facet normal -0.659323 -0.75186 -0
    outer loop
      vertex 7.38388 30.3839 3
      vertex 7.26095 30.4917 0
      vertex 7.38388 30.3839 0
    endloop
  endfacet
  facet normal -0.555406 -0.831579 0
    outer loop
      vertex 7.125 30.5825 0
      vertex 7.26095 30.4917 3
      vertex 7.125 30.5825 3
    endloop
  endfacet
  facet normal -0.555406 -0.831579 -0
    outer loop
      vertex 7.26095 30.4917 3
      vertex 7.125 30.5825 0
      vertex 7.26095 30.4917 0
    endloop
  endfacet
  facet normal -0.896812 0.442411 0
    outer loop
      vertex 7.58253 28.875 0
      vertex 7.65485 29.0216 3
      vertex 7.65485 29.0216 0
    endloop
  endfacet
  facet normal -0.896812 0.442411 0
    outer loop
      vertex 7.65485 29.0216 3
      vertex 7.58253 28.875 0
      vertex 7.58253 28.875 3
    endloop
  endfacet
  facet normal -0.997862 0.0653624 0
    outer loop
      vertex 7.73931 29.3368 0
      vertex 7.75 29.5 3
      vertex 7.75 29.5 0
    endloop
  endfacet
  facet normal -0.997862 0.0653624 0
    outer loop
      vertex 7.75 29.5 3
      vertex 7.73931 29.3368 0
      vertex 7.73931 29.3368 3
    endloop
  endfacet
  facet normal 0.75175 -0.659448 0
    outer loop
      vertex 5.50831 30.261 3
      vertex 5.61612 30.3839 0
      vertex 5.61612 30.3839 3
    endloop
  endfacet
  facet normal 0.75175 -0.659448 0
    outer loop
      vertex 5.61612 30.3839 0
      vertex 5.50831 30.261 3
      vertex 5.50831 30.261 0
    endloop
  endfacet
  facet normal 0.442683 0.896678 -0
    outer loop
      vertex 6.02165 28.3451 0
      vertex 5.875 28.4175 3
      vertex 6.02165 28.3451 3
    endloop
  endfacet
  facet normal 0.442683 0.896678 0
    outer loop
      vertex 5.875 28.4175 3
      vertex 6.02165 28.3451 0
      vertex 5.875 28.4175 0
    endloop
  endfacet
  facet normal -0.659323 0.75186 0
    outer loop
      vertex 7.38388 28.6161 0
      vertex 7.26095 28.5083 3
      vertex 7.38388 28.6161 3
    endloop
  endfacet
  facet normal -0.659323 0.75186 0
    outer loop
      vertex 7.26095 28.5083 3
      vertex 7.38388 28.6161 0
      vertex 7.26095 28.5083 0
    endloop
  endfacet
  facet normal -0.555406 0.831579 0
    outer loop
      vertex 7.26095 28.5083 0
      vertex 7.125 28.4175 3
      vertex 7.26095 28.5083 3
    endloop
  endfacet
  facet normal -0.555406 0.831579 0
    outer loop
      vertex 7.125 28.4175 3
      vertex 7.26095 28.5083 0
      vertex 7.125 28.4175 0
    endloop
  endfacet
  facet normal -0.980768 0.195175 0
    outer loop
      vertex 7.70741 29.1765 0
      vertex 7.73931 29.3368 3
      vertex 7.73931 29.3368 0
    endloop
  endfacet
  facet normal -0.980768 0.195175 0
    outer loop
      vertex 7.73931 29.3368 3
      vertex 7.70741 29.1765 0
      vertex 7.70741 29.1765 3
    endloop
  endfacet
  facet normal -0.0654392 -0.997857 0
    outer loop
      vertex 6.5 30.75 0
      vertex 6.66316 30.7393 3
      vertex 6.5 30.75 3
    endloop
  endfacet
  facet normal -0.0654392 -0.997857 -0
    outer loop
      vertex 6.66316 30.7393 3
      vertex 6.5 30.75 0
      vertex 6.66316 30.7393 0
    endloop
  endfacet
  facet normal 0.997862 0.0653624 0
    outer loop
      vertex 5.26069 29.3368 3
      vertex 5.25 29.5 0
      vertex 5.25 29.5 3
    endloop
  endfacet
  facet normal 0.997862 0.0653624 0
    outer loop
      vertex 5.25 29.5 0
      vertex 5.26069 29.3368 3
      vertex 5.26069 29.3368 0
    endloop
  endfacet
  facet normal -0.321123 0.947038 0
    outer loop
      vertex 6.97835 28.3451 0
      vertex 6.82352 28.2926 3
      vertex 6.97835 28.3451 3
    endloop
  endfacet
  facet normal -0.321123 0.947038 0
    outer loop
      vertex 6.82352 28.2926 3
      vertex 6.97835 28.3451 0
      vertex 6.82352 28.2926 0
    endloop
  endfacet
  facet normal 0.896812 0.442411 0
    outer loop
      vertex 5.41747 28.875 3
      vertex 5.34515 29.0216 0
      vertex 5.34515 29.0216 3
    endloop
  endfacet
  facet normal 0.896812 0.442411 0
    outer loop
      vertex 5.34515 29.0216 0
      vertex 5.41747 28.875 3
      vertex 5.41747 28.875 0
    endloop
  endfacet
  facet normal 0.831561 0.555434 0
    outer loop
      vertex 5.50831 28.739 3
      vertex 5.41747 28.875 0
      vertex 5.41747 28.875 3
    endloop
  endfacet
  facet normal 0.831561 0.555434 0
    outer loop
      vertex 5.41747 28.875 0
      vertex 5.50831 28.739 3
      vertex 5.50831 28.739 0
    endloop
  endfacet
  facet normal 0.0654392 -0.997857 0
    outer loop
      vertex 6.33684 30.7393 0
      vertex 6.5 30.75 3
      vertex 6.33684 30.7393 3
    endloop
  endfacet
  facet normal 0.0654392 -0.997857 0
    outer loop
      vertex 6.5 30.75 3
      vertex 6.33684 30.7393 0
      vertex 6.5 30.75 0
    endloop
  endfacet
  facet normal -0.195105 -0.980782 0
    outer loop
      vertex 6.66316 30.7393 0
      vertex 6.82352 30.7074 3
      vertex 6.66316 30.7393 3
    endloop
  endfacet
  facet normal -0.195105 -0.980782 -0
    outer loop
      vertex 6.82352 30.7074 3
      vertex 6.66316 30.7393 0
      vertex 6.82352 30.7074 0
    endloop
  endfacet
  facet normal 0.659323 0.75186 -0
    outer loop
      vertex 5.73905 28.5083 0
      vertex 5.61612 28.6161 3
      vertex 5.73905 28.5083 3
    endloop
  endfacet
  facet normal 0.659323 0.75186 0
    outer loop
      vertex 5.61612 28.6161 3
      vertex 5.73905 28.5083 0
      vertex 5.61612 28.6161 0
    endloop
  endfacet
  facet normal -0.75175 0.659448 0
    outer loop
      vertex 7.38388 28.6161 0
      vertex 7.49169 28.739 3
      vertex 7.49169 28.739 0
    endloop
  endfacet
  facet normal -0.75175 0.659448 0
    outer loop
      vertex 7.49169 28.739 3
      vertex 7.38388 28.6161 0
      vertex 7.38388 28.6161 3
    endloop
  endfacet
  facet normal 0.555406 -0.831579 0
    outer loop
      vertex 5.73905 30.4917 0
      vertex 5.875 30.5825 3
      vertex 5.73905 30.4917 3
    endloop
  endfacet
  facet normal 0.555406 -0.831579 0
    outer loop
      vertex 5.875 30.5825 3
      vertex 5.73905 30.4917 0
      vertex 5.875 30.5825 0
    endloop
  endfacet
  facet normal 0.94697 0.321322 0
    outer loop
      vertex 5.34515 29.0216 3
      vertex 5.29259 29.1765 0
      vertex 5.29259 29.1765 3
    endloop
  endfacet
  facet normal 0.94697 0.321322 0
    outer loop
      vertex 5.29259 29.1765 0
      vertex 5.34515 29.0216 3
      vertex 5.34515 29.0216 0
    endloop
  endfacet
  facet normal -0.831561 0.555434 0
    outer loop
      vertex 7.49169 28.739 0
      vertex 7.58253 28.875 3
      vertex 7.58253 28.875 0
    endloop
  endfacet
  facet normal -0.831561 0.555434 0
    outer loop
      vertex 7.58253 28.875 3
      vertex 7.49169 28.739 0
      vertex 7.49169 28.739 3
    endloop
  endfacet
  facet normal 0.980768 -0.195175 0
    outer loop
      vertex 5.26069 29.6632 3
      vertex 5.29259 29.8235 0
      vertex 5.29259 29.8235 3
    endloop
  endfacet
  facet normal 0.980768 -0.195175 0
    outer loop
      vertex 5.29259 29.8235 0
      vertex 5.26069 29.6632 3
      vertex 5.26069 29.6632 0
    endloop
  endfacet
  facet normal -0.442683 -0.896678 0
    outer loop
      vertex 6.97835 30.6549 0
      vertex 7.125 30.5825 3
      vertex 6.97835 30.6549 3
    endloop
  endfacet
  facet normal -0.442683 -0.896678 -0
    outer loop
      vertex 7.125 30.5825 3
      vertex 6.97835 30.6549 0
      vertex 7.125 30.5825 0
    endloop
  endfacet
  facet normal -0.896812 -0.442411 0
    outer loop
      vertex 7.65485 29.9784 0
      vertex 7.58253 30.125 3
      vertex 7.58253 30.125 0
    endloop
  endfacet
  facet normal -0.896812 -0.442411 0
    outer loop
      vertex 7.58253 30.125 3
      vertex 7.65485 29.9784 0
      vertex 7.65485 29.9784 3
    endloop
  endfacet
  facet normal -0.75175 -0.659448 0
    outer loop
      vertex 7.49169 30.261 0
      vertex 7.38388 30.3839 3
      vertex 7.38388 30.3839 0
    endloop
  endfacet
  facet normal -0.75175 -0.659448 0
    outer loop
      vertex 7.38388 30.3839 3
      vertex 7.49169 30.261 0
      vertex 7.49169 30.261 3
    endloop
  endfacet
  facet normal 0.997862 -0.0653624 0
    outer loop
      vertex 5.25 29.5 3
      vertex 5.26069 29.6632 0
      vertex 5.26069 29.6632 3
    endloop
  endfacet
  facet normal 0.997862 -0.0653624 0
    outer loop
      vertex 5.26069 29.6632 0
      vertex 5.25 29.5 3
      vertex 5.25 29.5 0
    endloop
  endfacet
  facet normal 0.321123 -0.947038 0
    outer loop
      vertex 6.02165 30.6549 0
      vertex 6.17648 30.7074 3
      vertex 6.02165 30.6549 3
    endloop
  endfacet
  facet normal 0.321123 -0.947038 0
    outer loop
      vertex 6.17648 30.7074 3
      vertex 6.02165 30.6549 0
      vertex 6.17648 30.7074 0
    endloop
  endfacet
  facet normal 0.831561 -0.555434 0
    outer loop
      vertex 5.41747 30.125 3
      vertex 5.50831 30.261 0
      vertex 5.50831 30.261 3
    endloop
  endfacet
  facet normal 0.831561 -0.555434 0
    outer loop
      vertex 5.50831 30.261 0
      vertex 5.41747 30.125 3
      vertex 5.41747 30.125 0
    endloop
  endfacet
  facet normal -0.442683 0.896678 0
    outer loop
      vertex 7.125 28.4175 0
      vertex 6.97835 28.3451 3
      vertex 7.125 28.4175 3
    endloop
  endfacet
  facet normal -0.442683 0.896678 0
    outer loop
      vertex 6.97835 28.3451 3
      vertex 7.125 28.4175 0
      vertex 6.97835 28.3451 0
    endloop
  endfacet
  facet normal -0.0654392 0.997857 0
    outer loop
      vertex 6.66316 28.2607 0
      vertex 6.5 28.25 3
      vertex 6.66316 28.2607 3
    endloop
  endfacet
  facet normal -0.0654392 0.997857 0
    outer loop
      vertex 6.5 28.25 3
      vertex 6.66316 28.2607 0
      vertex 6.5 28.25 0
    endloop
  endfacet
  facet normal 0.195105 0.980782 -0
    outer loop
      vertex 6.33684 28.2607 0
      vertex 6.17648 28.2926 3
      vertex 6.33684 28.2607 3
    endloop
  endfacet
  facet normal 0.195105 0.980782 0
    outer loop
      vertex 6.17648 28.2926 3
      vertex 6.33684 28.2607 0
      vertex 6.17648 28.2926 0
    endloop
  endfacet
  facet normal 0.659323 -0.75186 0
    outer loop
      vertex 5.61612 30.3839 0
      vertex 5.73905 30.4917 3
      vertex 5.61612 30.3839 3
    endloop
  endfacet
  facet normal 0.659323 -0.75186 0
    outer loop
      vertex 5.73905 30.4917 3
      vertex 5.61612 30.3839 0
      vertex 5.73905 30.4917 0
    endloop
  endfacet
  facet normal 0.896812 -0.442411 0
    outer loop
      vertex 5.34515 29.9784 3
      vertex 5.41747 30.125 0
      vertex 5.41747 30.125 3
    endloop
  endfacet
  facet normal 0.896812 -0.442411 0
    outer loop
      vertex 5.41747 30.125 0
      vertex 5.34515 29.9784 3
      vertex 5.34515 29.9784 0
    endloop
  endfacet
  facet normal 0.94697 -0.321322 0
    outer loop
      vertex 5.29259 29.8235 3
      vertex 5.34515 29.9784 0
      vertex 5.34515 29.9784 3
    endloop
  endfacet
  facet normal 0.94697 -0.321322 0
    outer loop
      vertex 5.34515 29.9784 0
      vertex 5.29259 29.8235 3
      vertex 5.29259 29.8235 0
    endloop
  endfacet
  facet normal 0.555406 0.831579 -0
    outer loop
      vertex 5.875 28.4175 0
      vertex 5.73905 28.5083 3
      vertex 5.875 28.4175 3
    endloop
  endfacet
  facet normal 0.555406 0.831579 0
    outer loop
      vertex 5.73905 28.5083 3
      vertex 5.875 28.4175 0
      vertex 5.73905 28.5083 0
    endloop
  endfacet
  facet normal 0.0654392 0.997857 -0
    outer loop
      vertex 6.5 28.25 0
      vertex 6.33684 28.2607 3
      vertex 6.5 28.25 3
    endloop
  endfacet
  facet normal 0.0654392 0.997857 0
    outer loop
      vertex 6.33684 28.2607 3
      vertex 6.5 28.25 0
      vertex 6.33684 28.2607 0
    endloop
  endfacet
  facet normal -0.195175 0.980768 0
    outer loop
      vertex 64.8235 5.29259 0
      vertex 64.6632 5.26069 3
      vertex 64.8235 5.29259 3
    endloop
  endfacet
  facet normal -0.195175 0.980768 0
    outer loop
      vertex 64.6632 5.26069 3
      vertex 64.8235 5.29259 0
      vertex 64.6632 5.26069 0
    endloop
  endfacet
  facet normal -0.980782 -0.195105 0
    outer loop
      vertex 65.7393 6.66316 0
      vertex 65.7074 6.82352 3
      vertex 65.7074 6.82352 0
    endloop
  endfacet
  facet normal -0.980782 -0.195105 0
    outer loop
      vertex 65.7074 6.82352 3
      vertex 65.7393 6.66316 0
      vertex 65.7393 6.66316 3
    endloop
  endfacet
  facet normal -0.997857 -0.0654392 0
    outer loop
      vertex 65.75 6.5 0
      vertex 65.7393 6.66316 3
      vertex 65.7393 6.66316 0
    endloop
  endfacet
  facet normal -0.997857 -0.0654392 0
    outer loop
      vertex 65.7393 6.66316 3
      vertex 65.75 6.5 0
      vertex 65.75 6.5 3
    endloop
  endfacet
  facet normal -0.946851 0.321671 0
    outer loop
      vertex 65.6548 6.02165 0
      vertex 65.7074 6.17648 3
      vertex 65.7074 6.17648 0
    endloop
  endfacet
  facet normal -0.946851 0.321671 0
    outer loop
      vertex 65.7074 6.17648 3
      vertex 65.6548 6.02165 0
      vertex 65.6548 6.02165 3
    endloop
  endfacet
  facet normal 0.980782 0.195105 0
    outer loop
      vertex 63.2926 6.17648 3
      vertex 63.2607 6.33684 0
      vertex 63.2607 6.33684 3
    endloop
  endfacet
  facet normal 0.980782 0.195105 0
    outer loop
      vertex 63.2607 6.33684 0
      vertex 63.2926 6.17648 3
      vertex 63.2926 6.17648 0
    endloop
  endfacet
  facet normal 0.321322 0.94697 -0
    outer loop
      vertex 64.1765 5.29259 0
      vertex 64.0216 5.34515 3
      vertex 64.1765 5.29259 3
    endloop
  endfacet
  facet normal 0.321322 0.94697 0
    outer loop
      vertex 64.0216 5.34515 3
      vertex 64.1765 5.29259 0
      vertex 64.0216 5.34515 0
    endloop
  endfacet
  facet normal 0.75186 0.659323 0
    outer loop
      vertex 63.6161 5.61612 3
      vertex 63.5083 5.73905 0
      vertex 63.5083 5.73905 3
    endloop
  endfacet
  facet normal 0.75186 0.659323 0
    outer loop
      vertex 63.5083 5.73905 0
      vertex 63.6161 5.61612 3
      vertex 63.6161 5.61612 0
    endloop
  endfacet
  facet normal 0.195175 -0.980768 0
    outer loop
      vertex 64.1765 7.70741 0
      vertex 64.3368 7.73931 3
      vertex 64.1765 7.70741 3
    endloop
  endfacet
  facet normal 0.195175 -0.980768 0
    outer loop
      vertex 64.3368 7.73931 3
      vertex 64.1765 7.70741 0
      vertex 64.3368 7.73931 0
    endloop
  endfacet
  facet normal -0.946851 -0.321671 0
    outer loop
      vertex 65.7074 6.82352 0
      vertex 65.6548 6.97835 3
      vertex 65.6548 6.97835 0
    endloop
  endfacet
  facet normal -0.946851 -0.321671 0
    outer loop
      vertex 65.6548 6.97835 3
      vertex 65.7074 6.82352 0
      vertex 65.7074 6.82352 3
    endloop
  endfacet
  facet normal -0.831579 -0.555406 0
    outer loop
      vertex 65.5825 7.125 0
      vertex 65.4917 7.26095 3
      vertex 65.4917 7.26095 0
    endloop
  endfacet
  facet normal -0.831579 -0.555406 0
    outer loop
      vertex 65.4917 7.26095 3
      vertex 65.5825 7.125 0
      vertex 65.5825 7.125 3
    endloop
  endfacet
  facet normal 0.442411 -0.896812 0
    outer loop
      vertex 63.875 7.58253 0
      vertex 64.0216 7.65485 3
      vertex 63.875 7.58253 3
    endloop
  endfacet
  facet normal 0.442411 -0.896812 0
    outer loop
      vertex 64.0216 7.65485 3
      vertex 63.875 7.58253 0
      vertex 64.0216 7.65485 0
    endloop
  endfacet
  facet normal -0.321322 -0.94697 0
    outer loop
      vertex 64.8235 7.70741 0
      vertex 64.9784 7.65485 3
      vertex 64.8235 7.70741 3
    endloop
  endfacet
  facet normal -0.321322 -0.94697 -0
    outer loop
      vertex 64.9784 7.65485 3
      vertex 64.8235 7.70741 0
      vertex 64.9784 7.65485 0
    endloop
  endfacet
  facet normal -0.659145 -0.752016 0
    outer loop
      vertex 65.2609 7.49169 0
      vertex 65.3839 7.38388 3
      vertex 65.2609 7.49169 3
    endloop
  endfacet
  facet normal -0.659145 -0.752016 -0
    outer loop
      vertex 65.3839 7.38388 3
      vertex 65.2609 7.49169 0
      vertex 65.3839 7.38388 0
    endloop
  endfacet
  facet normal -0.555716 -0.831372 0
    outer loop
      vertex 65.125 7.58253 0
      vertex 65.2609 7.49169 3
      vertex 65.125 7.58253 3
    endloop
  endfacet
  facet normal -0.555716 -0.831372 -0
    outer loop
      vertex 65.2609 7.49169 3
      vertex 65.125 7.58253 0
      vertex 65.2609 7.49169 0
    endloop
  endfacet
  facet normal -0.896921 0.442191 0
    outer loop
      vertex 65.5825 5.875 0
      vertex 65.6548 6.02165 3
      vertex 65.6548 6.02165 0
    endloop
  endfacet
  facet normal -0.896921 0.442191 0
    outer loop
      vertex 65.6548 6.02165 3
      vertex 65.5825 5.875 0
      vertex 65.5825 5.875 3
    endloop
  endfacet
  facet normal -0.997857 0.0654392 0
    outer loop
      vertex 65.7393 6.33684 0
      vertex 65.75 6.5 3
      vertex 65.75 6.5 0
    endloop
  endfacet
  facet normal -0.997857 0.0654392 0
    outer loop
      vertex 65.75 6.5 3
      vertex 65.7393 6.33684 0
      vertex 65.7393 6.33684 3
    endloop
  endfacet
  facet normal 0.75186 -0.659323 0
    outer loop
      vertex 63.5083 7.26095 3
      vertex 63.6161 7.38388 0
      vertex 63.6161 7.38388 3
    endloop
  endfacet
  facet normal 0.75186 -0.659323 0
    outer loop
      vertex 63.6161 7.38388 0
      vertex 63.5083 7.26095 3
      vertex 63.5083 7.26095 0
    endloop
  endfacet
  facet normal 0.442411 0.896812 -0
    outer loop
      vertex 64.0216 5.34515 0
      vertex 63.875 5.41747 3
      vertex 64.0216 5.34515 3
    endloop
  endfacet
  facet normal 0.442411 0.896812 0
    outer loop
      vertex 63.875 5.41747 3
      vertex 64.0216 5.34515 0
      vertex 63.875 5.41747 0
    endloop
  endfacet
  facet normal -0.659145 0.752016 0
    outer loop
      vertex 65.3839 5.61612 0
      vertex 65.2609 5.50831 3
      vertex 65.3839 5.61612 3
    endloop
  endfacet
  facet normal -0.659145 0.752016 0
    outer loop
      vertex 65.2609 5.50831 3
      vertex 65.3839 5.61612 0
      vertex 65.2609 5.50831 0
    endloop
  endfacet
  facet normal -0.555716 0.831372 0
    outer loop
      vertex 65.2609 5.50831 0
      vertex 65.125 5.41747 3
      vertex 65.2609 5.50831 3
    endloop
  endfacet
  facet normal -0.555716 0.831372 0
    outer loop
      vertex 65.125 5.41747 3
      vertex 65.2609 5.50831 0
      vertex 65.125 5.41747 0
    endloop
  endfacet
  facet normal -0.980782 0.195105 0
    outer loop
      vertex 65.7074 6.17648 0
      vertex 65.7393 6.33684 3
      vertex 65.7393 6.33684 0
    endloop
  endfacet
  facet normal -0.980782 0.195105 0
    outer loop
      vertex 65.7393 6.33684 3
      vertex 65.7074 6.17648 0
      vertex 65.7074 6.17648 3
    endloop
  endfacet
  facet normal -0.0653624 -0.997862 0
    outer loop
      vertex 64.5 7.75 0
      vertex 64.6632 7.73931 3
      vertex 64.5 7.75 3
    endloop
  endfacet
  facet normal -0.0653624 -0.997862 -0
    outer loop
      vertex 64.6632 7.73931 3
      vertex 64.5 7.75 0
      vertex 64.6632 7.73931 0
    endloop
  endfacet
  facet normal 0.997857 0.0654392 0
    outer loop
      vertex 63.2607 6.33684 3
      vertex 63.25 6.5 0
      vertex 63.25 6.5 3
    endloop
  endfacet
  facet normal 0.997857 0.0654392 0
    outer loop
      vertex 63.25 6.5 0
      vertex 63.2607 6.33684 3
      vertex 63.2607 6.33684 0
    endloop
  endfacet
  facet normal -0.321322 0.94697 0
    outer loop
      vertex 64.9784 5.34515 0
      vertex 64.8235 5.29259 3
      vertex 64.9784 5.34515 3
    endloop
  endfacet
  facet normal -0.321322 0.94697 0
    outer loop
      vertex 64.8235 5.29259 3
      vertex 64.9784 5.34515 0
      vertex 64.8235 5.29259 0
    endloop
  endfacet
  facet normal 0.896678 0.442683 0
    outer loop
      vertex 63.4175 5.875 3
      vertex 63.3451 6.02165 0
      vertex 63.3451 6.02165 3
    endloop
  endfacet
  facet normal 0.896678 0.442683 0
    outer loop
      vertex 63.3451 6.02165 0
      vertex 63.4175 5.875 3
      vertex 63.4175 5.875 0
    endloop
  endfacet
  facet normal 0.831579 0.555406 0
    outer loop
      vertex 63.5083 5.73905 3
      vertex 63.4175 5.875 0
      vertex 63.4175 5.875 3
    endloop
  endfacet
  facet normal 0.831579 0.555406 0
    outer loop
      vertex 63.4175 5.875 0
      vertex 63.5083 5.73905 3
      vertex 63.5083 5.73905 0
    endloop
  endfacet
  facet normal 0.0653624 -0.997862 0
    outer loop
      vertex 64.3368 7.73931 0
      vertex 64.5 7.75 3
      vertex 64.3368 7.73931 3
    endloop
  endfacet
  facet normal 0.0653624 -0.997862 0
    outer loop
      vertex 64.5 7.75 3
      vertex 64.3368 7.73931 0
      vertex 64.5 7.75 0
    endloop
  endfacet
  facet normal -0.195175 -0.980768 0
    outer loop
      vertex 64.6632 7.73931 0
      vertex 64.8235 7.70741 3
      vertex 64.6632 7.73931 3
    endloop
  endfacet
  facet normal -0.195175 -0.980768 -0
    outer loop
      vertex 64.8235 7.70741 3
      vertex 64.6632 7.73931 0
      vertex 64.8235 7.70741 0
    endloop
  endfacet
  facet normal 0.659448 0.75175 -0
    outer loop
      vertex 63.739 5.50831 0
      vertex 63.6161 5.61612 3
      vertex 63.739 5.50831 3
    endloop
  endfacet
  facet normal 0.659448 0.75175 0
    outer loop
      vertex 63.6161 5.61612 3
      vertex 63.739 5.50831 0
      vertex 63.6161 5.61612 0
    endloop
  endfacet
  facet normal -0.75186 0.659323 0
    outer loop
      vertex 65.3839 5.61612 0
      vertex 65.4917 5.73905 3
      vertex 65.4917 5.73905 0
    endloop
  endfacet
  facet normal -0.75186 0.659323 0
    outer loop
      vertex 65.4917 5.73905 3
      vertex 65.3839 5.61612 0
      vertex 65.3839 5.61612 3
    endloop
  endfacet
  facet normal 0.555434 -0.831561 0
    outer loop
      vertex 63.739 7.49169 0
      vertex 63.875 7.58253 3
      vertex 63.739 7.49169 3
    endloop
  endfacet
  facet normal 0.555434 -0.831561 0
    outer loop
      vertex 63.875 7.58253 3
      vertex 63.739 7.49169 0
      vertex 63.875 7.58253 0
    endloop
  endfacet
  facet normal 0.947038 0.321123 0
    outer loop
      vertex 63.3451 6.02165 3
      vertex 63.2926 6.17648 0
      vertex 63.2926 6.17648 3
    endloop
  endfacet
  facet normal 0.947038 0.321123 0
    outer loop
      vertex 63.2926 6.17648 0
      vertex 63.3451 6.02165 3
      vertex 63.3451 6.02165 0
    endloop
  endfacet
  facet normal -0.831579 0.555406 0
    outer loop
      vertex 65.4917 5.73905 0
      vertex 65.5825 5.875 3
      vertex 65.5825 5.875 0
    endloop
  endfacet
  facet normal -0.831579 0.555406 0
    outer loop
      vertex 65.5825 5.875 3
      vertex 65.4917 5.73905 0
      vertex 65.4917 5.73905 3
    endloop
  endfacet
  facet normal 0.980782 -0.195105 0
    outer loop
      vertex 63.2607 6.66316 3
      vertex 63.2926 6.82352 0
      vertex 63.2926 6.82352 3
    endloop
  endfacet
  facet normal 0.980782 -0.195105 0
    outer loop
      vertex 63.2926 6.82352 0
      vertex 63.2607 6.66316 3
      vertex 63.2607 6.66316 0
    endloop
  endfacet
  facet normal -0.442411 -0.896812 0
    outer loop
      vertex 64.9784 7.65485 0
      vertex 65.125 7.58253 3
      vertex 64.9784 7.65485 3
    endloop
  endfacet
  facet normal -0.442411 -0.896812 -0
    outer loop
      vertex 65.125 7.58253 3
      vertex 64.9784 7.65485 0
      vertex 65.125 7.58253 0
    endloop
  endfacet
  facet normal -0.896921 -0.442191 0
    outer loop
      vertex 65.6548 6.97835 0
      vertex 65.5825 7.125 3
      vertex 65.5825 7.125 0
    endloop
  endfacet
  facet normal -0.896921 -0.442191 0
    outer loop
      vertex 65.5825 7.125 3
      vertex 65.6548 6.97835 0
      vertex 65.6548 6.97835 3
    endloop
  endfacet
  facet normal -0.75186 -0.659323 0
    outer loop
      vertex 65.4917 7.26095 0
      vertex 65.3839 7.38388 3
      vertex 65.3839 7.38388 0
    endloop
  endfacet
  facet normal -0.75186 -0.659323 0
    outer loop
      vertex 65.3839 7.38388 3
      vertex 65.4917 7.26095 0
      vertex 65.4917 7.26095 3
    endloop
  endfacet
  facet normal 0.997857 -0.0654392 0
    outer loop
      vertex 63.25 6.5 3
      vertex 63.2607 6.66316 0
      vertex 63.2607 6.66316 3
    endloop
  endfacet
  facet normal 0.997857 -0.0654392 0
    outer loop
      vertex 63.2607 6.66316 0
      vertex 63.25 6.5 3
      vertex 63.25 6.5 0
    endloop
  endfacet
  facet normal 0.321322 -0.94697 0
    outer loop
      vertex 64.0216 7.65485 0
      vertex 64.1765 7.70741 3
      vertex 64.0216 7.65485 3
    endloop
  endfacet
  facet normal 0.321322 -0.94697 0
    outer loop
      vertex 64.1765 7.70741 3
      vertex 64.0216 7.65485 0
      vertex 64.1765 7.70741 0
    endloop
  endfacet
  facet normal 0.831579 -0.555406 0
    outer loop
      vertex 63.4175 7.125 3
      vertex 63.5083 7.26095 0
      vertex 63.5083 7.26095 3
    endloop
  endfacet
  facet normal 0.831579 -0.555406 0
    outer loop
      vertex 63.5083 7.26095 0
      vertex 63.4175 7.125 3
      vertex 63.4175 7.125 0
    endloop
  endfacet
  facet normal -0.442411 0.896812 0
    outer loop
      vertex 65.125 5.41747 0
      vertex 64.9784 5.34515 3
      vertex 65.125 5.41747 3
    endloop
  endfacet
  facet normal -0.442411 0.896812 0
    outer loop
      vertex 64.9784 5.34515 3
      vertex 65.125 5.41747 0
      vertex 64.9784 5.34515 0
    endloop
  endfacet
  facet normal -0.0653624 0.997862 0
    outer loop
      vertex 64.6632 5.26069 0
      vertex 64.5 5.25 3
      vertex 64.6632 5.26069 3
    endloop
  endfacet
  facet normal -0.0653624 0.997862 0
    outer loop
      vertex 64.5 5.25 3
      vertex 64.6632 5.26069 0
      vertex 64.5 5.25 0
    endloop
  endfacet
  facet normal 0.195175 0.980768 -0
    outer loop
      vertex 64.3368 5.26069 0
      vertex 64.1765 5.29259 3
      vertex 64.3368 5.26069 3
    endloop
  endfacet
  facet normal 0.195175 0.980768 0
    outer loop
      vertex 64.1765 5.29259 3
      vertex 64.3368 5.26069 0
      vertex 64.1765 5.29259 0
    endloop
  endfacet
  facet normal 0.659448 -0.75175 0
    outer loop
      vertex 63.6161 7.38388 0
      vertex 63.739 7.49169 3
      vertex 63.6161 7.38388 3
    endloop
  endfacet
  facet normal 0.659448 -0.75175 0
    outer loop
      vertex 63.739 7.49169 3
      vertex 63.6161 7.38388 0
      vertex 63.739 7.49169 0
    endloop
  endfacet
  facet normal 0.896678 -0.442683 0
    outer loop
      vertex 63.3451 6.97835 3
      vertex 63.4175 7.125 0
      vertex 63.4175 7.125 3
    endloop
  endfacet
  facet normal 0.896678 -0.442683 0
    outer loop
      vertex 63.4175 7.125 0
      vertex 63.3451 6.97835 3
      vertex 63.3451 6.97835 0
    endloop
  endfacet
  facet normal 0.947038 -0.321123 0
    outer loop
      vertex 63.2926 6.82352 3
      vertex 63.3451 6.97835 0
      vertex 63.3451 6.97835 3
    endloop
  endfacet
  facet normal 0.947038 -0.321123 0
    outer loop
      vertex 63.3451 6.97835 0
      vertex 63.2926 6.82352 3
      vertex 63.2926 6.82352 0
    endloop
  endfacet
  facet normal 0.555434 0.831561 -0
    outer loop
      vertex 63.875 5.41747 0
      vertex 63.739 5.50831 3
      vertex 63.875 5.41747 3
    endloop
  endfacet
  facet normal 0.555434 0.831561 0
    outer loop
      vertex 63.739 5.50831 3
      vertex 63.875 5.41747 0
      vertex 63.739 5.50831 0
    endloop
  endfacet
  facet normal 0.0653624 0.997862 -0
    outer loop
      vertex 64.5 5.25 0
      vertex 64.3368 5.26069 3
      vertex 64.5 5.25 3
    endloop
  endfacet
  facet normal 0.0653624 0.997862 0
    outer loop
      vertex 64.3368 5.26069 3
      vertex 64.5 5.25 0
      vertex 64.3368 5.26069 0
    endloop
  endfacet
  facet normal -0.195175 0.980768 0
    outer loop
      vertex 64.8235 28.2926 0
      vertex 64.6632 28.2607 3
      vertex 64.8235 28.2926 3
    endloop
  endfacet
  facet normal -0.195175 0.980768 0
    outer loop
      vertex 64.6632 28.2607 3
      vertex 64.8235 28.2926 0
      vertex 64.6632 28.2607 0
    endloop
  endfacet
  facet normal -0.980768 -0.195175 0
    outer loop
      vertex 65.7393 29.6632 0
      vertex 65.7074 29.8235 3
      vertex 65.7074 29.8235 0
    endloop
  endfacet
  facet normal -0.980768 -0.195175 0
    outer loop
      vertex 65.7074 29.8235 3
      vertex 65.7393 29.6632 0
      vertex 65.7393 29.6632 3
    endloop
  endfacet
  facet normal -0.997858 -0.0654233 0
    outer loop
      vertex 65.75 29.5 0
      vertex 65.7393 29.6632 3
      vertex 65.7393 29.6632 0
    endloop
  endfacet
  facet normal -0.997858 -0.0654233 0
    outer loop
      vertex 65.7393 29.6632 3
      vertex 65.75 29.5 0
      vertex 65.75 29.5 3
    endloop
  endfacet
  facet normal -0.946896 0.321541 0
    outer loop
      vertex 65.6548 29.0216 0
      vertex 65.7074 29.1765 3
      vertex 65.7074 29.1765 0
    endloop
  endfacet
  facet normal -0.946896 0.321541 0
    outer loop
      vertex 65.7074 29.1765 3
      vertex 65.6548 29.0216 0
      vertex 65.6548 29.0216 3
    endloop
  endfacet
  facet normal 0.980768 0.195175 0
    outer loop
      vertex 63.2926 29.1765 3
      vertex 63.2607 29.3368 0
      vertex 63.2607 29.3368 3
    endloop
  endfacet
  facet normal 0.980768 0.195175 0
    outer loop
      vertex 63.2607 29.3368 0
      vertex 63.2926 29.1765 3
      vertex 63.2926 29.1765 0
    endloop
  endfacet
  facet normal 0.320993 0.947082 -0
    outer loop
      vertex 64.1765 28.2926 0
      vertex 64.0216 28.3451 3
      vertex 64.1765 28.2926 3
    endloop
  endfacet
  facet normal 0.320993 0.947082 0
    outer loop
      vertex 64.0216 28.3451 3
      vertex 64.1765 28.2926 0
      vertex 64.0216 28.3451 0
    endloop
  endfacet
  facet normal 0.75178 0.659414 0
    outer loop
      vertex 63.6161 28.6161 3
      vertex 63.5083 28.739 0
      vertex 63.5083 28.739 3
    endloop
  endfacet
  facet normal 0.75178 0.659414 0
    outer loop
      vertex 63.5083 28.739 0
      vertex 63.6161 28.6161 3
      vertex 63.6161 28.6161 0
    endloop
  endfacet
  facet normal 0.195175 -0.980768 0
    outer loop
      vertex 64.1765 30.7074 0
      vertex 64.3368 30.7393 3
      vertex 64.1765 30.7074 3
    endloop
  endfacet
  facet normal 0.195175 -0.980768 0
    outer loop
      vertex 64.3368 30.7393 3
      vertex 64.1765 30.7074 0
      vertex 64.3368 30.7393 0
    endloop
  endfacet
  facet normal -0.946896 -0.321541 0
    outer loop
      vertex 65.7074 29.8235 0
      vertex 65.6548 29.9784 3
      vertex 65.6548 29.9784 0
    endloop
  endfacet
  facet normal -0.946896 -0.321541 0
    outer loop
      vertex 65.6548 29.9784 3
      vertex 65.7074 29.8235 0
      vertex 65.7074 29.8235 3
    endloop
  endfacet
  facet normal -0.831674 -0.555265 0
    outer loop
      vertex 65.5825 30.125 0
      vertex 65.4917 30.261 3
      vertex 65.4917 30.261 0
    endloop
  endfacet
  facet normal -0.831674 -0.555265 0
    outer loop
      vertex 65.4917 30.261 3
      vertex 65.5825 30.125 0
      vertex 65.5825 30.125 3
    endloop
  endfacet
  facet normal 0.442805 -0.896618 0
    outer loop
      vertex 63.875 30.5825 0
      vertex 64.0216 30.6549 3
      vertex 63.875 30.5825 3
    endloop
  endfacet
  facet normal 0.442805 -0.896618 0
    outer loop
      vertex 64.0216 30.6549 3
      vertex 63.875 30.5825 0
      vertex 64.0216 30.6549 0
    endloop
  endfacet
  facet normal -0.320993 -0.947082 0
    outer loop
      vertex 64.8235 30.7074 0
      vertex 64.9784 30.6549 3
      vertex 64.8235 30.7074 3
    endloop
  endfacet
  facet normal -0.320993 -0.947082 -0
    outer loop
      vertex 64.9784 30.6549 3
      vertex 64.8235 30.7074 0
      vertex 64.9784 30.6549 0
    endloop
  endfacet
  facet normal -0.65911 -0.752046 0
    outer loop
      vertex 65.2609 30.4917 0
      vertex 65.3839 30.3839 3
      vertex 65.2609 30.4917 3
    endloop
  endfacet
  facet normal -0.65911 -0.752046 -0
    outer loop
      vertex 65.3839 30.3839 3
      vertex 65.2609 30.4917 0
      vertex 65.3839 30.3839 0
    endloop
  endfacet
  facet normal -0.555547 -0.831485 0
    outer loop
      vertex 65.125 30.5825 0
      vertex 65.2609 30.4917 3
      vertex 65.125 30.5825 3
    endloop
  endfacet
  facet normal -0.555547 -0.831485 -0
    outer loop
      vertex 65.2609 30.4917 3
      vertex 65.125 30.5825 0
      vertex 65.2609 30.4917 0
    endloop
  endfacet
  facet normal -0.896861 0.442313 0
    outer loop
      vertex 65.5825 28.875 0
      vertex 65.6548 29.0216 3
      vertex 65.6548 29.0216 0
    endloop
  endfacet
  facet normal -0.896861 0.442313 0
    outer loop
      vertex 65.6548 29.0216 3
      vertex 65.5825 28.875 0
      vertex 65.5825 28.875 3
    endloop
  endfacet
  facet normal -0.997858 0.0654233 0
    outer loop
      vertex 65.7393 29.3368 0
      vertex 65.75 29.5 3
      vertex 65.75 29.5 0
    endloop
  endfacet
  facet normal -0.997858 0.0654233 0
    outer loop
      vertex 65.75 29.5 3
      vertex 65.7393 29.3368 0
      vertex 65.7393 29.3368 3
    endloop
  endfacet
  facet normal 0.75178 -0.659414 0
    outer loop
      vertex 63.5083 30.261 3
      vertex 63.6161 30.3839 0
      vertex 63.6161 30.3839 3
    endloop
  endfacet
  facet normal 0.75178 -0.659414 0
    outer loop
      vertex 63.6161 30.3839 0
      vertex 63.5083 30.261 3
      vertex 63.5083 30.261 0
    endloop
  endfacet
  facet normal 0.442805 0.896618 -0
    outer loop
      vertex 64.0216 28.3451 0
      vertex 63.875 28.4175 3
      vertex 64.0216 28.3451 3
    endloop
  endfacet
  facet normal 0.442805 0.896618 0
    outer loop
      vertex 63.875 28.4175 3
      vertex 64.0216 28.3451 0
      vertex 63.875 28.4175 0
    endloop
  endfacet
  facet normal -0.65911 0.752046 0
    outer loop
      vertex 65.3839 28.6161 0
      vertex 65.2609 28.5083 3
      vertex 65.3839 28.6161 3
    endloop
  endfacet
  facet normal -0.65911 0.752046 0
    outer loop
      vertex 65.2609 28.5083 3
      vertex 65.3839 28.6161 0
      vertex 65.2609 28.5083 0
    endloop
  endfacet
  facet normal 0.320993 -0.947082 0
    outer loop
      vertex 64.0216 30.6549 0
      vertex 64.1765 30.7074 3
      vertex 64.0216 30.6549 3
    endloop
  endfacet
  facet normal 0.320993 -0.947082 0
    outer loop
      vertex 64.1765 30.7074 3
      vertex 64.0216 30.6549 0
      vertex 64.1765 30.7074 0
    endloop
  endfacet
  facet normal -0.555547 0.831485 0
    outer loop
      vertex 65.2609 28.5083 0
      vertex 65.125 28.4175 3
      vertex 65.2609 28.5083 3
    endloop
  endfacet
  facet normal -0.555547 0.831485 0
    outer loop
      vertex 65.125 28.4175 3
      vertex 65.2609 28.5083 0
      vertex 65.125 28.4175 0
    endloop
  endfacet
  facet normal -0.980768 0.195175 0
    outer loop
      vertex 65.7074 29.1765 0
      vertex 65.7393 29.3368 3
      vertex 65.7393 29.3368 0
    endloop
  endfacet
  facet normal -0.980768 0.195175 0
    outer loop
      vertex 65.7393 29.3368 3
      vertex 65.7074 29.1765 0
      vertex 65.7074 29.1765 3
    endloop
  endfacet
  facet normal -0.0654233 -0.997858 0
    outer loop
      vertex 64.5 30.75 0
      vertex 64.6632 30.7393 3
      vertex 64.5 30.75 3
    endloop
  endfacet
  facet normal -0.0654233 -0.997858 -0
    outer loop
      vertex 64.6632 30.7393 3
      vertex 64.5 30.75 0
      vertex 64.6632 30.7393 0
    endloop
  endfacet
  facet normal 0.997858 0.0654233 0
    outer loop
      vertex 63.2607 29.3368 3
      vertex 63.25 29.5 0
      vertex 63.25 29.5 3
    endloop
  endfacet
  facet normal 0.997858 0.0654233 0
    outer loop
      vertex 63.25 29.5 0
      vertex 63.2607 29.3368 3
      vertex 63.2607 29.3368 0
    endloop
  endfacet
  facet normal -0.320993 0.947082 0
    outer loop
      vertex 64.9784 28.3451 0
      vertex 64.8235 28.2926 3
      vertex 64.9784 28.3451 3
    endloop
  endfacet
  facet normal -0.320993 0.947082 0
    outer loop
      vertex 64.8235 28.2926 3
      vertex 64.9784 28.3451 0
      vertex 64.8235 28.2926 0
    endloop
  endfacet
  facet normal 0.896618 0.442805 0
    outer loop
      vertex 63.4175 28.875 3
      vertex 63.3451 29.0216 0
      vertex 63.3451 29.0216 3
    endloop
  endfacet
  facet normal 0.896618 0.442805 0
    outer loop
      vertex 63.3451 29.0216 0
      vertex 63.4175 28.875 3
      vertex 63.4175 28.875 0
    endloop
  endfacet
  facet normal 0.831674 0.555265 0
    outer loop
      vertex 63.5083 28.739 3
      vertex 63.4175 28.875 0
      vertex 63.4175 28.875 3
    endloop
  endfacet
  facet normal 0.831674 0.555265 0
    outer loop
      vertex 63.4175 28.875 0
      vertex 63.5083 28.739 3
      vertex 63.5083 28.739 0
    endloop
  endfacet
  facet normal 0.0654233 -0.997858 0
    outer loop
      vertex 64.3368 30.7393 0
      vertex 64.5 30.75 3
      vertex 64.3368 30.7393 3
    endloop
  endfacet
  facet normal 0.0654233 -0.997858 0
    outer loop
      vertex 64.5 30.75 3
      vertex 64.3368 30.7393 0
      vertex 64.5 30.75 0
    endloop
  endfacet
  facet normal -0.195175 -0.980768 0
    outer loop
      vertex 64.6632 30.7393 0
      vertex 64.8235 30.7074 3
      vertex 64.6632 30.7393 3
    endloop
  endfacet
  facet normal -0.195175 -0.980768 -0
    outer loop
      vertex 64.8235 30.7074 3
      vertex 64.6632 30.7393 0
      vertex 64.8235 30.7074 0
    endloop
  endfacet
  facet normal 0.659414 0.75178 -0
    outer loop
      vertex 63.739 28.5083 0
      vertex 63.6161 28.6161 3
      vertex 63.739 28.5083 3
    endloop
  endfacet
  facet normal 0.659414 0.75178 0
    outer loop
      vertex 63.6161 28.6161 3
      vertex 63.739 28.5083 0
      vertex 63.6161 28.6161 0
    endloop
  endfacet
  facet normal -0.75178 0.659414 0
    outer loop
      vertex 65.3839 28.6161 0
      vertex 65.4917 28.739 3
      vertex 65.4917 28.739 0
    endloop
  endfacet
  facet normal -0.75178 0.659414 0
    outer loop
      vertex 65.4917 28.739 3
      vertex 65.3839 28.6161 0
      vertex 65.3839 28.6161 3
    endloop
  endfacet
  facet normal 0.555265 -0.831674 0
    outer loop
      vertex 63.739 30.4917 0
      vertex 63.875 30.5825 3
      vertex 63.739 30.4917 3
    endloop
  endfacet
  facet normal 0.555265 -0.831674 0
    outer loop
      vertex 63.875 30.5825 3
      vertex 63.739 30.4917 0
      vertex 63.875 30.5825 0
    endloop
  endfacet
  facet normal 0.947082 0.320993 0
    outer loop
      vertex 63.3451 29.0216 3
      vertex 63.2926 29.1765 0
      vertex 63.2926 29.1765 3
    endloop
  endfacet
  facet normal 0.947082 0.320993 0
    outer loop
      vertex 63.2926 29.1765 0
      vertex 63.3451 29.0216 3
      vertex 63.3451 29.0216 0
    endloop
  endfacet
  facet normal -0.831674 0.555265 0
    outer loop
      vertex 65.4917 28.739 0
      vertex 65.5825 28.875 3
      vertex 65.5825 28.875 0
    endloop
  endfacet
  facet normal -0.831674 0.555265 0
    outer loop
      vertex 65.5825 28.875 3
      vertex 65.4917 28.739 0
      vertex 65.4917 28.739 3
    endloop
  endfacet
  facet normal 0.980768 -0.195175 0
    outer loop
      vertex 63.2607 29.6632 3
      vertex 63.2926 29.8235 0
      vertex 63.2926 29.8235 3
    endloop
  endfacet
  facet normal 0.980768 -0.195175 0
    outer loop
      vertex 63.2926 29.8235 0
      vertex 63.2607 29.6632 3
      vertex 63.2607 29.6632 0
    endloop
  endfacet
  facet normal -0.442805 -0.896618 0
    outer loop
      vertex 64.9784 30.6549 0
      vertex 65.125 30.5825 3
      vertex 64.9784 30.6549 3
    endloop
  endfacet
  facet normal -0.442805 -0.896618 -0
    outer loop
      vertex 65.125 30.5825 3
      vertex 64.9784 30.6549 0
      vertex 65.125 30.5825 0
    endloop
  endfacet
  facet normal -0.896861 -0.442313 0
    outer loop
      vertex 65.6548 29.9784 0
      vertex 65.5825 30.125 3
      vertex 65.5825 30.125 0
    endloop
  endfacet
  facet normal -0.896861 -0.442313 0
    outer loop
      vertex 65.5825 30.125 3
      vertex 65.6548 29.9784 0
      vertex 65.6548 29.9784 3
    endloop
  endfacet
  facet normal -0.75178 -0.659414 0
    outer loop
      vertex 65.4917 30.261 0
      vertex 65.3839 30.3839 3
      vertex 65.3839 30.3839 0
    endloop
  endfacet
  facet normal -0.75178 -0.659414 0
    outer loop
      vertex 65.3839 30.3839 3
      vertex 65.4917 30.261 0
      vertex 65.4917 30.261 3
    endloop
  endfacet
  facet normal 0.997858 -0.0654233 0
    outer loop
      vertex 63.25 29.5 3
      vertex 63.2607 29.6632 0
      vertex 63.2607 29.6632 3
    endloop
  endfacet
  facet normal 0.997858 -0.0654233 0
    outer loop
      vertex 63.2607 29.6632 0
      vertex 63.25 29.5 3
      vertex 63.25 29.5 0
    endloop
  endfacet
  facet normal 0.831674 -0.555265 0
    outer loop
      vertex 63.4175 30.125 3
      vertex 63.5083 30.261 0
      vertex 63.5083 30.261 3
    endloop
  endfacet
  facet normal 0.831674 -0.555265 0
    outer loop
      vertex 63.5083 30.261 0
      vertex 63.4175 30.125 3
      vertex 63.4175 30.125 0
    endloop
  endfacet
  facet normal -0.442805 0.896618 0
    outer loop
      vertex 65.125 28.4175 0
      vertex 64.9784 28.3451 3
      vertex 65.125 28.4175 3
    endloop
  endfacet
  facet normal -0.442805 0.896618 0
    outer loop
      vertex 64.9784 28.3451 3
      vertex 65.125 28.4175 0
      vertex 64.9784 28.3451 0
    endloop
  endfacet
  facet normal -0.0654233 0.997858 0
    outer loop
      vertex 64.6632 28.2607 0
      vertex 64.5 28.25 3
      vertex 64.6632 28.2607 3
    endloop
  endfacet
  facet normal -0.0654233 0.997858 0
    outer loop
      vertex 64.5 28.25 3
      vertex 64.6632 28.2607 0
      vertex 64.5 28.25 0
    endloop
  endfacet
  facet normal 0.195175 0.980768 -0
    outer loop
      vertex 64.3368 28.2607 0
      vertex 64.1765 28.2926 3
      vertex 64.3368 28.2607 3
    endloop
  endfacet
  facet normal 0.195175 0.980768 0
    outer loop
      vertex 64.1765 28.2926 3
      vertex 64.3368 28.2607 0
      vertex 64.1765 28.2926 0
    endloop
  endfacet
  facet normal 0.659414 -0.75178 0
    outer loop
      vertex 63.6161 30.3839 0
      vertex 63.739 30.4917 3
      vertex 63.6161 30.3839 3
    endloop
  endfacet
  facet normal 0.659414 -0.75178 0
    outer loop
      vertex 63.739 30.4917 3
      vertex 63.6161 30.3839 0
      vertex 63.739 30.4917 0
    endloop
  endfacet
  facet normal 0.896618 -0.442805 0
    outer loop
      vertex 63.3451 29.9784 3
      vertex 63.4175 30.125 0
      vertex 63.4175 30.125 3
    endloop
  endfacet
  facet normal 0.896618 -0.442805 0
    outer loop
      vertex 63.4175 30.125 0
      vertex 63.3451 29.9784 3
      vertex 63.3451 29.9784 0
    endloop
  endfacet
  facet normal 0.947082 -0.320993 0
    outer loop
      vertex 63.2926 29.8235 3
      vertex 63.3451 29.9784 0
      vertex 63.3451 29.9784 3
    endloop
  endfacet
  facet normal 0.947082 -0.320993 0
    outer loop
      vertex 63.3451 29.9784 0
      vertex 63.2926 29.8235 3
      vertex 63.2926 29.8235 0
    endloop
  endfacet
  facet normal 0.555265 0.831674 -0
    outer loop
      vertex 63.875 28.4175 0
      vertex 63.739 28.5083 3
      vertex 63.875 28.4175 3
    endloop
  endfacet
  facet normal 0.555265 0.831674 0
    outer loop
      vertex 63.739 28.5083 3
      vertex 63.875 28.4175 0
      vertex 63.739 28.5083 0
    endloop
  endfacet
  facet normal 0.0654233 0.997858 -0
    outer loop
      vertex 64.5 28.25 0
      vertex 64.3368 28.2607 3
      vertex 64.5 28.25 3
    endloop
  endfacet
  facet normal 0.0654233 0.997858 0
    outer loop
      vertex 64.3368 28.2607 3
      vertex 64.5 28.25 0
      vertex 64.3368 28.2607 0
    endloop
  endfacet
  facet normal -0.980786 -0.195087 0
    outer loop
      vertex 9.58631 1.70884 0
      vertex 9.54548 1.91411 4
      vertex 9.54548 1.91411 0
    endloop
  endfacet
  facet normal -0.980786 -0.195087 0
    outer loop
      vertex 9.54548 1.91411 4
      vertex 9.58631 1.70884 0
      vertex 9.58631 1.70884 4
    endloop
  endfacet
  facet normal -0.997858 -0.0654122 0
    outer loop
      vertex 9.6 1.5 0
      vertex 9.58631 1.70884 4
      vertex 9.58631 1.70884 0
    endloop
  endfacet
  facet normal -0.997858 -0.0654122 0
    outer loop
      vertex 9.58631 1.70884 4
      vertex 9.6 1.5 0
      vertex 9.6 1.5 4
    endloop
  endfacet
  facet normal -0.946935 -0.321426 0
    outer loop
      vertex 9.54548 1.91411 0
      vertex 9.47821 2.11229 4
      vertex 9.47821 2.11229 0
    endloop
  endfacet
  facet normal -0.946935 -0.321426 0
    outer loop
      vertex 9.47821 2.11229 4
      vertex 9.54548 1.91411 0
      vertex 9.54548 1.91411 4
    endloop
  endfacet
  facet normal -0.831484 -0.555549 0
    outer loop
      vertex 9.38564 2.3 0
      vertex 9.26937 2.47402 4
      vertex 9.26937 2.47402 0
    endloop
  endfacet
  facet normal -0.831484 -0.555549 0
    outer loop
      vertex 9.26937 2.47402 4
      vertex 9.38564 2.3 0
      vertex 9.38564 2.3 4
    endloop
  endfacet
  facet normal 0.946937 0.321421 0
    outer loop
      vertex 6.52179 0.887706 4
      vertex 6.45452 1.08589 0
      vertex 6.45452 1.08589 4
    endloop
  endfacet
  facet normal 0.946937 0.321421 0
    outer loop
      vertex 6.45452 1.08589 0
      vertex 6.52179 0.887706 4
      vertex 6.52179 0.887706 0
    endloop
  endfacet
  facet normal -0.980786 0.195087 0
    outer loop
      vertex 9.54548 1.08589 0
      vertex 9.58631 1.29116 4
      vertex 9.58631 1.29116 0
    endloop
  endfacet
  facet normal -0.980786 0.195087 0
    outer loop
      vertex 9.58631 1.29116 4
      vertex 9.54548 1.08589 0
      vertex 9.54548 1.08589 4
    endloop
  endfacet
  facet normal 0.555549 -0.831484 0
    outer loop
      vertex 7.02598 2.76937 0
      vertex 7.2 2.88564 4
      vertex 7.02598 2.76937 4
    endloop
  endfacet
  facet normal 0.555549 -0.831484 0
    outer loop
      vertex 7.2 2.88564 4
      vertex 7.02598 2.76937 0
      vertex 7.2 2.88564 0
    endloop
  endfacet
  facet normal -0.321439 -0.94693 -0
    outer loop
      vertex 8.41411 3.04548 3
      vertex 8.41411 3.04548 0
      vertex 8.54809 3 3
    endloop
  endfacet
  facet normal -0.3214 -0.946943 0
    outer loop
      vertex 8.54809 3 3
      vertex 8.61229 2.97821 4
      vertex 8.54809 3 4
    endloop
  endfacet
  facet normal -0.321426 -0.946935 -6.24027e-07
    outer loop
      vertex 8.61229 2.97821 0
      vertex 8.54809 3 3
      vertex 8.41411 3.04548 0
    endloop
  endfacet
  facet normal -0.3214 -0.946943 0
    outer loop
      vertex 8.54809 3 3
      vertex 8.61229 2.97821 0
      vertex 8.61229 2.97821 4
    endloop
  endfacet
  facet normal -0.946937 0.321421 0
    outer loop
      vertex 9.47821 0.887706 0
      vertex 9.54548 1.08589 4
      vertex 9.54548 1.08589 0
    endloop
  endfacet
  facet normal -0.946937 0.321421 0
    outer loop
      vertex 9.54548 1.08589 4
      vertex 9.47821 0.887706 0
      vertex 9.47821 0.887706 4
    endloop
  endfacet
  facet normal -0.442282 0.896876 0
    outer loop
      vertex 8.8 0.114359 0
      vertex 8.61229 0.0217924 4
      vertex 8.8 0.114359 4
    endloop
  endfacet
  facet normal -0.442282 0.896876 0
    outer loop
      vertex 8.61229 0.0217924 4
      vertex 8.8 0.114359 0
      vertex 8.61229 0.0217924 0
    endloop
  endfacet
  facet normal 0.659367 -0.751821 0
    outer loop
      vertex 6.86863 2.63137 0
      vertex 7.02598 2.76937 4
      vertex 6.86863 2.63137 4
    endloop
  endfacet
  facet normal 0.659367 -0.751821 0
    outer loop
      vertex 7.02598 2.76937 4
      vertex 6.86863 2.63137 0
      vertex 7.02598 2.76937 0
    endloop
  endfacet
  facet normal -0.89687 -0.442295 0
    outer loop
      vertex 9.47821 2.11229 0
      vertex 9.38564 2.3 4
      vertex 9.38564 2.3 0
    endloop
  endfacet
  facet normal -0.89687 -0.442295 0
    outer loop
      vertex 9.38564 2.3 4
      vertex 9.47821 2.11229 0
      vertex 9.47821 2.11229 4
    endloop
  endfacet
  facet normal 0.195087 -0.980786 0
    outer loop
      vertex 7.58589 3.04548 0
      vertex 7.79116 3.08631 3
      vertex 7.58589 3.04548 3
    endloop
  endfacet
  facet normal 0.195087 -0.980786 0
    outer loop
      vertex 7.79116 3.08631 3
      vertex 7.58589 3.04548 0
      vertex 7.79116 3.08631 0
    endloop
  endfacet
  facet normal -0.831482 0.555551 0
    outer loop
      vertex 9.26937 0.525981 0
      vertex 9.38564 0.7 4
      vertex 9.38564 0.7 0
    endloop
  endfacet
  facet normal -0.831482 0.555551 0
    outer loop
      vertex 9.38564 0.7 4
      vertex 9.26937 0.525981 0
      vertex 9.26937 0.525981 4
    endloop
  endfacet
  facet normal 0.896866 0.442303 0
    outer loop
      vertex 6.61436 0.7 4
      vertex 6.52179 0.887706 0
      vertex 6.52179 0.887706 4
    endloop
  endfacet
  facet normal 0.896866 0.442303 0
    outer loop
      vertex 6.52179 0.887706 0
      vertex 6.61436 0.7 4
      vertex 6.61436 0.7 0
    endloop
  endfacet
  facet normal -0.442295 -0.89687 0
    outer loop
      vertex 8.61229 2.97821 0
      vertex 8.8 2.88564 4
      vertex 8.61229 2.97821 4
    endloop
  endfacet
  facet normal -0.442295 -0.89687 -0
    outer loop
      vertex 8.8 2.88564 4
      vertex 8.61229 2.97821 0
      vertex 8.8 2.88564 0
    endloop
  endfacet
  facet normal 0.321432 0.946933 -0
    outer loop
      vertex 7.45191 0 0
      vertex 7.38771 0.0217924 4
      vertex 7.45191 0 4
    endloop
  endfacet
  facet normal 0.321432 0.946933 0
    outer loop
      vertex 7.38771 0.0217924 4
      vertex 7.45191 0 0
      vertex 7.38771 0.0217924 0
    endloop
  endfacet
  facet normal 0.442295 -0.89687 0
    outer loop
      vertex 7.2 2.88564 0
      vertex 7.38771 2.97821 4
      vertex 7.2 2.88564 4
    endloop
  endfacet
  facet normal 0.442295 -0.89687 0
    outer loop
      vertex 7.38771 2.97821 4
      vertex 7.2 2.88564 0
      vertex 7.38771 2.97821 0
    endloop
  endfacet
  facet normal 0.442282 0.896876 -0
    outer loop
      vertex 7.38771 0.0217924 0
      vertex 7.2 0.114359 4
      vertex 7.38771 0.0217924 4
    endloop
  endfacet
  facet normal 0.442282 0.896876 0
    outer loop
      vertex 7.2 0.114359 4
      vertex 7.38771 0.0217924 0
      vertex 7.2 0.114359 0
    endloop
  endfacet
  facet normal 0.980786 0.195087 0
    outer loop
      vertex 6.45452 1.08589 4
      vertex 6.41369 1.29116 0
      vertex 6.41369 1.29116 4
    endloop
  endfacet
  facet normal 0.980786 0.195087 0
    outer loop
      vertex 6.41369 1.29116 0
      vertex 6.45452 1.08589 4
      vertex 6.45452 1.08589 0
    endloop
  endfacet
  facet normal 0.555565 0.831473 -0
    outer loop
      vertex 7.2 0.114359 0
      vertex 7.02598 0.230634 4
      vertex 7.2 0.114359 4
    endloop
  endfacet
  facet normal 0.555565 0.831473 0
    outer loop
      vertex 7.02598 0.230634 4
      vertex 7.2 0.114359 0
      vertex 7.02598 0.230634 0
    endloop
  endfacet
  facet normal -0.195087 -0.980786 0
    outer loop
      vertex 8.20884 3.08631 0
      vertex 8.41411 3.04548 3
      vertex 8.20884 3.08631 3
    endloop
  endfacet
  facet normal -0.195087 -0.980786 -0
    outer loop
      vertex 8.41411 3.04548 3
      vertex 8.20884 3.08631 0
      vertex 8.41411 3.04548 0
    endloop
  endfacet
  facet normal 0.751826 0.659362 0
    outer loop
      vertex 6.86863 0.368629 4
      vertex 6.73063 0.525981 0
      vertex 6.73063 0.525981 4
    endloop
  endfacet
  facet normal 0.751826 0.659362 0
    outer loop
      vertex 6.73063 0.525981 0
      vertex 6.86863 0.368629 4
      vertex 6.86863 0.368629 0
    endloop
  endfacet
  facet normal 0.751821 -0.659367 0
    outer loop
      vertex 6.73063 2.47402 4
      vertex 6.86863 2.63137 0
      vertex 6.86863 2.63137 4
    endloop
  endfacet
  facet normal 0.751821 -0.659367 0
    outer loop
      vertex 6.86863 2.63137 0
      vertex 6.73063 2.47402 4
      vertex 6.73063 2.47402 0
    endloop
  endfacet
  facet normal -0.997858 0.0654122 0
    outer loop
      vertex 9.58631 1.29116 0
      vertex 9.6 1.5 4
      vertex 9.6 1.5 0
    endloop
  endfacet
  facet normal -0.997858 0.0654122 0
    outer loop
      vertex 9.6 1.5 4
      vertex 9.58631 1.29116 0
      vertex 9.58631 1.29116 4
    endloop
  endfacet
  facet normal 0.831484 -0.555549 0
    outer loop
      vertex 6.61436 2.3 4
      vertex 6.73063 2.47402 0
      vertex 6.73063 2.47402 4
    endloop
  endfacet
  facet normal 0.831484 -0.555549 0
    outer loop
      vertex 6.73063 2.47402 0
      vertex 6.61436 2.3 4
      vertex 6.61436 2.3 0
    endloop
  endfacet
  facet normal 0 0 -1
    outer loop
      vertex 9.58631 1.29116 4
      vertex 9.58631 1.70884 4
      vertex 9.6 1.5 4
    endloop
  endfacet
  facet normal 0 0 -1
    outer loop
      vertex 9.54548 1.08589 4
      vertex 9.58631 1.70884 4
      vertex 9.58631 1.29116 4
    endloop
  endfacet
  facet normal 0 0 -1
    outer loop
      vertex 9.54548 1.08589 4
      vertex 9.54548 1.91411 4
      vertex 9.58631 1.70884 4
    endloop
  endfacet
  facet normal 0 0 -1
    outer loop
      vertex 9.47821 0.887706 4
      vertex 9.54548 1.91411 4
      vertex 9.54548 1.08589 4
    endloop
  endfacet
  facet normal 0 0 -1
    outer loop
      vertex 9.47821 0.887706 4
      vertex 9.47821 2.11229 4
      vertex 9.54548 1.91411 4
    endloop
  endfacet
  facet normal 0 0 -1
    outer loop
      vertex 9.38564 0.7 4
      vertex 9.47821 2.11229 4
      vertex 9.47821 0.887706 4
    endloop
  endfacet
  facet normal 0 0 -1
    outer loop
      vertex 9.38564 0.7 4
      vertex 9.38564 2.3 4
      vertex 9.47821 2.11229 4
    endloop
  endfacet
  facet normal 0 0 -1
    outer loop
      vertex 9.26937 0.525981 4
      vertex 9.38564 2.3 4
      vertex 9.38564 0.7 4
    endloop
  endfacet
  facet normal 0 0 -1
    outer loop
      vertex 9.26937 0.525981 4
      vertex 9.26937 2.47402 4
      vertex 9.38564 2.3 4
    endloop
  endfacet
  facet normal 0 0 -1
    outer loop
      vertex 9.13137 0.368629 4
      vertex 9.26937 2.47402 4
      vertex 9.26937 0.525981 4
    endloop
  endfacet
  facet normal 0 0 -1
    outer loop
      vertex 9.13137 0.368629 4
      vertex 9.13137 2.63137 4
      vertex 9.26937 2.47402 4
    endloop
  endfacet
  facet normal 0 0 -1
    outer loop
      vertex 8.97402 0.230634 4
      vertex 9.13137 2.63137 4
      vertex 9.13137 0.368629 4
    endloop
  endfacet
  facet normal 0 0 -1
    outer loop
      vertex 8.97402 0.230634 4
      vertex 8.97402 2.76937 4
      vertex 9.13137 2.63137 4
    endloop
  endfacet
  facet normal 0 0 -1
    outer loop
      vertex 8.54809 0 4
      vertex 8.97402 0.230634 4
      vertex 8.8 0.114359 4
    endloop
  endfacet
  facet normal -0 0 -1
    outer loop
      vertex 8.97402 0.230634 4
      vertex 8.54809 0 4
      vertex 8.97402 2.76937 4
    endloop
  endfacet
  facet normal 0 0 -1
    outer loop
      vertex 8.54809 0 4
      vertex 8.8 0.114359 4
      vertex 8.61229 0.0217924 4
    endloop
  endfacet
  facet normal 0 0 -1
    outer loop
      vertex 8.54809 3 4
      vertex 8.97402 2.76937 4
      vertex 8.54809 0 4
    endloop
  endfacet
  facet normal 0 0 -1
    outer loop
      vertex 8.97402 2.76937 4
      vertex 8.54809 3 4
      vertex 8.8 2.88564 4
    endloop
  endfacet
  facet normal 0 0 -1
    outer loop
      vertex 8.8 2.88564 4
      vertex 8.54809 3 4
      vertex 8.61229 2.97821 4
    endloop
  endfacet
  facet normal 0 0 -1
    outer loop
      vertex 8.54809 0 4
      vertex 7.45191 3 4
      vertex 8.54809 3 4
    endloop
  endfacet
  facet normal 0 0 -1
    outer loop
      vertex 7.45191 0 4
      vertex 7.45191 3 4
      vertex 8.54809 0 4
    endloop
  endfacet
  facet normal 0 0 -1
    outer loop
      vertex 7.2 0.114359 4
      vertex 7.45191 0 4
      vertex 7.38771 0.0217924 4
    endloop
  endfacet
  facet normal 0 0 -1
    outer loop
      vertex 7.02598 0.230634 4
      vertex 7.45191 0 4
      vertex 7.2 0.114359 4
    endloop
  endfacet
  facet normal 0 0 -1
    outer loop
      vertex 7.45191 0 4
      vertex 7.02598 0.230634 4
      vertex 7.45191 3 4
    endloop
  endfacet
  facet normal 0 0 -1
    outer loop
      vertex 7.45191 3 4
      vertex 7.2 2.88564 4
      vertex 7.38771 2.97821 4
    endloop
  endfacet
  facet normal 0 0 -1
    outer loop
      vertex 7.02598 2.76937 4
      vertex 7.45191 3 4
      vertex 7.02598 0.230634 4
    endloop
  endfacet
  facet normal 0 0 -1
    outer loop
      vertex 7.45191 3 4
      vertex 7.02598 2.76937 4
      vertex 7.2 2.88564 4
    endloop
  endfacet
  facet normal 0 0 -1
    outer loop
      vertex 6.86863 0.368629 4
      vertex 7.02598 2.76937 4
      vertex 7.02598 0.230634 4
    endloop
  endfacet
  facet normal 0 0 -1
    outer loop
      vertex 6.86863 0.368629 4
      vertex 6.86863 2.63137 4
      vertex 7.02598 2.76937 4
    endloop
  endfacet
  facet normal 0 0 -1
    outer loop
      vertex 6.73063 0.525981 4
      vertex 6.86863 2.63137 4
      vertex 6.86863 0.368629 4
    endloop
  endfacet
  facet normal 0 0 -1
    outer loop
      vertex 6.73063 0.525981 4
      vertex 6.73063 2.47402 4
      vertex 6.86863 2.63137 4
    endloop
  endfacet
  facet normal 0 0 -1
    outer loop
      vertex 6.61436 0.7 4
      vertex 6.73063 2.47402 4
      vertex 6.73063 0.525981 4
    endloop
  endfacet
  facet normal 0 0 -1
    outer loop
      vertex 6.61436 0.7 4
      vertex 6.61436 2.3 4
      vertex 6.73063 2.47402 4
    endloop
  endfacet
  facet normal 0 0 -1
    outer loop
      vertex 6.52179 0.887706 4
      vertex 6.61436 2.3 4
      vertex 6.61436 0.7 4
    endloop
  endfacet
  facet normal 0 0 -1
    outer loop
      vertex 6.52179 0.887706 4
      vertex 6.52179 2.11229 4
      vertex 6.61436 2.3 4
    endloop
  endfacet
  facet normal 0 0 -1
    outer loop
      vertex 6.45452 1.08589 4
      vertex 6.52179 2.11229 4
      vertex 6.52179 0.887706 4
    endloop
  endfacet
  facet normal 0 0 -1
    outer loop
      vertex 6.45452 1.08589 4
      vertex 6.45452 1.91411 4
      vertex 6.52179 2.11229 4
    endloop
  endfacet
  facet normal 0 0 -1
    outer loop
      vertex 6.41369 1.29116 4
      vertex 6.45452 1.91411 4
      vertex 6.45452 1.08589 4
    endloop
  endfacet
  facet normal 0 0 -1
    outer loop
      vertex 6.41369 1.29116 4
      vertex 6.41369 1.70884 4
      vertex 6.45452 1.91411 4
    endloop
  endfacet
  facet normal 0 -0 -1
    outer loop
      vertex 6.41369 1.70884 4
      vertex 6.41369 1.29116 4
      vertex 6.4 1.5 4
    endloop
  endfacet
  facet normal 0.997858 0.0654122 0
    outer loop
      vertex 6.41369 1.29116 4
      vertex 6.4 1.5 0
      vertex 6.4 1.5 4
    endloop
  endfacet
  facet normal 0.997858 0.0654122 0
    outer loop
      vertex 6.4 1.5 0
      vertex 6.41369 1.29116 4
      vertex 6.41369 1.29116 0
    endloop
  endfacet
  facet normal -0.321432 0.946933 0
    outer loop
      vertex 8.61229 0.0217924 0
      vertex 8.54809 0 4
      vertex 8.61229 0.0217924 4
    endloop
  endfacet
  facet normal -0.321432 0.946933 0
    outer loop
      vertex 8.54809 0 4
      vertex 8.61229 0.0217924 0
      vertex 8.54809 0 0
    endloop
  endfacet
  facet normal -0.555565 0.831473 0
    outer loop
      vertex 8.97402 0.230634 0
      vertex 8.8 0.114359 4
      vertex 8.97402 0.230634 4
    endloop
  endfacet
  facet normal -0.555565 0.831473 0
    outer loop
      vertex 8.8 0.114359 4
      vertex 8.97402 0.230634 0
      vertex 8.8 0.114359 0
    endloop
  endfacet
  facet normal -0.751826 0.659362 0
    outer loop
      vertex 9.13137 0.368629 0
      vertex 9.26937 0.525981 4
      vertex 9.26937 0.525981 0
    endloop
  endfacet
  facet normal -0.751826 0.659362 0
    outer loop
      vertex 9.26937 0.525981 4
      vertex 9.13137 0.368629 0
      vertex 9.13137 0.368629 4
    endloop
  endfacet
  facet normal 0.831482 0.555551 0
    outer loop
      vertex 6.73063 0.525981 4
      vertex 6.61436 0.7 0
      vertex 6.61436 0.7 4
    endloop
  endfacet
  facet normal 0.831482 0.555551 0
    outer loop
      vertex 6.61436 0.7 0
      vertex 6.73063 0.525981 4
      vertex 6.73063 0.525981 0
    endloop
  endfacet
  facet normal -0.659353 0.751833 0
    outer loop
      vertex 9.13137 0.368629 0
      vertex 8.97402 0.230634 4
      vertex 9.13137 0.368629 4
    endloop
  endfacet
  facet normal -0.659353 0.751833 0
    outer loop
      vertex 8.97402 0.230634 4
      vertex 9.13137 0.368629 0
      vertex 8.97402 0.230634 0
    endloop
  endfacet
  facet normal -0.896866 0.442303 0
    outer loop
      vertex 9.38564 0.7 0
      vertex 9.47821 0.887706 4
      vertex 9.47821 0.887706 0
    endloop
  endfacet
  facet normal -0.896866 0.442303 0
    outer loop
      vertex 9.47821 0.887706 4
      vertex 9.38564 0.7 0
      vertex 9.38564 0.7 4
    endloop
  endfacet
  facet normal 0.0654122 -0.997858 0
    outer loop
      vertex 7.79116 3.08631 0
      vertex 8 3.1 3
      vertex 7.79116 3.08631 3
    endloop
  endfacet
  facet normal 0.0654122 -0.997858 0
    outer loop
      vertex 8 3.1 3
      vertex 7.79116 3.08631 0
      vertex 8 3.1 0
    endloop
  endfacet
  facet normal 0.980786 -0.195087 0
    outer loop
      vertex 6.41369 1.70884 4
      vertex 6.45452 1.91411 0
      vertex 6.45452 1.91411 4
    endloop
  endfacet
  facet normal 0.980786 -0.195087 0
    outer loop
      vertex 6.45452 1.91411 0
      vertex 6.41369 1.70884 4
      vertex 6.41369 1.70884 0
    endloop
  endfacet
  facet normal -0.555549 -0.831484 0
    outer loop
      vertex 8.8 2.88564 0
      vertex 8.97402 2.76937 4
      vertex 8.8 2.88564 4
    endloop
  endfacet
  facet normal -0.555549 -0.831484 -0
    outer loop
      vertex 8.97402 2.76937 4
      vertex 8.8 2.88564 0
      vertex 8.97402 2.76937 0
    endloop
  endfacet
  facet normal 0.3214 -0.946943 0
    outer loop
      vertex 7.38771 2.97821 4
      vertex 7.45191 3 3
      vertex 7.45191 3 4
    endloop
  endfacet
  facet normal 0.3214 -0.946943 0
    outer loop
      vertex 7.38771 2.97821 0
      vertex 7.45191 3 3
      vertex 7.38771 2.97821 4
    endloop
  endfacet
  facet normal 0.321426 -0.946935 -6.24027e-07
    outer loop
      vertex 7.58589 3.04548 0
      vertex 7.45191 3 3
      vertex 7.38771 2.97821 0
    endloop
  endfacet
  facet normal 0.321439 -0.94693 0
    outer loop
      vertex 7.45191 3 3
      vertex 7.58589 3.04548 0
      vertex 7.58589 3.04548 3
    endloop
  endfacet
  facet normal -0.659367 -0.751821 0
    outer loop
      vertex 8.97402 2.76937 0
      vertex 9.13137 2.63137 4
      vertex 8.97402 2.76937 4
    endloop
  endfacet
  facet normal -0.659367 -0.751821 -0
    outer loop
      vertex 9.13137 2.63137 4
      vertex 8.97402 2.76937 0
      vertex 9.13137 2.63137 0
    endloop
  endfacet
  facet normal -0.0654122 -0.997858 0
    outer loop
      vertex 8 3.1 0
      vertex 8.20884 3.08631 3
      vertex 8 3.1 3
    endloop
  endfacet
  facet normal -0.0654122 -0.997858 -0
    outer loop
      vertex 8.20884 3.08631 3
      vertex 8 3.1 0
      vertex 8.20884 3.08631 0
    endloop
  endfacet
  facet normal 0.89687 -0.442295 0
    outer loop
      vertex 6.52179 2.11229 4
      vertex 6.61436 2.3 0
      vertex 6.61436 2.3 4
    endloop
  endfacet
  facet normal 0.89687 -0.442295 0
    outer loop
      vertex 6.61436 2.3 0
      vertex 6.52179 2.11229 4
      vertex 6.52179 2.11229 0
    endloop
  endfacet
  facet normal -0.751821 -0.659367 0
    outer loop
      vertex 9.26937 2.47402 0
      vertex 9.13137 2.63137 4
      vertex 9.13137 2.63137 0
    endloop
  endfacet
  facet normal -0.751821 -0.659367 0
    outer loop
      vertex 9.13137 2.63137 4
      vertex 9.26937 2.47402 0
      vertex 9.26937 2.47402 4
    endloop
  endfacet
  facet normal 0.659353 0.751833 -0
    outer loop
      vertex 7.02598 0.230634 0
      vertex 6.86863 0.368629 4
      vertex 7.02598 0.230634 4
    endloop
  endfacet
  facet normal 0.659353 0.751833 0
    outer loop
      vertex 6.86863 0.368629 4
      vertex 7.02598 0.230634 0
      vertex 6.86863 0.368629 0
    endloop
  endfacet
  facet normal 0.946935 -0.321426 0
    outer loop
      vertex 6.45452 1.91411 4
      vertex 6.52179 2.11229 0
      vertex 6.52179 2.11229 4
    endloop
  endfacet
  facet normal 0.946935 -0.321426 0
    outer loop
      vertex 6.52179 2.11229 0
      vertex 6.45452 1.91411 4
      vertex 6.45452 1.91411 0
    endloop
  endfacet
  facet normal 0.997858 -0.0654122 0
    outer loop
      vertex 6.4 1.5 4
      vertex 6.41369 1.70884 0
      vertex 6.41369 1.70884 4
    endloop
  endfacet
  facet normal 0.997858 -0.0654122 0
    outer loop
      vertex 6.41369 1.70884 0
      vertex 6.4 1.5 4
      vertex 6.4 1.5 0
    endloop
  endfacet
  facet normal -0.980813 -0.194949 0
    outer loop
      vertex 64.5863 1.70884 0
      vertex 64.5455 1.91411 4
      vertex 64.5455 1.91411 0
    endloop
  endfacet
  facet normal -0.980813 -0.194949 0
    outer loop
      vertex 64.5455 1.91411 4
      vertex 64.5863 1.70884 0
      vertex 64.5863 1.70884 4
    endloop
  endfacet
  facet normal -0.997855 -0.0654598 0
    outer loop
      vertex 64.6 1.5 0
      vertex 64.5863 1.70884 4
      vertex 64.5863 1.70884 0
    endloop
  endfacet
  facet normal -0.997855 -0.0654598 0
    outer loop
      vertex 64.5863 1.70884 4
      vertex 64.6 1.5 0
      vertex 64.6 1.5 4
    endloop
  endfacet
  facet normal -0.946891 -0.321555 0
    outer loop
      vertex 64.5455 1.91411 0
      vertex 64.4782 2.11229 4
      vertex 64.4782 2.11229 0
    endloop
  endfacet
  facet normal -0.946891 -0.321555 0
    outer loop
      vertex 64.4782 2.11229 4
      vertex 64.5455 1.91411 0
      vertex 64.5455 1.91411 4
    endloop
  endfacet
  facet normal -0.831638 -0.555318 0
    outer loop
      vertex 64.3856 2.3 0
      vertex 64.2694 2.47402 4
      vertex 64.2694 2.47402 0
    endloop
  endfacet
  facet normal -0.831638 -0.555318 0
    outer loop
      vertex 64.2694 2.47402 4
      vertex 64.3856 2.3 0
      vertex 64.3856 2.3 4
    endloop
  endfacet
  facet normal 0.946893 0.321549 0
    outer loop
      vertex 61.5218 0.887706 4
      vertex 61.4545 1.08589 0
      vertex 61.4545 1.08589 4
    endloop
  endfacet
  facet normal 0.946893 0.321549 0
    outer loop
      vertex 61.4545 1.08589 0
      vertex 61.5218 0.887706 4
      vertex 61.5218 0.887706 0
    endloop
  endfacet
  facet normal -0.555593 -0.831454 0
    outer loop
      vertex 63.8 2.88564 0
      vertex 63.974 2.76937 4
      vertex 63.8 2.88564 4
    endloop
  endfacet
  facet normal -0.555593 -0.831454 -0
    outer loop
      vertex 63.974 2.76937 4
      vertex 63.8 2.88564 0
      vertex 63.974 2.76937 0
    endloop
  endfacet
  facet normal -0.980813 0.194949 0
    outer loop
      vertex 64.5455 1.08589 0
      vertex 64.5863 1.29116 4
      vertex 64.5863 1.29116 0
    endloop
  endfacet
  facet normal -0.980813 0.194949 0
    outer loop
      vertex 64.5863 1.29116 4
      vertex 64.5455 1.08589 0
      vertex 64.5455 1.08589 4
    endloop
  endfacet
  facet normal 0.555593 -0.831454 0
    outer loop
      vertex 62.026 2.76937 0
      vertex 62.2 2.88564 4
      vertex 62.026 2.76937 4
    endloop
  endfacet
  facet normal 0.555593 -0.831454 0
    outer loop
      vertex 62.2 2.88564 4
      vertex 62.026 2.76937 0
      vertex 62.2 2.88564 0
    endloop
  endfacet
  facet normal -0.321396 -0.946945 -0
    outer loop
      vertex 63.4141 3.04548 3
      vertex 63.4141 3.04548 0
      vertex 63.5481 3 3
    endloop
  endfacet
  facet normal -0.3214 -0.946943 0
    outer loop
      vertex 63.5481 3 3
      vertex 63.6123 2.97821 4
      vertex 63.5481 3 4
    endloop
  endfacet
  facet normal -0.321397 -0.946944 7.00733e-08
    outer loop
      vertex 63.6123 2.97821 0
      vertex 63.5481 3 3
      vertex 63.4141 3.04548 0
    endloop
  endfacet
  facet normal -0.3214 -0.946943 0
    outer loop
      vertex 63.5481 3 3
      vertex 63.6123 2.97821 0
      vertex 63.6123 2.97821 4
    endloop
  endfacet
  facet normal -0.946893 0.321549 0
    outer loop
      vertex 64.4782 0.887706 0
      vertex 64.5455 1.08589 4
      vertex 64.5455 1.08589 0
    endloop
  endfacet
  facet normal -0.946893 0.321549 0
    outer loop
      vertex 64.5455 1.08589 4
      vertex 64.4782 0.887706 0
      vertex 64.4782 0.887706 4
    endloop
  endfacet
  facet normal -0.442301 0.896867 0
    outer loop
      vertex 63.8 0.114359 0
      vertex 63.6123 0.0217924 4
      vertex 63.8 0.114359 4
    endloop
  endfacet
  facet normal -0.442301 0.896867 0
    outer loop
      vertex 63.6123 0.0217924 4
      vertex 63.8 0.114359 0
      vertex 63.6123 0.0217924 0
    endloop
  endfacet
  facet normal 0.659248 -0.751925 0
    outer loop
      vertex 61.8686 2.63137 0
      vertex 62.026 2.76937 4
      vertex 61.8686 2.63137 4
    endloop
  endfacet
  facet normal 0.659248 -0.751925 0
    outer loop
      vertex 62.026 2.76937 4
      vertex 61.8686 2.63137 0
      vertex 62.026 2.76937 0
    endloop
  endfacet
  facet normal -0.896813 -0.44241 0
    outer loop
      vertex 64.4782 2.11229 0
      vertex 64.3856 2.3 4
      vertex 64.3856 2.3 0
    endloop
  endfacet
  facet normal -0.896813 -0.44241 0
    outer loop
      vertex 64.3856 2.3 4
      vertex 64.4782 2.11229 0
      vertex 64.4782 2.11229 4
    endloop
  endfacet
  facet normal 0.195059 -0.980791 0
    outer loop
      vertex 62.5859 3.04548 0
      vertex 62.7912 3.08631 3
      vertex 62.5859 3.04548 3
    endloop
  endfacet
  facet normal 0.195059 -0.980791 0
    outer loop
      vertex 62.7912 3.08631 3
      vertex 62.5859 3.04548 0
      vertex 62.7912 3.08631 0
    endloop
  endfacet
  facet normal -0.831637 0.55532 0
    outer loop
      vertex 64.2694 0.525981 0
      vertex 64.3856 0.7 4
      vertex 64.3856 0.7 0
    endloop
  endfacet
  facet normal -0.831637 0.55532 0
    outer loop
      vertex 64.3856 0.7 4
      vertex 64.2694 0.525981 0
      vertex 64.2694 0.525981 4
    endloop
  endfacet
  facet normal 0.896809 0.442418 0
    outer loop
      vertex 61.6144 0.7 4
      vertex 61.5218 0.887706 0
      vertex 61.5218 0.887706 4
    endloop
  endfacet
  facet normal 0.896809 0.442418 0
    outer loop
      vertex 61.5218 0.887706 0
      vertex 61.6144 0.7 4
      vertex 61.6144 0.7 0
    endloop
  endfacet
  facet normal -0.442314 -0.89686 0
    outer loop
      vertex 63.6123 2.97821 0
      vertex 63.8 2.88564 4
      vertex 63.6123 2.97821 4
    endloop
  endfacet
  facet normal -0.442314 -0.89686 -0
    outer loop
      vertex 63.8 2.88564 4
      vertex 63.6123 2.97821 0
      vertex 63.8 2.88564 0
    endloop
  endfacet
  facet normal 0.321432 0.946933 -0
    outer loop
      vertex 62.4519 0 0
      vertex 62.3877 0.0217924 4
      vertex 62.4519 0 4
    endloop
  endfacet
  facet normal 0.321432 0.946933 0
    outer loop
      vertex 62.3877 0.0217924 4
      vertex 62.4519 0 0
      vertex 62.3877 0.0217924 0
    endloop
  endfacet
  facet normal 0.442314 -0.89686 0
    outer loop
      vertex 62.2 2.88564 0
      vertex 62.3877 2.97821 4
      vertex 62.2 2.88564 4
    endloop
  endfacet
  facet normal 0.442314 -0.89686 0
    outer loop
      vertex 62.3877 2.97821 4
      vertex 62.2 2.88564 0
      vertex 62.3877 2.97821 0
    endloop
  endfacet
  facet normal 0.442301 0.896867 -0
    outer loop
      vertex 62.3877 0.0217924 0
      vertex 62.2 0.114359 4
      vertex 62.3877 0.0217924 4
    endloop
  endfacet
  facet normal 0.442301 0.896867 0
    outer loop
      vertex 62.2 0.114359 4
      vertex 62.3877 0.0217924 0
      vertex 62.2 0.114359 0
    endloop
  endfacet
  facet normal 0.980813 0.194949 0
    outer loop
      vertex 61.4545 1.08589 4
      vertex 61.4137 1.29116 0
      vertex 61.4137 1.29116 4
    endloop
  endfacet
  facet normal 0.980813 0.194949 0
    outer loop
      vertex 61.4137 1.29116 0
      vertex 61.4545 1.08589 4
      vertex 61.4545 1.08589 0
    endloop
  endfacet
  facet normal 0.55561 0.831443 -0
    outer loop
      vertex 62.2 0.114359 0
      vertex 62.026 0.230634 4
      vertex 62.2 0.114359 4
    endloop
  endfacet
  facet normal 0.55561 0.831443 0
    outer loop
      vertex 62.026 0.230634 4
      vertex 62.2 0.114359 0
      vertex 62.026 0.230634 0
    endloop
  endfacet
  facet normal -0.195059 -0.980791 0
    outer loop
      vertex 63.2088 3.08631 0
      vertex 63.4141 3.04548 3
      vertex 63.2088 3.08631 3
    endloop
  endfacet
  facet normal -0.195059 -0.980791 -0
    outer loop
      vertex 63.4141 3.04548 3
      vertex 63.2088 3.08631 0
      vertex 63.4141 3.04548 0
    endloop
  endfacet
  facet normal 0.751826 0.659362 0
    outer loop
      vertex 61.8686 0.368629 4
      vertex 61.7306 0.525981 0
      vertex 61.7306 0.525981 4
    endloop
  endfacet
  facet normal 0.751826 0.659362 0
    outer loop
      vertex 61.7306 0.525981 0
      vertex 61.8686 0.368629 4
      vertex 61.8686 0.368629 0
    endloop
  endfacet
  facet normal 0.751821 -0.659367 0
    outer loop
      vertex 61.7306 2.47402 4
      vertex 61.8686 2.63137 0
      vertex 61.8686 2.63137 4
    endloop
  endfacet
  facet normal 0.751821 -0.659367 0
    outer loop
      vertex 61.8686 2.63137 0
      vertex 61.7306 2.47402 4
      vertex 61.7306 2.47402 0
    endloop
  endfacet
  facet normal -0.997855 0.0654598 0
    outer loop
      vertex 64.5863 1.29116 0
      vertex 64.6 1.5 4
      vertex 64.6 1.5 0
    endloop
  endfacet
  facet normal -0.997855 0.0654598 0
    outer loop
      vertex 64.6 1.5 4
      vertex 64.5863 1.29116 0
      vertex 64.5863 1.29116 4
    endloop
  endfacet
  facet normal 0 0 -1
    outer loop
      vertex 64.5863 1.29116 4
      vertex 64.5863 1.70884 4
      vertex 64.6 1.5 4
    endloop
  endfacet
  facet normal 0 0 -1
    outer loop
      vertex 64.5455 1.08589 4
      vertex 64.5863 1.70884 4
      vertex 64.5863 1.29116 4
    endloop
  endfacet
  facet normal 0 0 -1
    outer loop
      vertex 64.5455 1.08589 4
      vertex 64.5455 1.91411 4
      vertex 64.5863 1.70884 4
    endloop
  endfacet
  facet normal 0 0 -1
    outer loop
      vertex 64.4782 0.887706 4
      vertex 64.5455 1.91411 4
      vertex 64.5455 1.08589 4
    endloop
  endfacet
  facet normal 0 0 -1
    outer loop
      vertex 64.4782 0.887706 4
      vertex 64.4782 2.11229 4
      vertex 64.5455 1.91411 4
    endloop
  endfacet
  facet normal 0 0 -1
    outer loop
      vertex 64.3856 0.7 4
      vertex 64.4782 2.11229 4
      vertex 64.4782 0.887706 4
    endloop
  endfacet
  facet normal 0 0 -1
    outer loop
      vertex 64.3856 0.7 4
      vertex 64.3856 2.3 4
      vertex 64.4782 2.11229 4
    endloop
  endfacet
  facet normal 0 0 -1
    outer loop
      vertex 64.2694 0.525981 4
      vertex 64.3856 2.3 4
      vertex 64.3856 0.7 4
    endloop
  endfacet
  facet normal 0 0 -1
    outer loop
      vertex 64.2694 0.525981 4
      vertex 64.2694 2.47402 4
      vertex 64.3856 2.3 4
    endloop
  endfacet
  facet normal 0 0 -1
    outer loop
      vertex 64.1314 0.368629 4
      vertex 64.2694 2.47402 4
      vertex 64.2694 0.525981 4
    endloop
  endfacet
  facet normal 0 0 -1
    outer loop
      vertex 64.1314 0.368629 4
      vertex 64.1314 2.63137 4
      vertex 64.2694 2.47402 4
    endloop
  endfacet
  facet normal 0 0 -1
    outer loop
      vertex 63.974 0.230634 4
      vertex 64.1314 2.63137 4
      vertex 64.1314 0.368629 4
    endloop
  endfacet
  facet normal 0 0 -1
    outer loop
      vertex 63.974 0.230634 4
      vertex 63.974 2.76937 4
      vertex 64.1314 2.63137 4
    endloop
  endfacet
  facet normal 0 0 -1
    outer loop
      vertex 63.5481 0 4
      vertex 63.974 0.230634 4
      vertex 63.8 0.114359 4
    endloop
  endfacet
  facet normal -0 0 -1
    outer loop
      vertex 63.974 0.230634 4
      vertex 63.5481 0 4
      vertex 63.974 2.76937 4
    endloop
  endfacet
  facet normal 0 0 -1
    outer loop
      vertex 63.5481 0 4
      vertex 63.8 0.114359 4
      vertex 63.6123 0.0217924 4
    endloop
  endfacet
  facet normal 0 0 -1
    outer loop
      vertex 63.5481 3 4
      vertex 63.974 2.76937 4
      vertex 63.5481 0 4
    endloop
  endfacet
  facet normal 0 0 -1
    outer loop
      vertex 63.974 2.76937 4
      vertex 63.5481 3 4
      vertex 63.8 2.88564 4
    endloop
  endfacet
  facet normal 0 0 -1
    outer loop
      vertex 63.8 2.88564 4
      vertex 63.5481 3 4
      vertex 63.6123 2.97821 4
    endloop
  endfacet
  facet normal 0 0 -1
    outer loop
      vertex 63.5481 0 4
      vertex 62.4519 3 4
      vertex 63.5481 3 4
    endloop
  endfacet
  facet normal 0 0 -1
    outer loop
      vertex 62.4519 0 4
      vertex 62.4519 3 4
      vertex 63.5481 0 4
    endloop
  endfacet
  facet normal 0 0 -1
    outer loop
      vertex 62.2 0.114359 4
      vertex 62.4519 0 4
      vertex 62.3877 0.0217924 4
    endloop
  endfacet
  facet normal 0 0 -1
    outer loop
      vertex 62.026 0.230634 4
      vertex 62.4519 0 4
      vertex 62.2 0.114359 4
    endloop
  endfacet
  facet normal 0 0 -1
    outer loop
      vertex 62.4519 0 4
      vertex 62.026 0.230634 4
      vertex 62.4519 3 4
    endloop
  endfacet
  facet normal 0 0 -1
    outer loop
      vertex 62.4519 3 4
      vertex 62.2 2.88564 4
      vertex 62.3877 2.97821 4
    endloop
  endfacet
  facet normal 0 0 -1
    outer loop
      vertex 62.026 2.76937 4
      vertex 62.4519 3 4
      vertex 62.026 0.230634 4
    endloop
  endfacet
  facet normal 0 0 -1
    outer loop
      vertex 62.4519 3 4
      vertex 62.026 2.76937 4
      vertex 62.2 2.88564 4
    endloop
  endfacet
  facet normal 0 0 -1
    outer loop
      vertex 61.8686 0.368629 4
      vertex 62.026 2.76937 4
      vertex 62.026 0.230634 4
    endloop
  endfacet
  facet normal 0 0 -1
    outer loop
      vertex 61.8686 0.368629 4
      vertex 61.8686 2.63137 4
      vertex 62.026 2.76937 4
    endloop
  endfacet
  facet normal 0 0 -1
    outer loop
      vertex 61.7306 0.525981 4
      vertex 61.8686 2.63137 4
      vertex 61.8686 0.368629 4
    endloop
  endfacet
  facet normal 0 0 -1
    outer loop
      vertex 61.7306 0.525981 4
      vertex 61.7306 2.47402 4
      vertex 61.8686 2.63137 4
    endloop
  endfacet
  facet normal 0 0 -1
    outer loop
      vertex 61.6144 0.7 4
      vertex 61.7306 2.47402 4
      vertex 61.7306 0.525981 4
    endloop
  endfacet
  facet normal 0 0 -1
    outer loop
      vertex 61.6144 0.7 4
      vertex 61.6144 2.3 4
      vertex 61.7306 2.47402 4
    endloop
  endfacet
  facet normal 0 0 -1
    outer loop
      vertex 61.5218 0.887706 4
      vertex 61.6144 2.3 4
      vertex 61.6144 0.7 4
    endloop
  endfacet
  facet normal 0 0 -1
    outer loop
      vertex 61.5218 0.887706 4
      vertex 61.5218 2.11229 4
      vertex 61.6144 2.3 4
    endloop
  endfacet
  facet normal 0 0 -1
    outer loop
      vertex 61.4545 1.08589 4
      vertex 61.5218 2.11229 4
      vertex 61.5218 0.887706 4
    endloop
  endfacet
  facet normal 0 0 -1
    outer loop
      vertex 61.4545 1.08589 4
      vertex 61.4545 1.91411 4
      vertex 61.5218 2.11229 4
    endloop
  endfacet
  facet normal 0 0 -1
    outer loop
      vertex 61.4137 1.29116 4
      vertex 61.4545 1.91411 4
      vertex 61.4545 1.08589 4
    endloop
  endfacet
  facet normal 0 0 -1
    outer loop
      vertex 61.4137 1.29116 4
      vertex 61.4137 1.70884 4
      vertex 61.4545 1.91411 4
    endloop
  endfacet
  facet normal 0 -0 -1
    outer loop
      vertex 61.4137 1.70884 4
      vertex 61.4137 1.29116 4
      vertex 61.4 1.5 4
    endloop
  endfacet
  facet normal 0.997855 0.0654598 0
    outer loop
      vertex 61.4137 1.29116 4
      vertex 61.4 1.5 0
      vertex 61.4 1.5 4
    endloop
  endfacet
  facet normal 0.997855 0.0654598 0
    outer loop
      vertex 61.4 1.5 0
      vertex 61.4137 1.29116 4
      vertex 61.4137 1.29116 0
    endloop
  endfacet
  facet normal -0.321432 0.946933 0
    outer loop
      vertex 63.6123 0.0217924 0
      vertex 63.5481 0 4
      vertex 63.6123 0.0217924 4
    endloop
  endfacet
  facet normal -0.321432 0.946933 0
    outer loop
      vertex 63.5481 0 4
      vertex 63.6123 0.0217924 0
      vertex 63.5481 0 0
    endloop
  endfacet
  facet normal -0.55561 0.831443 0
    outer loop
      vertex 63.974 0.230634 0
      vertex 63.8 0.114359 4
      vertex 63.974 0.230634 4
    endloop
  endfacet
  facet normal -0.55561 0.831443 0
    outer loop
      vertex 63.8 0.114359 4
      vertex 63.974 0.230634 0
      vertex 63.8 0.114359 0
    endloop
  endfacet
  facet normal -0.751826 0.659362 0
    outer loop
      vertex 64.1314 0.368629 0
      vertex 64.2694 0.525981 4
      vertex 64.2694 0.525981 0
    endloop
  endfacet
  facet normal -0.751826 0.659362 0
    outer loop
      vertex 64.2694 0.525981 4
      vertex 64.1314 0.368629 0
      vertex 64.1314 0.368629 4
    endloop
  endfacet
  facet normal 0.831637 0.55532 0
    outer loop
      vertex 61.7306 0.525981 4
      vertex 61.6144 0.7 0
      vertex 61.6144 0.7 4
    endloop
  endfacet
  facet normal 0.831637 0.55532 0
    outer loop
      vertex 61.6144 0.7 0
      vertex 61.7306 0.525981 4
      vertex 61.7306 0.525981 0
    endloop
  endfacet
  facet normal -0.659235 0.751937 0
    outer loop
      vertex 64.1314 0.368629 0
      vertex 63.974 0.230634 4
      vertex 64.1314 0.368629 4
    endloop
  endfacet
  facet normal -0.659235 0.751937 0
    outer loop
      vertex 63.974 0.230634 4
      vertex 64.1314 0.368629 0
      vertex 63.974 0.230634 0
    endloop
  endfacet
  facet normal -0.896809 0.442418 0
    outer loop
      vertex 64.3856 0.7 0
      vertex 64.4782 0.887706 4
      vertex 64.4782 0.887706 0
    endloop
  endfacet
  facet normal -0.896809 0.442418 0
    outer loop
      vertex 64.4782 0.887706 4
      vertex 64.3856 0.7 0
      vertex 64.3856 0.7 4
    endloop
  endfacet
  facet normal 0.0654247 -0.997858 0
    outer loop
      vertex 62.7912 3.08631 0
      vertex 63 3.1 3
      vertex 62.7912 3.08631 3
    endloop
  endfacet
  facet normal 0.0654247 -0.997858 0
    outer loop
      vertex 63 3.1 3
      vertex 62.7912 3.08631 0
      vertex 63 3.1 0
    endloop
  endfacet
  facet normal 0.980813 -0.194949 0
    outer loop
      vertex 61.4137 1.70884 4
      vertex 61.4545 1.91411 0
      vertex 61.4545 1.91411 4
    endloop
  endfacet
  facet normal 0.980813 -0.194949 0
    outer loop
      vertex 61.4545 1.91411 0
      vertex 61.4137 1.70884 4
      vertex 61.4137 1.70884 0
    endloop
  endfacet
  facet normal 0.3214 -0.946943 0
    outer loop
      vertex 62.3877 2.97821 4
      vertex 62.4519 3 3
      vertex 62.4519 3 4
    endloop
  endfacet
  facet normal 0.3214 -0.946943 0
    outer loop
      vertex 62.3877 2.97821 0
      vertex 62.4519 3 3
      vertex 62.3877 2.97821 4
    endloop
  endfacet
  facet normal 0.321397 -0.946944 7.00733e-08
    outer loop
      vertex 62.5859 3.04548 0
      vertex 62.4519 3 3
      vertex 62.3877 2.97821 0
    endloop
  endfacet
  facet normal 0.321396 -0.946945 0
    outer loop
      vertex 62.4519 3 3
      vertex 62.5859 3.04548 0
      vertex 62.5859 3.04548 3
    endloop
  endfacet
  facet normal -0.659248 -0.751925 0
    outer loop
      vertex 63.974 2.76937 0
      vertex 64.1314 2.63137 4
      vertex 63.974 2.76937 4
    endloop
  endfacet
  facet normal -0.659248 -0.751925 -0
    outer loop
      vertex 64.1314 2.63137 4
      vertex 63.974 2.76937 0
      vertex 64.1314 2.63137 0
    endloop
  endfacet
  facet normal -0.0654247 -0.997858 0
    outer loop
      vertex 63 3.1 0
      vertex 63.2088 3.08631 3
      vertex 63 3.1 3
    endloop
  endfacet
  facet normal -0.0654247 -0.997858 -0
    outer loop
      vertex 63.2088 3.08631 3
      vertex 63 3.1 0
      vertex 63.2088 3.08631 0
    endloop
  endfacet
  facet normal 0.896813 -0.44241 0
    outer loop
      vertex 61.5218 2.11229 4
      vertex 61.6144 2.3 0
      vertex 61.6144 2.3 4
    endloop
  endfacet
  facet normal 0.896813 -0.44241 0
    outer loop
      vertex 61.6144 2.3 0
      vertex 61.5218 2.11229 4
      vertex 61.5218 2.11229 0
    endloop
  endfacet
  facet normal -0.751821 -0.659367 0
    outer loop
      vertex 64.2694 2.47402 0
      vertex 64.1314 2.63137 4
      vertex 64.1314 2.63137 0
    endloop
  endfacet
  facet normal -0.751821 -0.659367 0
    outer loop
      vertex 64.1314 2.63137 4
      vertex 64.2694 2.47402 0
      vertex 64.2694 2.47402 4
    endloop
  endfacet
  facet normal 0.659235 0.751937 -0
    outer loop
      vertex 62.026 0.230634 0
      vertex 61.8686 0.368629 4
      vertex 62.026 0.230634 4
    endloop
  endfacet
  facet normal 0.659235 0.751937 0
    outer loop
      vertex 61.8686 0.368629 4
      vertex 62.026 0.230634 0
      vertex 61.8686 0.368629 0
    endloop
  endfacet
  facet normal 0.946891 -0.321555 0
    outer loop
      vertex 61.4545 1.91411 4
      vertex 61.5218 2.11229 0
      vertex 61.5218 2.11229 4
    endloop
  endfacet
  facet normal 0.946891 -0.321555 0
    outer loop
      vertex 61.5218 2.11229 0
      vertex 61.4545 1.91411 4
      vertex 61.4545 1.91411 0
    endloop
  endfacet
  facet normal 0.997855 -0.0654598 0
    outer loop
      vertex 61.4 1.5 4
      vertex 61.4137 1.70884 0
      vertex 61.4137 1.70884 4
    endloop
  endfacet
  facet normal 0.997855 -0.0654598 0
    outer loop
      vertex 61.4137 1.70884 0
      vertex 61.4 1.5 4
      vertex 61.4 1.5 0
    endloop
  endfacet
  facet normal 0.831638 -0.555318 0
    outer loop
      vertex 61.6144 2.3 4
      vertex 61.7306 2.47402 0
      vertex 61.7306 2.47402 4
    endloop
  endfacet
  facet normal 0.831638 -0.555318 0
    outer loop
      vertex 61.7306 2.47402 0
      vertex 61.6144 2.3 4
      vertex 61.6144 2.3 0
    endloop
  endfacet
endsolid OpenSCAD_Model
