solid OpenSCAD_Model
  facet normal 1 -0 0
    outer loop
      vertex 31 0 3
      vertex 31 31 0
      vertex 31 31 3
    endloop
  endfacet
  facet normal 1 0 0
    outer loop
      vertex 31 31 0
      vertex 31 0 3
      vertex 31 0 0
    endloop
  endfacet
  facet normal 0 0 1
    outer loop
      vertex 31 31 3
      vertex 28 28 3
      vertex 31 0 3
    endloop
  endfacet
  facet normal 0 0 1
    outer loop
      vertex 31 31 3
      vertex 3 28 3
      vertex 28 28 3
    endloop
  endfacet
  facet normal 0 0 1
    outer loop
      vertex 3 28 3
      vertex 0 31 3
      vertex 3 3 3
    endloop
  endfacet
  facet normal -0 0 1
    outer loop
      vertex 0 31 3
      vertex 3 28 3
      vertex 31 31 3
    endloop
  endfacet
  facet normal -0 0 1
    outer loop
      vertex 28 3 3
      vertex 31 0 3
      vertex 28 28 3
    endloop
  endfacet
  facet normal -0 0 1
    outer loop
      vertex 3 3 3
      vertex 31 0 3
      vertex 28 3 3
    endloop
  endfacet
  facet normal 0 0 1
    outer loop
      vertex 3 3 3
      vertex 0 0 3
      vertex 31 0 3
    endloop
  endfacet
  facet normal 0 0 1
    outer loop
      vertex 0 0 3
      vertex 3 3 3
      vertex 0 31 3
    endloop
  endfacet
  facet normal 0 0 -1
    outer loop
      vertex 27.5863 5.20884 0
      vertex 31 0 0
      vertex 27.6 5 0
    endloop
  endfacet
  facet normal 0 0 -1
    outer loop
      vertex 31 0 0
      vertex 27.5863 4.79116 0
      vertex 27.6 5 0
    endloop
  endfacet
  facet normal 0 0 -1
    outer loop
      vertex 31 0 0
      vertex 27.5455 4.58589 0
      vertex 27.5863 4.79116 0
    endloop
  endfacet
  facet normal 0 0 -1
    outer loop
      vertex 31 0 0
      vertex 27.4782 4.38771 0
      vertex 27.5455 4.58589 0
    endloop
  endfacet
  facet normal 0 0 -1
    outer loop
      vertex 31 0 0
      vertex 27.3856 4.2 0
      vertex 27.4782 4.38771 0
    endloop
  endfacet
  facet normal 0 0 -1
    outer loop
      vertex 31 0 0
      vertex 27.2694 4.02598 0
      vertex 27.3856 4.2 0
    endloop
  endfacet
  facet normal 0 0 -1
    outer loop
      vertex 31 0 0
      vertex 27.1314 3.86863 0
      vertex 27.2694 4.02598 0
    endloop
  endfacet
  facet normal 0 0 -1
    outer loop
      vertex 31 0 0
      vertex 26.974 3.73063 0
      vertex 27.1314 3.86863 0
    endloop
  endfacet
  facet normal 0 0 -1
    outer loop
      vertex 31 0 0
      vertex 26.8 3.61436 0
      vertex 26.974 3.73063 0
    endloop
  endfacet
  facet normal 0 0 -1
    outer loop
      vertex 31 0 0
      vertex 26.6123 3.52179 0
      vertex 26.8 3.61436 0
    endloop
  endfacet
  facet normal 0 0 -1
    outer loop
      vertex 31 0 0
      vertex 26.4141 3.45452 0
      vertex 26.6123 3.52179 0
    endloop
  endfacet
  facet normal 0 0 -1
    outer loop
      vertex 31 0 0
      vertex 26.2088 3.41369 0
      vertex 26.4141 3.45452 0
    endloop
  endfacet
  facet normal 0 0 -1
    outer loop
      vertex 31 0 0
      vertex 26 3.4 0
      vertex 26.2088 3.41369 0
    endloop
  endfacet
  facet normal 0 0 -1
    outer loop
      vertex 31 0 0
      vertex 25.7912 3.41369 0
      vertex 26 3.4 0
    endloop
  endfacet
  facet normal 0 0 -1
    outer loop
      vertex 31 0 0
      vertex 25.5859 3.45452 0
      vertex 25.7912 3.41369 0
    endloop
  endfacet
  facet normal 0 0 -1
    outer loop
      vertex 31 0 0
      vertex 25.3877 3.52179 0
      vertex 25.5859 3.45452 0
    endloop
  endfacet
  facet normal 0 0 -1
    outer loop
      vertex 5.61229 3.52179 0
      vertex 25.3877 3.52179 0
      vertex 31 0 0
    endloop
  endfacet
  facet normal 0 0 -1
    outer loop
      vertex 16.5442 10.5684 0
      vertex 24.4 5 0
      vertex 24.4137 4.79116 0
    endloop
  endfacet
  facet normal 0 0 -1
    outer loop
      vertex 24.4 5 0
      vertex 23.4316 17.4558 0
      vertex 23.5 18.5 0
    endloop
  endfacet
  facet normal 0 0 -1
    outer loop
      vertex 24.4 5 0
      vertex 23.2274 16.4294 0
      vertex 23.4316 17.4558 0
    endloop
  endfacet
  facet normal 0 0 -1
    outer loop
      vertex 24.4 5 0
      vertex 22.891 15.4385 0
      vertex 23.2274 16.4294 0
    endloop
  endfacet
  facet normal 0 0 -1
    outer loop
      vertex 24.4 5 0
      vertex 22.4282 14.5 0
      vertex 22.891 15.4385 0
    endloop
  endfacet
  facet normal 0 0 -1
    outer loop
      vertex 16.5442 10.5684 0
      vertex 24.4137 4.79116 0
      vertex 24.4545 4.58589 0
    endloop
  endfacet
  facet normal 0 0 -1
    outer loop
      vertex 24.4 5 0
      vertex 21.8468 13.6299 0
      vertex 22.4282 14.5 0
    endloop
  endfacet
  facet normal 0 0 -1
    outer loop
      vertex 24.4 5 0
      vertex 21.1569 12.8431 0
      vertex 21.8468 13.6299 0
    endloop
  endfacet
  facet normal 0 0 -1
    outer loop
      vertex 15.5 10.5 0
      vertex 24.4545 4.58589 0
      vertex 24.5218 4.38771 0
    endloop
  endfacet
  facet normal 0 0 -1
    outer loop
      vertex 24.4 5 0
      vertex 20.3701 12.1532 0
      vertex 21.1569 12.8431 0
    endloop
  endfacet
  facet normal 0 0 -1
    outer loop
      vertex 6.47821 4.38771 0
      vertex 24.5218 4.38771 0
      vertex 24.6144 4.2 0
    endloop
  endfacet
  facet normal 0 0 -1
    outer loop
      vertex 24.4 5 0
      vertex 19.5 11.5718 0
      vertex 20.3701 12.1532 0
    endloop
  endfacet
  facet normal 0 0 -1
    outer loop
      vertex 6.38564 4.2 0
      vertex 24.6144 4.2 0
      vertex 24.7306 4.02598 0
    endloop
  endfacet
  facet normal 0 0 -1
    outer loop
      vertex 24.4 5 0
      vertex 18.5615 11.109 0
      vertex 19.5 11.5718 0
    endloop
  endfacet
  facet normal 0 0 -1
    outer loop
      vertex 24.4 5 0
      vertex 17.5706 10.7726 0
      vertex 18.5615 11.109 0
    endloop
  endfacet
  facet normal 0 0 -1
    outer loop
      vertex 6.26937 4.02598 0
      vertex 24.7306 4.02598 0
      vertex 24.8686 3.86863 0
    endloop
  endfacet
  facet normal 0 0 -1
    outer loop
      vertex 24.4 5 0
      vertex 16.5442 10.5684 0
      vertex 17.5706 10.7726 0
    endloop
  endfacet
  facet normal 0 0 -1
    outer loop
      vertex 6.13137 3.86863 0
      vertex 24.8686 3.86863 0
      vertex 25.026 3.73063 0
    endloop
  endfacet
  facet normal 0 0 -1
    outer loop
      vertex 24.4545 4.58589 0
      vertex 15.5 10.5 0
      vertex 16.5442 10.5684 0
    endloop
  endfacet
  facet normal 0 0 -1
    outer loop
      vertex 24.5218 4.38771 0
      vertex 6.47821 4.38771 0
      vertex 15.5 10.5 0
    endloop
  endfacet
  facet normal 0 0 -1
    outer loop
      vertex 5.97402 3.73063 0
      vertex 25.026 3.73063 0
      vertex 25.2 3.61436 0
    endloop
  endfacet
  facet normal 0 -0 -1
    outer loop
      vertex 6.54548 4.58589 0
      vertex 15.5 10.5 0
      vertex 6.47821 4.38771 0
    endloop
  endfacet
  facet normal 0 0 -1
    outer loop
      vertex 25.3877 3.52179 0
      vertex 5.61229 3.52179 0
      vertex 25.2 3.61436 0
    endloop
  endfacet
  facet normal -0 0 -1
    outer loop
      vertex 15.5 10.5 0
      vertex 6.54548 4.58589 0
      vertex 14.4558 10.5684 0
    endloop
  endfacet
  facet normal 0 -0 -1
    outer loop
      vertex 6.58631 4.79116 0
      vertex 14.4558 10.5684 0
      vertex 6.54548 4.58589 0
    endloop
  endfacet
  facet normal 0 0 -1
    outer loop
      vertex 5.97402 6.26937 0
      vertex 10.6299 12.1532 0
      vertex 6.13137 6.13137 0
    endloop
  endfacet
  facet normal -0 0 -1
    outer loop
      vertex 11.5 11.5718 0
      vertex 6.13137 6.13137 0
      vertex 10.6299 12.1532 0
    endloop
  endfacet
  facet normal 0 0 -1
    outer loop
      vertex 6.13137 6.13137 0
      vertex 11.5 11.5718 0
      vertex 6.26937 5.97402 0
    endloop
  endfacet
  facet normal 0 0 -1
    outer loop
      vertex 6.26937 5.97402 0
      vertex 11.5 11.5718 0
      vertex 6.38564 5.8 0
    endloop
  endfacet
  facet normal -0 0 -1
    outer loop
      vertex 12.4385 11.109 0
      vertex 6.38564 5.8 0
      vertex 11.5 11.5718 0
    endloop
  endfacet
  facet normal 0 0 -1
    outer loop
      vertex 6.38564 5.8 0
      vertex 12.4385 11.109 0
      vertex 6.47821 5.61229 0
    endloop
  endfacet
  facet normal 0 0 -1
    outer loop
      vertex 6.47821 5.61229 0
      vertex 12.4385 11.109 0
      vertex 6.54548 5.41411 0
    endloop
  endfacet
  facet normal -0 0 -1
    outer loop
      vertex 13.4294 10.7726 0
      vertex 6.54548 5.41411 0
      vertex 12.4385 11.109 0
    endloop
  endfacet
  facet normal -0 0 -1
    outer loop
      vertex 14.4558 10.5684 0
      vertex 6.6 5 0
      vertex 13.4294 10.7726 0
    endloop
  endfacet
  facet normal 0 0 -1
    outer loop
      vertex 6.54548 5.41411 0
      vertex 13.4294 10.7726 0
      vertex 6.58631 5.20884 0
    endloop
  endfacet
  facet normal 0 0 -1
    outer loop
      vertex 6.58631 5.20884 0
      vertex 13.4294 10.7726 0
      vertex 6.6 5 0
    endloop
  endfacet
  facet normal 0 -0 -1
    outer loop
      vertex 6.6 5 0
      vertex 14.4558 10.5684 0
      vertex 6.58631 4.79116 0
    endloop
  endfacet
  facet normal 0 0 -1
    outer loop
      vertex 24.6144 4.2 0
      vertex 6.38564 4.2 0
      vertex 6.47821 4.38771 0
    endloop
  endfacet
  facet normal 0 0 -1
    outer loop
      vertex 24.7306 4.02598 0
      vertex 6.26937 4.02598 0
      vertex 6.38564 4.2 0
    endloop
  endfacet
  facet normal 0 0 -1
    outer loop
      vertex 24.8686 3.86863 0
      vertex 6.13137 3.86863 0
      vertex 6.26937 4.02598 0
    endloop
  endfacet
  facet normal 0 0 -1
    outer loop
      vertex 25.026 3.73063 0
      vertex 5.97402 3.73063 0
      vertex 6.13137 3.86863 0
    endloop
  endfacet
  facet normal 0 0 -1
    outer loop
      vertex 25.2 3.61436 0
      vertex 5.8 3.61436 0
      vertex 5.97402 3.73063 0
    endloop
  endfacet
  facet normal -0 0 -1
    outer loop
      vertex 25.2 3.61436 0
      vertex 5.61229 3.52179 0
      vertex 5.8 3.61436 0
    endloop
  endfacet
  facet normal 0 0 -1
    outer loop
      vertex 0 0 0
      vertex 5.61229 3.52179 0
      vertex 31 0 0
    endloop
  endfacet
  facet normal 0 0 -1
    outer loop
      vertex 5.61229 3.52179 0
      vertex 0 0 0
      vertex 5.41411 3.45452 0
    endloop
  endfacet
  facet normal 0 0 -1
    outer loop
      vertex 5.41411 3.45452 0
      vertex 0 0 0
      vertex 5.20884 3.41369 0
    endloop
  endfacet
  facet normal 0 0 -1
    outer loop
      vertex 5.20884 3.41369 0
      vertex 0 0 0
      vertex 5 3.4 0
    endloop
  endfacet
  facet normal -0 0 -1
    outer loop
      vertex 3.41369 4.79116 0
      vertex 0 0 0
      vertex 3.4 5 0
    endloop
  endfacet
  facet normal -0 0 -1
    outer loop
      vertex 3.45452 4.58589 0
      vertex 0 0 0
      vertex 3.41369 4.79116 0
    endloop
  endfacet
  facet normal -0 0 -1
    outer loop
      vertex 3.52179 4.38771 0
      vertex 0 0 0
      vertex 3.45452 4.58589 0
    endloop
  endfacet
  facet normal -0 0 -1
    outer loop
      vertex 3.61436 4.2 0
      vertex 0 0 0
      vertex 3.52179 4.38771 0
    endloop
  endfacet
  facet normal -0 0 -1
    outer loop
      vertex 3.73063 4.02598 0
      vertex 0 0 0
      vertex 3.61436 4.2 0
    endloop
  endfacet
  facet normal -0 0 -1
    outer loop
      vertex 3.86863 3.86863 0
      vertex 0 0 0
      vertex 3.73063 4.02598 0
    endloop
  endfacet
  facet normal -0 0 -1
    outer loop
      vertex 4.02598 3.73063 0
      vertex 0 0 0
      vertex 3.86863 3.86863 0
    endloop
  endfacet
  facet normal -0 0 -1
    outer loop
      vertex 4.2 3.61436 0
      vertex 0 0 0
      vertex 4.02598 3.73063 0
    endloop
  endfacet
  facet normal -0 0 -1
    outer loop
      vertex 4.38771 3.52179 0
      vertex 0 0 0
      vertex 4.2 3.61436 0
    endloop
  endfacet
  facet normal -0 0 -1
    outer loop
      vertex 4.58589 3.45452 0
      vertex 0 0 0
      vertex 4.38771 3.52179 0
    endloop
  endfacet
  facet normal -0 0 -1
    outer loop
      vertex 4.79116 3.41369 0
      vertex 0 0 0
      vertex 4.58589 3.45452 0
    endloop
  endfacet
  facet normal -0 0 -1
    outer loop
      vertex 5 3.4 0
      vertex 0 0 0
      vertex 4.79116 3.41369 0
    endloop
  endfacet
  facet normal 0 0 -1
    outer loop
      vertex 27.5455 5.41411 0
      vertex 31 0 0
      vertex 27.5863 5.20884 0
    endloop
  endfacet
  facet normal 0 0 -1
    outer loop
      vertex 27.4782 5.61229 0
      vertex 31 0 0
      vertex 27.5455 5.41411 0
    endloop
  endfacet
  facet normal 0 0 -1
    outer loop
      vertex 31 0 0
      vertex 27.4782 5.61229 0
      vertex 31 31 0
    endloop
  endfacet
  facet normal 0 0 -1
    outer loop
      vertex 27.3856 5.8 0
      vertex 31 31 0
      vertex 27.4782 5.61229 0
    endloop
  endfacet
  facet normal 0 0 -1
    outer loop
      vertex 27.2694 5.97402 0
      vertex 31 31 0
      vertex 27.3856 5.8 0
    endloop
  endfacet
  facet normal 0 0 -1
    outer loop
      vertex 23.5 18.5 0
      vertex 27.2694 5.97402 0
      vertex 27.1314 6.13137 0
    endloop
  endfacet
  facet normal 0 0 -1
    outer loop
      vertex 23.5 18.5 0
      vertex 27.1314 6.13137 0
      vertex 26.974 6.26937 0
    endloop
  endfacet
  facet normal 0 0 -1
    outer loop
      vertex 23.5 18.5 0
      vertex 26.974 6.26937 0
      vertex 26.8 6.38564 0
    endloop
  endfacet
  facet normal 0 0 -1
    outer loop
      vertex 23.5 18.5 0
      vertex 26.8 6.38564 0
      vertex 26.6123 6.47821 0
    endloop
  endfacet
  facet normal 0 0 -1
    outer loop
      vertex 23.5 18.5 0
      vertex 26.6123 6.47821 0
      vertex 26.4141 6.54548 0
    endloop
  endfacet
  facet normal 0 0 -1
    outer loop
      vertex 23.5 18.5 0
      vertex 26.4141 6.54548 0
      vertex 26.2088 6.58631 0
    endloop
  endfacet
  facet normal 0 0 -1
    outer loop
      vertex 23.5 18.5 0
      vertex 26.2088 6.58631 0
      vertex 26 6.6 0
    endloop
  endfacet
  facet normal 0 0 -1
    outer loop
      vertex 23.5 18.5 0
      vertex 26 6.6 0
      vertex 25.7912 6.58631 0
    endloop
  endfacet
  facet normal 0 0 -1
    outer loop
      vertex 23.5 18.5 0
      vertex 25.7912 6.58631 0
      vertex 25.5859 6.54548 0
    endloop
  endfacet
  facet normal 0 0 -1
    outer loop
      vertex 23.5 18.5 0
      vertex 25.5859 6.54548 0
      vertex 25.3877 6.47821 0
    endloop
  endfacet
  facet normal 0 0 -1
    outer loop
      vertex 23.5 18.5 0
      vertex 25.3877 6.47821 0
      vertex 25.2 6.38564 0
    endloop
  endfacet
  facet normal 0 0 -1
    outer loop
      vertex 23.5 18.5 0
      vertex 25.2 6.38564 0
      vertex 25.026 6.26937 0
    endloop
  endfacet
  facet normal 0 0 -1
    outer loop
      vertex 23.5 18.5 0
      vertex 25.026 6.26937 0
      vertex 24.8686 6.13137 0
    endloop
  endfacet
  facet normal 0 0 -1
    outer loop
      vertex 23.5 18.5 0
      vertex 24.8686 6.13137 0
      vertex 24.7306 5.97402 0
    endloop
  endfacet
  facet normal 0 0 -1
    outer loop
      vertex 23.5 18.5 0
      vertex 24.7306 5.97402 0
      vertex 24.6144 5.8 0
    endloop
  endfacet
  facet normal 0 0 -1
    outer loop
      vertex 23.5 18.5 0
      vertex 24.6144 5.8 0
      vertex 24.5218 5.61229 0
    endloop
  endfacet
  facet normal 0 0 -1
    outer loop
      vertex 23.5 18.5 0
      vertex 24.5218 5.61229 0
      vertex 24.4545 5.41411 0
    endloop
  endfacet
  facet normal 0 0 -1
    outer loop
      vertex 23.5 18.5 0
      vertex 24.4137 5.20884 0
      vertex 24.4 5 0
    endloop
  endfacet
  facet normal 0 0 -1
    outer loop
      vertex 23.5 18.5 0
      vertex 24.4545 5.41411 0
      vertex 24.4137 5.20884 0
    endloop
  endfacet
  facet normal 0 0 -1
    outer loop
      vertex 27.2694 5.97402 0
      vertex 23.5 18.5 0
      vertex 31 31 0
    endloop
  endfacet
  facet normal 0 0 -1
    outer loop
      vertex 23.4316 19.5442 0
      vertex 31 31 0
      vertex 23.5 18.5 0
    endloop
  endfacet
  facet normal 0 0 -1
    outer loop
      vertex 23.2274 20.5706 0
      vertex 31 31 0
      vertex 23.4316 19.5442 0
    endloop
  endfacet
  facet normal 0 0 -1
    outer loop
      vertex 22.891 21.5615 0
      vertex 31 31 0
      vertex 23.2274 20.5706 0
    endloop
  endfacet
  facet normal 0 0 -1
    outer loop
      vertex 22.4282 22.5 0
      vertex 31 31 0
      vertex 22.891 21.5615 0
    endloop
  endfacet
  facet normal 0 0 -1
    outer loop
      vertex 21.8468 23.3701 0
      vertex 31 31 0
      vertex 22.4282 22.5 0
    endloop
  endfacet
  facet normal 0 0 -1
    outer loop
      vertex 21.1569 24.1569 0
      vertex 31 31 0
      vertex 21.8468 23.3701 0
    endloop
  endfacet
  facet normal 0 0 -1
    outer loop
      vertex 20.3701 24.8468 0
      vertex 31 31 0
      vertex 21.1569 24.1569 0
    endloop
  endfacet
  facet normal 0 0 -1
    outer loop
      vertex 19.5 25.4282 0
      vertex 31 31 0
      vertex 20.3701 24.8468 0
    endloop
  endfacet
  facet normal 0 0 -1
    outer loop
      vertex 18.5615 25.891 0
      vertex 31 31 0
      vertex 19.5 25.4282 0
    endloop
  endfacet
  facet normal 0 0 -1
    outer loop
      vertex 17.5706 26.2274 0
      vertex 31 31 0
      vertex 18.5615 25.891 0
    endloop
  endfacet
  facet normal 0 0 -1
    outer loop
      vertex 16.5442 26.4316 0
      vertex 31 31 0
      vertex 17.5706 26.2274 0
    endloop
  endfacet
  facet normal 0 0 -1
    outer loop
      vertex 15.5 26.5 0
      vertex 31 31 0
      vertex 16.5442 26.4316 0
    endloop
  endfacet
  facet normal 0 0 -1
    outer loop
      vertex 0 31 0
      vertex 15.5 26.5 0
      vertex 14.4558 26.4316 0
    endloop
  endfacet
  facet normal 0 0 -1
    outer loop
      vertex 0 31 0
      vertex 14.4558 26.4316 0
      vertex 13.4294 26.2274 0
    endloop
  endfacet
  facet normal 0 0 -1
    outer loop
      vertex 5.8 6.38564 0
      vertex 10.6299 12.1532 0
      vertex 5.97402 6.26937 0
    endloop
  endfacet
  facet normal -0 0 -1
    outer loop
      vertex 10.6299 12.1532 0
      vertex 5.8 6.38564 0
      vertex 9.84315 12.8431 0
    endloop
  endfacet
  facet normal 0 0 -1
    outer loop
      vertex 5.61229 6.47821 0
      vertex 9.84315 12.8431 0
      vertex 5.8 6.38564 0
    endloop
  endfacet
  facet normal 0 0 -1
    outer loop
      vertex 5.41411 6.54548 0
      vertex 9.84315 12.8431 0
      vertex 5.61229 6.47821 0
    endloop
  endfacet
  facet normal -0 0 -1
    outer loop
      vertex 9.84315 12.8431 0
      vertex 5.41411 6.54548 0
      vertex 9.15317 13.6299 0
    endloop
  endfacet
  facet normal 0 0 -1
    outer loop
      vertex 5.20884 6.58631 0
      vertex 9.15317 13.6299 0
      vertex 5.41411 6.54548 0
    endloop
  endfacet
  facet normal 0 0 -1
    outer loop
      vertex 5 6.6 0
      vertex 9.15317 13.6299 0
      vertex 5.20884 6.58631 0
    endloop
  endfacet
  facet normal -0 0 -1
    outer loop
      vertex 9.15317 13.6299 0
      vertex 5 6.6 0
      vertex 8.5718 14.5 0
    endloop
  endfacet
  facet normal 0 0 -1
    outer loop
      vertex 4.79116 6.58631 0
      vertex 8.5718 14.5 0
      vertex 5 6.6 0
    endloop
  endfacet
  facet normal 0 0 -1
    outer loop
      vertex 4.58589 6.54548 0
      vertex 8.5718 14.5 0
      vertex 4.79116 6.58631 0
    endloop
  endfacet
  facet normal -0 0 -1
    outer loop
      vertex 8.5718 14.5 0
      vertex 4.58589 6.54548 0
      vertex 8.10896 15.4385 0
    endloop
  endfacet
  facet normal 0 0 -1
    outer loop
      vertex 4.38771 6.47821 0
      vertex 8.10896 15.4385 0
      vertex 4.58589 6.54548 0
    endloop
  endfacet
  facet normal 0 0 -1
    outer loop
      vertex 4.2 6.38564 0
      vertex 8.10896 15.4385 0
      vertex 4.38771 6.47821 0
    endloop
  endfacet
  facet normal -0 0 -1
    outer loop
      vertex 8.10896 15.4385 0
      vertex 4.2 6.38564 0
      vertex 7.77259 16.4294 0
    endloop
  endfacet
  facet normal 0 0 -1
    outer loop
      vertex 4.02598 6.26937 0
      vertex 7.77259 16.4294 0
      vertex 4.2 6.38564 0
    endloop
  endfacet
  facet normal -0 0 -1
    outer loop
      vertex 7.77259 16.4294 0
      vertex 4.02598 6.26937 0
      vertex 7.56844 17.4558 0
    endloop
  endfacet
  facet normal 0 0 -1
    outer loop
      vertex 3.86863 6.13137 0
      vertex 7.56844 17.4558 0
      vertex 4.02598 6.26937 0
    endloop
  endfacet
  facet normal 0 0 -1
    outer loop
      vertex 3.73063 5.97402 0
      vertex 7.56844 17.4558 0
      vertex 3.86863 6.13137 0
    endloop
  endfacet
  facet normal -0 0 -1
    outer loop
      vertex 7.56844 17.4558 0
      vertex 3.73063 5.97402 0
      vertex 7.5 18.5 0
    endloop
  endfacet
  facet normal 0 0 -1
    outer loop
      vertex 0 31 0
      vertex 7.5 18.5 0
      vertex 3.73063 5.97402 0
    endloop
  endfacet
  facet normal 0 0 -1
    outer loop
      vertex 7.5 18.5 0
      vertex 0 31 0
      vertex 7.56844 19.5442 0
    endloop
  endfacet
  facet normal 0 0 -1
    outer loop
      vertex 0 31 0
      vertex 3.73063 5.97402 0
      vertex 3.61436 5.8 0
    endloop
  endfacet
  facet normal 0 0 -1
    outer loop
      vertex 0 31 0
      vertex 3.61436 5.8 0
      vertex 3.52179 5.61229 0
    endloop
  endfacet
  facet normal 0 0 -1
    outer loop
      vertex 0 0 0
      vertex 3.52179 5.61229 0
      vertex 3.45452 5.41411 0
    endloop
  endfacet
  facet normal 0 0 -1
    outer loop
      vertex 0 0 0
      vertex 3.41369 5.20884 0
      vertex 3.4 5 0
    endloop
  endfacet
  facet normal 0 0 -1
    outer loop
      vertex 0 0 0
      vertex 3.45452 5.41411 0
      vertex 3.41369 5.20884 0
    endloop
  endfacet
  facet normal -0 0 -1
    outer loop
      vertex 3.52179 5.61229 0
      vertex 0 0 0
      vertex 0 31 0
    endloop
  endfacet
  facet normal 0 0 -1
    outer loop
      vertex 7.56844 19.5442 0
      vertex 0 31 0
      vertex 7.77259 20.5706 0
    endloop
  endfacet
  facet normal 0 0 -1
    outer loop
      vertex 15.5 26.5 0
      vertex 0 31 0
      vertex 31 31 0
    endloop
  endfacet
  facet normal 0 0 -1
    outer loop
      vertex 12.4385 25.891 0
      vertex 0 31 0
      vertex 13.4294 26.2274 0
    endloop
  endfacet
  facet normal 0 0 -1
    outer loop
      vertex 11.5 25.4282 0
      vertex 0 31 0
      vertex 12.4385 25.891 0
    endloop
  endfacet
  facet normal 0 0 -1
    outer loop
      vertex 10.6299 24.8468 0
      vertex 0 31 0
      vertex 11.5 25.4282 0
    endloop
  endfacet
  facet normal 0 0 -1
    outer loop
      vertex 9.84315 24.1569 0
      vertex 0 31 0
      vertex 10.6299 24.8468 0
    endloop
  endfacet
  facet normal 0 0 -1
    outer loop
      vertex 9.15317 23.3701 0
      vertex 0 31 0
      vertex 9.84315 24.1569 0
    endloop
  endfacet
  facet normal 0 0 -1
    outer loop
      vertex 8.5718 22.5 0
      vertex 0 31 0
      vertex 9.15317 23.3701 0
    endloop
  endfacet
  facet normal 0 0 -1
    outer loop
      vertex 8.10896 21.5615 0
      vertex 0 31 0
      vertex 8.5718 22.5 0
    endloop
  endfacet
  facet normal 0 0 -1
    outer loop
      vertex 7.77259 20.5706 0
      vertex 0 31 0
      vertex 8.10896 21.5615 0
    endloop
  endfacet
  facet normal -1 0 0
    outer loop
      vertex 0 0 0
      vertex 0 31 3
      vertex 0 31 0
    endloop
  endfacet
  facet normal -1 -0 0
    outer loop
      vertex 0 31 3
      vertex 0 0 0
      vertex 0 0 3
    endloop
  endfacet
  facet normal 0 1 -0
    outer loop
      vertex 31 31 0
      vertex 0 31 3
      vertex 31 31 3
    endloop
  endfacet
  facet normal 0 1 0
    outer loop
      vertex 0 31 3
      vertex 31 31 0
      vertex 0 31 0
    endloop
  endfacet
  facet normal 0 -1 0
    outer loop
      vertex 0 0 0
      vertex 31 0 3
      vertex 0 0 3
    endloop
  endfacet
  facet normal 0 -1 -0
    outer loop
      vertex 31 0 3
      vertex 0 0 0
      vertex 31 0 0
    endloop
  endfacet
  facet normal -1 0 0
    outer loop
      vertex 0 0 3
      vertex 0 23.0241 26.9769
      vertex 0 28.0955 16.1012
    endloop
  endfacet
  facet normal -1 0 0
    outer loop
      vertex 0 23.0241 26.9769
      vertex 0 0 3
      vertex 0 -5.07142 13.8757
    endloop
  endfacet
  facet normal 1 0 0
    outer loop
      vertex 31 23.0241 26.9769
      vertex 31 0 3
      vertex 31 28.0955 16.1012
    endloop
  endfacet
  facet normal 1 0 -0
    outer loop
      vertex 31 0 3
      vertex 31 23.0241 26.9769
      vertex 31 -5.07142 13.8757
    endloop
  endfacet
  facet normal -5.28291e-06 -0.422619 0.906307
    outer loop
      vertex 31 23.0241 26.9769
      vertex 27.0225 3.77319 18
      vertex 31 -5.07142 13.8757
    endloop
  endfacet
  facet normal -2.41881e-06 -0.42262 0.906307
    outer loop
      vertex 22.4253 14.4957 23
      vertex 27.0225 3.77319 18
      vertex 31 23.0241 26.9769
    endloop
  endfacet
  facet normal 2.87216e-05 -0.422609 0.906312
    outer loop
      vertex 21.8468 13.6299 22.5963
      vertex 27.0225 3.77319 18
      vertex 22.4253 14.4957 23
    endloop
  endfacet
  facet normal 0 -0.422622 0.906306
    outer loop
      vertex 31 23.0241 26.9769
      vertex 8.57466 14.4957 23
      vertex 22.4253 14.4957 23
    endloop
  endfacet
  facet normal 0 -0.422621 0.906306
    outer loop
      vertex 9.15317 13.6299 22.5963
      vertex 3.97746 3.77319 18
      vertex 6.02254 3.77319 18
    endloop
  endfacet
  facet normal 2.41882e-06 -0.42262 0.906307
    outer loop
      vertex 8.57466 14.4957 23
      vertex 0 23.0241 26.9769
      vertex 3.97746 3.77319 18
    endloop
  endfacet
  facet normal 0 -0.422622 0.906306
    outer loop
      vertex 0 23.0241 26.9769
      vertex 8.57466 14.4957 23
      vertex 31 23.0241 26.9769
    endloop
  endfacet
  facet normal 0.000616548 -0.42239 0.906414
    outer loop
      vertex 26.974 3.73063 17.9802
      vertex 31 -5.07142 13.8757
      vertex 27.0225 3.77319 18
    endloop
  endfacet
  facet normal -0.000326804 -0.422744 0.906249
    outer loop
      vertex 26.8 3.61436 17.9259
      vertex 31 -5.07142 13.8757
      vertex 26.974 3.73063 17.9802
    endloop
  endfacet
  facet normal 0.00025582 -0.422513 0.906357
    outer loop
      vertex 26.6123 3.52179 17.8828
      vertex 31 -5.07142 13.8757
      vertex 26.8 3.61436 17.9259
    endloop
  endfacet
  facet normal -0.000122077 -0.422671 0.906283
    outer loop
      vertex 26.4141 3.45452 17.8514
      vertex 31 -5.07142 13.8757
      vertex 26.6123 3.52179 17.8828
    endloop
  endfacet
  facet normal 0.000156686 -0.422548 0.906341
    outer loop
      vertex 26.2088 3.41369 17.8324
      vertex 31 -5.07142 13.8757
      vertex 26.4141 3.45452 17.8514
    endloop
  endfacet
  facet normal -6.78164e-05 -0.422652 0.906292
    outer loop
      vertex 26 3.4 17.826
      vertex 31 -5.07142 13.8757
      vertex 26.2088 3.41369 17.8324
    endloop
  endfacet
  facet normal 7.3279e-05 -0.422584 0.906324
    outer loop
      vertex 25.7912 3.41369 17.8324
      vertex 31 -5.07142 13.8757
      vertex 26 3.4 17.826
    endloop
  endfacet
  facet normal -0.000198501 -0.422721 0.90626
    outer loop
      vertex 25.5859 3.45452 17.8514
      vertex 31 -5.07142 13.8757
      vertex 25.7912 3.41369 17.8324
    endloop
  endfacet
  facet normal 0.00018404 -0.422521 0.906353
    outer loop
      vertex 25.3877 3.52179 17.8828
      vertex 31 -5.07142 13.8757
      vertex 25.5859 3.45452 17.8514
    endloop
  endfacet
  facet normal -0.000472312 -0.422873 0.906189
    outer loop
      vertex 25.2 3.61436 17.9259
      vertex 31 -5.07142 13.8757
      vertex 25.3877 3.52179 17.8828
    endloop
  endfacet
  facet normal 0.000781022 -0.422186 0.906509
    outer loop
      vertex 25.026 3.73063 17.9802
      vertex 31 -5.07142 13.8757
      vertex 25.2 3.61436 17.9259
    endloop
  endfacet
  facet normal 0 -0.421812 0.906683
    outer loop
      vertex 5.97402 3.73063 17.9802
      vertex 25.026 3.73063 17.9802
      vertex 24.9775 3.77319 18
    endloop
  endfacet
  facet normal 0 -0.422621 0.906306
    outer loop
      vertex 27.0225 3.77319 18
      vertex 21.8468 13.6299 22.5963
      vertex 24.9775 3.77319 18
    endloop
  endfacet
  facet normal -5.68035e-06 -0.422623 0.906306
    outer loop
      vertex 21.1569 12.8431 22.2294
      vertex 24.9775 3.77319 18
      vertex 21.8468 13.6299 22.5963
    endloop
  endfacet
  facet normal 6.77159e-06 -0.422619 0.906308
    outer loop
      vertex 20.3701 12.1532 21.9077
      vertex 24.9775 3.77319 18
      vertex 21.1569 12.8431 22.2294
    endloop
  endfacet
  facet normal 1.05509e-05 -0.422617 0.906308
    outer loop
      vertex 19.5 11.5718 21.6366
      vertex 24.9775 3.77319 18
      vertex 20.3701 12.1532 21.9077
    endloop
  endfacet
  facet normal -6.45108e-05 -0.42266 0.906288
    outer loop
      vertex 18.5615 11.109 21.4207
      vertex 24.9775 3.77319 18
      vertex 19.5 11.5718 21.6366
    endloop
  endfacet
  facet normal 4.50377e-05 -0.422581 0.906325
    outer loop
      vertex 17.5706 10.7726 21.2639
      vertex 24.9775 3.77319 18
      vertex 18.5615 11.109 21.4207
    endloop
  endfacet
  facet normal 1.50639e-05 -0.422607 0.906313
    outer loop
      vertex 16.5442 10.5684 21.1687
      vertex 24.9775 3.77319 18
      vertex 17.5706 10.7726 21.2639
    endloop
  endfacet
  facet normal -3.32157e-06 -0.422626 0.906304
    outer loop
      vertex 15.5 10.5 21.1368
      vertex 24.9775 3.77319 18
      vertex 16.5442 10.5684 21.1687
    endloop
  endfacet
  facet normal 0 -0.422622 0.906306
    outer loop
      vertex 24.9775 3.77319 18
      vertex 15.5 10.5 21.1368
      vertex 6.02254 3.77319 18
    endloop
  endfacet
  facet normal 3.32157e-06 -0.422626 0.906304
    outer loop
      vertex 6.02254 3.77319 18
      vertex 15.5 10.5 21.1368
      vertex 14.4558 10.5684 21.1687
    endloop
  endfacet
  facet normal -1.50639e-05 -0.422607 0.906313
    outer loop
      vertex 6.02254 3.77319 18
      vertex 14.4558 10.5684 21.1687
      vertex 13.4294 10.7726 21.2639
    endloop
  endfacet
  facet normal -4.50377e-05 -0.422581 0.906325
    outer loop
      vertex 6.02254 3.77319 18
      vertex 13.4294 10.7726 21.2639
      vertex 12.4385 11.109 21.4207
    endloop
  endfacet
  facet normal 6.45109e-05 -0.42266 0.906288
    outer loop
      vertex 6.02254 3.77319 18
      vertex 12.4385 11.109 21.4207
      vertex 11.5 11.5718 21.6366
    endloop
  endfacet
  facet normal -1.05509e-05 -0.422617 0.906308
    outer loop
      vertex 6.02254 3.77319 18
      vertex 11.5 11.5718 21.6366
      vertex 10.6299 12.1532 21.9077
    endloop
  endfacet
  facet normal -2.87213e-05 -0.422609 0.906312
    outer loop
      vertex 3.97746 3.77319 18
      vertex 9.15317 13.6299 22.5963
      vertex 8.57466 14.4957 23
    endloop
  endfacet
  facet normal 5.6799e-06 -0.422623 0.906306
    outer loop
      vertex 6.02254 3.77319 18
      vertex 9.84315 12.8431 22.2294
      vertex 9.15317 13.6299 22.5963
    endloop
  endfacet
  facet normal -6.7719e-06 -0.422619 0.906308
    outer loop
      vertex 6.02254 3.77319 18
      vertex 10.6299 12.1532 21.9077
      vertex 9.84315 12.8431 22.2294
    endloop
  endfacet
  facet normal 0 -0.421812 0.906683
    outer loop
      vertex 5.97402 3.73063 17.9802
      vertex 24.9775 3.77319 18
      vertex 6.02254 3.77319 18
    endloop
  endfacet
  facet normal 0 -0.422621 0.906306
    outer loop
      vertex 25.026 3.73063 17.9802
      vertex 5.97402 3.73063 17.9802
      vertex 31 -5.07142 13.8757
    endloop
  endfacet
  facet normal -0.00078086 -0.422186 0.906509
    outer loop
      vertex 0 -5.07142 13.8757
      vertex 5.97402 3.73063 17.9802
      vertex 5.8 3.61436 17.9259
    endloop
  endfacet
  facet normal 0.000472275 -0.422873 0.906189
    outer loop
      vertex 0 -5.07142 13.8757
      vertex 5.8 3.61436 17.9259
      vertex 5.61229 3.52179 17.8828
    endloop
  endfacet
  facet normal -0.000184063 -0.422521 0.906353
    outer loop
      vertex 0 -5.07142 13.8757
      vertex 5.61229 3.52179 17.8828
      vertex 5.41411 3.45452 17.8514
    endloop
  endfacet
  facet normal 0.000198534 -0.422721 0.90626
    outer loop
      vertex 0 -5.07142 13.8757
      vertex 5.41411 3.45452 17.8514
      vertex 5.20884 3.41369 17.8324
    endloop
  endfacet
  facet normal -7.32644e-05 -0.422584 0.906324
    outer loop
      vertex 0 -5.07142 13.8757
      vertex 5.20884 3.41369 17.8324
      vertex 5 3.4 17.826
    endloop
  endfacet
  facet normal 6.78039e-05 -0.422652 0.906292
    outer loop
      vertex 0 -5.07142 13.8757
      vertex 5 3.4 17.826
      vertex 4.79116 3.41369 17.8324
    endloop
  endfacet
  facet normal -0.000156707 -0.422548 0.906341
    outer loop
      vertex 0 -5.07142 13.8757
      vertex 4.79116 3.41369 17.8324
      vertex 4.58589 3.45452 17.8514
    endloop
  endfacet
  facet normal 0 -0.422621 0.906306
    outer loop
      vertex 5.97402 3.73063 17.9802
      vertex 0 -5.07142 13.8757
      vertex 31 -5.07142 13.8757
    endloop
  endfacet
  facet normal 0.000122087 -0.422671 0.906283
    outer loop
      vertex 4.38771 3.52179 17.8828
      vertex 0 -5.07142 13.8757
      vertex 4.58589 3.45452 17.8514
    endloop
  endfacet
  facet normal -0.000255809 -0.422513 0.906357
    outer loop
      vertex 4.2 3.61436 17.9259
      vertex 0 -5.07142 13.8757
      vertex 4.38771 3.52179 17.8828
    endloop
  endfacet
  facet normal 0.000326775 -0.422744 0.906249
    outer loop
      vertex 4.02598 3.73063 17.9802
      vertex 0 -5.07142 13.8757
      vertex 4.2 3.61436 17.9259
    endloop
  endfacet
  facet normal -0.000616367 -0.42239 0.906414
    outer loop
      vertex 3.97746 3.77319 18
      vertex 0 -5.07142 13.8757
      vertex 4.02598 3.73063 17.9802
    endloop
  endfacet
  facet normal 5.28296e-06 -0.422619 0.906307
    outer loop
      vertex 0 -5.07142 13.8757
      vertex 3.97746 3.77319 18
      vertex 0 23.0241 26.9769
    endloop
  endfacet
  facet normal 2.82877e-05 0.422604 -0.906315
    outer loop
      vertex 31 28.0955 16.1012
      vertex 23.4316 17.4558 11.1398
      vertex 23.5 18.5 11.6267
    endloop
  endfacet
  facet normal -4.81952e-05 0.422613 -0.90631
    outer loop
      vertex 25.3877 6.47821 6.02084
      vertex 23.2274 16.4294 10.6612
      vertex 23.4316 17.4558 11.1398
    endloop
  endfacet
  facet normal 5.15513e-05 0.422631 -0.906302
    outer loop
      vertex 25.3877 6.47821 6.02084
      vertex 22.891 15.4385 10.1991
      vertex 23.2274 16.4294 10.6612
    endloop
  endfacet
  facet normal 1.1773e-05 0.422622 -0.906306
    outer loop
      vertex 25.3877 6.47821 6.02084
      vertex 22.4282 14.5 9.76146
      vertex 22.891 15.4385 10.1991
    endloop
  endfacet
  facet normal -4.08216e-06 0.422617 -0.906308
    outer loop
      vertex 25.3877 6.47821 6.02084
      vertex 21.8468 13.6299 9.35573
      vertex 22.4282 14.5 9.76146
    endloop
  endfacet
  facet normal -1.77204e-05 0.422611 -0.906311
    outer loop
      vertex 25.3877 6.47821 6.02084
      vertex 21.1569 12.8431 8.98886
      vertex 21.8468 13.6299 9.35573
    endloop
  endfacet
  facet normal 2.3377e-05 0.422633 -0.906301
    outer loop
      vertex 25.2971 6.43352 6
      vertex 20.3701 12.1532 8.66712
      vertex 21.1569 12.8431 8.98886
    endloop
  endfacet
  facet normal -6.74077e-06 0.422612 -0.906311
    outer loop
      vertex 25.2971 6.43352 6
      vertex 19.5 11.5718 8.39602
      vertex 20.3701 12.1532 8.66712
    endloop
  endfacet
  facet normal 1.41185e-05 0.422631 -0.906302
    outer loop
      vertex 25.2971 6.43352 6
      vertex 18.5615 11.109 8.18019
      vertex 19.5 11.5718 8.39602
    endloop
  endfacet
  facet normal -8.78596e-06 0.422604 -0.906314
    outer loop
      vertex 25.2971 6.43352 6
      vertex 17.5706 10.7726 8.02334
      vertex 18.5615 11.109 8.18019
    endloop
  endfacet
  facet normal -1.28646e-05 0.422598 -0.906317
    outer loop
      vertex 25.2971 6.43352 6
      vertex 16.5442 10.5684 7.92814
      vertex 17.5706 10.7726 8.02334
    endloop
  endfacet
  facet normal 1.09214e-05 0.42264 -0.906298
    outer loop
      vertex 25.2971 6.43352 6
      vertex 15.5 10.5 7.89623
      vertex 16.5442 10.5684 7.92814
    endloop
  endfacet
  facet normal 0 0.422618 -0.906308
    outer loop
      vertex 5.70291 6.43352 6
      vertex 15.5 10.5 7.89623
      vertex 25.2971 6.43352 6
    endloop
  endfacet
  facet normal -1.09214e-05 0.42264 -0.906298
    outer loop
      vertex 15.5 10.5 7.89623
      vertex 5.70291 6.43352 6
      vertex 14.4558 10.5684 7.92814
    endloop
  endfacet
  facet normal 1.28647e-05 0.422598 -0.906317
    outer loop
      vertex 14.4558 10.5684 7.92814
      vertex 5.70291 6.43352 6
      vertex 13.4294 10.7726 8.02334
    endloop
  endfacet
  facet normal 3.9407e-06 0.422617 -0.906308
    outer loop
      vertex 9.15317 13.6299 9.35573
      vertex 5 6.6 6.07763
      vertex 8.5718 14.5 9.76146
    endloop
  endfacet
  facet normal 1.57058e-05 0.422611 -0.906311
    outer loop
      vertex 5 6.6 6.07763
      vertex 9.15317 13.6299 9.35573
      vertex 5.20884 6.58631 6.07125
    endloop
  endfacet
  facet normal -2.61432e-06 0.422619 -0.906307
    outer loop
      vertex 5.20884 6.58631 6.07125
      vertex 9.15317 13.6299 9.35573
      vertex 5.41411 6.54548 6.05221
    endloop
  endfacet
  facet normal 1.71737e-05 0.422611 -0.906311
    outer loop
      vertex 9.84315 12.8431 8.98886
      vertex 5.41411 6.54548 6.05221
      vertex 9.15317 13.6299 9.35573
    endloop
  endfacet
  facet normal -4.6276e-06 0.422623 -0.906305
    outer loop
      vertex 5.41411 6.54548 6.05221
      vertex 9.84315 12.8431 8.98886
      vertex 5.61229 6.47821 6.02084
    endloop
  endfacet
  facet normal -4.13448e-06 0.422623 -0.906305
    outer loop
      vertex 5.61229 6.47821 6.02084
      vertex 9.84315 12.8431 8.98886
      vertex 5.70291 6.43352 6
    endloop
  endfacet
  facet normal -2.33778e-05 0.422633 -0.906301
    outer loop
      vertex 10.6299 12.1532 8.66712
      vertex 5.70291 6.43352 6
      vertex 9.84315 12.8431 8.98886
    endloop
  endfacet
  facet normal 6.74077e-06 0.422612 -0.906311
    outer loop
      vertex 11.5 11.5718 8.39602
      vertex 5.70291 6.43352 6
      vertex 10.6299 12.1532 8.66712
    endloop
  endfacet
  facet normal -1.41185e-05 0.422631 -0.906302
    outer loop
      vertex 12.4385 11.109 8.18019
      vertex 5.70291 6.43352 6
      vertex 11.5 11.5718 8.39602
    endloop
  endfacet
  facet normal 8.78596e-06 0.422604 -0.906314
    outer loop
      vertex 13.4294 10.7726 8.02334
      vertex 5.70291 6.43352 6
      vertex 12.4385 11.109 8.18019
    endloop
  endfacet
  facet normal 1.77746e-06 0.422619 -0.906307
    outer loop
      vertex 28 6.43352 6
      vertex 31 0 3
      vertex 28 3 4.39892
    endloop
  endfacet
  facet normal 0 0.422618 -0.906308
    outer loop
      vertex 31 0 3
      vertex 3 3 4.39892
      vertex 28 3 4.39892
    endloop
  endfacet
  facet normal -1.77746e-06 0.422619 -0.906307
    outer loop
      vertex 3 3 4.39892
      vertex 0 0 3
      vertex 3 6.43352 6
    endloop
  endfacet
  facet normal 0 0.422618 -0.906308
    outer loop
      vertex 0 0 3
      vertex 3 3 4.39892
      vertex 31 0 3
    endloop
  endfacet
  facet normal 3.5723e-06 0.42262 -0.906307
    outer loop
      vertex 31 0 3
      vertex 28 6.43352 6
      vertex 31 28.0955 16.1012
    endloop
  endfacet
  facet normal 0 0.42263 -0.906302
    outer loop
      vertex 26.6123 6.47821 6.02084
      vertex 28 6.43352 6
      vertex 26.7029 6.43352 6
    endloop
  endfacet
  facet normal 1.98437e-07 0.422635 -0.9063
    outer loop
      vertex 26.4141 6.54548 6.05221
      vertex 28 6.43352 6
      vertex 26.6123 6.47821 6.02084
    endloop
  endfacet
  facet normal -1.13394e-06 0.42262 -0.906307
    outer loop
      vertex 23.4316 17.4558 11.1398
      vertex 28 6.43352 6
      vertex 26.4141 6.54548 6.05221
    endloop
  endfacet
  facet normal -2.64993e-06 0.422619 -0.906307
    outer loop
      vertex 23.4316 17.4558 11.1398
      vertex 26.4141 6.54548 6.05221
      vertex 26.2088 6.58631 6.07125
    endloop
  endfacet
  facet normal 1.66935e-05 0.422623 -0.906305
    outer loop
      vertex 23.4316 17.4558 11.1398
      vertex 26.2088 6.58631 6.07125
      vertex 26 6.6 6.07763
    endloop
  endfacet
  facet normal -1.61836e-05 0.422617 -0.906308
    outer loop
      vertex 23.4316 17.4558 11.1398
      vertex 26 6.6 6.07763
      vertex 25.7912 6.58631 6.07125
    endloop
  endfacet
  facet normal 2.41117e-06 0.42262 -0.906307
    outer loop
      vertex 23.4316 17.4558 11.1398
      vertex 25.7912 6.58631 6.07125
      vertex 25.5859 6.54548 6.05221
    endloop
  endfacet
  facet normal 5.7187e-06 0.422621 -0.906307
    outer loop
      vertex 23.4316 17.4558 11.1398
      vertex 25.5859 6.54548 6.05221
      vertex 25.3877 6.47821 6.02084
    endloop
  endfacet
  facet normal 4.13519e-06 0.422623 -0.906305
    outer loop
      vertex 21.1569 12.8431 8.98886
      vertex 25.3877 6.47821 6.02084
      vertex 25.2971 6.43352 6
    endloop
  endfacet
  facet normal 6.81786e-08 0.42262 -0.906307
    outer loop
      vertex 23.4316 17.4558 11.1398
      vertex 31 28.0955 16.1012
      vertex 28 6.43352 6
    endloop
  endfacet
  facet normal 2.39129e-05 0.422606 -0.906313
    outer loop
      vertex 23.4316 19.5442 12.1136
      vertex 31 28.0955 16.1012
      vertex 23.5 18.5 11.6267
    endloop
  endfacet
  facet normal 2.10004e-05 0.422609 -0.906312
    outer loop
      vertex 23.2274 20.5706 12.5922
      vertex 31 28.0955 16.1012
      vertex 23.4316 19.5442 12.1136
    endloop
  endfacet
  facet normal -1.66669e-05 0.42264 -0.906297
    outer loop
      vertex 22.891 21.5615 13.0543
      vertex 31 28.0955 16.1012
      vertex 23.2274 20.5706 12.5922
    endloop
  endfacet
  facet normal 2.02199e-05 0.422603 -0.906315
    outer loop
      vertex 22.4282 22.5 13.4919
      vertex 31 28.0955 16.1012
      vertex 22.891 21.5615 13.0543
    endloop
  endfacet
  facet normal -2.55492e-05 0.42266 -0.906288
    outer loop
      vertex 21.8468 23.3701 13.8977
      vertex 31 28.0955 16.1012
      vertex 22.4282 22.5 13.4919
    endloop
  endfacet
  facet normal 3.78655e-05 0.42256 -0.906335
    outer loop
      vertex 21.1569 24.1569 14.2645
      vertex 31 28.0955 16.1012
      vertex 21.8468 23.3701 13.8977
    endloop
  endfacet
  facet normal -2.76886e-05 0.422694 -0.906272
    outer loop
      vertex 20.3701 24.8468 14.5863
      vertex 31 28.0955 16.1012
      vertex 21.1569 24.1569 14.2645
    endloop
  endfacet
  facet normal 4.05414e-06 0.422609 -0.906312
    outer loop
      vertex 19.5 25.4282 14.8574
      vertex 31 28.0955 16.1012
      vertex 20.3701 24.8468 14.5863
    endloop
  endfacet
  facet normal 3.16177e-06 0.422612 -0.906311
    outer loop
      vertex 18.5615 25.891 15.0732
      vertex 31 28.0955 16.1012
      vertex 19.5 25.4282 14.8574
    endloop
  endfacet
  facet normal 2.18592e-05 0.422525 -0.906351
    outer loop
      vertex 17.5706 26.2274 15.23
      vertex 31 28.0955 16.1012
      vertex 18.5615 25.891 15.0732
    endloop
  endfacet
  facet normal 1.08765e-05 0.42259 -0.906321
    outer loop
      vertex 16.5442 26.4316 15.3252
      vertex 31 28.0955 16.1012
      vertex 17.5706 26.2274 15.23
    endloop
  endfacet
  facet normal -5.53055e-05 0.423062 -0.906101
    outer loop
      vertex 15.5 26.5 15.3572
      vertex 31 28.0955 16.1012
      vertex 16.5442 26.4316 15.3252
    endloop
  endfacet
  facet normal 5.53055e-05 0.423062 -0.906101
    outer loop
      vertex 0 28.0955 16.1012
      vertex 15.5 26.5 15.3572
      vertex 14.4558 26.4316 15.3252
    endloop
  endfacet
  facet normal -1.67753e-05 0.422624 -0.906305
    outer loop
      vertex 4.79116 6.58631 6.07125
      vertex 8.5718 14.5 9.76146
      vertex 5 6.6 6.07763
    endloop
  endfacet
  facet normal 3.31882e-06 0.422617 -0.906309
    outer loop
      vertex 4.58589 6.54548 6.05221
      vertex 8.5718 14.5 9.76146
      vertex 4.79116 6.58631 6.07125
    endloop
  endfacet
  facet normal 1.33013e-06 0.422617 -0.906308
    outer loop
      vertex 3 6.43352 6
      vertex 8.5718 14.5 9.76146
      vertex 4.58589 6.54548 6.05221
    endloop
  endfacet
  facet normal -8.50396e-06 0.422623 -0.906306
    outer loop
      vertex 8.5718 14.5 9.76146
      vertex 3 6.43352 6
      vertex 8.10896 15.4385 10.1991
    endloop
  endfacet
  facet normal -3.50657e-05 0.422635 -0.9063
    outer loop
      vertex 8.10896 15.4385 10.1991
      vertex 3 6.43352 6
      vertex 7.77259 16.4294 10.6612
    endloop
  endfacet
  facet normal -6.81781e-08 0.42262 -0.906307
    outer loop
      vertex 0 28.0955 16.1012
      vertex 7.56844 17.4558 11.1398
      vertex 3 6.43352 6
    endloop
  endfacet
  facet normal -2.82892e-05 0.422604 -0.906315
    outer loop
      vertex 7.56844 17.4558 11.1398
      vertex 0 28.0955 16.1012
      vertex 7.5 18.5 11.6267
    endloop
  endfacet
  facet normal 2.97146e-05 0.42261 -0.906312
    outer loop
      vertex 7.77259 16.4294 10.6612
      vertex 3 6.43352 6
      vertex 7.56844 17.4558 11.1398
    endloop
  endfacet
  facet normal -1.98433e-07 0.422635 -0.9063
    outer loop
      vertex 3 6.43352 6
      vertex 4.58589 6.54548 6.05221
      vertex 4.38771 6.47821 6.02084
    endloop
  endfacet
  facet normal 0 0.42263 -0.906302
    outer loop
      vertex 3 6.43352 6
      vertex 4.38771 6.47821 6.02084
      vertex 4.29709 6.43352 6
    endloop
  endfacet
  facet normal -2.39118e-05 0.422606 -0.906313
    outer loop
      vertex 7.5 18.5 11.6267
      vertex 0 28.0955 16.1012
      vertex 7.56844 19.5442 12.1136
    endloop
  endfacet
  facet normal -3.5723e-06 0.42262 -0.906307
    outer loop
      vertex 0 28.0955 16.1012
      vertex 3 6.43352 6
      vertex 0 0 3
    endloop
  endfacet
  facet normal -2.10012e-05 0.422609 -0.906312
    outer loop
      vertex 7.56844 19.5442 12.1136
      vertex 0 28.0955 16.1012
      vertex 7.77259 20.5706 12.5922
    endloop
  endfacet
  facet normal 0 0.422621 -0.906306
    outer loop
      vertex 15.5 26.5 15.3572
      vertex 0 28.0955 16.1012
      vertex 31 28.0955 16.1012
    endloop
  endfacet
  facet normal -1.08765e-05 0.42259 -0.906321
    outer loop
      vertex 13.4294 26.2274 15.23
      vertex 0 28.0955 16.1012
      vertex 14.4558 26.4316 15.3252
    endloop
  endfacet
  facet normal -2.18592e-05 0.422525 -0.906351
    outer loop
      vertex 12.4385 25.891 15.0732
      vertex 0 28.0955 16.1012
      vertex 13.4294 26.2274 15.23
    endloop
  endfacet
  facet normal -3.16177e-06 0.422612 -0.906311
    outer loop
      vertex 11.5 25.4282 14.8574
      vertex 0 28.0955 16.1012
      vertex 12.4385 25.891 15.0732
    endloop
  endfacet
  facet normal -4.05414e-06 0.422609 -0.906312
    outer loop
      vertex 10.6299 24.8468 14.5863
      vertex 0 28.0955 16.1012
      vertex 11.5 25.4282 14.8574
    endloop
  endfacet
  facet normal 2.7689e-05 0.422694 -0.906272
    outer loop
      vertex 9.84315 24.1569 14.2645
      vertex 0 28.0955 16.1012
      vertex 10.6299 24.8468 14.5863
    endloop
  endfacet
  facet normal -3.78642e-05 0.42256 -0.906335
    outer loop
      vertex 9.15317 23.3701 13.8977
      vertex 0 28.0955 16.1012
      vertex 9.84315 24.1569 14.2645
    endloop
  endfacet
  facet normal 2.55496e-05 0.42266 -0.906288
    outer loop
      vertex 8.5718 22.5 13.4919
      vertex 0 28.0955 16.1012
      vertex 9.15317 23.3701 13.8977
    endloop
  endfacet
  facet normal -2.02195e-05 0.422603 -0.906315
    outer loop
      vertex 8.10896 21.5615 13.0543
      vertex 0 28.0955 16.1012
      vertex 8.5718 22.5 13.4919
    endloop
  endfacet
  facet normal 1.66672e-05 0.42264 -0.906297
    outer loop
      vertex 7.77259 20.5706 12.5922
      vertex 0 28.0955 16.1012
      vertex 8.10896 21.5615 13.0543
    endloop
  endfacet
  facet normal 0 -0.906308 -0.422618
    outer loop
      vertex 0 0 3
      vertex 31 -5.07142 13.8757
      vertex 0 -5.07142 13.8757
    endloop
  endfacet
  facet normal 0 -0.906308 -0.422618
    outer loop
      vertex 31 -5.07142 13.8757
      vertex 0 0 3
      vertex 31 0 3
    endloop
  endfacet
  facet normal 0 0.906304 0.422626
    outer loop
      vertex 31 23.0241 26.9769
      vertex 20.3226 24.8786 23
      vertex 0 23.0241 26.9769
    endloop
  endfacet
  facet normal 4.17541e-06 0.906308 0.422617
    outer loop
      vertex 31 28.0955 16.1012
      vertex 20.3226 24.8786 23
      vertex 31 23.0241 26.9769
    endloop
  endfacet
  facet normal -8.91158e-06 0.906316 0.4226
    outer loop
      vertex 20.3226 24.8786 23
      vertex 31 28.0955 16.1012
      vertex 19.5 25.4282 21.8213
    endloop
  endfacet
  facet normal -1.61843e-05 0.906322 0.422588
    outer loop
      vertex 19.5 25.4282 21.8213
      vertex 31 28.0955 16.1012
      vertex 18.5615 25.891 20.8287
    endloop
  endfacet
  facet normal -2.82001e-05 0.906359 0.422509
    outer loop
      vertex 16.5442 26.4316 19.6696
      vertex 31 28.0955 16.1012
      vertex 15.5 26.5 19.5228
    endloop
  endfacet
  facet normal 1.92172e-05 0.906285 0.422667
    outer loop
      vertex 17.5706 26.2274 20.1074
      vertex 31 28.0955 16.1012
      vertex 16.5442 26.4316 19.6696
    endloop
  endfacet
  facet normal 1.49418e-05 0.90629 0.422655
    outer loop
      vertex 18.5615 25.891 20.8287
      vertex 31 28.0955 16.1012
      vertex 17.5706 26.2274 20.1074
    endloop
  endfacet
  facet normal -0 0.906304 0.422626
    outer loop
      vertex 10.6774 24.8786 23
      vertex 0 23.0241 26.9769
      vertex 20.3226 24.8786 23
    endloop
  endfacet
  facet normal 8.91158e-06 0.906316 0.4226
    outer loop
      vertex 0 28.0955 16.1012
      vertex 10.6774 24.8786 23
      vertex 11.5 25.4282 21.8213
    endloop
  endfacet
  facet normal 1.61843e-05 0.906322 0.422588
    outer loop
      vertex 0 28.0955 16.1012
      vertex 11.5 25.4282 21.8213
      vertex 12.4385 25.891 20.8287
    endloop
  endfacet
  facet normal -1.49418e-05 0.90629 0.422655
    outer loop
      vertex 0 28.0955 16.1012
      vertex 12.4385 25.891 20.8287
      vertex 13.4294 26.2274 20.1074
    endloop
  endfacet
  facet normal -0 0.90631 0.422614
    outer loop
      vertex 0 28.0955 16.1012
      vertex 15.5 26.5 19.5228
      vertex 31 28.0955 16.1012
    endloop
  endfacet
  facet normal -4.17541e-06 0.906308 0.422617
    outer loop
      vertex 10.6774 24.8786 23
      vertex 0 28.0955 16.1012
      vertex 0 23.0241 26.9769
    endloop
  endfacet
  facet normal -1.92172e-05 0.906285 0.422667
    outer loop
      vertex 14.4558 26.4316 19.6696
      vertex 0 28.0955 16.1012
      vertex 13.4294 26.2274 20.1074
    endloop
  endfacet
  facet normal 2.82001e-05 0.906359 0.422509
    outer loop
      vertex 15.5 26.5 19.5228
      vertex 0 28.0955 16.1012
      vertex 14.4558 26.4316 19.6696
    endloop
  endfacet
  facet normal -0.980786 -0.195087 0
    outer loop
      vertex 6.58631 5.20884 6
      vertex 6.54548 5.41411 18
      vertex 6.54548 5.41411 6
    endloop
  endfacet
  facet normal -0.980786 -0.195087 0
    outer loop
      vertex 6.54548 5.41411 18
      vertex 6.58631 5.20884 6
      vertex 6.58631 5.20884 18
    endloop
  endfacet
  facet normal -0.980786 -0.195087 0
    outer loop
      vertex 6.58631 5.20884 0
      vertex 6.54548 5.41411 1
      vertex 6.54548 5.41411 0
    endloop
  endfacet
  facet normal -0.980786 -0.195087 0
    outer loop
      vertex 6.54548 5.41411 1
      vertex 6.58631 5.20884 0
      vertex 6.58631 5.20884 1
    endloop
  endfacet
  facet normal 0.195087 -0.980786 0
    outer loop
      vertex 4.58589 6.54548 18
      vertex 4.79116 6.58631 6.07125
      vertex 4.79116 6.58631 18
    endloop
  endfacet
  facet normal 0.195087 -0.980786 0
    outer loop
      vertex 4.79116 6.58631 6.07125
      vertex 4.58589 6.54548 18
      vertex 4.58589 6.54548 6.05221
    endloop
  endfacet
  facet normal 0.195087 -0.980786 0
    outer loop
      vertex 4.58589 6.54548 0
      vertex 4.79116 6.58631 1
      vertex 4.58589 6.54548 1
    endloop
  endfacet
  facet normal 0.195087 -0.980786 0
    outer loop
      vertex 4.79116 6.58631 1
      vertex 4.58589 6.54548 0
      vertex 4.79116 6.58631 0
    endloop
  endfacet
  facet normal -0.89687 0.442295 0
    outer loop
      vertex 6.38564 4.2 6
      vertex 6.47821 4.38771 18
      vertex 6.47821 4.38771 6
    endloop
  endfacet
  facet normal -0.89687 0.442295 0
    outer loop
      vertex 6.47821 4.38771 18
      vertex 6.38564 4.2 6
      vertex 6.38564 4.2 18
    endloop
  endfacet
  facet normal -0.89687 0.442295 0
    outer loop
      vertex 6.38564 4.2 0
      vertex 6.47821 4.38771 1
      vertex 6.47821 4.38771 0
    endloop
  endfacet
  facet normal -0.89687 0.442295 0
    outer loop
      vertex 6.47821 4.38771 1
      vertex 6.38564 4.2 0
      vertex 6.38564 4.2 1
    endloop
  endfacet
  facet normal -0.831484 0.555549 0
    outer loop
      vertex 6.26937 4.02598 6
      vertex 6.38564 4.2 18
      vertex 6.38564 4.2 6
    endloop
  endfacet
  facet normal -0.831484 0.555549 0
    outer loop
      vertex 6.38564 4.2 18
      vertex 6.26937 4.02598 6
      vertex 6.26937 4.02598 18
    endloop
  endfacet
  facet normal -0.831484 0.555549 0
    outer loop
      vertex 6.26937 4.02598 0
      vertex 6.38564 4.2 1
      vertex 6.38564 4.2 0
    endloop
  endfacet
  facet normal -0.831484 0.555549 0
    outer loop
      vertex 6.38564 4.2 1
      vertex 6.26937 4.02598 0
      vertex 6.26937 4.02598 1
    endloop
  endfacet
  facet normal 0.0654122 -0.997858 0
    outer loop
      vertex 4.79116 6.58631 18
      vertex 5 6.6 6.07763
      vertex 5 6.6 18
    endloop
  endfacet
  facet normal 0.0654122 -0.997858 0
    outer loop
      vertex 5 6.6 6.07763
      vertex 4.79116 6.58631 18
      vertex 4.79116 6.58631 6.07125
    endloop
  endfacet
  facet normal 0.0654122 -0.997858 0
    outer loop
      vertex 4.79116 6.58631 0
      vertex 5 6.6 1
      vertex 4.79116 6.58631 1
    endloop
  endfacet
  facet normal 0.0654122 -0.997858 0
    outer loop
      vertex 5 6.6 1
      vertex 4.79116 6.58631 0
      vertex 5 6.6 0
    endloop
  endfacet
  facet normal 0.751821 0.659367 0
    outer loop
      vertex 3.86863 3.86863 18
      vertex 3.73063 4.02598 6
      vertex 3.73063 4.02598 18
    endloop
  endfacet
  facet normal 0.751821 0.659367 0
    outer loop
      vertex 3.73063 4.02598 6
      vertex 3.86863 3.86863 18
      vertex 3.86863 3.86863 6
    endloop
  endfacet
  facet normal 0.751821 0.659367 0
    outer loop
      vertex 3.86863 3.86863 1
      vertex 3.73063 4.02598 0
      vertex 3.73063 4.02598 1
    endloop
  endfacet
  facet normal 0.751821 0.659367 0
    outer loop
      vertex 3.73063 4.02598 0
      vertex 3.86863 3.86863 1
      vertex 3.86863 3.86863 0
    endloop
  endfacet
  facet normal 0.980786 -0.195087 0
    outer loop
      vertex 3.41369 5.20884 18
      vertex 3.45452 5.41411 6
      vertex 3.45452 5.41411 18
    endloop
  endfacet
  facet normal 0.980786 -0.195087 0
    outer loop
      vertex 3.45452 5.41411 6
      vertex 3.41369 5.20884 18
      vertex 3.41369 5.20884 6
    endloop
  endfacet
  facet normal 0.980786 -0.195087 0
    outer loop
      vertex 3.41369 5.20884 1
      vertex 3.45452 5.41411 0
      vertex 3.45452 5.41411 1
    endloop
  endfacet
  facet normal 0.980786 -0.195087 0
    outer loop
      vertex 3.45452 5.41411 0
      vertex 3.41369 5.20884 1
      vertex 3.41369 5.20884 0
    endloop
  endfacet
  facet normal 0.89687 0.442295 0
    outer loop
      vertex 3.61436 4.2 18
      vertex 3.52179 4.38771 6
      vertex 3.52179 4.38771 18
    endloop
  endfacet
  facet normal 0.89687 0.442295 0
    outer loop
      vertex 3.52179 4.38771 6
      vertex 3.61436 4.2 18
      vertex 3.61436 4.2 6
    endloop
  endfacet
  facet normal 0.89687 0.442295 0
    outer loop
      vertex 3.61436 4.2 1
      vertex 3.52179 4.38771 0
      vertex 3.52179 4.38771 1
    endloop
  endfacet
  facet normal 0.89687 0.442295 0
    outer loop
      vertex 3.52179 4.38771 0
      vertex 3.61436 4.2 1
      vertex 3.61436 4.2 0
    endloop
  endfacet
  facet normal -0.89687 -0.442295 0
    outer loop
      vertex 6.47821 5.61229 6
      vertex 6.38564 5.8 18
      vertex 6.38564 5.8 6
    endloop
  endfacet
  facet normal -0.89687 -0.442295 0
    outer loop
      vertex 6.38564 5.8 18
      vertex 6.47821 5.61229 6
      vertex 6.47821 5.61229 18
    endloop
  endfacet
  facet normal -0.89687 -0.442295 0
    outer loop
      vertex 6.47821 5.61229 0
      vertex 6.38564 5.8 1
      vertex 6.38564 5.8 0
    endloop
  endfacet
  facet normal -0.89687 -0.442295 0
    outer loop
      vertex 6.38564 5.8 1
      vertex 6.47821 5.61229 0
      vertex 6.47821 5.61229 1
    endloop
  endfacet
  facet normal 0.555549 -0.831484 0
    outer loop
      vertex 4.02598 6.26937 6
      vertex 4.2 6.38564 18
      vertex 4.02598 6.26937 18
    endloop
  endfacet
  facet normal 0.555549 -0.831484 0
    outer loop
      vertex 4.2 6.38564 18
      vertex 4.02598 6.26937 6
      vertex 4.2 6.38564 6
    endloop
  endfacet
  facet normal 0.555549 -0.831484 0
    outer loop
      vertex 4.02598 6.26937 0
      vertex 4.2 6.38564 1
      vertex 4.02598 6.26937 1
    endloop
  endfacet
  facet normal 0.555549 -0.831484 0
    outer loop
      vertex 4.2 6.38564 1
      vertex 4.02598 6.26937 0
      vertex 4.2 6.38564 0
    endloop
  endfacet
  facet normal 0.997858 0.0654122 0
    outer loop
      vertex 3.41369 4.79116 18
      vertex 3.4 5 6
      vertex 3.4 5 18
    endloop
  endfacet
  facet normal 0.997858 0.0654122 0
    outer loop
      vertex 3.4 5 6
      vertex 3.41369 4.79116 18
      vertex 3.41369 4.79116 6
    endloop
  endfacet
  facet normal 0.997858 0.0654122 0
    outer loop
      vertex 3.41369 4.79116 1
      vertex 3.4 5 0
      vertex 3.4 5 1
    endloop
  endfacet
  facet normal 0.997858 0.0654122 0
    outer loop
      vertex 3.4 5 0
      vertex 3.41369 4.79116 1
      vertex 3.41369 4.79116 0
    endloop
  endfacet
  facet normal 0.980786 0.195087 0
    outer loop
      vertex 3.45452 4.58589 18
      vertex 3.41369 4.79116 6
      vertex 3.41369 4.79116 18
    endloop
  endfacet
  facet normal 0.980786 0.195087 0
    outer loop
      vertex 3.41369 4.79116 6
      vertex 3.45452 4.58589 18
      vertex 3.45452 4.58589 6
    endloop
  endfacet
  facet normal 0.980786 0.195087 0
    outer loop
      vertex 3.45452 4.58589 1
      vertex 3.41369 4.79116 0
      vertex 3.41369 4.79116 1
    endloop
  endfacet
  facet normal 0.980786 0.195087 0
    outer loop
      vertex 3.41369 4.79116 0
      vertex 3.45452 4.58589 1
      vertex 3.45452 4.58589 0
    endloop
  endfacet
  facet normal -0.751821 -0.659367 0
    outer loop
      vertex 6.26937 5.97402 6
      vertex 6.13137 6.13137 18
      vertex 6.13137 6.13137 6
    endloop
  endfacet
  facet normal -0.751821 -0.659367 0
    outer loop
      vertex 6.13137 6.13137 18
      vertex 6.26937 5.97402 6
      vertex 6.26937 5.97402 18
    endloop
  endfacet
  facet normal -0.751821 -0.659367 0
    outer loop
      vertex 6.26937 5.97402 0
      vertex 6.13137 6.13137 1
      vertex 6.13137 6.13137 0
    endloop
  endfacet
  facet normal -0.751821 -0.659367 0
    outer loop
      vertex 6.13137 6.13137 1
      vertex 6.26937 5.97402 0
      vertex 6.26937 5.97402 1
    endloop
  endfacet
  facet normal 0.442295 0.89687 -0
    outer loop
      vertex 4.38771 3.52179 0
      vertex 4.2 3.61436 1
      vertex 4.38771 3.52179 1
    endloop
  endfacet
  facet normal 0.442295 0.89687 0
    outer loop
      vertex 4.2 3.61436 1
      vertex 4.38771 3.52179 0
      vertex 4.2 3.61436 0
    endloop
  endfacet
  facet normal 0.442295 0.89687 0
    outer loop
      vertex 4.2 3.61436 6
      vertex 4.38771 3.52179 17.8828
      vertex 4.38771 3.52179 6
    endloop
  endfacet
  facet normal 0.442295 0.89687 0
    outer loop
      vertex 4.38771 3.52179 17.8828
      vertex 4.2 3.61436 6
      vertex 4.2 3.61436 17.9259
    endloop
  endfacet
  facet normal -0.946935 0.321426 0
    outer loop
      vertex 6.47821 4.38771 6
      vertex 6.54548 4.58589 18
      vertex 6.54548 4.58589 6
    endloop
  endfacet
  facet normal -0.946935 0.321426 0
    outer loop
      vertex 6.54548 4.58589 18
      vertex 6.47821 4.38771 6
      vertex 6.47821 4.38771 18
    endloop
  endfacet
  facet normal -0.946935 0.321426 0
    outer loop
      vertex 6.47821 4.38771 0
      vertex 6.54548 4.58589 1
      vertex 6.54548 4.58589 0
    endloop
  endfacet
  facet normal -0.946935 0.321426 0
    outer loop
      vertex 6.54548 4.58589 1
      vertex 6.47821 4.38771 0
      vertex 6.47821 4.38771 1
    endloop
  endfacet
  facet normal -0.195087 -0.980786 0
    outer loop
      vertex 5.20884 6.58631 6.07125
      vertex 5.41411 6.54548 18
      vertex 5.20884 6.58631 18
    endloop
  endfacet
  facet normal -0.195087 -0.980786 -0
    outer loop
      vertex 5.41411 6.54548 18
      vertex 5.20884 6.58631 6.07125
      vertex 5.41411 6.54548 6.05221
    endloop
  endfacet
  facet normal -0.195087 -0.980786 0
    outer loop
      vertex 5.20884 6.58631 0
      vertex 5.41411 6.54548 1
      vertex 5.20884 6.58631 1
    endloop
  endfacet
  facet normal -0.195087 -0.980786 -0
    outer loop
      vertex 5.41411 6.54548 1
      vertex 5.20884 6.58631 0
      vertex 5.41411 6.54548 0
    endloop
  endfacet
  facet normal -0.659367 -0.751821 0
    outer loop
      vertex 5.97402 6.26937 6
      vertex 6.13137 6.13137 18
      vertex 5.97402 6.26937 18
    endloop
  endfacet
  facet normal -0.659367 -0.751821 -0
    outer loop
      vertex 6.13137 6.13137 18
      vertex 5.97402 6.26937 6
      vertex 6.13137 6.13137 6
    endloop
  endfacet
  facet normal -0.659367 -0.751821 0
    outer loop
      vertex 5.97402 6.26937 0
      vertex 6.13137 6.13137 1
      vertex 5.97402 6.26937 1
    endloop
  endfacet
  facet normal -0.659367 -0.751821 -0
    outer loop
      vertex 6.13137 6.13137 1
      vertex 5.97402 6.26937 0
      vertex 6.13137 6.13137 0
    endloop
  endfacet
  facet normal -0.997858 -0.0654122 0
    outer loop
      vertex 6.6 5 6
      vertex 6.58631 5.20884 18
      vertex 6.58631 5.20884 6
    endloop
  endfacet
  facet normal -0.997858 -0.0654122 0
    outer loop
      vertex 6.58631 5.20884 18
      vertex 6.6 5 6
      vertex 6.6 5 18
    endloop
  endfacet
  facet normal -0.997858 -0.0654122 0
    outer loop
      vertex 6.6 5 0
      vertex 6.58631 5.20884 1
      vertex 6.58631 5.20884 0
    endloop
  endfacet
  facet normal -0.997858 -0.0654122 0
    outer loop
      vertex 6.58631 5.20884 1
      vertex 6.6 5 0
      vertex 6.6 5 1
    endloop
  endfacet
  facet normal 0.321426 0.946935 -0
    outer loop
      vertex 4.58589 3.45452 0
      vertex 4.38771 3.52179 1
      vertex 4.58589 3.45452 1
    endloop
  endfacet
  facet normal 0.321426 0.946935 0
    outer loop
      vertex 4.38771 3.52179 1
      vertex 4.58589 3.45452 0
      vertex 4.38771 3.52179 0
    endloop
  endfacet
  facet normal 0.321426 0.946935 0
    outer loop
      vertex 4.38771 3.52179 6
      vertex 4.58589 3.45452 17.8514
      vertex 4.58589 3.45452 6
    endloop
  endfacet
  facet normal 0.321426 0.946935 0
    outer loop
      vertex 4.58589 3.45452 17.8514
      vertex 4.38771 3.52179 6
      vertex 4.38771 3.52179 17.8828
    endloop
  endfacet
  facet normal -0.946935 -0.321426 0
    outer loop
      vertex 6.54548 5.41411 6
      vertex 6.47821 5.61229 18
      vertex 6.47821 5.61229 6
    endloop
  endfacet
  facet normal -0.946935 -0.321426 0
    outer loop
      vertex 6.47821 5.61229 18
      vertex 6.54548 5.41411 6
      vertex 6.54548 5.41411 18
    endloop
  endfacet
  facet normal -0.946935 -0.321426 0
    outer loop
      vertex 6.54548 5.41411 0
      vertex 6.47821 5.61229 1
      vertex 6.47821 5.61229 0
    endloop
  endfacet
  facet normal -0.946935 -0.321426 0
    outer loop
      vertex 6.47821 5.61229 1
      vertex 6.54548 5.41411 0
      vertex 6.54548 5.41411 1
    endloop
  endfacet
  facet normal 0.946935 -0.321426 0
    outer loop
      vertex 3.45452 5.41411 18
      vertex 3.52179 5.61229 6
      vertex 3.52179 5.61229 18
    endloop
  endfacet
  facet normal 0.946935 -0.321426 0
    outer loop
      vertex 3.52179 5.61229 6
      vertex 3.45452 5.41411 18
      vertex 3.45452 5.41411 6
    endloop
  endfacet
  facet normal 0.946935 -0.321426 0
    outer loop
      vertex 3.45452 5.41411 1
      vertex 3.52179 5.61229 0
      vertex 3.52179 5.61229 1
    endloop
  endfacet
  facet normal 0.946935 -0.321426 0
    outer loop
      vertex 3.52179 5.61229 0
      vertex 3.45452 5.41411 1
      vertex 3.45452 5.41411 0
    endloop
  endfacet
  facet normal -0.751821 0.659367 0
    outer loop
      vertex 6.13137 3.86863 6
      vertex 6.26937 4.02598 18
      vertex 6.26937 4.02598 6
    endloop
  endfacet
  facet normal -0.751821 0.659367 0
    outer loop
      vertex 6.26937 4.02598 18
      vertex 6.13137 3.86863 6
      vertex 6.13137 3.86863 18
    endloop
  endfacet
  facet normal -0.751821 0.659367 0
    outer loop
      vertex 6.13137 3.86863 0
      vertex 6.26937 4.02598 1
      vertex 6.26937 4.02598 0
    endloop
  endfacet
  facet normal -0.751821 0.659367 0
    outer loop
      vertex 6.26937 4.02598 1
      vertex 6.13137 3.86863 0
      vertex 6.13137 3.86863 1
    endloop
  endfacet
  facet normal -0.997858 0.0654122 0
    outer loop
      vertex 6.58631 4.79116 6
      vertex 6.6 5 18
      vertex 6.6 5 6
    endloop
  endfacet
  facet normal -0.997858 0.0654122 0
    outer loop
      vertex 6.6 5 18
      vertex 6.58631 4.79116 6
      vertex 6.58631 4.79116 18
    endloop
  endfacet
  facet normal -0.997858 0.0654122 0
    outer loop
      vertex 6.58631 4.79116 0
      vertex 6.6 5 1
      vertex 6.6 5 0
    endloop
  endfacet
  facet normal -0.997858 0.0654122 0
    outer loop
      vertex 6.6 5 1
      vertex 6.58631 4.79116 0
      vertex 6.58631 4.79116 1
    endloop
  endfacet
  facet normal 0.195087 0.980786 -0
    outer loop
      vertex 4.79116 3.41369 0
      vertex 4.58589 3.45452 1
      vertex 4.79116 3.41369 1
    endloop
  endfacet
  facet normal 0.195087 0.980786 0
    outer loop
      vertex 4.58589 3.45452 1
      vertex 4.79116 3.41369 0
      vertex 4.58589 3.45452 0
    endloop
  endfacet
  facet normal 0.195087 0.980786 0
    outer loop
      vertex 4.58589 3.45452 6
      vertex 4.79116 3.41369 17.8324
      vertex 4.79116 3.41369 6
    endloop
  endfacet
  facet normal 0.195087 0.980786 0
    outer loop
      vertex 4.79116 3.41369 17.8324
      vertex 4.58589 3.45452 6
      vertex 4.58589 3.45452 17.8514
    endloop
  endfacet
  facet normal -0.555549 0.831484 0
    outer loop
      vertex 5.97402 3.73063 0
      vertex 5.8 3.61436 1
      vertex 5.97402 3.73063 1
    endloop
  endfacet
  facet normal -0.555549 0.831484 0
    outer loop
      vertex 5.8 3.61436 1
      vertex 5.97402 3.73063 0
      vertex 5.8 3.61436 0
    endloop
  endfacet
  facet normal -0.555549 0.831484 0
    outer loop
      vertex 5.97402 3.73063 6
      vertex 5.8 3.61436 17.9259
      vertex 5.97402 3.73063 17.9802
    endloop
  endfacet
  facet normal -0.555549 0.831484 0
    outer loop
      vertex 5.8 3.61436 17.9259
      vertex 5.97402 3.73063 6
      vertex 5.8 3.61436 6
    endloop
  endfacet
  facet normal -0.831484 -0.555549 0
    outer loop
      vertex 6.38564 5.8 6
      vertex 6.26937 5.97402 18
      vertex 6.26937 5.97402 6
    endloop
  endfacet
  facet normal -0.831484 -0.555549 0
    outer loop
      vertex 6.26937 5.97402 18
      vertex 6.38564 5.8 6
      vertex 6.38564 5.8 18
    endloop
  endfacet
  facet normal -0.831484 -0.555549 0
    outer loop
      vertex 6.38564 5.8 0
      vertex 6.26937 5.97402 1
      vertex 6.26937 5.97402 0
    endloop
  endfacet
  facet normal -0.831484 -0.555549 0
    outer loop
      vertex 6.26937 5.97402 1
      vertex 6.38564 5.8 0
      vertex 6.38564 5.8 1
    endloop
  endfacet
  facet normal 0.321426 -0.946935 0
    outer loop
      vertex 4.38771 6.47821 18
      vertex 4.58589 6.54548 6.05221
      vertex 4.58589 6.54548 18
    endloop
  endfacet
  facet normal 0.321426 -0.946935 0
    outer loop
      vertex 4.58589 6.54548 6.05221
      vertex 4.38771 6.47821 18
      vertex 4.38771 6.47821 6.02084
    endloop
  endfacet
  facet normal 0.321426 -0.946935 0
    outer loop
      vertex 4.38771 6.47821 0
      vertex 4.58589 6.54548 1
      vertex 4.38771 6.47821 1
    endloop
  endfacet
  facet normal 0.321426 -0.946935 0
    outer loop
      vertex 4.58589 6.54548 1
      vertex 4.38771 6.47821 0
      vertex 4.58589 6.54548 0
    endloop
  endfacet
  facet normal -0.442295 0.89687 0
    outer loop
      vertex 5.8 3.61436 0
      vertex 5.61229 3.52179 1
      vertex 5.8 3.61436 1
    endloop
  endfacet
  facet normal -0.442295 0.89687 0
    outer loop
      vertex 5.61229 3.52179 1
      vertex 5.8 3.61436 0
      vertex 5.61229 3.52179 0
    endloop
  endfacet
  facet normal -0.442295 0.89687 0
    outer loop
      vertex 5.8 3.61436 6
      vertex 5.61229 3.52179 17.8828
      vertex 5.8 3.61436 17.9259
    endloop
  endfacet
  facet normal -0.442295 0.89687 0
    outer loop
      vertex 5.61229 3.52179 17.8828
      vertex 5.8 3.61436 6
      vertex 5.61229 3.52179 6
    endloop
  endfacet
  facet normal -0.321426 -0.946935 0
    outer loop
      vertex 5.41411 6.54548 6.05221
      vertex 5.61229 6.47821 18
      vertex 5.41411 6.54548 18
    endloop
  endfacet
  facet normal -0.321426 -0.946935 -0
    outer loop
      vertex 5.61229 6.47821 18
      vertex 5.41411 6.54548 6.05221
      vertex 5.61229 6.47821 6.02084
    endloop
  endfacet
  facet normal -0.321426 -0.946935 0
    outer loop
      vertex 5.41411 6.54548 0
      vertex 5.61229 6.47821 1
      vertex 5.41411 6.54548 1
    endloop
  endfacet
  facet normal -0.321426 -0.946935 -0
    outer loop
      vertex 5.61229 6.47821 1
      vertex 5.41411 6.54548 0
      vertex 5.61229 6.47821 0
    endloop
  endfacet
  facet normal -0.980786 0.195087 0
    outer loop
      vertex 6.54548 4.58589 6
      vertex 6.58631 4.79116 18
      vertex 6.58631 4.79116 6
    endloop
  endfacet
  facet normal -0.980786 0.195087 0
    outer loop
      vertex 6.58631 4.79116 18
      vertex 6.54548 4.58589 6
      vertex 6.54548 4.58589 18
    endloop
  endfacet
  facet normal -0.980786 0.195087 0
    outer loop
      vertex 6.54548 4.58589 0
      vertex 6.58631 4.79116 1
      vertex 6.58631 4.79116 0
    endloop
  endfacet
  facet normal -0.980786 0.195087 0
    outer loop
      vertex 6.58631 4.79116 1
      vertex 6.54548 4.58589 0
      vertex 6.54548 4.58589 1
    endloop
  endfacet
  facet normal -0.195087 0.980786 0
    outer loop
      vertex 5.41411 3.45452 0
      vertex 5.20884 3.41369 1
      vertex 5.41411 3.45452 1
    endloop
  endfacet
  facet normal -0.195087 0.980786 0
    outer loop
      vertex 5.20884 3.41369 1
      vertex 5.41411 3.45452 0
      vertex 5.20884 3.41369 0
    endloop
  endfacet
  facet normal -0.195087 0.980786 0
    outer loop
      vertex 5.41411 3.45452 6
      vertex 5.20884 3.41369 17.8324
      vertex 5.41411 3.45452 17.8514
    endloop
  endfacet
  facet normal -0.195087 0.980786 0
    outer loop
      vertex 5.20884 3.41369 17.8324
      vertex 5.41411 3.45452 6
      vertex 5.20884 3.41369 6
    endloop
  endfacet
  facet normal -0.321426 0.946935 0
    outer loop
      vertex 5.61229 3.52179 0
      vertex 5.41411 3.45452 1
      vertex 5.61229 3.52179 1
    endloop
  endfacet
  facet normal -0.321426 0.946935 0
    outer loop
      vertex 5.41411 3.45452 1
      vertex 5.61229 3.52179 0
      vertex 5.41411 3.45452 0
    endloop
  endfacet
  facet normal -0.321426 0.946935 0
    outer loop
      vertex 5.61229 3.52179 6
      vertex 5.41411 3.45452 17.8514
      vertex 5.61229 3.52179 17.8828
    endloop
  endfacet
  facet normal -0.321426 0.946935 0
    outer loop
      vertex 5.41411 3.45452 17.8514
      vertex 5.61229 3.52179 6
      vertex 5.41411 3.45452 6
    endloop
  endfacet
  facet normal 0.751821 -0.659367 0
    outer loop
      vertex 3.73063 5.97402 18
      vertex 3.86863 6.13137 6
      vertex 3.86863 6.13137 18
    endloop
  endfacet
  facet normal 0.751821 -0.659367 0
    outer loop
      vertex 3.86863 6.13137 6
      vertex 3.73063 5.97402 18
      vertex 3.73063 5.97402 6
    endloop
  endfacet
  facet normal 0.751821 -0.659367 0
    outer loop
      vertex 3.73063 5.97402 1
      vertex 3.86863 6.13137 0
      vertex 3.86863 6.13137 1
    endloop
  endfacet
  facet normal 0.751821 -0.659367 0
    outer loop
      vertex 3.86863 6.13137 0
      vertex 3.73063 5.97402 1
      vertex 3.73063 5.97402 0
    endloop
  endfacet
  facet normal -0.0654122 -0.997858 0
    outer loop
      vertex 5 6.6 6.07763
      vertex 5.20884 6.58631 18
      vertex 5 6.6 18
    endloop
  endfacet
  facet normal -0.0654122 -0.997858 -0
    outer loop
      vertex 5.20884 6.58631 18
      vertex 5 6.6 6.07763
      vertex 5.20884 6.58631 6.07125
    endloop
  endfacet
  facet normal -0.0654122 -0.997858 0
    outer loop
      vertex 5 6.6 0
      vertex 5.20884 6.58631 1
      vertex 5 6.6 1
    endloop
  endfacet
  facet normal -0.0654122 -0.997858 -0
    outer loop
      vertex 5.20884 6.58631 1
      vertex 5 6.6 0
      vertex 5.20884 6.58631 0
    endloop
  endfacet
  facet normal -0.0654122 0.997858 0
    outer loop
      vertex 5.20884 3.41369 0
      vertex 5 3.4 1
      vertex 5.20884 3.41369 1
    endloop
  endfacet
  facet normal -0.0654122 0.997858 0
    outer loop
      vertex 5 3.4 1
      vertex 5.20884 3.41369 0
      vertex 5 3.4 0
    endloop
  endfacet
  facet normal -0.0654122 0.997858 0
    outer loop
      vertex 5.20884 3.41369 6
      vertex 5 3.4 17.826
      vertex 5.20884 3.41369 17.8324
    endloop
  endfacet
  facet normal -0.0654122 0.997858 0
    outer loop
      vertex 5 3.4 17.826
      vertex 5.20884 3.41369 6
      vertex 5 3.4 6
    endloop
  endfacet
  facet normal 0.442295 -0.89687 0
    outer loop
      vertex 4.2 6.38564 18
      vertex 4.38771 6.47821 6.02084
      vertex 4.38771 6.47821 18
    endloop
  endfacet
  facet normal 0.442295 -0.89687 0
    outer loop
      vertex 4.2 6.38564 6
      vertex 4.38771 6.47821 6.02084
      vertex 4.2 6.38564 18
    endloop
  endfacet
  facet normal 0.442292 -0.896871 2.94767e-05
    outer loop
      vertex 4.38771 6.47821 6.02084
      vertex 4.2 6.38564 6
      vertex 4.29709 6.43352 6
    endloop
  endfacet
  facet normal 0.442295 -0.89687 0
    outer loop
      vertex 4.2 6.38564 0
      vertex 4.38771 6.47821 1
      vertex 4.2 6.38564 1
    endloop
  endfacet
  facet normal 0.442295 -0.89687 0
    outer loop
      vertex 4.38771 6.47821 1
      vertex 4.2 6.38564 0
      vertex 4.38771 6.47821 0
    endloop
  endfacet
  facet normal 0.831484 0.555549 0
    outer loop
      vertex 3.73063 4.02598 18
      vertex 3.61436 4.2 6
      vertex 3.61436 4.2 18
    endloop
  endfacet
  facet normal 0.831484 0.555549 0
    outer loop
      vertex 3.61436 4.2 6
      vertex 3.73063 4.02598 18
      vertex 3.73063 4.02598 6
    endloop
  endfacet
  facet normal 0.831484 0.555549 0
    outer loop
      vertex 3.73063 4.02598 1
      vertex 3.61436 4.2 0
      vertex 3.61436 4.2 1
    endloop
  endfacet
  facet normal 0.831484 0.555549 0
    outer loop
      vertex 3.61436 4.2 0
      vertex 3.73063 4.02598 1
      vertex 3.73063 4.02598 0
    endloop
  endfacet
  facet normal 0.997858 -0.0654122 0
    outer loop
      vertex 3.4 5 18
      vertex 3.41369 5.20884 6
      vertex 3.41369 5.20884 18
    endloop
  endfacet
  facet normal 0.997858 -0.0654122 0
    outer loop
      vertex 3.41369 5.20884 6
      vertex 3.4 5 18
      vertex 3.4 5 6
    endloop
  endfacet
  facet normal 0.997858 -0.0654122 0
    outer loop
      vertex 3.4 5 1
      vertex 3.41369 5.20884 0
      vertex 3.41369 5.20884 1
    endloop
  endfacet
  facet normal 0.997858 -0.0654122 0
    outer loop
      vertex 3.41369 5.20884 0
      vertex 3.4 5 1
      vertex 3.4 5 0
    endloop
  endfacet
  facet normal 0.831484 -0.555549 0
    outer loop
      vertex 3.61436 5.8 18
      vertex 3.73063 5.97402 6
      vertex 3.73063 5.97402 18
    endloop
  endfacet
  facet normal 0.831484 -0.555549 0
    outer loop
      vertex 3.73063 5.97402 6
      vertex 3.61436 5.8 18
      vertex 3.61436 5.8 6
    endloop
  endfacet
  facet normal 0.831484 -0.555549 0
    outer loop
      vertex 3.61436 5.8 1
      vertex 3.73063 5.97402 0
      vertex 3.73063 5.97402 1
    endloop
  endfacet
  facet normal 0.831484 -0.555549 0
    outer loop
      vertex 3.73063 5.97402 0
      vertex 3.61436 5.8 1
      vertex 3.61436 5.8 0
    endloop
  endfacet
  facet normal -0.555549 -0.831484 0
    outer loop
      vertex 5.8 6.38564 6
      vertex 5.97402 6.26937 18
      vertex 5.8 6.38564 18
    endloop
  endfacet
  facet normal -0.555549 -0.831484 -0
    outer loop
      vertex 5.97402 6.26937 18
      vertex 5.8 6.38564 6
      vertex 5.97402 6.26937 6
    endloop
  endfacet
  facet normal -0.555549 -0.831484 0
    outer loop
      vertex 5.8 6.38564 0
      vertex 5.97402 6.26937 1
      vertex 5.8 6.38564 1
    endloop
  endfacet
  facet normal -0.555549 -0.831484 -0
    outer loop
      vertex 5.97402 6.26937 1
      vertex 5.8 6.38564 0
      vertex 5.97402 6.26937 0
    endloop
  endfacet
  facet normal 0.659367 -0.751821 0
    outer loop
      vertex 3.86863 6.13137 6
      vertex 4.02598 6.26937 18
      vertex 3.86863 6.13137 18
    endloop
  endfacet
  facet normal 0.659367 -0.751821 0
    outer loop
      vertex 4.02598 6.26937 18
      vertex 3.86863 6.13137 6
      vertex 4.02598 6.26937 6
    endloop
  endfacet
  facet normal 0.659367 -0.751821 0
    outer loop
      vertex 3.86863 6.13137 0
      vertex 4.02598 6.26937 1
      vertex 3.86863 6.13137 1
    endloop
  endfacet
  facet normal 0.659367 -0.751821 0
    outer loop
      vertex 4.02598 6.26937 1
      vertex 3.86863 6.13137 0
      vertex 4.02598 6.26937 0
    endloop
  endfacet
  facet normal -0.442295 -0.89687 0
    outer loop
      vertex 5.61229 6.47821 6.02084
      vertex 5.8 6.38564 18
      vertex 5.61229 6.47821 18
    endloop
  endfacet
  facet normal -0.442292 -0.896871 2.94767e-05
    outer loop
      vertex 5.8 6.38564 6
      vertex 5.61229 6.47821 6.02084
      vertex 5.70291 6.43352 6
    endloop
  endfacet
  facet normal -0.442295 -0.89687 0
    outer loop
      vertex 5.61229 6.47821 6.02084
      vertex 5.8 6.38564 6
      vertex 5.8 6.38564 18
    endloop
  endfacet
  facet normal -0.442295 -0.89687 0
    outer loop
      vertex 5.61229 6.47821 0
      vertex 5.8 6.38564 1
      vertex 5.61229 6.47821 1
    endloop
  endfacet
  facet normal -0.442295 -0.89687 -0
    outer loop
      vertex 5.8 6.38564 1
      vertex 5.61229 6.47821 0
      vertex 5.8 6.38564 0
    endloop
  endfacet
  facet normal 0.89687 -0.442295 0
    outer loop
      vertex 3.52179 5.61229 18
      vertex 3.61436 5.8 6
      vertex 3.61436 5.8 18
    endloop
  endfacet
  facet normal 0.89687 -0.442295 0
    outer loop
      vertex 3.61436 5.8 6
      vertex 3.52179 5.61229 18
      vertex 3.52179 5.61229 6
    endloop
  endfacet
  facet normal 0.89687 -0.442295 0
    outer loop
      vertex 3.52179 5.61229 1
      vertex 3.61436 5.8 0
      vertex 3.61436 5.8 1
    endloop
  endfacet
  facet normal 0.89687 -0.442295 0
    outer loop
      vertex 3.61436 5.8 0
      vertex 3.52179 5.61229 1
      vertex 3.52179 5.61229 0
    endloop
  endfacet
  facet normal 0.946935 0.321426 0
    outer loop
      vertex 3.52179 4.38771 18
      vertex 3.45452 4.58589 6
      vertex 3.45452 4.58589 18
    endloop
  endfacet
  facet normal 0.946935 0.321426 0
    outer loop
      vertex 3.45452 4.58589 6
      vertex 3.52179 4.38771 18
      vertex 3.52179 4.38771 6
    endloop
  endfacet
  facet normal 0.946935 0.321426 0
    outer loop
      vertex 3.52179 4.38771 1
      vertex 3.45452 4.58589 0
      vertex 3.45452 4.58589 1
    endloop
  endfacet
  facet normal 0.946935 0.321426 0
    outer loop
      vertex 3.45452 4.58589 0
      vertex 3.52179 4.38771 1
      vertex 3.52179 4.38771 0
    endloop
  endfacet
  facet normal 0.659341 0.751844 -0.00036845
    outer loop
      vertex 4.02598 3.73063 17.9802
      vertex 3.86863 3.86863 18
      vertex 3.97746 3.77319 18
    endloop
  endfacet
  facet normal 0.659367 0.751821 0
    outer loop
      vertex 3.86863 3.86863 6
      vertex 4.02598 3.73063 17.9802
      vertex 4.02598 3.73063 6
    endloop
  endfacet
  facet normal 0.659367 0.751821 0
    outer loop
      vertex 4.02598 3.73063 17.9802
      vertex 3.86863 3.86863 6
      vertex 3.86863 3.86863 18
    endloop
  endfacet
  facet normal 0.659367 0.751821 -0
    outer loop
      vertex 4.02598 3.73063 0
      vertex 3.86863 3.86863 1
      vertex 4.02598 3.73063 1
    endloop
  endfacet
  facet normal 0.659367 0.751821 0
    outer loop
      vertex 3.86863 3.86863 1
      vertex 4.02598 3.73063 0
      vertex 3.86863 3.86863 0
    endloop
  endfacet
  facet normal 0.555549 0.831484 -0
    outer loop
      vertex 4.2 3.61436 0
      vertex 4.02598 3.73063 1
      vertex 4.2 3.61436 1
    endloop
  endfacet
  facet normal 0.555549 0.831484 0
    outer loop
      vertex 4.02598 3.73063 1
      vertex 4.2 3.61436 0
      vertex 4.02598 3.73063 0
    endloop
  endfacet
  facet normal 0.555549 0.831484 0
    outer loop
      vertex 4.02598 3.73063 6
      vertex 4.2 3.61436 17.9259
      vertex 4.2 3.61436 6
    endloop
  endfacet
  facet normal 0.555549 0.831484 0
    outer loop
      vertex 4.2 3.61436 17.9259
      vertex 4.02598 3.73063 6
      vertex 4.02598 3.73063 17.9802
    endloop
  endfacet
  facet normal -0.659341 0.751844 -0.00036845
    outer loop
      vertex 6.13137 3.86863 18
      vertex 5.97402 3.73063 17.9802
      vertex 6.02254 3.77319 18
    endloop
  endfacet
  facet normal -0.659367 0.751821 0
    outer loop
      vertex 6.13137 3.86863 6
      vertex 5.97402 3.73063 17.9802
      vertex 6.13137 3.86863 18
    endloop
  endfacet
  facet normal -0.659367 0.751821 0
    outer loop
      vertex 5.97402 3.73063 17.9802
      vertex 6.13137 3.86863 6
      vertex 5.97402 3.73063 6
    endloop
  endfacet
  facet normal -0.659367 0.751821 0
    outer loop
      vertex 6.13137 3.86863 0
      vertex 5.97402 3.73063 1
      vertex 6.13137 3.86863 1
    endloop
  endfacet
  facet normal -0.659367 0.751821 0
    outer loop
      vertex 5.97402 3.73063 1
      vertex 6.13137 3.86863 0
      vertex 5.97402 3.73063 0
    endloop
  endfacet
  facet normal 0.0654122 0.997858 -0
    outer loop
      vertex 5 3.4 0
      vertex 4.79116 3.41369 1
      vertex 5 3.4 1
    endloop
  endfacet
  facet normal 0.0654122 0.997858 0
    outer loop
      vertex 4.79116 3.41369 1
      vertex 5 3.4 0
      vertex 4.79116 3.41369 0
    endloop
  endfacet
  facet normal 0.0654122 0.997858 0
    outer loop
      vertex 4.79116 3.41369 6
      vertex 5 3.4 17.826
      vertex 5 3.4 6
    endloop
  endfacet
  facet normal 0.0654122 0.997858 0
    outer loop
      vertex 5 3.4 17.826
      vertex 4.79116 3.41369 6
      vertex 4.79116 3.41369 17.8324
    endloop
  endfacet
  facet normal 0 0 -1
    outer loop
      vertex 6.58631 4.79116 18
      vertex 6.58631 5.20884 18
      vertex 6.6 5 18
    endloop
  endfacet
  facet normal 0 0 -1
    outer loop
      vertex 6.54548 4.58589 18
      vertex 6.58631 5.20884 18
      vertex 6.58631 4.79116 18
    endloop
  endfacet
  facet normal 0 0 -1
    outer loop
      vertex 6.54548 4.58589 18
      vertex 6.54548 5.41411 18
      vertex 6.58631 5.20884 18
    endloop
  endfacet
  facet normal 0 0 -1
    outer loop
      vertex 6.47821 4.38771 18
      vertex 6.54548 5.41411 18
      vertex 6.54548 4.58589 18
    endloop
  endfacet
  facet normal 0 0 -1
    outer loop
      vertex 6.47821 4.38771 18
      vertex 6.47821 5.61229 18
      vertex 6.54548 5.41411 18
    endloop
  endfacet
  facet normal 0 0 -1
    outer loop
      vertex 6.38564 4.2 18
      vertex 6.47821 5.61229 18
      vertex 6.47821 4.38771 18
    endloop
  endfacet
  facet normal 0 0 -1
    outer loop
      vertex 6.38564 4.2 18
      vertex 6.38564 5.8 18
      vertex 6.47821 5.61229 18
    endloop
  endfacet
  facet normal 0 0 -1
    outer loop
      vertex 6.26937 4.02598 18
      vertex 6.38564 5.8 18
      vertex 6.38564 4.2 18
    endloop
  endfacet
  facet normal 0 0 -1
    outer loop
      vertex 6.26937 4.02598 18
      vertex 6.26937 5.97402 18
      vertex 6.38564 5.8 18
    endloop
  endfacet
  facet normal 0 0 -1
    outer loop
      vertex 6.02254 3.77319 18
      vertex 6.26937 4.02598 18
      vertex 6.13137 3.86863 18
    endloop
  endfacet
  facet normal -0 0 -1
    outer loop
      vertex 6.26937 4.02598 18
      vertex 6.02254 3.77319 18
      vertex 6.26937 5.97402 18
    endloop
  endfacet
  facet normal -0 0 -1
    outer loop
      vertex 6.26937 5.97402 18
      vertex 6.02254 3.77319 18
      vertex 6.13137 6.13137 18
    endloop
  endfacet
  facet normal 0 0 -1
    outer loop
      vertex 6.02254 3.77319 18
      vertex 5.97402 6.26937 18
      vertex 6.13137 6.13137 18
    endloop
  endfacet
  facet normal 0 0 -1
    outer loop
      vertex 6.02254 3.77319 18
      vertex 5.8 6.38564 18
      vertex 5.97402 6.26937 18
    endloop
  endfacet
  facet normal 0 0 -1
    outer loop
      vertex 6.02254 3.77319 18
      vertex 5.61229 6.47821 18
      vertex 5.8 6.38564 18
    endloop
  endfacet
  facet normal 0 0 -1
    outer loop
      vertex 6.02254 3.77319 18
      vertex 5.41411 6.54548 18
      vertex 5.61229 6.47821 18
    endloop
  endfacet
  facet normal 0 0 -1
    outer loop
      vertex 6.02254 3.77319 18
      vertex 5.20884 6.58631 18
      vertex 5.41411 6.54548 18
    endloop
  endfacet
  facet normal 0 0 -1
    outer loop
      vertex 6.02254 3.77319 18
      vertex 5 6.6 18
      vertex 5.20884 6.58631 18
    endloop
  endfacet
  facet normal 0 0 -1
    outer loop
      vertex 6.02254 3.77319 18
      vertex 4.79116 6.58631 18
      vertex 5 6.6 18
    endloop
  endfacet
  facet normal 0 0 -1
    outer loop
      vertex 6.02254 3.77319 18
      vertex 4.58589 6.54548 18
      vertex 4.79116 6.58631 18
    endloop
  endfacet
  facet normal 0 0 -1
    outer loop
      vertex 6.02254 3.77319 18
      vertex 4.38771 6.47821 18
      vertex 4.58589 6.54548 18
    endloop
  endfacet
  facet normal 0 0 -1
    outer loop
      vertex 6.02254 3.77319 18
      vertex 4.2 6.38564 18
      vertex 4.38771 6.47821 18
    endloop
  endfacet
  facet normal 0 0 -1
    outer loop
      vertex 6.02254 3.77319 18
      vertex 4.02598 6.26937 18
      vertex 4.2 6.38564 18
    endloop
  endfacet
  facet normal 0 0 -1
    outer loop
      vertex 3.97746 3.77319 18
      vertex 4.02598 6.26937 18
      vertex 6.02254 3.77319 18
    endloop
  endfacet
  facet normal 0 0 -1
    outer loop
      vertex 3.73063 4.02598 18
      vertex 3.97746 3.77319 18
      vertex 3.86863 3.86863 18
    endloop
  endfacet
  facet normal 0 0 -1
    outer loop
      vertex 3.97746 3.77319 18
      vertex 3.86863 6.13137 18
      vertex 4.02598 6.26937 18
    endloop
  endfacet
  facet normal 0 0 -1
    outer loop
      vertex 3.97746 3.77319 18
      vertex 3.73063 4.02598 18
      vertex 3.86863 6.13137 18
    endloop
  endfacet
  facet normal 0 0 -1
    outer loop
      vertex 3.73063 4.02598 18
      vertex 3.73063 5.97402 18
      vertex 3.86863 6.13137 18
    endloop
  endfacet
  facet normal 0 0 -1
    outer loop
      vertex 3.61436 4.2 18
      vertex 3.73063 5.97402 18
      vertex 3.73063 4.02598 18
    endloop
  endfacet
  facet normal 0 0 -1
    outer loop
      vertex 3.61436 4.2 18
      vertex 3.61436 5.8 18
      vertex 3.73063 5.97402 18
    endloop
  endfacet
  facet normal 0 0 -1
    outer loop
      vertex 3.52179 4.38771 18
      vertex 3.61436 5.8 18
      vertex 3.61436 4.2 18
    endloop
  endfacet
  facet normal 0 0 -1
    outer loop
      vertex 3.52179 4.38771 18
      vertex 3.52179 5.61229 18
      vertex 3.61436 5.8 18
    endloop
  endfacet
  facet normal 0 0 -1
    outer loop
      vertex 3.45452 4.58589 18
      vertex 3.52179 5.61229 18
      vertex 3.52179 4.38771 18
    endloop
  endfacet
  facet normal 0 0 -1
    outer loop
      vertex 3.45452 4.58589 18
      vertex 3.45452 5.41411 18
      vertex 3.52179 5.61229 18
    endloop
  endfacet
  facet normal 0 0 -1
    outer loop
      vertex 3.41369 4.79116 18
      vertex 3.45452 5.41411 18
      vertex 3.45452 4.58589 18
    endloop
  endfacet
  facet normal 0 0 -1
    outer loop
      vertex 3.41369 4.79116 18
      vertex 3.41369 5.20884 18
      vertex 3.45452 5.41411 18
    endloop
  endfacet
  facet normal 0 -0 -1
    outer loop
      vertex 3.41369 5.20884 18
      vertex 3.41369 4.79116 18
      vertex 3.4 5 18
    endloop
  endfacet
  facet normal -0.980813 -0.194949 0
    outer loop
      vertex 27.5863 5.20884 6
      vertex 27.5455 5.41411 18
      vertex 27.5455 5.41411 6
    endloop
  endfacet
  facet normal -0.980813 -0.194949 0
    outer loop
      vertex 27.5455 5.41411 18
      vertex 27.5863 5.20884 6
      vertex 27.5863 5.20884 18
    endloop
  endfacet
  facet normal -0.980813 -0.194949 0
    outer loop
      vertex 27.5863 5.20884 0
      vertex 27.5455 5.41411 1
      vertex 27.5455 5.41411 0
    endloop
  endfacet
  facet normal -0.980813 -0.194949 0
    outer loop
      vertex 27.5455 5.41411 1
      vertex 27.5863 5.20884 0
      vertex 27.5863 5.20884 1
    endloop
  endfacet
  facet normal -0.997855 -0.0654598 0
    outer loop
      vertex 27.6 5 6
      vertex 27.5863 5.20884 18
      vertex 27.5863 5.20884 6
    endloop
  endfacet
  facet normal -0.997855 -0.0654598 0
    outer loop
      vertex 27.5863 5.20884 18
      vertex 27.6 5 6
      vertex 27.6 5 18
    endloop
  endfacet
  facet normal -0.997855 -0.0654598 0
    outer loop
      vertex 27.6 5 0
      vertex 27.5863 5.20884 1
      vertex 27.5863 5.20884 0
    endloop
  endfacet
  facet normal -0.997855 -0.0654598 0
    outer loop
      vertex 27.5863 5.20884 1
      vertex 27.6 5 0
      vertex 27.6 5 1
    endloop
  endfacet
  facet normal -0.946891 -0.321555 0
    outer loop
      vertex 27.5455 5.41411 6
      vertex 27.4782 5.61229 18
      vertex 27.4782 5.61229 6
    endloop
  endfacet
  facet normal -0.946891 -0.321555 0
    outer loop
      vertex 27.4782 5.61229 18
      vertex 27.5455 5.41411 6
      vertex 27.5455 5.41411 18
    endloop
  endfacet
  facet normal -0.946891 -0.321555 0
    outer loop
      vertex 27.5455 5.41411 0
      vertex 27.4782 5.61229 1
      vertex 27.4782 5.61229 0
    endloop
  endfacet
  facet normal -0.946891 -0.321555 0
    outer loop
      vertex 27.4782 5.61229 1
      vertex 27.5455 5.41411 0
      vertex 27.5455 5.41411 1
    endloop
  endfacet
  facet normal -0.831638 -0.555318 0
    outer loop
      vertex 27.3856 5.8 6
      vertex 27.2694 5.97402 18
      vertex 27.2694 5.97402 6
    endloop
  endfacet
  facet normal -0.831638 -0.555318 0
    outer loop
      vertex 27.2694 5.97402 18
      vertex 27.3856 5.8 6
      vertex 27.3856 5.8 18
    endloop
  endfacet
  facet normal -0.831638 -0.555318 0
    outer loop
      vertex 27.3856 5.8 0
      vertex 27.2694 5.97402 1
      vertex 27.2694 5.97402 0
    endloop
  endfacet
  facet normal -0.831638 -0.555318 0
    outer loop
      vertex 27.2694 5.97402 1
      vertex 27.3856 5.8 0
      vertex 27.3856 5.8 1
    endloop
  endfacet
  facet normal 0.946891 0.321555 0
    outer loop
      vertex 24.5218 4.38771 18
      vertex 24.4545 4.58589 6
      vertex 24.4545 4.58589 18
    endloop
  endfacet
  facet normal 0.946891 0.321555 0
    outer loop
      vertex 24.4545 4.58589 6
      vertex 24.5218 4.38771 18
      vertex 24.5218 4.38771 6
    endloop
  endfacet
  facet normal 0.946891 0.321555 0
    outer loop
      vertex 24.5218 4.38771 1
      vertex 24.4545 4.58589 0
      vertex 24.4545 4.58589 1
    endloop
  endfacet
  facet normal 0.946891 0.321555 0
    outer loop
      vertex 24.4545 4.58589 0
      vertex 24.5218 4.38771 1
      vertex 24.5218 4.38771 0
    endloop
  endfacet
  facet normal -0.555593 -0.831454 0
    outer loop
      vertex 26.8 6.38564 6
      vertex 26.974 6.26937 18
      vertex 26.8 6.38564 18
    endloop
  endfacet
  facet normal -0.555593 -0.831454 -0
    outer loop
      vertex 26.974 6.26937 18
      vertex 26.8 6.38564 6
      vertex 26.974 6.26937 6
    endloop
  endfacet
  facet normal -0.555593 -0.831454 0
    outer loop
      vertex 26.8 6.38564 0
      vertex 26.974 6.26937 1
      vertex 26.8 6.38564 1
    endloop
  endfacet
  facet normal -0.555593 -0.831454 -0
    outer loop
      vertex 26.974 6.26937 1
      vertex 26.8 6.38564 0
      vertex 26.974 6.26937 0
    endloop
  endfacet
  facet normal -0.980813 0.194949 0
    outer loop
      vertex 27.5455 4.58589 6
      vertex 27.5863 4.79116 18
      vertex 27.5863 4.79116 6
    endloop
  endfacet
  facet normal -0.980813 0.194949 0
    outer loop
      vertex 27.5863 4.79116 18
      vertex 27.5455 4.58589 6
      vertex 27.5455 4.58589 18
    endloop
  endfacet
  facet normal -0.980813 0.194949 0
    outer loop
      vertex 27.5455 4.58589 0
      vertex 27.5863 4.79116 1
      vertex 27.5863 4.79116 0
    endloop
  endfacet
  facet normal -0.980813 0.194949 0
    outer loop
      vertex 27.5863 4.79116 1
      vertex 27.5455 4.58589 0
      vertex 27.5455 4.58589 1
    endloop
  endfacet
  facet normal 0.555593 -0.831454 0
    outer loop
      vertex 25.026 6.26937 6
      vertex 25.2 6.38564 18
      vertex 25.026 6.26937 18
    endloop
  endfacet
  facet normal 0.555593 -0.831454 0
    outer loop
      vertex 25.2 6.38564 18
      vertex 25.026 6.26937 6
      vertex 25.2 6.38564 6
    endloop
  endfacet
  facet normal 0.555593 -0.831454 0
    outer loop
      vertex 25.026 6.26937 0
      vertex 25.2 6.38564 1
      vertex 25.026 6.26937 1
    endloop
  endfacet
  facet normal 0.555593 -0.831454 0
    outer loop
      vertex 25.2 6.38564 1
      vertex 25.026 6.26937 0
      vertex 25.2 6.38564 0
    endloop
  endfacet
  facet normal -0.321397 -0.946944 0
    outer loop
      vertex 26.4141 6.54548 6.05221
      vertex 26.6123 6.47821 18
      vertex 26.4141 6.54548 18
    endloop
  endfacet
  facet normal -0.321397 -0.946944 -0
    outer loop
      vertex 26.6123 6.47821 18
      vertex 26.4141 6.54548 6.05221
      vertex 26.6123 6.47821 6.02084
    endloop
  endfacet
  facet normal -0.321397 -0.946944 0
    outer loop
      vertex 26.4141 6.54548 0
      vertex 26.6123 6.47821 1
      vertex 26.4141 6.54548 1
    endloop
  endfacet
  facet normal -0.321397 -0.946944 -0
    outer loop
      vertex 26.6123 6.47821 1
      vertex 26.4141 6.54548 0
      vertex 26.6123 6.47821 0
    endloop
  endfacet
  facet normal -0.946891 0.321555 0
    outer loop
      vertex 27.4782 4.38771 6
      vertex 27.5455 4.58589 18
      vertex 27.5455 4.58589 6
    endloop
  endfacet
  facet normal -0.946891 0.321555 0
    outer loop
      vertex 27.5455 4.58589 18
      vertex 27.4782 4.38771 6
      vertex 27.4782 4.38771 18
    endloop
  endfacet
  facet normal -0.946891 0.321555 0
    outer loop
      vertex 27.4782 4.38771 0
      vertex 27.5455 4.58589 1
      vertex 27.5455 4.58589 0
    endloop
  endfacet
  facet normal -0.946891 0.321555 0
    outer loop
      vertex 27.5455 4.58589 1
      vertex 27.4782 4.38771 0
      vertex 27.4782 4.38771 1
    endloop
  endfacet
  facet normal -0.442314 0.89686 0
    outer loop
      vertex 26.8 3.61436 0
      vertex 26.6123 3.52179 1
      vertex 26.8 3.61436 1
    endloop
  endfacet
  facet normal -0.442314 0.89686 0
    outer loop
      vertex 26.6123 3.52179 1
      vertex 26.8 3.61436 0
      vertex 26.6123 3.52179 0
    endloop
  endfacet
  facet normal -0.442314 0.89686 0
    outer loop
      vertex 26.8 3.61436 6
      vertex 26.6123 3.52179 17.8828
      vertex 26.8 3.61436 17.9259
    endloop
  endfacet
  facet normal -0.442314 0.89686 0
    outer loop
      vertex 26.6123 3.52179 17.8828
      vertex 26.8 3.61436 6
      vertex 26.6123 3.52179 6
    endloop
  endfacet
  facet normal 0.659248 -0.751925 0
    outer loop
      vertex 24.8686 6.13137 6
      vertex 25.026 6.26937 18
      vertex 24.8686 6.13137 18
    endloop
  endfacet
  facet normal 0.659248 -0.751925 0
    outer loop
      vertex 25.026 6.26937 18
      vertex 24.8686 6.13137 6
      vertex 25.026 6.26937 6
    endloop
  endfacet
  facet normal 0.659248 -0.751925 0
    outer loop
      vertex 24.8686 6.13137 0
      vertex 25.026 6.26937 1
      vertex 24.8686 6.13137 1
    endloop
  endfacet
  facet normal 0.659248 -0.751925 0
    outer loop
      vertex 25.026 6.26937 1
      vertex 24.8686 6.13137 0
      vertex 25.026 6.26937 0
    endloop
  endfacet
  facet normal -0.896813 -0.44241 0
    outer loop
      vertex 27.4782 5.61229 6
      vertex 27.3856 5.8 18
      vertex 27.3856 5.8 6
    endloop
  endfacet
  facet normal -0.896813 -0.44241 0
    outer loop
      vertex 27.3856 5.8 18
      vertex 27.4782 5.61229 6
      vertex 27.4782 5.61229 18
    endloop
  endfacet
  facet normal -0.896813 -0.44241 0
    outer loop
      vertex 27.4782 5.61229 0
      vertex 27.3856 5.8 1
      vertex 27.3856 5.8 0
    endloop
  endfacet
  facet normal -0.896813 -0.44241 0
    outer loop
      vertex 27.3856 5.8 1
      vertex 27.4782 5.61229 0
      vertex 27.4782 5.61229 1
    endloop
  endfacet
  facet normal 0.195059 -0.980791 0
    outer loop
      vertex 25.5859 6.54548 18
      vertex 25.7912 6.58631 6.07125
      vertex 25.7912 6.58631 18
    endloop
  endfacet
  facet normal 0.195059 -0.980791 0
    outer loop
      vertex 25.7912 6.58631 6.07125
      vertex 25.5859 6.54548 18
      vertex 25.5859 6.54548 6.05221
    endloop
  endfacet
  facet normal 0.195059 -0.980791 0
    outer loop
      vertex 25.5859 6.54548 0
      vertex 25.7912 6.58631 1
      vertex 25.5859 6.54548 1
    endloop
  endfacet
  facet normal 0.195059 -0.980791 0
    outer loop
      vertex 25.7912 6.58631 1
      vertex 25.5859 6.54548 0
      vertex 25.7912 6.58631 0
    endloop
  endfacet
  facet normal -0.831638 0.555318 0
    outer loop
      vertex 27.2694 4.02598 6
      vertex 27.3856 4.2 18
      vertex 27.3856 4.2 6
    endloop
  endfacet
  facet normal -0.831638 0.555318 0
    outer loop
      vertex 27.3856 4.2 18
      vertex 27.2694 4.02598 6
      vertex 27.2694 4.02598 18
    endloop
  endfacet
  facet normal -0.831638 0.555318 0
    outer loop
      vertex 27.2694 4.02598 0
      vertex 27.3856 4.2 1
      vertex 27.3856 4.2 0
    endloop
  endfacet
  facet normal -0.831638 0.555318 0
    outer loop
      vertex 27.3856 4.2 1
      vertex 27.2694 4.02598 0
      vertex 27.2694 4.02598 1
    endloop
  endfacet
  facet normal -0.0654247 0.997858 0
    outer loop
      vertex 26.2088 3.41369 0
      vertex 26 3.4 1
      vertex 26.2088 3.41369 1
    endloop
  endfacet
  facet normal -0.0654247 0.997858 0
    outer loop
      vertex 26 3.4 1
      vertex 26.2088 3.41369 0
      vertex 26 3.4 0
    endloop
  endfacet
  facet normal -0.0654247 0.997858 0
    outer loop
      vertex 26.2088 3.41369 6
      vertex 26 3.4 17.826
      vertex 26.2088 3.41369 17.8324
    endloop
  endfacet
  facet normal -0.0654247 0.997858 0
    outer loop
      vertex 26 3.4 17.826
      vertex 26.2088 3.41369 6
      vertex 26 3.4 6
    endloop
  endfacet
  facet normal 0.896813 0.44241 0
    outer loop
      vertex 24.6144 4.2 18
      vertex 24.5218 4.38771 6
      vertex 24.5218 4.38771 18
    endloop
  endfacet
  facet normal 0.896813 0.44241 0
    outer loop
      vertex 24.5218 4.38771 6
      vertex 24.6144 4.2 18
      vertex 24.6144 4.2 6
    endloop
  endfacet
  facet normal 0.896813 0.44241 0
    outer loop
      vertex 24.6144 4.2 1
      vertex 24.5218 4.38771 0
      vertex 24.5218 4.38771 1
    endloop
  endfacet
  facet normal 0.896813 0.44241 0
    outer loop
      vertex 24.5218 4.38771 0
      vertex 24.6144 4.2 1
      vertex 24.6144 4.2 0
    endloop
  endfacet
  facet normal -0.442314 -0.89686 0
    outer loop
      vertex 26.6123 6.47821 6.02084
      vertex 26.8 6.38564 18
      vertex 26.6123 6.47821 18
    endloop
  endfacet
  facet normal -0.442256 -0.896889 0.00065198
    outer loop
      vertex 26.8 6.38564 6
      vertex 26.6123 6.47821 6.02084
      vertex 26.7029 6.43352 6
    endloop
  endfacet
  facet normal -0.442314 -0.89686 0
    outer loop
      vertex 26.6123 6.47821 6.02084
      vertex 26.8 6.38564 6
      vertex 26.8 6.38564 18
    endloop
  endfacet
  facet normal -0.442314 -0.89686 0
    outer loop
      vertex 26.6123 6.47821 0
      vertex 26.8 6.38564 1
      vertex 26.6123 6.47821 1
    endloop
  endfacet
  facet normal -0.442314 -0.89686 -0
    outer loop
      vertex 26.8 6.38564 1
      vertex 26.6123 6.47821 0
      vertex 26.8 6.38564 0
    endloop
  endfacet
  facet normal 0.321397 0.946944 -0
    outer loop
      vertex 25.5859 3.45452 0
      vertex 25.3877 3.52179 1
      vertex 25.5859 3.45452 1
    endloop
  endfacet
  facet normal 0.321397 0.946944 0
    outer loop
      vertex 25.3877 3.52179 1
      vertex 25.5859 3.45452 0
      vertex 25.3877 3.52179 0
    endloop
  endfacet
  facet normal 0.321397 0.946944 0
    outer loop
      vertex 25.3877 3.52179 6
      vertex 25.5859 3.45452 17.8514
      vertex 25.5859 3.45452 6
    endloop
  endfacet
  facet normal 0.321397 0.946944 0
    outer loop
      vertex 25.5859 3.45452 17.8514
      vertex 25.3877 3.52179 6
      vertex 25.3877 3.52179 17.8828
    endloop
  endfacet
  facet normal 0.442314 -0.89686 0
    outer loop
      vertex 25.2 6.38564 18
      vertex 25.3877 6.47821 6.02084
      vertex 25.3877 6.47821 18
    endloop
  endfacet
  facet normal 0.442314 -0.89686 0
    outer loop
      vertex 25.2 6.38564 6
      vertex 25.3877 6.47821 6.02084
      vertex 25.2 6.38564 18
    endloop
  endfacet
  facet normal 0.442256 -0.896889 0.00065198
    outer loop
      vertex 25.3877 6.47821 6.02084
      vertex 25.2 6.38564 6
      vertex 25.2971 6.43352 6
    endloop
  endfacet
  facet normal 0.442314 -0.89686 0
    outer loop
      vertex 25.2 6.38564 0
      vertex 25.3877 6.47821 1
      vertex 25.2 6.38564 1
    endloop
  endfacet
  facet normal 0.442314 -0.89686 0
    outer loop
      vertex 25.3877 6.47821 1
      vertex 25.2 6.38564 0
      vertex 25.3877 6.47821 0
    endloop
  endfacet
  facet normal 0.442314 0.89686 -0
    outer loop
      vertex 25.3877 3.52179 0
      vertex 25.2 3.61436 1
      vertex 25.3877 3.52179 1
    endloop
  endfacet
  facet normal 0.442314 0.89686 0
    outer loop
      vertex 25.2 3.61436 1
      vertex 25.3877 3.52179 0
      vertex 25.2 3.61436 0
    endloop
  endfacet
  facet normal 0.442314 0.89686 0
    outer loop
      vertex 25.2 3.61436 6
      vertex 25.3877 3.52179 17.8828
      vertex 25.3877 3.52179 6
    endloop
  endfacet
  facet normal 0.442314 0.89686 0
    outer loop
      vertex 25.3877 3.52179 17.8828
      vertex 25.2 3.61436 6
      vertex 25.2 3.61436 17.9259
    endloop
  endfacet
  facet normal 0.980813 0.194949 0
    outer loop
      vertex 24.4545 4.58589 18
      vertex 24.4137 4.79116 6
      vertex 24.4137 4.79116 18
    endloop
  endfacet
  facet normal 0.980813 0.194949 0
    outer loop
      vertex 24.4137 4.79116 6
      vertex 24.4545 4.58589 18
      vertex 24.4545 4.58589 6
    endloop
  endfacet
  facet normal 0.980813 0.194949 0
    outer loop
      vertex 24.4545 4.58589 1
      vertex 24.4137 4.79116 0
      vertex 24.4137 4.79116 1
    endloop
  endfacet
  facet normal 0.980813 0.194949 0
    outer loop
      vertex 24.4137 4.79116 0
      vertex 24.4545 4.58589 1
      vertex 24.4545 4.58589 0
    endloop
  endfacet
  facet normal 0.555593 0.831454 -0
    outer loop
      vertex 25.2 3.61436 0
      vertex 25.026 3.73063 1
      vertex 25.2 3.61436 1
    endloop
  endfacet
  facet normal 0.555593 0.831454 0
    outer loop
      vertex 25.026 3.73063 1
      vertex 25.2 3.61436 0
      vertex 25.026 3.73063 0
    endloop
  endfacet
  facet normal 0.555593 0.831454 0
    outer loop
      vertex 25.026 3.73063 6
      vertex 25.2 3.61436 17.9259
      vertex 25.2 3.61436 6
    endloop
  endfacet
  facet normal 0.555593 0.831454 0
    outer loop
      vertex 25.2 3.61436 17.9259
      vertex 25.026 3.73063 6
      vertex 25.026 3.73063 17.9802
    endloop
  endfacet
  facet normal -0.195059 -0.980791 0
    outer loop
      vertex 26.2088 6.58631 6.07125
      vertex 26.4141 6.54548 18
      vertex 26.2088 6.58631 18
    endloop
  endfacet
  facet normal -0.195059 -0.980791 -0
    outer loop
      vertex 26.4141 6.54548 18
      vertex 26.2088 6.58631 6.07125
      vertex 26.4141 6.54548 6.05221
    endloop
  endfacet
  facet normal -0.195059 -0.980791 0
    outer loop
      vertex 26.2088 6.58631 0
      vertex 26.4141 6.54548 1
      vertex 26.2088 6.58631 1
    endloop
  endfacet
  facet normal -0.195059 -0.980791 -0
    outer loop
      vertex 26.4141 6.54548 1
      vertex 26.2088 6.58631 0
      vertex 26.4141 6.54548 0
    endloop
  endfacet
  facet normal -0.195059 0.980791 0
    outer loop
      vertex 26.4141 3.45452 0
      vertex 26.2088 3.41369 1
      vertex 26.4141 3.45452 1
    endloop
  endfacet
  facet normal -0.195059 0.980791 0
    outer loop
      vertex 26.2088 3.41369 1
      vertex 26.4141 3.45452 0
      vertex 26.2088 3.41369 0
    endloop
  endfacet
  facet normal -0.195059 0.980791 0
    outer loop
      vertex 26.4141 3.45452 6
      vertex 26.2088 3.41369 17.8324
      vertex 26.4141 3.45452 17.8514
    endloop
  endfacet
  facet normal -0.195059 0.980791 0
    outer loop
      vertex 26.2088 3.41369 17.8324
      vertex 26.4141 3.45452 6
      vertex 26.2088 3.41369 6
    endloop
  endfacet
  facet normal 0.751821 0.659367 0
    outer loop
      vertex 24.8686 3.86863 18
      vertex 24.7306 4.02598 6
      vertex 24.7306 4.02598 18
    endloop
  endfacet
  facet normal 0.751821 0.659367 0
    outer loop
      vertex 24.7306 4.02598 6
      vertex 24.8686 3.86863 18
      vertex 24.8686 3.86863 6
    endloop
  endfacet
  facet normal 0.751821 0.659367 0
    outer loop
      vertex 24.8686 3.86863 1
      vertex 24.7306 4.02598 0
      vertex 24.7306 4.02598 1
    endloop
  endfacet
  facet normal 0.751821 0.659367 0
    outer loop
      vertex 24.7306 4.02598 0
      vertex 24.8686 3.86863 1
      vertex 24.8686 3.86863 0
    endloop
  endfacet
  facet normal 0.751821 -0.659367 0
    outer loop
      vertex 24.7306 5.97402 18
      vertex 24.8686 6.13137 6
      vertex 24.8686 6.13137 18
    endloop
  endfacet
  facet normal 0.751821 -0.659367 0
    outer loop
      vertex 24.8686 6.13137 6
      vertex 24.7306 5.97402 18
      vertex 24.7306 5.97402 6
    endloop
  endfacet
  facet normal 0.751821 -0.659367 0
    outer loop
      vertex 24.7306 5.97402 1
      vertex 24.8686 6.13137 0
      vertex 24.8686 6.13137 1
    endloop
  endfacet
  facet normal 0.751821 -0.659367 0
    outer loop
      vertex 24.8686 6.13137 0
      vertex 24.7306 5.97402 1
      vertex 24.7306 5.97402 0
    endloop
  endfacet
  facet normal -0.997855 0.0654598 0
    outer loop
      vertex 27.5863 4.79116 6
      vertex 27.6 5 18
      vertex 27.6 5 6
    endloop
  endfacet
  facet normal -0.997855 0.0654598 0
    outer loop
      vertex 27.6 5 18
      vertex 27.5863 4.79116 6
      vertex 27.5863 4.79116 18
    endloop
  endfacet
  facet normal -0.997855 0.0654598 0
    outer loop
      vertex 27.5863 4.79116 0
      vertex 27.6 5 1
      vertex 27.6 5 0
    endloop
  endfacet
  facet normal -0.997855 0.0654598 0
    outer loop
      vertex 27.6 5 1
      vertex 27.5863 4.79116 0
      vertex 27.5863 4.79116 1
    endloop
  endfacet
  facet normal 0 0 -1
    outer loop
      vertex 27.5863 4.79116 18
      vertex 27.5863 5.20884 18
      vertex 27.6 5 18
    endloop
  endfacet
  facet normal 0 0 -1
    outer loop
      vertex 27.5455 4.58589 18
      vertex 27.5863 5.20884 18
      vertex 27.5863 4.79116 18
    endloop
  endfacet
  facet normal 0 0 -1
    outer loop
      vertex 27.5455 4.58589 18
      vertex 27.5455 5.41411 18
      vertex 27.5863 5.20884 18
    endloop
  endfacet
  facet normal 0 0 -1
    outer loop
      vertex 27.4782 4.38771 18
      vertex 27.5455 5.41411 18
      vertex 27.5455 4.58589 18
    endloop
  endfacet
  facet normal 0 0 -1
    outer loop
      vertex 27.4782 4.38771 18
      vertex 27.4782 5.61229 18
      vertex 27.5455 5.41411 18
    endloop
  endfacet
  facet normal 0 0 -1
    outer loop
      vertex 27.3856 4.2 18
      vertex 27.4782 5.61229 18
      vertex 27.4782 4.38771 18
    endloop
  endfacet
  facet normal 0 0 -1
    outer loop
      vertex 27.3856 4.2 18
      vertex 27.3856 5.8 18
      vertex 27.4782 5.61229 18
    endloop
  endfacet
  facet normal 0 0 -1
    outer loop
      vertex 27.2694 4.02598 18
      vertex 27.3856 5.8 18
      vertex 27.3856 4.2 18
    endloop
  endfacet
  facet normal 0 0 -1
    outer loop
      vertex 27.2694 4.02598 18
      vertex 27.2694 5.97402 18
      vertex 27.3856 5.8 18
    endloop
  endfacet
  facet normal 0 0 -1
    outer loop
      vertex 27.0225 3.77319 18
      vertex 27.2694 4.02598 18
      vertex 27.1314 3.86863 18
    endloop
  endfacet
  facet normal -0 0 -1
    outer loop
      vertex 27.2694 4.02598 18
      vertex 27.0225 3.77319 18
      vertex 27.2694 5.97402 18
    endloop
  endfacet
  facet normal -0 0 -1
    outer loop
      vertex 27.2694 5.97402 18
      vertex 27.0225 3.77319 18
      vertex 27.1314 6.13137 18
    endloop
  endfacet
  facet normal 0 0 -1
    outer loop
      vertex 27.0225 3.77319 18
      vertex 26.974 6.26937 18
      vertex 27.1314 6.13137 18
    endloop
  endfacet
  facet normal 0 0 -1
    outer loop
      vertex 27.0225 3.77319 18
      vertex 26.8 6.38564 18
      vertex 26.974 6.26937 18
    endloop
  endfacet
  facet normal 0 0 -1
    outer loop
      vertex 27.0225 3.77319 18
      vertex 26.6123 6.47821 18
      vertex 26.8 6.38564 18
    endloop
  endfacet
  facet normal 0 0 -1
    outer loop
      vertex 27.0225 3.77319 18
      vertex 26.4141 6.54548 18
      vertex 26.6123 6.47821 18
    endloop
  endfacet
  facet normal 0 0 -1
    outer loop
      vertex 27.0225 3.77319 18
      vertex 26.2088 6.58631 18
      vertex 26.4141 6.54548 18
    endloop
  endfacet
  facet normal 0 0 -1
    outer loop
      vertex 27.0225 3.77319 18
      vertex 26 6.6 18
      vertex 26.2088 6.58631 18
    endloop
  endfacet
  facet normal 0 0 -1
    outer loop
      vertex 27.0225 3.77319 18
      vertex 25.7912 6.58631 18
      vertex 26 6.6 18
    endloop
  endfacet
  facet normal 0 0 -1
    outer loop
      vertex 27.0225 3.77319 18
      vertex 25.5859 6.54548 18
      vertex 25.7912 6.58631 18
    endloop
  endfacet
  facet normal 0 0 -1
    outer loop
      vertex 27.0225 3.77319 18
      vertex 25.3877 6.47821 18
      vertex 25.5859 6.54548 18
    endloop
  endfacet
  facet normal 0 0 -1
    outer loop
      vertex 27.0225 3.77319 18
      vertex 25.2 6.38564 18
      vertex 25.3877 6.47821 18
    endloop
  endfacet
  facet normal 0 0 -1
    outer loop
      vertex 27.0225 3.77319 18
      vertex 25.026 6.26937 18
      vertex 25.2 6.38564 18
    endloop
  endfacet
  facet normal 0 0 -1
    outer loop
      vertex 24.9775 3.77319 18
      vertex 25.026 6.26937 18
      vertex 27.0225 3.77319 18
    endloop
  endfacet
  facet normal 0 0 -1
    outer loop
      vertex 24.7306 4.02598 18
      vertex 24.9775 3.77319 18
      vertex 24.8686 3.86863 18
    endloop
  endfacet
  facet normal 0 0 -1
    outer loop
      vertex 24.9775 3.77319 18
      vertex 24.8686 6.13137 18
      vertex 25.026 6.26937 18
    endloop
  endfacet
  facet normal 0 0 -1
    outer loop
      vertex 24.9775 3.77319 18
      vertex 24.7306 4.02598 18
      vertex 24.8686 6.13137 18
    endloop
  endfacet
  facet normal 0 0 -1
    outer loop
      vertex 24.7306 4.02598 18
      vertex 24.7306 5.97402 18
      vertex 24.8686 6.13137 18
    endloop
  endfacet
  facet normal 0 0 -1
    outer loop
      vertex 24.6144 4.2 18
      vertex 24.7306 5.97402 18
      vertex 24.7306 4.02598 18
    endloop
  endfacet
  facet normal 0 0 -1
    outer loop
      vertex 24.6144 4.2 18
      vertex 24.6144 5.8 18
      vertex 24.7306 5.97402 18
    endloop
  endfacet
  facet normal 0 0 -1
    outer loop
      vertex 24.5218 4.38771 18
      vertex 24.6144 5.8 18
      vertex 24.6144 4.2 18
    endloop
  endfacet
  facet normal 0 0 -1
    outer loop
      vertex 24.5218 4.38771 18
      vertex 24.5218 5.61229 18
      vertex 24.6144 5.8 18
    endloop
  endfacet
  facet normal 0 0 -1
    outer loop
      vertex 24.4545 4.58589 18
      vertex 24.5218 5.61229 18
      vertex 24.5218 4.38771 18
    endloop
  endfacet
  facet normal 0 0 -1
    outer loop
      vertex 24.4545 4.58589 18
      vertex 24.4545 5.41411 18
      vertex 24.5218 5.61229 18
    endloop
  endfacet
  facet normal 0 0 -1
    outer loop
      vertex 24.4137 4.79116 18
      vertex 24.4545 5.41411 18
      vertex 24.4545 4.58589 18
    endloop
  endfacet
  facet normal 0 0 -1
    outer loop
      vertex 24.4137 4.79116 18
      vertex 24.4137 5.20884 18
      vertex 24.4545 5.41411 18
    endloop
  endfacet
  facet normal 0 -0 -1
    outer loop
      vertex 24.4137 5.20884 18
      vertex 24.4137 4.79116 18
      vertex 24.4 5 18
    endloop
  endfacet
  facet normal 0.997855 0.0654598 0
    outer loop
      vertex 24.4137 4.79116 18
      vertex 24.4 5 6
      vertex 24.4 5 18
    endloop
  endfacet
  facet normal 0.997855 0.0654598 0
    outer loop
      vertex 24.4 5 6
      vertex 24.4137 4.79116 18
      vertex 24.4137 4.79116 6
    endloop
  endfacet
  facet normal 0.997855 0.0654598 0
    outer loop
      vertex 24.4137 4.79116 1
      vertex 24.4 5 0
      vertex 24.4 5 1
    endloop
  endfacet
  facet normal 0.997855 0.0654598 0
    outer loop
      vertex 24.4 5 0
      vertex 24.4137 4.79116 1
      vertex 24.4137 4.79116 0
    endloop
  endfacet
  facet normal -0.659099 0.752053 -0.00207317
    outer loop
      vertex 27.1314 3.86863 18
      vertex 26.974 3.73063 17.9802
      vertex 27.0225 3.77319 18
    endloop
  endfacet
  facet normal -0.659248 0.751925 0
    outer loop
      vertex 27.1314 3.86863 6
      vertex 26.974 3.73063 17.9802
      vertex 27.1314 3.86863 18
    endloop
  endfacet
  facet normal -0.659248 0.751925 0
    outer loop
      vertex 26.974 3.73063 17.9802
      vertex 27.1314 3.86863 6
      vertex 26.974 3.73063 6
    endloop
  endfacet
  facet normal -0.659248 0.751925 0
    outer loop
      vertex 27.1314 3.86863 0
      vertex 26.974 3.73063 1
      vertex 27.1314 3.86863 1
    endloop
  endfacet
  facet normal -0.659248 0.751925 0
    outer loop
      vertex 26.974 3.73063 1
      vertex 27.1314 3.86863 0
      vertex 26.974 3.73063 0
    endloop
  endfacet
  facet normal -0.321397 0.946944 0
    outer loop
      vertex 26.6123 3.52179 0
      vertex 26.4141 3.45452 1
      vertex 26.6123 3.52179 1
    endloop
  endfacet
  facet normal -0.321397 0.946944 0
    outer loop
      vertex 26.4141 3.45452 1
      vertex 26.6123 3.52179 0
      vertex 26.4141 3.45452 0
    endloop
  endfacet
  facet normal -0.321397 0.946944 0
    outer loop
      vertex 26.6123 3.52179 6
      vertex 26.4141 3.45452 17.8514
      vertex 26.6123 3.52179 17.8828
    endloop
  endfacet
  facet normal -0.321397 0.946944 0
    outer loop
      vertex 26.4141 3.45452 17.8514
      vertex 26.6123 3.52179 6
      vertex 26.4141 3.45452 6
    endloop
  endfacet
  facet normal -0.555593 0.831454 0
    outer loop
      vertex 26.974 3.73063 0
      vertex 26.8 3.61436 1
      vertex 26.974 3.73063 1
    endloop
  endfacet
  facet normal -0.555593 0.831454 0
    outer loop
      vertex 26.8 3.61436 1
      vertex 26.974 3.73063 0
      vertex 26.8 3.61436 0
    endloop
  endfacet
  facet normal -0.555593 0.831454 0
    outer loop
      vertex 26.974 3.73063 6
      vertex 26.8 3.61436 17.9259
      vertex 26.974 3.73063 17.9802
    endloop
  endfacet
  facet normal -0.555593 0.831454 0
    outer loop
      vertex 26.8 3.61436 17.9259
      vertex 26.974 3.73063 6
      vertex 26.8 3.61436 6
    endloop
  endfacet
  facet normal -0.751821 0.659367 0
    outer loop
      vertex 27.1314 3.86863 6
      vertex 27.2694 4.02598 18
      vertex 27.2694 4.02598 6
    endloop
  endfacet
  facet normal -0.751821 0.659367 0
    outer loop
      vertex 27.2694 4.02598 18
      vertex 27.1314 3.86863 6
      vertex 27.1314 3.86863 18
    endloop
  endfacet
  facet normal -0.751821 0.659367 0
    outer loop
      vertex 27.1314 3.86863 0
      vertex 27.2694 4.02598 1
      vertex 27.2694 4.02598 0
    endloop
  endfacet
  facet normal -0.751821 0.659367 0
    outer loop
      vertex 27.2694 4.02598 1
      vertex 27.1314 3.86863 0
      vertex 27.1314 3.86863 1
    endloop
  endfacet
  facet normal 0.831638 0.555318 0
    outer loop
      vertex 24.7306 4.02598 18
      vertex 24.6144 4.2 6
      vertex 24.6144 4.2 18
    endloop
  endfacet
  facet normal 0.831638 0.555318 0
    outer loop
      vertex 24.6144 4.2 6
      vertex 24.7306 4.02598 18
      vertex 24.7306 4.02598 6
    endloop
  endfacet
  facet normal 0.831638 0.555318 0
    outer loop
      vertex 24.7306 4.02598 1
      vertex 24.6144 4.2 0
      vertex 24.6144 4.2 1
    endloop
  endfacet
  facet normal 0.831638 0.555318 0
    outer loop
      vertex 24.6144 4.2 0
      vertex 24.7306 4.02598 1
      vertex 24.7306 4.02598 0
    endloop
  endfacet
  facet normal 0.0654247 0.997858 -0
    outer loop
      vertex 26 3.4 0
      vertex 25.7912 3.41369 1
      vertex 26 3.4 1
    endloop
  endfacet
  facet normal 0.0654247 0.997858 0
    outer loop
      vertex 25.7912 3.41369 1
      vertex 26 3.4 0
      vertex 25.7912 3.41369 0
    endloop
  endfacet
  facet normal 0.0654247 0.997858 0
    outer loop
      vertex 25.7912 3.41369 6
      vertex 26 3.4 17.826
      vertex 26 3.4 6
    endloop
  endfacet
  facet normal 0.0654247 0.997858 0
    outer loop
      vertex 26 3.4 17.826
      vertex 25.7912 3.41369 6
      vertex 25.7912 3.41369 17.8324
    endloop
  endfacet
  facet normal -0.896813 0.44241 0
    outer loop
      vertex 27.3856 4.2 6
      vertex 27.4782 4.38771 18
      vertex 27.4782 4.38771 6
    endloop
  endfacet
  facet normal -0.896813 0.44241 0
    outer loop
      vertex 27.4782 4.38771 18
      vertex 27.3856 4.2 6
      vertex 27.3856 4.2 18
    endloop
  endfacet
  facet normal -0.896813 0.44241 0
    outer loop
      vertex 27.3856 4.2 0
      vertex 27.4782 4.38771 1
      vertex 27.4782 4.38771 0
    endloop
  endfacet
  facet normal -0.896813 0.44241 0
    outer loop
      vertex 27.4782 4.38771 1
      vertex 27.3856 4.2 0
      vertex 27.3856 4.2 1
    endloop
  endfacet
  facet normal 0.0654247 -0.997858 0
    outer loop
      vertex 25.7912 6.58631 18
      vertex 26 6.6 6.07763
      vertex 26 6.6 18
    endloop
  endfacet
  facet normal 0.0654247 -0.997858 0
    outer loop
      vertex 26 6.6 6.07763
      vertex 25.7912 6.58631 18
      vertex 25.7912 6.58631 6.07125
    endloop
  endfacet
  facet normal 0.0654247 -0.997858 0
    outer loop
      vertex 25.7912 6.58631 0
      vertex 26 6.6 1
      vertex 25.7912 6.58631 1
    endloop
  endfacet
  facet normal 0.0654247 -0.997858 0
    outer loop
      vertex 26 6.6 1
      vertex 25.7912 6.58631 0
      vertex 26 6.6 0
    endloop
  endfacet
  facet normal 0.980813 -0.194949 0
    outer loop
      vertex 24.4137 5.20884 18
      vertex 24.4545 5.41411 6
      vertex 24.4545 5.41411 18
    endloop
  endfacet
  facet normal 0.980813 -0.194949 0
    outer loop
      vertex 24.4545 5.41411 6
      vertex 24.4137 5.20884 18
      vertex 24.4137 5.20884 6
    endloop
  endfacet
  facet normal 0.980813 -0.194949 0
    outer loop
      vertex 24.4137 5.20884 1
      vertex 24.4545 5.41411 0
      vertex 24.4545 5.41411 1
    endloop
  endfacet
  facet normal 0.980813 -0.194949 0
    outer loop
      vertex 24.4545 5.41411 0
      vertex 24.4137 5.20884 1
      vertex 24.4137 5.20884 0
    endloop
  endfacet
  facet normal 0.195059 0.980791 -0
    outer loop
      vertex 25.7912 3.41369 0
      vertex 25.5859 3.45452 1
      vertex 25.7912 3.41369 1
    endloop
  endfacet
  facet normal 0.195059 0.980791 0
    outer loop
      vertex 25.5859 3.45452 1
      vertex 25.7912 3.41369 0
      vertex 25.5859 3.45452 0
    endloop
  endfacet
  facet normal 0.195059 0.980791 0
    outer loop
      vertex 25.5859 3.45452 6
      vertex 25.7912 3.41369 17.8324
      vertex 25.7912 3.41369 6
    endloop
  endfacet
  facet normal 0.195059 0.980791 0
    outer loop
      vertex 25.7912 3.41369 17.8324
      vertex 25.5859 3.45452 6
      vertex 25.5859 3.45452 17.8514
    endloop
  endfacet
  facet normal 0.321397 -0.946944 0
    outer loop
      vertex 25.3877 6.47821 18
      vertex 25.5859 6.54548 6.05221
      vertex 25.5859 6.54548 18
    endloop
  endfacet
  facet normal 0.321397 -0.946944 0
    outer loop
      vertex 25.5859 6.54548 6.05221
      vertex 25.3877 6.47821 18
      vertex 25.3877 6.47821 6.02084
    endloop
  endfacet
  facet normal 0.321397 -0.946944 0
    outer loop
      vertex 25.3877 6.47821 0
      vertex 25.5859 6.54548 1
      vertex 25.3877 6.47821 1
    endloop
  endfacet
  facet normal 0.321397 -0.946944 0
    outer loop
      vertex 25.5859 6.54548 1
      vertex 25.3877 6.47821 0
      vertex 25.5859 6.54548 0
    endloop
  endfacet
  facet normal -0.659248 -0.751925 0
    outer loop
      vertex 26.974 6.26937 6
      vertex 27.1314 6.13137 18
      vertex 26.974 6.26937 18
    endloop
  endfacet
  facet normal -0.659248 -0.751925 -0
    outer loop
      vertex 27.1314 6.13137 18
      vertex 26.974 6.26937 6
      vertex 27.1314 6.13137 6
    endloop
  endfacet
  facet normal -0.659248 -0.751925 0
    outer loop
      vertex 26.974 6.26937 0
      vertex 27.1314 6.13137 1
      vertex 26.974 6.26937 1
    endloop
  endfacet
  facet normal -0.659248 -0.751925 -0
    outer loop
      vertex 27.1314 6.13137 1
      vertex 26.974 6.26937 0
      vertex 27.1314 6.13137 0
    endloop
  endfacet
  facet normal -0.0654247 -0.997858 0
    outer loop
      vertex 26 6.6 6.07763
      vertex 26.2088 6.58631 18
      vertex 26 6.6 18
    endloop
  endfacet
  facet normal -0.0654247 -0.997858 -0
    outer loop
      vertex 26.2088 6.58631 18
      vertex 26 6.6 6.07763
      vertex 26.2088 6.58631 6.07125
    endloop
  endfacet
  facet normal -0.0654247 -0.997858 0
    outer loop
      vertex 26 6.6 0
      vertex 26.2088 6.58631 1
      vertex 26 6.6 1
    endloop
  endfacet
  facet normal -0.0654247 -0.997858 -0
    outer loop
      vertex 26.2088 6.58631 1
      vertex 26 6.6 0
      vertex 26.2088 6.58631 0
    endloop
  endfacet
  facet normal 0.896813 -0.44241 0
    outer loop
      vertex 24.5218 5.61229 18
      vertex 24.6144 5.8 6
      vertex 24.6144 5.8 18
    endloop
  endfacet
  facet normal 0.896813 -0.44241 0
    outer loop
      vertex 24.6144 5.8 6
      vertex 24.5218 5.61229 18
      vertex 24.5218 5.61229 6
    endloop
  endfacet
  facet normal 0.896813 -0.44241 0
    outer loop
      vertex 24.5218 5.61229 1
      vertex 24.6144 5.8 0
      vertex 24.6144 5.8 1
    endloop
  endfacet
  facet normal 0.896813 -0.44241 0
    outer loop
      vertex 24.6144 5.8 0
      vertex 24.5218 5.61229 1
      vertex 24.5218 5.61229 0
    endloop
  endfacet
  facet normal -0.751821 -0.659367 0
    outer loop
      vertex 27.2694 5.97402 6
      vertex 27.1314 6.13137 18
      vertex 27.1314 6.13137 6
    endloop
  endfacet
  facet normal -0.751821 -0.659367 0
    outer loop
      vertex 27.1314 6.13137 18
      vertex 27.2694 5.97402 6
      vertex 27.2694 5.97402 18
    endloop
  endfacet
  facet normal -0.751821 -0.659367 0
    outer loop
      vertex 27.2694 5.97402 0
      vertex 27.1314 6.13137 1
      vertex 27.1314 6.13137 0
    endloop
  endfacet
  facet normal -0.751821 -0.659367 0
    outer loop
      vertex 27.1314 6.13137 1
      vertex 27.2694 5.97402 0
      vertex 27.2694 5.97402 1
    endloop
  endfacet
  facet normal 0.659099 0.752053 -0.00207317
    outer loop
      vertex 25.026 3.73063 17.9802
      vertex 24.8686 3.86863 18
      vertex 24.9775 3.77319 18
    endloop
  endfacet
  facet normal 0.659248 0.751925 0
    outer loop
      vertex 24.8686 3.86863 6
      vertex 25.026 3.73063 17.9802
      vertex 25.026 3.73063 6
    endloop
  endfacet
  facet normal 0.659248 0.751925 0
    outer loop
      vertex 25.026 3.73063 17.9802
      vertex 24.8686 3.86863 6
      vertex 24.8686 3.86863 18
    endloop
  endfacet
  facet normal 0.659248 0.751925 -0
    outer loop
      vertex 25.026 3.73063 0
      vertex 24.8686 3.86863 1
      vertex 25.026 3.73063 1
    endloop
  endfacet
  facet normal 0.659248 0.751925 0
    outer loop
      vertex 24.8686 3.86863 1
      vertex 25.026 3.73063 0
      vertex 24.8686 3.86863 0
    endloop
  endfacet
  facet normal 0.946891 -0.321555 0
    outer loop
      vertex 24.4545 5.41411 18
      vertex 24.5218 5.61229 6
      vertex 24.5218 5.61229 18
    endloop
  endfacet
  facet normal 0.946891 -0.321555 0
    outer loop
      vertex 24.5218 5.61229 6
      vertex 24.4545 5.41411 18
      vertex 24.4545 5.41411 6
    endloop
  endfacet
  facet normal 0.946891 -0.321555 0
    outer loop
      vertex 24.4545 5.41411 1
      vertex 24.5218 5.61229 0
      vertex 24.5218 5.61229 1
    endloop
  endfacet
  facet normal 0.946891 -0.321555 0
    outer loop
      vertex 24.5218 5.61229 0
      vertex 24.4545 5.41411 1
      vertex 24.4545 5.41411 0
    endloop
  endfacet
  facet normal 0.997855 -0.0654598 0
    outer loop
      vertex 24.4 5 18
      vertex 24.4137 5.20884 6
      vertex 24.4137 5.20884 18
    endloop
  endfacet
  facet normal 0.997855 -0.0654598 0
    outer loop
      vertex 24.4137 5.20884 6
      vertex 24.4 5 18
      vertex 24.4 5 6
    endloop
  endfacet
  facet normal 0.997855 -0.0654598 0
    outer loop
      vertex 24.4 5 1
      vertex 24.4137 5.20884 0
      vertex 24.4137 5.20884 1
    endloop
  endfacet
  facet normal 0.997855 -0.0654598 0
    outer loop
      vertex 24.4137 5.20884 0
      vertex 24.4 5 1
      vertex 24.4 5 0
    endloop
  endfacet
  facet normal 0.831638 -0.555318 0
    outer loop
      vertex 24.6144 5.8 18
      vertex 24.7306 5.97402 6
      vertex 24.7306 5.97402 18
    endloop
  endfacet
  facet normal 0.831638 -0.555318 0
    outer loop
      vertex 24.7306 5.97402 6
      vertex 24.6144 5.8 18
      vertex 24.6144 5.8 6
    endloop
  endfacet
  facet normal 0.831638 -0.555318 0
    outer loop
      vertex 24.6144 5.8 1
      vertex 24.7306 5.97402 0
      vertex 24.7306 5.97402 1
    endloop
  endfacet
  facet normal 0.831638 -0.555318 0
    outer loop
      vertex 24.7306 5.97402 0
      vertex 24.6144 5.8 1
      vertex 24.6144 5.8 0
    endloop
  endfacet
  facet normal -0.980779 -0.195124 -0
    outer loop
      vertex 23.4316 19.5442 23
      vertex 23.2274 20.5706 12.5922
      vertex 23.4316 19.5442 12.1136
    endloop
  endfacet
  facet normal -0.980779 -0.195124 0
    outer loop
      vertex 23.2274 20.5706 12.5922
      vertex 23.4316 19.5442 23
      vertex 23.2274 20.5706 23
    endloop
  endfacet
  facet normal -0.980779 -0.195124 0
    outer loop
      vertex 23.4316 19.5442 0
      vertex 23.2274 20.5706 1
      vertex 23.2274 20.5706 0
    endloop
  endfacet
  facet normal -0.980779 -0.195124 0
    outer loop
      vertex 23.2274 20.5706 1
      vertex 23.4316 19.5442 0
      vertex 23.4316 19.5442 1
    endloop
  endfacet
  facet normal -0.997861 -0.0653646 -0
    outer loop
      vertex 23.5 18.5 23
      vertex 23.4316 19.5442 12.1136
      vertex 23.5 18.5 11.6267
    endloop
  endfacet
  facet normal -0.997861 -0.0653646 0
    outer loop
      vertex 23.4316 19.5442 12.1136
      vertex 23.5 18.5 23
      vertex 23.4316 19.5442 23
    endloop
  endfacet
  facet normal -0.997861 -0.0653646 0
    outer loop
      vertex 23.5 18.5 0
      vertex 23.4316 19.5442 1
      vertex 23.4316 19.5442 0
    endloop
  endfacet
  facet normal -0.997861 -0.0653646 0
    outer loop
      vertex 23.4316 19.5442 1
      vertex 23.5 18.5 0
      vertex 23.5 18.5 1
    endloop
  endfacet
  facet normal -0.94692 -0.321469 -0
    outer loop
      vertex 23.2274 20.5706 23
      vertex 22.891 21.5615 13.0543
      vertex 23.2274 20.5706 12.5922
    endloop
  endfacet
  facet normal -0.94692 -0.321469 0
    outer loop
      vertex 22.891 21.5615 13.0543
      vertex 23.2274 20.5706 23
      vertex 22.891 21.5615 23
    endloop
  endfacet
  facet normal -0.94692 -0.321469 0
    outer loop
      vertex 23.2274 20.5706 0
      vertex 22.891 21.5615 1
      vertex 22.891 21.5615 0
    endloop
  endfacet
  facet normal -0.94692 -0.321469 0
    outer loop
      vertex 22.891 21.5615 1
      vertex 23.2274 20.5706 0
      vertex 23.2274 20.5706 1
    endloop
  endfacet
  facet normal 0.555582 0.831462 -0
    outer loop
      vertex 11.5 11.5718 0
      vertex 10.6299 12.1532 1
      vertex 11.5 11.5718 1
    endloop
  endfacet
  facet normal 0.555582 0.831462 0
    outer loop
      vertex 10.6299 12.1532 1
      vertex 11.5 11.5718 0
      vertex 10.6299 12.1532 0
    endloop
  endfacet
  facet normal 0.555582 0.831462 0
    outer loop
      vertex 11.5 11.5718 21.6366
      vertex 10.6299 12.1532 8.66712
      vertex 10.6299 12.1532 21.9077
    endloop
  endfacet
  facet normal 0.555582 0.831462 0
    outer loop
      vertex 10.6299 12.1532 8.66712
      vertex 11.5 11.5718 21.6366
      vertex 11.5 11.5718 8.39602
    endloop
  endfacet
  facet normal -0.659289 0.75189 0
    outer loop
      vertex 21.1569 12.8431 0
      vertex 20.3701 12.1532 1
      vertex 21.1569 12.8431 1
    endloop
  endfacet
  facet normal -0.659289 0.75189 0
    outer loop
      vertex 20.3701 12.1532 1
      vertex 21.1569 12.8431 0
      vertex 20.3701 12.1532 0
    endloop
  endfacet
  facet normal -0.659289 0.75189 0
    outer loop
      vertex 21.1569 12.8431 8.98886
      vertex 20.3701 12.1532 21.9077
      vertex 21.1569 12.8431 22.2294
    endloop
  endfacet
  facet normal -0.659289 0.75189 0
    outer loop
      vertex 20.3701 12.1532 21.9077
      vertex 21.1569 12.8431 8.98886
      vertex 20.3701 12.1532 8.66712
    endloop
  endfacet
  facet normal -0.556314 -0.830972 0.000781871
    outer loop
      vertex 19.5 25.4282 21.8213
      vertex 20.3701 24.8468 23
      vertex 20.3226 24.8786 23
    endloop
  endfacet
  facet normal -0.555582 -0.831462 0
    outer loop
      vertex 20.3701 24.8468 14.5863
      vertex 19.5 25.4282 21.8213
      vertex 19.5 25.4282 14.8574
    endloop
  endfacet
  facet normal -0.555582 -0.831462 0
    outer loop
      vertex 19.5 25.4282 21.8213
      vertex 20.3701 24.8468 14.5863
      vertex 20.3701 24.8468 23
    endloop
  endfacet
  facet normal -0.555582 -0.831462 0
    outer loop
      vertex 19.5 25.4282 0
      vertex 20.3701 24.8468 1
      vertex 19.5 25.4282 1
    endloop
  endfacet
  facet normal -0.555582 -0.831462 -0
    outer loop
      vertex 20.3701 24.8468 1
      vertex 19.5 25.4282 0
      vertex 20.3701 24.8468 0
    endloop
  endfacet
  facet normal 0.997859 0.0654027 0
    outer loop
      vertex 7.56844 17.4558 23
      vertex 7.5 18.5 11.6267
      vertex 7.5 18.5 23
    endloop
  endfacet
  facet normal 0.997859 0.0654027 0
    outer loop
      vertex 7.5 18.5 11.6267
      vertex 7.56844 17.4558 23
      vertex 7.56844 17.4558 11.1398
    endloop
  endfacet
  facet normal 0.997859 0.0654027 0
    outer loop
      vertex 7.56844 17.4558 1
      vertex 7.5 18.5 0
      vertex 7.5 18.5 1
    endloop
  endfacet
  facet normal 0.997859 0.0654027 0
    outer loop
      vertex 7.5 18.5 0
      vertex 7.56844 17.4558 1
      vertex 7.56844 17.4558 0
    endloop
  endfacet
  facet normal -0.0653646 -0.997861 0
    outer loop
      vertex 15.5 26.5 0
      vertex 16.5442 26.4316 1
      vertex 15.5 26.5 1
    endloop
  endfacet
  facet normal -0.0653646 -0.997861 -0
    outer loop
      vertex 16.5442 26.4316 1
      vertex 15.5 26.5 0
      vertex 16.5442 26.4316 0
    endloop
  endfacet
  facet normal -0.0653646 -0.997861 0
    outer loop
      vertex 16.5442 26.4316 15.3252
      vertex 15.5 26.5 19.5228
      vertex 15.5 26.5 15.3572
    endloop
  endfacet
  facet normal -0.0653646 -0.997861 0
    outer loop
      vertex 15.5 26.5 19.5228
      vertex 16.5442 26.4316 15.3252
      vertex 16.5442 26.4316 19.6696
    endloop
  endfacet
  facet normal -0.321469 -0.94692 0
    outer loop
      vertex 17.5706 26.2274 0
      vertex 18.5615 25.891 1
      vertex 17.5706 26.2274 1
    endloop
  endfacet
  facet normal -0.321469 -0.94692 -0
    outer loop
      vertex 18.5615 25.891 1
      vertex 17.5706 26.2274 0
      vertex 18.5615 25.891 0
    endloop
  endfacet
  facet normal -0.321469 -0.94692 0
    outer loop
      vertex 18.5615 25.891 15.0732
      vertex 17.5706 26.2274 20.1074
      vertex 17.5706 26.2274 15.23
    endloop
  endfacet
  facet normal -0.321469 -0.94692 0
    outer loop
      vertex 17.5706 26.2274 20.1074
      vertex 18.5615 25.891 15.0732
      vertex 18.5615 25.891 20.8287
    endloop
  endfacet
  facet normal -0.94692 0.321469 0
    outer loop
      vertex 22.891 15.4385 23
      vertex 23.2274 16.4294 10.6612
      vertex 22.891 15.4385 10.1991
    endloop
  endfacet
  facet normal -0.94692 0.321469 0
    outer loop
      vertex 23.2274 16.4294 10.6612
      vertex 22.891 15.4385 23
      vertex 23.2274 16.4294 23
    endloop
  endfacet
  facet normal -0.94692 0.321469 0
    outer loop
      vertex 22.891 15.4385 0
      vertex 23.2274 16.4294 1
      vertex 23.2274 16.4294 0
    endloop
  endfacet
  facet normal -0.94692 0.321469 0
    outer loop
      vertex 23.2274 16.4294 1
      vertex 22.891 15.4385 0
      vertex 22.891 15.4385 1
    endloop
  endfacet
  facet normal -0.442276 0.896879 0
    outer loop
      vertex 19.5 11.5718 0
      vertex 18.5615 11.109 1
      vertex 19.5 11.5718 1
    endloop
  endfacet
  facet normal -0.442276 0.896879 0
    outer loop
      vertex 18.5615 11.109 1
      vertex 19.5 11.5718 0
      vertex 18.5615 11.109 0
    endloop
  endfacet
  facet normal -0.442276 0.896879 0
    outer loop
      vertex 19.5 11.5718 8.39602
      vertex 18.5615 11.109 21.4207
      vertex 19.5 11.5718 21.6366
    endloop
  endfacet
  facet normal -0.442276 0.896879 0
    outer loop
      vertex 18.5615 11.109 21.4207
      vertex 19.5 11.5718 8.39602
      vertex 18.5615 11.109 8.18019
    endloop
  endfacet
  facet normal -0.442276 -0.896879 0
    outer loop
      vertex 18.5615 25.891 0
      vertex 19.5 25.4282 1
      vertex 18.5615 25.891 1
    endloop
  endfacet
  facet normal -0.442276 -0.896879 -0
    outer loop
      vertex 19.5 25.4282 1
      vertex 18.5615 25.891 0
      vertex 19.5 25.4282 0
    endloop
  endfacet
  facet normal -0.442276 -0.896879 0
    outer loop
      vertex 19.5 25.4282 14.8574
      vertex 18.5615 25.891 20.8287
      vertex 18.5615 25.891 15.0732
    endloop
  endfacet
  facet normal -0.442276 -0.896879 0
    outer loop
      vertex 18.5615 25.891 20.8287
      vertex 19.5 25.4282 14.8574
      vertex 19.5 25.4282 21.8213
    endloop
  endfacet
  facet normal -0.896879 -0.442276 -0
    outer loop
      vertex 22.891 21.5615 23
      vertex 22.4282 22.5 13.4919
      vertex 22.891 21.5615 13.0543
    endloop
  endfacet
  facet normal -0.896879 -0.442276 0
    outer loop
      vertex 22.4282 22.5 13.4919
      vertex 22.891 21.5615 23
      vertex 22.4282 22.5 23
    endloop
  endfacet
  facet normal -0.896879 -0.442276 0
    outer loop
      vertex 22.891 21.5615 0
      vertex 22.4282 22.5 1
      vertex 22.4282 22.5 0
    endloop
  endfacet
  facet normal -0.896879 -0.442276 0
    outer loop
      vertex 22.4282 22.5 1
      vertex 22.891 21.5615 0
      vertex 22.891 21.5615 1
    endloop
  endfacet
  facet normal -0.980779 0.195124 0
    outer loop
      vertex 23.2274 16.4294 23
      vertex 23.4316 17.4558 11.1398
      vertex 23.2274 16.4294 10.6612
    endloop
  endfacet
  facet normal -0.980779 0.195124 0
    outer loop
      vertex 23.4316 17.4558 11.1398
      vertex 23.2274 16.4294 23
      vertex 23.4316 17.4558 23
    endloop
  endfacet
  facet normal -0.980779 0.195124 0
    outer loop
      vertex 23.2274 16.4294 0
      vertex 23.4316 17.4558 1
      vertex 23.4316 17.4558 0
    endloop
  endfacet
  facet normal -0.980779 0.195124 0
    outer loop
      vertex 23.4316 17.4558 1
      vertex 23.2274 16.4294 0
      vertex 23.2274 16.4294 1
    endloop
  endfacet
  facet normal 0.946929 0.321444 0
    outer loop
      vertex 8.10896 15.4385 23
      vertex 7.77259 16.4294 10.6612
      vertex 7.77259 16.4294 23
    endloop
  endfacet
  facet normal 0.946929 0.321444 0
    outer loop
      vertex 7.77259 16.4294 10.6612
      vertex 8.10896 15.4385 23
      vertex 8.10896 15.4385 10.1991
    endloop
  endfacet
  facet normal 0.946929 0.321444 0
    outer loop
      vertex 8.10896 15.4385 1
      vertex 7.77259 16.4294 0
      vertex 7.77259 16.4294 1
    endloop
  endfacet
  facet normal 0.946929 0.321444 0
    outer loop
      vertex 7.77259 16.4294 0
      vertex 8.10896 15.4385 1
      vertex 8.10896 15.4385 0
    endloop
  endfacet
  facet normal 0.946929 -0.321444 0
    outer loop
      vertex 7.77259 20.5706 23
      vertex 8.10896 21.5615 13.0543
      vertex 8.10896 21.5615 23
    endloop
  endfacet
  facet normal 0.946929 -0.321444 0
    outer loop
      vertex 8.10896 21.5615 13.0543
      vertex 7.77259 20.5706 23
      vertex 7.77259 20.5706 12.5922
    endloop
  endfacet
  facet normal 0.946929 -0.321444 0
    outer loop
      vertex 7.77259 20.5706 1
      vertex 8.10896 21.5615 0
      vertex 8.10896 21.5615 1
    endloop
  endfacet
  facet normal 0.946929 -0.321444 0
    outer loop
      vertex 8.10896 21.5615 0
      vertex 7.77259 20.5706 1
      vertex 7.77259 20.5706 0
    endloop
  endfacet
  facet normal 0.321469 0.94692 -0
    outer loop
      vertex 13.4294 10.7726 0
      vertex 12.4385 11.109 1
      vertex 13.4294 10.7726 1
    endloop
  endfacet
  facet normal 0.321469 0.94692 0
    outer loop
      vertex 12.4385 11.109 1
      vertex 13.4294 10.7726 0
      vertex 12.4385 11.109 0
    endloop
  endfacet
  facet normal 0.321469 0.94692 0
    outer loop
      vertex 13.4294 10.7726 21.2639
      vertex 12.4385 11.109 8.18019
      vertex 12.4385 11.109 21.4207
    endloop
  endfacet
  facet normal 0.321469 0.94692 0
    outer loop
      vertex 12.4385 11.109 8.18019
      vertex 13.4294 10.7726 21.2639
      vertex 13.4294 10.7726 8.02334
    endloop
  endfacet
  facet normal 0.556314 -0.830972 0.000781871
    outer loop
      vertex 10.6299 24.8468 23
      vertex 11.5 25.4282 21.8213
      vertex 10.6774 24.8786 23
    endloop
  endfacet
  facet normal 0.555582 -0.831462 0
    outer loop
      vertex 10.6299 24.8468 14.5863
      vertex 11.5 25.4282 21.8213
      vertex 10.6299 24.8468 23
    endloop
  endfacet
  facet normal 0.555582 -0.831462 0
    outer loop
      vertex 11.5 25.4282 21.8213
      vertex 10.6299 24.8468 14.5863
      vertex 11.5 25.4282 14.8574
    endloop
  endfacet
  facet normal 0.555582 -0.831462 0
    outer loop
      vertex 10.6299 24.8468 0
      vertex 11.5 25.4282 1
      vertex 10.6299 24.8468 1
    endloop
  endfacet
  facet normal 0.555582 -0.831462 0
    outer loop
      vertex 11.5 25.4282 1
      vertex 10.6299 24.8468 0
      vertex 11.5 25.4282 0
    endloop
  endfacet
  facet normal -0.831462 0.555582 0
    outer loop
      vertex 21.8468 13.6299 22.5963
      vertex 22.4282 14.5 23
      vertex 22.4282 14.5 9.76146
    endloop
  endfacet
  facet normal -0.831462 0.555582 0
    outer loop
      vertex 21.8468 13.6299 22.5963
      vertex 22.4282 14.5 9.76146
      vertex 21.8468 13.6299 9.35573
    endloop
  endfacet
  facet normal -0.829021 0.559107 -0.0111131
    outer loop
      vertex 22.4282 14.5 23
      vertex 21.8468 13.6299 22.5963
      vertex 22.4253 14.4957 23
    endloop
  endfacet
  facet normal -0.831462 0.555582 0
    outer loop
      vertex 21.8468 13.6299 0
      vertex 22.4282 14.5 1
      vertex 22.4282 14.5 0
    endloop
  endfacet
  facet normal -0.831462 0.555582 0
    outer loop
      vertex 22.4282 14.5 1
      vertex 21.8468 13.6299 0
      vertex 21.8468 13.6299 1
    endloop
  endfacet
  facet normal 0.442276 0.896879 -0
    outer loop
      vertex 12.4385 11.109 0
      vertex 11.5 11.5718 1
      vertex 12.4385 11.109 1
    endloop
  endfacet
  facet normal 0.442276 0.896879 0
    outer loop
      vertex 11.5 11.5718 1
      vertex 12.4385 11.109 0
      vertex 11.5 11.5718 0
    endloop
  endfacet
  facet normal 0.442276 0.896879 0
    outer loop
      vertex 12.4385 11.109 21.4207
      vertex 11.5 11.5718 8.39602
      vertex 11.5 11.5718 21.6366
    endloop
  endfacet
  facet normal 0.442276 0.896879 0
    outer loop
      vertex 11.5 11.5718 8.39602
      vertex 12.4385 11.109 21.4207
      vertex 12.4385 11.109 8.18019
    endloop
  endfacet
  facet normal -0.195124 -0.980779 0
    outer loop
      vertex 16.5442 26.4316 0
      vertex 17.5706 26.2274 1
      vertex 16.5442 26.4316 1
    endloop
  endfacet
  facet normal -0.195124 -0.980779 -0
    outer loop
      vertex 17.5706 26.2274 1
      vertex 16.5442 26.4316 0
      vertex 17.5706 26.2274 0
    endloop
  endfacet
  facet normal -0.195124 -0.980779 0
    outer loop
      vertex 17.5706 26.2274 15.23
      vertex 16.5442 26.4316 19.6696
      vertex 16.5442 26.4316 15.3252
    endloop
  endfacet
  facet normal -0.195124 -0.980779 0
    outer loop
      vertex 16.5442 26.4316 19.6696
      vertex 17.5706 26.2274 15.23
      vertex 17.5706 26.2274 20.1074
    endloop
  endfacet
  facet normal 0.195124 0.980779 -0
    outer loop
      vertex 14.4558 10.5684 0
      vertex 13.4294 10.7726 1
      vertex 14.4558 10.5684 1
    endloop
  endfacet
  facet normal 0.195124 0.980779 0
    outer loop
      vertex 13.4294 10.7726 1
      vertex 14.4558 10.5684 0
      vertex 13.4294 10.7726 0
    endloop
  endfacet
  facet normal 0.195124 0.980779 0
    outer loop
      vertex 14.4558 10.5684 21.1687
      vertex 13.4294 10.7726 8.02334
      vertex 13.4294 10.7726 21.2639
    endloop
  endfacet
  facet normal 0.195124 0.980779 0
    outer loop
      vertex 13.4294 10.7726 8.02334
      vertex 14.4558 10.5684 21.1687
      vertex 14.4558 10.5684 7.92814
    endloop
  endfacet
  facet normal 0.751852 -0.659332 0
    outer loop
      vertex 9.15317 23.3701 23
      vertex 9.84315 24.1569 14.2645
      vertex 9.84315 24.1569 23
    endloop
  endfacet
  facet normal 0.751852 -0.659332 0
    outer loop
      vertex 9.84315 24.1569 14.2645
      vertex 9.15317 23.3701 23
      vertex 9.15317 23.3701 13.8977
    endloop
  endfacet
  facet normal 0.751852 -0.659332 0
    outer loop
      vertex 9.15317 23.3701 1
      vertex 9.84315 24.1569 0
      vertex 9.84315 24.1569 1
    endloop
  endfacet
  facet normal 0.751852 -0.659332 0
    outer loop
      vertex 9.84315 24.1569 0
      vertex 9.15317 23.3701 1
      vertex 9.15317 23.3701 0
    endloop
  endfacet
  facet normal -0.659289 -0.75189 0
    outer loop
      vertex 20.3701 24.8468 14.5863
      vertex 21.1569 24.1569 23
      vertex 20.3701 24.8468 23
    endloop
  endfacet
  facet normal -0.659289 -0.75189 -0
    outer loop
      vertex 21.1569 24.1569 23
      vertex 20.3701 24.8468 14.5863
      vertex 21.1569 24.1569 14.2645
    endloop
  endfacet
  facet normal -0.659289 -0.75189 0
    outer loop
      vertex 20.3701 24.8468 0
      vertex 21.1569 24.1569 1
      vertex 20.3701 24.8468 1
    endloop
  endfacet
  facet normal -0.659289 -0.75189 -0
    outer loop
      vertex 21.1569 24.1569 1
      vertex 20.3701 24.8468 0
      vertex 21.1569 24.1569 0
    endloop
  endfacet
  facet normal 0.195124 -0.980779 0
    outer loop
      vertex 13.4294 26.2274 0
      vertex 14.4558 26.4316 1
      vertex 13.4294 26.2274 1
    endloop
  endfacet
  facet normal 0.195124 -0.980779 0
    outer loop
      vertex 14.4558 26.4316 1
      vertex 13.4294 26.2274 0
      vertex 14.4558 26.4316 0
    endloop
  endfacet
  facet normal 0.195124 -0.980779 0
    outer loop
      vertex 13.4294 26.2274 15.23
      vertex 14.4558 26.4316 19.6696
      vertex 13.4294 26.2274 20.1074
    endloop
  endfacet
  facet normal 0.195124 -0.980779 0
    outer loop
      vertex 14.4558 26.4316 19.6696
      vertex 13.4294 26.2274 15.23
      vertex 14.4558 26.4316 15.3252
    endloop
  endfacet
  facet normal -0.75189 0.659289 0
    outer loop
      vertex 21.1569 12.8431 0
      vertex 21.8468 13.6299 1
      vertex 21.8468 13.6299 0
    endloop
  endfacet
  facet normal -0.75189 0.659289 0
    outer loop
      vertex 21.8468 13.6299 1
      vertex 21.1569 12.8431 0
      vertex 21.1569 12.8431 1
    endloop
  endfacet
  facet normal -0.75189 0.659289 0
    outer loop
      vertex 21.1569 12.8431 22.2294
      vertex 21.8468 13.6299 9.35573
      vertex 21.1569 12.8431 8.98886
    endloop
  endfacet
  facet normal -0.75189 0.659289 0
    outer loop
      vertex 21.8468 13.6299 9.35573
      vertex 21.1569 12.8431 22.2294
      vertex 21.8468 13.6299 22.5963
    endloop
  endfacet
  facet normal 0.751852 0.659332 0
    outer loop
      vertex 9.84315 12.8431 1
      vertex 9.15317 13.6299 0
      vertex 9.15317 13.6299 1
    endloop
  endfacet
  facet normal 0.751852 0.659332 0
    outer loop
      vertex 9.15317 13.6299 0
      vertex 9.84315 12.8431 1
      vertex 9.84315 12.8431 0
    endloop
  endfacet
  facet normal 0.751852 0.659332 0
    outer loop
      vertex 9.84315 12.8431 22.2294
      vertex 9.15317 13.6299 9.35573
      vertex 9.15317 13.6299 22.5963
    endloop
  endfacet
  facet normal 0.751852 0.659332 0
    outer loop
      vertex 9.15317 13.6299 9.35573
      vertex 9.84315 12.8431 22.2294
      vertex 9.84315 12.8431 8.98886
    endloop
  endfacet
  facet normal 0.321469 -0.94692 0
    outer loop
      vertex 12.4385 25.891 0
      vertex 13.4294 26.2274 1
      vertex 12.4385 25.891 1
    endloop
  endfacet
  facet normal 0.321469 -0.94692 0
    outer loop
      vertex 13.4294 26.2274 1
      vertex 12.4385 25.891 0
      vertex 13.4294 26.2274 0
    endloop
  endfacet
  facet normal 0.321469 -0.94692 0
    outer loop
      vertex 12.4385 25.891 15.0732
      vertex 13.4294 26.2274 20.1074
      vertex 12.4385 25.891 20.8287
    endloop
  endfacet
  facet normal 0.321469 -0.94692 0
    outer loop
      vertex 13.4294 26.2274 20.1074
      vertex 12.4385 25.891 15.0732
      vertex 13.4294 26.2274 15.23
    endloop
  endfacet
  facet normal -0.997861 0.0653646 0
    outer loop
      vertex 23.4316 17.4558 23
      vertex 23.5 18.5 11.6267
      vertex 23.4316 17.4558 11.1398
    endloop
  endfacet
  facet normal -0.997861 0.0653646 0
    outer loop
      vertex 23.5 18.5 11.6267
      vertex 23.4316 17.4558 23
      vertex 23.5 18.5 23
    endloop
  endfacet
  facet normal -0.997861 0.0653646 0
    outer loop
      vertex 23.4316 17.4558 0
      vertex 23.5 18.5 1
      vertex 23.5 18.5 0
    endloop
  endfacet
  facet normal -0.997861 0.0653646 0
    outer loop
      vertex 23.5 18.5 1
      vertex 23.4316 17.4558 0
      vertex 23.4316 17.4558 1
    endloop
  endfacet
  facet normal -0.195124 0.980779 0
    outer loop
      vertex 17.5706 10.7726 0
      vertex 16.5442 10.5684 1
      vertex 17.5706 10.7726 1
    endloop
  endfacet
  facet normal -0.195124 0.980779 0
    outer loop
      vertex 16.5442 10.5684 1
      vertex 17.5706 10.7726 0
      vertex 16.5442 10.5684 0
    endloop
  endfacet
  facet normal -0.195124 0.980779 0
    outer loop
      vertex 17.5706 10.7726 8.02334
      vertex 16.5442 10.5684 21.1687
      vertex 17.5706 10.7726 21.2639
    endloop
  endfacet
  facet normal -0.195124 0.980779 0
    outer loop
      vertex 16.5442 10.5684 21.1687
      vertex 17.5706 10.7726 8.02334
      vertex 16.5442 10.5684 7.92814
    endloop
  endfacet
  facet normal 0.442276 -0.896879 0
    outer loop
      vertex 11.5 25.4282 0
      vertex 12.4385 25.891 1
      vertex 11.5 25.4282 1
    endloop
  endfacet
  facet normal 0.442276 -0.896879 0
    outer loop
      vertex 12.4385 25.891 1
      vertex 11.5 25.4282 0
      vertex 12.4385 25.891 0
    endloop
  endfacet
  facet normal 0.442276 -0.896879 0
    outer loop
      vertex 11.5 25.4282 14.8574
      vertex 12.4385 25.891 20.8287
      vertex 11.5 25.4282 21.8213
    endloop
  endfacet
  facet normal 0.442276 -0.896879 0
    outer loop
      vertex 12.4385 25.891 20.8287
      vertex 11.5 25.4282 14.8574
      vertex 12.4385 25.891 15.0732
    endloop
  endfacet
  facet normal -0.321469 0.94692 0
    outer loop
      vertex 18.5615 11.109 0
      vertex 17.5706 10.7726 1
      vertex 18.5615 11.109 1
    endloop
  endfacet
  facet normal -0.321469 0.94692 0
    outer loop
      vertex 17.5706 10.7726 1
      vertex 18.5615 11.109 0
      vertex 17.5706 10.7726 0
    endloop
  endfacet
  facet normal -0.321469 0.94692 0
    outer loop
      vertex 18.5615 11.109 8.18019
      vertex 17.5706 10.7726 21.2639
      vertex 18.5615 11.109 21.4207
    endloop
  endfacet
  facet normal -0.321469 0.94692 0
    outer loop
      vertex 17.5706 10.7726 21.2639
      vertex 18.5615 11.109 8.18019
      vertex 17.5706 10.7726 8.02334
    endloop
  endfacet
  facet normal 0.896864 -0.442306 0
    outer loop
      vertex 8.10896 21.5615 23
      vertex 8.5718 22.5 13.4919
      vertex 8.5718 22.5 23
    endloop
  endfacet
  facet normal 0.896864 -0.442306 0
    outer loop
      vertex 8.5718 22.5 13.4919
      vertex 8.10896 21.5615 23
      vertex 8.10896 21.5615 13.0543
    endloop
  endfacet
  facet normal 0.896864 -0.442306 0
    outer loop
      vertex 8.10896 21.5615 1
      vertex 8.5718 22.5 0
      vertex 8.5718 22.5 1
    endloop
  endfacet
  facet normal 0.896864 -0.442306 0
    outer loop
      vertex 8.5718 22.5 0
      vertex 8.10896 21.5615 1
      vertex 8.10896 21.5615 0
    endloop
  endfacet
  facet normal 0.832633 0.553798 0.00547043
    outer loop
      vertex 9.15317 13.6299 22.5963
      vertex 8.5718 14.5 23
      vertex 8.57466 14.4957 23
    endloop
  endfacet
  facet normal 0.831475 0.555562 0
    outer loop
      vertex 8.5718 14.5 23
      vertex 9.15317 13.6299 22.5963
      vertex 8.5718 14.5 9.76146
    endloop
  endfacet
  facet normal 0.831475 0.555562 0
    outer loop
      vertex 8.5718 14.5 9.76146
      vertex 9.15317 13.6299 22.5963
      vertex 9.15317 13.6299 9.35573
    endloop
  endfacet
  facet normal 0.831475 0.555562 0
    outer loop
      vertex 9.15317 13.6299 1
      vertex 8.5718 14.5 0
      vertex 8.5718 14.5 1
    endloop
  endfacet
  facet normal 0.831475 0.555562 0
    outer loop
      vertex 8.5718 14.5 0
      vertex 9.15317 13.6299 1
      vertex 9.15317 13.6299 0
    endloop
  endfacet
  facet normal -0.896879 0.442276 0
    outer loop
      vertex 22.4282 14.5 23
      vertex 22.891 15.4385 10.1991
      vertex 22.4282 14.5 9.76146
    endloop
  endfacet
  facet normal -0.896879 0.442276 0
    outer loop
      vertex 22.891 15.4385 10.1991
      vertex 22.4282 14.5 23
      vertex 22.891 15.4385 23
    endloop
  endfacet
  facet normal -0.896879 0.442276 0
    outer loop
      vertex 22.4282 14.5 0
      vertex 22.891 15.4385 1
      vertex 22.891 15.4385 0
    endloop
  endfacet
  facet normal -0.896879 0.442276 0
    outer loop
      vertex 22.891 15.4385 1
      vertex 22.4282 14.5 0
      vertex 22.4282 14.5 1
    endloop
  endfacet
  facet normal 0.896864 0.442306 0
    outer loop
      vertex 8.5718 14.5 23
      vertex 8.10896 15.4385 10.1991
      vertex 8.10896 15.4385 23
    endloop
  endfacet
  facet normal 0.896864 0.442306 0
    outer loop
      vertex 8.10896 15.4385 10.1991
      vertex 8.5718 14.5 23
      vertex 8.5718 14.5 9.76146
    endloop
  endfacet
  facet normal 0.896864 0.442306 0
    outer loop
      vertex 8.5718 14.5 1
      vertex 8.10896 15.4385 0
      vertex 8.10896 15.4385 1
    endloop
  endfacet
  facet normal 0.896864 0.442306 0
    outer loop
      vertex 8.10896 15.4385 0
      vertex 8.5718 14.5 1
      vertex 8.5718 14.5 0
    endloop
  endfacet
  facet normal 0.0653646 -0.997861 0
    outer loop
      vertex 14.4558 26.4316 0
      vertex 15.5 26.5 1
      vertex 14.4558 26.4316 1
    endloop
  endfacet
  facet normal 0.0653646 -0.997861 0
    outer loop
      vertex 15.5 26.5 1
      vertex 14.4558 26.4316 0
      vertex 15.5 26.5 0
    endloop
  endfacet
  facet normal 0.0653646 -0.997861 0
    outer loop
      vertex 14.4558 26.4316 15.3252
      vertex 15.5 26.5 19.5228
      vertex 14.4558 26.4316 19.6696
    endloop
  endfacet
  facet normal 0.0653646 -0.997861 0
    outer loop
      vertex 15.5 26.5 19.5228
      vertex 14.4558 26.4316 15.3252
      vertex 15.5 26.5 15.3572
    endloop
  endfacet
  facet normal -0.0653646 0.997861 0
    outer loop
      vertex 16.5442 10.5684 0
      vertex 15.5 10.5 1
      vertex 16.5442 10.5684 1
    endloop
  endfacet
  facet normal -0.0653646 0.997861 0
    outer loop
      vertex 15.5 10.5 1
      vertex 16.5442 10.5684 0
      vertex 15.5 10.5 0
    endloop
  endfacet
  facet normal -0.0653646 0.997861 0
    outer loop
      vertex 16.5442 10.5684 7.92814
      vertex 15.5 10.5 21.1368
      vertex 16.5442 10.5684 21.1687
    endloop
  endfacet
  facet normal -0.0653646 0.997861 0
    outer loop
      vertex 15.5 10.5 21.1368
      vertex 16.5442 10.5684 7.92814
      vertex 15.5 10.5 7.89623
    endloop
  endfacet
  facet normal 0.831475 -0.555562 0
    outer loop
      vertex 8.5718 22.5 23
      vertex 9.15317 23.3701 13.8977
      vertex 9.15317 23.3701 23
    endloop
  endfacet
  facet normal 0.831475 -0.555562 0
    outer loop
      vertex 9.15317 23.3701 13.8977
      vertex 8.5718 22.5 23
      vertex 8.5718 22.5 13.4919
    endloop
  endfacet
  facet normal 0.831475 -0.555562 0
    outer loop
      vertex 8.5718 22.5 1
      vertex 9.15317 23.3701 0
      vertex 9.15317 23.3701 1
    endloop
  endfacet
  facet normal 0.831475 -0.555562 0
    outer loop
      vertex 9.15317 23.3701 0
      vertex 8.5718 22.5 1
      vertex 8.5718 22.5 0
    endloop
  endfacet
  facet normal 0.659313 -0.751869 0
    outer loop
      vertex 9.84315 24.1569 23
      vertex 10.6299 24.8468 14.5863
      vertex 10.6299 24.8468 23
    endloop
  endfacet
  facet normal 0.659313 -0.751869 0
    outer loop
      vertex 10.6299 24.8468 14.5863
      vertex 9.84315 24.1569 23
      vertex 9.84315 24.1569 14.2645
    endloop
  endfacet
  facet normal 0.659313 -0.751869 0
    outer loop
      vertex 9.84315 24.1569 0
      vertex 10.6299 24.8468 1
      vertex 9.84315 24.1569 1
    endloop
  endfacet
  facet normal 0.659313 -0.751869 0
    outer loop
      vertex 10.6299 24.8468 1
      vertex 9.84315 24.1569 0
      vertex 10.6299 24.8468 0
    endloop
  endfacet
  facet normal 0.980788 -0.195078 0
    outer loop
      vertex 7.56844 19.5442 23
      vertex 7.77259 20.5706 12.5922
      vertex 7.77259 20.5706 23
    endloop
  endfacet
  facet normal 0.980788 -0.195078 0
    outer loop
      vertex 7.77259 20.5706 12.5922
      vertex 7.56844 19.5442 23
      vertex 7.56844 19.5442 12.1136
    endloop
  endfacet
  facet normal 0.980788 -0.195078 0
    outer loop
      vertex 7.56844 19.5442 1
      vertex 7.77259 20.5706 0
      vertex 7.77259 20.5706 1
    endloop
  endfacet
  facet normal 0.980788 -0.195078 0
    outer loop
      vertex 7.77259 20.5706 0
      vertex 7.56844 19.5442 1
      vertex 7.56844 19.5442 0
    endloop
  endfacet
  facet normal -0.75189 -0.659289 -0
    outer loop
      vertex 21.8468 23.3701 23
      vertex 21.1569 24.1569 14.2645
      vertex 21.8468 23.3701 13.8977
    endloop
  endfacet
  facet normal -0.75189 -0.659289 0
    outer loop
      vertex 21.1569 24.1569 14.2645
      vertex 21.8468 23.3701 23
      vertex 21.1569 24.1569 23
    endloop
  endfacet
  facet normal -0.75189 -0.659289 0
    outer loop
      vertex 21.8468 23.3701 0
      vertex 21.1569 24.1569 1
      vertex 21.1569 24.1569 0
    endloop
  endfacet
  facet normal -0.75189 -0.659289 0
    outer loop
      vertex 21.1569 24.1569 1
      vertex 21.8468 23.3701 0
      vertex 21.8468 23.3701 1
    endloop
  endfacet
  facet normal -0.831462 -0.555582 -0
    outer loop
      vertex 22.4282 22.5 23
      vertex 21.8468 23.3701 13.8977
      vertex 22.4282 22.5 13.4919
    endloop
  endfacet
  facet normal -0.831462 -0.555582 0
    outer loop
      vertex 21.8468 23.3701 13.8977
      vertex 22.4282 22.5 23
      vertex 21.8468 23.3701 23
    endloop
  endfacet
  facet normal -0.831462 -0.555582 0
    outer loop
      vertex 22.4282 22.5 0
      vertex 21.8468 23.3701 1
      vertex 21.8468 23.3701 0
    endloop
  endfacet
  facet normal -0.831462 -0.555582 0
    outer loop
      vertex 21.8468 23.3701 1
      vertex 22.4282 22.5 0
      vertex 22.4282 22.5 1
    endloop
  endfacet
  facet normal 0.997859 -0.0654027 0
    outer loop
      vertex 7.5 18.5 23
      vertex 7.56844 19.5442 12.1136
      vertex 7.56844 19.5442 23
    endloop
  endfacet
  facet normal 0.997859 -0.0654027 0
    outer loop
      vertex 7.56844 19.5442 12.1136
      vertex 7.5 18.5 23
      vertex 7.5 18.5 11.6267
    endloop
  endfacet
  facet normal 0.997859 -0.0654027 0
    outer loop
      vertex 7.5 18.5 1
      vertex 7.56844 19.5442 0
      vertex 7.56844 19.5442 1
    endloop
  endfacet
  facet normal 0.997859 -0.0654027 0
    outer loop
      vertex 7.56844 19.5442 0
      vertex 7.5 18.5 1
      vertex 7.5 18.5 0
    endloop
  endfacet
  facet normal -0.555582 0.831462 0
    outer loop
      vertex 20.3701 12.1532 0
      vertex 19.5 11.5718 1
      vertex 20.3701 12.1532 1
    endloop
  endfacet
  facet normal -0.555582 0.831462 0
    outer loop
      vertex 19.5 11.5718 1
      vertex 20.3701 12.1532 0
      vertex 19.5 11.5718 0
    endloop
  endfacet
  facet normal -0.555582 0.831462 0
    outer loop
      vertex 20.3701 12.1532 8.66712
      vertex 19.5 11.5718 21.6366
      vertex 20.3701 12.1532 21.9077
    endloop
  endfacet
  facet normal -0.555582 0.831462 0
    outer loop
      vertex 19.5 11.5718 21.6366
      vertex 20.3701 12.1532 8.66712
      vertex 19.5 11.5718 8.39602
    endloop
  endfacet
  facet normal 0.980788 0.195078 0
    outer loop
      vertex 7.77259 16.4294 23
      vertex 7.56844 17.4558 11.1398
      vertex 7.56844 17.4558 23
    endloop
  endfacet
  facet normal 0.980788 0.195078 0
    outer loop
      vertex 7.56844 17.4558 11.1398
      vertex 7.77259 16.4294 23
      vertex 7.77259 16.4294 10.6612
    endloop
  endfacet
  facet normal 0.980788 0.195078 0
    outer loop
      vertex 7.77259 16.4294 1
      vertex 7.56844 17.4558 0
      vertex 7.56844 17.4558 1
    endloop
  endfacet
  facet normal 0.980788 0.195078 0
    outer loop
      vertex 7.56844 17.4558 0
      vertex 7.77259 16.4294 1
      vertex 7.77259 16.4294 0
    endloop
  endfacet
  facet normal 0.659313 0.751869 -0
    outer loop
      vertex 10.6299 12.1532 0
      vertex 9.84315 12.8431 1
      vertex 10.6299 12.1532 1
    endloop
  endfacet
  facet normal 0.659313 0.751869 0
    outer loop
      vertex 9.84315 12.8431 1
      vertex 10.6299 12.1532 0
      vertex 9.84315 12.8431 0
    endloop
  endfacet
  facet normal 0.659313 0.751869 0
    outer loop
      vertex 10.6299 12.1532 21.9077
      vertex 9.84315 12.8431 8.98886
      vertex 9.84315 12.8431 22.2294
    endloop
  endfacet
  facet normal 0.659313 0.751869 0
    outer loop
      vertex 9.84315 12.8431 8.98886
      vertex 10.6299 12.1532 21.9077
      vertex 10.6299 12.1532 8.66712
    endloop
  endfacet
  facet normal 0.0653646 0.997861 -0
    outer loop
      vertex 15.5 10.5 0
      vertex 14.4558 10.5684 1
      vertex 15.5 10.5 1
    endloop
  endfacet
  facet normal 0.0653646 0.997861 0
    outer loop
      vertex 14.4558 10.5684 1
      vertex 15.5 10.5 0
      vertex 14.4558 10.5684 0
    endloop
  endfacet
  facet normal 0.0653646 0.997861 0
    outer loop
      vertex 15.5 10.5 21.1368
      vertex 14.4558 10.5684 7.92814
      vertex 14.4558 10.5684 21.1687
    endloop
  endfacet
  facet normal 0.0653646 0.997861 0
    outer loop
      vertex 14.4558 10.5684 7.92814
      vertex 15.5 10.5 21.1368
      vertex 15.5 10.5 7.89623
    endloop
  endfacet
  facet normal 0 0 -1
    outer loop
      vertex 23.4316 17.4558 23
      vertex 23.4316 19.5442 23
      vertex 23.5 18.5 23
    endloop
  endfacet
  facet normal 0 0 -1
    outer loop
      vertex 23.2274 16.4294 23
      vertex 23.4316 19.5442 23
      vertex 23.4316 17.4558 23
    endloop
  endfacet
  facet normal 0 0 -1
    outer loop
      vertex 23.2274 16.4294 23
      vertex 23.2274 20.5706 23
      vertex 23.4316 19.5442 23
    endloop
  endfacet
  facet normal 0 0 -1
    outer loop
      vertex 22.891 15.4385 23
      vertex 23.2274 20.5706 23
      vertex 23.2274 16.4294 23
    endloop
  endfacet
  facet normal 0 0 -1
    outer loop
      vertex 22.891 15.4385 23
      vertex 22.891 21.5615 23
      vertex 23.2274 20.5706 23
    endloop
  endfacet
  facet normal 0 0 -1
    outer loop
      vertex 22.4253 14.4957 23
      vertex 22.891 15.4385 23
      vertex 22.4282 14.5 23
    endloop
  endfacet
  facet normal -0 0 -1
    outer loop
      vertex 22.891 15.4385 23
      vertex 22.4253 14.4957 23
      vertex 22.891 21.5615 23
    endloop
  endfacet
  facet normal -0 0 -1
    outer loop
      vertex 22.891 21.5615 23
      vertex 22.4253 14.4957 23
      vertex 22.4282 22.5 23
    endloop
  endfacet
  facet normal 0 0 -1
    outer loop
      vertex 22.4253 14.4957 23
      vertex 21.8468 23.3701 23
      vertex 22.4282 22.5 23
    endloop
  endfacet
  facet normal 0 0 -1
    outer loop
      vertex 22.4253 14.4957 23
      vertex 21.1569 24.1569 23
      vertex 21.8468 23.3701 23
    endloop
  endfacet
  facet normal 0 0 -1
    outer loop
      vertex 20.3226 24.8786 23
      vertex 21.1569 24.1569 23
      vertex 22.4253 14.4957 23
    endloop
  endfacet
  facet normal 0 0 -1
    outer loop
      vertex 21.1569 24.1569 23
      vertex 20.3226 24.8786 23
      vertex 20.3701 24.8468 23
    endloop
  endfacet
  facet normal 0 0 -1
    outer loop
      vertex 22.4253 14.4957 23
      vertex 10.6774 24.8786 23
      vertex 20.3226 24.8786 23
    endloop
  endfacet
  facet normal 0 0 -1
    outer loop
      vertex 9.84315 24.1569 23
      vertex 10.6774 24.8786 23
      vertex 22.4253 14.4957 23
    endloop
  endfacet
  facet normal 0 0 -1
    outer loop
      vertex 10.6774 24.8786 23
      vertex 9.84315 24.1569 23
      vertex 10.6299 24.8468 23
    endloop
  endfacet
  facet normal 0 0 -1
    outer loop
      vertex 22.4253 14.4957 23
      vertex 9.15317 23.3701 23
      vertex 9.84315 24.1569 23
    endloop
  endfacet
  facet normal 0 0 -1
    outer loop
      vertex 8.57466 14.4957 23
      vertex 9.15317 23.3701 23
      vertex 22.4253 14.4957 23
    endloop
  endfacet
  facet normal 0 0 -1
    outer loop
      vertex 8.10896 15.4385 23
      vertex 8.57466 14.4957 23
      vertex 8.5718 14.5 23
    endloop
  endfacet
  facet normal 0 0 -1
    outer loop
      vertex 8.57466 14.4957 23
      vertex 8.5718 22.5 23
      vertex 9.15317 23.3701 23
    endloop
  endfacet
  facet normal 0 0 -1
    outer loop
      vertex 8.57466 14.4957 23
      vertex 8.10896 15.4385 23
      vertex 8.5718 22.5 23
    endloop
  endfacet
  facet normal 0 0 -1
    outer loop
      vertex 8.10896 15.4385 23
      vertex 8.10896 21.5615 23
      vertex 8.5718 22.5 23
    endloop
  endfacet
  facet normal 0 0 -1
    outer loop
      vertex 7.77259 16.4294 23
      vertex 8.10896 21.5615 23
      vertex 8.10896 15.4385 23
    endloop
  endfacet
  facet normal 0 0 -1
    outer loop
      vertex 7.77259 16.4294 23
      vertex 7.77259 20.5706 23
      vertex 8.10896 21.5615 23
    endloop
  endfacet
  facet normal 0 0 -1
    outer loop
      vertex 7.56844 17.4558 23
      vertex 7.77259 20.5706 23
      vertex 7.77259 16.4294 23
    endloop
  endfacet
  facet normal 0 0 -1
    outer loop
      vertex 7.56844 17.4558 23
      vertex 7.56844 19.5442 23
      vertex 7.77259 20.5706 23
    endloop
  endfacet
  facet normal 0 -0 -1
    outer loop
      vertex 7.56844 19.5442 23
      vertex 7.56844 17.4558 23
      vertex 7.5 18.5 23
    endloop
  endfacet
  facet normal -1 0 0
    outer loop
      vertex 28 3 1
      vertex 28 28 3
      vertex 28 28 1
    endloop
  endfacet
  facet normal -1 -0 0
    outer loop
      vertex 28 28 3
      vertex 28 3 1
      vertex 28 3 3
    endloop
  endfacet
  facet normal -1 0 0
    outer loop
      vertex 28 3 6
      vertex 28 6.43352 6
      vertex 28 3 4.39892
    endloop
  endfacet
  facet normal 0 0 -1
    outer loop
      vertex 28 3 6
      vertex 27.6 5 6
      vertex 28 6.43352 6
    endloop
  endfacet
  facet normal 0 0 -1
    outer loop
      vertex 28 3 6
      vertex 27.5863 4.79116 6
      vertex 27.6 5 6
    endloop
  endfacet
  facet normal 0 0 -1
    outer loop
      vertex 28 3 6
      vertex 27.5455 4.58589 6
      vertex 27.5863 4.79116 6
    endloop
  endfacet
  facet normal 0 0 -1
    outer loop
      vertex 28 3 6
      vertex 27.4782 4.38771 6
      vertex 27.5455 4.58589 6
    endloop
  endfacet
  facet normal 0 0 -1
    outer loop
      vertex 28 3 6
      vertex 27.3856 4.2 6
      vertex 27.4782 4.38771 6
    endloop
  endfacet
  facet normal 0 0 -1
    outer loop
      vertex 28 3 6
      vertex 27.2694 4.02598 6
      vertex 27.3856 4.2 6
    endloop
  endfacet
  facet normal 0 0 -1
    outer loop
      vertex 28 3 6
      vertex 27.1314 3.86863 6
      vertex 27.2694 4.02598 6
    endloop
  endfacet
  facet normal 0 0 -1
    outer loop
      vertex 28 3 6
      vertex 26.974 3.73063 6
      vertex 27.1314 3.86863 6
    endloop
  endfacet
  facet normal 0 0 -1
    outer loop
      vertex 28 3 6
      vertex 26.8 3.61436 6
      vertex 26.974 3.73063 6
    endloop
  endfacet
  facet normal 0 0 -1
    outer loop
      vertex 28 3 6
      vertex 26.6123 3.52179 6
      vertex 26.8 3.61436 6
    endloop
  endfacet
  facet normal 0 0 -1
    outer loop
      vertex 28 3 6
      vertex 26.4141 3.45452 6
      vertex 26.6123 3.52179 6
    endloop
  endfacet
  facet normal 0 0 -1
    outer loop
      vertex 28 3 6
      vertex 26.2088 3.41369 6
      vertex 26.4141 3.45452 6
    endloop
  endfacet
  facet normal 0 0 -1
    outer loop
      vertex 28 3 6
      vertex 26 3.4 6
      vertex 26.2088 3.41369 6
    endloop
  endfacet
  facet normal 0 0 -1
    outer loop
      vertex 28 3 6
      vertex 25.7912 3.41369 6
      vertex 26 3.4 6
    endloop
  endfacet
  facet normal 0 0 -1
    outer loop
      vertex 24.4137 4.79116 6
      vertex 6.6 5 6
      vertex 24.4 5 6
    endloop
  endfacet
  facet normal 0 0 -1
    outer loop
      vertex 6.58631 4.79116 6
      vertex 24.4137 4.79116 6
      vertex 24.4545 4.58589 6
    endloop
  endfacet
  facet normal 0 0 -1
    outer loop
      vertex 6.54548 4.58589 6
      vertex 24.4545 4.58589 6
      vertex 24.5218 4.38771 6
    endloop
  endfacet
  facet normal 0 0 -1
    outer loop
      vertex 6.47821 4.38771 6
      vertex 24.5218 4.38771 6
      vertex 24.6144 4.2 6
    endloop
  endfacet
  facet normal 0 0 -1
    outer loop
      vertex 6.38564 4.2 6
      vertex 24.6144 4.2 6
      vertex 24.7306 4.02598 6
    endloop
  endfacet
  facet normal 0 0 -1
    outer loop
      vertex 6.26937 4.02598 6
      vertex 24.7306 4.02598 6
      vertex 24.8686 3.86863 6
    endloop
  endfacet
  facet normal 0 0 -1
    outer loop
      vertex 6.13137 3.86863 6
      vertex 24.8686 3.86863 6
      vertex 25.026 3.73063 6
    endloop
  endfacet
  facet normal 0 0 -1
    outer loop
      vertex 5.97402 3.73063 6
      vertex 25.026 3.73063 6
      vertex 25.2 3.61436 6
    endloop
  endfacet
  facet normal 0 0 -1
    outer loop
      vertex 5.8 3.61436 6
      vertex 25.2 3.61436 6
      vertex 25.3877 3.52179 6
    endloop
  endfacet
  facet normal 0 0 -1
    outer loop
      vertex 5.61229 3.52179 6
      vertex 25.3877 3.52179 6
      vertex 25.5859 3.45452 6
    endloop
  endfacet
  facet normal 0 0 -1
    outer loop
      vertex 5.41411 3.45452 6
      vertex 25.5859 3.45452 6
      vertex 25.7912 3.41369 6
    endloop
  endfacet
  facet normal 0 0 -1
    outer loop
      vertex 5.20884 3.41369 6
      vertex 25.7912 3.41369 6
      vertex 28 3 6
    endloop
  endfacet
  facet normal 0 0 -1
    outer loop
      vertex 24.4137 4.79116 6
      vertex 6.58631 4.79116 6
      vertex 6.6 5 6
    endloop
  endfacet
  facet normal 0 0 -1
    outer loop
      vertex 24.4545 4.58589 6
      vertex 6.54548 4.58589 6
      vertex 6.58631 4.79116 6
    endloop
  endfacet
  facet normal 0 0 -1
    outer loop
      vertex 24.5218 4.38771 6
      vertex 6.47821 4.38771 6
      vertex 6.54548 4.58589 6
    endloop
  endfacet
  facet normal 0 0 -1
    outer loop
      vertex 24.6144 4.2 6
      vertex 6.38564 4.2 6
      vertex 6.47821 4.38771 6
    endloop
  endfacet
  facet normal 0 0 -1
    outer loop
      vertex 24.7306 4.02598 6
      vertex 6.26937 4.02598 6
      vertex 6.38564 4.2 6
    endloop
  endfacet
  facet normal 0 0 -1
    outer loop
      vertex 24.8686 3.86863 6
      vertex 6.13137 3.86863 6
      vertex 6.26937 4.02598 6
    endloop
  endfacet
  facet normal 0 0 -1
    outer loop
      vertex 25.026 3.73063 6
      vertex 5.97402 3.73063 6
      vertex 6.13137 3.86863 6
    endloop
  endfacet
  facet normal 0 0 -1
    outer loop
      vertex 25.2 3.61436 6
      vertex 5.8 3.61436 6
      vertex 5.97402 3.73063 6
    endloop
  endfacet
  facet normal 0 0 -1
    outer loop
      vertex 25.3877 3.52179 6
      vertex 5.61229 3.52179 6
      vertex 5.8 3.61436 6
    endloop
  endfacet
  facet normal 0 0 -1
    outer loop
      vertex 25.5859 3.45452 6
      vertex 5.41411 3.45452 6
      vertex 5.61229 3.52179 6
    endloop
  endfacet
  facet normal 0 0 -1
    outer loop
      vertex 25.7912 3.41369 6
      vertex 5.20884 3.41369 6
      vertex 5.41411 3.45452 6
    endloop
  endfacet
  facet normal 0 0 -1
    outer loop
      vertex 3 3 6
      vertex 5.20884 3.41369 6
      vertex 28 3 6
    endloop
  endfacet
  facet normal -0 0 -1
    outer loop
      vertex 3.41369 4.79116 6
      vertex 3 3 6
      vertex 3.4 5 6
    endloop
  endfacet
  facet normal -0 0 -1
    outer loop
      vertex 3.45452 4.58589 6
      vertex 3 3 6
      vertex 3.41369 4.79116 6
    endloop
  endfacet
  facet normal -0 0 -1
    outer loop
      vertex 3.52179 4.38771 6
      vertex 3 3 6
      vertex 3.45452 4.58589 6
    endloop
  endfacet
  facet normal -0 0 -1
    outer loop
      vertex 3.61436 4.2 6
      vertex 3 3 6
      vertex 3.52179 4.38771 6
    endloop
  endfacet
  facet normal -0 0 -1
    outer loop
      vertex 3.73063 4.02598 6
      vertex 3 3 6
      vertex 3.61436 4.2 6
    endloop
  endfacet
  facet normal -0 0 -1
    outer loop
      vertex 3.86863 3.86863 6
      vertex 3 3 6
      vertex 3.73063 4.02598 6
    endloop
  endfacet
  facet normal -0 0 -1
    outer loop
      vertex 4.02598 3.73063 6
      vertex 3 3 6
      vertex 3.86863 3.86863 6
    endloop
  endfacet
  facet normal -0 0 -1
    outer loop
      vertex 4.2 3.61436 6
      vertex 3 3 6
      vertex 4.02598 3.73063 6
    endloop
  endfacet
  facet normal -0 0 -1
    outer loop
      vertex 4.38771 3.52179 6
      vertex 3 3 6
      vertex 4.2 3.61436 6
    endloop
  endfacet
  facet normal -0 0 -1
    outer loop
      vertex 4.58589 3.45452 6
      vertex 3 3 6
      vertex 4.38771 3.52179 6
    endloop
  endfacet
  facet normal -0 0 -1
    outer loop
      vertex 4.79116 3.41369 6
      vertex 3 3 6
      vertex 4.58589 3.45452 6
    endloop
  endfacet
  facet normal -0 0 -1
    outer loop
      vertex 5 3.4 6
      vertex 3 3 6
      vertex 4.79116 3.41369 6
    endloop
  endfacet
  facet normal 0 0 -1
    outer loop
      vertex 5.20884 3.41369 6
      vertex 3 3 6
      vertex 5 3.4 6
    endloop
  endfacet
  facet normal 0 0 -1
    outer loop
      vertex 27.5863 5.20884 6
      vertex 28 6.43352 6
      vertex 27.6 5 6
    endloop
  endfacet
  facet normal 0 0 -1
    outer loop
      vertex 27.5455 5.41411 6
      vertex 28 6.43352 6
      vertex 27.5863 5.20884 6
    endloop
  endfacet
  facet normal 0 0 -1
    outer loop
      vertex 27.4782 5.61229 6
      vertex 28 6.43352 6
      vertex 27.5455 5.41411 6
    endloop
  endfacet
  facet normal 0 0 -1
    outer loop
      vertex 27.3856 5.8 6
      vertex 28 6.43352 6
      vertex 27.4782 5.61229 6
    endloop
  endfacet
  facet normal 0 0 -1
    outer loop
      vertex 27.2694 5.97402 6
      vertex 28 6.43352 6
      vertex 27.3856 5.8 6
    endloop
  endfacet
  facet normal 0 0 -1
    outer loop
      vertex 27.1314 6.13137 6
      vertex 28 6.43352 6
      vertex 27.2694 5.97402 6
    endloop
  endfacet
  facet normal 0 0 -1
    outer loop
      vertex 26.974 6.26937 6
      vertex 28 6.43352 6
      vertex 27.1314 6.13137 6
    endloop
  endfacet
  facet normal 0 0 -1
    outer loop
      vertex 26.8 6.38564 6
      vertex 28 6.43352 6
      vertex 26.974 6.26937 6
    endloop
  endfacet
  facet normal -0 0 -1
    outer loop
      vertex 28 6.43352 6
      vertex 26.8 6.38564 6
      vertex 26.7029 6.43352 6
    endloop
  endfacet
  facet normal 0 0 -1
    outer loop
      vertex 6.6 5 6
      vertex 24.4137 5.20884 6
      vertex 24.4 5 6
    endloop
  endfacet
  facet normal 0 0 -1
    outer loop
      vertex 6.58631 5.20884 6
      vertex 24.4137 5.20884 6
      vertex 6.6 5 6
    endloop
  endfacet
  facet normal 0 0 -1
    outer loop
      vertex 24.4137 5.20884 6
      vertex 6.58631 5.20884 6
      vertex 24.4545 5.41411 6
    endloop
  endfacet
  facet normal 0 0 -1
    outer loop
      vertex 6.54548 5.41411 6
      vertex 24.4545 5.41411 6
      vertex 6.58631 5.20884 6
    endloop
  endfacet
  facet normal 0 0 -1
    outer loop
      vertex 24.4545 5.41411 6
      vertex 6.54548 5.41411 6
      vertex 24.5218 5.61229 6
    endloop
  endfacet
  facet normal 0 0 -1
    outer loop
      vertex 6.47821 5.61229 6
      vertex 24.5218 5.61229 6
      vertex 6.54548 5.41411 6
    endloop
  endfacet
  facet normal 0 0 -1
    outer loop
      vertex 24.5218 5.61229 6
      vertex 6.47821 5.61229 6
      vertex 24.6144 5.8 6
    endloop
  endfacet
  facet normal 0 0 -1
    outer loop
      vertex 6.38564 5.8 6
      vertex 24.6144 5.8 6
      vertex 6.47821 5.61229 6
    endloop
  endfacet
  facet normal 0 0 -1
    outer loop
      vertex 24.6144 5.8 6
      vertex 6.38564 5.8 6
      vertex 24.7306 5.97402 6
    endloop
  endfacet
  facet normal 0 0 -1
    outer loop
      vertex 6.26937 5.97402 6
      vertex 24.7306 5.97402 6
      vertex 6.38564 5.8 6
    endloop
  endfacet
  facet normal 0 0 -1
    outer loop
      vertex 24.7306 5.97402 6
      vertex 6.26937 5.97402 6
      vertex 24.8686 6.13137 6
    endloop
  endfacet
  facet normal 0 0 -1
    outer loop
      vertex 6.13137 6.13137 6
      vertex 24.8686 6.13137 6
      vertex 6.26937 5.97402 6
    endloop
  endfacet
  facet normal 0 0 -1
    outer loop
      vertex 24.8686 6.13137 6
      vertex 6.13137 6.13137 6
      vertex 25.026 6.26937 6
    endloop
  endfacet
  facet normal 0 0 -1
    outer loop
      vertex 5.97402 6.26937 6
      vertex 25.026 6.26937 6
      vertex 6.13137 6.13137 6
    endloop
  endfacet
  facet normal 0 0 -1
    outer loop
      vertex 25.026 6.26937 6
      vertex 5.97402 6.26937 6
      vertex 25.2 6.38564 6
    endloop
  endfacet
  facet normal 0 0 -1
    outer loop
      vertex 5.8 6.38564 6
      vertex 25.2 6.38564 6
      vertex 5.97402 6.26937 6
    endloop
  endfacet
  facet normal 0 0 -1
    outer loop
      vertex 25.2 6.38564 6
      vertex 5.8 6.38564 6
      vertex 25.2971 6.43352 6
    endloop
  endfacet
  facet normal -0 0 -1
    outer loop
      vertex 25.2971 6.43352 6
      vertex 5.8 6.38564 6
      vertex 5.70291 6.43352 6
    endloop
  endfacet
  facet normal 0 0 -1
    outer loop
      vertex 3 6.43352 6
      vertex 3.4 5 6
      vertex 3 3 6
    endloop
  endfacet
  facet normal 0 0 -1
    outer loop
      vertex 4.2 6.38564 6
      vertex 3 6.43352 6
      vertex 4.29709 6.43352 6
    endloop
  endfacet
  facet normal 0 0 -1
    outer loop
      vertex 4.02598 6.26937 6
      vertex 3 6.43352 6
      vertex 4.2 6.38564 6
    endloop
  endfacet
  facet normal 0 0 -1
    outer loop
      vertex 3.86863 6.13137 6
      vertex 3 6.43352 6
      vertex 4.02598 6.26937 6
    endloop
  endfacet
  facet normal 0 0 -1
    outer loop
      vertex 3.73063 5.97402 6
      vertex 3 6.43352 6
      vertex 3.86863 6.13137 6
    endloop
  endfacet
  facet normal 0 0 -1
    outer loop
      vertex 3.61436 5.8 6
      vertex 3 6.43352 6
      vertex 3.73063 5.97402 6
    endloop
  endfacet
  facet normal 0 0 -1
    outer loop
      vertex 3.52179 5.61229 6
      vertex 3 6.43352 6
      vertex 3.61436 5.8 6
    endloop
  endfacet
  facet normal 0 0 -1
    outer loop
      vertex 3.45452 5.41411 6
      vertex 3 6.43352 6
      vertex 3.52179 5.61229 6
    endloop
  endfacet
  facet normal 0 0 -1
    outer loop
      vertex 3.41369 5.20884 6
      vertex 3 6.43352 6
      vertex 3.45452 5.41411 6
    endloop
  endfacet
  facet normal 0 0 -1
    outer loop
      vertex 3.4 5 6
      vertex 3 6.43352 6
      vertex 3.41369 5.20884 6
    endloop
  endfacet
  facet normal -0 0 1
    outer loop
      vertex 27.5863 5.20884 1
      vertex 28 3 1
      vertex 28 28 1
    endloop
  endfacet
  facet normal 0 0 1
    outer loop
      vertex 28 3 1
      vertex 27.5863 5.20884 1
      vertex 27.6 5 1
    endloop
  endfacet
  facet normal 0 0 1
    outer loop
      vertex 28 28 1
      vertex 27.5455 5.41411 1
      vertex 27.5863 5.20884 1
    endloop
  endfacet
  facet normal 0 0 1
    outer loop
      vertex 28 28 1
      vertex 27.4782 5.61229 1
      vertex 27.5455 5.41411 1
    endloop
  endfacet
  facet normal 0 0 1
    outer loop
      vertex 28 28 1
      vertex 27.3856 5.8 1
      vertex 27.4782 5.61229 1
    endloop
  endfacet
  facet normal 0 0 1
    outer loop
      vertex 28 28 1
      vertex 27.2694 5.97402 1
      vertex 27.3856 5.8 1
    endloop
  endfacet
  facet normal -0 0 1
    outer loop
      vertex 23.4316 17.4558 1
      vertex 27.2694 5.97402 1
      vertex 28 28 1
    endloop
  endfacet
  facet normal 0 0 1
    outer loop
      vertex 27.2694 5.97402 1
      vertex 23.4316 17.4558 1
      vertex 27.1314 6.13137 1
    endloop
  endfacet
  facet normal 0 0 1
    outer loop
      vertex 27.1314 6.13137 1
      vertex 23.4316 17.4558 1
      vertex 26.974 6.26937 1
    endloop
  endfacet
  facet normal -0 0 1
    outer loop
      vertex 23.2274 16.4294 1
      vertex 26.974 6.26937 1
      vertex 23.4316 17.4558 1
    endloop
  endfacet
  facet normal 0 0 1
    outer loop
      vertex 26.974 6.26937 1
      vertex 23.2274 16.4294 1
      vertex 26.8 6.38564 1
    endloop
  endfacet
  facet normal -0 0 1
    outer loop
      vertex 22.891 15.4385 1
      vertex 26.8 6.38564 1
      vertex 23.2274 16.4294 1
    endloop
  endfacet
  facet normal 0 0 1
    outer loop
      vertex 26.8 6.38564 1
      vertex 22.891 15.4385 1
      vertex 26.6123 6.47821 1
    endloop
  endfacet
  facet normal 0 0 1
    outer loop
      vertex 26.6123 6.47821 1
      vertex 22.891 15.4385 1
      vertex 26.4141 6.54548 1
    endloop
  endfacet
  facet normal -0 0 1
    outer loop
      vertex 22.4282 14.5 1
      vertex 26.4141 6.54548 1
      vertex 22.891 15.4385 1
    endloop
  endfacet
  facet normal 0 0 1
    outer loop
      vertex 26.4141 6.54548 1
      vertex 22.4282 14.5 1
      vertex 26.2088 6.58631 1
    endloop
  endfacet
  facet normal 0 0 1
    outer loop
      vertex 26.2088 6.58631 1
      vertex 22.4282 14.5 1
      vertex 26 6.6 1
    endloop
  endfacet
  facet normal -0 0 1
    outer loop
      vertex 21.8468 13.6299 1
      vertex 26 6.6 1
      vertex 22.4282 14.5 1
    endloop
  endfacet
  facet normal 0 0 1
    outer loop
      vertex 26 6.6 1
      vertex 21.8468 13.6299 1
      vertex 25.7912 6.58631 1
    endloop
  endfacet
  facet normal 0 0 1
    outer loop
      vertex 25.7912 6.58631 1
      vertex 21.8468 13.6299 1
      vertex 25.5859 6.54548 1
    endloop
  endfacet
  facet normal -0 0 1
    outer loop
      vertex 21.1569 12.8431 1
      vertex 25.5859 6.54548 1
      vertex 21.8468 13.6299 1
    endloop
  endfacet
  facet normal 0 0 1
    outer loop
      vertex 25.5859 6.54548 1
      vertex 21.1569 12.8431 1
      vertex 25.3877 6.47821 1
    endloop
  endfacet
  facet normal 0 0 1
    outer loop
      vertex 25.3877 6.47821 1
      vertex 21.1569 12.8431 1
      vertex 25.2 6.38564 1
    endloop
  endfacet
  facet normal -0 0 1
    outer loop
      vertex 20.3701 12.1532 1
      vertex 25.2 6.38564 1
      vertex 21.1569 12.8431 1
    endloop
  endfacet
  facet normal 0 0 1
    outer loop
      vertex 25.2 6.38564 1
      vertex 20.3701 12.1532 1
      vertex 25.026 6.26937 1
    endloop
  endfacet
  facet normal 0 0 1
    outer loop
      vertex 23.4316 17.4558 1
      vertex 28 28 1
      vertex 23.5 18.5 1
    endloop
  endfacet
  facet normal 0 0 1
    outer loop
      vertex 28 28 1
      vertex 23.4316 19.5442 1
      vertex 23.5 18.5 1
    endloop
  endfacet
  facet normal 0 0 1
    outer loop
      vertex 28 28 1
      vertex 23.2274 20.5706 1
      vertex 23.4316 19.5442 1
    endloop
  endfacet
  facet normal 0 0 1
    outer loop
      vertex 28 28 1
      vertex 22.891 21.5615 1
      vertex 23.2274 20.5706 1
    endloop
  endfacet
  facet normal 0 0 1
    outer loop
      vertex 28 28 1
      vertex 22.4282 22.5 1
      vertex 22.891 21.5615 1
    endloop
  endfacet
  facet normal 0 0 1
    outer loop
      vertex 28 28 1
      vertex 21.8468 23.3701 1
      vertex 22.4282 22.5 1
    endloop
  endfacet
  facet normal 0 0 1
    outer loop
      vertex 28 28 1
      vertex 21.1569 24.1569 1
      vertex 21.8468 23.3701 1
    endloop
  endfacet
  facet normal 0 0 1
    outer loop
      vertex 28 28 1
      vertex 20.3701 24.8468 1
      vertex 21.1569 24.1569 1
    endloop
  endfacet
  facet normal 0 0 1
    outer loop
      vertex 28 28 1
      vertex 19.5 25.4282 1
      vertex 20.3701 24.8468 1
    endloop
  endfacet
  facet normal 0 0 1
    outer loop
      vertex 28 28 1
      vertex 18.5615 25.891 1
      vertex 19.5 25.4282 1
    endloop
  endfacet
  facet normal 0 0 1
    outer loop
      vertex 28 28 1
      vertex 17.5706 26.2274 1
      vertex 18.5615 25.891 1
    endloop
  endfacet
  facet normal 0 0 1
    outer loop
      vertex 28 28 1
      vertex 16.5442 26.4316 1
      vertex 17.5706 26.2274 1
    endloop
  endfacet
  facet normal 0 0 1
    outer loop
      vertex 28 28 1
      vertex 15.5 26.5 1
      vertex 16.5442 26.4316 1
    endloop
  endfacet
  facet normal -0 0 1
    outer loop
      vertex 3 28 1
      vertex 15.5 26.5 1
      vertex 28 28 1
    endloop
  endfacet
  facet normal 0 0 1
    outer loop
      vertex 3 28 1
      vertex 7.5 18.5 1
      vertex 7.56844 19.5442 1
    endloop
  endfacet
  facet normal 0 0 1
    outer loop
      vertex 7.5 18.5 1
      vertex 6.58631 5.20884 1
      vertex 6.6 5 1
    endloop
  endfacet
  facet normal 0 0 1
    outer loop
      vertex 7.5 18.5 1
      vertex 6.54548 5.41411 1
      vertex 6.58631 5.20884 1
    endloop
  endfacet
  facet normal 0 0 1
    outer loop
      vertex 7.5 18.5 1
      vertex 6.47821 5.61229 1
      vertex 6.54548 5.41411 1
    endloop
  endfacet
  facet normal 0 0 1
    outer loop
      vertex 7.5 18.5 1
      vertex 6.38564 5.8 1
      vertex 6.47821 5.61229 1
    endloop
  endfacet
  facet normal 0 0 1
    outer loop
      vertex 7.5 18.5 1
      vertex 6.26937 5.97402 1
      vertex 6.38564 5.8 1
    endloop
  endfacet
  facet normal 0 0 1
    outer loop
      vertex 7.5 18.5 1
      vertex 6.13137 6.13137 1
      vertex 6.26937 5.97402 1
    endloop
  endfacet
  facet normal 0 0 1
    outer loop
      vertex 7.5 18.5 1
      vertex 5.97402 6.26937 1
      vertex 6.13137 6.13137 1
    endloop
  endfacet
  facet normal 0 0 1
    outer loop
      vertex 7.5 18.5 1
      vertex 5.8 6.38564 1
      vertex 5.97402 6.26937 1
    endloop
  endfacet
  facet normal 0 0 1
    outer loop
      vertex 7.5 18.5 1
      vertex 5.61229 6.47821 1
      vertex 5.8 6.38564 1
    endloop
  endfacet
  facet normal 0 0 1
    outer loop
      vertex 7.5 18.5 1
      vertex 5.41411 6.54548 1
      vertex 5.61229 6.47821 1
    endloop
  endfacet
  facet normal 0 0 1
    outer loop
      vertex 7.5 18.5 1
      vertex 5.20884 6.58631 1
      vertex 5.41411 6.54548 1
    endloop
  endfacet
  facet normal 0 0 1
    outer loop
      vertex 7.5 18.5 1
      vertex 5 6.6 1
      vertex 5.20884 6.58631 1
    endloop
  endfacet
  facet normal 0 0 1
    outer loop
      vertex 7.5 18.5 1
      vertex 4.79116 6.58631 1
      vertex 5 6.6 1
    endloop
  endfacet
  facet normal 0 0 1
    outer loop
      vertex 3 28 1
      vertex 7.56844 19.5442 1
      vertex 7.77259 20.5706 1
    endloop
  endfacet
  facet normal 0 0 1
    outer loop
      vertex 7.5 18.5 1
      vertex 4.58589 6.54548 1
      vertex 4.79116 6.58631 1
    endloop
  endfacet
  facet normal 0 0 1
    outer loop
      vertex 7.5 18.5 1
      vertex 4.38771 6.47821 1
      vertex 4.58589 6.54548 1
    endloop
  endfacet
  facet normal 0 0 1
    outer loop
      vertex 7.5 18.5 1
      vertex 4.2 6.38564 1
      vertex 4.38771 6.47821 1
    endloop
  endfacet
  facet normal 0 0 1
    outer loop
      vertex 7.5 18.5 1
      vertex 4.02598 6.26937 1
      vertex 4.2 6.38564 1
    endloop
  endfacet
  facet normal 0 0 1
    outer loop
      vertex 7.5 18.5 1
      vertex 3.86863 6.13137 1
      vertex 4.02598 6.26937 1
    endloop
  endfacet
  facet normal 0 -0 1
    outer loop
      vertex 3.73063 5.97402 1
      vertex 7.5 18.5 1
      vertex 3 28 1
    endloop
  endfacet
  facet normal 0 0 1
    outer loop
      vertex 7.5 18.5 1
      vertex 3.73063 5.97402 1
      vertex 3.86863 6.13137 1
    endloop
  endfacet
  facet normal 0 0 1
    outer loop
      vertex 3.73063 5.97402 1
      vertex 3 28 1
      vertex 3.61436 5.8 1
    endloop
  endfacet
  facet normal 0 0 1
    outer loop
      vertex 3.61436 5.8 1
      vertex 3 28 1
      vertex 3.52179 5.61229 1
    endloop
  endfacet
  facet normal 0 0 1
    outer loop
      vertex 3 3 1
      vertex 3.41369 5.20884 1
      vertex 3 28 1
    endloop
  endfacet
  facet normal 0 0 1
    outer loop
      vertex 3.45452 5.41411 1
      vertex 3 28 1
      vertex 3.41369 5.20884 1
    endloop
  endfacet
  facet normal 0 0 1
    outer loop
      vertex 3.52179 5.61229 1
      vertex 3 28 1
      vertex 3.45452 5.41411 1
    endloop
  endfacet
  facet normal 0 0 1
    outer loop
      vertex 8.10896 21.5615 1
      vertex 3 28 1
      vertex 7.77259 20.5706 1
    endloop
  endfacet
  facet normal 0 0 1
    outer loop
      vertex 8.5718 22.5 1
      vertex 3 28 1
      vertex 8.10896 21.5615 1
    endloop
  endfacet
  facet normal 0 0 1
    outer loop
      vertex 9.15317 23.3701 1
      vertex 3 28 1
      vertex 8.5718 22.5 1
    endloop
  endfacet
  facet normal 0 0 1
    outer loop
      vertex 9.84315 24.1569 1
      vertex 3 28 1
      vertex 9.15317 23.3701 1
    endloop
  endfacet
  facet normal 0 0 1
    outer loop
      vertex 10.6299 24.8468 1
      vertex 3 28 1
      vertex 9.84315 24.1569 1
    endloop
  endfacet
  facet normal 0 0 1
    outer loop
      vertex 11.5 25.4282 1
      vertex 3 28 1
      vertex 10.6299 24.8468 1
    endloop
  endfacet
  facet normal 0 0 1
    outer loop
      vertex 12.4385 25.891 1
      vertex 3 28 1
      vertex 11.5 25.4282 1
    endloop
  endfacet
  facet normal 0 0 1
    outer loop
      vertex 13.4294 26.2274 1
      vertex 3 28 1
      vertex 12.4385 25.891 1
    endloop
  endfacet
  facet normal 0 0 1
    outer loop
      vertex 14.4558 26.4316 1
      vertex 3 28 1
      vertex 13.4294 26.2274 1
    endloop
  endfacet
  facet normal 0 0 1
    outer loop
      vertex 15.5 26.5 1
      vertex 3 28 1
      vertex 14.4558 26.4316 1
    endloop
  endfacet
  facet normal -0 0 1
    outer loop
      vertex 27.5863 4.79116 1
      vertex 28 3 1
      vertex 27.6 5 1
    endloop
  endfacet
  facet normal -0 0 1
    outer loop
      vertex 27.5455 4.58589 1
      vertex 28 3 1
      vertex 27.5863 4.79116 1
    endloop
  endfacet
  facet normal -0 0 1
    outer loop
      vertex 27.4782 4.38771 1
      vertex 28 3 1
      vertex 27.5455 4.58589 1
    endloop
  endfacet
  facet normal -0 0 1
    outer loop
      vertex 27.3856 4.2 1
      vertex 28 3 1
      vertex 27.4782 4.38771 1
    endloop
  endfacet
  facet normal -0 0 1
    outer loop
      vertex 27.2694 4.02598 1
      vertex 28 3 1
      vertex 27.3856 4.2 1
    endloop
  endfacet
  facet normal -0 0 1
    outer loop
      vertex 27.1314 3.86863 1
      vertex 28 3 1
      vertex 27.2694 4.02598 1
    endloop
  endfacet
  facet normal -0 0 1
    outer loop
      vertex 26.974 3.73063 1
      vertex 28 3 1
      vertex 27.1314 3.86863 1
    endloop
  endfacet
  facet normal -0 0 1
    outer loop
      vertex 26.8 3.61436 1
      vertex 28 3 1
      vertex 26.974 3.73063 1
    endloop
  endfacet
  facet normal -0 0 1
    outer loop
      vertex 26.6123 3.52179 1
      vertex 28 3 1
      vertex 26.8 3.61436 1
    endloop
  endfacet
  facet normal -0 0 1
    outer loop
      vertex 26.4141 3.45452 1
      vertex 28 3 1
      vertex 26.6123 3.52179 1
    endloop
  endfacet
  facet normal -0 0 1
    outer loop
      vertex 26.2088 3.41369 1
      vertex 28 3 1
      vertex 26.4141 3.45452 1
    endloop
  endfacet
  facet normal -0 0 1
    outer loop
      vertex 26 3.4 1
      vertex 28 3 1
      vertex 26.2088 3.41369 1
    endloop
  endfacet
  facet normal 0 0 1
    outer loop
      vertex 25.7912 3.41369 1
      vertex 28 3 1
      vertex 26 3.4 1
    endloop
  endfacet
  facet normal 0 0 1
    outer loop
      vertex 25.026 6.26937 1
      vertex 20.3701 12.1532 1
      vertex 24.8686 6.13137 1
    endloop
  endfacet
  facet normal -0 0 1
    outer loop
      vertex 19.5 11.5718 1
      vertex 24.8686 6.13137 1
      vertex 20.3701 12.1532 1
    endloop
  endfacet
  facet normal 0 0 1
    outer loop
      vertex 24.8686 6.13137 1
      vertex 19.5 11.5718 1
      vertex 24.7306 5.97402 1
    endloop
  endfacet
  facet normal 0 0 1
    outer loop
      vertex 24.7306 5.97402 1
      vertex 19.5 11.5718 1
      vertex 24.6144 5.8 1
    endloop
  endfacet
  facet normal -0 0 1
    outer loop
      vertex 18.5615 11.109 1
      vertex 24.6144 5.8 1
      vertex 19.5 11.5718 1
    endloop
  endfacet
  facet normal 0 0 1
    outer loop
      vertex 24.6144 5.8 1
      vertex 18.5615 11.109 1
      vertex 24.5218 5.61229 1
    endloop
  endfacet
  facet normal 0 0 1
    outer loop
      vertex 24.5218 5.61229 1
      vertex 18.5615 11.109 1
      vertex 24.4545 5.41411 1
    endloop
  endfacet
  facet normal -0 0 1
    outer loop
      vertex 17.5706 10.7726 1
      vertex 24.4545 5.41411 1
      vertex 18.5615 11.109 1
    endloop
  endfacet
  facet normal 0 0 1
    outer loop
      vertex 24.4545 5.41411 1
      vertex 17.5706 10.7726 1
      vertex 24.4137 5.20884 1
    endloop
  endfacet
  facet normal 0 0 1
    outer loop
      vertex 24.4137 5.20884 1
      vertex 17.5706 10.7726 1
      vertex 24.4 5 1
    endloop
  endfacet
  facet normal -0 0 1
    outer loop
      vertex 16.5442 10.5684 1
      vertex 24.4 5 1
      vertex 17.5706 10.7726 1
    endloop
  endfacet
  facet normal 0 0 1
    outer loop
      vertex 24.4 5 1
      vertex 16.5442 10.5684 1
      vertex 24.4137 4.79116 1
    endloop
  endfacet
  facet normal 0 0 1
    outer loop
      vertex 24.4137 4.79116 1
      vertex 16.5442 10.5684 1
      vertex 24.4545 4.58589 1
    endloop
  endfacet
  facet normal -0 0 1
    outer loop
      vertex 15.5 10.5 1
      vertex 24.4545 4.58589 1
      vertex 16.5442 10.5684 1
    endloop
  endfacet
  facet normal 0 0 1
    outer loop
      vertex 24.4545 4.58589 1
      vertex 15.5 10.5 1
      vertex 24.5218 4.38771 1
    endloop
  endfacet
  facet normal 0 0 1
    outer loop
      vertex 6.47821 4.38771 1
      vertex 24.5218 4.38771 1
      vertex 15.5 10.5 1
    endloop
  endfacet
  facet normal 0 0 1
    outer loop
      vertex 24.5218 4.38771 1
      vertex 6.47821 4.38771 1
      vertex 24.6144 4.2 1
    endloop
  endfacet
  facet normal 0 0 1
    outer loop
      vertex 6.38564 4.2 1
      vertex 24.6144 4.2 1
      vertex 6.47821 4.38771 1
    endloop
  endfacet
  facet normal 0 0 1
    outer loop
      vertex 24.6144 4.2 1
      vertex 6.38564 4.2 1
      vertex 24.7306 4.02598 1
    endloop
  endfacet
  facet normal 0 0 1
    outer loop
      vertex 6.54548 4.58589 1
      vertex 15.5 10.5 1
      vertex 14.4558 10.5684 1
    endloop
  endfacet
  facet normal 0 0 1
    outer loop
      vertex 6.26937 4.02598 1
      vertex 24.7306 4.02598 1
      vertex 6.38564 4.2 1
    endloop
  endfacet
  facet normal 0 0 1
    outer loop
      vertex 6.6 5 1
      vertex 14.4558 10.5684 1
      vertex 13.4294 10.7726 1
    endloop
  endfacet
  facet normal 0 0 1
    outer loop
      vertex 6.6 5 1
      vertex 13.4294 10.7726 1
      vertex 12.4385 11.109 1
    endloop
  endfacet
  facet normal 0 0 1
    outer loop
      vertex 6.6 5 1
      vertex 12.4385 11.109 1
      vertex 11.5 11.5718 1
    endloop
  endfacet
  facet normal 0 0 1
    outer loop
      vertex 6.6 5 1
      vertex 7.56844 17.4558 1
      vertex 7.5 18.5 1
    endloop
  endfacet
  facet normal 0 0 1
    outer loop
      vertex 6.6 5 1
      vertex 7.77259 16.4294 1
      vertex 7.56844 17.4558 1
    endloop
  endfacet
  facet normal 0 0 1
    outer loop
      vertex 6.6 5 1
      vertex 8.10896 15.4385 1
      vertex 7.77259 16.4294 1
    endloop
  endfacet
  facet normal 0 0 1
    outer loop
      vertex 6.6 5 1
      vertex 8.5718 14.5 1
      vertex 8.10896 15.4385 1
    endloop
  endfacet
  facet normal 0 0 1
    outer loop
      vertex 6.6 5 1
      vertex 9.15317 13.6299 1
      vertex 8.5718 14.5 1
    endloop
  endfacet
  facet normal 0 0 1
    outer loop
      vertex 6.6 5 1
      vertex 9.84315 12.8431 1
      vertex 9.15317 13.6299 1
    endloop
  endfacet
  facet normal 0 0 1
    outer loop
      vertex 6.6 5 1
      vertex 10.6299 12.1532 1
      vertex 9.84315 12.8431 1
    endloop
  endfacet
  facet normal 0 0 1
    outer loop
      vertex 6.6 5 1
      vertex 11.5 11.5718 1
      vertex 10.6299 12.1532 1
    endloop
  endfacet
  facet normal 0 0 1
    outer loop
      vertex 14.4558 10.5684 1
      vertex 6.6 5 1
      vertex 6.58631 4.79116 1
    endloop
  endfacet
  facet normal 0 0 1
    outer loop
      vertex 14.4558 10.5684 1
      vertex 6.58631 4.79116 1
      vertex 6.54548 4.58589 1
    endloop
  endfacet
  facet normal 0 0 1
    outer loop
      vertex 15.5 10.5 1
      vertex 6.54548 4.58589 1
      vertex 6.47821 4.38771 1
    endloop
  endfacet
  facet normal 0 0 1
    outer loop
      vertex 24.7306 4.02598 1
      vertex 6.26937 4.02598 1
      vertex 24.8686 3.86863 1
    endloop
  endfacet
  facet normal 0 0 1
    outer loop
      vertex 6.13137 3.86863 1
      vertex 24.8686 3.86863 1
      vertex 6.26937 4.02598 1
    endloop
  endfacet
  facet normal 0 0 1
    outer loop
      vertex 24.8686 3.86863 1
      vertex 6.13137 3.86863 1
      vertex 25.026 3.73063 1
    endloop
  endfacet
  facet normal 0 0 1
    outer loop
      vertex 5.97402 3.73063 1
      vertex 25.026 3.73063 1
      vertex 6.13137 3.86863 1
    endloop
  endfacet
  facet normal 0 0 1
    outer loop
      vertex 25.026 3.73063 1
      vertex 5.97402 3.73063 1
      vertex 25.2 3.61436 1
    endloop
  endfacet
  facet normal 0 0 1
    outer loop
      vertex 5.8 3.61436 1
      vertex 25.2 3.61436 1
      vertex 5.97402 3.73063 1
    endloop
  endfacet
  facet normal 0 0 1
    outer loop
      vertex 25.2 3.61436 1
      vertex 5.8 3.61436 1
      vertex 25.3877 3.52179 1
    endloop
  endfacet
  facet normal 0 0 1
    outer loop
      vertex 5.61229 3.52179 1
      vertex 25.3877 3.52179 1
      vertex 5.8 3.61436 1
    endloop
  endfacet
  facet normal 0 0 1
    outer loop
      vertex 25.3877 3.52179 1
      vertex 5.61229 3.52179 1
      vertex 25.5859 3.45452 1
    endloop
  endfacet
  facet normal 0 0 1
    outer loop
      vertex 5.41411 3.45452 1
      vertex 25.5859 3.45452 1
      vertex 5.61229 3.52179 1
    endloop
  endfacet
  facet normal 0 0 1
    outer loop
      vertex 25.5859 3.45452 1
      vertex 5.41411 3.45452 1
      vertex 25.7912 3.41369 1
    endloop
  endfacet
  facet normal 0 0 1
    outer loop
      vertex 5.20884 3.41369 1
      vertex 25.7912 3.41369 1
      vertex 5.41411 3.45452 1
    endloop
  endfacet
  facet normal 0 0 1
    outer loop
      vertex 25.7912 3.41369 1
      vertex 5.20884 3.41369 1
      vertex 28 3 1
    endloop
  endfacet
  facet normal 0 0 1
    outer loop
      vertex 3 3 1
      vertex 5.20884 3.41369 1
      vertex 5 3.4 1
    endloop
  endfacet
  facet normal 0 0 1
    outer loop
      vertex 5.20884 3.41369 1
      vertex 3 3 1
      vertex 28 3 1
    endloop
  endfacet
  facet normal 0 0 1
    outer loop
      vertex 4.79116 3.41369 1
      vertex 3 3 1
      vertex 5 3.4 1
    endloop
  endfacet
  facet normal 0 0 1
    outer loop
      vertex 4.58589 3.45452 1
      vertex 3 3 1
      vertex 4.79116 3.41369 1
    endloop
  endfacet
  facet normal 0 0 1
    outer loop
      vertex 4.38771 3.52179 1
      vertex 3 3 1
      vertex 4.58589 3.45452 1
    endloop
  endfacet
  facet normal 0 0 1
    outer loop
      vertex 4.2 3.61436 1
      vertex 3 3 1
      vertex 4.38771 3.52179 1
    endloop
  endfacet
  facet normal 0 0 1
    outer loop
      vertex 4.02598 3.73063 1
      vertex 3 3 1
      vertex 4.2 3.61436 1
    endloop
  endfacet
  facet normal 0 0 1
    outer loop
      vertex 3.86863 3.86863 1
      vertex 3 3 1
      vertex 4.02598 3.73063 1
    endloop
  endfacet
  facet normal 0 0 1
    outer loop
      vertex 3.73063 4.02598 1
      vertex 3 3 1
      vertex 3.86863 3.86863 1
    endloop
  endfacet
  facet normal 0 0 1
    outer loop
      vertex 3.61436 4.2 1
      vertex 3 3 1
      vertex 3.73063 4.02598 1
    endloop
  endfacet
  facet normal 0 0 1
    outer loop
      vertex 3.52179 4.38771 1
      vertex 3 3 1
      vertex 3.61436 4.2 1
    endloop
  endfacet
  facet normal 0 0 1
    outer loop
      vertex 3.45452 4.58589 1
      vertex 3 3 1
      vertex 3.52179 4.38771 1
    endloop
  endfacet
  facet normal 0 0 1
    outer loop
      vertex 3.41369 4.79116 1
      vertex 3 3 1
      vertex 3.45452 4.58589 1
    endloop
  endfacet
  facet normal 0 0 1
    outer loop
      vertex 3.4 5 1
      vertex 3 3 1
      vertex 3.41369 4.79116 1
    endloop
  endfacet
  facet normal 0 0 1
    outer loop
      vertex 3.41369 5.20884 1
      vertex 3 3 1
      vertex 3.4 5 1
    endloop
  endfacet
  facet normal 1 0 0
    outer loop
      vertex 3 6.43352 6
      vertex 3 3 6
      vertex 3 3 4.39892
    endloop
  endfacet
  facet normal 1 -0 0
    outer loop
      vertex 3 3 3
      vertex 3 28 1
      vertex 3 28 3
    endloop
  endfacet
  facet normal 1 0 0
    outer loop
      vertex 3 28 1
      vertex 3 3 3
      vertex 3 3 1
    endloop
  endfacet
  facet normal 0 -1 0
    outer loop
      vertex 3 28 1
      vertex 28 28 3
      vertex 3 28 3
    endloop
  endfacet
  facet normal 0 -1 -0
    outer loop
      vertex 28 28 3
      vertex 3 28 1
      vertex 28 28 1
    endloop
  endfacet
  facet normal 0 1 -0
    outer loop
      vertex 28 3 4.39892
      vertex 3 3 6
      vertex 28 3 6
    endloop
  endfacet
  facet normal 0 1 0
    outer loop
      vertex 3 3 6
      vertex 28 3 4.39892
      vertex 3 3 4.39892
    endloop
  endfacet
  facet normal 0 1 -0
    outer loop
      vertex 28 3 1
      vertex 3 3 3
      vertex 28 3 3
    endloop
  endfacet
  facet normal 0 1 0
    outer loop
      vertex 3 3 3
      vertex 28 3 1
      vertex 3 3 1
    endloop
  endfacet
endsolid OpenSCAD_Model
