solid piZeroEnderMountV3C.stl
facet normal 0.0 -0.0 -1.0
outer loop
vertex 2.1337733268737793 51.87569808959961 -3.6382997035980225
vertex 10.576773643493652 51.87569808959961 -3.6382997035980225
vertex 2.1337733268737793 40.10000228881836 -3.6382997035980225
endloop
endfacet
facet normal 0.0 0.0 -1.0
outer loop
vertex 2.1337733268737793 40.10000228881836 -3.6382997035980225
vertex 10.576773643493652 51.87569808959961 -3.6382997035980225
vertex 10.576773643493652 40.10000228881836 -3.6382997035980225
endloop
endfacet
facet normal 0.0 0.0 -1.0
outer loop
vertex 10.576773643493652 55.1821403503418 -3.6382997035980225
vertex 2.1337733268737793 55.1821403503418 -3.6382997035980225
vertex 10.576773643493652 60.54115676879883 -3.6382997035980225
endloop
endfacet
facet normal -0.0 0.0 -1.0
outer loop
vertex 10.576773643493652 60.54115676879883 -3.6382997035980225
vertex 2.1337733268737793 55.1821403503418 -3.6382997035980225
vertex 2.1337733268737793 60.54115676879883 -3.6382997035980225
endloop
endfacet
facet normal 0.0 0.0 1.0
outer loop
vertex 10.576773643493652 52.35536575317383 -0.11711577326059341
vertex 2.1337733268737793 52.35536575317383 -0.11711577326059341
vertex 10.576773643493652 42.627864837646484 -0.11711577326059341
endloop
endfacet
facet normal 0.0 0.0 1.0
outer loop
vertex 10.576773643493652 42.627864837646484 -0.11711577326059341
vertex 2.1337733268737793 52.35536575317383 -0.11711577326059341
vertex 2.1337733268737793 42.627864837646484 -0.11711577326059341
endloop
endfacet
facet normal 0.0 -0.0 0.9999999999999999
outer loop
vertex 2.1337733268737793 55.66180419921875 -0.11711577326059341
vertex 10.576773643493652 55.66180419921875 -0.11711577326059341
vertex 2.1337733268737793 63.71195602416992 -0.11711577326059341
endloop
endfacet
facet normal -0.0 0.0 0.9999999999999999
outer loop
vertex 2.1337733268737793 63.71195602416992 -0.11711577326059341
vertex 10.576773643493652 55.66180419921875 -0.11711577326059341
vertex 10.576773643493652 63.71195602416992 -0.11711577326059341
endloop
endfacet
facet normal 0.0 0.9908488016911433 -0.13497648753477595
outer loop
vertex 10.576773643493652 55.66180419921875 -0.11711577326059341
vertex 2.1337733268737793 55.66180419921875 -0.11711577326059341
vertex 10.576773643493652 57.43405532836914 12.892801284790039
endloop
endfacet
facet normal 0.0 0.9908488016911433 -0.13497648753477595
outer loop
vertex 10.576773643493652 57.43405532836914 12.892801284790039
vertex 2.1337733268737793 55.66180419921875 -0.11711577326059341
vertex 2.1337733268737793 57.43405532836914 12.892801284790039
endloop
endfacet
facet normal 1.0 0.0 -0.0
outer loop
vertex 10.576773643493652 50.33116912841797 -14.97653865814209
vertex 10.576773643493652 54.226951599121094 -10.650257110595703
vertex 10.576773643493652 51.87569808959961 -3.6382997035980225
endloop
endfacet
facet normal 1.0 -0.0 0.0
outer loop
vertex 10.576773643493652 51.87569808959961 -3.6382997035980225
vertex 10.576773643493652 54.226951599121094 -10.650257110595703
vertex 10.576773643493652 55.1821403503418 -3.6382997035980225
endloop
endfacet
facet normal 1.0 0.0 0.0
outer loop
vertex 10.576773643493652 51.87569808959961 -3.6382997035980225
vertex 10.576773643493652 55.1821403503418 -3.6382997035980225
vertex 10.576773643493652 55.66180419921875 -0.11711577326059341
endloop
endfacet
facet normal 1.0 -0.0 0.0
outer loop
vertex 10.576773643493652 55.66180419921875 -0.11711577326059341
vertex 10.576773643493652 55.1821403503418 -3.6382997035980225
vertex 10.576773643493652 60.54115676879883 -3.6382997035980225
endloop
endfacet
facet normal 1.0 -0.0 0.0
outer loop
vertex 10.576773643493652 55.66180419921875 -0.11711577326059341
vertex 10.576773643493652 60.54115676879883 -3.6382997035980225
vertex 10.576773643493652 63.71195602416992 -0.11711577326059341
endloop
endfacet
facet normal 1.0 0.0 0.0
outer loop
vertex 10.576773643493652 57.43405532836914 12.892801284790039
vertex 10.576773643493652 53.67803192138672 9.59245491027832
vertex 10.576773643493652 55.66180419921875 -0.11711577326059341
endloop
endfacet
facet normal 1.0 0.0 0.0
outer loop
vertex 10.576773643493652 55.66180419921875 -0.11711577326059341
vertex 10.576773643493652 53.67803192138672 9.59245491027832
vertex 10.576773643493652 52.35536575317383 -0.11711577326059341
endloop
endfacet
facet normal 1.0 0.0 0.0
outer loop
vertex 10.576773643493652 55.66180419921875 -0.11711577326059341
vertex 10.576773643493652 52.35536575317383 -0.11711577326059341
vertex 10.576773643493652 51.87569808959961 -3.6382997035980225
endloop
endfacet
facet normal 1.0 0.0 -0.0
outer loop
vertex 10.576773643493652 51.87569808959961 -3.6382997035980225
vertex 10.576773643493652 52.35536575317383 -0.11711577326059341
vertex 10.576773643493652 42.627864837646484 -0.11711577326059341
endloop
endfacet
facet normal 1.0 0.0 0.0
outer loop
vertex 10.576773643493652 51.87569808959961 -3.6382997035980225
vertex 10.576773643493652 42.627864837646484 -0.11711577326059341
vertex 10.576773643493652 40.10000228881836 -3.6382997035980225
endloop
endfacet
facet normal 0.0 -0.9908488231585019 0.134976329944965
outer loop
vertex 2.1337733268737793 52.35536575317383 -0.11711577326059341
vertex 10.576773643493652 52.35536575317383 -0.11711577326059341
vertex 2.1337733268737793 53.67803192138672 9.59245491027832
endloop
endfacet
facet normal 0.0 -0.9908488231585019 0.134976329944965
outer loop
vertex 2.1337733268737793 53.67803192138672 9.59245491027832
vertex 10.576773643493652 52.35536575317383 -0.11711577326059341
vertex 10.576773643493652 53.67803192138672 9.59245491027832
endloop
endfacet
facet normal 0.0015098185257714821 0.6600685066232506 -0.7512038917711829
outer loop
vertex 10.577044486999512 40.10000228881836 -2.3382997512817383
vertex 10.576773643493652 42.627864837646484 -0.11711577326059341
vertex 10.576773643493652 53.67803192138672 9.59245491027832
endloop
endfacet
facet normal 0.0052421254575566794 0.660060231593117 -0.7511943894824614
outer loop
vertex 10.577044486999512 40.10000228881836 -2.3382997512817383
vertex 10.576773643493652 53.67803192138672 9.59245491027832
vertex 10.576773643493652 57.43405532836914 12.892801284790039
endloop
endfacet
facet normal 0.0 0.6600692589547726 -0.7512047479768065
outer loop
vertex 10.576773643493652 42.627864837646484 -0.11711577326059341
vertex 2.1337733268737793 42.627864837646484 -0.11711577326059341
vertex 10.576773643493652 53.67803192138672 9.59245491027832
endloop
endfacet
facet normal 0.0 0.6600692589547726 -0.7512047479768065
outer loop
vertex 10.576773643493652 53.67803192138672 9.59245491027832
vertex 2.1337733268737793 42.627864837646484 -0.11711577326059341
vertex 2.1337733268737793 53.67803192138672 9.59245491027832
endloop
endfacet
facet normal 0.003750524719845412 0.6600646453881005 -0.7511994392123885
outer loop
vertex 10.577044486999512 40.10000228881836 -2.3382997512817383
vertex 10.576773643493652 57.43405532836914 12.892801284790039
vertex 10.576773643493652 61.300350189208984 16.290040969848633
endloop
endfacet
facet normal 0.0 0.660069287815515 -0.7512047226174227
outer loop
vertex 10.576773643493652 61.300350189208984 16.290040969848633
vertex 10.576773643493652 57.43405532836914 12.892801284790039
vertex 2.1337733268737793 57.43405532836914 12.892801284790039
endloop
endfacet
facet normal 0.0 0.660069287815515 -0.7512047226174227
outer loop
vertex 10.576773643493652 61.300350189208984 16.290040969848633
vertex 2.1337733268737793 57.43405532836914 12.892801284790039
vertex 2.1337733268737793 61.300350189208984 16.290040969848633
endloop
endfacet
facet normal 0.005574816943258482 0.6600590438785018 -0.7511930377807341
outer loop
vertex 10.576773643493652 61.300350189208984 16.290040969848633
vertex 10.576773643493652 65.0563735961914 19.59038734436035
vertex 10.577044486999512 40.10000228881836 -2.3382997512817383
endloop
endfacet
facet normal 0.0018274586312248267 0.6600681758312129 -0.7512034768621657
outer loop
vertex 10.577044486999512 40.10000228881836 -2.3382997512817383
vertex 10.576773643493652 65.0563735961914 19.59038734436035
vertex 10.577044486999512 89.27516174316406 40.870975494384766
endloop
endfacet
facet normal -0.010923366694632114 0.6600299775963139 -0.7511598423333504
outer loop
vertex 10.577044486999512 89.27516174316406 40.870975494384766
vertex 10.576773643493652 65.0563735961914 19.59038734436035
vertex 10.576773643493652 73.22281646728516 26.76608657836914
endloop
endfacet
facet normal 0.03482823663647499 0.6596684673870346 -0.7507492970812791
outer loop
vertex 10.577044486999512 89.27516174316406 40.870975494384766
vertex 10.576773643493652 73.22281646728516 26.76608657836914
vertex 10.576773643493652 76.97884368896484 30.06643295288086
endloop
endfacet
facet normal 0.0 0.6600693584891878 -0.7512046605178059
outer loop
vertex 10.576773643493652 65.0563735961914 19.59038734436035
vertex 2.1337733268737793 65.0563735961914 19.59038734436035
vertex 10.576773643493652 73.22281646728516 26.76608657836914
endloop
endfacet
facet normal 0.0 0.6600693584891878 -0.7512046605178059
outer loop
vertex 10.576773643493652 73.22281646728516 26.76608657836914
vertex 2.1337733268737793 65.0563735961914 19.59038734436035
vertex 2.1337733268737793 73.22281646728516 26.76608657836914
endloop
endfacet
facet normal 4.103828467312078e-07 0.6600693558280657 -0.7512046628559714
outer loop
vertex 10.577044486999512 89.27516174316406 40.870975494384766
vertex 10.576773643493652 76.97884368896484 30.06643295288086
vertex 3.1337790489196777 89.27497100830078 40.87080383300781
endloop
endfacet
facet normal 0.0 0.6600692156483947 -0.751204786029291
outer loop
vertex 3.1337790489196777 89.27497100830078 40.87080383300781
vertex 10.576773643493652 76.97884368896484 30.06643295288086
vertex 2.1337733268737793 76.97884368896484 30.06643295288086
endloop
endfacet
facet normal 1.6234582550754714e-06 0.6600691411414008 -0.7512048514953944
outer loop
vertex 3.1337790489196777 89.27497100830078 40.87080383300781
vertex 2.1337733268737793 76.97884368896484 30.06643295288086
vertex 2.1337733268737793 89.27529907226562 40.871089935302734
endloop
endfacet
facet normal 0.0 0.6572628625373398 -0.753661415709483
outer loop
vertex 2.1337733268737793 89.27529907226562 40.871089935302734
vertex 3.1337790489196777 89.27529907226562 40.871089935302734
vertex 3.1337790489196777 89.27497100830078 40.87080383300781
endloop
endfacet
facet normal 0.0 -0.9908488134696352 0.13497640107002462
outer loop
vertex 10.576773643493652 51.87569808959961 -3.6382997035980225
vertex 2.1337733268737793 51.87569808959961 -3.6382997035980225
vertex 10.576773643493652 50.33116912841797 -14.97653865814209
endloop
endfacet
facet normal 0.0 -0.9908488134696352 0.13497640107002462
outer loop
vertex 10.576773643493652 50.33116912841797 -14.97653865814209
vertex 2.1337733268737793 51.87569808959961 -3.6382997035980225
vertex 2.1337733268737793 50.33116912841797 -14.97653865814209
endloop
endfacet
facet normal 0.0 0.990848835107645 -0.13497624222737564
outer loop
vertex 2.1337733268737793 55.1821403503418 -3.6382997035980225
vertex 10.576773643493652 55.1821403503418 -3.6382997035980225
vertex 2.1337733268737793 54.226951599121094 -10.650257110595703
endloop
endfacet
facet normal 0.0 0.990848835107645 -0.13497624222737564
outer loop
vertex 2.1337733268737793 54.226951599121094 -10.650257110595703
vertex 10.576773643493652 55.1821403503418 -3.6382997035980225
vertex 10.576773643493652 54.226951599121094 -10.650257110595703
endloop
endfacet
facet normal 0.0 0.0 -1.0
outer loop
vertex 10.576773643493652 74.70004272460938 16.290040969848633
vertex 2.1337733268737793 74.70004272460938 16.290040969848633
vertex 10.576773643493652 78.48645782470703 16.290040969848633
endloop
endfacet
facet normal -0.0 0.0 -1.0
outer loop
vertex 10.576773643493652 78.48645782470703 16.290040969848633
vertex 2.1337733268737793 74.70004272460938 16.290040969848633
vertex 2.1337733268737793 78.48645782470703 16.290040969848633
endloop
endfacet
facet normal 0.0 -0.0 -1.0
outer loop
vertex 2.1337733268737793 71.48993682861328 16.290040969848633
vertex 10.576773643493652 71.48993682861328 16.290040969848633
vertex 2.1337733268737793 61.300350189208984 16.290040969848633
endloop
endfacet
facet normal 0.0 0.0 -1.0
outer loop
vertex 2.1337733268737793 61.300350189208984 16.290040969848633
vertex 10.576773643493652 71.48993682861328 16.290040969848633
vertex 10.576773643493652 61.300350189208984 16.290040969848633
endloop
endfacet
facet normal 0.0 -0.0 1.0
outer loop
vertex 2.1337733268737793 75.24596405029297 19.59038734436035
vertex 10.576773643493652 75.24596405029297 19.59038734436035
vertex 2.1337733268737793 81.4583969116211 19.59038734436035
endloop
endfacet
facet normal -0.0 0.0 1.0
outer loop
vertex 2.1337733268737793 81.4583969116211 19.59038734436035
vertex 10.576773643493652 75.24596405029297 19.59038734436035
vertex 10.576773643493652 81.4583969116211 19.59038734436035
endloop
endfacet
facet normal 0.0 0.0 0.9999999999999999
outer loop
vertex 10.576773643493652 72.03585815429688 19.59038734436035
vertex 2.1337733268737793 72.03585815429688 19.59038734436035
vertex 10.576773643493652 65.0563735961914 19.59038734436035
endloop
endfacet
facet normal 0.0 0.0 0.9999999999999999
outer loop
vertex 10.576773643493652 65.0563735961914 19.59038734436035
vertex 2.1337733268737793 72.03585815429688 19.59038734436035
vertex 2.1337733268737793 65.0563735961914 19.59038734436035
endloop
endfacet
facet normal 0.0 -0.9865936647025185 0.16319601946387724
outer loop
vertex 2.1337733268737793 72.03585815429688 19.59038734436035
vertex 10.576773643493652 72.03585815429688 19.59038734436035
vertex 2.1337733268737793 73.22281646728516 26.76608657836914
endloop
endfacet
facet normal 0.0 -0.9865936647025185 0.16319601946387724
outer loop
vertex 2.1337733268737793 73.22281646728516 26.76608657836914
vertex 10.576773643493652 72.03585815429688 19.59038734436035
vertex 10.576773643493652 73.22281646728516 26.76608657836914
endloop
endfacet
facet normal 0.0 0.9865937209914267 -0.16319567917163408
outer loop
vertex 2.1337733268737793 74.70004272460938 16.290040969848633
vertex 10.576773643493652 74.70004272460938 16.290040969848633
vertex 2.1337733268737793 73.84799194335938 11.138998031616211
endloop
endfacet
facet normal 0.0 0.9865937209914267 -0.16319567917163408
outer loop
vertex 2.1337733268737793 73.84799194335938 11.138998031616211
vertex 10.576773643493652 74.70004272460938 16.290040969848633
vertex 10.576773643493652 73.84799194335938 11.138998031616211
endloop
endfacet
facet normal -1.0 0.0 0.0
outer loop
vertex 2.1337733268737793 54.226951599121094 -10.650257110595703
vertex 2.1337733268737793 51.87569808959961 -3.6382997035980225
vertex 2.1337733268737793 55.1821403503418 -3.6382997035980225
endloop
endfacet
facet normal -1.0 0.0 0.0
outer loop
vertex 2.1337733268737793 55.1821403503418 -3.6382997035980225
vertex 2.1337733268737793 51.87569808959961 -3.6382997035980225
vertex 2.1337733268737793 52.35536575317383 -0.11711577326059341
endloop
endfacet
facet normal -1.0 0.0 0.0
outer loop
vertex 2.1337733268737793 55.1821403503418 -3.6382997035980225
vertex 2.1337733268737793 52.35536575317383 -0.11711577326059341
vertex 2.1337733268737793 55.66180419921875 -0.11711577326059341
endloop
endfacet
facet normal -1.0 0.0 0.0
outer loop
vertex 2.1337733268737793 55.66180419921875 -0.11711577326059341
vertex 2.1337733268737793 52.35536575317383 -0.11711577326059341
vertex 2.1337733268737793 53.67803192138672 9.59245491027832
endloop
endfacet
facet normal -1.0 0.0 0.0
outer loop
vertex 2.1337733268737793 55.66180419921875 -0.11711577326059341
vertex 2.1337733268737793 53.67803192138672 9.59245491027832
vertex 2.1337733268737793 57.43405532836914 12.892801284790039
endloop
endfacet
facet normal -1.0 0.0 0.0
outer loop
vertex 2.1337733268737793 57.43405532836914 12.892801284790039
vertex 2.1337733268737793 53.67803192138672 9.59245491027832
vertex 2.1337733268737793 40.10000228881836 7.661700248718262
endloop
endfacet
facet normal -1.0 -0.0 0.0
outer loop
vertex 2.1337733268737793 57.43405532836914 12.892801284790039
vertex 2.1337733268737793 40.10000228881836 7.661700248718262
vertex 2.1337733268737793 61.300350189208984 16.290040969848633
endloop
endfacet
facet normal -1.0 -0.0 0.0
outer loop
vertex 2.1337733268737793 61.300350189208984 16.290040969848633
vertex 2.1337733268737793 40.10000228881836 7.661700248718262
vertex 2.1337733268737793 65.0563735961914 19.59038734436035
endloop
endfacet
facet normal -1.0 0.0 0.0
outer loop
vertex 2.1337733268737793 61.300350189208984 16.290040969848633
vertex 2.1337733268737793 65.0563735961914 19.59038734436035
vertex 2.1337733268737793 71.48993682861328 16.290040969848633
endloop
endfacet
facet normal -1.0 0.0 0.0
outer loop
vertex 2.1337733268737793 71.48993682861328 16.290040969848633
vertex 2.1337733268737793 65.0563735961914 19.59038734436035
vertex 2.1337733268737793 72.03585815429688 19.59038734436035
endloop
endfacet
facet normal -1.0 0.0 0.0
outer loop
vertex 2.1337733268737793 71.48993682861328 16.290040969848633
vertex 2.1337733268737793 72.03585815429688 19.59038734436035
vertex 2.1337733268737793 74.70004272460938 16.290040969848633
endloop
endfacet
facet normal -1.0 0.0 0.0
outer loop
vertex 2.1337733268737793 74.70004272460938 16.290040969848633
vertex 2.1337733268737793 72.03585815429688 19.59038734436035
vertex 2.1337733268737793 75.24596405029297 19.59038734436035
endloop
endfacet
facet normal -1.0 0.0 0.0
outer loop
vertex 2.1337733268737793 74.70004272460938 16.290040969848633
vertex 2.1337733268737793 75.24596405029297 19.59038734436035
vertex 2.1337733268737793 78.48645782470703 16.290040969848633
endloop
endfacet
facet normal -1.0 0.0 0.0
outer loop
vertex 2.1337733268737793 78.48645782470703 16.290040969848633
vertex 2.1337733268737793 75.24596405029297 19.59038734436035
vertex 2.1337733268737793 81.4583969116211 19.59038734436035
endloop
endfacet
facet normal -1.0 0.0 0.0
outer loop
vertex 2.1337733268737793 78.48645782470703 16.290040969848633
vertex 2.1337733268737793 81.4583969116211 19.59038734436035
vertex 2.1337733268737793 89.27529907226562 18.271093368530273
endloop
endfacet
facet normal -1.0 0.0 0.0
outer loop
vertex 2.1337733268737793 89.27529907226562 18.271093368530273
vertex 2.1337733268737793 81.4583969116211 19.59038734436035
vertex 2.1337733268737793 89.27529907226562 28.271093368530273
endloop
endfacet
facet normal -1.0 0.0 0.0
outer loop
vertex 2.1337733268737793 89.27529907226562 18.271093368530273
vertex 2.1337733268737793 89.27529907226562 28.271093368530273
vertex 2.1337733268737793 99.27522277832031 18.271093368530273
endloop
endfacet
facet normal -0.9999999999999999 0.0 0.0
outer loop
vertex 2.1337733268737793 99.27522277832031 18.271093368530273
vertex 2.1337733268737793 89.27529907226562 28.271093368530273
vertex 2.1337733268737793 89.27529907226562 40.871089935302734
endloop
endfacet
facet normal -1.0 0.0 0.0
outer loop
vertex 2.1337733268737793 99.27522277832031 18.271093368530273
vertex 2.1337733268737793 89.27529907226562 40.871089935302734
vertex 2.1337733268737793 99.27522277832031 50.871089935302734
endloop
endfacet
facet normal -1.0 -0.0 0.0
outer loop
vertex 2.1337733268737793 99.27522277832031 50.871089935302734
vertex 2.1337733268737793 89.27529907226562 40.871089935302734
vertex 2.1337733268737793 89.27529907226562 50.871089935302734
endloop
endfacet
facet normal -1.0 0.0 -0.0
outer loop
vertex 2.1337733268737793 89.27529907226562 50.871089935302734
vertex 2.1337733268737793 89.27529907226562 40.871089935302734
vertex 2.1337733268737793 76.97884368896484 30.06643295288086
endloop
endfacet
facet normal -1.0 0.0 0.0
outer loop
vertex 2.1337733268737793 89.27529907226562 50.871089935302734
vertex 2.1337733268737793 76.97884368896484 30.06643295288086
vertex 2.1337733268737793 73.22281646728516 26.76608657836914
endloop
endfacet
facet normal -1.0 0.0 -0.0
outer loop
vertex 2.1337733268737793 73.22281646728516 26.76608657836914
vertex 2.1337733268737793 76.97884368896484 30.06643295288086
vertex 2.1337733268737793 75.24596405029297 19.59038734436035
endloop
endfacet
facet normal -1.0 -0.0 -0.0
outer loop
vertex 2.1337733268737793 73.22281646728516 26.76608657836914
vertex 2.1337733268737793 75.24596405029297 19.59038734436035
vertex 2.1337733268737793 72.03585815429688 19.59038734436035
endloop
endfacet
facet normal -0.9999999999999999 -0.0 0.0
outer loop
vertex 2.1337733268737793 60.54115676879883 -3.6382997035980225
vertex 2.1337733268737793 40.10000228881836 -36.33829879760742
vertex 2.1337733268737793 54.226951599121094 -10.650257110595703
endloop
endfacet
facet normal -1.0 -0.0 0.0
outer loop
vertex 2.1337733268737793 54.226951599121094 -10.650257110595703
vertex 2.1337733268737793 40.10000228881836 -36.33829879760742
vertex 2.1337733268737793 50.33116912841797 -14.97653865814209
endloop
endfacet
facet normal -1.0 -0.0 0.0
outer loop
vertex 2.1337733268737793 54.226951599121094 -10.650257110595703
vertex 2.1337733268737793 50.33116912841797 -14.97653865814209
vertex 2.1337733268737793 51.87569808959961 -3.6382997035980225
endloop
endfacet
facet normal -1.0 0.0 0.0
outer loop
vertex 2.1337733268737793 55.1821403503418 -3.6382997035980225
vertex 2.1337733268737793 55.66180419921875 -0.11711577326059341
vertex 2.1337733268737793 60.54115676879883 -3.6382997035980225
endloop
endfacet
facet normal -1.0 0.0 0.0
outer loop
vertex 2.1337733268737793 60.54115676879883 -3.6382997035980225
vertex 2.1337733268737793 55.66180419921875 -0.11711577326059341
vertex 2.1337733268737793 63.71195602416992 -0.11711577326059341
endloop
endfacet
facet normal -1.0 0.0 0.0
outer loop
vertex 2.1337733268737793 60.54115676879883 -3.6382997035980225
vertex 2.1337733268737793 63.71195602416992 -0.11711577326059341
vertex 2.1337733268737793 89.27529907226562 18.271093368530273
endloop
endfacet
facet normal -0.9999999999999999 -0.0 0.0
outer loop
vertex 2.1337733268737793 89.27529907226562 18.271093368530273
vertex 2.1337733268737793 63.71195602416992 -0.11711577326059341
vertex 2.1337733268737793 69.91551971435547 6.771975517272949
endloop
endfacet
facet normal -1.0 -0.0 0.0
outer loop
vertex 2.1337733268737793 89.27529907226562 18.271093368530273
vertex 2.1337733268737793 69.91551971435547 6.771975517272949
vertex 2.1337733268737793 73.84799194335938 11.138998031616211
endloop
endfacet
facet normal -1.0 -0.0 0.0
outer loop
vertex 2.1337733268737793 73.84799194335938 11.138998031616211
vertex 2.1337733268737793 69.91551971435547 6.771975517272949
vertex 2.1337733268737793 71.48993682861328 16.290040969848633
endloop
endfacet
facet normal -1.0 0.0 0.0
outer loop
vertex 2.1337733268737793 73.84799194335938 11.138998031616211
vertex 2.1337733268737793 71.48993682861328 16.290040969848633
vertex 2.1337733268737793 74.70004272460938 16.290040969848633
endloop
endfacet
facet normal -0.9999999999999999 0.0 -0.0
outer loop
vertex 2.1337733268737793 40.10000228881836 7.661700248718262
vertex 2.1337733268737793 53.67803192138672 9.59245491027832
vertex 2.1337733268737793 42.627864837646484 -0.11711577326059341
endloop
endfacet
facet normal -1.0 -0.0 0.0
outer loop
vertex 2.1337733268737793 52.35536575317383 -0.11711577326059341
vertex 2.1337733268737793 51.87569808959961 -3.6382997035980225
vertex 2.1337733268737793 42.627864837646484 -0.11711577326059341
endloop
endfacet
facet normal -1.0 -0.0 -0.0
outer loop
vertex 2.1337733268737793 42.627864837646484 -0.11711577326059341
vertex 2.1337733268737793 51.87569808959961 -3.6382997035980225
vertex 2.1337733268737793 40.10000228881836 -3.6382997035980225
endloop
endfacet
facet normal -0.9999999999999999 0.0 -0.0
outer loop
vertex 2.1337733268737793 40.10000228881836 7.661700248718262
vertex 2.1337733268737793 89.27529907226562 50.871089935302734
vertex 2.1337733268737793 65.0563735961914 19.59038734436035
endloop
endfacet
facet normal -1.0 0.0 -0.0
outer loop
vertex 2.1337733268737793 65.0563735961914 19.59038734436035
vertex 2.1337733268737793 89.27529907226562 50.871089935302734
vertex 2.1337733268737793 73.22281646728516 26.76608657836914
endloop
endfacet
facet normal -0.9999999999999999 -0.0 0.0
outer loop
vertex 2.1337733268737793 89.27529907226562 18.271093368530273
vertex 2.1337733268737793 40.10000228881836 -36.33829879760742
vertex 2.1337733268737793 60.54115676879883 -3.6382997035980225
endloop
endfacet
facet normal -0.9999999999999999 0.0 0.0
outer loop
vertex 2.1337733268737793 40.10000228881836 -36.33829879760742
vertex 2.1337733268737793 40.10000228881836 -26.338298797607422
vertex 2.1337733268737793 50.33116912841797 -14.97653865814209
endloop
endfacet
facet normal -1.0 -0.0 0.0
outer loop
vertex 2.1337733268737793 89.27529907226562 18.271093368530273
vertex 2.1337733268737793 73.84799194335938 11.138998031616211
vertex 2.1337733268737793 78.48645782470703 16.290040969848633
endloop
endfacet
facet normal 0.0 -0.9865936722188474 0.16319597402426717
outer loop
vertex 10.576773643493652 71.48993682861328 16.290040969848633
vertex 2.1337733268737793 71.48993682861328 16.290040969848633
vertex 10.576773643493652 69.91551971435547 6.771975517272949
endloop
endfacet
facet normal 0.0 -0.9865936722188474 0.16319597402426717
outer loop
vertex 10.576773643493652 69.91551971435547 6.771975517272949
vertex 2.1337733268737793 71.48993682861328 16.290040969848633
vertex 2.1337733268737793 69.91551971435547 6.771975517272949
endloop
endfacet
facet normal 1.0 0.0 -0.0
outer loop
vertex 10.576773643493652 69.91551971435547 6.771975517272949
vertex 10.576773643493652 73.84799194335938 11.138998031616211
vertex 10.576773643493652 71.48993682861328 16.290040969848633
endloop
endfacet
facet normal 1.0 -0.0 0.0
outer loop
vertex 10.576773643493652 71.48993682861328 16.290040969848633
vertex 10.576773643493652 73.84799194335938 11.138998031616211
vertex 10.576773643493652 74.70004272460938 16.290040969848633
endloop
endfacet
facet normal 1.0 0.0 0.0
outer loop
vertex 10.576773643493652 71.48993682861328 16.290040969848633
vertex 10.576773643493652 74.70004272460938 16.290040969848633
vertex 10.576773643493652 75.24596405029297 19.59038734436035
endloop
endfacet
facet normal 1.0 -0.0 0.0
outer loop
vertex 10.576773643493652 75.24596405029297 19.59038734436035
vertex 10.576773643493652 74.70004272460938 16.290040969848633
vertex 10.576773643493652 78.48645782470703 16.290040969848633
endloop
endfacet
facet normal 1.0 -0.0 0.0
outer loop
vertex 10.576773643493652 75.24596405029297 19.59038734436035
vertex 10.576773643493652 78.48645782470703 16.290040969848633
vertex 10.576773643493652 81.4583969116211 19.59038734436035
endloop
endfacet
facet normal 1.0 0.0 0.0
outer loop
vertex 10.576773643493652 76.97884368896484 30.06643295288086
vertex 10.576773643493652 73.22281646728516 26.76608657836914
vertex 10.576773643493652 75.24596405029297 19.59038734436035
endloop
endfacet
facet normal 1.0 0.0 0.0
outer loop
vertex 10.576773643493652 75.24596405029297 19.59038734436035
vertex 10.576773643493652 73.22281646728516 26.76608657836914
vertex 10.576773643493652 72.03585815429688 19.59038734436035
endloop
endfacet
facet normal 1.0 0.0 0.0
outer loop
vertex 10.576773643493652 75.24596405029297 19.59038734436035
vertex 10.576773643493652 72.03585815429688 19.59038734436035
vertex 10.576773643493652 71.48993682861328 16.290040969848633
endloop
endfacet
facet normal 1.0 0.0 -0.0
outer loop
vertex 10.576773643493652 71.48993682861328 16.290040969848633
vertex 10.576773643493652 72.03585815429688 19.59038734436035
vertex 10.576773643493652 65.0563735961914 19.59038734436035
endloop
endfacet
facet normal 1.0 0.0 0.0
outer loop
vertex 10.576773643493652 71.48993682861328 16.290040969848633
vertex 10.576773643493652 65.0563735961914 19.59038734436035
vertex 10.576773643493652 61.300350189208984 16.290040969848633
endloop
endfacet
facet normal 0.0 0.9865936780710359 -0.16319593864512966
outer loop
vertex 10.576773643493652 75.24596405029297 19.59038734436035
vertex 2.1337733268737793 75.24596405029297 19.59038734436035
vertex 10.576773643493652 76.97884368896484 30.06643295288086
endloop
endfacet
facet normal 0.0 0.9865936780710359 -0.16319593864512966
outer loop
vertex 10.576773643493652 76.97884368896484 30.06643295288086
vertex 2.1337733268737793 75.24596405029297 19.59038734436035
vertex 2.1337733268737793 76.97884368896484 30.06643295288086
endloop
endfacet
facet normal 0.0 -0.7431126593480013 0.6691663287380364
outer loop
vertex 2.1337733268737793 60.54115676879883 -3.6382997035980225
vertex 10.576773643493652 54.226951599121094 -10.650257110595703
vertex 10.576773643493652 60.54115676879883 -3.6382997035980225
endloop
endfacet
facet normal -0.02070739605423456 -0.7429533203038452 0.669022845348457
outer loop
vertex 10.576773643493652 60.54115676879883 -3.6382997035980225
vertex 10.576773643493652 54.226951599121094 -10.650257110595703
vertex 10.577044486999512 40.10000228881836 -26.338298797607422
endloop
endfacet
facet normal 0.058767952946234686 -0.7418278443131692 0.66801031212713
outer loop
vertex 10.576773643493652 60.54115676879883 -3.6382997035980225
vertex 10.577044486999512 40.10000228881836 -26.338298797607422
vertex 10.576773643493652 63.71195602416992 -0.11711577326059341
endloop
endfacet
facet normal -0.0018902025761379118 -0.7431111717456864 0.6691653110861128
outer loop
vertex 10.576773643493652 63.71195602416992 -0.11711577326059341
vertex 10.577044486999512 40.10000228881836 -26.338298797607422
vertex 10.577044486999512 89.27519226074219 28.270977020263672
endloop
endfacet
facet normal 0.05028827375631625 -0.7421725194991745 0.6683195648960586
outer loop
vertex 10.576773643493652 63.71195602416992 -0.11711577326059341
vertex 10.577044486999512 89.27519226074219 28.270977020263672
vertex 10.576773643493652 69.91551971435547 6.771975517272949
endloop
endfacet
facet normal -0.06300464800916089 -0.7416356461404389 0.6678375421486094
outer loop
vertex 10.576773643493652 69.91551971435547 6.771975517272949
vertex 10.577044486999512 89.27519226074219 28.270977020263672
vertex 10.576773643493652 73.84799194335938 11.138998031616211
endloop
endfacet
facet normal 0.037914773566854854 -0.7425785151681701 0.6686849921719568
outer loop
vertex 10.576773643493652 73.84799194335938 11.138998031616211
vertex 10.577044486999512 89.27519226074219 28.270977020263672
vertex 10.576773643493652 78.48645782470703 16.290040969848633
endloop
endfacet
facet normal 0.0 -0.7431128307750242 0.6691661383673939
outer loop
vertex 10.576773643493652 73.84799194335938 11.138998031616211
vertex 10.576773643493652 78.48645782470703 16.290040969848633
vertex 2.1337733268737793 78.48645782470703 16.290040969848633
endloop
endfacet
facet normal 0.0 -0.7431126593480013 0.6691663287380364
outer loop
vertex 2.1337733268737793 60.54115676879883 -3.6382997035980225
vertex 2.1337733268737793 54.226951599121094 -10.650257110595703
vertex 10.576773643493652 54.226951599121094 -10.650257110595703
endloop
endfacet
facet normal 0.023889328770713356 -0.7429001990287182 0.6689757800204545
outer loop
vertex 10.576773643493652 54.226951599121094 -10.650257110595703
vertex 10.576773643493652 50.33116912841797 -14.97653865814209
vertex 10.577044486999512 40.10000228881836 -26.338298797607422
endloop
endfacet
facet normal 0.0 -0.7431125596528814 0.6691664394499643
outer loop
vertex 10.577044486999512 40.10000228881836 -26.338298797607422
vertex 10.576773643493652 50.33116912841797 -14.97653865814209
vertex 2.1337733268737793 40.10000228881836 -26.338298797607422
endloop
endfacet
facet normal 0.0 -0.7431125596528814 0.6691664394499643
outer loop
vertex 2.1337733268737793 40.10000228881836 -26.338298797607422
vertex 10.576773643493652 50.33116912841797 -14.97653865814209
vertex 2.1337733268737793 50.33116912841797 -14.97653865814209
endloop
endfacet
facet normal -0.04282806874894515 -0.7424300854680226 0.6685531577363016
outer loop
vertex 10.576773643493652 78.48645782470703 16.290040969848633
vertex 10.577044486999512 89.27519226074219 28.270977020263672
vertex 10.576773643493652 81.4583969116211 19.59038734436035
endloop
endfacet
facet normal 4.2740326979560373e-07 -0.7431125874759341 0.6691664085521923
outer loop
vertex 10.576773643493652 81.4583969116211 19.59038734436035
vertex 10.577044486999512 89.27519226074219 28.270977020263672
vertex 3.1337785720825195 89.27499389648438 28.270761489868164
endloop
endfacet
facet normal 0.0 -0.7431127697127333 0.6691662061774115
outer loop
vertex 10.576773643493652 81.4583969116211 19.59038734436035
vertex 3.1337785720825195 89.27499389648438 28.270761489868164
vertex 2.1337733268737793 81.4583969116211 19.59038734436035
endloop
endfacet
facet normal -4.6978288623343595e-06 -0.7431125005821335 0.6691665050318186
outer loop
vertex 2.1337733268737793 81.4583969116211 19.59038734436035
vertex 3.1337785720825195 89.27499389648438 28.270761489868164
vertex 2.1337733268737793 89.27529907226562 28.271093368530273
endloop
endfacet
facet normal 0.0 -0.7360996206938664 0.6768732144311415
outer loop
vertex 2.1337733268737793 89.27529907226562 28.271093368530273
vertex 3.1337785720825195 89.27499389648438 28.270761489868164
vertex 3.1337785720825195 89.27529907226562 28.271093368530273
endloop
endfacet
facet normal 0.0 -0.7431128307750242 0.6691661383673939
outer loop
vertex 2.1337733268737793 78.48645782470703 16.290040969848633
vertex 2.1337733268737793 73.84799194335938 11.138998031616211
vertex 10.576773643493652 73.84799194335938 11.138998031616211
endloop
endfacet
facet normal 0.0 -0.7431127471193767 0.669166231267458
outer loop
vertex 10.576773643493652 69.91551971435547 6.771975517272949
vertex 2.1337733268737793 69.91551971435547 6.771975517272949
vertex 10.576773643493652 63.71195602416992 -0.11711577326059341
endloop
endfacet
facet normal 0.0 -0.7431127471193767 0.669166231267458
outer loop
vertex 10.576773643493652 63.71195602416992 -0.11711577326059341
vertex 2.1337733268737793 69.91551971435547 6.771975517272949
vertex 2.1337733268737793 63.71195602416992 -0.11711577326059341
endloop
endfacet
facet normal 1.0 0.0 -0.0
outer loop
vertex 10.577044486999512 40.10000228881836 -36.33829879760742
vertex 10.577044486999512 89.27529907226562 18.271093368530273
vertex 10.577044486999512 40.10000228881836 -26.338298797607422
endloop
endfacet
facet normal 1.0 0.0 -0.0
outer loop
vertex 10.577044486999512 40.10000228881836 -26.338298797607422
vertex 10.577044486999512 89.27529907226562 18.271093368530273
vertex 10.577044486999512 89.27521514892578 19.27880096435547
endloop
endfacet
facet normal 1.0 0.0 -0.0
outer loop
vertex 10.577044486999512 40.10000228881836 -26.338298797607422
vertex 10.577044486999512 89.27521514892578 19.27880096435547
vertex 10.577044486999512 89.27520751953125 20.043804168701172
endloop
endfacet
facet normal 1.0 0.0 0.0
outer loop
vertex 10.577044486999512 89.27520751953125 20.043804168701172
vertex 10.577044486999512 89.27519226074219 28.270977020263672
vertex 10.577044486999512 40.10000228881836 -26.338298797607422
endloop
endfacet
facet normal 0.0 0.7431124854573831 -0.669166521844414
outer loop
vertex 10.577044486999512 89.27529907226562 18.271093368530273
vertex 10.577044486999512 40.10000228881836 -36.33829879760742
vertex 3.1337785720825195 89.27529907226562 18.271093368530273
endloop
endfacet
facet normal 0.0 0.7431124854573831 -0.669166521844414
outer loop
vertex 3.1337785720825195 89.27529907226562 18.271093368530273
vertex 10.577044486999512 40.10000228881836 -36.33829879760742
vertex 2.1337733268737793 40.10000228881836 -36.33829879760742
endloop
endfacet
facet normal 0.0 0.7431124854573831 -0.6691665218444139
outer loop
vertex 3.1337785720825195 89.27529907226562 18.271093368530273
vertex 2.1337733268737793 40.10000228881836 -36.33829879760742
vertex 2.1337733268737793 89.27529907226562 18.271093368530273
endloop
endfacet
facet normal -0.0 -1.0 0.0
outer loop
vertex 3.1337785720825195 89.27529907226562 28.271093368530273
vertex 3.1337785720825195 89.27529907226562 30.86968994140625
vertex 2.1337733268737793 89.27529907226562 28.271093368530273
endloop
endfacet
facet normal 0.0 -1.0 0.0
outer loop
vertex 2.1337733268737793 89.27529907226562 28.271093368530273
vertex 3.1337785720825195 89.27529907226562 30.86968994140625
vertex 2.1337733268737793 89.27529907226562 40.871089935302734
endloop
endfacet
facet normal 0.0 -1.0 0.0
outer loop
vertex 2.1337733268737793 89.27529907226562 40.871089935302734
vertex 3.1337785720825195 89.27529907226562 30.86968994140625
vertex 3.1337790489196777 89.27529907226562 39.86943435668945
endloop
endfacet
facet normal 0.0 -1.0 0.0
outer loop
vertex 2.1337733268737793 89.27529907226562 40.871089935302734
vertex 3.1337790489196777 89.27529907226562 39.86943435668945
vertex 3.1337790489196777 89.27529907226562 40.871089935302734
endloop
endfacet
facet normal -1.0 -0.0 0.0
outer loop
vertex 3.1337785720825195 89.27529907226562 28.271093368530273
vertex 3.1337785720825195 89.27499389648438 28.270761489868164
vertex 3.1337785720825195 89.27529907226562 30.86968994140625
endloop
endfacet
facet normal -1.0 -0.0 0.0
outer loop
vertex 3.1337785720825195 89.27529907226562 30.86968994140625
vertex 3.1337785720825195 89.27499389648438 28.270761489868164
vertex 3.1337785720825195 89.27499389648438 30.86907958984375
endloop
endfacet
facet normal 1.0 -0.0 0.0
outer loop
vertex 10.577044486999512 89.275146484375 50.87095642089844
vertex 10.577044486999512 40.10000228881836 7.661700248718262
vertex 10.577044486999512 89.27516174316406 40.870975494384766
endloop
endfacet
facet normal 1.0 0.0 0.0
outer loop
vertex 10.577044486999512 89.27516174316406 40.870975494384766
vertex 10.577044486999512 40.10000228881836 7.661700248718262
vertex 10.577044486999512 40.10000228881836 -2.3382997512817383
endloop
endfacet
facet normal 2.6618650959296353e-07 -0.660069229175095 0.7512047741435921
outer loop
vertex 10.577044486999512 89.275146484375 50.87095642089844
vertex 3.1337790489196777 89.27494812011719 50.870784759521484
vertex 10.577044486999512 40.10000228881836 7.661700248718262
endloop
endfacet
facet normal 0.0 -0.6600692519115506 0.7512047541655508
outer loop
vertex 10.577044486999512 40.10000228881836 7.661700248718262
vertex 3.1337790489196777 89.27494812011719 50.870784759521484
vertex 2.1337733268737793 40.10000228881836 7.661700248718262
endloop
endfacet
facet normal -2.4031935198095306e-06 -0.6600692243315662 0.7512047783957108
outer loop
vertex 2.1337733268737793 40.10000228881836 7.661700248718262
vertex 3.1337790489196777 89.27494812011719 50.870784759521484
vertex 2.1337733268737793 89.27529907226562 50.871089935302734
endloop
endfacet
facet normal 0.0 -0.6561787149247866 0.7546055221635046
outer loop
vertex 2.1337733268737793 89.27529907226562 50.871089935302734
vertex 3.1337790489196777 89.27494812011719 50.870784759521484
vertex 3.1337733268737793 89.27529907226562 50.871089935302734
endloop
endfacet
facet normal -1.0 0.0 -0.0
outer loop
vertex 3.1337790489196777 89.27497100830078 40.87080383300781
vertex 3.1337790489196777 89.27529907226562 40.871089935302734
vertex 3.1337790489196777 89.27497100830078 39.869075775146484
endloop
endfacet
facet normal -1.0 0.0 0.0
outer loop
vertex 3.1337790489196777 89.27497100830078 39.869075775146484
vertex 3.1337790489196777 89.27529907226562 40.871089935302734
vertex 3.1337790489196777 89.27529907226562 39.86943435668945
endloop
endfacet
facet normal -0.0 0.0 -1.0
outer loop
vertex 3.1337790489196777 99.27522277832031 18.271093368530273
vertex 3.1337785720825195 89.27529907226562 18.271093368530273
vertex 2.1337733268737793 99.27522277832031 18.271093368530273
endloop
endfacet
facet normal -0.0 -0.0 -0.9999999999999999
outer loop
vertex 2.1337733268737793 99.27522277832031 18.271093368530273
vertex 3.1337785720825195 89.27529907226562 18.271093368530273
vertex 2.1337733268737793 89.27529907226562 18.271093368530273
endloop
endfacet
facet normal 0.0 1.0 0.0
outer loop
vertex 3.1337790489196777 99.27522277832031 50.871089935302734
vertex 3.1337790489196777 99.27522277832031 18.271093368530273
vertex 2.1337733268737793 99.27522277832031 50.871089935302734
endloop
endfacet
facet normal 0.0 1.0 0.0
outer loop
vertex 2.1337733268737793 99.27522277832031 50.871089935302734
vertex 3.1337790489196777 99.27522277832031 18.271093368530273
vertex 2.1337733268737793 99.27522277832031 18.271093368530273
endloop
endfacet
facet normal -0.9998671106150603 -0.016302181151332504 0.0
outer loop
vertex 3.1337733268737793 89.27529907226562 50.871089935302734
vertex 3.1337790489196777 89.27494812011719 50.870784759521484
vertex 3.1337790489196777 89.27494812011719 50.871089935302734
endloop
endfacet
facet normal 0.0 -0.3214455665604472 -0.9469280583754149
outer loop
vertex 11.593778610229492 91.39269256591797 11.672189712524414
vertex 18.02965545654297 91.81754302978516 11.527969360351562
vertex 18.02965545654297 91.39269256591797 11.672189712524414
endloop
endfacet
facet normal -0.9999999996851956 -8.065714714340923e-06 -2.3760326376828778e-05
outer loop
vertex 11.593778610229492 91.39269256591797 11.672189712524414
vertex 11.59368896484375 92.8139877319336 14.962616920471191
vertex 11.593778610229492 91.81754302978516 11.527969360351562
endloop
endfacet
facet normal 0.0 -0.19509044427510175 -0.9807852560844007
outer loop
vertex 11.593778610229492 91.81754302978516 11.527969360351562
vertex 18.02965545654297 92.2575912475586 11.440438270568848
vertex 18.02965545654297 91.81754302978516 11.527969360351562
endloop
endfacet
facet normal 0.999999843185842 -0.00018001763686055646 -0.0005303036317150198
outer loop
vertex 18.03165626525879 92.81396484375 14.962671279907227
vertex 18.02965545654297 91.39269256591797 11.672189712524414
vertex 18.02965545654297 91.81754302978516 11.527969360351562
endloop
endfacet
facet normal 0.0 -0.4422891114354467 -0.8968725338116018
outer loop
vertex 18.02965545654297 91.39269256591797 11.672189712524414
vertex 11.593779563903809 90.99029541015625 11.870630264282227
vertex 11.593778610229492 91.39269256591797 11.672189712524414
endloop
endfacet
facet normal -0.9999999592677917 -0.00027093043679824315 8.978370265831159e-05
outer loop
vertex 11.593778610229492 91.39269256591797 11.672189712524414
vertex 11.593684196472168 92.97345733642578 15.390721321105957
vertex 11.59368896484375 92.8139877319336 14.962616920471191
endloop
endfacet
facet normal -0.9999999996766067 -2.859462113258457e-06 -2.5270741268260756e-05
outer loop
vertex 11.593778610229492 91.81754302978516 11.527969360351562
vertex 11.59368896484375 92.8139877319336 14.962616920471191
vertex 11.593779563903809 92.2575912475586 11.440438270568848
endloop
endfacet
facet normal 0.0 -0.19509044427510175 -0.9807852560844007
outer loop
vertex 18.02965545654297 92.2575912475586 11.440438270568848
vertex 11.593778610229492 91.81754302978516 11.527969360351562
vertex 11.593779563903809 92.2575912475586 11.440438270568848
endloop
endfacet
facet normal 0.9999998423384979 -0.00010955035985093062 -0.0005507464916581046
outer loop
vertex 18.03165626525879 92.81396484375 14.962671279907227
vertex 18.02965545654297 91.81754302978516 11.527969360351562
vertex 18.02965545654297 92.2575912475586 11.440438270568848
endloop
endfacet
facet normal 0.9999377867387018 -0.010448587433804205 0.003905082936965213
outer loop
vertex 18.03165054321289 92.97341918945312 15.390778541564941
vertex 18.02965545654297 91.39269256591797 11.672189712524414
vertex 18.03165626525879 92.81396484375 14.962671279907227
endloop
endfacet
facet normal 0.0 -0.44228911143544675 -0.8968725338116019
outer loop
vertex 11.593779563903809 90.99029541015625 11.870630264282227
vertex 18.02965545654297 91.39269256591797 11.672189712524414
vertex 18.02965545654297 90.99029541015625 11.870630264282227
endloop
endfacet
facet normal -0.999999999721078 -1.2310281329270668e-05 -2.0156907658000312e-05
outer loop
vertex 11.593779563903809 90.99029541015625 11.870630264282227
vertex 11.593684196472168 92.97345733642578 15.390721321105957
vertex 11.593778610229492 91.39269256591797 11.672189712524414
endloop
endfacet
facet normal 6.278952566731519e-06 0.9370966295470741 -0.34907006009122027
outer loop
vertex 11.593684196472168 92.97345733642578 15.390721321105957
vertex 18.03165626525879 92.81396484375 14.962671279907227
vertex 11.59368896484375 92.8139877319336 14.962616920471191
endloop
endfacet
facet normal -0.9999999845935719 -0.00017552445976915605 2.005046982721762e-06
outer loop
vertex 11.593779563903809 92.2575912475586 11.440438270568848
vertex 11.59368896484375 92.8139877319336 14.962616920471191
vertex 11.593695640563965 92.77075958251953 14.50782585144043
endloop
endfacet
facet normal 0.0 -0.06539937909551446 -0.9978591690283358
outer loop
vertex 11.593779563903809 92.2575912475586 11.440438270568848
vertex 18.02965545654297 92.7052993774414 11.41109561920166
vertex 18.02965545654297 92.2575912475586 11.440438270568848
endloop
endfacet
facet normal 0.9999569919078629 -0.00923157001535344 0.0008901963994906764
outer loop
vertex 18.03165626525879 92.81396484375 14.962671279907227
vertex 18.02965545654297 92.2575912475586 11.440438270568848
vertex 18.031661987304688 92.7707290649414 14.507877349853516
endloop
endfacet
facet normal 0.9999998777157993 -0.00021872901996298043 -0.00044353805074615445
outer loop
vertex 18.03165054321289 92.97341918945312 15.390778541564941
vertex 18.02965545654297 90.99029541015625 11.870630264282227
vertex 18.02965545654297 91.39269256591797 11.672189712524414
endloop
endfacet
facet normal 8.654906824707006e-06 0.93710831794915 -0.3490386803143851
outer loop
vertex 18.03165626525879 92.81396484375 14.962671279907227
vertex 11.593684196472168 92.97345733642578 15.390721321105957
vertex 18.03165054321289 92.97341918945312 15.390778541564941
endloop
endfacet
facet normal 0.0 -0.5555636983373096 -0.8314739786005158
outer loop
vertex 18.02965545654297 90.99029541015625 11.870630264282227
vertex 11.593779563903809 90.61724090576172 12.119893074035645
vertex 11.593779563903809 90.99029541015625 11.870630264282227
endloop
endfacet
facet normal -0.9999999997198092 -1.3151516121261762e-05 -1.9682969687726226e-05
outer loop
vertex 11.593779563903809 90.61724090576172 12.119893074035645
vertex 11.593684196472168 92.97345733642578 15.390721321105957
vertex 11.593779563903809 90.99029541015625 11.870630264282227
endloop
endfacet
facet normal 4.3383306278589175e-06 0.9955115579817364 -0.09464004388182924
outer loop
vertex 18.031661987304688 92.7707290649414 14.507877349853516
vertex 11.59368896484375 92.8139877319336 14.962616920471191
vertex 18.03165626525879 92.81396484375 14.962671279907227
endloop
endfacet
facet normal 5.475896621448381e-06 0.9955130751840905 -0.09462408312649681
outer loop
vertex 11.59368896484375 92.8139877319336 14.962616920471191
vertex 18.031661987304688 92.7707290649414 14.507877349853516
vertex 11.593695640563965 92.77075958251953 14.50782585144043
endloop
endfacet
facet normal -0.9999999996322203 -1.7737095240386724e-06 -2.706313632075855e-05
outer loop
vertex 11.593779563903809 92.2575912475586 11.440438270568848
vertex 11.593695640563965 92.77075958251953 14.50782585144043
vertex 11.593779563903809 92.7052993774414 11.41109561920166
endloop
endfacet
facet normal 0.0 -0.06539937909551446 -0.9978591690283358
outer loop
vertex 18.02965545654297 92.7052993774414 11.41109561920166
vertex 11.593779563903809 92.2575912475586 11.440438270568848
vertex 11.593779563903809 92.7052993774414 11.41109561920166
endloop
endfacet
facet normal 0.9999997897674898 -4.24070964571643e-05 -0.0006470445226987299
outer loop
vertex 18.031661987304688 92.7707290649414 14.507877349853516
vertex 18.02965545654297 92.2575912475586 11.440438270568848
vertex 18.02965545654297 92.7052993774414 11.41109561920166
endloop
endfacet
facet normal 0.9999998773771179 -0.00027512788173594046 -0.0004117649787694053
outer loop
vertex 18.03165054321289 92.97341918945312 15.390778541564941
vertex 18.02965545654297 90.61724090576172 12.119893074035645
vertex 18.02965545654297 90.99029541015625 11.870630264282227
endloop
endfacet
facet normal 9.98048163891766e-06 0.8148298095999595 -0.5797002512399693
outer loop
vertex 11.593680381774902 93.23828887939453 15.762969970703125
vertex 18.03165054321289 92.97341918945312 15.390778541564941
vertex 11.593684196472168 92.97345733642578 15.390721321105957
endloop
endfacet
facet normal 0.0 -0.5555636983373096 -0.8314739786005158
outer loop
vertex 11.593779563903809 90.61724090576172 12.119893074035645
vertex 18.02965545654297 90.99029541015625 11.870630264282227
vertex 18.02965545654297 90.61724090576172 12.119893074035645
endloop
endfacet
facet normal -0.999996643159914 -0.002116114630397358 0.001495235023173115
outer loop
vertex 11.593779563903809 90.61724090576172 12.119893074035645
vertex 11.593680381774902 93.23828887939453 15.762969970703125
vertex 11.593684196472168 92.97345733642578 15.390721321105957
endloop
endfacet
facet normal 3.3445399127015405e-06 0.9860859046357477 0.16623654432017365
outer loop
vertex 18.03166961669922 92.84667205810547 14.05739688873291
vertex 11.593695640563965 92.77075958251953 14.50782585144043
vertex 18.031661987304688 92.7707290649414 14.507877349853516
endloop
endfacet
facet normal -0.9999999982280422 -5.356831105867924e-05 -2.59682765486855e-05
outer loop
vertex 11.593703269958496 92.84671783447266 14.057339668273926
vertex 11.593779563903809 92.7052993774414 11.41109561920166
vertex 11.593695640563965 92.77075958251953 14.50782585144043
endloop
endfacet
facet normal 0.0 -0.0 -1.0
outer loop
vertex 11.593779563903809 92.7052993774414 11.41109561920166
vertex 18.029762268066406 95.8453140258789 11.41109561920166
vertex 18.02965545654297 92.7052993774414 11.41109561920166
endloop
endfacet
facet normal 0.999993693951998 -0.003504669422333836 -0.0005738889072337843
outer loop
vertex 18.02965545654297 92.7052993774414 11.41109561920166
vertex 18.03166961669922 92.84667205810547 14.05739688873291
vertex 18.031661987304688 92.7707290649414 14.507877349853516
endloop
endfacet
facet normal 0.9964270838311807 -0.06881588612822341 0.04896366432444198
outer loop
vertex 18.031648635864258 93.23825073242188 15.76302433013916
vertex 18.02965545654297 90.61724090576172 12.119893074035645
vertex 18.03165054321289 92.97341918945312 15.390778541564941
endloop
endfacet
facet normal 9.722873311326842e-06 0.8148277049973363 -0.5797032094738132
outer loop
vertex 18.03165054321289 92.97341918945312 15.390778541564941
vertex 11.593680381774902 93.23828887939453 15.762969970703125
vertex 18.031648635864258 93.23825073242188 15.76302433013916
endloop
endfacet
facet normal 0.0 -0.6593444950280547 -0.7518409651490131
outer loop
vertex 18.02965545654297 90.61724090576172 12.119893074035645
vertex 11.593779563903809 90.27991485595703 12.415719032287598
vertex 11.593779563903809 90.61724090576172 12.119893074035645
endloop
endfacet
facet normal -0.9999999997535276 -1.4639005710871475e-05 -1.669264590131327e-05
outer loop
vertex 11.593779563903809 90.27991485595703 12.415719032287598
vertex 11.593680381774902 93.23828887939453 15.762969970703125
vertex 11.593779563903809 90.61724090576172 12.119893074035645
endloop
endfacet
facet normal 5.533629949714421e-06 0.9860807751740729 0.1662669684618034
outer loop
vertex 11.593695640563965 92.77075958251953 14.50782585144043
vertex 18.03166961669922 92.84667205810547 14.05739688873291
vertex 11.593703269958496 92.84671783447266 14.057339668273926
endloop
endfacet
facet normal -0.9999999994806084 -1.6004423717624475e-05 -2.797573579466596e-05
outer loop
vertex 11.593711853027344 93.03667449951172 13.641864776611328
vertex 11.593779563903809 92.7052993774414 11.41109561920166
vertex 11.593703269958496 92.84671783447266 14.057339668273926
endloop
endfacet
facet normal -0.0 0.0 -1.0
outer loop
vertex 18.029762268066406 95.8453140258789 11.41109561920166
vertex 11.593779563903809 92.7052993774414 11.41109561920166
vertex 11.593779563903809 95.8453140258789 11.41109561920166
endloop
endfacet
facet normal 0.9999994258967381 -3.401623051975453e-05 -0.0010710037769067408
outer loop
vertex 18.031688690185547 93.32765197753906 13.289765357971191
vertex 18.02965545654297 92.7052993774414 11.41109561920166
vertex 18.029762268066406 95.8453140258789 11.41109561920166
endloop
endfacet
facet normal 0.9999985904976507 -0.0015355259390798697 -0.0006790896863258234
outer loop
vertex 18.03166961669922 92.84667205810547 14.05739688873291
vertex 18.02965545654297 92.7052993774414 11.41109561920166
vertex 18.031679153442383 93.03662872314453 13.641919136047363
endloop
endfacet
facet normal 0.9999999004614825 -0.00029418664662383384 -0.0003354567665302245
outer loop
vertex 18.031648635864258 93.23825073242188 15.76302433013916
vertex 18.02965545654297 90.27991485595703 12.415719032287598
vertex 18.02965545654297 90.61724090576172 12.119893074035645
endloop
endfacet
facet normal 1.0283246531287438e-05 0.6370189484920529 -0.7708481427339202
outer loop
vertex 11.593680381774902 93.23828887939453 15.762969970703125
vertex 18.031648635864258 93.59040832519531 16.05404281616211
vertex 18.031648635864258 93.23825073242188 15.76302433013916
endloop
endfacet
facet normal 0.0 -0.6593444950280547 -0.7518409651490131
outer loop
vertex 11.593779563903809 90.27991485595703 12.415719032287598
vertex 18.02965545654297 90.61724090576172 12.119893074035645
vertex 18.02965545654297 90.27991485595703 12.415719032287598
endloop
endfacet
facet normal -0.999999999753291 -1.5222499170930425e-05 -1.617694154365772e-05
outer loop
vertex 11.593778610229492 89.98409271240234 12.753040313720703
vertex 11.593680381774902 93.23828887939453 15.762969970703125
vertex 11.593779563903809 90.27991485595703 12.415719032287598
endloop
endfacet
facet normal 2.770918577097076e-06 0.9094546281583408 0.41580317376578096
outer loop
vertex 18.031679153442383 93.03662872314453 13.641919136047363
vertex 11.593703269958496 92.84671783447266 14.057339668273926
vertex 18.03166961669922 92.84667205810547 14.05739688873291
endloop
endfacet
facet normal -0.9999999995477729 -6.133823989663711e-06 -2.9441988447229097e-05
outer loop
vertex 11.593720436096191 93.32769012451172 13.289710998535156
vertex 11.593779563903809 92.7052993774414 11.41109561920166
vertex 11.593711853027344 93.03667449951172 13.641864776611328
endloop
endfacet
facet normal 2.9556727740981106e-06 0.9094535453945537 0.4158055420031581
outer loop
vertex 11.593703269958496 92.84671783447266 14.057339668273926
vertex 18.031679153442383 93.03662872314453 13.641919136047363
vertex 11.593711853027344 93.03667449951172 13.641864776611328
endloop
endfacet
facet normal -0.9999999995046891 0.0 -3.147414219981447e-05
outer loop
vertex 11.593779563903809 92.7052993774414 11.41109561920166
vertex 11.593720436096191 93.32769012451172 13.289710998535156
vertex 11.593779563903809 95.8453140258789 11.41109561920166
endloop
endfacet
facet normal 0.0 0.06540048881848576 -0.9978590962968182
outer loop
vertex 11.593779563903809 95.8453140258789 11.41109561920166
vertex 18.029762268066406 96.29301452636719 11.440438270568848
vertex 18.029762268066406 95.8453140258789 11.41109561920166
endloop
endfacet
facet normal 0.9999992483933452 -0.000958253511045105 -0.0007648287086242507
outer loop
vertex 18.031679153442383 93.03662872314453 13.641919136047363
vertex 18.02965545654297 92.7052993774414 11.41109561920166
vertex 18.031688690185547 93.32765197753906 13.289765357971191
endloop
endfacet
facet normal 0.9996147956142214 -0.016102584409723255 -0.02260458281999836
outer loop
vertex 18.031688690185547 93.32765197753906 13.289765357971191
vertex 18.029762268066406 95.8453140258789 11.41109561920166
vertex 18.031696319580078 93.69989776611328 13.024930000305176
endloop
endfacet
facet normal 0.9999998988383598 -0.00033818307692972814 -0.0002965728853589951
outer loop
vertex 18.031648635864258 93.23825073242188 15.76302433013916
vertex 18.02965545654297 89.98409271240234 12.753046035766602
vertex 18.02965545654297 90.27991485595703 12.415719032287598
endloop
endfacet
facet normal 1.0625815513993626e-05 0.6370152272009797 -0.7708512179410345
outer loop
vertex 18.031648635864258 93.59040832519531 16.05404281616211
vertex 11.593680381774902 93.23828887939453 15.762969970703125
vertex 11.593680381774902 93.59044647216797 16.053985595703125
endloop
endfacet
facet normal 0.9999498826745424 -0.006377579051677957 0.007717423443623106
outer loop
vertex 18.031648635864258 93.59040832519531 16.05404281616211
vertex 18.02965545654297 89.73482513427734 13.12609577178955
vertex 18.031648635864258 93.23825073242188 15.76302433013916
endloop
endfacet
facet normal 0.0 -0.7518461039849762 -0.6593386352418704
outer loop
vertex 18.02965545654297 89.98409271240234 12.753046035766602
vertex 11.593779563903809 90.27991485595703 12.415719032287598
vertex 18.02965545654297 90.27991485595703 12.415719032287598
endloop
endfacet
facet normal -0.9999999997482936 -1.8655579675637444e-05 -1.2465254330646772e-05
outer loop
vertex 11.593778610229492 89.73482513427734 13.12609577178955
vertex 11.593680381774902 93.23828887939453 15.762969970703125
vertex 11.593778610229492 89.98409271240234 12.753040313720703
endloop
endfacet
facet normal 5.862141553599677e-07 -0.7518405596121777 -0.6593449574552791
outer loop
vertex 11.593779563903809 90.27991485595703 12.415719032287598
vertex 18.02965545654297 89.98409271240234 12.753046035766602
vertex 11.593778610229492 89.98409271240234 12.753040313720703
endloop
endfacet
facet normal -8.112031785312037e-07 0.7708478295726898 0.6370193275265791
outer loop
vertex 11.593711853027344 93.03667449951172 13.641864776611328
vertex 18.031688690185547 93.32765197753906 13.289765357971191
vertex 11.593720436096191 93.32769012451172 13.289710998535156
endloop
endfacet
facet normal 1.0215756811468073e-07 0.7708396289472889 0.637029250854618
outer loop
vertex 18.031688690185547 93.32765197753906 13.289765357971191
vertex 11.593711853027344 93.03667449951172 13.641864776611328
vertex 18.031679153442383 93.03662872314453 13.641919136047363
endloop
endfacet
facet normal -0.9999999998219645 1.4289987745395809e-05 -1.2323434143726415e-05
outer loop
vertex 11.593779563903809 95.8453140258789 11.41109561920166
vertex 11.593720436096191 93.32769012451172 13.289710998535156
vertex 11.593729019165039 93.69993591308594 13.02487564086914
endloop
endfacet
facet normal 0.0 0.06540048881848576 -0.9978590962968182
outer loop
vertex 18.029762268066406 96.29301452636719 11.440438270568848
vertex 11.593779563903809 95.8453140258789 11.41109561920166
vertex 11.593779563903809 96.29301452636719 11.440438270568848
endloop
endfacet
facet normal 0.9999996479760468 5.487595127906868e-05 -0.0008372791723887231
outer loop
vertex 18.031709671020508 96.06574249267578 13.751412391662598
vertex 18.029762268066406 95.8453140258789 11.41109561920166
vertex 18.029762268066406 96.29301452636719 11.440438270568848
endloop
endfacet
facet normal 0.9999966471228464 -0.0009195042470076823 -0.002420796357565008
outer loop
vertex 18.031696319580078 93.69989776611328 13.024930000305176
vertex 18.029762268066406 95.8453140258789 11.41109561920166
vertex 18.03170394897461 94.12801361083984 12.86546802520752
endloop
endfacet
facet normal -3.4450666013959055e-06 0.5797087535939581 0.8148237606959379
outer loop
vertex 11.593729019165039 93.69993591308594 13.02487564086914
vertex 18.031688690185547 93.32765197753906 13.289765357971191
vertex 18.031696319580078 93.69989776611328 13.024930000305176
endloop
endfacet
facet normal 0.9999998963635257 -0.0003785434066237341 -0.0002529383861525653
outer loop
vertex 18.031648635864258 93.23825073242188 15.76302433013916
vertex 18.02965545654297 89.73482513427734 13.12609577178955
vertex 18.02965545654297 89.98409271240234 12.753046035766602
endloop
endfacet
facet normal -0.9999998783237632 -0.0003142444984900881 0.0003802668194553662
outer loop
vertex 11.593778610229492 89.73482513427734 13.12609577178955
vertex 11.593680381774902 93.59044647216797 16.053985595703125
vertex 11.593680381774902 93.23828887939453 15.762969970703125
endloop
endfacet
facet normal 1.0546986484940648e-05 0.4158132377831313 -0.9094500267596182
outer loop
vertex 11.593681335449219 94.00592041015625 16.243946075439453
vertex 18.031648635864258 93.59040832519531 16.05404281616211
vertex 11.593680381774902 93.59044647216797 16.053985595703125
endloop
endfacet
facet normal 0.9999999120707916 -0.00037610758547404157 -0.0001854763946443917
outer loop
vertex 18.031648635864258 93.59040832519531 16.05404281616211
vertex 18.02965545654297 89.53638458251953 13.528491973876953
vertex 18.02965545654297 89.73482513427734 13.12609577178955
endloop
endfacet
facet normal -0.0 -0.8314697252632807 -0.5555700639618772
outer loop
vertex 11.593778610229492 89.98409271240234 12.753040313720703
vertex 18.02965545654297 89.73482513427734 13.12609577178955
vertex 11.593778610229492 89.73482513427734 13.12609577178955
endloop
endfacet
facet normal 4.939546222143651e-07 -0.8314657887749232 -0.5555759552902293
outer loop
vertex 18.02965545654297 89.73482513427734 13.12609577178955
vertex 11.593778610229492 89.98409271240234 12.753040313720703
vertex 18.02965545654297 89.98409271240234 12.753046035766602
endloop
endfacet
facet normal -3.445066090998591e-06 0.5797087535998181 0.8148237606917689
outer loop
vertex 18.031688690185547 93.32765197753906 13.289765357971191
vertex 11.593729019165039 93.69993591308594 13.02487564086914
vertex 11.593720436096191 93.32769012451172 13.289710998535156
endloop
endfacet
facet normal -0.9999999997496761 7.77881280108109e-06 -2.0979466578686918e-05
outer loop
vertex 11.593779563903809 95.8453140258789 11.41109561920166
vertex 11.593729019165039 93.69993591308594 13.02487564086914
vertex 11.593735694885254 94.1280517578125 12.865410804748535
endloop
endfacet
facet normal -0.9999999998715864 1.0480971089235366e-06 -1.5991520137478434e-05
outer loop
vertex 11.593779563903809 95.8453140258789 11.41109561920166
vertex 11.593742370605469 96.06578063964844 13.751358985900879
vertex 11.593779563903809 96.29301452636719 11.440438270568848
endloop
endfacet
facet normal 0.0 0.19509369799948584 -0.9807846088723485
outer loop
vertex 11.593779563903809 96.29301452636719 11.440438270568848
vertex 18.029762268066406 96.7330551147461 11.527969360351562
vertex 18.029762268066406 96.29301452636719 11.440438270568848
endloop
endfacet
facet normal 0.9999986073939428 0.0013646865531161845 -0.0009606460258514643
outer loop
vertex 18.031713485717773 95.80091094970703 13.379165649414062
vertex 18.029762268066406 95.8453140258789 11.41109561920166
vertex 18.031709671020508 96.06574249267578 13.751412391662598
endloop
endfacet
facet normal 0.999998143546944 0.0018085708644457353 -0.000664811321934948
outer loop
vertex 18.031709671020508 96.06574249267578 13.751412391662598
vertex 18.029762268066406 96.29301452636719 11.440438270568848
vertex 18.031705856323242 96.2252197265625 14.179520606994629
endloop
endfacet
facet normal 0.9999988407423068 -0.00015240500608190304 -0.001515020381570826
outer loop
vertex 18.03170394897461 94.12801361083984 12.86546802520752
vertex 18.029762268066406 95.8453140258789 11.41109561920166
vertex 18.031707763671875 94.58280181884766 12.822236061096191
endloop
endfacet
facet normal -6.26074731321722e-06 0.34904720084240726 0.9371051443380745
outer loop
vertex 11.593735694885254 94.1280517578125 12.865410804748535
vertex 18.031696319580078 93.69989776611328 13.024930000305176
vertex 18.03170394897461 94.12801361083984 12.86546802520752
endloop
endfacet
facet normal -5.844250246935075e-06 0.349052700330092 0.9371030959068034
outer loop
vertex 18.031696319580078 93.69989776611328 13.024930000305176
vertex 11.593735694885254 94.1280517578125 12.865410804748535
vertex 11.593729019165039 93.69993591308594 13.02487564086914
endloop
endfacet
facet normal -0.9999999997864434 -1.8535376592641618e-05 -9.140733662124632e-06
outer loop
vertex 11.593778610229492 89.53638458251953 13.528489112854004
vertex 11.593680381774902 93.59044647216797 16.053985595703125
vertex 11.593778610229492 89.73482513427734 13.12609577178955
endloop
endfacet
facet normal 1.0008095693707527e-05 0.4158063313522496 -0.9094531844505364
outer loop
vertex 18.031648635864258 93.59040832519531 16.05404281616211
vertex 11.593681335449219 94.00592041015625 16.243946075439453
vertex 18.031648635864258 94.0058822631836 16.243999481201172
endloop
endfacet
facet normal -0.9999999199781255 -0.00016444725021723424 0.0003646928086060281
outer loop
vertex 11.593779563903809 89.30464172363281 14.393391609191895
vertex 11.593681335449219 94.00592041015625 16.243946075439453
vertex 11.593680381774902 93.59044647216797 16.053985595703125
endloop
endfacet
facet normal 0.99999990815937 -0.0004058403697259276 -0.0001377492140741113
outer loop
vertex 18.031648635864258 93.59040832519531 16.05404281616211
vertex 18.02965545654297 89.39218139648438 13.953347206115723
vertex 18.02965545654297 89.53638458251953 13.528491973876953
endloop
endfacet
facet normal 0.0 -0.8968721180066607 -0.4422899546024604
outer loop
vertex 18.02965545654297 89.53638458251953 13.528491973876953
vertex 11.593778610229492 89.73482513427734 13.12609577178955
vertex 18.02965545654297 89.73482513427734 13.12609577178955
endloop
endfacet
facet normal -0.9999999997914593 1.0942730918497027e-05 -1.724349706227567e-05
outer loop
vertex 11.593779563903809 95.8453140258789 11.41109561920166
vertex 11.593735694885254 94.1280517578125 12.865410804748535
vertex 11.593741416931152 94.58283996582031 12.822181701660156
endloop
endfacet
facet normal -0.9999999998178258 9.145515655676107e-06 -1.6754344728368612e-05
outer loop
vertex 11.593779563903809 95.8453140258789 11.41109561920166
vertex 11.593746185302734 95.80094909667969 13.379114151000977
vertex 11.593742370605469 96.06578063964844 13.751358985900879
endloop
endfacet
facet normal -0.9999999998311979 1.0526956790751563e-05 -1.505945954605475e-05
outer loop
vertex 11.593779563903809 96.29301452636719 11.440438270568848
vertex 11.593742370605469 96.06578063964844 13.751358985900879
vertex 11.593737602233887 96.2252426147461 14.179463386535645
endloop
endfacet
facet normal 0.0 0.19509369799948584 -0.9807846088723485
outer loop
vertex 18.029762268066406 96.7330551147461 11.527969360351562
vertex 11.593779563903809 96.29301452636719 11.440438270568848
vertex 11.593779563903809 96.7330551147461 11.527969360351562
endloop
endfacet
facet normal 0.9999999999999999 -0.0 0.0
outer loop
vertex 18.029762268066406 99.2751693725586 18.271095275878906
vertex 18.029762268066406 96.29301452636719 11.440438270568848
vertex 18.029762268066406 96.7330551147461 11.527969360351562
endloop
endfacet
facet normal 0.9999991987209861 0.0008096283992953299 -0.0009731696875674208
outer loop
vertex 18.031715393066406 95.4487533569336 13.08814811706543
vertex 18.029762268066406 95.8453140258789 11.41109561920166
vertex 18.031713485717773 95.80091094970703 13.379165649414062
endloop
endfacet
facet normal -9.636997651349098e-06 -0.8148284065513475 0.5797022233734491
outer loop
vertex 11.593742370605469 96.06578063964844 13.751358985900879
vertex 18.031713485717773 95.80091094970703 13.379165649414062
vertex 18.031709671020508 96.06574249267578 13.751412391662598
endloop
endfacet
facet normal 0.9999814590294341 0.006063709961740148 -0.0005594808880017531
outer loop
vertex 18.031705856323242 96.2252197265625 14.179520606994629
vertex 18.029762268066406 96.29301452636719 11.440438270568848
vertex 18.03169822692871 96.26844024658203 14.634312629699707
endloop
endfacet
facet normal -6.434168083939519e-06 -0.937092184111951 0.34908199385659344
outer loop
vertex 11.593737602233887 96.2252426147461 14.179463386535645
vertex 18.031709671020508 96.06574249267578 13.751412391662598
vertex 18.031705856323242 96.2252197265625 14.179520606994629
endloop
endfacet
facet normal 0.9999992523366922 0.00019094360181006321 -0.0012078355010965948
outer loop
vertex 18.031707763671875 94.58280181884766 12.822236061096191
vertex 18.029762268066406 95.8453140258789 11.41109561920166
vertex 18.031713485717773 95.03328704833984 12.898189544677734
endloop
endfacet
facet normal -7.844949833161969e-06 0.09463294865173397 0.9955122324551993
outer loop
vertex 11.593741416931152 94.58283996582031 12.822181701660156
vertex 18.03170394897461 94.12801361083984 12.86546802520752
vertex 18.031707763671875 94.58280181884766 12.822236061096191
endloop
endfacet
facet normal -8.287393595981344e-06 0.09462674210985016 0.9955128224231945
outer loop
vertex 18.03170394897461 94.12801361083984 12.86546802520752
vertex 11.593741416931152 94.58283996582031 12.822181701660156
vertex 11.593735694885254 94.1280517578125 12.865410804748535
endloop
endfacet
facet normal -0.9999999997640535 -2.1154969209637248e-05 -4.93562362958764e-06
outer loop
vertex 11.593779563903809 89.39218139648438 13.953347206115723
vertex 11.593680381774902 93.59044647216797 16.053985595703125
vertex 11.593778610229492 89.53638458251953 13.528489112854004
endloop
endfacet
facet normal 1.9661795549434335e-07 -0.8968708705775514 -0.4422924841204363
outer loop
vertex 11.593778610229492 89.73482513427734 13.12609577178955
vertex 18.02965545654297 89.53638458251953 13.528491973876953
vertex 11.593778610229492 89.53638458251953 13.528489112854004
endloop
endfacet
facet normal 9.16509671203626e-06 0.16625380978290022 -0.9860829937934598
outer loop
vertex 11.593685150146484 94.4563980102539 16.319896697998047
vertex 18.031648635864258 94.0058822631836 16.243999481201172
vertex 11.593681335449219 94.00592041015625 16.243946075439453
endloop
endfacet
facet normal 0.9999731057009718 -0.0030495326702382813 0.006669949418554345
outer loop
vertex 18.031648635864258 94.0058822631836 16.243999481201172
vertex 18.02965545654297 89.30464172363281 14.393391609191895
vertex 18.031648635864258 93.59040832519531 16.05404281616211
endloop
endfacet
facet normal -0.9999999997916709 -2.036851143702868e-05 -1.334954425457923e-06
outer loop
vertex 11.593779563903809 89.27529907226562 14.841096878051758
vertex 11.593681335449219 94.00592041015625 16.243946075439453
vertex 11.593779563903809 89.30464172363281 14.393391609191895
endloop
endfacet
facet normal -0.9999999997600437 -2.1485884690154358e-05 -4.274267104760627e-06
outer loop
vertex 11.593779563903809 89.30464172363281 14.393391609191895
vertex 11.593680381774902 93.59044647216797 16.053985595703125
vertex 11.593779563903809 89.39218139648438 13.953347206115723
endloop
endfacet
facet normal 0.999999903091243 -0.00043178610595742624 -8.58968190326472e-05
outer loop
vertex 18.031648635864258 93.59040832519531 16.05404281616211
vertex 18.02965545654297 89.30464172363281 14.393391609191895
vertex 18.02965545654297 89.39218139648438 13.953347206115723
endloop
endfacet
facet normal 1.4287963462297594e-07 -0.9469408018503042 -0.32140802384365363
outer loop
vertex 18.02965545654297 89.39218139648438 13.953347206115723
vertex 11.593778610229492 89.53638458251953 13.528489112854004
vertex 18.02965545654297 89.53638458251953 13.528491973876953
endloop
endfacet
facet normal -0.9999999997930187 1.1318853918478575e-05 -1.690698638676725e-05
outer loop
vertex 11.593779563903809 95.8453140258789 11.41109561920166
vertex 11.593741416931152 94.58283996582031 12.822181701660156
vertex 11.593745231628418 95.03331756591797 12.898138046264648
endloop
endfacet
facet normal -0.9999999997667146 1.375999825849072e-05 -1.6650320710117248e-05
outer loop
vertex 11.593779563903809 95.8453140258789 11.41109561920166
vertex 11.593746185302734 95.44879913330078 13.088093757629395
vertex 11.593746185302734 95.80094909667969 13.379114151000977
endloop
endfacet
facet normal -9.465259251311743e-06 -0.8148270034878384 0.5797041955147805
outer loop
vertex 18.031713485717773 95.80091094970703 13.379165649414062
vertex 11.593742370605469 96.06578063964844 13.751358985900879
vertex 11.593746185302734 95.80094909667969 13.379114151000977
endloop
endfacet
facet normal -8.448190955707223e-06 -0.9371020923380209 0.34905539454982143
outer loop
vertex 18.031709671020508 96.06574249267578 13.751412391662598
vertex 11.593737602233887 96.2252426147461 14.179463386535645
vertex 11.593742370605469 96.06578063964844 13.751358985900879
endloop
endfacet
facet normal -0.9999999998703446 5.3526885600923465e-06 -1.5187486868195952e-05
outer loop
vertex 11.593779563903809 96.29301452636719 11.440438270568848
vertex 11.593737602233887 96.2252426147461 14.179463386535645
vertex 11.593730926513672 96.26847839355469 14.634255409240723
endloop
endfacet
facet normal -1.0 0.0 -0.0
outer loop
vertex 11.593779563903809 96.29301452636719 11.440438270568848
vertex 11.593779563903809 99.27530670166016 18.271095275878906
vertex 11.593779563903809 96.7330551147461 11.527969360351562
endloop
endfacet
facet normal 0.0 0.32144039062563945 -0.9469298153899454
outer loop
vertex 11.593779563903809 96.7330551147461 11.527969360351562
vertex 18.029762268066406 97.15791320800781 11.672189712524414
vertex 18.029762268066406 96.7330551147461 11.527969360351562
endloop
endfacet
facet normal 0.9999988918871948 0.0013643409750818203 -0.0005956492980887236
outer loop
vertex 18.029762268066406 99.2751693725586 18.271095275878906
vertex 18.03169822692871 96.26844024658203 14.634312629699707
vertex 18.029762268066406 96.29301452636719 11.440438270568848
endloop
endfacet
facet normal 1.0 -0.0 0.0
outer loop
vertex 18.029762268066406 99.2751693725586 18.271095275878906
vertex 18.029762268066406 96.7330551147461 11.527969360351562
vertex 18.029762268066406 97.15791320800781 11.672189712524414
endloop
endfacet
facet normal 0.9999993332078119 0.00047638796943513036 -0.0010519688370412142
outer loop
vertex 18.031713485717773 95.03328704833984 12.898189544677734
vertex 18.029762268066406 95.8453140258789 11.41109561920166
vertex 18.031715393066406 95.4487533569336 13.08814811706543
endloop
endfacet
facet normal -1.103815197704638e-05 -0.6370177080978021 0.7708491677675878
outer loop
vertex 18.031713485717773 95.80091094970703 13.379165649414062
vertex 11.593746185302734 95.44879913330078 13.088093757629395
vertex 18.031715393066406 95.4487533569336 13.08814811706543
endloop
endfacet
facet normal -6.739603343850728e-06 -0.9955146668922371 0.09460733564061566
outer loop
vertex 11.593730926513672 96.26847839355469 14.634255409240723
vertex 18.031705856323242 96.2252197265625 14.179520606994629
vertex 18.03169822692871 96.26844024658203 14.634312629699707
endloop
endfacet
facet normal -4.380391234705276e-06 -0.9955115205874032 0.09464043722726653
outer loop
vertex 18.031705856323242 96.2252197265625 14.179520606994629
vertex 11.593730926513672 96.26847839355469 14.634255409240723
vertex 11.593737602233887 96.2252426147461 14.179463386535645
endloop
endfacet
facet normal -8.675943086061531e-06 -0.1662571614028651 0.9860824287081632
outer loop
vertex 11.593745231628418 95.03331756591797 12.898138046264648
vertex 18.031707763671875 94.58280181884766 12.822236061096191
vertex 18.031713485717773 95.03328704833984 12.898189544677734
endloop
endfacet
facet normal -9.311224182476176e-06 -0.1662659889372871 0.9860809403066297
outer loop
vertex 18.031707763671875 94.58280181884766 12.822236061096191
vertex 11.593745231628418 95.03331756591797 12.898138046264648
vertex 11.593741416931152 94.58283996582031 12.822181701660156
endloop
endfacet
facet normal -0.0 -0.9469414605882815 -0.3214060830459373
outer loop
vertex 11.593778610229492 89.53638458251953 13.528489112854004
vertex 18.02965545654297 89.39218139648438 13.953347206115723
vertex 11.593779563903809 89.39218139648438 13.953347206115723
endloop
endfacet
facet normal 8.968066384263268e-06 0.16625107194291242 -0.986083455391787
outer loop
vertex 18.031648635864258 94.0058822631836 16.243999481201172
vertex 11.593685150146484 94.4563980102539 16.319896697998047
vertex 18.031652450561523 94.45636749267578 16.319950103759766
endloop
endfacet
facet normal -0.9999999988917905 5.311170191082346e-07 4.707586087922145e-05
outer loop
vertex 11.593681335449219 94.00592041015625 16.243946075439453
vertex 11.593779563903809 99.27530670166016 18.271095275878906
vertex 11.593685150146484 94.4563980102539 16.319896697998047
endloop
endfacet
facet normal 0.9999999142222968 -0.00041330573883407876 -2.7088102477664293e-05
outer loop
vertex 18.031648635864258 94.0058822631836 16.243999481201172
vertex 18.02965545654297 89.27529907226562 14.841096878051758
vertex 18.02965545654297 89.30464172363281 14.393391609191895
endloop
endfacet
facet normal -0.9999998883433748 -0.0001533197701084167 0.0004469969641363217
outer loop
vertex 11.593779563903809 89.27529907226562 14.841096878051758
vertex 11.593779563903809 99.27530670166016 18.271095275878906
vertex 11.593681335449219 94.00592041015625 16.243946075439453
endloop
endfacet
facet normal -0.0 -0.9978591417544508 -0.0653997952372249
outer loop
vertex 11.593779563903809 89.30464172363281 14.393391609191895
vertex 18.02965545654297 89.27529907226562 14.841096878051758
vertex 11.593779563903809 89.27529907226562 14.841096878051758
endloop
endfacet
facet normal -0.0 -0.9807812718835178 -0.19511047312368746
outer loop
vertex 11.593779563903809 89.39218139648438 13.953347206115723
vertex 18.02965545654297 89.30464172363281 14.393391609191895
vertex 11.593779563903809 89.30464172363281 14.393391609191895
endloop
endfacet
facet normal 0.0 -0.9807812718835178 -0.19511047312368746
outer loop
vertex 18.02965545654297 89.30464172363281 14.393391609191895
vertex 11.593779563903809 89.39218139648438 13.953347206115723
vertex 18.02965545654297 89.39218139648438 13.953347206115723
endloop
endfacet
facet normal -0.9999999997944834 1.0283577526723174e-05 -1.7472296932006453e-05
outer loop
vertex 11.593779563903809 95.8453140258789 11.41109561920166
vertex 11.593745231628418 95.03331756591797 12.898138046264648
vertex 11.593746185302734 95.44879913330078 13.088093757629395
endloop
endfacet
facet normal -9.94067698483733e-06 -0.6370296299374526 0.7708393156053572
outer loop
vertex 11.593746185302734 95.44879913330078 13.088093757629395
vertex 18.031713485717773 95.80091094970703 13.379165649414062
vertex 11.593746185302734 95.80094909667969 13.379114151000977
endloop
endfacet
facet normal -0.9999999993005788 3.427655847166313e-05 -1.4965282555769723e-05
outer loop
vertex 11.593730926513672 96.26847839355469 14.634255409240723
vertex 11.593779563903809 99.27530670166016 18.271095275878906
vertex 11.593779563903809 96.29301452636719 11.440438270568848
endloop
endfacet
facet normal -1.0 0.0 -0.0
outer loop
vertex 11.593779563903809 96.7330551147461 11.527969360351562
vertex 11.593779563903809 99.27530670166016 18.271095275878906
vertex 11.593779563903809 97.15791320800781 11.672189712524414
endloop
endfacet
facet normal 0.0 0.32144039062563945 -0.9469298153899454
outer loop
vertex 18.029762268066406 97.15791320800781 11.672189712524414
vertex 11.593779563903809 96.7330551147461 11.527969360351562
vertex 11.593779563903809 97.15791320800781 11.672189712524414
endloop
endfacet
facet normal 0.999999860510724 0.0005177966280369827 0.00010423619619011459
outer loop
vertex 18.029762268066406 99.2751693725586 18.271095275878906
vertex 18.03169059753418 96.19248962402344 15.084793090820312
vertex 18.03169822692871 96.26844024658203 14.634312629699707
endloop
endfacet
facet normal 0.9999999999999999 -0.0 0.0
outer loop
vertex 18.029762268066406 99.2751693725586 18.271095275878906
vertex 18.029762268066406 97.15791320800781 11.672189712524414
vertex 18.029762268066406 97.56031036376953 11.870630264282227
endloop
endfacet
facet normal -1.0635600712902629e-05 -0.41581610002073593 0.9094487180981835
outer loop
vertex 11.593746185302734 95.44879913330078 13.088093757629395
vertex 18.031713485717773 95.03328704833984 12.898189544677734
vertex 18.031715393066406 95.4487533569336 13.08814811706543
endloop
endfacet
facet normal -4.365222193561895e-06 -0.9860835130954777 -0.16625072986975356
outer loop
vertex 18.03169822692871 96.26844024658203 14.634312629699707
vertex 11.59372329711914 96.1925277709961 15.084741592407227
vertex 11.593730926513672 96.26847839355469 14.634255409240723
endloop
endfacet
facet normal -9.245889317219575e-06 -0.41579828945480646 0.9094568612094641
outer loop
vertex 18.031713485717773 95.03328704833984 12.898189544677734
vertex 11.593746185302734 95.44879913330078 13.088093757629395
vertex 11.593745231628418 95.03331756591797 12.898138046264648
endloop
endfacet
facet normal 7.809681049166221e-06 -0.0946231000852623 -0.9955131686066555
outer loop
vertex 11.593690872192383 94.91119384765625 16.276668548583984
vertex 18.031652450561523 94.45636749267578 16.319950103759766
vertex 11.593685150146484 94.4563980102539 16.319896697998047
endloop
endfacet
facet normal 0.9999985188563555 -0.00029437008880726137 0.001695768659395819
outer loop
vertex 18.029762268066406 99.2751693725586 18.271095275878906
vertex 18.031648635864258 94.0058822631836 16.243999481201172
vertex 18.031652450561523 94.45636749267578 16.319950103759766
endloop
endfacet
facet normal -0.999999999804874 1.391443615244668e-05 1.402284744614252e-05
outer loop
vertex 11.593685150146484 94.4563980102539 16.319896697998047
vertex 11.593779563903809 99.27530670166016 18.271095275878906
vertex 11.593690872192383 94.91119384765625 16.276668548583984
endloop
endfacet
facet normal 0.9999562810900923 -0.003043384248370988 0.008841590399319666
outer loop
vertex 18.029762268066406 99.2751693725586 18.271095275878906
vertex 18.02965545654297 89.27529907226562 14.841096878051758
vertex 18.031648635864258 94.0058822631836 16.243999481201172
endloop
endfacet
facet normal 0.0 -0.9978591417544508 -0.0653997952372249
outer loop
vertex 18.02965545654297 89.27529907226562 14.841096878051758
vertex 11.593779563903809 89.30464172363281 14.393391609191895
vertex 18.02965545654297 89.30464172363281 14.393391609191895
endloop
endfacet
facet normal -1.0 -0.0 0.0
outer loop
vertex 11.593779563903809 99.27530670166016 18.271095275878906
vertex 11.593779563903809 89.27529907226562 14.841096878051758
vertex 11.593779563903809 89.27529907226562 18.271095275878906
endloop
endfacet
facet normal 0.0 -0.9999999997526214 -2.224314312856751e-05
outer loop
vertex 18.0295467376709 89.27522277832031 18.271095275878906
vertex 11.593779563903809 89.27529907226562 14.841096878051758
vertex 18.02965545654297 89.27529907226562 14.841096878051758
endloop
endfacet
facet normal -0.9999999994667382 3.045053528510629e-05 -1.1802043245064856e-05
outer loop
vertex 11.59372329711914 96.1925277709961 15.084741592407227
vertex 11.593779563903809 99.27530670166016 18.271095275878906
vertex 11.593730926513672 96.26847839355469 14.634255409240723
endloop
endfacet
facet normal -1.0 0.0 -0.0
outer loop
vertex 11.593779563903809 97.15791320800781 11.672189712524414
vertex 11.593779563903809 99.27530670166016 18.271095275878906
vertex 11.593779563903809 97.56031036376953 11.870630264282227
endloop
endfacet
facet normal 0.0 0.4422891114354467 -0.8968725338116018
outer loop
vertex 11.593779563903809 97.15791320800781 11.672189712524414
vertex 18.029762268066406 97.56031036376953 11.870630264282227
vertex 18.029762268066406 97.15791320800781 11.672189712524414
endloop
endfacet
facet normal 0.9999998944822327 0.0004086760192142573 0.0002098080901715757
outer loop
vertex 18.029762268066406 99.2751693725586 18.271095275878906
vertex 18.031681060791016 96.00252532958984 15.50027084350586
vertex 18.03169059753418 96.19248962402344 15.084793090820312
endloop
endfacet
facet normal -4.512966863760334e-06 -0.9860831669010663 -0.16625278323684256
outer loop
vertex 11.59372329711914 96.1925277709961 15.084741592407227
vertex 18.03169822692871 96.26844024658203 14.634312629699707
vertex 18.03169059753418 96.19248962402344 15.084793090820312
endloop
endfacet
facet normal 1.0 -0.0 0.0
outer loop
vertex 18.029762268066406 99.2751693725586 18.271095275878906
vertex 18.029762268066406 97.56031036376953 11.870630264282227
vertex 18.029762268066406 97.93336486816406 12.119893074035645
endloop
endfacet
facet normal 7.992500404614827e-06 -0.09462053551569642 -0.9955134123631096
outer loop
vertex 18.031652450561523 94.45636749267578 16.319950103759766
vertex 11.593690872192383 94.91119384765625 16.276668548583984
vertex 18.031658172607422 94.9111557006836 16.276723861694336
endloop
endfacet
facet normal 0.9999996700813789 6.438233127630711e-05 0.0008097481392475314
outer loop
vertex 18.029762268066406 99.2751693725586 18.271095275878906
vertex 18.031652450561523 94.45636749267578 16.319950103759766
vertex 18.031658172607422 94.9111557006836 16.276723861694336
endloop
endfacet
facet normal -0.9999999998267943 1.7717310273256164e-05 5.701573165312448e-06
outer loop
vertex 11.593690872192383 94.91119384765625 16.276668548583984
vertex 11.593779563903809 99.27530670166016 18.271095275878906
vertex 11.593697547912598 95.33930206298828 16.117202758789062
endloop
endfacet
facet normal 0.9999999992654126 -2.1553154641212764e-05 3.169599953286223e-05
outer loop
vertex 18.02965545654297 89.27529907226562 14.841096878051758
vertex 18.029762268066406 99.2751693725586 18.271095275878906
vertex 18.0295467376709 89.27522277832031 18.271095275878906
endloop
endfacet
facet normal -1.1854677654922286e-05 -0.9999999999297332 0.0
outer loop
vertex 11.593779563903809 89.27529907226562 14.841096878051758
vertex 18.0295467376709 89.27522277832031 18.271095275878906
vertex 11.593779563903809 89.27529907226562 18.271095275878906
endloop
endfacet
facet normal 0.0 1.9073471776220527e-07 -0.9999999999999818
outer loop
vertex 3.1337785720825195 89.27529907226562 18.271093368530273
vertex 11.593779563903809 99.27530670166016 18.271095275878906
vertex 10.577044486999512 89.27529907226562 18.271093368530273
endloop
endfacet
facet normal 1.8759543917935256e-06 0.0 -0.9999999999982403
outer loop
vertex 10.577044486999512 89.27529907226562 18.271093368530273
vertex 11.593779563903809 99.27530670166016 18.271095275878906
vertex 11.593779563903809 89.27529907226562 18.271095275878906
endloop
endfacet
facet normal -0.9999999996033716 2.6894872942110995e-05 -8.361960300070947e-06
outer loop
vertex 11.593714714050293 96.00257110595703 15.500219345092773
vertex 11.593779563903809 99.27530670166016 18.271095275878906
vertex 11.59372329711914 96.1925277709961 15.084741592407227
endloop
endfacet
facet normal -1.0 0.0 -0.0
outer loop
vertex 11.593779563903809 97.56031036376953 11.870630264282227
vertex 11.593779563903809 99.27530670166016 18.271095275878906
vertex 11.593779563903809 97.93336486816406 12.119893074035645
endloop
endfacet
facet normal 0.0 0.4422891114354467 -0.8968725338116018
outer loop
vertex 18.029762268066406 97.56031036376953 11.870630264282227
vertex 11.593779563903809 97.15791320800781 11.672189712524414
vertex 11.593779563903809 97.56031036376953 11.870630264282227
endloop
endfacet
facet normal 0.9999998998203653 0.000334164412087721 0.0002978143797756463
outer loop
vertex 18.029762268066406 99.2751693725586 18.271095275878906
vertex 18.031673431396484 95.71150970458984 15.852424621582031
vertex 18.031681060791016 96.00252532958984 15.50027084350586
endloop
endfacet
facet normal -3.140327841978567e-06 -0.9094483128194407 -0.41581698654577726
outer loop
vertex 11.593714714050293 96.00257110595703 15.500219345092773
vertex 18.03169059753418 96.19248962402344 15.084793090820312
vertex 18.031681060791016 96.00252532958984 15.50027084350586
endloop
endfacet
facet normal -2.0627220687787114e-06 -0.909454628167835 -0.4158031737491313
outer loop
vertex 18.03169059753418 96.19248962402344 15.084793090820312
vertex 11.593714714050293 96.00257110595703 15.500219345092773
vertex 11.59372329711914 96.1925277709961 15.084741592407227
endloop
endfacet
facet normal 0.0 0.5555636983373097 -0.8314739786005159
outer loop
vertex 11.593779563903809 97.56031036376953 11.870630264282227
vertex 18.029762268066406 97.93336486816406 12.119893074035645
vertex 18.029762268066406 97.56031036376953 11.870630264282227
endloop
endfacet
facet normal 0.9999999999999999 -0.0 0.0
outer loop
vertex 18.029762268066406 99.2751693725586 18.271095275878906
vertex 18.029762268066406 97.93336486816406 12.119893074035645
vertex 18.029762268066406 98.27068328857422 12.415719032287598
endloop
endfacet
facet normal 5.982999402117979e-06 -0.34905999613083843 -0.9371003783295272
outer loop
vertex 11.593697547912598 95.33930206298828 16.117202758789062
vertex 18.031658172607422 94.9111557006836 16.276723861694336
vertex 11.593690872192383 94.91119384765625 16.276668548583984
endloop
endfacet
facet normal 0.9999998342029685 0.00018527122709342193 0.0005452234478020335
outer loop
vertex 18.029762268066406 99.2751693725586 18.271095275878906
vertex 18.031658172607422 94.9111557006836 16.276723861694336
vertex 18.031665802001953 95.33926391601562 16.11725616455078
endloop
endfacet
facet normal -0.9999999997607671 2.1802626903824736e-05 -1.7638992694505573e-06
outer loop
vertex 11.593697547912598 95.33930206298828 16.117202758789062
vertex 11.593779563903809 99.27530670166016 18.271095275878906
vertex 11.593706130981445 95.7115478515625 15.852373123168945
endloop
endfacet
facet normal 0.9517028815634428 -2.0512199393892683e-05 0.30702056088003127
outer loop
vertex 18.029762268066406 99.2751693725586 18.271095275878906
vertex 13.449727058410645 89.27526092529297 32.467628479003906
vertex 18.0295467376709 89.27522277832031 18.271095275878906
endloop
endfacet
facet normal -1.185467765491462e-05 -0.9999999999290866 -1.1372715529003893e-06
outer loop
vertex 11.593779563903809 89.27529907226562 18.271095275878906
vertex 18.0295467376709 89.27522277832031 18.271095275878906
vertex 13.449727058410645 89.27526092529297 32.467628479003906
endloop
endfacet
facet normal 2.2545490741225227e-07 -1.0750609755983984e-14 -0.9999999999999746
outer loop
vertex 11.593779563903809 99.27530670166016 18.271095275878906
vertex 3.1337785720825195 89.27529907226562 18.271093368530273
vertex 3.1337790489196777 99.27522277832031 18.271093368530273
endloop
endfacet
facet normal 1.5623218288758154e-10 -0.9999999965321009 -8.328143987441999e-05
outer loop
vertex 10.577044486999512 89.27521514892578 19.27880096435547
vertex 10.577044486999512 89.27529907226562 18.271093368530273
vertex 11.593779563903809 89.27529907226562 18.271095275878906
endloop
endfacet
facet normal -0.9999999997057337 2.379899231233432e-05 -4.7053553141950465e-06
outer loop
vertex 11.593706130981445 95.7115478515625 15.852373123168945
vertex 11.593779563903809 99.27530670166016 18.271095275878906
vertex 11.593714714050293 96.00257110595703 15.500219345092773
endloop
endfacet
facet normal -1.0 0.0 -0.0
outer loop
vertex 11.593779563903809 97.93336486816406 12.119893074035645
vertex 11.593779563903809 99.27530670166016 18.271095275878906
vertex 11.593779563903809 98.27068328857422 12.415719032287598
endloop
endfacet
facet normal 0.0 0.5555636983373097 -0.8314739786005159
outer loop
vertex 18.029762268066406 97.93336486816406 12.119893074035645
vertex 11.593779563903809 97.56031036376953 11.870630264282227
vertex 11.593779563903809 97.93336486816406 12.119893074035645
endloop
endfacet
facet normal 0.9999998848219376 0.0002644546308315603 0.00040052448080561757
outer loop
vertex 18.029762268066406 99.2751693725586 18.271095275878906
vertex 18.031665802001953 95.33926391601562 16.11725616455078
vertex 18.031673431396484 95.71150970458984 15.852424621582031
endloop
endfacet
facet normal 5.281128712852001e-07 -0.7708478295687456 -0.6370193275316497
outer loop
vertex 11.593706130981445 95.7115478515625 15.852373123168945
vertex 18.031681060791016 96.00252532958984 15.50027084350586
vertex 18.031673431396484 95.71150970458984 15.852424621582031
endloop
endfacet
facet normal -3.852524625163425e-07 -0.7708396289439833 -0.6370292508585095
outer loop
vertex 18.031681060791016 96.00252532958984 15.50027084350586
vertex 11.593706130981445 95.7115478515625 15.852373123168945
vertex 11.593714714050293 96.00257110595703 15.500219345092773
endloop
endfacet
facet normal 0.0 0.6593529246474295 -0.7518335725138119
outer loop
vertex 11.593779563903809 97.93336486816406 12.119893074035645
vertex 18.029762268066406 98.27068328857422 12.415719032287598
vertex 18.029762268066406 97.93336486816406 12.119893074035645
endloop
endfacet
facet normal 1.0 -0.0 0.0
outer loop
vertex 18.029762268066406 99.2751693725586 18.271095275878906
vertex 18.029762268066406 98.27068328857422 12.415719032287598
vertex 18.029762268066406 98.56651306152344 12.753046035766602
endloop
endfacet
facet normal 5.70533484139787e-06 -0.34906366248867193 -0.9370990126435114
outer loop
vertex 18.031658172607422 94.9111557006836 16.276723861694336
vertex 11.593697547912598 95.33930206298828 16.117202758789062
vertex 18.031665802001953 95.33926391601562 16.11725616455078
endloop
endfacet
facet normal 3.3244623136747893e-06 -0.5797004375436767 -0.8148296771108778
outer loop
vertex 11.593706130981445 95.7115478515625 15.852373123168945
vertex 18.031665802001953 95.33926391601562 16.11725616455078
vertex 11.593697547912598 95.33930206298828 16.117202758789062
endloop
endfacet
facet normal 0.9517125466471194 -6.748371169859744e-05 0.3069905926904003
outer loop
vertex 13.449727058410645 89.27526092529297 32.467628479003906
vertex 18.029762268066406 99.2751693725586 18.271095275878906
vertex 13.45041275024414 99.27518463134766 32.46770095825195
endloop
endfacet
facet normal 4.3131545608913976e-05 -0.9999999990201045 -9.973022963085896e-06
outer loop
vertex 10.577044486999512 89.27520751953125 20.043804168701172
vertex 10.577044486999512 89.27521514892578 19.27880096435547
vertex 10.635194778442383 89.27520751953125 20.2952938079834
endloop
endfacet
facet normal 7.107327697596e-05 -0.9999999974073451 -1.1571479676572117e-05
outer loop
vertex 10.635194778442383 89.27520751953125 20.2952938079834
vertex 10.577044486999512 89.27521514892578 19.27880096435547
vertex 11.593779563903809 89.27529907226562 18.271095275878906
endloop
endfacet
facet normal 7.091146204470438e-05 -0.999999997417943 -1.1648109181866311e-05
outer loop
vertex 10.635194778442383 89.27520751953125 20.2952938079834
vertex 11.593779563903809 89.27529907226562 18.271095275878906
vertex 11.260858535766602 89.27516174316406 28.034154891967773
endloop
endfacet
facet normal 6.903451345112307e-05 -0.9999999975485311 -1.1712113264402034e-05
outer loop
vertex 11.260858535766602 89.27516174316406 28.034154891967773
vertex 11.593779563903809 89.27529907226562 18.271095275878906
vertex 13.449727058410645 89.27526092529297 32.467628479003906
endloop
endfacet
facet normal -9.920018156239373e-06 0.9999999999018323 9.895896987575263e-06
outer loop
vertex 13.45041275024414 99.27518463134766 32.46770095825195
vertex 11.593779563903809 99.27530670166016 18.271095275878906
vertex 3.1337790489196777 99.27522277832031 18.271093368530273
endloop
endfacet
facet normal 8.021168687163218e-06 -0.9999999999661103 -1.8546819590747925e-06
outer loop
vertex 10.577044486999512 89.27520751953125 20.043804168701172
vertex 10.635194778442383 89.27520751953125 20.2952938079834
vertex 10.577044486999512 89.27519226074219 28.270977020263672
endloop
endfacet
facet normal 2.1706466953981296e-05 -0.9999999997628748 -1.754903160868025e-06
outer loop
vertex 10.577044486999512 89.27519226074219 28.270977020263672
vertex 10.635194778442383 89.27520751953125 20.2952938079834
vertex 11.5960693359375 89.27520751953125 32.180389404296875
endloop
endfacet
facet normal 2.567640609975579e-05 -0.9999999996664698 -2.7897048759056474e-06
outer loop
vertex 10.577044486999512 89.27519226074219 28.270977020263672
vertex 11.5960693359375 89.27520751953125 32.180389404296875
vertex 3.1337785720825195 89.27499389648438 30.86907958984375
endloop
endfacet
facet normal 2.5638197665513976e-05 -0.9999999996681076 -2.54313394585389e-06
outer loop
vertex 3.1337785720825195 89.27499389648438 30.86907958984375
vertex 11.5960693359375 89.27520751953125 32.180389404296875
vertex 3.1337790489196777 89.27497100830078 39.869075775146484
endloop
endfacet
facet normal 2.8685397099715585e-05 -0.9999999995882453 8.106621318874646e-07
outer loop
vertex 3.1337790489196777 89.27497100830078 39.869075775146484
vertex 11.5960693359375 89.27520751953125 32.180389404296875
vertex 13.449727058410645 89.27526092529297 32.467628479003906
endloop
endfacet
facet normal 2.665016405560864e-05 -0.9999999996448845 0.0
outer loop
vertex 3.1337785720825195 89.27499389648438 30.86907958984375
vertex 3.1337785720825195 89.27499389648438 28.270761489868164
vertex 10.577044486999512 89.27519226074219 28.270977020263672
endloop
endfacet
facet normal -1.0 0.0 -0.0
outer loop
vertex 11.593779563903809 98.27068328857422 12.415719032287598
vertex 11.593779563903809 99.27530670166016 18.271095275878906
vertex 11.593779563903809 98.56651306152344 12.753040313720703
endloop
endfacet
facet normal 0.0 0.6593529246474295 -0.7518335725138119
outer loop
vertex 18.029762268066406 98.27068328857422 12.415719032287598
vertex 11.593779563903809 97.93336486816406 12.119893074035645
vertex 11.593779563903809 98.27068328857422 12.415719032287598
endloop
endfacet
facet normal 3.0830245532987443e-06 -0.5797032095734895 -0.8148277049785984
outer loop
vertex 18.031665802001953 95.33926391601562 16.11725616455078
vertex 11.593706130981445 95.7115478515625 15.852373123168945
vertex 18.031673431396484 95.71150970458984 15.852424621582031
endloop
endfacet
facet normal 5.862074383659136e-07 0.7518376744483821 -0.6593482473471094
outer loop
vertex 18.029762268066406 98.27068328857422 12.415719032287598
vertex 11.593779563903809 98.56651306152344 12.753040313720703
vertex 18.029762268066406 98.56651306152344 12.753046035766602
endloop
endfacet
facet normal 1.0 -0.0 0.0
outer loop
vertex 18.029762268066406 99.2751693725586 18.271095275878906
vertex 18.029762268066406 98.56651306152344 12.753046035766602
vertex 18.029762268066406 98.81578063964844 13.12609577178955
endloop
endfacet
facet normal 2.1337705186824176e-05 0.9999999997554848 5.808009516128596e-06
outer loop
vertex 18.029762268066406 99.2751693725586 18.271095275878906
vertex 11.593779563903809 99.27530670166016 18.271095275878906
vertex 13.45041275024414 99.27518463134766 32.46770095825195
endloop
endfacet
facet normal 0.9591462731087682 -6.781890901924121e-05 0.2829106257851687
outer loop
vertex 13.45041275024414 99.27518463134766 32.46770095825195
vertex 13.348922729492188 89.27526092529297 32.809383392333984
vertex 13.449727058410645 89.27526092529297 32.467628479003906
endloop
endfacet
facet normal 5.4185004349503536e-05 -0.9999999985223975 -4.380700883625749e-06
outer loop
vertex 11.57368278503418 89.27516174316406 31.903486251831055
vertex 11.260858535766602 89.27516174316406 28.034154891967773
vertex 13.449727058410645 89.27526092529297 32.467628479003906
endloop
endfacet
facet normal -0.9966046732920102 0.016946398878642903 0.08057260537907222
outer loop
vertex 11.260858535766602 89.27516174316406 28.034154891967773
vertex 11.57368278503418 89.27516174316406 31.903486251831055
vertex 10.635194778442383 89.27520751953125 20.2952938079834
endloop
endfacet
facet normal -0.9967337796795508 -0.005306574170618815 0.08058295549487166
outer loop
vertex 10.635194778442383 89.27520751953125 20.2952938079834
vertex 11.57368278503418 89.27516174316406 31.903486251831055
vertex 11.5960693359375 89.27520751953125 32.180389404296875
endloop
endfacet
facet normal 3.6976182115578907e-06 0.9999999999931639 -0.0
outer loop
vertex 13.45041275024414 99.27518463134766 32.46770095825195
vertex 3.1337790489196777 99.27522277832031 18.271093368530273
vertex 3.1337790489196777 99.27522277832031 50.871089935302734
endloop
endfacet
facet normal 3.234589103310163e-06 -0.9999999863733677 0.00016505393623408166
outer loop
vertex 11.5960693359375 89.27520751953125 32.180389404296875
vertex 11.57368278503418 89.27516174316406 31.903486251831055
vertex 13.449727058410645 89.27526092529297 32.467628479003906
endloop
endfacet
facet normal 3.5647822796379016e-05 -0.9999999993093368 1.051471307135937e-05
outer loop
vertex 3.1337790489196777 89.27497100830078 39.869075775146484
vertex 13.449727058410645 89.27526092529297 32.467628479003906
vertex 13.348922729492188 89.27526092529297 32.809383392333984
endloop
endfacet
facet normal -0.999999999999993 -1.0596682221183202e-07 5.298341110591601e-08
outer loop
vertex 3.1337785720825195 89.27529907226562 30.86968994140625
vertex 3.1337785720825195 89.27499389648438 30.86907958984375
vertex 3.1337790489196777 89.27529907226562 39.86943435668945
endloop
endfacet
facet normal -0.9999999999999971 -5.7910319477974623e-08 5.298178165006189e-08
outer loop
vertex 3.1337790489196777 89.27529907226562 39.86943435668945
vertex 3.1337785720825195 89.27499389648438 30.86907958984375
vertex 3.1337790489196777 89.27497100830078 39.869075775146484
endloop
endfacet
facet normal -1.0 0.0 -0.0
outer loop
vertex 11.593779563903809 98.56651306152344 12.753040313720703
vertex 11.593779563903809 99.27530670166016 18.271095275878906
vertex 11.593779563903809 98.81578063964844 13.12609577178955
endloop
endfacet
facet normal 0.0 0.751832129975529 -0.6593545695120794
outer loop
vertex 11.593779563903809 98.56651306152344 12.753040313720703
vertex 18.029762268066406 98.27068328857422 12.415719032287598
vertex 11.593779563903809 98.27068328857422 12.415719032287598
endloop
endfacet
facet normal 4.939412599308654e-07 0.8314697252631794 -0.5555700639618095
outer loop
vertex 11.593779563903809 98.81578063964844 13.12609577178955
vertex 18.029762268066406 98.56651306152344 12.753046035766602
vertex 11.593779563903809 98.56651306152344 12.753040313720703
endloop
endfacet
facet normal 0.0 0.8314657887750245 -0.5555759552902971
outer loop
vertex 18.029762268066406 98.56651306152344 12.753046035766602
vertex 11.593779563903809 98.81578063964844 13.12609577178955
vertex 18.029762268066406 98.81578063964844 13.12609577178955
endloop
endfacet
facet normal 1.0 -0.0 0.0
outer loop
vertex 18.029762268066406 99.2751693725586 18.271095275878906
vertex 18.029762268066406 98.81578063964844 13.12609577178955
vertex 18.029762268066406 99.01422119140625 13.528491973876953
endloop
endfacet
facet normal 2.133770517008175e-05 0.9999999989708444 4.0037657600121e-05
outer loop
vertex 18.029762268066406 99.27530670166016 14.841096878051758
vertex 11.593779563903809 99.27530670166016 18.271095275878906
vertex 18.029762268066406 99.2751693725586 18.271095275878906
endloop
endfacet
facet normal 0.9591454162054818 -6.771094754743663e-05 0.28291353093699945
outer loop
vertex 13.348922729492188 89.27526092529297 32.809383392333984
vertex 13.45041275024414 99.27518463134766 32.46770095825195
vertex 13.349608421325684 99.27518463134766 32.809452056884766
endloop
endfacet
facet normal 7.803740457353411e-06 0.9999999999669015 2.3018238215015206e-06
outer loop
vertex 13.45041275024414 99.27518463134766 32.46770095825195
vertex 3.1337790489196777 99.27522277832031 50.871089935302734
vertex 13.349608421325684 99.27518463134766 32.809452056884766
endloop
endfacet
facet normal 3.399864458231947e-05 -0.9999999993890106 8.128406201161783e-06
outer loop
vertex 3.1337790489196777 89.27497100830078 39.869075775146484
vertex 13.348922729492188 89.27526092529297 32.809383392333984
vertex 13.266070365905762 89.27526092529297 33.15592956542969
endloop
endfacet
facet normal -1.0 0.0 -0.0
outer loop
vertex 11.593779563903809 98.81578063964844 13.12609577178955
vertex 11.593779563903809 99.27530670166016 18.271095275878906
vertex 11.593779563903809 99.01422119140625 13.528489112854004
endloop
endfacet
facet normal 0.0 0.8968708705775688 -0.44229248412044486
outer loop
vertex 11.593779563903809 99.01422119140625 13.528489112854004
vertex 18.029762268066406 98.81578063964844 13.12609577178955
vertex 11.593779563903809 98.81578063964844 13.12609577178955
endloop
endfacet
facet normal 1.9661359709809516e-07 0.8968721180066433 -0.4422899546024519
outer loop
vertex 18.029762268066406 98.81578063964844 13.12609577178955
vertex 11.593779563903809 99.01422119140625 13.528489112854004
vertex 18.029762268066406 99.01422119140625 13.528491973876953
endloop
endfacet
facet normal 1.0 -0.0 0.0
outer loop
vertex 18.029762268066406 99.2751693725586 18.271095275878906
vertex 18.029762268066406 99.01422119140625 13.528491973876953
vertex 18.029762268066406 99.15843963623047 13.953347206115723
endloop
endfacet
facet normal 0.0 0.9999999999999999 0.0
outer loop
vertex 11.593779563903809 99.27530670166016 18.271095275878906
vertex 18.029762268066406 99.27530670166016 14.841096878051758
vertex 11.593779563903809 99.27530670166016 14.841096878051758
endloop
endfacet
facet normal 1.0 -0.0 0.0
outer loop
vertex 18.029762268066406 99.2751693725586 18.271095275878906
vertex 18.029762268066406 99.24596405029297 14.393391609191895
vertex 18.029762268066406 99.27530670166016 14.841096878051758
endloop
endfacet
facet normal 0.9725899173776614 -6.828685417937291e-05 0.2325270907920609
outer loop
vertex 13.349608421325684 99.27518463134766 32.809452056884766
vertex 13.266070365905762 89.27526092529297 33.15592956542969
vertex 13.348922729492188 89.27526092529297 32.809383392333984
endloop
endfacet
facet normal -6.095224282423864e-05 0.9999999974731005 -3.6587195998839216e-05
outer loop
vertex 13.349608421325684 99.27518463134766 32.809452056884766
vertex 3.1337790489196777 99.27522277832031 50.871089935302734
vertex 13.266756057739258 99.27519226074219 33.156005859375
endloop
endfacet
facet normal 3.259993465850627e-05 -0.9999999994505181 6.017304194571543e-06
outer loop
vertex 3.1337790489196777 89.27497100830078 39.869075775146484
vertex 13.266070365905762 89.27526092529297 33.15592956542969
vertex 13.201395034790039 89.27526092529297 33.50632095336914
endloop
endfacet
facet normal 2.5625159388085944e-05 -0.9999999996716755 0.0
outer loop
vertex 3.1337790489196777 89.27497100830078 40.87080383300781
vertex 3.1337790489196777 89.27497100830078 39.869075775146484
vertex 10.577044486999512 89.27516174316406 40.870975494384766
endloop
endfacet
facet normal 2.59420449571046e-05 -0.999999999660734 -2.3541911036595497e-06
outer loop
vertex 10.577044486999512 89.27516174316406 40.870975494384766
vertex 3.1337790489196777 89.27497100830078 39.869075775146484
vertex 11.948126792907715 89.27520751953125 36.535011291503906
endloop
endfacet
facet normal 2.6588937269133294e-05 -0.9999999996442036 -2.1496362314080674e-06
outer loop
vertex 10.577044486999512 89.27516174316406 40.870975494384766
vertex 11.948126792907715 89.27520751953125 36.535011291503906
vertex 13.137127876281738 89.27520751953125 51.24181365966797
endloop
endfacet
facet normal 2.4717020998210102e-05 -0.9999999996945343 0.0
outer loop
vertex 11.593779563903809 89.2751693725586 51.3665885925293
vertex 11.593779563903809 89.2751693725586 50.91242980957031
vertex 13.137127876281738 89.27520751953125 51.24181365966797
endloop
endfacet
facet normal 2.4717020998210106e-05 -0.9999999996945346 0.0
outer loop
vertex 13.137127876281738 89.27520751953125 51.24181365966797
vertex 11.593779563903809 89.2751693725586 50.91242980957031
vertex 11.593779563903809 89.2751693725586 50.87125778198242
endloop
endfacet
facet normal 2.4717020998210102e-05 -0.9999999996945343 0.0
outer loop
vertex 13.137127876281738 89.27520751953125 51.24181365966797
vertex 11.593779563903809 89.2751693725586 50.87125778198242
vertex 11.593779563903809 89.2751693725586 50.87123107910156
endloop
endfacet
facet normal 2.4717020998210102e-05 -0.9999999996945345 0.0
outer loop
vertex 11.593779563903809 89.2751693725586 50.87123107910156
vertex 11.593779563903809 89.2751693725586 50.871089935302734
vertex 13.137127876281738 89.27520751953125 51.24181365966797
endloop
endfacet
facet normal 2.5147933574312096e-05 -0.9999999996821818 -1.7939186350141766e-06
outer loop
vertex 13.137127876281738 89.27520751953125 51.24181365966797
vertex 11.593779563903809 89.2751693725586 50.871089935302734
vertex 10.577044486999512 89.27516174316406 40.870975494384766
endloop
endfacet
facet normal 0.0 -0.999999999999709 7.629307220755599e-07
outer loop
vertex 11.593779563903809 89.2751693725586 50.871089935302734
vertex 11.593514442443848 89.2751693725586 50.871089935302734
vertex 10.577044486999512 89.27516174316406 40.870975494384766
endloop
endfacet
facet normal 2.251752468681392e-05 -0.9999999997453164 -1.5258818162499797e-06
outer loop
vertex 10.577044486999512 89.27516174316406 40.870975494384766
vertex 11.593514442443848 89.2751693725586 50.871089935302734
vertex 10.577044486999512 89.275146484375 50.87095642089844
endloop
endfacet
facet normal 2.6143572829357286e-05 -0.9996170300855403 -0.027672955741615556
outer loop
vertex 10.577044486999512 89.275146484375 50.87095642089844
vertex 11.593514442443848 89.2751693725586 50.871089935302734
vertex 3.1337790489196777 89.27494812011719 50.871089935302734
endloop
endfacet
facet normal 2.6650165762895388e-05 -0.9999999996448843 0.0
outer loop
vertex 10.577044486999512 89.275146484375 50.87095642089844
vertex 3.1337790489196777 89.27494812011719 50.871089935302734
vertex 3.1337790489196777 89.27494812011719 50.870784759521484
endloop
endfacet
facet normal -1.0 0.0 -0.0
outer loop
vertex 11.593779563903809 99.01422119140625 13.528489112854004
vertex 11.593779563903809 99.27530670166016 18.271095275878906
vertex 11.593779563903809 99.15843963623047 13.953347206115723
endloop
endfacet
facet normal 1.4288997822880205e-07 0.9469311093480981 -0.32143657873484116
outer loop
vertex 11.593779563903809 99.15843963623047 13.953347206115723
vertex 18.029762268066406 99.01422119140625 13.528491973876953
vertex 11.593779563903809 99.01422119140625 13.528489112854004
endloop
endfacet
facet normal 0.0 0.9469304504923315 -0.3214385196742762
outer loop
vertex 18.029762268066406 99.01422119140625 13.528491973876953
vertex 11.593779563903809 99.15843963623047 13.953347206115723
vertex 18.029762268066406 99.15843963623047 13.953347206115723
endloop
endfacet
facet normal 0.9999999999999999 -0.0 0.0
outer loop
vertex 18.029762268066406 99.2751693725586 18.271095275878906
vertex 18.029762268066406 99.15843963623047 13.953347206115723
vertex 18.029762268066406 99.24596405029297 14.393391609191895
endloop
endfacet
facet normal 0.0 0.9978591417544507 -0.06539979523722489
outer loop
vertex 18.029762268066406 99.24596405029297 14.393391609191895
vertex 11.593779563903809 99.27530670166016 14.841096878051758
vertex 18.029762268066406 99.27530670166016 14.841096878051758
endloop
endfacet
facet normal -1.0 0.0 0.0
outer loop
vertex 11.593779563903809 99.24596405029297 14.393391609191895
vertex 11.593779563903809 99.27530670166016 18.271095275878906
vertex 11.593779563903809 99.27530670166016 14.841096878051758
endloop
endfacet
facet normal 0.9725910747150014 -6.846424981478381e-05 0.2325222498974352
outer loop
vertex 13.266070365905762 89.27526092529297 33.15592956542969
vertex 13.349608421325684 99.27518463134766 32.809452056884766
vertex 13.266756057739258 99.27519226074219 33.156005859375
endloop
endfacet
facet normal 4.446648823958046e-06 0.999999999989777 8.207814375846829e-07
outer loop
vertex 13.266756057739258 99.27519226074219 33.156005859375
vertex 3.1337790489196777 99.27522277832031 50.871089935302734
vertex 13.202080726623535 99.27519226074219 33.50638961791992
endloop
endfacet
facet normal 0.9833883453281979 -6.881545072439296e-05 0.1815140698048033
outer loop
vertex 13.266756057739258 99.27519226074219 33.156005859375
vertex 13.201395034790039 89.27526092529297 33.50632095336914
vertex 13.266070365905762 89.27526092529297 33.15592956542969
endloop
endfacet
facet normal 3.139894991080004e-05 -0.999999999498578 4.117018296811673e-06
outer loop
vertex 3.1337790489196777 89.27497100830078 39.869075775146484
vertex 13.201395034790039 89.27526092529297 33.50632095336914
vertex 13.155072212219238 89.27526092529297 33.8596076965332
endloop
endfacet
facet normal 5.9325156018278575e-06 -0.9999999984559074 -5.525387271188678e-05
outer loop
vertex 3.1337790489196777 89.27497100830078 39.869075775146484
vertex 13.266070365905762 89.2752456665039 35.986122131347656
vertex 11.948126792907715 89.27520751953125 36.535011291503906
endloop
endfacet
facet normal 9.645680121139234e-06 -0.9999999988798682 -4.6338154106431164e-05
outer loop
vertex 11.948126792907715 89.27520751953125 36.535011291503906
vertex 13.266070365905762 89.2752456665039 35.986122131347656
vertex 13.348922729492188 89.27523040771484 36.33266067504883
endloop
endfacet
facet normal 8.225254957635817e-06 -0.9999999983885698 -5.6171214271358856e-05
outer loop
vertex 11.948126792907715 89.27520751953125 36.535011291503906
vertex 13.348922729492188 89.27523040771484 36.33266067504883
vertex 11.970352172851562 89.27519226074219 36.809913635253906
endloop
endfacet
facet normal -0.996493593837575 -0.02258394428225112 0.08056353332203378
outer loop
vertex 11.948126792907715 89.27520751953125 36.535011291503906
vertex 11.970352172851562 89.27519226074219 36.809913635253906
vertex 13.137127876281738 89.27520751953125 51.24181365966797
endloop
endfacet
facet normal -0.769061328710087 -0.6361436138077636 0.062176967554506454
outer loop
vertex 13.137127876281738 89.27520751953125 51.24181365966797
vertex 11.970352172851562 89.27519226074219 36.809913635253906
vertex 11.995800018310547 89.27519226074219 37.12467575073242
endloop
endfacet
facet normal -0.9967116579669419 -0.00851777639808429 0.08058112904409906
outer loop
vertex 13.137127876281738 89.27520751953125 51.24181365966797
vertex 11.995800018310547 89.27519226074219 37.12467575073242
vertex 12.028451919555664 89.27516174316406 37.52854537963867
endloop
endfacet
facet normal -0.996747005760759 0.0012778292078976239 0.08058395410673898
outer loop
vertex 12.028451919555664 89.27516174316406 37.52854537963867
vertex 12.620823860168457 89.27484130859375 44.855628967285156
vertex 13.137127876281738 89.27520751953125 51.24181365966797
endloop
endfacet
facet normal -0.9967478136439857 0.0 0.08058409269784295
outer loop
vertex 13.137127876281738 89.27520751953125 51.24181365966797
vertex 12.620823860168457 89.27484130859375 44.855628967285156
vertex 13.137127876281738 89.27483367919922 51.24181365966797
endloop
endfacet
facet normal -0.9966916647581695 0.010614092503400056 0.08057956590797695
outer loop
vertex 13.137127876281738 89.27483367919922 51.24181365966797
vertex 12.620823860168457 89.27484130859375 44.855628967285156
vertex 13.107155799865723 89.27481842041016 50.871089935302734
endloop
endfacet
facet normal -0.9966026062313893 -0.017069156301711817 0.08057226046196203
outer loop
vertex 13.107155799865723 89.27481842041016 50.871089935302734
vertex 12.620823860168457 89.27484130859375 44.855628967285156
vertex 13.03227710723877 89.2748031616211 49.944908142089844
endloop
endfacet
facet normal -0.9966987160175244 0.00992974519316636 0.08057958581065852
outer loop
vertex 13.107155799865723 89.27481842041016 50.871089935302734
vertex 13.03227710723877 89.2748031616211 49.944908142089844
vertex 13.057656288146973 89.27476501464844 50.25883102416992
endloop
endfacet
facet normal -0.9967477872443422 0.0 0.0805844192354055
outer loop
vertex 13.057656288146973 89.27476501464844 50.25883102416992
vertex 13.107155799865723 89.27474212646484 50.871089935302734
vertex 13.107155799865723 89.27481842041016 50.871089935302734
endloop
endfacet
facet normal -0.08058659961042103 0.0 -0.9967476109643955
outer loop
vertex 13.137127876281738 89.27483367919922 51.24181365966797
vertex 12.336249351501465 89.27485656738281 51.30656433105469
vertex 13.137127876281738 89.27520751953125 51.24181365966797
endloop
endfacet
facet normal -0.08058217484453668 -0.006387388194587132 -0.9967275025649568
outer loop
vertex 13.137127876281738 89.27520751953125 51.24181365966797
vertex 12.336249351501465 89.27485656738281 51.30656433105469
vertex 11.593779563903809 89.2751693725586 51.3665885925293
endloop
endfacet
facet normal -0.08058114510993908 0.0 -0.9967480519433036
outer loop
vertex 11.593779563903809 89.2751693725586 51.3665885925293
vertex 12.336249351501465 89.27485656738281 51.30656433105469
vertex 11.593779563903809 89.27485656738281 51.3665885925293
endloop
endfacet
facet normal -1.0 0.0 0.0
outer loop
vertex 11.593779563903809 89.27485656738281 51.3665885925293
vertex 11.593779563903809 89.27485656738281 54.64823913574219
vertex 11.593779563903809 89.2751693725586 51.3665885925293
endloop
endfacet
facet normal -1.0 0.0 0.0
outer loop
vertex 11.593779563903809 89.2751693725586 51.3665885925293
vertex 11.593779563903809 89.27485656738281 54.64823913574219
vertex 11.593779563903809 89.30716705322266 55.14125061035156
endloop
endfacet
facet normal -1.0 0.0 -0.0
outer loop
vertex 11.593779563903809 89.2751693725586 51.3665885925293
vertex 11.593779563903809 89.30716705322266 55.14125061035156
vertex 11.593779563903809 89.2751693725586 50.91242980957031
endloop
endfacet
facet normal -1.0 0.0 0.0
outer loop
vertex 11.593779563903809 89.2751693725586 50.87125778198242
vertex 11.593779563903809 89.2751693725586 50.91242980957031
vertex 11.593779563903809 93.39969635009766 53.0555534362793
endloop
endfacet
facet normal -1.0 -0.0 0.0
outer loop
vertex 11.593779563903809 93.39969635009766 53.0555534362793
vertex 11.593779563903809 89.2751693725586 50.91242980957031
vertex 11.593779563903809 89.30716705322266 55.14125061035156
endloop
endfacet
facet normal -1.0 0.0 0.0
outer loop
vertex 11.593779563903809 89.2751693725586 50.87123107910156
vertex 11.593779563903809 89.2751693725586 50.87125778198242
vertex 11.593779563903809 93.82176971435547 52.88072204589844
endloop
endfacet
facet normal -1.0 -0.0 0.0
outer loop
vertex 11.593779563903809 93.82176971435547 52.88072204589844
vertex 11.593779563903809 89.2751693725586 50.87125778198242
vertex 11.593779563903809 93.39969635009766 53.0555534362793
endloop
endfacet
facet normal -0.9999999999999999 0.0 0.0
outer loop
vertex 11.593779563903809 89.2751693725586 50.871089935302734
vertex 11.593779563903809 89.2751693725586 50.87123107910156
vertex 11.593779563903809 99.27486419677734 50.871089935302734
endloop
endfacet
facet normal -1.0 0.0 0.0
outer loop
vertex 11.593779563903809 99.27486419677734 50.871089935302734
vertex 11.593779563903809 89.2751693725586 50.87123107910156
vertex 11.593779563903809 93.82176971435547 52.88072204589844
endloop
endfacet
facet normal 0.0 -0.0 1.0
outer loop
vertex 11.593779563903809 89.2751693725586 50.871089935302734
vertex 11.593779563903809 99.27486419677734 50.871089935302734
vertex 11.593514442443848 89.2751693725586 50.871089935302734
endloop
endfacet
facet normal 0.0 -0.0 1.0
outer loop
vertex 11.593514442443848 89.2751693725586 50.871089935302734
vertex 11.593779563903809 99.27486419677734 50.871089935302734
vertex 3.1337790489196777 99.27522277832031 50.871089935302734
endloop
endfacet
facet normal 0.0 -0.0 0.9999999999999999
outer loop
vertex 3.1337790489196777 89.27494812011719 50.871089935302734
vertex 11.593514442443848 89.2751693725586 50.871089935302734
vertex 3.1337733268737793 89.27529907226562 50.871089935302734
endloop
endfacet
facet normal -0.0 -0.0 1.0
outer loop
vertex 3.1337733268737793 89.27529907226562 50.871089935302734
vertex 11.593514442443848 89.2751693725586 50.871089935302734
vertex 3.1337790489196777 99.27522277832031 50.871089935302734
endloop
endfacet
facet normal 0.0 -0.0 1.0
outer loop
vertex 3.1337733268737793 89.27529907226562 50.871089935302734
vertex 3.1337790489196777 99.27522277832031 50.871089935302734
vertex 2.1337733268737793 99.27522277832031 50.871089935302734
endloop
endfacet
facet normal -0.0 0.0 1.0
outer loop
vertex 2.1337733268737793 99.27522277832031 50.871089935302734
vertex 2.1337733268737793 89.27529907226562 50.871089935302734
vertex 3.1337733268737793 89.27529907226562 50.871089935302734
endloop
endfacet
facet normal -1.0 0.0 -0.0
outer loop
vertex 11.593779563903809 99.15843963623047 13.953347206115723
vertex 11.593779563903809 99.27530670166016 18.271095275878906
vertex 11.593779563903809 99.24596405029297 14.393391609191895
endloop
endfacet
facet normal 0.0 0.9807877793950875 -0.19507775831512192
outer loop
vertex 11.593779563903809 99.24596405029297 14.393391609191895
vertex 18.029762268066406 99.15843963623047 13.953347206115723
vertex 11.593779563903809 99.15843963623047 13.953347206115723
endloop
endfacet
facet normal 0.0 0.9807877793950875 -0.19507775831512192
outer loop
vertex 18.029762268066406 99.15843963623047 13.953347206115723
vertex 11.593779563903809 99.24596405029297 14.393391609191895
vertex 18.029762268066406 99.24596405029297 14.393391609191895
endloop
endfacet
facet normal 0.0 0.9978591417544507 -0.06539979523722489
outer loop
vertex 11.593779563903809 99.27530670166016 14.841096878051758
vertex 18.029762268066406 99.24596405029297 14.393391609191895
vertex 11.593779563903809 99.24596405029297 14.393391609191895
endloop
endfacet
facet normal -4.421208693595292e-05 0.999999998647478 -2.7392249705548534e-05
outer loop
vertex 13.202080726623535 99.27519226074219 33.50638961791992
vertex 3.1337790489196777 99.27522277832031 50.871089935302734
vertex 13.155757904052734 99.27519989013672 33.85968017578125
endloop
endfacet
facet normal 0.9833876398391903 -6.867694339791392e-05 0.18151789194177081
outer loop
vertex 13.201395034790039 89.27526092529297 33.50632095336914
vertex 13.266756057739258 99.27519226074219 33.156005859375
vertex 13.202080726623535 99.27519226074219 33.50638961791992
endloop
endfacet
facet normal 0.9915130975177153 -6.888040231653395e-05 0.13000681792242902
outer loop
vertex 13.202080726623535 99.27519226074219 33.50638961791992
vertex 13.155072212219238 89.27526092529297 33.8596076965332
vertex 13.201395034790039 89.27526092529297 33.50632095336914
endloop
endfacet
facet normal 3.035699078737398e-05 -0.9999999995363956 2.379463871961369e-06
outer loop
vertex 3.1337790489196777 89.27497100830078 39.869075775146484
vertex 13.155072212219238 89.27526092529297 33.8596076965332
vertex 13.127228736877441 89.27526092529297 34.2148323059082
endloop
endfacet
facet normal 2.531647142744529e-05 -0.9999999996686204 -4.672818961393112e-06
outer loop
vertex 3.1337790489196777 89.27497100830078 39.869075775146484
vertex 13.201395034790039 89.2752456665039 35.63572311401367
vertex 13.266070365905762 89.2752456665039 35.986122131347656
endloop
endfacet
facet normal 0.9725887591807544 -6.500463972158873e-05 -0.23253193606392522
outer loop
vertex 13.266070365905762 89.2752456665039 35.986122131347656
vertex 13.349608421325684 99.2751693725586 36.332733154296875
vertex 13.348922729492188 89.27523040771484 36.33266067504883
endloop
endfacet
facet normal 2.55963380120848e-05 -0.9999999996702725 -2.0694093158486263e-06
outer loop
vertex 11.995800018310547 89.27519226074219 37.12467575073242
vertex 11.970352172851562 89.27519226074219 36.809913635253906
vertex 13.449727058410645 89.27523040771484 36.67441940307617
endloop
endfacet
facet normal 2.5107595551282154e-05 -0.9999999996573823 -7.4056757377108915e-06
outer loop
vertex 13.449727058410645 89.27523040771484 36.67441940307617
vertex 11.970352172851562 89.27519226074219 36.809913635253906
vertex 13.348922729492188 89.27523040771484 36.33266067504883
endloop
endfacet
facet normal 2.767360055893399e-06 -0.9999999971243605 -7.578667820947279e-05
outer loop
vertex 12.028451919555664 89.27516174316406 37.52854537963867
vertex 11.995800018310547 89.27519226074219 37.12467575073242
vertex 13.449727058410645 89.27523040771484 36.67441940307617
endloop
endfacet
facet normal 2.1009561598755447e-05 -0.9999999987472907 -4.5431451778167996e-05
outer loop
vertex 12.028451919555664 89.27516174316406 37.52854537963867
vertex 13.449727058410645 89.27523040771484 36.67441940307617
vertex 12.620823860168457 89.27484130859375 44.855628967285156
endloop
endfacet
facet normal 2.216870423794405e-05 -0.9999999987275945 -4.5314009847245036e-05
outer loop
vertex 12.620823860168457 89.27484130859375 44.855628967285156
vertex 13.449727058410645 89.27523040771484 36.67441940307617
vertex 18.033714294433594 89.27468872070312 50.871089935302734
endloop
endfacet
facet normal -2.1820238135840634e-05 -0.9999999997455138 -5.731453082414654e-06
outer loop
vertex 13.03227710723877 89.2748031616211 49.944908142089844
vertex 12.620823860168457 89.27484130859375 44.855628967285156
vertex 18.033714294433594 89.27468872070312 50.871089935302734
endloop
endfacet
facet normal -3.844605530650967e-07 -0.9999999926205099 -0.0001214859357435694
outer loop
vertex 13.057656288146973 89.27476501464844 50.25883102416992
vertex 13.03227710723877 89.2748031616211 49.944908142089844
vertex 18.033714294433594 89.27468872070312 50.871089935302734
endloop
endfacet
facet normal -1.0840379087939438e-05 -0.9999999992748713 -3.65067615987796e-05
outer loop
vertex 13.107155799865723 89.27474212646484 50.871089935302734
vertex 13.057656288146973 89.27476501464844 50.25883102416992
vertex 18.033714294433594 89.27468872070312 50.871089935302734
endloop
endfacet
facet normal 0.0 0.0 1.0
outer loop
vertex 13.107155799865723 89.27481842041016 50.871089935302734
vertex 13.107155799865723 89.27474212646484 50.871089935302734
vertex 18.033714294433594 89.27468872070312 50.871089935302734
endloop
endfacet
facet normal -2.632663491315375e-05 -0.9999999987165329 4.328790390684359e-05
outer loop
vertex 13.107155799865723 89.27481842041016 50.871089935302734
vertex 18.033714294433594 89.27468872070312 50.871089935302734
vertex 13.137127876281738 89.27483367919922 51.24181365966797
endloop
endfacet
facet normal -2.6239604021539593e-05 -0.9999999986683993 4.44374237429151e-05
outer loop
vertex 13.137127876281738 89.27483367919922 51.24181365966797
vertex 18.033714294433594 89.27468872070312 50.871089935302734
vertex 18.03371810913086 89.27485656738281 54.64823913574219
endloop
endfacet
facet normal -2.5116611248427346e-05 -0.999999998767666 4.2823169892146365e-05
outer loop
vertex 13.137127876281738 89.27483367919922 51.24181365966797
vertex 18.03371810913086 89.27485656738281 54.64823913574219
vertex 12.336249351501465 89.27485656738281 51.30656433105469
endloop
endfacet
facet normal 0.0 -1.0 0.0
outer loop
vertex 11.593779563903809 89.27485656738281 51.3665885925293
vertex 12.336249351501465 89.27485656738281 51.30656433105469
vertex 11.593779563903809 89.27485656738281 54.64823913574219
endloop
endfacet
facet normal 0.0 -1.0 0.0
outer loop
vertex 11.593779563903809 89.27485656738281 54.64823913574219
vertex 12.336249351501465 89.27485656738281 51.30656433105469
vertex 18.03371810913086 89.27485656738281 54.64823913574219
endloop
endfacet
facet normal 0.0 -0.9978593450456112 0.06539669338081343
outer loop
vertex 11.593779563903809 89.27485656738281 54.64823913574219
vertex 18.03371810913086 89.30716705322266 55.14125061035156
vertex 11.593779563903809 89.30716705322266 55.14125061035156
endloop
endfacet
facet normal -1.0 0.0 0.0
outer loop
vertex 11.593779563903809 93.39969635009766 53.0555534362793
vertex 11.593779563903809 89.30716705322266 55.14125061035156
vertex 11.593779563903809 89.40355682373047 55.625831604003906
endloop
endfacet
facet normal 0.0 0.3826888105552938 0.9238773047736233
outer loop
vertex 11.593779563903809 93.39969635009766 53.0555534362793
vertex 18.033784866333008 93.82176971435547 52.88072204589844
vertex 11.593779563903809 93.82176971435547 52.88072204589844
endloop
endfacet
facet normal -1.0 0.0 0.0
outer loop
vertex 11.593779563903809 99.27486419677734 50.871089935302734
vertex 11.593779563903809 93.82176971435547 52.88072204589844
vertex 11.593779563903809 94.27469635009766 52.82109832763672
endloop
endfacet
facet normal 0.0 0.0 1.0
outer loop
vertex 18.033782958984375 99.27472686767578 50.871089935302734
vertex 3.1337790489196777 99.27522277832031 50.871089935302734
vertex 11.593779563903809 99.27486419677734 50.871089935302734
endloop
endfacet
facet normal 4.468626668485423e-05 0.9999999986895515 2.498068309881469e-05
outer loop
vertex 13.155757904052734 99.27519989013672 33.85968017578125
vertex 3.1337790489196777 99.27522277832031 50.871089935302734
vertex 13.127913475036621 99.27519226074219 34.214900970458984
endloop
endfacet
facet normal 0.9915132782715974 -6.892994613496714e-05 0.13000543934686778
outer loop
vertex 13.155072212219238 89.27526092529297 33.8596076965332
vertex 13.202080726623535 99.27519226074219 33.50638961791992
vertex 13.155757904052734 99.27519989013672 33.85968017578125
endloop
endfacet
facet normal 0.9969421543179654 -6.880147171800654e-05 0.07814304966029671
outer loop
vertex 13.155072212219238 89.27526092529297 33.8596076965332
vertex 13.127913475036621 99.27519226074219 34.214900970458984
vertex 13.127228736877441 89.27526092529297 34.2148323059082
endloop
endfacet
facet normal 2.944524411542805e-05 -0.9999999995661939 7.680202628447123e-07
outer loop
vertex 3.1337790489196777 89.27497100830078 39.869075775146484
vertex 13.127228736877441 89.27526092529297 34.2148323059082
vertex 13.117938041687012 89.27526092529297 34.57102966308594
endloop
endfacet
facet normal 8.643354773438491e-06 -0.9999999989803262 -4.4324260503756124e-05
outer loop
vertex 3.1337790489196777 89.27497100830078 39.869075775146484
vertex 13.155072212219238 89.27526092529297 35.28243637084961
vertex 13.201395034790039 89.2752456665039 35.63572311401367
endloop
endfacet
facet normal 0.9833890509521438 -6.625359831505128e-05 -0.18151024785918443
outer loop
vertex 13.201395034790039 89.2752456665039 35.63572311401367
vertex 13.266756057739258 99.2751693725586 35.98618698120117
vertex 13.266070365905762 89.2752456665039 35.986122131347656
endloop
endfacet
facet normal 0.9725899175791662 -6.518225890569656e-05 -0.23252709084023673
outer loop
vertex 13.349608421325684 99.2751693725586 36.332733154296875
vertex 13.266070365905762 89.2752456665039 35.986122131347656
vertex 13.266756057739258 99.2751693725586 35.98618698120117
endloop
endfacet
facet normal 0.9591471294794223 -6.371783037753262e-05 -0.2829077233859518
outer loop
vertex 13.45041275024414 99.27515411376953 36.67449188232422
vertex 13.348922729492188 89.27523040771484 36.33266067504883
vertex 13.349608421325684 99.2751693725586 36.332733154296875
endloop
endfacet
facet normal 0.9591471302513705 -6.371792767586919e-05 -0.2829077207687803
outer loop
vertex 13.348922729492188 89.27523040771484 36.33266067504883
vertex 13.45041275024414 99.27515411376953 36.67449188232422
vertex 13.449727058410645 89.27523040771484 36.67441940307617
endloop
endfacet
facet normal 0.9516220904998262 -6.5342454096003625e-06 -0.3072708850998486
outer loop
vertex 13.449727058410645 89.27523040771484 36.67441940307617
vertex 18.033782958984375 99.27472686767578 50.871089935302734
vertex 18.033714294433594 89.27468872070312 50.871089935302734
endloop
endfacet
facet normal 0.9999999998858748 -1.5074206092562986e-05 -1.0092709891641447e-06
outer loop
vertex 18.033714294433594 89.27468872070312 50.871089935302734
vertex 18.033784866333008 93.82176971435547 52.88072204589844
vertex 18.03371810913086 89.27485656738281 54.64823913574219
endloop
endfacet
facet normal 0.0 -0.9978593450456112 0.06539669338081343
outer loop
vertex 18.03371810913086 89.30716705322266 55.14125061035156
vertex 11.593779563903809 89.27485656738281 54.64823913574219
vertex 18.03371810913086 89.27485656738281 54.64823913574219
endloop
endfacet
facet normal 0.0 -0.9807850411169241 0.1950915249857706
outer loop
vertex 18.03371810913086 89.40355682373047 55.625831604003906
vertex 11.593779563903809 89.30716705322266 55.14125061035156
vertex 18.03371810913086 89.30716705322266 55.14125061035156
endloop
endfacet
facet normal 0.0 -0.9807850411169241 0.1950915249857706
outer loop
vertex 11.593779563903809 89.30716705322266 55.14125061035156
vertex 18.03371810913086 89.40355682373047 55.625831604003906
vertex 11.593779563903809 89.40355682373047 55.625831604003906
endloop
endfacet
facet normal -1.0 0.0 0.0
outer loop
vertex 11.593779563903809 93.39969635009766 53.0555534362793
vertex 11.593779563903809 89.40355682373047 55.625831604003906
vertex 11.593779563903809 93.03727722167969 53.33366394042969
endloop
endfacet
facet normal -0.0 0.3826888105552938 0.9238773047736233
outer loop
vertex 18.033784866333008 93.82176971435547 52.88072204589844
vertex 11.593779563903809 93.39969635009766 53.0555534362793
vertex 18.033784866333008 93.39969635009766 53.0555534362793
endloop
endfacet
facet normal -0.0 0.13051499364861227 0.9914463356293686
outer loop
vertex 18.033784866333008 94.27469635009766 52.82109832763672
vertex 11.593779563903809 93.82176971435547 52.88072204589844
vertex 18.033784866333008 93.82176971435547 52.88072204589844
endloop
endfacet
facet normal 0.0 0.13051499364861227 0.9914463356293686
outer loop
vertex 11.593779563903809 93.82176971435547 52.88072204589844
vertex 18.033784866333008 94.27469635009766 52.82109832763672
vertex 11.593779563903809 94.27469635009766 52.82109832763672
endloop
endfacet
facet normal -1.0 0.0 0.0
outer loop
vertex 11.593779563903809 99.27486419677734 50.871089935302734
vertex 11.593779563903809 94.27469635009766 52.82109832763672
vertex 11.593779563903809 94.72764587402344 52.88072204589844
endloop
endfacet
facet normal 3.3282584834005725e-05 0.9999999992589297 1.934968396021439e-05
outer loop
vertex 13.45041275024414 99.27515411376953 36.67449188232422
vertex 3.1337790489196777 99.27522277832031 50.871089935302734
vertex 18.033782958984375 99.27472686767578 50.871089935302734
endloop
endfacet
facet normal 2.1324383391694136e-05 0.999999999111695 -3.6357676659934225e-05
outer loop
vertex 11.593779563903809 99.27486419677734 50.871089935302734
vertex 18.033748626708984 99.27486419677734 54.64823913574219
vertex 18.033782958984375 99.27472686767578 50.871089935302734
endloop
endfacet
facet normal 3.1923035520425317e-06 0.9999999999949011 8.325630227696467e-08
outer loop
vertex 13.127913475036621 99.27519226074219 34.214900970458984
vertex 3.1337790489196777 99.27522277832031 50.871089935302734
vertex 13.118623733520508 99.27519226074219 34.57109832763672
endloop
endfacet
facet normal 0.9969418805311332 -6.892631155107012e-05 0.07814654242006734
outer loop
vertex 13.127913475036621 99.27519226074219 34.214900970458984
vertex 13.155072212219238 89.27526092529297 33.8596076965332
vertex 13.155757904052734 99.27519989013672 33.85968017578125
endloop
endfacet
facet normal 0.9996600794617343 -6.863002998839963e-05 0.026071456048291176
outer loop
vertex 13.118623733520508 99.27519226074219 34.57109832763672
vertex 13.127228736877441 89.27526092529297 34.2148323059082
vertex 13.127913475036621 99.27519226074219 34.214900970458984
endloop
endfacet
facet normal 0.9996600096959665 -6.872537923896037e-05 0.02607413069466695
outer loop
vertex 13.127228736877441 89.27526092529297 34.2148323059082
vertex 13.118623733520508 99.27519226074219 34.57109832763672
vertex 13.117938041687012 89.27526092529297 34.57102966308594
endloop
endfacet
facet normal 2.864126235677017e-05 -0.9999999995895599 -7.47082011223118e-07
outer loop
vertex 3.1337790489196777 89.27497100830078 39.869075775146484
vertex 13.117938041687012 89.27526092529297 34.57102966308594
vertex 13.127228736877441 89.27526092529297 34.92721176147461
endloop
endfacet
facet normal 2.7928176133919754e-05 -0.9999999996076124 -2.1890867440021507e-06
outer loop
vertex 3.1337790489196777 89.27497100830078 39.869075775146484
vertex 13.127228736877441 89.27526092529297 34.92721176147461
vertex 13.155072212219238 89.27526092529297 35.28243637084961
endloop
endfacet
facet normal 0.9915130972784731 -6.690122030845609e-05 -0.13000682078058676
outer loop
vertex 13.155072212219238 89.27526092529297 35.28243637084961
vertex 13.202079772949219 99.27518463134766 35.635799407958984
vertex 13.201395034790039 89.2752456665039 35.63572311401367
endloop
endfacet
facet normal 0.9833875144915829 -6.595182138051888e-05 -0.18151857203169042
outer loop
vertex 13.266756057739258 99.2751693725586 35.98618698120117
vertex 13.201395034790039 89.2752456665039 35.63572311401367
vertex 13.202079772949219 99.27518463134766 35.635799407958984
endloop
endfacet
facet normal 3.900604144366544e-06 0.9999999999919578 -9.325576153066549e-07
outer loop
vertex 13.266756057739258 99.2751693725586 35.98618698120117
vertex 3.1337790489196777 99.27522277832031 50.871089935302734
vertex 13.349608421325684 99.2751693725586 36.332733154296875
endloop
endfacet
facet normal 4.843564778630792e-05 0.9999999983660874 3.0361378410528142e-05
outer loop
vertex 13.349608421325684 99.2751693725586 36.332733154296875
vertex 3.1337790489196777 99.27522277832031 50.871089935302734
vertex 13.45041275024414 99.27515411376953 36.67449188232422
endloop
endfacet
facet normal 0.9516337229154537 -6.302641298693197e-05 -0.3072348506236629
outer loop
vertex 18.033782958984375 99.27472686767578 50.871089935302734
vertex 13.449727058410645 89.27523040771484 36.67441940307617
vertex 13.45041275024414 99.27515411376953 36.67449188232422
endloop
endfacet
facet normal 0.9999999997847273 -6.866428883299354e-06 -1.958054457922158e-05
outer loop
vertex 18.033784866333008 93.82176971435547 52.88072204589844
vertex 18.033714294433594 89.27468872070312 50.871089935302734
vertex 18.033782958984375 99.27472686767578 50.871089935302734
endloop
endfacet
facet normal 0.9999998056797299 -0.00023857217704375256 -0.0005759547022065624
outer loop
vertex 18.03371810913086 89.27485656738281 54.64823913574219
vertex 18.033784866333008 93.82176971435547 52.88072204589844
vertex 18.033784866333008 93.39969635009766 53.0555534362793
endloop
endfacet
facet normal 0.9999999998748857 -1.5784756626221803e-05 1.034485365398473e-06
outer loop
vertex 18.03371810913086 89.27485656738281 54.64823913574219
vertex 18.033784866333008 93.39969635009766 53.0555534362793
vertex 18.03371810913086 89.30716705322266 55.14125061035156
endloop
endfacet
facet normal 0.999999999885984 -1.481056904458949e-05 2.9460242353671356e-06
outer loop
vertex 18.03371810913086 89.30716705322266 55.14125061035156
vertex 18.033784866333008 93.39969635009766 53.0555534362793
vertex 18.03371810913086 89.40355682373047 55.625831604003906
endloop
endfacet
facet normal 0.0 -0.9469317910647402 0.3214345704352956
outer loop
vertex 18.03371810913086 89.56237030029297 56.09368896484375
vertex 11.593779563903809 89.40355682373047 55.625831604003906
vertex 18.03371810913086 89.40355682373047 55.625831604003906
endloop
endfacet
facet normal -1.0 0.0 0.0
outer loop
vertex 11.593779563903809 93.03727722167969 53.33366394042969
vertex 11.593779563903809 89.40355682373047 55.625831604003906
vertex 11.593779563903809 89.56237030029297 56.09368896484375
endloop
endfacet
facet normal 0.0 0.6087841978580908 0.7933358686195154
outer loop
vertex 11.593779563903809 93.03727722167969 53.33366394042969
vertex 18.033784866333008 93.39969635009766 53.0555534362793
vertex 11.593779563903809 93.39969635009766 53.0555534362793
endloop
endfacet
facet normal 0.9999999999988911 -1.943686499200935e-07 -1.4765053449976033e-06
outer loop
vertex 18.033784866333008 93.82176971435547 52.88072204589844
vertex 18.033782958984375 99.27472686767578 50.871089935302734
vertex 18.033784866333008 94.27469635009766 52.82109832763672
endloop
endfacet
facet normal 0.0 -0.1305085108741573 0.9914471890067619
outer loop
vertex 18.033784866333008 94.72764587402344 52.88072204589844
vertex 11.593779563903809 94.27469635009766 52.82109832763672
vertex 18.033784866333008 94.27469635009766 52.82109832763672
endloop
endfacet
facet normal 0.0 -0.1305085108741573 0.9914471890067619
outer loop
vertex 11.593779563903809 94.27469635009766 52.82109832763672
vertex 18.033784866333008 94.72764587402344 52.88072204589844
vertex 11.593779563903809 94.72764587402344 52.88072204589844
endloop
endfacet
facet normal -1.0 0.0 0.0
outer loop
vertex 11.593779563903809 99.27486419677734 50.871089935302734
vertex 11.593779563903809 94.72764587402344 52.88072204589844
vertex 11.593779563903809 95.14970397949219 53.0555534362793
endloop
endfacet
facet normal 0.0 1.0 0.0
outer loop
vertex 18.033748626708984 99.27486419677734 54.64823913574219
vertex 11.593779563903809 99.27486419677734 50.871089935302734
vertex 11.593778610229492 99.27486419677734 54.64823913574219
endloop
endfacet
facet normal 0.9999999903516383 0.00013861528300119575 9.084427785671061e-06
outer loop
vertex 18.033748626708984 99.2425537109375 55.14125061035156
vertex 18.033782958984375 99.27472686767578 50.871089935302734
vertex 18.033748626708984 99.27486419677734 54.64823913574219
endloop
endfacet
facet normal 3.647066844547859e-05 0.9999999991254654 2.0468500224040173e-05
outer loop
vertex 13.118623733520508 99.27519226074219 34.57109832763672
vertex 3.1337790489196777 99.27522277832031 50.871089935302734
vertex 13.127913475036621 99.27518463134766 34.927284240722656
endloop
endfacet
facet normal 0.9996600576095079 -6.836731897893062e-05 -0.026072294606822092
outer loop
vertex 13.127913475036621 99.27518463134766 34.927284240722656
vertex 13.117938041687012 89.27526092529297 34.57102966308594
vertex 13.118623733520508 99.27519226074219 34.57109832763672
endloop
endfacet
facet normal 0.9996599806118541 -6.826206286204275e-05 -0.026075246947983535
outer loop
vertex 13.117938041687012 89.27526092529297 34.57102966308594
vertex 13.127913475036621 99.27518463134766 34.927284240722656
vertex 13.127228736877441 89.27526092529297 34.92721176147461
endloop
endfacet
facet normal 0.9969421543865866 -6.77936516496178e-05 -0.07814304966567542
outer loop
vertex 13.127228736877441 89.27526092529297 34.92721176147461
vertex 13.155757904052734 99.27518463134766 35.282508850097656
vertex 13.155072212219238 89.27526092529297 35.28243637084961
endloop
endfacet
facet normal 0.9915136235931322 -6.704554039975189e-05 -0.13000280663936387
outer loop
vertex 13.202079772949219 99.27518463134766 35.635799407958984
vertex 13.155072212219238 89.27526092529297 35.28243637084961
vertex 13.155757904052734 99.27518463134766 35.282508850097656
endloop
endfacet
facet normal 5.447132266068184e-05 0.9999999979555227 3.349372851730567e-05
outer loop
vertex 13.202079772949219 99.27518463134766 35.635799407958984
vertex 3.1337790489196777 99.27522277832031 50.871089935302734
vertex 13.266756057739258 99.2751693725586 35.98618698120117
endloop
endfacet
facet normal 0.9999999856235567 -0.00010322956391895523 -0.00013452339276708402
outer loop
vertex 18.03371810913086 89.40355682373047 55.625831604003906
vertex 18.033784866333008 93.39969635009766 53.0555534362793
vertex 18.033784866333008 93.03727722167969 53.33366394042969
endloop
endfacet
facet normal 0.0 -0.9469317910647402 0.3214345704352956
outer loop
vertex 11.593779563903809 89.40355682373047 55.625831604003906
vertex 18.03371810913086 89.56237030029297 56.09368896484375
vertex 11.593779563903809 89.56237030029297 56.09368896484375
endloop
endfacet
facet normal 0.999999999872327 -1.5131534551654593e-05 5.136376616069697e-06
outer loop
vertex 18.03371810913086 89.40355682373047 55.625831604003906
vertex 18.033784866333008 93.03727722167969 53.33366394042969
vertex 18.03371810913086 89.56237030029297 56.09368896484375
endloop
endfacet
facet normal -1.0 0.0 0.0
outer loop
vertex 11.593779563903809 93.03727722167969 53.33366394042969
vertex 11.593779563903809 89.56237030029297 56.09368896484375
vertex 11.593779563903809 89.78089904785156 56.53680419921875
endloop
endfacet
facet normal -0.0 0.6087841978580908 0.7933358686195154
outer loop
vertex 18.033784866333008 93.39969635009766 53.0555534362793
vertex 11.593779563903809 93.03727722167969 53.33366394042969
vertex 18.033784866333008 93.03727722167969 53.33366394042969
endloop
endfacet
facet normal 0.999999999999728 9.626337281106104e-08 -7.312936891132288e-07
outer loop
vertex 18.033784866333008 94.27469635009766 52.82109832763672
vertex 18.033782958984375 99.27472686767578 50.871089935302734
vertex 18.033784866333008 94.72764587402344 52.88072204589844
endloop
endfacet
facet normal 0.0 -0.38270061970794406 0.9238724130934723
outer loop
vertex 18.033784866333008 95.14970397949219 53.0555534362793
vertex 11.593779563903809 94.72764587402344 52.88072204589844
vertex 18.033784866333008 94.72764587402344 52.88072204589844
endloop
endfacet
facet normal 0.0 -0.38270061970794406 0.9238724130934723
outer loop
vertex 11.593779563903809 94.72764587402344 52.88072204589844
vertex 18.033784866333008 95.14970397949219 53.0555534362793
vertex 11.593779563903809 95.14970397949219 53.0555534362793
endloop
endfacet
facet normal -1.0 0.0 0.0
outer loop
vertex 11.593779563903809 99.27486419677734 50.871089935302734
vertex 11.593779563903809 95.14970397949219 53.0555534362793
vertex 11.593779563903809 95.51213836669922 53.33366394042969
endloop
endfacet
facet normal -0.9999999994432398 -3.3368499248396066e-05 -2.5248521180056287e-07
outer loop
vertex 11.593779563903809 99.27486419677734 50.871089935302734
vertex 11.593779563903809 99.2425537109375 55.14125061035156
vertex 11.593778610229492 99.27486419677734 54.64823913574219
endloop
endfacet
facet normal 0.0 0.9978593450456111 0.06539669338081341
outer loop
vertex 11.593779563903809 99.2425537109375 55.14125061035156
vertex 18.033748626708984 99.27486419677734 54.64823913574219
vertex 11.593778610229492 99.27486419677734 54.64823913574219
endloop
endfacet
facet normal 0.9999999990824743 4.2014509718754687e-05 8.356597674203383e-06
outer loop
vertex 18.033748626708984 99.14617156982422 55.625831604003906
vertex 18.033782958984375 99.27472686767578 50.871089935302734
vertex 18.033748626708984 99.2425537109375 55.14125061035156
endloop
endfacet
facet normal -0.0 0.9978593450456111 0.06539669338081341
outer loop
vertex 18.033748626708984 99.27486419677734 54.64823913574219
vertex 11.593779563903809 99.2425537109375 55.14125061035156
vertex 18.033748626708984 99.2425537109375 55.14125061035156
endloop
endfacet
facet normal 3.392682724062567e-06 0.9999999999942095 -2.65936848943446e-07
outer loop
vertex 13.127913475036621 99.27518463134766 34.927284240722656
vertex 3.1337790489196777 99.27522277832031 50.871089935302734
vertex 13.155757904052734 99.27518463134766 35.282508850097656
endloop
endfacet
facet normal 0.9969419458792977 -6.769854155333736e-05 -0.0781457098202262
outer loop
vertex 13.155757904052734 99.27518463134766 35.282508850097656
vertex 13.127228736877441 89.27526092529297 34.92721176147461
vertex 13.127913475036621 99.27518463134766 34.927284240722656
endloop
endfacet
facet normal 3.1615565227289184e-06 0.9999999999949163 -4.145290710321149e-07
outer loop
vertex 13.155757904052734 99.27518463134766 35.282508850097656
vertex 3.1337790489196777 99.27522277832031 50.871089935302734
vertex 13.202079772949219 99.27518463134766 35.635799407958984
endloop
endfacet
facet normal 0.0 -0.8968659197879424 0.4423025230799937
outer loop
vertex 18.03371810913086 89.78089904785156 56.53680419921875
vertex 11.593779563903809 89.56237030029297 56.09368896484375
vertex 18.03371810913086 89.56237030029297 56.09368896484375
endloop
endfacet
facet normal 0.9999999998815516 -1.3804065920987617e-05 6.807676655903036e-06
outer loop
vertex 18.03371810913086 89.56237030029297 56.09368896484375
vertex 18.033784866333008 93.03727722167969 53.33366394042969
vertex 18.03371810913086 89.78089904785156 56.53680419921875
endloop
endfacet
facet normal 0.0 -0.8968659197879424 0.4423025230799937
outer loop
vertex 11.593779563903809 89.56237030029297 56.09368896484375
vertex 18.03371810913086 89.78089904785156 56.53680419921875
vertex 11.593779563903809 89.78089904785156 56.53680419921875
endloop
endfacet
facet normal -1.0 0.0 0.0
outer loop
vertex 11.593779563903809 93.03727722167969 53.33366394042969
vertex 11.593779563903809 89.78089904785156 56.53680419921875
vertex 11.593779563903809 90.05538940429688 56.94761276245117
endloop
endfacet
facet normal 0.0 0.7933442145032037 0.6087733217826604
outer loop
vertex 11.593779563903809 93.03727722167969 53.33366394042969
vertex 18.033784866333008 92.75916290283203 53.69609832763672
vertex 18.033784866333008 93.03727722167969 53.33366394042969
endloop
endfacet
facet normal 0.9999999999998594 2.029416662463039e-07 -4.899187439394964e-07
outer loop
vertex 18.033784866333008 94.72764587402344 52.88072204589844
vertex 18.033782958984375 99.27472686767578 50.871089935302734
vertex 18.033784866333008 95.14970397949219 53.0555534362793
endloop
endfacet
facet normal 0.0 -0.6087680662230023 0.7933482473334812
outer loop
vertex 18.033784866333008 95.51213836669922 53.33366394042969
vertex 11.593779563903809 95.14970397949219 53.0555534362793
vertex 18.033784866333008 95.14970397949219 53.0555534362793
endloop
endfacet
facet normal 0.0 -0.6087680662230023 0.7933482473334812
outer loop
vertex 11.593779563903809 95.14970397949219 53.0555534362793
vertex 18.033784866333008 95.51213836669922 53.33366394042969
vertex 11.593779563903809 95.51213836669922 53.33366394042969
endloop
endfacet
facet normal -1.0 0.0 0.0
outer loop
vertex 11.593779563903809 99.27486419677734 50.871089935302734
vertex 11.593779563903809 95.51213836669922 53.33366394042969
vertex 11.593779563903809 95.79024505615234 53.69609832763672
endloop
endfacet
facet normal -1.0 0.0 0.0
outer loop
vertex 11.593779563903809 99.27486419677734 50.871089935302734
vertex 11.593779563903809 99.14617156982422 55.625831604003906
vertex 11.593779563903809 99.2425537109375 55.14125061035156
endloop
endfacet
facet normal 0.9999999997021555 2.3111406848538857e-05 7.845509129788715e-06
outer loop
vertex 18.033748626708984 98.98735046386719 56.09368896484375
vertex 18.033782958984375 99.27472686767578 50.871089935302734
vertex 18.033748626708984 99.14617156982422 55.625831604003906
endloop
endfacet
facet normal -0.0 0.9807879956886837 0.19507667085783106
outer loop
vertex 18.033748626708984 99.2425537109375 55.14125061035156
vertex 11.593779563903809 99.14617156982422 55.625831604003906
vertex 18.033748626708984 99.14617156982422 55.625831604003906
endloop
endfacet
facet normal 0.0 0.9807879956886837 0.19507667085783106
outer loop
vertex 11.593779563903809 99.14617156982422 55.625831604003906
vertex 18.033748626708984 99.2425537109375 55.14125061035156
vertex 11.593779563903809 99.2425537109375 55.14125061035156
endloop
endfacet
facet normal 0.9999999998893309 -1.2370179617220432e-05 8.265394921922104e-06
outer loop
vertex 18.03371810913086 89.78089904785156 56.53680419921875
vertex 18.033784866333008 93.03727722167969 53.33366394042969
vertex 18.03371810913086 90.05538940429688 56.94761276245117
endloop
endfacet
facet normal 0.0 -0.8314725572151195 0.555565825621186
outer loop
vertex 18.03371810913086 90.05538940429688 56.94761276245117
vertex 11.593779563903809 89.78089904785156 56.53680419921875
vertex 18.03371810913086 89.78089904785156 56.53680419921875
endloop
endfacet
facet normal 0.0 -0.8314725572151195 0.555565825621186
outer loop
vertex 11.593779563903809 89.78089904785156 56.53680419921875
vertex 18.03371810913086 90.05538940429688 56.94761276245117
vertex 11.593779563903809 90.05538940429688 56.94761276245117
endloop
endfacet
facet normal -1.0 0.0 0.0
outer loop
vertex 11.593779563903809 93.03727722167969 53.33366394042969
vertex 11.593779563903809 90.05538940429688 56.94761276245117
vertex 11.593779563903809 92.75916290283203 53.69609832763672
endloop
endfacet
facet normal 0.0 0.7933442145032037 0.6087733217826604
outer loop
vertex 18.033784866333008 92.75916290283203 53.69609832763672
vertex 11.593779563903809 93.03727722167969 53.33366394042969
vertex 11.593779563903809 92.75916290283203 53.69609832763672
endloop
endfacet
facet normal 0.9999999187338974 -0.00031983895971325756 -0.00024542868326339075
outer loop
vertex 18.03371810913086 90.05538940429688 56.94761276245117
vertex 18.033784866333008 93.03727722167969 53.33366394042969
vertex 18.033784866333008 92.75916290283203 53.69609832763672
endloop
endfacet
facet normal 0.999999999999899 2.735796579308717e-07 -3.565297757357125e-07
outer loop
vertex 18.033784866333008 95.14970397949219 53.0555534362793
vertex 18.033782958984375 99.27472686767578 50.871089935302734
vertex 18.033784866333008 95.51213836669922 53.33366394042969
endloop
endfacet
facet normal 0.0 -0.7933522801699426 0.6087628105831965
outer loop
vertex 18.033784866333008 95.79024505615234 53.69609832763672
vertex 11.593779563903809 95.51213836669922 53.33366394042969
vertex 18.033784866333008 95.51213836669922 53.33366394042969
endloop
endfacet
facet normal 0.0 -0.7933522801699426 0.6087628105831965
outer loop
vertex 11.593779563903809 95.51213836669922 53.33366394042969
vertex 18.033784866333008 95.79024505615234 53.69609832763672
vertex 11.593779563903809 95.79024505615234 53.69609832763672
endloop
endfacet
facet normal -1.0 0.0 0.0
outer loop
vertex 11.593779563903809 99.27486419677734 50.871089935302734
vertex 11.593779563903809 95.79024505615234 53.69609832763672
vertex 11.593779563903809 95.96507263183594 54.118160247802734
endloop
endfacet
facet normal -1.0 0.0 0.0
outer loop
vertex 11.593779563903809 99.27486419677734 50.871089935302734
vertex 11.593779563903809 98.98735046386719 56.09368896484375
vertex 11.593779563903809 99.14617156982422 55.625831604003906
endloop
endfacet
facet normal 0.9999999998600663 1.500389252850527e-05 7.399388665529897e-06
outer loop
vertex 18.033748626708984 98.7688217163086 56.53680419921875
vertex 18.033782958984375 99.27472686767578 50.871089935302734
vertex 18.033748626708984 98.98735046386719 56.09368896484375
endloop
endfacet
facet normal -0.0 0.9469270908923918 0.32144841659910506
outer loop
vertex 18.033748626708984 99.14617156982422 55.625831604003906
vertex 11.593779563903809 98.98735046386719 56.09368896484375
vertex 18.033748626708984 98.98735046386719 56.09368896484375
endloop
endfacet
facet normal 0.0 0.9469270908923918 0.32144841659910506
outer loop
vertex 11.593779563903809 98.98735046386719 56.09368896484375
vertex 18.033748626708984 99.14617156982422 55.625831604003906
vertex 11.593779563903809 99.14617156982422 55.625831604003906
endloop
endfacet
facet normal 0.0 -0.751833913420273 0.6593525359253253
outer loop
vertex 18.03371810913086 90.38115692138672 57.31907272338867
vertex 11.593779563903809 90.05538940429688 56.94761276245117
vertex 18.03371810913086 90.05538940429688 56.94761276245117
endloop
endfacet
facet normal -1.0 0.0 0.0
outer loop
vertex 11.593779563903809 92.75916290283203 53.69609832763672
vertex 11.593779563903809 90.05538940429688 56.94761276245117
vertex 11.593779563903809 90.38115692138672 57.31907272338867
endloop
endfacet
facet normal 0.0 0.9238706837081021 0.3827047945672014
outer loop
vertex 11.593779563903809 92.75916290283203 53.69609832763672
vertex 18.033784866333008 92.5843276977539 54.118160247802734
vertex 18.033784866333008 92.75916290283203 53.69609832763672
endloop
endfacet
facet normal 0.999999999872267 -1.2016791734579505e-05 1.0538633549844116e-05
outer loop
vertex 18.03371810913086 90.05538940429688 56.94761276245117
vertex 18.033784866333008 92.75916290283203 53.69609832763672
vertex 18.03371810913086 90.38115692138672 57.31907272338867
endloop
endfacet
facet normal 0.9999999999999094 3.3745274136207883e-07 -2.5893752927335013e-07
outer loop
vertex 18.033784866333008 95.51213836669922 53.33366394042969
vertex 18.033782958984375 99.27472686767578 50.871089935302734
vertex 18.033784866333008 95.79024505615234 53.69609832763672
endloop
endfacet
facet normal 0.0 -0.9238765883677121 0.3826905400791049
outer loop
vertex 18.033784866333008 95.96507263183594 54.118160247802734
vertex 11.593779563903809 95.79024505615234 53.69609832763672
vertex 18.033784866333008 95.79024505615234 53.69609832763672
endloop
endfacet
facet normal 0.0 -0.9238765883677121 0.3826905400791049
outer loop
vertex 11.593779563903809 95.79024505615234 53.69609832763672
vertex 18.033784866333008 95.96507263183594 54.118160247802734
vertex 11.593779563903809 95.96507263183594 54.118160247802734
endloop
endfacet
facet normal -1.0 0.0 0.0
outer loop
vertex 11.593779563903809 99.27486419677734 50.871089935302734
vertex 11.593779563903809 95.96507263183594 54.118160247802734
vertex 11.593779563903809 96.02469635009766 54.57109451293945
endloop
endfacet
facet normal -1.0 0.0 0.0
outer loop
vertex 11.593779563903809 99.27486419677734 50.871089935302734
vertex 11.593779563903809 98.7688217163086 56.53680419921875
vertex 11.593779563903809 98.98735046386719 56.09368896484375
endloop
endfacet
facet normal 0.9999999999207507 1.0467921008595656e-05 6.994360940974724e-06
outer loop
vertex 18.033748626708984 98.49433135986328 56.94761276245117
vertex 18.033782958984375 99.27472686767578 50.871089935302734
vertex 18.033748626708984 98.7688217163086 56.53680419921875
endloop
endfacet
facet normal -0.0 0.8968659197879423 0.4423025230799936
outer loop
vertex 18.033748626708984 98.98735046386719 56.09368896484375
vertex 11.593779563903809 98.7688217163086 56.53680419921875
vertex 18.033748626708984 98.7688217163086 56.53680419921875
endloop
endfacet
facet normal 0.0 0.8968659197879423 0.4423025230799936
outer loop
vertex 11.593779563903809 98.7688217163086 56.53680419921875
vertex 18.033748626708984 98.98735046386719 56.09368896484375
vertex 11.593779563903809 98.98735046386719 56.09368896484375
endloop
endfacet
facet normal 0.0 -0.751833913420273 0.6593525359253253
outer loop
vertex 11.593779563903809 90.05538940429688 56.94761276245117
vertex 18.03371810913086 90.38115692138672 57.31907272338867
vertex 11.593779563903809 90.38115692138672 57.31907272338867
endloop
endfacet
facet normal -1.0 0.0 0.0
outer loop
vertex 11.593779563903809 92.75916290283203 53.69609832763672
vertex 11.593779563903809 90.38115692138672 57.31907272338867
vertex 11.593779563903809 90.75261688232422 57.64483642578125
endloop
endfacet
facet normal 0.0 0.9238706837081021 0.3827047945672014
outer loop
vertex 18.033784866333008 92.5843276977539 54.118160247802734
vertex 11.593779563903809 92.75916290283203 53.69609832763672
vertex 11.593779563903809 92.5843276977539 54.118160247802734
endloop
endfacet
facet normal 0.9999999810145084 -0.00018002677677501772 -7.45744094246492e-05
outer loop
vertex 18.03371810913086 90.75261688232422 57.64483642578125
vertex 18.033784866333008 92.75916290283203 53.69609832763672
vertex 18.033784866333008 92.5843276977539 54.118160247802734
endloop
endfacet
facet normal 0.9999999998790287 -1.0255838001624506e-05 1.1694467970141667e-05
outer loop
vertex 18.03371810913086 90.38115692138672 57.31907272338867
vertex 18.033784866333008 92.75916290283203 53.69609832763672
vertex 18.03371810913086 90.75261688232422 57.64483642578125
endloop
endfacet
facet normal 0.9999999999999016 4.0977149080933495e-07 -1.6973660237879106e-07
outer loop
vertex 18.033784866333008 95.79024505615234 53.69609832763672
vertex 18.033782958984375 99.27472686767578 50.871089935302734
vertex 18.033784866333008 95.96507263183594 54.118160247802734
endloop
endfacet
facet normal 0.0 -0.9914466201026295 0.13051283265285513
outer loop
vertex 18.033784866333008 96.02469635009766 54.57109451293945
vertex 11.593779563903809 95.96507263183594 54.118160247802734
vertex 18.033784866333008 95.96507263183594 54.118160247802734
endloop
endfacet
facet normal 0.0 -0.9914466201026295 0.13051283265285513
outer loop
vertex 11.593779563903809 95.96507263183594 54.118160247802734
vertex 18.033784866333008 96.02469635009766 54.57109451293945
vertex 11.593779563903809 96.02469635009766 54.57109451293945
endloop
endfacet
facet normal -1.0 0.0 0.0
outer loop
vertex 11.593779563903809 99.27486419677734 50.871089935302734
vertex 11.593779563903809 96.02469635009766 54.57109451293945
vertex 11.593779563903809 96.4753189086914 58.29667663574219
endloop
endfacet
facet normal -1.0 0.0 0.0
outer loop
vertex 11.593779563903809 99.27486419677734 50.871089935302734
vertex 11.593779563903809 98.49433135986328 56.94761276245117
vertex 11.593779563903809 98.7688217163086 56.53680419921875
endloop
endfacet
facet normal 0.9999999999496044 7.548178687709913e-06 6.6193843540328245e-06
outer loop
vertex 18.033748626708984 98.1685791015625 57.31907272338867
vertex 18.033782958984375 99.27472686767578 50.871089935302734
vertex 18.033748626708984 98.49433135986328 56.94761276245117
endloop
endfacet
facet normal -0.0 0.8314725572151195 0.555565825621186
outer loop
vertex 18.033748626708984 98.7688217163086 56.53680419921875
vertex 11.593779563903809 98.49433135986328 56.94761276245117
vertex 18.033748626708984 98.49433135986328 56.94761276245117
endloop
endfacet
facet normal 0.0 0.8314725572151195 0.555565825621186
outer loop
vertex 11.593779563903809 98.49433135986328 56.94761276245117
vertex 18.033748626708984 98.7688217163086 56.53680419921875
vertex 11.593779563903809 98.7688217163086 56.53680419921875
endloop
endfacet
facet normal 0.0 -0.6593481715999515 0.7518377408775119
outer loop
vertex 18.03371810913086 90.75261688232422 57.64483642578125
vertex 11.593779563903809 90.38115692138672 57.31907272338867
vertex 18.03371810913086 90.38115692138672 57.31907272338867
endloop
endfacet
facet normal 0.0 -0.6593481715999515 0.7518377408775119
outer loop
vertex 11.593779563903809 90.38115692138672 57.31907272338867
vertex 18.03371810913086 90.75261688232422 57.64483642578125
vertex 11.593779563903809 90.75261688232422 57.64483642578125
endloop
endfacet
facet normal -0.9999999999999999 0.0 0.0
outer loop
vertex 11.593779563903809 92.75916290283203 53.69609832763672
vertex 11.593779563903809 90.75261688232422 57.64483642578125
vertex 11.593779563903809 92.5843276977539 54.118160247802734
endloop
endfacet
facet normal 0.0 0.9914444590111517 0.1305292484314714
outer loop
vertex 11.593779563903809 92.5843276977539 54.118160247802734
vertex 18.033784866333008 92.52469635009766 54.57109451293945
vertex 18.033784866333008 92.5843276977539 54.118160247802734
endloop
endfacet
facet normal 0.9999999998571834 -9.389474708325022e-06 1.4052438404726965e-05
outer loop
vertex 18.03371810913086 90.75261688232422 57.64483642578125
vertex 18.033784866333008 92.5843276977539 54.118160247802734
vertex 18.03371810913086 91.1634292602539 57.91933059692383
endloop
endfacet
facet normal 0.9999999999998676 5.103827482019461e-07 -6.718616701531504e-08
outer loop
vertex 18.033784866333008 95.96507263183594 54.118160247802734
vertex 18.033782958984375 99.27472686767578 50.871089935302734
vertex 18.033784866333008 96.02469635009766 54.57109451293945
endloop
endfacet
facet normal 0.0 -0.991446762333961 -0.13051175218157923
outer loop
vertex 18.033784866333008 95.96507263183594 55.02403259277344
vertex 11.593779563903809 96.02469635009766 54.57109451293945
vertex 18.033784866333008 96.02469635009766 54.57109451293945
endloop
endfacet
facet normal -1.0 0.0 0.0
outer loop
vertex 11.593779563903809 96.02469635009766 54.57109451293945
vertex 11.593779563903809 95.9907455444336 58.39305877685547
vertex 11.593779563903809 96.4753189086914 58.29667663574219
endloop
endfacet
facet normal -0.9999999999999999 0.0 0.0
outer loop
vertex 11.593779563903809 99.27486419677734 50.871089935302734
vertex 11.593779563903809 96.4753189086914 58.29667663574219
vertex 11.593779563903809 96.94318389892578 58.137855529785156
endloop
endfacet
facet normal -1.0 0.0 0.0
outer loop
vertex 11.593779563903809 99.27486419677734 50.871089935302734
vertex 11.593779563903809 98.1685791015625 57.31907272338867
vertex 11.593779563903809 98.49433135986328 56.94761276245117
endloop
endfacet
facet normal 0.9999999999652565 5.496133745754374e-06 6.267357215845533e-06
outer loop
vertex 18.033748626708984 97.79710388183594 57.64483642578125
vertex 18.033782958984375 99.27472686767578 50.871089935302734
vertex 18.033748626708984 98.1685791015625 57.31907272338867
endloop
endfacet
facet normal -0.0 0.7518492233310367 0.6593350782239006
outer loop
vertex 18.033748626708984 98.49433135986328 56.94761276245117
vertex 11.593779563903809 98.1685791015625 57.31907272338867
vertex 18.033748626708984 98.1685791015625 57.31907272338867
endloop
endfacet
facet normal 0.0 0.7518492233310367 0.6593350782239006
outer loop
vertex 11.593779563903809 98.1685791015625 57.31907272338867
vertex 18.033748626708984 98.49433135986328 56.94761276245117
vertex 11.593779563903809 98.49433135986328 56.94761276245117
endloop
endfacet
facet normal 0.0 -0.555567596846321 0.8314713737311727
outer loop
vertex 18.03371810913086 91.1634292602539 57.91933059692383
vertex 11.593779563903809 90.75261688232422 57.64483642578125
vertex 18.03371810913086 90.75261688232422 57.64483642578125
endloop
endfacet
facet normal -1.0 0.0 0.0
outer loop
vertex 11.593779563903809 92.5843276977539 54.118160247802734
vertex 11.593779563903809 90.75261688232422 57.64483642578125
vertex 11.593779563903809 91.1634292602539 57.91933059692383
endloop
endfacet
facet normal 0.0 0.9914444590111517 0.1305292484314714
outer loop
vertex 18.033784866333008 92.52469635009766 54.57109451293945
vertex 11.593779563903809 92.5843276977539 54.118160247802734
vertex 11.593779563903809 92.52469635009766 54.57109451293945
endloop
endfacet
facet normal 0.999999988733902 -0.00014882303224644525 -1.959339060485145e-05
outer loop
vertex 18.03371810913086 91.6065444946289 58.137855529785156
vertex 18.033784866333008 92.5843276977539 54.118160247802734
vertex 18.033784866333008 92.52469635009766 54.57109451293945
endloop
endfacet
facet normal 0.999999999863316 -7.312857087674977e-06 1.482868952263813e-05
outer loop
vertex 18.03371810913086 91.1634292602539 57.91933059692383
vertex 18.033784866333008 92.5843276977539 54.118160247802734
vertex 18.03371810913086 91.6065444946289 58.137855529785156
endloop
endfacet
facet normal 0.9999999999114547 1.024951052512523e-05 8.487522840933883e-06
outer loop
vertex 18.033784866333008 96.02469635009766 54.57109451293945
vertex 18.033782958984375 99.27472686767578 50.871089935302734
vertex 18.033748626708984 96.4753189086914 58.29667663574219
endloop
endfacet
facet normal -0.0 -0.991446762333961 -0.13051175218157923
outer loop
vertex 11.593779563903809 96.02469635009766 54.57109451293945
vertex 18.033784866333008 95.96507263183594 55.02403259277344
vertex 11.593779563903809 95.96507263183594 55.02403259277344
endloop
endfacet
facet normal 0.9999999969650626 7.724302522418989e-05 1.016809267910968e-05
outer loop
vertex 18.033748626708984 95.9907455444336 58.39305877685547
vertex 18.033784866333008 95.96507263183594 55.02403259277344
vertex 18.033784866333008 96.02469635009766 54.57109451293945
endloop
endfacet
facet normal -1.0 0.0 0.0
outer loop
vertex 11.593779563903809 95.96507263183594 55.02403259277344
vertex 11.593779563903809 95.9907455444336 58.39305877685547
vertex 11.593779563903809 96.02469635009766 54.57109451293945
endloop
endfacet
facet normal 0.0 0.19507962536986842 0.9807874080378234
outer loop
vertex 11.593779563903809 95.9907455444336 58.39305877685547
vertex 18.033748626708984 96.4753189086914 58.29667663574219
vertex 11.593779563903809 96.4753189086914 58.29667663574219
endloop
endfacet
facet normal 0.0 0.32144371641362335 0.9469286864269125
outer loop
vertex 11.593779563903809 96.4753189086914 58.29667663574219
vertex 18.033748626708984 96.94318389892578 58.137855529785156
vertex 11.593779563903809 96.94318389892578 58.137855529785156
endloop
endfacet
facet normal -1.0 0.0 0.0
outer loop
vertex 11.593779563903809 99.27486419677734 50.871089935302734
vertex 11.593779563903809 96.94318389892578 58.137855529785156
vertex 11.593779563903809 97.38629913330078 57.91933059692383
endloop
endfacet
facet normal -1.0 0.0 0.0
outer loop
vertex 11.593779563903809 99.27486419677734 50.871089935302734
vertex 11.593779563903809 97.79710388183594 57.64483642578125
vertex 11.593779563903809 98.1685791015625 57.31907272338867
endloop
endfacet
facet normal 0.9999999999745395 3.964518007131911e-06 5.933251027530824e-06
outer loop
vertex 18.033748626708984 97.38629913330078 57.91933059692383
vertex 18.033782958984375 99.27472686767578 50.871089935302734
vertex 18.033748626708984 97.79710388183594 57.64483642578125
endloop
endfacet
facet normal 0.0 0.6593328619625135 0.7518511668783395
outer loop
vertex 11.593779563903809 98.1685791015625 57.31907272338867
vertex 18.033748626708984 97.79710388183594 57.64483642578125
vertex 18.033748626708984 98.1685791015625 57.31907272338867
endloop
endfacet
facet normal 0.0 -0.555567596846321 0.8314713737311727
outer loop
vertex 11.593779563903809 90.75261688232422 57.64483642578125
vertex 18.03371810913086 91.1634292602539 57.91933059692383
vertex 11.593779563903809 91.1634292602539 57.91933059692383
endloop
endfacet
facet normal -1.0 0.0 0.0
outer loop
vertex 11.593779563903809 92.5843276977539 54.118160247802734
vertex 11.593779563903809 91.1634292602539 57.91933059692383
vertex 11.593779563903809 91.6065444946289 58.137855529785156
endloop
endfacet
facet normal -1.0 0.0 0.0
outer loop
vertex 11.593779563903809 92.5843276977539 54.118160247802734
vertex 11.593779563903809 91.6065444946289 58.137855529785156
vertex 11.593779563903809 92.52469635009766 54.57109451293945
endloop
endfacet
facet normal 0.0 0.9914446012779546 -0.13052816782900567
outer loop
vertex 11.593779563903809 92.52469635009766 54.57109451293945
vertex 18.033784866333008 92.5843276977539 55.02403259277344
vertex 18.033784866333008 92.52469635009766 54.57109451293945
endloop
endfacet
facet normal 0.9999999998347969 -5.842909308254669e-06 1.7212401903223775e-05
outer loop
vertex 18.03371810913086 91.6065444946289 58.137855529785156
vertex 18.033784866333008 92.52469635009766 54.57109451293945
vertex 18.03371810913086 92.07440948486328 58.29667663574219
endloop
endfacet
facet normal 0.0 -0.4422963125568328 0.8968689825713835
outer loop
vertex 18.03371810913086 91.6065444946289 58.137855529785156
vertex 11.593779563903809 91.1634292602539 57.91933059692383
vertex 18.03371810913086 91.1634292602539 57.91933059692383
endloop
endfacet
facet normal 0.9999999999843244 1.799824853401492e-06 5.30203484219595e-06
outer loop
vertex 18.033748626708984 96.4753189086914 58.29667663574219
vertex 18.033782958984375 99.27472686767578 50.871089935302734
vertex 18.033748626708984 96.94318389892578 58.137855529785156
endloop
endfacet
facet normal 0.9999999999531025 1.8893051398809847e-06 9.498719754167726e-06
outer loop
vertex 18.033748626708984 95.9907455444336 58.39305877685547
vertex 18.033784866333008 96.02469635009766 54.57109451293945
vertex 18.033748626708984 96.4753189086914 58.29667663574219
endloop
endfacet
facet normal 0.0 -0.9238765883677121 -0.3826905400791049
outer loop
vertex 18.033784866333008 95.79024505615234 55.44609451293945
vertex 11.593779563903809 95.96507263183594 55.02403259277344
vertex 18.033784866333008 95.96507263183594 55.02403259277344
endloop
endfacet
facet normal 0.9999999996191103 2.5499320148841032e-05 1.0562394071107316e-05
outer loop
vertex 18.033748626708984 95.9907455444336 58.39305877685547
vertex 18.033784866333008 95.79024505615234 55.44609451293945
vertex 18.033784866333008 95.96507263183594 55.02403259277344
endloop
endfacet
facet normal -1.0 0.0 -0.0
outer loop
vertex 11.593779563903809 95.79024505615234 55.44609451293945
vertex 11.593779563903809 95.9907455444336 58.39305877685547
vertex 11.593779563903809 95.96507263183594 55.02403259277344
endloop
endfacet
facet normal -0.0 0.19507962536986842 0.9807874080378234
outer loop
vertex 18.033748626708984 96.4753189086914 58.29667663574219
vertex 11.593779563903809 95.9907455444336 58.39305877685547
vertex 18.033748626708984 95.9907455444336 58.39305877685547
endloop
endfacet
facet normal -0.0 0.32144371641362335 0.9469286864269125
outer loop
vertex 18.033748626708984 96.94318389892578 58.137855529785156
vertex 11.593779563903809 96.4753189086914 58.29667663574219
vertex 18.033748626708984 96.4753189086914 58.29667663574219
endloop
endfacet
facet normal -0.0 0.4422963125568328 0.8968689825713835
outer loop
vertex 18.033748626708984 97.38629913330078 57.91933059692383
vertex 11.593779563903809 96.94318389892578 58.137855529785156
vertex 18.033748626708984 96.94318389892578 58.137855529785156
endloop
endfacet
facet normal 0.0 0.4422963125568328 0.8968689825713835
outer loop
vertex 11.593779563903809 96.94318389892578 58.137855529785156
vertex 18.033748626708984 97.38629913330078 57.91933059692383
vertex 11.593779563903809 97.38629913330078 57.91933059692383
endloop
endfacet
facet normal -1.0 0.0 0.0
outer loop
vertex 11.593779563903809 99.27486419677734 50.871089935302734
vertex 11.593779563903809 97.38629913330078 57.91933059692383
vertex 11.593779563903809 97.79710388183594 57.64483642578125
endloop
endfacet
facet normal 0.0 0.6593328619625135 0.7518511668783395
outer loop
vertex 18.033748626708984 97.79710388183594 57.64483642578125
vertex 11.593779563903809 98.1685791015625 57.31907272338867
vertex 11.593779563903809 97.79710388183594 57.64483642578125
endloop
endfacet
facet normal 0.9999999999804186 2.767909492608102e-06 5.612644962230202e-06
outer loop
vertex 18.033748626708984 96.94318389892578 58.137855529785156
vertex 18.033782958984375 99.27472686767578 50.871089935302734
vertex 18.033748626708984 97.38629913330078 57.91933059692383
endloop
endfacet
facet normal -0.0 0.5555747300133866 0.8314666074897732
outer loop
vertex 18.033748626708984 97.79710388183594 57.64483642578125
vertex 11.593779563903809 97.38629913330078 57.91933059692383
vertex 18.033748626708984 97.38629913330078 57.91933059692383
endloop
endfacet
facet normal 0.0 -0.4422963125568328 0.8968689825713835
outer loop
vertex 11.593779563903809 91.1634292602539 57.91933059692383
vertex 18.03371810913086 91.6065444946289 58.137855529785156
vertex 11.593779563903809 91.6065444946289 58.137855529785156
endloop
endfacet
facet normal -1.0 0.0 0.0
outer loop
vertex 11.593779563903809 92.52469635009766 54.57109451293945
vertex 11.593779563903809 91.6065444946289 58.137855529785156
vertex 11.593779563903809 92.07440948486328 58.29667663574219
endloop
endfacet
facet normal 0.0 0.9914446012779546 -0.13052816782900567
outer loop
vertex 18.033784866333008 92.5843276977539 55.02403259277344
vertex 11.593779563903809 92.52469635009766 54.57109451293945
vertex 11.593779563903809 92.5843276977539 55.02403259277344
endloop
endfacet
facet normal 0.9999999896890873 -0.00014237443202779398 1.8744238189737447e-05
outer loop
vertex 18.03371810913086 92.55899047851562 58.39305877685547
vertex 18.033784866333008 92.52469635009766 54.57109451293945
vertex 18.033784866333008 92.5843276977539 55.02403259277344
endloop
endfacet
facet normal 0.9999999998408545 -3.480306341505263e-06 1.7497954348191784e-05
outer loop
vertex 18.033784866333008 92.52469635009766 54.57109451293945
vertex 18.03371810913086 92.55899047851562 58.39305877685547
vertex 18.03371810913086 92.07440948486328 58.29667663574219
endloop
endfacet
facet normal 0.0 -0.32144371641362335 0.9469286864269125
outer loop
vertex 18.03371810913086 92.07440948486328 58.29667663574219
vertex 11.593779563903809 91.6065444946289 58.137855529785156
vertex 18.03371810913086 91.6065444946289 58.137855529785156
endloop
endfacet
facet normal -0.0 -0.9238765883677121 -0.3826905400791049
outer loop
vertex 11.593779563903809 95.96507263183594 55.02403259277344
vertex 18.033784866333008 95.79024505615234 55.44609451293945
vertex 11.593779563903809 95.79024505615234 55.44609451293945
endloop
endfacet
facet normal 0.9999999998278521 1.4720819923763983e-05 1.1295723142007046e-05
outer loop
vertex 18.033748626708984 95.9907455444336 58.39305877685547
vertex 18.033784866333008 95.51213836669922 55.808528900146484
vertex 18.033784866333008 95.79024505615234 55.44609451293945
endloop
endfacet
facet normal -1.0 0.0 -0.0
outer loop
vertex 11.593779563903809 95.51213836669922 55.808528900146484
vertex 11.593779563903809 95.9907455444336 58.39305877685547
vertex 11.593779563903809 95.79024505615234 55.44609451293945
endloop
endfacet
facet normal 0.0 0.06539669338081341 0.9978593450456111
outer loop
vertex 11.593779563903809 95.49773406982422 58.42536926269531
vertex 18.033748626708984 95.9907455444336 58.39305877685547
vertex 11.593779563903809 95.9907455444336 58.39305877685547
endloop
endfacet
facet normal 0.0 0.5555747300133866 0.8314666074897732
outer loop
vertex 11.593779563903809 97.38629913330078 57.91933059692383
vertex 18.033748626708984 97.79710388183594 57.64483642578125
vertex 11.593779563903809 97.79710388183594 57.64483642578125
endloop
endfacet
facet normal 0.0 -0.32144371641362335 0.9469286864269125
outer loop
vertex 11.593779563903809 91.6065444946289 58.137855529785156
vertex 18.03371810913086 92.07440948486328 58.29667663574219
vertex 11.593779563903809 92.07440948486328 58.29667663574219
endloop
endfacet
facet normal -1.0 -0.0 0.0
outer loop
vertex 11.593779563903809 92.55899047851562 58.39305877685547
vertex 11.593779563903809 92.52469635009766 54.57109451293945
vertex 11.593779563903809 92.07440948486328 58.29667663574219
endloop
endfacet
facet normal -1.0 0.0 0.0
outer loop
vertex 11.593779563903809 92.52469635009766 54.57109451293945
vertex 11.593779563903809 92.55899047851562 58.39305877685547
vertex 11.593779563903809 92.5843276977539 55.02403259277344
endloop
endfacet
facet normal 0.0 0.9238706837081021 -0.3827047945672014
outer loop
vertex 11.593779563903809 92.5843276977539 55.02403259277344
vertex 18.033784866333008 92.75916290283203 55.44609451293945
vertex 18.033784866333008 92.5843276977539 55.02403259277344
endloop
endfacet
facet normal 0.9999999998030342 -1.2979746155297895e-06 1.9805223059158205e-05
outer loop
vertex 18.03371810913086 92.55899047851562 58.39305877685547
vertex 18.033784866333008 92.5843276977539 55.02403259277344
vertex 18.03371810913086 93.052001953125 58.42536926269531
endloop
endfacet
facet normal 0.0 -0.1950766708578311 0.9807879956886838
outer loop
vertex 18.03371810913086 92.55899047851562 58.39305877685547
vertex 11.593779563903809 92.07440948486328 58.29667663574219
vertex 18.03371810913086 92.07440948486328 58.29667663574219
endloop
endfacet
facet normal 0.0 -0.7933522801699426 -0.6087628105831965
outer loop
vertex 18.033784866333008 95.51213836669922 55.808528900146484
vertex 11.593779563903809 95.79024505615234 55.44609451293945
vertex 18.033784866333008 95.79024505615234 55.44609451293945
endloop
endfacet
facet normal 0.9999999999036265 9.079242431478324e-07 1.3853616196508367e-05
outer loop
vertex 18.033748626708984 95.49773406982422 58.42536926269531
vertex 18.033784866333008 95.51213836669922 55.808528900146484
vertex 18.033748626708984 95.9907455444336 58.39305877685547
endloop
endfacet
facet normal -1.0 0.0 0.0
outer loop
vertex 11.593779563903809 95.51213836669922 55.808528900146484
vertex 11.593779563903809 95.49773406982422 58.42536926269531
vertex 11.593779563903809 95.9907455444336 58.39305877685547
endloop
endfacet
facet normal -0.0 -0.7933522801699426 -0.6087628105831965
outer loop
vertex 11.593779563903809 95.79024505615234 55.44609451293945
vertex 18.033784866333008 95.51213836669922 55.808528900146484
vertex 11.593779563903809 95.51213836669922 55.808528900146484
endloop
endfacet
facet normal -0.0 0.06539669338081341 0.9978593450456111
outer loop
vertex 18.033748626708984 95.9907455444336 58.39305877685547
vertex 11.593779563903809 95.49773406982422 58.42536926269531
vertex 18.033748626708984 95.49773406982422 58.42536926269531
endloop
endfacet
facet normal 0.0 -0.1950766708578311 0.9807879956886838
outer loop
vertex 11.593779563903809 92.07440948486328 58.29667663574219
vertex 18.03371810913086 92.55899047851562 58.39305877685547
vertex 11.593779563903809 92.55899047851562 58.39305877685547
endloop
endfacet
facet normal -1.0 0.0 0.0
outer loop
vertex 11.593779563903809 92.5843276977539 55.02403259277344
vertex 11.593779563903809 92.55899047851562 58.39305877685547
vertex 11.593779563903809 93.052001953125 58.42536926269531
endloop
endfacet
facet normal 0.0 0.9238706837081021 -0.3827047945672014
outer loop
vertex 18.033784866333008 92.75916290283203 55.44609451293945
vertex 11.593779563903809 92.5843276977539 55.02403259277344
vertex 11.593779563903809 92.75916290283203 55.44609451293945
endloop
endfacet
facet normal 0.9999999970536121 -7.092039471139972e-05 2.937811055949306e-05
outer loop
vertex 18.03371810913086 93.052001953125 58.42536926269531
vertex 18.033784866333008 92.5843276977539 55.02403259277344
vertex 18.033784866333008 92.75916290283203 55.44609451293945
endloop
endfacet
facet normal 0.0 -0.06539669338081343 0.9978593450456112
outer loop
vertex 18.03371810913086 93.052001953125 58.42536926269531
vertex 11.593779563903809 92.55899047851562 58.39305877685547
vertex 18.03371810913086 92.55899047851562 58.39305877685547
endloop
endfacet
facet normal 0.999999999846352 1.067153082487778e-05 1.3907359591677247e-05
outer loop
vertex 18.033748626708984 95.49773406982422 58.42536926269531
vertex 18.033784866333008 95.14970397949219 56.08663558959961
vertex 18.033784866333008 95.51213836669922 55.808528900146484
endloop
endfacet
facet normal -1.0 0.0 0.0
outer loop
vertex 11.593779563903809 95.14970397949219 56.08663558959961
vertex 11.593779563903809 95.49773406982422 58.42536926269531
vertex 11.593779563903809 95.51213836669922 55.808528900146484
endloop
endfacet
facet normal 0.0 -0.6087628105831965 -0.7933522801699426
outer loop
vertex 18.033784866333008 95.51213836669922 55.808528900146484
vertex 11.593779563903809 95.14970397949219 56.08663558959961
vertex 11.593779563903809 95.51213836669922 55.808528900146484
endloop
endfacet
facet normal 0.0 -0.0 1.0
outer loop
vertex 11.593779563903809 93.052001953125 58.42536926269531
vertex 18.033748626708984 95.49773406982422 58.42536926269531
vertex 11.593779563903809 95.49773406982422 58.42536926269531
endloop
endfacet
facet normal 0.0 -0.06539669338081343 0.9978593450456112
outer loop
vertex 11.593779563903809 92.55899047851562 58.39305877685547
vertex 18.03371810913086 93.052001953125 58.42536926269531
vertex 11.593779563903809 93.052001953125 58.42536926269531
endloop
endfacet
facet normal -1.0 0.0 -0.0
outer loop
vertex 11.593779563903809 92.5843276977539 55.02403259277344
vertex 11.593779563903809 93.052001953125 58.42536926269531
vertex 11.593779563903809 92.75916290283203 55.44609451293945
endloop
endfacet
facet normal 0.0 0.7933442145032037 -0.6087733217826604
outer loop
vertex 11.593779563903809 92.75916290283203 55.44609451293945
vertex 18.033784866333008 93.03727722167969 55.808528900146484
vertex 18.033784866333008 92.75916290283203 55.44609451293945
endloop
endfacet
facet normal 0.9999999991089678 -3.349063008599528e-05 2.56990619624205e-05
outer loop
vertex 18.03371810913086 93.052001953125 58.42536926269531
vertex 18.033784866333008 92.75916290283203 55.44609451293945
vertex 18.033784866333008 93.03727722167969 55.808528900146484
endloop
endfacet
facet normal 0.999999999875206 6.045924058260633e-06 1.4595702330481267e-05
outer loop
vertex 18.033748626708984 95.49773406982422 58.42536926269531
vertex 18.033784866333008 94.72764587402344 56.2614631652832
vertex 18.033784866333008 95.14970397949219 56.08663558959961
endloop
endfacet
facet normal 0.0 -0.6087628105831965 -0.7933522801699426
outer loop
vertex 11.593779563903809 95.14970397949219 56.08663558959961
vertex 18.033784866333008 95.51213836669922 55.808528900146484
vertex 18.033784866333008 95.14970397949219 56.08663558959961
endloop
endfacet
facet normal -1.0 0.0 -0.0
outer loop
vertex 11.593779563903809 94.72764587402344 56.2614631652832
vertex 11.593779563903809 95.49773406982422 58.42536926269531
vertex 11.593779563903809 95.14970397949219 56.08663558959961
endloop
endfacet
facet normal -0.0 0.0 1.0
outer loop
vertex 18.033748626708984 95.49773406982422 58.42536926269531
vertex 11.593779563903809 93.052001953125 58.42536926269531
vertex 18.03371810913086 93.052001953125 58.42536926269531
endloop
endfacet
facet normal -1.0 0.0 0.0
outer loop
vertex 11.593779563903809 93.39969635009766 56.08663558959961
vertex 11.593779563903809 93.052001953125 58.42536926269531
vertex 11.593779563903809 95.49773406982422 58.42536926269531
endloop
endfacet
facet normal -1.0 0.0 -0.0
outer loop
vertex 11.593779563903809 92.75916290283203 55.44609451293945
vertex 11.593779563903809 93.052001953125 58.42536926269531
vertex 11.593779563903809 93.03727722167969 55.808528900146484
endloop
endfacet
facet normal 0.0 0.7933442145032037 -0.6087733217826604
outer loop
vertex 18.033784866333008 93.03727722167969 55.808528900146484
vertex 11.593779563903809 92.75916290283203 55.44609451293945
vertex 11.593779563903809 93.03727722167969 55.808528900146484
endloop
endfacet
facet normal 0.9999999995692156 -1.4375121211596718e-05 2.559150068053283e-05
outer loop
vertex 18.03371810913086 93.052001953125 58.42536926269531
vertex 18.033784866333008 93.03727722167969 55.808528900146484
vertex 18.033782958984375 93.39969635009766 56.08663558959961
endloop
endfacet
facet normal 0.9999999998462745 -1.9162219698454167e-06 1.742926090114707e-05
outer loop
vertex 18.033748626708984 95.49773406982422 58.42536926269531
vertex 18.033782958984375 94.27469635009766 56.32109832763672
vertex 18.033784866333008 94.72764587402344 56.2614631652832
endloop
endfacet
facet normal 0.0 -0.382693492393617 -0.9238753654468641
outer loop
vertex 11.593779563903809 94.72764587402344 56.2614631652832
vertex 18.033784866333008 95.14970397949219 56.08663558959961
vertex 18.033784866333008 94.72764587402344 56.2614631652832
endloop
endfacet
facet normal 0.0 -0.382693492393617 -0.9238753654468641
outer loop
vertex 18.033784866333008 95.14970397949219 56.08663558959961
vertex 11.593779563903809 94.72764587402344 56.2614631652832
vertex 11.593779563903809 95.14970397949219 56.08663558959961
endloop
endfacet
facet normal -1.0 0.0 -0.0
outer loop
vertex 11.593779563903809 94.27469635009766 56.32109832763672
vertex 11.593779563903809 95.49773406982422 58.42536926269531
vertex 11.593779563903809 94.72764587402344 56.2614631652832
endloop
endfacet
facet normal 0.9999999995874307 -1.2477890732201764e-05 2.587355776818722e-05
outer loop
vertex 18.03371810913086 93.052001953125 58.42536926269531
vertex 18.033782958984375 93.39969635009766 56.08663558959961
vertex 18.033748626708984 95.49773406982422 58.42536926269531
endloop
endfacet
facet normal -1.0 0.0 0.0
outer loop
vertex 11.593779563903809 93.03727722167969 55.808528900146484
vertex 11.593779563903809 93.052001953125 58.42536926269531
vertex 11.593779563903809 93.39969635009766 56.08663558959961
endloop
endfacet
facet normal -1.0 0.0 -0.0
outer loop
vertex 11.593779563903809 93.39969635009766 56.08663558959961
vertex 11.593779563903809 95.49773406982422 58.42536926269531
vertex 11.593779563903809 93.82176971435547 56.2614631652832
endloop
endfacet
facet normal 0.0 0.6087789422430265 -0.793339901606784
outer loop
vertex 11.593779563903809 93.03727722167969 55.808528900146484
vertex 18.033782958984375 93.39969635009766 56.08663558959961
vertex 18.033784866333008 93.03727722167969 55.808528900146484
endloop
endfacet
facet normal 0.9999999998412229 -2.3262217469909745e-06 1.766755967912316e-05
outer loop
vertex 18.033748626708984 95.49773406982422 58.42536926269531
vertex 18.033782958984375 93.82176971435547 56.2614631652832
vertex 18.033782958984375 94.27469635009766 56.32109832763672
endloop
endfacet
facet normal 0.0 -0.1305331337147086 -0.9914439474839807
outer loop
vertex 11.593779563903809 94.27469635009766 56.32109832763672
vertex 18.033784866333008 94.72764587402344 56.2614631652832
vertex 18.033782958984375 94.27469635009766 56.32109832763672
endloop
endfacet
facet normal 0.0 -0.13053313371470857 -0.9914439474839805
outer loop
vertex 18.033784866333008 94.72764587402344 56.2614631652832
vertex 11.593779563903809 94.27469635009766 56.32109832763672
vertex 11.593779563903809 94.72764587402344 56.2614631652832
endloop
endfacet
facet normal -0.9999999999999999 0.0 -0.0
outer loop
vertex 11.593779563903809 93.82176971435547 56.2614631652832
vertex 11.593779563903809 95.49773406982422 58.42536926269531
vertex 11.593779563903809 94.27469635009766 56.32109832763672
endloop
endfacet
facet normal 0.9999999996803427 -9.675983070347867e-06 2.3360014637476967e-05
outer loop
vertex 18.033748626708984 95.49773406982422 58.42536926269531
vertex 18.033782958984375 93.39969635009766 56.08663558959961
vertex 18.033782958984375 93.82176971435547 56.2614631652832
endloop
endfacet
facet normal 0.0 0.6087789422430266 -0.7933399016067841
outer loop
vertex 18.033782958984375 93.39969635009766 56.08663558959961
vertex 11.593779563903809 93.03727722167969 55.808528900146484
vertex 11.593779563903809 93.39969635009766 56.08663558959961
endloop
endfacet
facet normal 0.0 0.38268168338542674 -0.9238802569604441
outer loop
vertex 18.033782958984375 93.82176971435547 56.2614631652832
vertex 11.593779563903809 93.39969635009766 56.08663558959961
vertex 11.593779563903809 93.82176971435547 56.2614631652832
endloop
endfacet
facet normal 0.0 0.1305396176698569 -0.9914430937873376
outer loop
vertex 11.593779563903809 93.82176971435547 56.2614631652832
vertex 18.033782958984375 94.27469635009766 56.32109832763672
vertex 18.033782958984375 93.82176971435547 56.2614631652832
endloop
endfacet
facet normal 0.0 0.1305396176698569 -0.9914430937873376
outer loop
vertex 18.033782958984375 94.27469635009766 56.32109832763672
vertex 11.593779563903809 93.82176971435547 56.2614631652832
vertex 11.593779563903809 94.27469635009766 56.32109832763672
endloop
endfacet
facet normal 0.0 0.38268168338542674 -0.9238802569604441
outer loop
vertex 11.593779563903809 93.39969635009766 56.08663558959961
vertex 18.033782958984375 93.82176971435547 56.2614631652832
vertex 18.033782958984375 93.39969635009766 56.08663558959961
endloop
endfacet
facet normal 0.0 -0.3214455665604472 -0.9469280583754149
outer loop
vertex 18.02965545654297 91.81754302978516 11.527969360351562
vertex 11.593778610229492 91.39269256591797 11.672189712524414
vertex 11.593778610229492 91.81754302978516 11.527969360351562
endloop
endfacet
facet normal 0.0 -0.0 1.0
outer loop
vertex 3.1339359283447266 83.27499389648438 30.86907958984375
vertex 3.1340179443359375 83.27499389648438 30.86907958984375
vertex 3.1337785720825195 89.27499389648438 30.86907958984375
endloop
endfacet
facet normal -0.0 -0.0 -1.0
outer loop
vertex 3.1337785720825195 89.27499389648438 30.86907958984375
vertex 3.1340179443359375 83.27499389648438 30.86907958984375
vertex 3.1339359283447266 83.27499389648438 30.86907958984375
endloop
endfacet

endsolid
