solid OpenSCAD_Model
  facet normal 1 -0 0
    outer loop
      vertex 91 0 7
      vertex 91 61 0
      vertex 91 61 7
    endloop
  endfacet
  facet normal 1 0 0
    outer loop
      vertex 91 61 0
      vertex 91 0 7
      vertex 91 0 0
    endloop
  endfacet
  facet normal 0 0 -1
    outer loop
      vertex 5.75 4.5 7
      vertex 8.5 4.5 7
      vertex 8.42314 3.71964 7
    endloop
  endfacet
  facet normal 0 0 -1
    outer loop
      vertex 5.70741 4.17648 7
      vertex 8.42314 3.71964 7
      vertex 8.19552 2.96927 7
    endloop
  endfacet
  facet normal 0 0 -1
    outer loop
      vertex 8.5 4.5 7
      vertex 5.75 4.5 7
      vertex 8.42314 5.28036 7
    endloop
  endfacet
  facet normal 0 0 -1
    outer loop
      vertex 5.58253 3.875 7
      vertex 8.19552 2.96927 7
      vertex 7.82588 2.27772 7
    endloop
  endfacet
  facet normal 0 0 -1
    outer loop
      vertex 5.70741 4.82352 7
      vertex 8.42314 5.28036 7
      vertex 5.75 4.5 7
    endloop
  endfacet
  facet normal 0 0 -1
    outer loop
      vertex 5.58253 3.875 7
      vertex 7.82588 2.27772 7
      vertex 7.59796 2 7
    endloop
  endfacet
  facet normal -0 0 -1
    outer loop
      vertex 8.42314 5.28036 7
      vertex 5.70741 4.82352 7
      vertex 8.19552 6.03073 7
    endloop
  endfacet
  facet normal 0 0 -1
    outer loop
      vertex 5.58253 5.125 7
      vertex 8.19552 6.03073 7
      vertex 5.70741 4.82352 7
    endloop
  endfacet
  facet normal 0 0 -1
    outer loop
      vertex 5.38388 5.38388 7
      vertex 7.82588 6.72228 7
      vertex 5.58253 5.125 7
    endloop
  endfacet
  facet normal -0 0 -1
    outer loop
      vertex 8.19552 6.03073 7
      vertex 5.58253 5.125 7
      vertex 7.82588 6.72228 7
    endloop
  endfacet
  facet normal 0 0 -1
    outer loop
      vertex 8.42314 3.71964 7
      vertex 5.70741 4.17648 7
      vertex 5.75 4.5 7
    endloop
  endfacet
  facet normal 0 0 -1
    outer loop
      vertex 8.19552 2.96927 7
      vertex 5.58253 3.875 7
      vertex 5.70741 4.17648 7
    endloop
  endfacet
  facet normal 0 0 -1
    outer loop
      vertex 7.59796 2 7
      vertex 5.38388 3.61612 7
      vertex 5.58253 3.875 7
    endloop
  endfacet
  facet normal 0 0 -1
    outer loop
      vertex 7.59796 2 7
      vertex 5.125 3.41747 7
      vertex 5.38388 3.61612 7
    endloop
  endfacet
  facet normal 0 0 -1
    outer loop
      vertex 7.59796 2 7
      vertex 4.82352 3.29259 7
      vertex 5.125 3.41747 7
    endloop
  endfacet
  facet normal 0 0 -1
    outer loop
      vertex 7.59796 2 7
      vertex 4.5 3.25 7
      vertex 4.82352 3.29259 7
    endloop
  endfacet
  facet normal 0 0 -1
    outer loop
      vertex 2 2 7
      vertex 4.5 3.25 7
      vertex 7.59796 2 7
    endloop
  endfacet
  facet normal 0 0 -1
    outer loop
      vertex 3.875 5.58253 7
      vertex 2.27772 7.82588 7
      vertex 2.96927 8.19552 7
    endloop
  endfacet
  facet normal 0 0 -1
    outer loop
      vertex 2 2 7
      vertex 3.25 4.5 7
      vertex 3.29259 4.17648 7
    endloop
  endfacet
  facet normal -0 0 -1
    outer loop
      vertex 4.5 3.25 7
      vertex 2 2 7
      vertex 4.17648 3.29259 7
    endloop
  endfacet
  facet normal 0 0 -1
    outer loop
      vertex 2 2 7
      vertex 3.875 3.41747 7
      vertex 4.17648 3.29259 7
    endloop
  endfacet
  facet normal 0 0 -1
    outer loop
      vertex 2 2 7
      vertex 3.61612 3.61612 7
      vertex 3.875 3.41747 7
    endloop
  endfacet
  facet normal 0 0 -1
    outer loop
      vertex 2 2 7
      vertex 3.41747 3.875 7
      vertex 3.61612 3.61612 7
    endloop
  endfacet
  facet normal 0 0 -1
    outer loop
      vertex 2 2 7
      vertex 3.29259 4.17648 7
      vertex 3.41747 3.875 7
    endloop
  endfacet
  facet normal -0 0 -1
    outer loop
      vertex 3.25 4.5 7
      vertex 2 2 7
      vertex 2 7.59796 7
    endloop
  endfacet
  facet normal 0 0 -1
    outer loop
      vertex 3.29259 4.82352 7
      vertex 2 7.59796 7
      vertex 2.27772 7.82588 7
    endloop
  endfacet
  facet normal -0 0 -1
    outer loop
      vertex 7.82588 6.72228 7
      vertex 5.38388 5.38388 7
      vertex 7.32843 7.32843 7
    endloop
  endfacet
  facet normal -0 0 -1
    outer loop
      vertex 7.32843 7.32843 7
      vertex 5.38388 5.38388 7
      vertex 6.72228 7.82588 7
    endloop
  endfacet
  facet normal 0 0 -1
    outer loop
      vertex 5.125 5.58253 7
      vertex 6.72228 7.82588 7
      vertex 5.38388 5.38388 7
    endloop
  endfacet
  facet normal -0 0 -1
    outer loop
      vertex 6.72228 7.82588 7
      vertex 5.125 5.58253 7
      vertex 6.03073 8.19552 7
    endloop
  endfacet
  facet normal 0 0 -1
    outer loop
      vertex 4.82352 5.70741 7
      vertex 6.03073 8.19552 7
      vertex 5.125 5.58253 7
    endloop
  endfacet
  facet normal -0 0 -1
    outer loop
      vertex 6.03073 8.19552 7
      vertex 4.82352 5.70741 7
      vertex 5.28036 8.42314 7
    endloop
  endfacet
  facet normal 0 0 -1
    outer loop
      vertex 4.5 5.75 7
      vertex 5.28036 8.42314 7
      vertex 4.82352 5.70741 7
    endloop
  endfacet
  facet normal 0 0 -1
    outer loop
      vertex 4.5 5.75 7
      vertex 4.5 8.5 7
      vertex 5.28036 8.42314 7
    endloop
  endfacet
  facet normal 0 0 -1
    outer loop
      vertex 3.71964 8.42314 7
      vertex 4.5 5.75 7
      vertex 4.17648 5.70741 7
    endloop
  endfacet
  facet normal 0 0 -1
    outer loop
      vertex 2.96927 8.19552 7
      vertex 4.17648 5.70741 7
      vertex 3.875 5.58253 7
    endloop
  endfacet
  facet normal 0 0 -1
    outer loop
      vertex 4.5 5.75 7
      vertex 3.71964 8.42314 7
      vertex 4.5 8.5 7
    endloop
  endfacet
  facet normal 0 0 -1
    outer loop
      vertex 2.27772 7.82588 7
      vertex 3.875 5.58253 7
      vertex 3.61612 5.38388 7
    endloop
  endfacet
  facet normal 0 0 -1
    outer loop
      vertex 2.27772 7.82588 7
      vertex 3.61612 5.38388 7
      vertex 3.41747 5.125 7
    endloop
  endfacet
  facet normal 0 0 -1
    outer loop
      vertex 2.27772 7.82588 7
      vertex 3.41747 5.125 7
      vertex 3.29259 4.82352 7
    endloop
  endfacet
  facet normal 0 0 -1
    outer loop
      vertex 2 7.59796 7
      vertex 3.29259 4.82352 7
      vertex 3.25 4.5 7
    endloop
  endfacet
  facet normal 0 0 -1
    outer loop
      vertex 4.17648 5.70741 7
      vertex 2.96927 8.19552 7
      vertex 3.71964 8.42314 7
    endloop
  endfacet
  facet normal 0 0 -1
    outer loop
      vertex 87.75 4.5 7
      vertex 89 7.59796 7
      vertex 89 2 7
    endloop
  endfacet
  facet normal 0 0 -1
    outer loop
      vertex 87.7074 4.82352 7
      vertex 89 7.59796 7
      vertex 87.75 4.5 7
    endloop
  endfacet
  facet normal 0 0 -1
    outer loop
      vertex 87.5825 5.125 7
      vertex 89 7.59796 7
      vertex 87.7074 4.82352 7
    endloop
  endfacet
  facet normal 0 0 -1
    outer loop
      vertex 89 2 7
      vertex 87.7074 4.17648 7
      vertex 87.75 4.5 7
    endloop
  endfacet
  facet normal 0 0 -1
    outer loop
      vertex 89 2 7
      vertex 87.5825 3.875 7
      vertex 87.7074 4.17648 7
    endloop
  endfacet
  facet normal 0 0 -1
    outer loop
      vertex 89 2 7
      vertex 87.3839 3.61612 7
      vertex 87.5825 3.875 7
    endloop
  endfacet
  facet normal 0 0 -1
    outer loop
      vertex 89 2 7
      vertex 87.125 3.41747 7
      vertex 87.3839 3.61612 7
    endloop
  endfacet
  facet normal 0 0 -1
    outer loop
      vertex 89 2 7
      vertex 86.8235 3.29259 7
      vertex 87.125 3.41747 7
    endloop
  endfacet
  facet normal 0 0 -1
    outer loop
      vertex 89 2 7
      vertex 86.5 3.25 7
      vertex 86.8235 3.29259 7
    endloop
  endfacet
  facet normal 0 0 -1
    outer loop
      vertex 83.402 2 7
      vertex 86.5 3.25 7
      vertex 89 2 7
    endloop
  endfacet
  facet normal -0 0 -1
    outer loop
      vertex 86.5 3.25 7
      vertex 83.402 2 7
      vertex 86.1765 3.29259 7
    endloop
  endfacet
  facet normal 0 0 -1
    outer loop
      vertex 85.875 5.58253 7
      vertex 84.2777 7.82588 7
      vertex 84.9693 8.19552 7
    endloop
  endfacet
  facet normal 0 0 -1
    outer loop
      vertex 82.5769 3.71964 7
      vertex 85.25 4.5 7
      vertex 85.2926 4.17648 7
    endloop
  endfacet
  facet normal 0 0 -1
    outer loop
      vertex 85.2926 4.82352 7
      vertex 83.6716 7.32843 7
      vertex 84.2777 7.82588 7
    endloop
  endfacet
  facet normal 0 0 -1
    outer loop
      vertex 82.8045 2.96927 7
      vertex 85.2926 4.17648 7
      vertex 85.4175 3.875 7
    endloop
  endfacet
  facet normal -0 0 -1
    outer loop
      vertex 86.1765 3.29259 7
      vertex 83.402 2 7
      vertex 85.875 3.41747 7
    endloop
  endfacet
  facet normal 0 0 -1
    outer loop
      vertex 83.402 2 7
      vertex 85.6161 3.61612 7
      vertex 85.875 3.41747 7
    endloop
  endfacet
  facet normal 0 0 -1
    outer loop
      vertex 83.402 2 7
      vertex 85.4175 3.875 7
      vertex 85.6161 3.61612 7
    endloop
  endfacet
  facet normal 0 0 -1
    outer loop
      vertex 83.1741 2.27772 7
      vertex 85.4175 3.875 7
      vertex 83.402 2 7
    endloop
  endfacet
  facet normal 0 0 -1
    outer loop
      vertex 85.4175 3.875 7
      vertex 83.1741 2.27772 7
      vertex 82.8045 2.96927 7
    endloop
  endfacet
  facet normal 0 0 -1
    outer loop
      vertex 85.2926 4.82352 7
      vertex 83.1741 6.72228 7
      vertex 83.6716 7.32843 7
    endloop
  endfacet
  facet normal 0 0 -1
    outer loop
      vertex 85.2926 4.17648 7
      vertex 82.8045 2.96927 7
      vertex 82.5769 3.71964 7
    endloop
  endfacet
  facet normal 0 0 -1
    outer loop
      vertex 85.2926 4.82352 7
      vertex 82.8045 6.03073 7
      vertex 83.1741 6.72228 7
    endloop
  endfacet
  facet normal -0 0 -1
    outer loop
      vertex 85.25 4.5 7
      vertex 82.5769 3.71964 7
      vertex 82.5 4.5 7
    endloop
  endfacet
  facet normal 0 0 -1
    outer loop
      vertex 85.2926 4.82352 7
      vertex 82.5769 5.28036 7
      vertex 82.8045 6.03073 7
    endloop
  endfacet
  facet normal 0 0 -1
    outer loop
      vertex 85.25 4.5 7
      vertex 82.5 4.5 7
      vertex 82.5769 5.28036 7
    endloop
  endfacet
  facet normal 0 0 -1
    outer loop
      vertex 87.3839 5.38388 7
      vertex 89 7.59796 7
      vertex 87.5825 5.125 7
    endloop
  endfacet
  facet normal 0 0 -1
    outer loop
      vertex 87.125 5.58253 7
      vertex 89 7.59796 7
      vertex 87.3839 5.38388 7
    endloop
  endfacet
  facet normal -0 0 -1
    outer loop
      vertex 89 7.59796 7
      vertex 87.125 5.58253 7
      vertex 88.7223 7.82588 7
    endloop
  endfacet
  facet normal -0 0 -1
    outer loop
      vertex 88.7223 7.82588 7
      vertex 87.125 5.58253 7
      vertex 88.0307 8.19552 7
    endloop
  endfacet
  facet normal 0 0 -1
    outer loop
      vertex 86.8235 5.70741 7
      vertex 88.0307 8.19552 7
      vertex 87.125 5.58253 7
    endloop
  endfacet
  facet normal -0 0 -1
    outer loop
      vertex 88.0307 8.19552 7
      vertex 86.8235 5.70741 7
      vertex 87.2804 8.42314 7
    endloop
  endfacet
  facet normal 0 0 -1
    outer loop
      vertex 86.5 5.75 7
      vertex 87.2804 8.42314 7
      vertex 86.8235 5.70741 7
    endloop
  endfacet
  facet normal 0 0 -1
    outer loop
      vertex 86.5 5.75 7
      vertex 86.5 8.5 7
      vertex 87.2804 8.42314 7
    endloop
  endfacet
  facet normal 0 0 -1
    outer loop
      vertex 85.7196 8.42314 7
      vertex 86.5 5.75 7
      vertex 86.1765 5.70741 7
    endloop
  endfacet
  facet normal 0 0 -1
    outer loop
      vertex 84.9693 8.19552 7
      vertex 86.1765 5.70741 7
      vertex 85.875 5.58253 7
    endloop
  endfacet
  facet normal 0 0 -1
    outer loop
      vertex 86.5 5.75 7
      vertex 85.7196 8.42314 7
      vertex 86.5 8.5 7
    endloop
  endfacet
  facet normal 0 0 -1
    outer loop
      vertex 84.2777 7.82588 7
      vertex 85.875 5.58253 7
      vertex 85.6161 5.38388 7
    endloop
  endfacet
  facet normal 0 0 -1
    outer loop
      vertex 84.2777 7.82588 7
      vertex 85.6161 5.38388 7
      vertex 85.4175 5.125 7
    endloop
  endfacet
  facet normal 0 0 -1
    outer loop
      vertex 84.2777 7.82588 7
      vertex 85.4175 5.125 7
      vertex 85.2926 4.82352 7
    endloop
  endfacet
  facet normal 0 0 -1
    outer loop
      vertex 82.5769 5.28036 7
      vertex 85.2926 4.82352 7
      vertex 85.25 4.5 7
    endloop
  endfacet
  facet normal 0 0 -1
    outer loop
      vertex 86.1765 5.70741 7
      vertex 84.9693 8.19552 7
      vertex 85.7196 8.42314 7
    endloop
  endfacet
  facet normal 0 0 -1
    outer loop
      vertex 8.42314 55.7196 7
      vertex 5.70741 56.1765 7
      vertex 5.75 56.5 7
    endloop
  endfacet
  facet normal 0 0 -1
    outer loop
      vertex 6.72228 53.1741 7
      vertex 5.58253 55.875 7
      vertex 5.70741 56.1765 7
    endloop
  endfacet
  facet normal 0 0 -1
    outer loop
      vertex 6.72228 53.1741 7
      vertex 5.38388 55.6161 7
      vertex 5.58253 55.875 7
    endloop
  endfacet
  facet normal 0 0 -1
    outer loop
      vertex 4.82352 55.2926 7
      vertex 6.03073 52.8045 7
      vertex 5.28036 52.5769 7
    endloop
  endfacet
  facet normal 0 0 -1
    outer loop
      vertex 6.72228 53.1741 7
      vertex 5.125 55.4175 7
      vertex 5.38388 55.6161 7
    endloop
  endfacet
  facet normal 0 0 -1
    outer loop
      vertex 6.03073 52.8045 7
      vertex 4.82352 55.2926 7
      vertex 5.125 55.4175 7
    endloop
  endfacet
  facet normal 0 0 -1
    outer loop
      vertex 4.5 55.25 7
      vertex 5.28036 52.5769 7
      vertex 4.5 52.5 7
    endloop
  endfacet
  facet normal 0 0 -1
    outer loop
      vertex 5.28036 52.5769 7
      vertex 4.5 55.25 7
      vertex 4.82352 55.2926 7
    endloop
  endfacet
  facet normal 0 0 -1
    outer loop
      vertex 3.71964 52.5769 7
      vertex 4.5 55.25 7
      vertex 4.5 52.5 7
    endloop
  endfacet
  facet normal -0 0 -1
    outer loop
      vertex 4.5 55.25 7
      vertex 3.71964 52.5769 7
      vertex 4.17648 55.2926 7
    endloop
  endfacet
  facet normal 0 0 -1
    outer loop
      vertex 2.96927 52.8045 7
      vertex 4.17648 55.2926 7
      vertex 3.71964 52.5769 7
    endloop
  endfacet
  facet normal -0 0 -1
    outer loop
      vertex 4.17648 55.2926 7
      vertex 2.96927 52.8045 7
      vertex 3.875 55.4175 7
    endloop
  endfacet
  facet normal 0 0 -1
    outer loop
      vertex 2.27772 53.1741 7
      vertex 3.875 55.4175 7
      vertex 2.96927 52.8045 7
    endloop
  endfacet
  facet normal 0 0 -1
    outer loop
      vertex 2 53.402 7
      vertex 3.875 55.4175 7
      vertex 2.27772 53.1741 7
    endloop
  endfacet
  facet normal -0 0 -1
    outer loop
      vertex 3.875 55.4175 7
      vertex 2 53.402 7
      vertex 3.61612 55.6161 7
    endloop
  endfacet
  facet normal -0 0 -1
    outer loop
      vertex 3.61612 55.6161 7
      vertex 2 53.402 7
      vertex 3.41747 55.875 7
    endloop
  endfacet
  facet normal 0 0 -1
    outer loop
      vertex 5.75 56.5 7
      vertex 8.5 56.5 7
      vertex 8.42314 55.7196 7
    endloop
  endfacet
  facet normal 0 0 -1
    outer loop
      vertex 5.70741 56.1765 7
      vertex 8.42314 55.7196 7
      vertex 8.19552 54.9693 7
    endloop
  endfacet
  facet normal 0 0 -1
    outer loop
      vertex 8.5 56.5 7
      vertex 5.75 56.5 7
      vertex 8.42314 57.2804 7
    endloop
  endfacet
  facet normal 0 0 -1
    outer loop
      vertex 5.70741 56.1765 7
      vertex 8.19552 54.9693 7
      vertex 7.82588 54.2777 7
    endloop
  endfacet
  facet normal 0 0 -1
    outer loop
      vertex 5.70741 56.8235 7
      vertex 8.42314 57.2804 7
      vertex 5.75 56.5 7
    endloop
  endfacet
  facet normal -0 0 -1
    outer loop
      vertex 8.42314 57.2804 7
      vertex 5.70741 56.8235 7
      vertex 8.19552 58.0307 7
    endloop
  endfacet
  facet normal 0 0 -1
    outer loop
      vertex 5.70741 56.1765 7
      vertex 7.82588 54.2777 7
      vertex 7.32843 53.6716 7
    endloop
  endfacet
  facet normal 0 0 -1
    outer loop
      vertex 5.70741 56.1765 7
      vertex 7.32843 53.6716 7
      vertex 6.72228 53.1741 7
    endloop
  endfacet
  facet normal 0 0 -1
    outer loop
      vertex 5.125 55.4175 7
      vertex 6.72228 53.1741 7
      vertex 6.03073 52.8045 7
    endloop
  endfacet
  facet normal 0 0 -1
    outer loop
      vertex 5.58253 57.125 7
      vertex 8.19552 58.0307 7
      vertex 5.70741 56.8235 7
    endloop
  endfacet
  facet normal -0 0 -1
    outer loop
      vertex 8.19552 58.0307 7
      vertex 5.58253 57.125 7
      vertex 7.82588 58.7223 7
    endloop
  endfacet
  facet normal -0 0 -1
    outer loop
      vertex 7.82588 58.7223 7
      vertex 5.58253 57.125 7
      vertex 7.59796 59 7
    endloop
  endfacet
  facet normal 0 0 -1
    outer loop
      vertex 5.38388 57.3839 7
      vertex 7.59796 59 7
      vertex 5.58253 57.125 7
    endloop
  endfacet
  facet normal 0 0 -1
    outer loop
      vertex 5.125 57.5825 7
      vertex 7.59796 59 7
      vertex 5.38388 57.3839 7
    endloop
  endfacet
  facet normal 0 0 -1
    outer loop
      vertex 4.82352 57.7074 7
      vertex 7.59796 59 7
      vertex 5.125 57.5825 7
    endloop
  endfacet
  facet normal 0 0 -1
    outer loop
      vertex 4.5 57.75 7
      vertex 7.59796 59 7
      vertex 4.82352 57.7074 7
    endloop
  endfacet
  facet normal 0 0 -1
    outer loop
      vertex 2 59 7
      vertex 4.5 57.75 7
      vertex 4.17648 57.7074 7
    endloop
  endfacet
  facet normal -0 0 -1
    outer loop
      vertex 3.41747 55.875 7
      vertex 2 53.402 7
      vertex 3.29259 56.1765 7
    endloop
  endfacet
  facet normal -0 0 -1
    outer loop
      vertex 3.29259 56.1765 7
      vertex 2 53.402 7
      vertex 3.25 56.5 7
    endloop
  endfacet
  facet normal 0 0 -1
    outer loop
      vertex 2 59 7
      vertex 3.25 56.5 7
      vertex 2 53.402 7
    endloop
  endfacet
  facet normal 0 0 -1
    outer loop
      vertex 4.5 57.75 7
      vertex 2 59 7
      vertex 7.59796 59 7
    endloop
  endfacet
  facet normal 0 0 -1
    outer loop
      vertex 3.875 57.5825 7
      vertex 2 59 7
      vertex 4.17648 57.7074 7
    endloop
  endfacet
  facet normal 0 0 -1
    outer loop
      vertex 3.61612 57.3839 7
      vertex 2 59 7
      vertex 3.875 57.5825 7
    endloop
  endfacet
  facet normal 0 0 -1
    outer loop
      vertex 3.41747 57.125 7
      vertex 2 59 7
      vertex 3.61612 57.3839 7
    endloop
  endfacet
  facet normal 0 0 -1
    outer loop
      vertex 3.29259 56.8235 7
      vertex 2 59 7
      vertex 3.41747 57.125 7
    endloop
  endfacet
  facet normal 0 0 -1
    outer loop
      vertex 3.25 56.5 7
      vertex 2 59 7
      vertex 3.29259 56.8235 7
    endloop
  endfacet
  facet normal 0 0 -1
    outer loop
      vertex 89 53.402 7
      vertex 87.7074 56.1765 7
      vertex 87.75 56.5 7
    endloop
  endfacet
  facet normal 0 0 -1
    outer loop
      vertex 88.7223 53.1741 7
      vertex 87.5825 55.875 7
      vertex 87.7074 56.1765 7
    endloop
  endfacet
  facet normal 0 0 -1
    outer loop
      vertex 88.7223 53.1741 7
      vertex 87.3839 55.6161 7
      vertex 87.5825 55.875 7
    endloop
  endfacet
  facet normal 0 0 -1
    outer loop
      vertex 86.8235 55.2926 7
      vertex 88.0307 52.8045 7
      vertex 87.2804 52.5769 7
    endloop
  endfacet
  facet normal 0 0 -1
    outer loop
      vertex 88.7223 53.1741 7
      vertex 87.125 55.4175 7
      vertex 87.3839 55.6161 7
    endloop
  endfacet
  facet normal 0 0 -1
    outer loop
      vertex 88.0307 52.8045 7
      vertex 86.8235 55.2926 7
      vertex 87.125 55.4175 7
    endloop
  endfacet
  facet normal 0 0 -1
    outer loop
      vertex 86.5 55.25 7
      vertex 87.2804 52.5769 7
      vertex 86.5 52.5 7
    endloop
  endfacet
  facet normal 0 0 -1
    outer loop
      vertex 87.2804 52.5769 7
      vertex 86.5 55.25 7
      vertex 86.8235 55.2926 7
    endloop
  endfacet
  facet normal 0 0 -1
    outer loop
      vertex 85.7196 52.5769 7
      vertex 86.5 55.25 7
      vertex 86.5 52.5 7
    endloop
  endfacet
  facet normal -0 0 -1
    outer loop
      vertex 86.5 55.25 7
      vertex 85.7196 52.5769 7
      vertex 86.1765 55.2926 7
    endloop
  endfacet
  facet normal 0 0 -1
    outer loop
      vertex 84.9693 52.8045 7
      vertex 86.1765 55.2926 7
      vertex 85.7196 52.5769 7
    endloop
  endfacet
  facet normal -0 0 -1
    outer loop
      vertex 86.1765 55.2926 7
      vertex 84.9693 52.8045 7
      vertex 85.875 55.4175 7
    endloop
  endfacet
  facet normal 0 0 -1
    outer loop
      vertex 84.2777 53.1741 7
      vertex 85.875 55.4175 7
      vertex 84.9693 52.8045 7
    endloop
  endfacet
  facet normal -0 0 -1
    outer loop
      vertex 85.875 55.4175 7
      vertex 84.2777 53.1741 7
      vertex 85.6161 55.6161 7
    endloop
  endfacet
  facet normal 0 0 -1
    outer loop
      vertex 83.6716 53.6716 7
      vertex 85.6161 55.6161 7
      vertex 84.2777 53.1741 7
    endloop
  endfacet
  facet normal 0 0 -1
    outer loop
      vertex 83.1741 54.2777 7
      vertex 85.6161 55.6161 7
      vertex 83.6716 53.6716 7
    endloop
  endfacet
  facet normal 0 0 -1
    outer loop
      vertex 87.7074 56.1765 7
      vertex 89 53.402 7
      vertex 88.7223 53.1741 7
    endloop
  endfacet
  facet normal 0 0 -1
    outer loop
      vertex 87.125 55.4175 7
      vertex 88.7223 53.1741 7
      vertex 88.0307 52.8045 7
    endloop
  endfacet
  facet normal 0 0 -1
    outer loop
      vertex 89 53.402 7
      vertex 87.75 56.5 7
      vertex 89 59 7
    endloop
  endfacet
  facet normal 0 0 -1
    outer loop
      vertex 87.7074 56.8235 7
      vertex 89 59 7
      vertex 87.75 56.5 7
    endloop
  endfacet
  facet normal 0 0 -1
    outer loop
      vertex 87.5825 57.125 7
      vertex 89 59 7
      vertex 87.7074 56.8235 7
    endloop
  endfacet
  facet normal 0 0 -1
    outer loop
      vertex 87.3839 57.3839 7
      vertex 89 59 7
      vertex 87.5825 57.125 7
    endloop
  endfacet
  facet normal 0 0 -1
    outer loop
      vertex 87.125 57.5825 7
      vertex 89 59 7
      vertex 87.3839 57.3839 7
    endloop
  endfacet
  facet normal 0 0 -1
    outer loop
      vertex 86.8235 57.7074 7
      vertex 89 59 7
      vertex 87.125 57.5825 7
    endloop
  endfacet
  facet normal 0 0 -1
    outer loop
      vertex 86.5 57.75 7
      vertex 89 59 7
      vertex 86.8235 57.7074 7
    endloop
  endfacet
  facet normal 0 0 -1
    outer loop
      vertex 83.402 59 7
      vertex 86.5 57.75 7
      vertex 86.1765 57.7074 7
    endloop
  endfacet
  facet normal 0 0 -1
    outer loop
      vertex 83.402 59 7
      vertex 86.1765 57.7074 7
      vertex 85.875 57.5825 7
    endloop
  endfacet
  facet normal -0 0 -1
    outer loop
      vertex 85.6161 55.6161 7
      vertex 83.1741 54.2777 7
      vertex 85.4175 55.875 7
    endloop
  endfacet
  facet normal 0 0 -1
    outer loop
      vertex 82.8045 54.9693 7
      vertex 85.4175 55.875 7
      vertex 83.1741 54.2777 7
    endloop
  endfacet
  facet normal -0 0 -1
    outer loop
      vertex 85.4175 55.875 7
      vertex 82.8045 54.9693 7
      vertex 85.2926 56.1765 7
    endloop
  endfacet
  facet normal 0 0 -1
    outer loop
      vertex 82.5769 55.7196 7
      vertex 85.2926 56.1765 7
      vertex 82.8045 54.9693 7
    endloop
  endfacet
  facet normal 0 0 -1
    outer loop
      vertex 86.5 57.75 7
      vertex 83.402 59 7
      vertex 89 59 7
    endloop
  endfacet
  facet normal 0 0 -1
    outer loop
      vertex 85.6161 57.3839 7
      vertex 83.402 59 7
      vertex 85.875 57.5825 7
    endloop
  endfacet
  facet normal 0 0 -1
    outer loop
      vertex 85.4175 57.125 7
      vertex 83.402 59 7
      vertex 85.6161 57.3839 7
    endloop
  endfacet
  facet normal -0 0 -1
    outer loop
      vertex 85.2926 56.1765 7
      vertex 82.5769 55.7196 7
      vertex 85.25 56.5 7
    endloop
  endfacet
  facet normal 0 0 -1
    outer loop
      vertex 82.5 56.5 7
      vertex 85.25 56.5 7
      vertex 82.5769 55.7196 7
    endloop
  endfacet
  facet normal 0 -0 -1
    outer loop
      vertex 82.5769 57.2804 7
      vertex 85.25 56.5 7
      vertex 82.5 56.5 7
    endloop
  endfacet
  facet normal 0 0 -1
    outer loop
      vertex 85.25 56.5 7
      vertex 82.5769 57.2804 7
      vertex 85.2926 56.8235 7
    endloop
  endfacet
  facet normal 0 0 -1
    outer loop
      vertex 85.4175 57.125 7
      vertex 83.1741 58.7223 7
      vertex 83.402 59 7
    endloop
  endfacet
  facet normal 0 0 -1
    outer loop
      vertex 85.2926 56.8235 7
      vertex 82.8045 58.0307 7
      vertex 85.4175 57.125 7
    endloop
  endfacet
  facet normal 0 -0 -1
    outer loop
      vertex 83.1741 58.7223 7
      vertex 85.4175 57.125 7
      vertex 82.8045 58.0307 7
    endloop
  endfacet
  facet normal 0 -0 -1
    outer loop
      vertex 82.8045 58.0307 7
      vertex 85.2926 56.8235 7
      vertex 82.5769 57.2804 7
    endloop
  endfacet
  facet normal -0 0 1
    outer loop
      vertex 90.4231 55.7196 7
      vertex 90.5 4.5 7
      vertex 90.5 56.5 7
    endloop
  endfacet
  facet normal 0 0 1
    outer loop
      vertex 90.4231 55.7196 7
      vertex 90.4231 5.28036 7
      vertex 90.5 4.5 7
    endloop
  endfacet
  facet normal -0 0 1
    outer loop
      vertex 90.1955 54.9693 7
      vertex 90.4231 5.28036 7
      vertex 90.4231 55.7196 7
    endloop
  endfacet
  facet normal 0 0 1
    outer loop
      vertex 90.1955 54.9693 7
      vertex 90.1955 6.03073 7
      vertex 90.4231 5.28036 7
    endloop
  endfacet
  facet normal -0 0 1
    outer loop
      vertex 89.8259 54.2777 7
      vertex 90.1955 6.03073 7
      vertex 90.1955 54.9693 7
    endloop
  endfacet
  facet normal 0 0 1
    outer loop
      vertex 89.8259 54.2777 7
      vertex 89.8259 6.72228 7
      vertex 90.1955 6.03073 7
    endloop
  endfacet
  facet normal -0 0 1
    outer loop
      vertex 89.3284 53.6716 7
      vertex 89.8259 6.72228 7
      vertex 89.8259 54.2777 7
    endloop
  endfacet
  facet normal 0 0 1
    outer loop
      vertex 89.3284 53.6716 7
      vertex 89.3284 7.32843 7
      vertex 89.8259 6.72228 7
    endloop
  endfacet
  facet normal -0 0 1
    outer loop
      vertex 89 53.402 7
      vertex 89.3284 7.32843 7
      vertex 89.3284 53.6716 7
    endloop
  endfacet
  facet normal 0 0 1
    outer loop
      vertex 89.3284 7.32843 7
      vertex 89 53.402 7
      vertex 89 7.59796 7
    endloop
  endfacet
  facet normal 0 0 1
    outer loop
      vertex 91 61 7
      vertex 90.5 56.5 7
      vertex 91 0 7
    endloop
  endfacet
  facet normal 0 0 1
    outer loop
      vertex 91 61 7
      vertex 90.4231 57.2804 7
      vertex 90.5 56.5 7
    endloop
  endfacet
  facet normal 0 0 1
    outer loop
      vertex 91 61 7
      vertex 90.1955 58.0307 7
      vertex 90.4231 57.2804 7
    endloop
  endfacet
  facet normal 0 0 1
    outer loop
      vertex 91 61 7
      vertex 89.8259 58.7223 7
      vertex 90.1955 58.0307 7
    endloop
  endfacet
  facet normal 0 0 1
    outer loop
      vertex 91 61 7
      vertex 89.3284 59.3284 7
      vertex 89.8259 58.7223 7
    endloop
  endfacet
  facet normal 0 0 1
    outer loop
      vertex 91 61 7
      vertex 88.7223 59.8259 7
      vertex 89.3284 59.3284 7
    endloop
  endfacet
  facet normal 0 0 1
    outer loop
      vertex 91 61 7
      vertex 88.0307 60.1955 7
      vertex 88.7223 59.8259 7
    endloop
  endfacet
  facet normal 0 0 1
    outer loop
      vertex 91 61 7
      vertex 87.2804 60.4231 7
      vertex 88.0307 60.1955 7
    endloop
  endfacet
  facet normal 0 0 1
    outer loop
      vertex 91 61 7
      vertex 86.5 60.5 7
      vertex 87.2804 60.4231 7
    endloop
  endfacet
  facet normal 0 0 1
    outer loop
      vertex 91 61 7
      vertex 85.7196 60.4231 7
      vertex 86.5 60.5 7
    endloop
  endfacet
  facet normal 0 0 1
    outer loop
      vertex 83.6716 59.3284 7
      vertex 7.59796 59 7
      vertex 83.402 59 7
    endloop
  endfacet
  facet normal 0 0 1
    outer loop
      vertex 7.32843 59.3284 7
      vertex 83.6716 59.3284 7
      vertex 84.2777 59.8259 7
    endloop
  endfacet
  facet normal 0 0 1
    outer loop
      vertex 6.72228 59.8259 7
      vertex 84.2777 59.8259 7
      vertex 84.9693 60.1955 7
    endloop
  endfacet
  facet normal 0 0 1
    outer loop
      vertex 6.03073 60.1955 7
      vertex 84.9693 60.1955 7
      vertex 85.7196 60.4231 7
    endloop
  endfacet
  facet normal 0 0 1
    outer loop
      vertex 5.28036 60.4231 7
      vertex 85.7196 60.4231 7
      vertex 91 61 7
    endloop
  endfacet
  facet normal 0 0 1
    outer loop
      vertex 83.6716 59.3284 7
      vertex 7.32843 59.3284 7
      vertex 7.59796 59 7
    endloop
  endfacet
  facet normal 0 0 1
    outer loop
      vertex 84.2777 59.8259 7
      vertex 6.72228 59.8259 7
      vertex 7.32843 59.3284 7
    endloop
  endfacet
  facet normal 0 0 1
    outer loop
      vertex 84.9693 60.1955 7
      vertex 6.03073 60.1955 7
      vertex 6.72228 59.8259 7
    endloop
  endfacet
  facet normal 0 0 1
    outer loop
      vertex 85.7196 60.4231 7
      vertex 5.28036 60.4231 7
      vertex 6.03073 60.1955 7
    endloop
  endfacet
  facet normal 0 0 1
    outer loop
      vertex 91 61 7
      vertex 4.5 60.5 7
      vertex 5.28036 60.4231 7
    endloop
  endfacet
  facet normal 0 0 1
    outer loop
      vertex 0.5 56.5 7
      vertex 0 61 7
      vertex 0.5 4.5 7
    endloop
  endfacet
  facet normal 0 0 1
    outer loop
      vertex 0.576859 57.2804 7
      vertex 0 61 7
      vertex 0.5 56.5 7
    endloop
  endfacet
  facet normal 0 0 1
    outer loop
      vertex 0.804482 58.0307 7
      vertex 0 61 7
      vertex 0.576859 57.2804 7
    endloop
  endfacet
  facet normal 0 0 1
    outer loop
      vertex 1.17412 58.7223 7
      vertex 0 61 7
      vertex 0.804482 58.0307 7
    endloop
  endfacet
  facet normal 0 0 1
    outer loop
      vertex 1.67157 59.3284 7
      vertex 0 61 7
      vertex 1.17412 58.7223 7
    endloop
  endfacet
  facet normal 0 0 1
    outer loop
      vertex 2.27772 59.8259 7
      vertex 0 61 7
      vertex 1.67157 59.3284 7
    endloop
  endfacet
  facet normal 0 0 1
    outer loop
      vertex 2.96927 60.1955 7
      vertex 0 61 7
      vertex 2.27772 59.8259 7
    endloop
  endfacet
  facet normal 0 0 1
    outer loop
      vertex 3.71964 60.4231 7
      vertex 0 61 7
      vertex 2.96927 60.1955 7
    endloop
  endfacet
  facet normal 0 0 1
    outer loop
      vertex 4.5 60.5 7
      vertex 0 61 7
      vertex 3.71964 60.4231 7
    endloop
  endfacet
  facet normal -0 0 1
    outer loop
      vertex 0 61 7
      vertex 4.5 60.5 7
      vertex 91 61 7
    endloop
  endfacet
  facet normal -0 0 1
    outer loop
      vertex 90.5 4.5 7
      vertex 91 0 7
      vertex 90.5 56.5 7
    endloop
  endfacet
  facet normal -0 0 1
    outer loop
      vertex 90.4231 3.71964 7
      vertex 91 0 7
      vertex 90.5 4.5 7
    endloop
  endfacet
  facet normal -0 0 1
    outer loop
      vertex 90.1955 2.96927 7
      vertex 91 0 7
      vertex 90.4231 3.71964 7
    endloop
  endfacet
  facet normal -0 0 1
    outer loop
      vertex 89.8259 2.27772 7
      vertex 91 0 7
      vertex 90.1955 2.96927 7
    endloop
  endfacet
  facet normal -0 0 1
    outer loop
      vertex 89.3284 1.67157 7
      vertex 91 0 7
      vertex 89.8259 2.27772 7
    endloop
  endfacet
  facet normal -0 0 1
    outer loop
      vertex 88.7223 1.17412 7
      vertex 91 0 7
      vertex 89.3284 1.67157 7
    endloop
  endfacet
  facet normal -0 0 1
    outer loop
      vertex 88.0307 0.804482 7
      vertex 91 0 7
      vertex 88.7223 1.17412 7
    endloop
  endfacet
  facet normal -0 0 1
    outer loop
      vertex 87.2804 0.576859 7
      vertex 91 0 7
      vertex 88.0307 0.804482 7
    endloop
  endfacet
  facet normal -0 0 1
    outer loop
      vertex 86.5 0.5 7
      vertex 91 0 7
      vertex 87.2804 0.576859 7
    endloop
  endfacet
  facet normal 0 0 1
    outer loop
      vertex 85.7196 0.576859 7
      vertex 91 0 7
      vertex 86.5 0.5 7
    endloop
  endfacet
  facet normal -0 0 1
    outer loop
      vertex 7.59796 2 7
      vertex 83.6716 1.67157 7
      vertex 83.402 2 7
    endloop
  endfacet
  facet normal 0 0 1
    outer loop
      vertex 7.32843 1.67157 7
      vertex 83.6716 1.67157 7
      vertex 7.59796 2 7
    endloop
  endfacet
  facet normal 0 0 1
    outer loop
      vertex 83.6716 1.67157 7
      vertex 7.32843 1.67157 7
      vertex 84.2777 1.17412 7
    endloop
  endfacet
  facet normal 0 0 1
    outer loop
      vertex 6.72228 1.17412 7
      vertex 84.2777 1.17412 7
      vertex 7.32843 1.67157 7
    endloop
  endfacet
  facet normal 0 0 1
    outer loop
      vertex 84.2777 1.17412 7
      vertex 6.72228 1.17412 7
      vertex 84.9693 0.804482 7
    endloop
  endfacet
  facet normal 0 0 1
    outer loop
      vertex 6.03073 0.804482 7
      vertex 84.9693 0.804482 7
      vertex 6.72228 1.17412 7
    endloop
  endfacet
  facet normal 0 0 1
    outer loop
      vertex 84.9693 0.804482 7
      vertex 6.03073 0.804482 7
      vertex 85.7196 0.576859 7
    endloop
  endfacet
  facet normal 0 0 1
    outer loop
      vertex 5.28036 0.576859 7
      vertex 85.7196 0.576859 7
      vertex 6.03073 0.804482 7
    endloop
  endfacet
  facet normal 0 0 1
    outer loop
      vertex 85.7196 0.576859 7
      vertex 5.28036 0.576859 7
      vertex 91 0 7
    endloop
  endfacet
  facet normal -0 0 1
    outer loop
      vertex 4.5 0.5 7
      vertex 91 0 7
      vertex 5.28036 0.576859 7
    endloop
  endfacet
  facet normal 0 0 1
    outer loop
      vertex 4.5 0.5 7
      vertex 0 0 7
      vertex 91 0 7
    endloop
  endfacet
  facet normal 0 0 1
    outer loop
      vertex 3.71964 0.576859 7
      vertex 0 0 7
      vertex 4.5 0.5 7
    endloop
  endfacet
  facet normal 0 0 1
    outer loop
      vertex 2.96927 0.804482 7
      vertex 0 0 7
      vertex 3.71964 0.576859 7
    endloop
  endfacet
  facet normal 0 0 1
    outer loop
      vertex 2.27772 1.17412 7
      vertex 0 0 7
      vertex 2.96927 0.804482 7
    endloop
  endfacet
  facet normal 0 0 1
    outer loop
      vertex 1.67157 1.67157 7
      vertex 0 0 7
      vertex 2.27772 1.17412 7
    endloop
  endfacet
  facet normal 0 0 1
    outer loop
      vertex 1.17412 2.27772 7
      vertex 0 0 7
      vertex 1.67157 1.67157 7
    endloop
  endfacet
  facet normal 0 0 1
    outer loop
      vertex 0.804482 2.96927 7
      vertex 0 0 7
      vertex 1.17412 2.27772 7
    endloop
  endfacet
  facet normal 0 0 1
    outer loop
      vertex 0.576859 3.71964 7
      vertex 0 0 7
      vertex 0.804482 2.96927 7
    endloop
  endfacet
  facet normal 0 0 1
    outer loop
      vertex 0.5 4.5 7
      vertex 0 0 7
      vertex 0.576859 3.71964 7
    endloop
  endfacet
  facet normal 0 0 1
    outer loop
      vertex 0 0 7
      vertex 0.5 4.5 7
      vertex 0 61 7
    endloop
  endfacet
  facet normal 0 0 1
    outer loop
      vertex 1.67157 53.6716 7
      vertex 2 7.59796 7
      vertex 2 53.402 7
    endloop
  endfacet
  facet normal 0 0 1
    outer loop
      vertex 1.67157 53.6716 7
      vertex 1.67157 7.32843 7
      vertex 2 7.59796 7
    endloop
  endfacet
  facet normal 0 0 1
    outer loop
      vertex 1.17412 54.2777 7
      vertex 1.67157 7.32843 7
      vertex 1.67157 53.6716 7
    endloop
  endfacet
  facet normal 0 0 1
    outer loop
      vertex 1.17412 54.2777 7
      vertex 1.17412 6.72228 7
      vertex 1.67157 7.32843 7
    endloop
  endfacet
  facet normal 0 0 1
    outer loop
      vertex 0.804482 54.9693 7
      vertex 1.17412 6.72228 7
      vertex 1.17412 54.2777 7
    endloop
  endfacet
  facet normal 0 0 1
    outer loop
      vertex 0.804482 54.9693 7
      vertex 0.804482 6.03073 7
      vertex 1.17412 6.72228 7
    endloop
  endfacet
  facet normal 0 0 1
    outer loop
      vertex 0.576859 55.7196 7
      vertex 0.804482 6.03073 7
      vertex 0.804482 54.9693 7
    endloop
  endfacet
  facet normal 0 0 1
    outer loop
      vertex 0.576859 55.7196 7
      vertex 0.576859 5.28036 7
      vertex 0.804482 6.03073 7
    endloop
  endfacet
  facet normal 0 0 1
    outer loop
      vertex 0.5 56.5 7
      vertex 0.576859 5.28036 7
      vertex 0.576859 55.7196 7
    endloop
  endfacet
  facet normal 0 0 1
    outer loop
      vertex 0.576859 5.28036 7
      vertex 0.5 56.5 7
      vertex 0.5 4.5 7
    endloop
  endfacet
  facet normal -0 0 -1
    outer loop
      vertex 5.29289 6.70711 0
      vertex 3.875 5.58253 0
      vertex 5.29289 54.2929 0
    endloop
  endfacet
  facet normal -0 0 -1
    outer loop
      vertex 5.03407 5.74118 0
      vertex 4.82352 5.70741 0
      vertex 5 6 0
    endloop
  endfacet
  facet normal 0 0 -1
    outer loop
      vertex 4.82352 5.70741 0
      vertex 5.03407 5.74118 0
      vertex 5.09457 5.59514 0
    endloop
  endfacet
  facet normal 0 0 -1
    outer loop
      vertex 5.70741 56.1765 0
      vertex 6 56 0
      vertex 5.74118 55.9659 0
    endloop
  endfacet
  facet normal 0 0 -1
    outer loop
      vertex 6 56 0
      vertex 5.70741 56.1765 0
      vertex 5.75 56.5 0
    endloop
  endfacet
  facet normal 0 -0 -1
    outer loop
      vertex 5.70741 56.1765 0
      vertex 5.74118 55.9659 0
      vertex 5.59514 55.9054 0
    endloop
  endfacet
  facet normal 0 0 -1
    outer loop
      vertex 84.134 6.5 0
      vertex 6.86602 6.5 0
      vertex 84.134 54.5 0
    endloop
  endfacet
  facet normal 0 0 -1
    outer loop
      vertex 84.134 54.5 0
      vertex 6.96593 54.7412 0
      vertex 7 55 0
    endloop
  endfacet
  facet normal 0 0 -1
    outer loop
      vertex 6.86602 54.5 0
      vertex 84.134 54.5 0
      vertex 6.86602 6.5 0
    endloop
  endfacet
  facet normal 0 0 -1
    outer loop
      vertex 84.134 54.5 0
      vertex 6.86602 54.5 0
      vertex 6.96593 54.7412 0
    endloop
  endfacet
  facet normal 0 0 -1
    outer loop
      vertex 6.70711 6.70711 0
      vertex 6.86602 54.5 0
      vertex 6.86602 6.5 0
    endloop
  endfacet
  facet normal 0 0 -1
    outer loop
      vertex 6.70711 6.70711 0
      vertex 6.70711 54.2929 0
      vertex 6.86602 54.5 0
    endloop
  endfacet
  facet normal 0 0 -1
    outer loop
      vertex 6.5 6.86602 0
      vertex 6.70711 54.2929 0
      vertex 6.70711 6.70711 0
    endloop
  endfacet
  facet normal 0 0 -1
    outer loop
      vertex 6.5 6.86602 0
      vertex 6.5 54.134 0
      vertex 6.70711 54.2929 0
    endloop
  endfacet
  facet normal 0 0 -1
    outer loop
      vertex 6.25882 6.96593 0
      vertex 6.5 54.134 0
      vertex 6.5 6.86602 0
    endloop
  endfacet
  facet normal 0 0 -1
    outer loop
      vertex 6.25882 6.96593 0
      vertex 6.25882 54.0341 0
      vertex 6.5 54.134 0
    endloop
  endfacet
  facet normal 0 0 -1
    outer loop
      vertex 6 7 0
      vertex 6.25882 54.0341 0
      vertex 6.25882 6.96593 0
    endloop
  endfacet
  facet normal 0 0 -1
    outer loop
      vertex 6 7 0
      vertex 6 54 0
      vertex 6.25882 54.0341 0
    endloop
  endfacet
  facet normal 0 0 -1
    outer loop
      vertex 5.74118 6.96593 0
      vertex 6 54 0
      vertex 6 7 0
    endloop
  endfacet
  facet normal 0 0 -1
    outer loop
      vertex 5.74118 6.96593 0
      vertex 5.74118 54.0341 0
      vertex 6 54 0
    endloop
  endfacet
  facet normal 0 0 -1
    outer loop
      vertex 5.5 6.86602 0
      vertex 5.74118 54.0341 0
      vertex 5.74118 6.96593 0
    endloop
  endfacet
  facet normal 0 0 -1
    outer loop
      vertex 5.5 6.86602 0
      vertex 5.5 54.134 0
      vertex 5.74118 54.0341 0
    endloop
  endfacet
  facet normal 0 0 -1
    outer loop
      vertex 5.29289 6.70711 0
      vertex 5.5 54.134 0
      vertex 5.5 6.86602 0
    endloop
  endfacet
  facet normal 0 0 -1
    outer loop
      vertex 5.29289 6.70711 0
      vertex 5.29289 54.2929 0
      vertex 5.5 54.134 0
    endloop
  endfacet
  facet normal -0 0 -1
    outer loop
      vertex 5.03407 6.25882 0
      vertex 4.17648 5.70741 0
      vertex 5.13397 6.5 0
    endloop
  endfacet
  facet normal 0 0 -1
    outer loop
      vertex 3.875 5.58253 0
      vertex 5.13397 6.5 0
      vertex 4.17648 5.70741 0
    endloop
  endfacet
  facet normal 0 0 -1
    outer loop
      vertex 4.17648 5.70741 0
      vertex 5.03407 6.25882 0
      vertex 4.5 5.75 0
    endloop
  endfacet
  facet normal -0 0 -1
    outer loop
      vertex 5.13397 6.5 0
      vertex 3.875 5.58253 0
      vertex 5.29289 6.70711 0
    endloop
  endfacet
  facet normal 0 0 -1
    outer loop
      vertex 4.5 5.75 0
      vertex 5 6 0
      vertex 4.82352 5.70741 0
    endloop
  endfacet
  facet normal -0 0 -1
    outer loop
      vertex 5 6 0
      vertex 4.5 5.75 0
      vertex 5.03407 6.25882 0
    endloop
  endfacet
  facet normal 0 0 -1
    outer loop
      vertex 85.2588 55.9659 0
      vertex 85.2926 56.1765 0
      vertex 85.4049 55.9054 0
    endloop
  endfacet
  facet normal 0 0 -1
    outer loop
      vertex 85 56 0
      vertex 85.2926 56.1765 0
      vertex 85.2588 55.9659 0
    endloop
  endfacet
  facet normal -0 0 -1
    outer loop
      vertex 85.2926 56.1765 0
      vertex 85 56 0
      vertex 85.25 56.5 0
    endloop
  endfacet
  facet normal 0 0 -1
    outer loop
      vertex 87.125 5.58253 0
      vertex 85.7071 6.70711 0
      vertex 87.125 55.4175 0
    endloop
  endfacet
  facet normal 0 0 -1
    outer loop
      vertex 86.8235 55.2926 0
      vertex 85.9659 54.7412 0
      vertex 86 55 0
    endloop
  endfacet
  facet normal 0 0 -1
    outer loop
      vertex 85.7071 54.2929 0
      vertex 87.125 55.4175 0
      vertex 85.7071 6.70711 0
    endloop
  endfacet
  facet normal 0 0 -1
    outer loop
      vertex 86.8235 55.2926 0
      vertex 85.866 54.5 0
      vertex 85.9659 54.7412 0
    endloop
  endfacet
  facet normal 0 -0 -1
    outer loop
      vertex 85.866 54.5 0
      vertex 87.125 55.4175 0
      vertex 85.7071 54.2929 0
    endloop
  endfacet
  facet normal 0 0 -1
    outer loop
      vertex 87.125 55.4175 0
      vertex 85.866 54.5 0
      vertex 86.8235 55.2926 0
    endloop
  endfacet
  facet normal 0 0 -1
    outer loop
      vertex 85.5 6.86602 0
      vertex 85.7071 54.2929 0
      vertex 85.7071 6.70711 0
    endloop
  endfacet
  facet normal 0 0 -1
    outer loop
      vertex 85.5 6.86602 0
      vertex 85.5 54.134 0
      vertex 85.7071 54.2929 0
    endloop
  endfacet
  facet normal 0 0 -1
    outer loop
      vertex 85.2588 6.96593 0
      vertex 85.5 54.134 0
      vertex 85.5 6.86602 0
    endloop
  endfacet
  facet normal 0 0 -1
    outer loop
      vertex 85.2588 6.96593 0
      vertex 85.2588 54.0341 0
      vertex 85.5 54.134 0
    endloop
  endfacet
  facet normal 0 0 -1
    outer loop
      vertex 85 7 0
      vertex 85.2588 54.0341 0
      vertex 85.2588 6.96593 0
    endloop
  endfacet
  facet normal 0 0 -1
    outer loop
      vertex 85 7 0
      vertex 85 54 0
      vertex 85.2588 54.0341 0
    endloop
  endfacet
  facet normal 0 0 -1
    outer loop
      vertex 84.7412 6.96593 0
      vertex 85 54 0
      vertex 85 7 0
    endloop
  endfacet
  facet normal 0 0 -1
    outer loop
      vertex 84.7412 6.96593 0
      vertex 84.7412 54.0341 0
      vertex 85 54 0
    endloop
  endfacet
  facet normal 0 0 -1
    outer loop
      vertex 84.5 6.86602 0
      vertex 84.7412 54.0341 0
      vertex 84.7412 6.96593 0
    endloop
  endfacet
  facet normal 0 0 -1
    outer loop
      vertex 84.5 6.86602 0
      vertex 84.5 54.134 0
      vertex 84.7412 54.0341 0
    endloop
  endfacet
  facet normal 0 0 -1
    outer loop
      vertex 84.2929 6.70711 0
      vertex 84.5 54.134 0
      vertex 84.5 6.86602 0
    endloop
  endfacet
  facet normal 0 0 -1
    outer loop
      vertex 84.2929 6.70711 0
      vertex 84.2929 54.2929 0
      vertex 84.5 54.134 0
    endloop
  endfacet
  facet normal 0 0 -1
    outer loop
      vertex 84.134 6.5 0
      vertex 84.2929 54.2929 0
      vertex 84.2929 6.70711 0
    endloop
  endfacet
  facet normal 0 0 -1
    outer loop
      vertex 84.134 6.5 0
      vertex 84.134 54.5 0
      vertex 84.2929 54.2929 0
    endloop
  endfacet
  facet normal 0 0 -1
    outer loop
      vertex 6.96593 6.25882 0
      vertex 84.0341 6.25882 0
      vertex 7 6 0
    endloop
  endfacet
  facet normal 0 0 -1
    outer loop
      vertex 84.0341 6.25882 0
      vertex 6.96593 6.25882 0
      vertex 84.134 6.5 0
    endloop
  endfacet
  facet normal 0 0 -1
    outer loop
      vertex 7 6 0
      vertex 84.0341 6.25882 0
      vertex 84 6 0
    endloop
  endfacet
  facet normal 0 0 -1
    outer loop
      vertex 6.86602 6.5 0
      vertex 84.134 6.5 0
      vertex 6.96593 6.25882 0
    endloop
  endfacet
  facet normal 0 0 -1
    outer loop
      vertex 91 0 0
      vertex 87.5825 5.125 0
      vertex 91 61 0
    endloop
  endfacet
  facet normal 0 0 -1
    outer loop
      vertex 91 61 0
      vertex 87.7074 56.1765 0
      vertex 87.75 56.5 0
    endloop
  endfacet
  facet normal 0 0 -1
    outer loop
      vertex 87.5825 55.875 0
      vertex 91 61 0
      vertex 87.5825 5.125 0
    endloop
  endfacet
  facet normal 0 0 -1
    outer loop
      vertex 91 61 0
      vertex 87.5825 55.875 0
      vertex 87.7074 56.1765 0
    endloop
  endfacet
  facet normal 0 0 -1
    outer loop
      vertex 87.3839 5.38388 0
      vertex 87.5825 55.875 0
      vertex 87.5825 5.125 0
    endloop
  endfacet
  facet normal 0 0 -1
    outer loop
      vertex 87.3839 5.38388 0
      vertex 87.3839 55.6161 0
      vertex 87.5825 55.875 0
    endloop
  endfacet
  facet normal 0 0 -1
    outer loop
      vertex 87.125 5.58253 0
      vertex 87.3839 55.6161 0
      vertex 87.3839 5.38388 0
    endloop
  endfacet
  facet normal 0 0 -1
    outer loop
      vertex 87.125 5.58253 0
      vertex 87.125 55.4175 0
      vertex 87.3839 55.6161 0
    endloop
  endfacet
  facet normal 0 0 -1
    outer loop
      vertex 85.866 6.5 0
      vertex 86.8235 5.70741 0
      vertex 85.9659 6.25882 0
    endloop
  endfacet
  facet normal 0 0 -1
    outer loop
      vertex 86.8235 5.70741 0
      vertex 85.866 6.5 0
      vertex 87.125 5.58253 0
    endloop
  endfacet
  facet normal 0 0 -1
    outer loop
      vertex 85.9659 6.25882 0
      vertex 86.5 5.75 0
      vertex 86 6 0
    endloop
  endfacet
  facet normal 0 0 -1
    outer loop
      vertex 86.5 5.75 0
      vertex 85.9659 6.25882 0
      vertex 86.8235 5.70741 0
    endloop
  endfacet
  facet normal 0 0 -1
    outer loop
      vertex 86 6 0
      vertex 86.5 5.75 0
      vertex 86.1765 5.70741 0
    endloop
  endfacet
  facet normal 0 0 -1
    outer loop
      vertex 85.7071 6.70711 0
      vertex 87.125 5.58253 0
      vertex 85.866 6.5 0
    endloop
  endfacet
  facet normal 0 0 -1
    outer loop
      vertex 86.8235 55.2926 0
      vertex 86 55 0
      vertex 86.5 55.25 0
    endloop
  endfacet
  facet normal 0 0 -1
    outer loop
      vertex 86.1765 5.70741 0
      vertex 85.9659 5.74118 0
      vertex 86 6 0
    endloop
  endfacet
  facet normal 0 -0 -1
    outer loop
      vertex 85.9659 5.74118 0
      vertex 86.1765 5.70741 0
      vertex 85.9054 5.59514 0
    endloop
  endfacet
  facet normal 0 0 -1
    outer loop
      vertex 87.7074 4.82352 0
      vertex 91 0 0
      vertex 87.75 4.5 0
    endloop
  endfacet
  facet normal 0 0 -1
    outer loop
      vertex 91 0 0
      vertex 87.7074 4.17648 0
      vertex 87.75 4.5 0
    endloop
  endfacet
  facet normal 0 0 -1
    outer loop
      vertex 91 0 0
      vertex 87.5825 3.875 0
      vertex 87.7074 4.17648 0
    endloop
  endfacet
  facet normal 0 0 -1
    outer loop
      vertex 91 0 0
      vertex 87.3839 3.61612 0
      vertex 87.5825 3.875 0
    endloop
  endfacet
  facet normal 0 0 -1
    outer loop
      vertex 91 0 0
      vertex 87.125 3.41747 0
      vertex 87.3839 3.61612 0
    endloop
  endfacet
  facet normal 0 0 -1
    outer loop
      vertex 91 0 0
      vertex 86.8235 3.29259 0
      vertex 87.125 3.41747 0
    endloop
  endfacet
  facet normal 0 0 -1
    outer loop
      vertex 91 0 0
      vertex 86.5 3.25 0
      vertex 86.8235 3.29259 0
    endloop
  endfacet
  facet normal 0 0 -1
    outer loop
      vertex 91 0 0
      vertex 86.1765 3.29259 0
      vertex 86.5 3.25 0
    endloop
  endfacet
  facet normal 0 0 -1
    outer loop
      vertex 91 0 0
      vertex 85.875 3.41747 0
      vertex 86.1765 3.29259 0
    endloop
  endfacet
  facet normal 0 0 -1
    outer loop
      vertex 84.7412 5.03407 0
      vertex 85.25 4.5 0
      vertex 85.2926 4.17648 0
    endloop
  endfacet
  facet normal 0 0 -1
    outer loop
      vertex 85.25 4.5 0
      vertex 84.7412 5.03407 0
      vertex 85 5 0
    endloop
  endfacet
  facet normal 0 0 -1
    outer loop
      vertex 84.5 5.13397 0
      vertex 85.2926 4.17648 0
      vertex 85.4175 3.875 0
    endloop
  endfacet
  facet normal 0 0 -1
    outer loop
      vertex 85.2926 4.17648 0
      vertex 84.5 5.13397 0
      vertex 84.7412 5.03407 0
    endloop
  endfacet
  facet normal 0 0 -1
    outer loop
      vertex 85.4175 3.875 0
      vertex 84.2929 5.29289 0
      vertex 84.5 5.13397 0
    endloop
  endfacet
  facet normal 0 0 -1
    outer loop
      vertex 85.6161 3.61612 0
      vertex 84.2929 5.29289 0
      vertex 85.4175 3.875 0
    endloop
  endfacet
  facet normal 0 0 -1
    outer loop
      vertex 84.134 54.5 0
      vertex 7 55 0
      vertex 84.0341 54.7412 0
    endloop
  endfacet
  facet normal 0 0 -1
    outer loop
      vertex 84.0341 5.74118 0
      vertex 7 6 0
      vertex 84 6 0
    endloop
  endfacet
  facet normal 0 0 -1
    outer loop
      vertex 6.96593 5.74118 0
      vertex 84.0341 5.74118 0
      vertex 84.134 5.5 0
    endloop
  endfacet
  facet normal 0 0 -1
    outer loop
      vertex 6.86602 5.5 0
      vertex 84.134 5.5 0
      vertex 84.2929 5.29289 0
    endloop
  endfacet
  facet normal 0 0 -1
    outer loop
      vertex 6.70711 5.29289 0
      vertex 84.2929 5.29289 0
      vertex 85.6161 3.61612 0
    endloop
  endfacet
  facet normal 0 0 -1
    outer loop
      vertex 5.38388 3.61612 0
      vertex 85.6161 3.61612 0
      vertex 85.875 3.41747 0
    endloop
  endfacet
  facet normal 0 0 -1
    outer loop
      vertex 5.125 3.41747 0
      vertex 85.875 3.41747 0
      vertex 91 0 0
    endloop
  endfacet
  facet normal 0 0 -1
    outer loop
      vertex 84.0341 5.74118 0
      vertex 6.96593 5.74118 0
      vertex 7 6 0
    endloop
  endfacet
  facet normal 0 0 -1
    outer loop
      vertex 84.134 5.5 0
      vertex 6.86602 5.5 0
      vertex 6.96593 5.74118 0
    endloop
  endfacet
  facet normal 0 0 -1
    outer loop
      vertex 84.2929 5.29289 0
      vertex 6.70711 5.29289 0
      vertex 6.86602 5.5 0
    endloop
  endfacet
  facet normal 0 0 -1
    outer loop
      vertex 85.6161 3.61612 0
      vertex 5.58253 3.875 0
      vertex 6.70711 5.29289 0
    endloop
  endfacet
  facet normal 0 0 -1
    outer loop
      vertex 6.70711 5.29289 0
      vertex 5.58253 3.875 0
      vertex 6.5 5.13397 0
    endloop
  endfacet
  facet normal 0 -0 -1
    outer loop
      vertex 5.70741 4.17648 0
      vertex 6.5 5.13397 0
      vertex 5.58253 3.875 0
    endloop
  endfacet
  facet normal 0 -0 -1
    outer loop
      vertex 5.75 4.5 0
      vertex 6.25882 5.03407 0
      vertex 5.70741 4.17648 0
    endloop
  endfacet
  facet normal 0 0 -1
    outer loop
      vertex 6.25882 5.03407 0
      vertex 5.75 4.5 0
      vertex 6 5 0
    endloop
  endfacet
  facet normal 0 0 -1
    outer loop
      vertex 6.5 5.13397 0
      vertex 5.70741 4.17648 0
      vertex 6.25882 5.03407 0
    endloop
  endfacet
  facet normal 0 0 -1
    outer loop
      vertex 85.6161 3.61612 0
      vertex 5.38388 3.61612 0
      vertex 5.58253 3.875 0
    endloop
  endfacet
  facet normal 0 0 -1
    outer loop
      vertex 85.875 3.41747 0
      vertex 5.125 3.41747 0
      vertex 5.38388 3.61612 0
    endloop
  endfacet
  facet normal 0 0 -1
    outer loop
      vertex 0 0 0
      vertex 5.125 3.41747 0
      vertex 91 0 0
    endloop
  endfacet
  facet normal 0 0 -1
    outer loop
      vertex 5.125 3.41747 0
      vertex 0 0 0
      vertex 4.82352 3.29259 0
    endloop
  endfacet
  facet normal 0 0 -1
    outer loop
      vertex 3.41747 55.875 0
      vertex 0 61 0
      vertex 3.29259 56.1765 0
    endloop
  endfacet
  facet normal -0 0 -1
    outer loop
      vertex 3.29259 4.17648 0
      vertex 0 0 0
      vertex 3.25 4.5 0
    endloop
  endfacet
  facet normal -0 0 -1
    outer loop
      vertex 3.41747 3.875 0
      vertex 0 0 0
      vertex 3.29259 4.17648 0
    endloop
  endfacet
  facet normal -0 0 -1
    outer loop
      vertex 3.61612 3.61612 0
      vertex 0 0 0
      vertex 3.41747 3.875 0
    endloop
  endfacet
  facet normal -0 0 -1
    outer loop
      vertex 3.875 3.41747 0
      vertex 0 0 0
      vertex 3.61612 3.61612 0
    endloop
  endfacet
  facet normal -0 0 -1
    outer loop
      vertex 4.17648 3.29259 0
      vertex 0 0 0
      vertex 3.875 3.41747 0
    endloop
  endfacet
  facet normal -0 0 -1
    outer loop
      vertex 4.5 3.25 0
      vertex 0 0 0
      vertex 4.17648 3.29259 0
    endloop
  endfacet
  facet normal 0 0 -1
    outer loop
      vertex 4.82352 3.29259 0
      vertex 0 0 0
      vertex 4.5 3.25 0
    endloop
  endfacet
  facet normal 0 0 -1
    outer loop
      vertex 87.5825 5.125 0
      vertex 91 0 0
      vertex 87.7074 4.82352 0
    endloop
  endfacet
  facet normal 0 0 -1
    outer loop
      vertex 87.7074 56.8235 0
      vertex 91 61 0
      vertex 87.75 56.5 0
    endloop
  endfacet
  facet normal 0 0 -1
    outer loop
      vertex 87.5825 57.125 0
      vertex 91 61 0
      vertex 87.7074 56.8235 0
    endloop
  endfacet
  facet normal 0 0 -1
    outer loop
      vertex 87.3839 57.3839 0
      vertex 91 61 0
      vertex 87.5825 57.125 0
    endloop
  endfacet
  facet normal 0 0 -1
    outer loop
      vertex 87.125 57.5825 0
      vertex 91 61 0
      vertex 87.3839 57.3839 0
    endloop
  endfacet
  facet normal 0 0 -1
    outer loop
      vertex 86.8235 57.7074 0
      vertex 91 61 0
      vertex 87.125 57.5825 0
    endloop
  endfacet
  facet normal 0 0 -1
    outer loop
      vertex 86.5 57.75 0
      vertex 91 61 0
      vertex 86.8235 57.7074 0
    endloop
  endfacet
  facet normal 0 0 -1
    outer loop
      vertex 86.1765 57.7074 0
      vertex 91 61 0
      vertex 86.5 57.75 0
    endloop
  endfacet
  facet normal 0 0 -1
    outer loop
      vertex 85.875 57.5825 0
      vertex 91 61 0
      vertex 86.1765 57.7074 0
    endloop
  endfacet
  facet normal 0 0 -1
    outer loop
      vertex 84.7412 55.9659 0
      vertex 85.25 56.5 0
      vertex 85 56 0
    endloop
  endfacet
  facet normal -0 0 -1
    outer loop
      vertex 85.25 56.5 0
      vertex 84.7412 55.9659 0
      vertex 85.2926 56.8235 0
    endloop
  endfacet
  facet normal 0 0 -1
    outer loop
      vertex 84.5 55.866 0
      vertex 85.2926 56.8235 0
      vertex 84.7412 55.9659 0
    endloop
  endfacet
  facet normal -0 0 -1
    outer loop
      vertex 85.2926 56.8235 0
      vertex 84.5 55.866 0
      vertex 85.4175 57.125 0
    endloop
  endfacet
  facet normal 0 0 -1
    outer loop
      vertex 84.2929 55.7071 0
      vertex 85.4175 57.125 0
      vertex 84.5 55.866 0
    endloop
  endfacet
  facet normal 0 0 -1
    outer loop
      vertex 84.2929 55.7071 0
      vertex 85.6161 57.3839 0
      vertex 85.4175 57.125 0
    endloop
  endfacet
  facet normal 0 0 -1
    outer loop
      vertex 84.0341 54.7412 0
      vertex 7 55 0
      vertex 84 55 0
    endloop
  endfacet
  facet normal 0 0 -1
    outer loop
      vertex 84 55 0
      vertex 7 55 0
      vertex 84.0341 55.2588 0
    endloop
  endfacet
  facet normal 0 0 -1
    outer loop
      vertex 6.96593 55.2588 0
      vertex 84.0341 55.2588 0
      vertex 7 55 0
    endloop
  endfacet
  facet normal 0 0 -1
    outer loop
      vertex 84.0341 55.2588 0
      vertex 6.96593 55.2588 0
      vertex 84.134 55.5 0
    endloop
  endfacet
  facet normal 0 0 -1
    outer loop
      vertex 6.86602 55.5 0
      vertex 84.134 55.5 0
      vertex 6.96593 55.2588 0
    endloop
  endfacet
  facet normal 0 0 -1
    outer loop
      vertex 84.134 55.5 0
      vertex 6.86602 55.5 0
      vertex 84.2929 55.7071 0
    endloop
  endfacet
  facet normal 0 0 -1
    outer loop
      vertex 6.70711 55.7071 0
      vertex 84.2929 55.7071 0
      vertex 6.86602 55.5 0
    endloop
  endfacet
  facet normal 0 0 -1
    outer loop
      vertex 84.2929 55.7071 0
      vertex 6.70711 55.7071 0
      vertex 85.6161 57.3839 0
    endloop
  endfacet
  facet normal 0 0 -1
    outer loop
      vertex 5.58253 57.125 0
      vertex 85.6161 57.3839 0
      vertex 6.70711 55.7071 0
    endloop
  endfacet
  facet normal 0 0 -1
    outer loop
      vertex 5.38388 57.3839 0
      vertex 85.6161 57.3839 0
      vertex 5.58253 57.125 0
    endloop
  endfacet
  facet normal 0 0 -1
    outer loop
      vertex 5.58253 57.125 0
      vertex 6.70711 55.7071 0
      vertex 6.5 55.866 0
    endloop
  endfacet
  facet normal 0 0 -1
    outer loop
      vertex 5.70741 56.8235 0
      vertex 6.5 55.866 0
      vertex 6.25882 55.9659 0
    endloop
  endfacet
  facet normal 0 0 -1
    outer loop
      vertex 5.75 56.5 0
      vertex 6.25882 55.9659 0
      vertex 6 56 0
    endloop
  endfacet
  facet normal 0 0 -1
    outer loop
      vertex 6.25882 55.9659 0
      vertex 5.75 56.5 0
      vertex 5.70741 56.8235 0
    endloop
  endfacet
  facet normal 0 0 -1
    outer loop
      vertex 6.5 55.866 0
      vertex 5.70741 56.8235 0
      vertex 5.58253 57.125 0
    endloop
  endfacet
  facet normal 0 0 -1
    outer loop
      vertex 85.6161 57.3839 0
      vertex 5.38388 57.3839 0
      vertex 85.875 57.5825 0
    endloop
  endfacet
  facet normal 0 0 -1
    outer loop
      vertex 5.125 57.5825 0
      vertex 85.875 57.5825 0
      vertex 5.38388 57.3839 0
    endloop
  endfacet
  facet normal 0 0 -1
    outer loop
      vertex 85.875 57.5825 0
      vertex 5.125 57.5825 0
      vertex 91 61 0
    endloop
  endfacet
  facet normal 0 0 -1
    outer loop
      vertex 0 61 0
      vertex 5.125 57.5825 0
      vertex 4.82352 57.7074 0
    endloop
  endfacet
  facet normal 0 0 -1
    outer loop
      vertex 0 61 0
      vertex 4.82352 57.7074 0
      vertex 4.5 57.75 0
    endloop
  endfacet
  facet normal 0 0 -1
    outer loop
      vertex 5.125 57.5825 0
      vertex 0 61 0
      vertex 91 61 0
    endloop
  endfacet
  facet normal 0 0 -1
    outer loop
      vertex 4.17648 57.7074 0
      vertex 0 61 0
      vertex 4.5 57.75 0
    endloop
  endfacet
  facet normal 0 0 -1
    outer loop
      vertex 3.875 57.5825 0
      vertex 0 61 0
      vertex 4.17648 57.7074 0
    endloop
  endfacet
  facet normal 0 0 -1
    outer loop
      vertex 3.61612 57.3839 0
      vertex 0 61 0
      vertex 3.875 57.5825 0
    endloop
  endfacet
  facet normal 0 0 -1
    outer loop
      vertex 3.41747 57.125 0
      vertex 0 61 0
      vertex 3.61612 57.3839 0
    endloop
  endfacet
  facet normal 0 0 -1
    outer loop
      vertex 3.29259 56.8235 0
      vertex 0 61 0
      vertex 3.41747 57.125 0
    endloop
  endfacet
  facet normal 0 0 -1
    outer loop
      vertex 3.25 56.5 0
      vertex 0 61 0
      vertex 3.29259 56.8235 0
    endloop
  endfacet
  facet normal 0 0 -1
    outer loop
      vertex 3.29259 56.1765 0
      vertex 0 61 0
      vertex 3.25 56.5 0
    endloop
  endfacet
  facet normal -0 0 -1
    outer loop
      vertex 86.5 55.25 0
      vertex 86 55 0
      vertex 86.1765 55.2926 0
    endloop
  endfacet
  facet normal 0 0 -1
    outer loop
      vertex 85.9659 55.2588 0
      vertex 86.1765 55.2926 0
      vertex 86 55 0
    endloop
  endfacet
  facet normal -0 0 -1
    outer loop
      vertex 86.1765 55.2926 0
      vertex 85.9659 55.2588 0
      vertex 85.9054 55.4049 0
    endloop
  endfacet
  facet normal 0 0 -1
    outer loop
      vertex 85.2926 4.82352 0
      vertex 85.2588 5.03407 0
      vertex 85.4049 5.09457 0
    endloop
  endfacet
  facet normal 0 0 -1
    outer loop
      vertex 85 5 0
      vertex 85.2926 4.82352 0
      vertex 85.25 4.5 0
    endloop
  endfacet
  facet normal 0 0 -1
    outer loop
      vertex 85.2926 4.82352 0
      vertex 85 5 0
      vertex 85.2588 5.03407 0
    endloop
  endfacet
  facet normal 0 0 -1
    outer loop
      vertex 5.70741 4.82352 0
      vertex 6 5 0
      vertex 5.75 4.5 0
    endloop
  endfacet
  facet normal -0 0 -1
    outer loop
      vertex 6 5 0
      vertex 5.70741 4.82352 0
      vertex 5.74118 5.03407 0
    endloop
  endfacet
  facet normal -0 0 -1
    outer loop
      vertex 5.74118 5.03407 0
      vertex 5.70741 4.82352 0
      vertex 5.59514 5.09457 0
    endloop
  endfacet
  facet normal 0 0 -1
    outer loop
      vertex 5.03407 55.2588 0
      vertex 4.82352 55.2926 0
      vertex 5.09457 55.4049 0
    endloop
  endfacet
  facet normal 0 0 -1
    outer loop
      vertex 5 55 0
      vertex 4.82352 55.2926 0
      vertex 5.03407 55.2588 0
    endloop
  endfacet
  facet normal 0 0 -1
    outer loop
      vertex 3.875 55.4175 0
      vertex 5.29289 54.2929 0
      vertex 3.875 5.58253 0
    endloop
  endfacet
  facet normal 0 0 -1
    outer loop
      vertex 5.29289 54.2929 0
      vertex 3.875 55.4175 0
      vertex 5.13397 54.5 0
    endloop
  endfacet
  facet normal 0 0 -1
    outer loop
      vertex 5 55 0
      vertex 4.5 55.25 0
      vertex 4.82352 55.2926 0
    endloop
  endfacet
  facet normal -0 -0 -1
    outer loop
      vertex 4.5 55.25 0
      vertex 5.03407 54.7412 0
      vertex 4.17648 55.2926 0
    endloop
  endfacet
  facet normal 0 0 -1
    outer loop
      vertex 5.03407 54.7412 0
      vertex 4.5 55.25 0
      vertex 5 55 0
    endloop
  endfacet
  facet normal -0 -0 -1
    outer loop
      vertex 4.17648 55.2926 0
      vertex 5.13397 54.5 0
      vertex 3.875 55.4175 0
    endloop
  endfacet
  facet normal 0 0 -1
    outer loop
      vertex 5.13397 54.5 0
      vertex 4.17648 55.2926 0
      vertex 5.03407 54.7412 0
    endloop
  endfacet
  facet normal 0 0 -1
    outer loop
      vertex 3.61612 5.38388 0
      vertex 3.875 55.4175 0
      vertex 3.875 5.58253 0
    endloop
  endfacet
  facet normal 0 0 -1
    outer loop
      vertex 3.61612 5.38388 0
      vertex 3.61612 55.6161 0
      vertex 3.875 55.4175 0
    endloop
  endfacet
  facet normal 0 0 -1
    outer loop
      vertex 3.41747 5.125 0
      vertex 3.61612 55.6161 0
      vertex 3.61612 5.38388 0
    endloop
  endfacet
  facet normal 0 0 -1
    outer loop
      vertex 3.41747 5.125 0
      vertex 3.41747 55.875 0
      vertex 3.61612 55.6161 0
    endloop
  endfacet
  facet normal 0 0 -1
    outer loop
      vertex 0 0 0
      vertex 3.41747 5.125 0
      vertex 3.29259 4.82352 0
    endloop
  endfacet
  facet normal -0 0 -1
    outer loop
      vertex 3.41747 5.125 0
      vertex 0 0 0
      vertex 3.41747 55.875 0
    endloop
  endfacet
  facet normal 0 0 -1
    outer loop
      vertex 0 0 0
      vertex 3.29259 4.82352 0
      vertex 3.25 4.5 0
    endloop
  endfacet
  facet normal 0 0 -1
    outer loop
      vertex 0 61 0
      vertex 3.41747 55.875 0
      vertex 0 0 0
    endloop
  endfacet
  facet normal -1 0 0
    outer loop
      vertex 0 0 0
      vertex 0 61 7
      vertex 0 61 0
    endloop
  endfacet
  facet normal -1 -0 0
    outer loop
      vertex 0 61 7
      vertex 0 0 0
      vertex 0 0 7
    endloop
  endfacet
  facet normal 0 1 -0
    outer loop
      vertex 91 61 0
      vertex 0 61 7
      vertex 91 61 7
    endloop
  endfacet
  facet normal 0 1 0
    outer loop
      vertex 0 61 7
      vertex 91 61 0
      vertex 0 61 0
    endloop
  endfacet
  facet normal 0 -1 0
    outer loop
      vertex 0 0 0
      vertex 91 0 7
      vertex 0 0 7
    endloop
  endfacet
  facet normal 0 -1 -0
    outer loop
      vertex 91 0 7
      vertex 0 0 0
      vertex 91 0 0
    endloop
  endfacet
  facet normal -1 0 0
    outer loop
      vertex 89 55 2
      vertex 89 59 7
      vertex 89 59 2
    endloop
  endfacet
  facet normal -1 0 0
    outer loop
      vertex 89 55 2
      vertex 89 53.402 7
      vertex 89 59 7
    endloop
  endfacet
  facet normal -1 0 0
    outer loop
      vertex 89 55 2
      vertex 89 7.59796 7
      vertex 89 53.402 7
    endloop
  endfacet
  facet normal -1 0 0
    outer loop
      vertex 89 6 2
      vertex 89 7.59796 7
      vertex 89 55 2
    endloop
  endfacet
  facet normal -1 0 0
    outer loop
      vertex 89 2 7
      vertex 89 6 2
      vertex 89 2 2
    endloop
  endfacet
  facet normal -1 0 0
    outer loop
      vertex 89 6 2
      vertex 89 2 7
      vertex 89 7.59796 7
    endloop
  endfacet
  facet normal 0 0 1
    outer loop
      vertex 89 59 2
      vertex 88.9231 55.7804 2
      vertex 89 55 2
    endloop
  endfacet
  facet normal 0 0 1
    outer loop
      vertex 89 59 2
      vertex 88.6955 56.5307 2
      vertex 88.9231 55.7804 2
    endloop
  endfacet
  facet normal 0 0 1
    outer loop
      vertex 89 59 2
      vertex 88.3259 57.2223 2
      vertex 88.6955 56.5307 2
    endloop
  endfacet
  facet normal 0 0 1
    outer loop
      vertex 89 59 2
      vertex 87.8284 57.8284 2
      vertex 88.3259 57.2223 2
    endloop
  endfacet
  facet normal 0 0 1
    outer loop
      vertex 89 59 2
      vertex 87.2223 58.3259 2
      vertex 87.8284 57.8284 2
    endloop
  endfacet
  facet normal 0 0 1
    outer loop
      vertex 89 59 2
      vertex 86.5307 58.6955 2
      vertex 87.2223 58.3259 2
    endloop
  endfacet
  facet normal 0 0 1
    outer loop
      vertex 89 59 2
      vertex 85.7804 58.9231 2
      vertex 86.5307 58.6955 2
    endloop
  endfacet
  facet normal 0 -0 1
    outer loop
      vertex 85.7804 58.9231 2
      vertex 89 59 2
      vertex 85 59 2
    endloop
  endfacet
  facet normal -0 0 1
    outer loop
      vertex 88.9231 5.21964 2
      vertex 89 2 2
      vertex 89 6 2
    endloop
  endfacet
  facet normal -0 0 1
    outer loop
      vertex 88.6955 4.46927 2
      vertex 89 2 2
      vertex 88.9231 5.21964 2
    endloop
  endfacet
  facet normal -0 0 1
    outer loop
      vertex 88.3259 3.77772 2
      vertex 89 2 2
      vertex 88.6955 4.46927 2
    endloop
  endfacet
  facet normal -0 0 1
    outer loop
      vertex 87.8284 3.17157 2
      vertex 89 2 2
      vertex 88.3259 3.77772 2
    endloop
  endfacet
  facet normal -0 0 1
    outer loop
      vertex 87.2223 2.67412 2
      vertex 89 2 2
      vertex 87.8284 3.17157 2
    endloop
  endfacet
  facet normal -0 0 1
    outer loop
      vertex 86.5307 2.30448 2
      vertex 89 2 2
      vertex 87.2223 2.67412 2
    endloop
  endfacet
  facet normal -0 0 1
    outer loop
      vertex 85.7804 2.07686 2
      vertex 89 2 2
      vertex 86.5307 2.30448 2
    endloop
  endfacet
  facet normal 0 0 1
    outer loop
      vertex 89 2 2
      vertex 85.7804 2.07686 2
      vertex 85 2 2
    endloop
  endfacet
  facet normal 0 0 1
    outer loop
      vertex 5.21964 2.07686 2
      vertex 2 2 2
      vertex 6 2 2
    endloop
  endfacet
  facet normal 0 0 1
    outer loop
      vertex 4.46927 2.30448 2
      vertex 2 2 2
      vertex 5.21964 2.07686 2
    endloop
  endfacet
  facet normal 0 0 1
    outer loop
      vertex 3.77772 2.67412 2
      vertex 2 2 2
      vertex 4.46927 2.30448 2
    endloop
  endfacet
  facet normal 0 0 1
    outer loop
      vertex 3.17157 3.17157 2
      vertex 2 2 2
      vertex 3.77772 2.67412 2
    endloop
  endfacet
  facet normal 0 0 1
    outer loop
      vertex 2.67412 3.77772 2
      vertex 2 2 2
      vertex 3.17157 3.17157 2
    endloop
  endfacet
  facet normal 0 0 1
    outer loop
      vertex 2.30448 4.46927 2
      vertex 2 2 2
      vertex 2.67412 3.77772 2
    endloop
  endfacet
  facet normal 0 0 1
    outer loop
      vertex 2.07686 5.21964 2
      vertex 2 2 2
      vertex 2.30448 4.46927 2
    endloop
  endfacet
  facet normal 0 0 1
    outer loop
      vertex 2 2 2
      vertex 2.07686 5.21964 2
      vertex 2 6 2
    endloop
  endfacet
  facet normal -0 0 1
    outer loop
      vertex 2 59 2
      vertex 5.21964 58.9231 2
      vertex 6 59 2
    endloop
  endfacet
  facet normal 0 0 1
    outer loop
      vertex 2 59 2
      vertex 4.46927 58.6955 2
      vertex 5.21964 58.9231 2
    endloop
  endfacet
  facet normal 0 0 1
    outer loop
      vertex 2 59 2
      vertex 3.77772 58.3259 2
      vertex 4.46927 58.6955 2
    endloop
  endfacet
  facet normal 0 0 1
    outer loop
      vertex 2 59 2
      vertex 3.17157 57.8284 2
      vertex 3.77772 58.3259 2
    endloop
  endfacet
  facet normal 0 0 1
    outer loop
      vertex 2 59 2
      vertex 2.67412 57.2223 2
      vertex 3.17157 57.8284 2
    endloop
  endfacet
  facet normal 0 0 1
    outer loop
      vertex 2 59 2
      vertex 2.30448 56.5307 2
      vertex 2.67412 57.2223 2
    endloop
  endfacet
  facet normal 0 0 1
    outer loop
      vertex 2 59 2
      vertex 2.07686 55.7804 2
      vertex 2.30448 56.5307 2
    endloop
  endfacet
  facet normal 0 0 1
    outer loop
      vertex 2.07686 55.7804 2
      vertex 2 59 2
      vertex 2 55 2
    endloop
  endfacet
  facet normal 0 0 1
    outer loop
      vertex 9.32588 52.7777 2
      vertex 81.6741 52.7777 2
      vertex 9.69552 53.4693 2
    endloop
  endfacet
  facet normal 0 0 1
    outer loop
      vertex 81.6741 8.22228 2
      vertex 9.92314 6.78036 2
      vertex 10 6 2
    endloop
  endfacet
  facet normal 0 0 1
    outer loop
      vertex 81.6741 52.7777 2
      vertex 9.32588 52.7777 2
      vertex 81.6741 8.22228 2
    endloop
  endfacet
  facet normal 0 0 1
    outer loop
      vertex 81.6741 8.22228 2
      vertex 9.69552 7.53073 2
      vertex 9.92314 6.78036 2
    endloop
  endfacet
  facet normal 0 0 1
    outer loop
      vertex 9.32588 8.22228 2
      vertex 81.6741 8.22228 2
      vertex 9.32588 52.7777 2
    endloop
  endfacet
  facet normal 0 0 1
    outer loop
      vertex 81.6741 8.22228 2
      vertex 9.32588 8.22228 2
      vertex 9.69552 7.53073 2
    endloop
  endfacet
  facet normal -0 0 1
    outer loop
      vertex 8.82843 52.1716 2
      vertex 9.32588 8.22228 2
      vertex 9.32588 52.7777 2
    endloop
  endfacet
  facet normal 0 0 1
    outer loop
      vertex 8.82843 52.1716 2
      vertex 8.82843 8.82843 2
      vertex 9.32588 8.22228 2
    endloop
  endfacet
  facet normal -0 0 1
    outer loop
      vertex 8.22228 51.6741 2
      vertex 8.82843 8.82843 2
      vertex 8.82843 52.1716 2
    endloop
  endfacet
  facet normal 0 0 1
    outer loop
      vertex 8.22228 51.6741 2
      vertex 8.22228 9.32588 2
      vertex 8.82843 8.82843 2
    endloop
  endfacet
  facet normal -0 0 1
    outer loop
      vertex 7.53073 51.3045 2
      vertex 8.22228 9.32588 2
      vertex 8.22228 51.6741 2
    endloop
  endfacet
  facet normal 0 0 1
    outer loop
      vertex 7.53073 51.3045 2
      vertex 7.53073 9.69552 2
      vertex 8.22228 9.32588 2
    endloop
  endfacet
  facet normal -0 0 1
    outer loop
      vertex 6.78036 51.0769 2
      vertex 7.53073 9.69552 2
      vertex 7.53073 51.3045 2
    endloop
  endfacet
  facet normal 0 0 1
    outer loop
      vertex 6.78036 51.0769 2
      vertex 6.78036 9.92314 2
      vertex 7.53073 9.69552 2
    endloop
  endfacet
  facet normal -0 0 1
    outer loop
      vertex 6 51 2
      vertex 6.78036 9.92314 2
      vertex 6.78036 51.0769 2
    endloop
  endfacet
  facet normal 0 0 1
    outer loop
      vertex 6 51 2
      vertex 6 10 2
      vertex 6.78036 9.92314 2
    endloop
  endfacet
  facet normal 0 0 1
    outer loop
      vertex 5.21964 51.0769 2
      vertex 6 10 2
      vertex 6 51 2
    endloop
  endfacet
  facet normal 0 0 1
    outer loop
      vertex 5.21964 51.0769 2
      vertex 5.21964 9.92314 2
      vertex 6 10 2
    endloop
  endfacet
  facet normal 0 0 1
    outer loop
      vertex 4.46927 51.3045 2
      vertex 5.21964 9.92314 2
      vertex 5.21964 51.0769 2
    endloop
  endfacet
  facet normal 0 0 1
    outer loop
      vertex 4.46927 51.3045 2
      vertex 4.46927 9.69552 2
      vertex 5.21964 9.92314 2
    endloop
  endfacet
  facet normal 0 0 1
    outer loop
      vertex 3.77772 51.6741 2
      vertex 4.46927 9.69552 2
      vertex 4.46927 51.3045 2
    endloop
  endfacet
  facet normal 0 0 1
    outer loop
      vertex 3.77772 51.6741 2
      vertex 3.77772 9.32588 2
      vertex 4.46927 9.69552 2
    endloop
  endfacet
  facet normal 0 0 1
    outer loop
      vertex 3.17157 52.1716 2
      vertex 3.77772 9.32588 2
      vertex 3.77772 51.6741 2
    endloop
  endfacet
  facet normal 0 0 1
    outer loop
      vertex 3.17157 52.1716 2
      vertex 3.17157 8.82843 2
      vertex 3.77772 9.32588 2
    endloop
  endfacet
  facet normal 0 0 1
    outer loop
      vertex 2.67412 52.7777 2
      vertex 3.17157 8.82843 2
      vertex 3.17157 52.1716 2
    endloop
  endfacet
  facet normal 0 0 1
    outer loop
      vertex 2.67412 52.7777 2
      vertex 2.67412 8.22228 2
      vertex 3.17157 8.82843 2
    endloop
  endfacet
  facet normal 0 0 1
    outer loop
      vertex 2.30448 53.4693 2
      vertex 2.67412 8.22228 2
      vertex 2.67412 52.7777 2
    endloop
  endfacet
  facet normal 0 0 1
    outer loop
      vertex 2.30448 53.4693 2
      vertex 2.30448 7.53073 2
      vertex 2.67412 8.22228 2
    endloop
  endfacet
  facet normal 0 0 1
    outer loop
      vertex 2.07686 54.2196 2
      vertex 2.30448 7.53073 2
      vertex 2.30448 53.4693 2
    endloop
  endfacet
  facet normal 0 0 1
    outer loop
      vertex 2.07686 54.2196 2
      vertex 2.07686 6.78036 2
      vertex 2.30448 7.53073 2
    endloop
  endfacet
  facet normal 0 0 1
    outer loop
      vertex 2 55 2
      vertex 2.07686 6.78036 2
      vertex 2.07686 54.2196 2
    endloop
  endfacet
  facet normal 0 0 1
    outer loop
      vertex 2.07686 6.78036 2
      vertex 2 55 2
      vertex 2 6 2
    endloop
  endfacet
  facet normal 0 0 1
    outer loop
      vertex 81.3045 7.53073 2
      vertex 10 6 2
      vertex 81.0769 6.78036 2
    endloop
  endfacet
  facet normal 0 0 1
    outer loop
      vertex 81.0769 55.7804 2
      vertex 10 55 2
      vertex 81 55 2
    endloop
  endfacet
  facet normal 0 0 1
    outer loop
      vertex 9.92314 55.7804 2
      vertex 81.0769 55.7804 2
      vertex 81.3045 56.5307 2
    endloop
  endfacet
  facet normal 0 0 1
    outer loop
      vertex 9.69552 56.5307 2
      vertex 81.3045 56.5307 2
      vertex 81.6741 57.2223 2
    endloop
  endfacet
  facet normal 0 0 1
    outer loop
      vertex 9.32588 57.2223 2
      vertex 81.6741 57.2223 2
      vertex 82.1716 57.8284 2
    endloop
  endfacet
  facet normal 0 0 1
    outer loop
      vertex 8.82843 57.8284 2
      vertex 82.1716 57.8284 2
      vertex 82.7777 58.3259 2
    endloop
  endfacet
  facet normal 0 0 1
    outer loop
      vertex 8.22228 58.3259 2
      vertex 82.7777 58.3259 2
      vertex 83.4693 58.6955 2
    endloop
  endfacet
  facet normal 0 0 1
    outer loop
      vertex 7.53073 58.6955 2
      vertex 83.4693 58.6955 2
      vertex 84.2196 58.9231 2
    endloop
  endfacet
  facet normal 0 0 1
    outer loop
      vertex 6.78036 58.9231 2
      vertex 84.2196 58.9231 2
      vertex 85 59 2
    endloop
  endfacet
  facet normal 0 0 1
    outer loop
      vertex 81.0769 55.7804 2
      vertex 9.92314 55.7804 2
      vertex 10 55 2
    endloop
  endfacet
  facet normal 0 0 1
    outer loop
      vertex 81.3045 56.5307 2
      vertex 9.69552 56.5307 2
      vertex 9.92314 55.7804 2
    endloop
  endfacet
  facet normal 0 0 1
    outer loop
      vertex 81.6741 57.2223 2
      vertex 9.32588 57.2223 2
      vertex 9.69552 56.5307 2
    endloop
  endfacet
  facet normal 0 0 1
    outer loop
      vertex 82.1716 57.8284 2
      vertex 8.82843 57.8284 2
      vertex 9.32588 57.2223 2
    endloop
  endfacet
  facet normal 0 0 1
    outer loop
      vertex 82.7777 58.3259 2
      vertex 8.22228 58.3259 2
      vertex 8.82843 57.8284 2
    endloop
  endfacet
  facet normal 0 0 1
    outer loop
      vertex 83.4693 58.6955 2
      vertex 7.53073 58.6955 2
      vertex 8.22228 58.3259 2
    endloop
  endfacet
  facet normal 0 0 1
    outer loop
      vertex 84.2196 58.9231 2
      vertex 6.78036 58.9231 2
      vertex 7.53073 58.6955 2
    endloop
  endfacet
  facet normal 0 -0 1
    outer loop
      vertex 6.78036 58.9231 2
      vertex 85 59 2
      vertex 6 59 2
    endloop
  endfacet
  facet normal -0 0 1
    outer loop
      vertex 88.9231 54.2196 2
      vertex 89 6 2
      vertex 89 55 2
    endloop
  endfacet
  facet normal 0 0 1
    outer loop
      vertex 88.9231 54.2196 2
      vertex 88.9231 6.78036 2
      vertex 89 6 2
    endloop
  endfacet
  facet normal -0 0 1
    outer loop
      vertex 88.6955 53.4693 2
      vertex 88.9231 6.78036 2
      vertex 88.9231 54.2196 2
    endloop
  endfacet
  facet normal 0 0 1
    outer loop
      vertex 88.6955 53.4693 2
      vertex 88.6955 7.53073 2
      vertex 88.9231 6.78036 2
    endloop
  endfacet
  facet normal -0 0 1
    outer loop
      vertex 88.3259 52.7777 2
      vertex 88.6955 7.53073 2
      vertex 88.6955 53.4693 2
    endloop
  endfacet
  facet normal 0 0 1
    outer loop
      vertex 88.3259 52.7777 2
      vertex 88.3259 8.22228 2
      vertex 88.6955 7.53073 2
    endloop
  endfacet
  facet normal -0 0 1
    outer loop
      vertex 87.8284 52.1716 2
      vertex 88.3259 8.22228 2
      vertex 88.3259 52.7777 2
    endloop
  endfacet
  facet normal 0 0 1
    outer loop
      vertex 87.8284 52.1716 2
      vertex 87.8284 8.82843 2
      vertex 88.3259 8.22228 2
    endloop
  endfacet
  facet normal -0 0 1
    outer loop
      vertex 87.2223 51.6741 2
      vertex 87.8284 8.82843 2
      vertex 87.8284 52.1716 2
    endloop
  endfacet
  facet normal 0 0 1
    outer loop
      vertex 87.2223 51.6741 2
      vertex 87.2223 9.32588 2
      vertex 87.8284 8.82843 2
    endloop
  endfacet
  facet normal -0 0 1
    outer loop
      vertex 86.5307 51.3045 2
      vertex 87.2223 9.32588 2
      vertex 87.2223 51.6741 2
    endloop
  endfacet
  facet normal 0 0 1
    outer loop
      vertex 86.5307 51.3045 2
      vertex 86.5307 9.69552 2
      vertex 87.2223 9.32588 2
    endloop
  endfacet
  facet normal -0 0 1
    outer loop
      vertex 85.7804 51.0769 2
      vertex 86.5307 9.69552 2
      vertex 86.5307 51.3045 2
    endloop
  endfacet
  facet normal 0 0 1
    outer loop
      vertex 85.7804 51.0769 2
      vertex 85.7804 9.92314 2
      vertex 86.5307 9.69552 2
    endloop
  endfacet
  facet normal -0 0 1
    outer loop
      vertex 85 51 2
      vertex 85.7804 9.92314 2
      vertex 85.7804 51.0769 2
    endloop
  endfacet
  facet normal 0 0 1
    outer loop
      vertex 85 51 2
      vertex 85 10 2
      vertex 85.7804 9.92314 2
    endloop
  endfacet
  facet normal 0 0 1
    outer loop
      vertex 84.2196 51.0769 2
      vertex 85 10 2
      vertex 85 51 2
    endloop
  endfacet
  facet normal 0 0 1
    outer loop
      vertex 84.2196 51.0769 2
      vertex 84.2196 9.92314 2
      vertex 85 10 2
    endloop
  endfacet
  facet normal 0 0 1
    outer loop
      vertex 83.4693 51.3045 2
      vertex 84.2196 9.92314 2
      vertex 84.2196 51.0769 2
    endloop
  endfacet
  facet normal 0 0 1
    outer loop
      vertex 83.4693 51.3045 2
      vertex 83.4693 9.69552 2
      vertex 84.2196 9.92314 2
    endloop
  endfacet
  facet normal 0 0 1
    outer loop
      vertex 82.7777 51.6741 2
      vertex 83.4693 9.69552 2
      vertex 83.4693 51.3045 2
    endloop
  endfacet
  facet normal 0 0 1
    outer loop
      vertex 82.7777 51.6741 2
      vertex 82.7777 9.32588 2
      vertex 83.4693 9.69552 2
    endloop
  endfacet
  facet normal 0 0 1
    outer loop
      vertex 82.1716 52.1716 2
      vertex 82.7777 9.32588 2
      vertex 82.7777 51.6741 2
    endloop
  endfacet
  facet normal 0 0 1
    outer loop
      vertex 82.1716 52.1716 2
      vertex 82.1716 8.82843 2
      vertex 82.7777 9.32588 2
    endloop
  endfacet
  facet normal 0 0 1
    outer loop
      vertex 81.6741 52.7777 2
      vertex 82.1716 8.82843 2
      vertex 82.1716 52.1716 2
    endloop
  endfacet
  facet normal 0 0 1
    outer loop
      vertex 81.6741 52.7777 2
      vertex 81.6741 8.22228 2
      vertex 82.1716 8.82843 2
    endloop
  endfacet
  facet normal 0 0 1
    outer loop
      vertex 81.0769 54.2196 2
      vertex 9.92314 54.2196 2
      vertex 81.3045 53.4693 2
    endloop
  endfacet
  facet normal 0 0 1
    outer loop
      vertex 9.69552 53.4693 2
      vertex 81.3045 53.4693 2
      vertex 9.92314 54.2196 2
    endloop
  endfacet
  facet normal 0 0 1
    outer loop
      vertex 9.92314 54.2196 2
      vertex 81.0769 54.2196 2
      vertex 10 55 2
    endloop
  endfacet
  facet normal 0 0 1
    outer loop
      vertex 81.3045 53.4693 2
      vertex 9.69552 53.4693 2
      vertex 81.6741 52.7777 2
    endloop
  endfacet
  facet normal -0 0 1
    outer loop
      vertex 10 55 2
      vertex 81.0769 54.2196 2
      vertex 81 55 2
    endloop
  endfacet
  facet normal 0 0 1
    outer loop
      vertex 81.6741 8.22228 2
      vertex 10 6 2
      vertex 81.3045 7.53073 2
    endloop
  endfacet
  facet normal 0 0 1
    outer loop
      vertex 81.0769 6.78036 2
      vertex 10 6 2
      vertex 81 6 2
    endloop
  endfacet
  facet normal 0 0 1
    outer loop
      vertex 81 6 2
      vertex 10 6 2
      vertex 81.0769 5.21964 2
    endloop
  endfacet
  facet normal 0 0 1
    outer loop
      vertex 9.92314 5.21964 2
      vertex 81.0769 5.21964 2
      vertex 10 6 2
    endloop
  endfacet
  facet normal 0 0 1
    outer loop
      vertex 81.0769 5.21964 2
      vertex 9.92314 5.21964 2
      vertex 81.3045 4.46927 2
    endloop
  endfacet
  facet normal 0 0 1
    outer loop
      vertex 9.69552 4.46927 2
      vertex 81.3045 4.46927 2
      vertex 9.92314 5.21964 2
    endloop
  endfacet
  facet normal 0 0 1
    outer loop
      vertex 81.3045 4.46927 2
      vertex 9.69552 4.46927 2
      vertex 81.6741 3.77772 2
    endloop
  endfacet
  facet normal 0 0 1
    outer loop
      vertex 9.32588 3.77772 2
      vertex 81.6741 3.77772 2
      vertex 9.69552 4.46927 2
    endloop
  endfacet
  facet normal 0 0 1
    outer loop
      vertex 81.6741 3.77772 2
      vertex 9.32588 3.77772 2
      vertex 82.1716 3.17157 2
    endloop
  endfacet
  facet normal 0 0 1
    outer loop
      vertex 8.82843 3.17157 2
      vertex 82.1716 3.17157 2
      vertex 9.32588 3.77772 2
    endloop
  endfacet
  facet normal 0 0 1
    outer loop
      vertex 82.1716 3.17157 2
      vertex 8.82843 3.17157 2
      vertex 82.7777 2.67412 2
    endloop
  endfacet
  facet normal 0 0 1
    outer loop
      vertex 8.22228 2.67412 2
      vertex 82.7777 2.67412 2
      vertex 8.82843 3.17157 2
    endloop
  endfacet
  facet normal 0 0 1
    outer loop
      vertex 82.7777 2.67412 2
      vertex 8.22228 2.67412 2
      vertex 83.4693 2.30448 2
    endloop
  endfacet
  facet normal 0 0 1
    outer loop
      vertex 7.53073 2.30448 2
      vertex 83.4693 2.30448 2
      vertex 8.22228 2.67412 2
    endloop
  endfacet
  facet normal 0 0 1
    outer loop
      vertex 83.4693 2.30448 2
      vertex 7.53073 2.30448 2
      vertex 84.2196 2.07686 2
    endloop
  endfacet
  facet normal 0 0 1
    outer loop
      vertex 6.78036 2.07686 2
      vertex 84.2196 2.07686 2
      vertex 7.53073 2.30448 2
    endloop
  endfacet
  facet normal 0 0 1
    outer loop
      vertex 84.2196 2.07686 2
      vertex 6.78036 2.07686 2
      vertex 85 2 2
    endloop
  endfacet
  facet normal 0 0 1
    outer loop
      vertex 85 2 2
      vertex 6.78036 2.07686 2
      vertex 6 2 2
    endloop
  endfacet
  facet normal 1 0 0
    outer loop
      vertex 2 59 7
      vertex 2 55 2
      vertex 2 59 2
    endloop
  endfacet
  facet normal 1 -0 0
    outer loop
      vertex 2 53.402 7
      vertex 2 55 2
      vertex 2 59 7
    endloop
  endfacet
  facet normal 1 -0 0
    outer loop
      vertex 2 7.59796 7
      vertex 2 55 2
      vertex 2 53.402 7
    endloop
  endfacet
  facet normal 1 0 0
    outer loop
      vertex 2 7.59796 7
      vertex 2 6 2
      vertex 2 55 2
    endloop
  endfacet
  facet normal 1 -0 0
    outer loop
      vertex 2 2 7
      vertex 2 6 2
      vertex 2 7.59796 7
    endloop
  endfacet
  facet normal 1 0 0
    outer loop
      vertex 2 6 2
      vertex 2 2 7
      vertex 2 2 2
    endloop
  endfacet
  facet normal 0 -1 0
    outer loop
      vertex 6 59 2
      vertex 7.59796 59 7
      vertex 2 59 7
    endloop
  endfacet
  facet normal 0 -1 -0
    outer loop
      vertex 7.59796 59 7
      vertex 6 59 2
      vertex 83.402 59 7
    endloop
  endfacet
  facet normal 0 -1 0
    outer loop
      vertex 6 59 2
      vertex 2 59 7
      vertex 2 59 2
    endloop
  endfacet
  facet normal 0 -1 0
    outer loop
      vertex 85 59 2
      vertex 83.402 59 7
      vertex 6 59 2
    endloop
  endfacet
  facet normal 0 -1 0
    outer loop
      vertex 83.402 59 7
      vertex 85 59 2
      vertex 89 59 7
    endloop
  endfacet
  facet normal 0 -1 -0
    outer loop
      vertex 89 59 7
      vertex 85 59 2
      vertex 89 59 2
    endloop
  endfacet
  facet normal 0 1 -0
    outer loop
      vertex 85 2 2
      vertex 83.402 2 7
      vertex 89 2 7
    endloop
  endfacet
  facet normal 0 1 0
    outer loop
      vertex 83.402 2 7
      vertex 85 2 2
      vertex 7.59796 2 7
    endloop
  endfacet
  facet normal 0 1 0
    outer loop
      vertex 85 2 2
      vertex 89 2 7
      vertex 89 2 2
    endloop
  endfacet
  facet normal 0 1 0
    outer loop
      vertex 6 2 2
      vertex 7.59796 2 7
      vertex 85 2 2
    endloop
  endfacet
  facet normal 0 1 0
    outer loop
      vertex 7.59796 2 7
      vertex 6 2 2
      vertex 2 2 7
    endloop
  endfacet
  facet normal 0 1 0
    outer loop
      vertex 2 2 7
      vertex 6 2 2
      vertex 2 2 2
    endloop
  endfacet
  facet normal 0.290282 -0.956941 0
    outer loop
      vertex 6.78036 2.07686 2
      vertex 7.53073 2.30448 5
      vertex 6.78036 2.07686 5
    endloop
  endfacet
  facet normal 0.290282 -0.956941 0
    outer loop
      vertex 7.53073 2.30448 5
      vertex 6.78036 2.07686 2
      vertex 7.53073 2.30448 2
    endloop
  endfacet
  facet normal 0.956941 0.290282 0
    outer loop
      vertex 9.92314 6.78036 5
      vertex 9.69552 7.53073 2
      vertex 9.69552 7.53073 5
    endloop
  endfacet
  facet normal 0.956941 0.290282 0
    outer loop
      vertex 9.69552 7.53073 2
      vertex 9.92314 6.78036 5
      vertex 9.92314 6.78036 2
    endloop
  endfacet
  facet normal 0.995185 0.0980187 0
    outer loop
      vertex 10 6 5
      vertex 9.92314 6.78036 2
      vertex 9.92314 6.78036 5
    endloop
  endfacet
  facet normal 0.995185 0.0980187 0
    outer loop
      vertex 9.92314 6.78036 2
      vertex 10 6 5
      vertex 10 6 2
    endloop
  endfacet
  facet normal 0.881922 0.471396 0
    outer loop
      vertex 9.69552 7.53073 5
      vertex 9.32588 8.22228 2
      vertex 9.32588 8.22228 5
    endloop
  endfacet
  facet normal 0.881922 0.471396 0
    outer loop
      vertex 9.32588 8.22228 2
      vertex 9.69552 7.53073 5
      vertex 9.69552 7.53073 2
    endloop
  endfacet
  facet normal -0.881922 -0.471396 0
    outer loop
      vertex 2.67412 3.77772 2
      vertex 2.30448 4.46927 5
      vertex 2.30448 4.46927 2
    endloop
  endfacet
  facet normal -0.881922 -0.471396 0
    outer loop
      vertex 2.30448 4.46927 5
      vertex 2.67412 3.77772 2
      vertex 2.67412 3.77772 5
    endloop
  endfacet
  facet normal 0.290282 0.956941 -0
    outer loop
      vertex 7.53073 9.69552 2
      vertex 6.78036 9.92314 5
      vertex 7.53073 9.69552 5
    endloop
  endfacet
  facet normal 0.290282 0.956941 0
    outer loop
      vertex 6.78036 9.92314 5
      vertex 7.53073 9.69552 2
      vertex 6.78036 9.92314 2
    endloop
  endfacet
  facet normal -0.0980187 0.995185 0
    outer loop
      vertex 6 10 2
      vertex 5.21964 9.92314 5
      vertex 6 10 5
    endloop
  endfacet
  facet normal -0.0980187 0.995185 0
    outer loop
      vertex 5.21964 9.92314 5
      vertex 6 10 2
      vertex 5.21964 9.92314 2
    endloop
  endfacet
  facet normal -0.471396 -0.881922 0
    outer loop
      vertex 3.77772 2.67412 2
      vertex 4.46927 2.30448 5
      vertex 3.77772 2.67412 5
    endloop
  endfacet
  facet normal -0.471396 -0.881922 -0
    outer loop
      vertex 4.46927 2.30448 5
      vertex 3.77772 2.67412 2
      vertex 4.46927 2.30448 2
    endloop
  endfacet
  facet normal -0.471396 0.881922 0
    outer loop
      vertex 4.46927 9.69552 2
      vertex 3.77772 9.32588 5
      vertex 4.46927 9.69552 5
    endloop
  endfacet
  facet normal -0.471396 0.881922 0
    outer loop
      vertex 3.77772 9.32588 5
      vertex 4.46927 9.69552 2
      vertex 3.77772 9.32588 2
    endloop
  endfacet
  facet normal 0.471396 -0.881922 0
    outer loop
      vertex 7.53073 2.30448 2
      vertex 8.22228 2.67412 5
      vertex 7.53073 2.30448 5
    endloop
  endfacet
  facet normal 0.471396 -0.881922 0
    outer loop
      vertex 8.22228 2.67412 5
      vertex 7.53073 2.30448 2
      vertex 8.22228 2.67412 2
    endloop
  endfacet
  facet normal -0.773013 0.63439 0
    outer loop
      vertex 2.67412 8.22228 2
      vertex 3.17157 8.82843 5
      vertex 3.17157 8.82843 2
    endloop
  endfacet
  facet normal -0.773013 0.63439 0
    outer loop
      vertex 3.17157 8.82843 5
      vertex 2.67412 8.22228 2
      vertex 2.67412 8.22228 5
    endloop
  endfacet
  facet normal 0.773013 0.63439 0
    outer loop
      vertex 9.32588 8.22228 5
      vertex 8.82843 8.82843 2
      vertex 8.82843 8.82843 5
    endloop
  endfacet
  facet normal 0.773013 0.63439 0
    outer loop
      vertex 8.82843 8.82843 2
      vertex 9.32588 8.22228 5
      vertex 9.32588 8.22228 2
    endloop
  endfacet
  facet normal 0.773013 -0.63439 0
    outer loop
      vertex 8.82843 3.17157 5
      vertex 9.32588 3.77772 2
      vertex 9.32588 3.77772 5
    endloop
  endfacet
  facet normal 0.773013 -0.63439 0
    outer loop
      vertex 9.32588 3.77772 2
      vertex 8.82843 3.17157 5
      vertex 8.82843 3.17157 2
    endloop
  endfacet
  facet normal -0.0980187 -0.995185 0
    outer loop
      vertex 5.21964 2.07686 2
      vertex 6 2 5
      vertex 5.21964 2.07686 5
    endloop
  endfacet
  facet normal -0.0980187 -0.995185 -0
    outer loop
      vertex 6 2 5
      vertex 5.21964 2.07686 2
      vertex 6 2 2
    endloop
  endfacet
  facet normal -0.290282 0.956941 0
    outer loop
      vertex 5.21964 9.92314 2
      vertex 4.46927 9.69552 5
      vertex 5.21964 9.92314 5
    endloop
  endfacet
  facet normal -0.290282 0.956941 0
    outer loop
      vertex 4.46927 9.69552 5
      vertex 5.21964 9.92314 2
      vertex 4.46927 9.69552 2
    endloop
  endfacet
  facet normal 0.63439 -0.773013 0
    outer loop
      vertex 8.22228 2.67412 2
      vertex 8.82843 3.17157 5
      vertex 8.22228 2.67412 5
    endloop
  endfacet
  facet normal 0.63439 -0.773013 0
    outer loop
      vertex 8.82843 3.17157 5
      vertex 8.22228 2.67412 2
      vertex 8.82843 3.17157 2
    endloop
  endfacet
  facet normal 0.995185 -0.0980187 0
    outer loop
      vertex 9.92314 5.21964 5
      vertex 10 6 2
      vertex 10 6 5
    endloop
  endfacet
  facet normal 0.995185 -0.0980187 0
    outer loop
      vertex 10 6 2
      vertex 9.92314 5.21964 5
      vertex 9.92314 5.21964 2
    endloop
  endfacet
  facet normal -0.290282 -0.956941 0
    outer loop
      vertex 4.46927 2.30448 2
      vertex 5.21964 2.07686 5
      vertex 4.46927 2.30448 5
    endloop
  endfacet
  facet normal -0.290282 -0.956941 -0
    outer loop
      vertex 5.21964 2.07686 5
      vertex 4.46927 2.30448 2
      vertex 5.21964 2.07686 2
    endloop
  endfacet
  facet normal 0 0 1
    outer loop
      vertex 7 6 5
      vertex 10 6 5
      vertex 9.92314 6.78036 5
    endloop
  endfacet
  facet normal 0 0 1
    outer loop
      vertex 6.96593 6.25882 5
      vertex 9.92314 6.78036 5
      vertex 9.69552 7.53073 5
    endloop
  endfacet
  facet normal 0 0 1
    outer loop
      vertex 10 6 5
      vertex 7 6 5
      vertex 9.92314 5.21964 5
    endloop
  endfacet
  facet normal 0 0 1
    outer loop
      vertex 6.86602 6.5 5
      vertex 9.69552 7.53073 5
      vertex 9.32588 8.22228 5
    endloop
  endfacet
  facet normal -0 0 1
    outer loop
      vertex 6.96593 5.74118 5
      vertex 9.92314 5.21964 5
      vertex 7 6 5
    endloop
  endfacet
  facet normal 0 0 1
    outer loop
      vertex 6.70711 6.70711 5
      vertex 9.32588 8.22228 5
      vertex 8.82843 8.82843 5
    endloop
  endfacet
  facet normal 0 0 1
    outer loop
      vertex 9.92314 5.21964 5
      vertex 6.96593 5.74118 5
      vertex 9.69552 4.46927 5
    endloop
  endfacet
  facet normal 0 0 1
    outer loop
      vertex 6.70711 6.70711 5
      vertex 8.82843 8.82843 5
      vertex 8.22228 9.32588 5
    endloop
  endfacet
  facet normal -0 0 1
    outer loop
      vertex 6.86602 5.5 5
      vertex 9.69552 4.46927 5
      vertex 6.96593 5.74118 5
    endloop
  endfacet
  facet normal 0 0 1
    outer loop
      vertex 6.5 6.86602 5
      vertex 8.22228 9.32588 5
      vertex 7.53073 9.69552 5
    endloop
  endfacet
  facet normal 0 0 1
    outer loop
      vertex 9.69552 4.46927 5
      vertex 6.86602 5.5 5
      vertex 9.32588 3.77772 5
    endloop
  endfacet
  facet normal -0 0 1
    outer loop
      vertex 6.70711 5.29289 5
      vertex 9.32588 3.77772 5
      vertex 6.86602 5.5 5
    endloop
  endfacet
  facet normal 0 0 1
    outer loop
      vertex 9.92314 6.78036 5
      vertex 6.96593 6.25882 5
      vertex 7 6 5
    endloop
  endfacet
  facet normal 0 0 1
    outer loop
      vertex 9.69552 7.53073 5
      vertex 6.86602 6.5 5
      vertex 6.96593 6.25882 5
    endloop
  endfacet
  facet normal 0 0 1
    outer loop
      vertex 6.25882 6.96593 5
      vertex 7.53073 9.69552 5
      vertex 6.78036 9.92314 5
    endloop
  endfacet
  facet normal 0 0 1
    outer loop
      vertex 9.32588 8.22228 5
      vertex 6.70711 6.70711 5
      vertex 6.86602 6.5 5
    endloop
  endfacet
  facet normal 0 0 1
    outer loop
      vertex 8.22228 9.32588 5
      vertex 6.5 6.86602 5
      vertex 6.70711 6.70711 5
    endloop
  endfacet
  facet normal 0 0 1
    outer loop
      vertex 7.53073 9.69552 5
      vertex 6.25882 6.96593 5
      vertex 6.5 6.86602 5
    endloop
  endfacet
  facet normal 0 0 1
    outer loop
      vertex 6 7 5
      vertex 6.78036 9.92314 5
      vertex 6 10 5
    endloop
  endfacet
  facet normal 0 0 1
    outer loop
      vertex 6.78036 9.92314 5
      vertex 6 7 5
      vertex 6.25882 6.96593 5
    endloop
  endfacet
  facet normal -0 0 1
    outer loop
      vertex 5.21964 9.92314 5
      vertex 6 7 5
      vertex 6 10 5
    endloop
  endfacet
  facet normal 0 0 1
    outer loop
      vertex 6 7 5
      vertex 5.21964 9.92314 5
      vertex 5.74118 6.96593 5
    endloop
  endfacet
  facet normal -0 0 1
    outer loop
      vertex 4.46927 9.69552 5
      vertex 5.74118 6.96593 5
      vertex 5.21964 9.92314 5
    endloop
  endfacet
  facet normal 0 0 1
    outer loop
      vertex 5.74118 6.96593 5
      vertex 4.46927 9.69552 5
      vertex 5.5 6.86602 5
    endloop
  endfacet
  facet normal -0 0 1
    outer loop
      vertex 3.77772 9.32588 5
      vertex 5.5 6.86602 5
      vertex 4.46927 9.69552 5
    endloop
  endfacet
  facet normal 0 0 1
    outer loop
      vertex 5.5 6.86602 5
      vertex 3.77772 9.32588 5
      vertex 5.29289 6.70711 5
    endloop
  endfacet
  facet normal -0 0 1
    outer loop
      vertex 3.17157 8.82843 5
      vertex 5.29289 6.70711 5
      vertex 3.77772 9.32588 5
    endloop
  endfacet
  facet normal -0 0 1
    outer loop
      vertex 2.67412 8.22228 5
      vertex 5.29289 6.70711 5
      vertex 3.17157 8.82843 5
    endloop
  endfacet
  facet normal 0 0 1
    outer loop
      vertex 5.29289 6.70711 5
      vertex 2.67412 8.22228 5
      vertex 5.13397 6.5 5
    endloop
  endfacet
  facet normal -0 0 1
    outer loop
      vertex 2.30448 7.53073 5
      vertex 5.13397 6.5 5
      vertex 2.67412 8.22228 5
    endloop
  endfacet
  facet normal 0 0 1
    outer loop
      vertex 5 6 5
      vertex 4.5 5.75 5
      vertex 4.82352 5.70741 5
    endloop
  endfacet
  facet normal 0 0 1
    outer loop
      vertex 5.13397 6.5 5
      vertex 4.17648 5.70741 5
      vertex 5.03407 6.25882 5
    endloop
  endfacet
  facet normal 0 -0 1
    outer loop
      vertex 4.5 5.75 5
      vertex 5.03407 6.25882 5
      vertex 4.17648 5.70741 5
    endloop
  endfacet
  facet normal 0 0 1
    outer loop
      vertex 5.03407 6.25882 5
      vertex 4.5 5.75 5
      vertex 5 6 5
    endloop
  endfacet
  facet normal 0 0 1
    outer loop
      vertex 5.13397 6.5 5
      vertex 2.30448 7.53073 5
      vertex 4.17648 5.70741 5
    endloop
  endfacet
  facet normal 0 0 1
    outer loop
      vertex 4.17648 5.70741 5
      vertex 2.30448 7.53073 5
      vertex 3.875 5.58253 5
    endloop
  endfacet
  facet normal -0 0 1
    outer loop
      vertex 2.07686 6.78036 5
      vertex 3.875 5.58253 5
      vertex 2.30448 7.53073 5
    endloop
  endfacet
  facet normal 0 0 1
    outer loop
      vertex 3.875 5.58253 5
      vertex 2.07686 6.78036 5
      vertex 3.61612 5.38388 5
    endloop
  endfacet
  facet normal 0 0 1
    outer loop
      vertex 9.32588 3.77772 5
      vertex 6.70711 5.29289 5
      vertex 8.82843 3.17157 5
    endloop
  endfacet
  facet normal 0 0 1
    outer loop
      vertex 8.82843 3.17157 5
      vertex 6.70711 5.29289 5
      vertex 8.22228 2.67412 5
    endloop
  endfacet
  facet normal -0 0 1
    outer loop
      vertex 6.5 5.13397 5
      vertex 8.22228 2.67412 5
      vertex 6.70711 5.29289 5
    endloop
  endfacet
  facet normal 0 0 1
    outer loop
      vertex 8.22228 2.67412 5
      vertex 6.5 5.13397 5
      vertex 7.53073 2.30448 5
    endloop
  endfacet
  facet normal -0 0 1
    outer loop
      vertex 5.70741 4.17648 5
      vertex 7.53073 2.30448 5
      vertex 6.5 5.13397 5
    endloop
  endfacet
  facet normal 0 0 1
    outer loop
      vertex 5.70741 4.17648 5
      vertex 6.5 5.13397 5
      vertex 6.25882 5.03407 5
    endloop
  endfacet
  facet normal 0 0 1
    outer loop
      vertex 5.75 4.5 5
      vertex 6.25882 5.03407 5
      vertex 6 5 5
    endloop
  endfacet
  facet normal -0 0 1
    outer loop
      vertex 5.58253 3.875 5
      vertex 7.53073 2.30448 5
      vertex 5.70741 4.17648 5
    endloop
  endfacet
  facet normal 0 0 1
    outer loop
      vertex 6.25882 5.03407 5
      vertex 5.75 4.5 5
      vertex 5.70741 4.17648 5
    endloop
  endfacet
  facet normal 0 0 1
    outer loop
      vertex 5.70741 4.82352 5
      vertex 6 5 5
      vertex 5.74118 5.03407 5
    endloop
  endfacet
  facet normal 0 0 1
    outer loop
      vertex 6 5 5
      vertex 5.70741 4.82352 5
      vertex 5.75 4.5 5
    endloop
  endfacet
  facet normal 0 -0 1
    outer loop
      vertex 5.70741 4.82352 5
      vertex 5.74118 5.03407 5
      vertex 5.59514 5.09457 5
    endloop
  endfacet
  facet normal 0 0 1
    outer loop
      vertex 7.53073 2.30448 5
      vertex 5.58253 3.875 5
      vertex 6.78036 2.07686 5
    endloop
  endfacet
  facet normal -0 0 1
    outer loop
      vertex 5.38388 3.61612 5
      vertex 6.78036 2.07686 5
      vertex 5.58253 3.875 5
    endloop
  endfacet
  facet normal 0 0 1
    outer loop
      vertex 6.78036 2.07686 5
      vertex 5.38388 3.61612 5
      vertex 6 2 5
    endloop
  endfacet
  facet normal -0 0 1
    outer loop
      vertex 5.125 3.41747 5
      vertex 6 2 5
      vertex 5.38388 3.61612 5
    endloop
  endfacet
  facet normal 0 0 1
    outer loop
      vertex 6 2 5
      vertex 5.125 3.41747 5
      vertex 5.21964 2.07686 5
    endloop
  endfacet
  facet normal -0 0 1
    outer loop
      vertex 4.82352 3.29259 5
      vertex 5.21964 2.07686 5
      vertex 5.125 3.41747 5
    endloop
  endfacet
  facet normal 0 0 1
    outer loop
      vertex 4.46927 2.30448 5
      vertex 4.82352 3.29259 5
      vertex 4.5 3.25 5
    endloop
  endfacet
  facet normal 0 0 1
    outer loop
      vertex 4.82352 3.29259 5
      vertex 4.46927 2.30448 5
      vertex 5.21964 2.07686 5
    endloop
  endfacet
  facet normal 0 0 1
    outer loop
      vertex 3.77772 2.67412 5
      vertex 4.5 3.25 5
      vertex 4.17648 3.29259 5
    endloop
  endfacet
  facet normal 0 0 1
    outer loop
      vertex 3.77772 2.67412 5
      vertex 4.17648 3.29259 5
      vertex 3.875 3.41747 5
    endloop
  endfacet
  facet normal 0 0 1
    outer loop
      vertex 4.5 3.25 5
      vertex 3.77772 2.67412 5
      vertex 4.46927 2.30448 5
    endloop
  endfacet
  facet normal 0 0 1
    outer loop
      vertex 3.17157 3.17157 5
      vertex 3.875 3.41747 5
      vertex 3.61612 3.61612 5
    endloop
  endfacet
  facet normal 0 0 1
    outer loop
      vertex 3.17157 3.17157 5
      vertex 3.61612 3.61612 5
      vertex 3.41747 3.875 5
    endloop
  endfacet
  facet normal 0 0 1
    outer loop
      vertex 2.67412 3.77772 5
      vertex 3.41747 3.875 5
      vertex 3.29259 4.17648 5
    endloop
  endfacet
  facet normal 0 0 1
    outer loop
      vertex 3.875 3.41747 5
      vertex 3.17157 3.17157 5
      vertex 3.77772 2.67412 5
    endloop
  endfacet
  facet normal 0 0 1
    outer loop
      vertex 2.67412 3.77772 5
      vertex 3.29259 4.17648 5
      vertex 3.25 4.5 5
    endloop
  endfacet
  facet normal -0 0 1
    outer loop
      vertex 2 6 5
      vertex 3.61612 5.38388 5
      vertex 2.07686 6.78036 5
    endloop
  endfacet
  facet normal 0 0 1
    outer loop
      vertex 3.61612 5.38388 5
      vertex 2 6 5
      vertex 3.41747 5.125 5
    endloop
  endfacet
  facet normal 0 0 1
    outer loop
      vertex 3.41747 3.875 5
      vertex 2.67412 3.77772 5
      vertex 3.17157 3.17157 5
    endloop
  endfacet
  facet normal -0 -0 1
    outer loop
      vertex 2.07686 5.21964 5
      vertex 3.41747 5.125 5
      vertex 2 6 5
    endloop
  endfacet
  facet normal 0 0 1
    outer loop
      vertex 3.25 4.5 5
      vertex 2.30448 4.46927 5
      vertex 2.67412 3.77772 5
    endloop
  endfacet
  facet normal 0 0 1
    outer loop
      vertex 3.41747 5.125 5
      vertex 2.07686 5.21964 5
      vertex 3.29259 4.82352 5
    endloop
  endfacet
  facet normal 0 0 1
    outer loop
      vertex 3.29259 4.82352 5
      vertex 2.30448 4.46927 5
      vertex 3.25 4.5 5
    endloop
  endfacet
  facet normal 0 -0 1
    outer loop
      vertex 2.30448 4.46927 5
      vertex 3.29259 4.82352 5
      vertex 2.07686 5.21964 5
    endloop
  endfacet
  facet normal 0 0 1
    outer loop
      vertex 5.03407 5.74118 5
      vertex 4.82352 5.70741 5
      vertex 5.09457 5.59514 5
    endloop
  endfacet
  facet normal 0 0 1
    outer loop
      vertex 4.82352 5.70741 5
      vertex 5.03407 5.74118 5
      vertex 5 6 5
    endloop
  endfacet
  facet normal 0.956941 -0.290282 0
    outer loop
      vertex 9.69552 4.46927 5
      vertex 9.92314 5.21964 2
      vertex 9.92314 5.21964 5
    endloop
  endfacet
  facet normal 0.956941 -0.290282 0
    outer loop
      vertex 9.92314 5.21964 2
      vertex 9.69552 4.46927 5
      vertex 9.69552 4.46927 2
    endloop
  endfacet
  facet normal -0.956941 -0.290282 0
    outer loop
      vertex 2.30448 4.46927 2
      vertex 2.07686 5.21964 5
      vertex 2.07686 5.21964 2
    endloop
  endfacet
  facet normal -0.956941 -0.290282 0
    outer loop
      vertex 2.07686 5.21964 5
      vertex 2.30448 4.46927 2
      vertex 2.30448 4.46927 5
    endloop
  endfacet
  facet normal 0.881922 -0.471396 0
    outer loop
      vertex 9.32588 3.77772 5
      vertex 9.69552 4.46927 2
      vertex 9.69552 4.46927 5
    endloop
  endfacet
  facet normal 0.881922 -0.471396 0
    outer loop
      vertex 9.69552 4.46927 2
      vertex 9.32588 3.77772 5
      vertex 9.32588 3.77772 2
    endloop
  endfacet
  facet normal -0.995185 0.0980187 0
    outer loop
      vertex 2 6 2
      vertex 2.07686 6.78036 5
      vertex 2.07686 6.78036 2
    endloop
  endfacet
  facet normal -0.995185 0.0980187 0
    outer loop
      vertex 2.07686 6.78036 5
      vertex 2 6 2
      vertex 2 6 5
    endloop
  endfacet
  facet normal 0.0980187 0.995185 -0
    outer loop
      vertex 6.78036 9.92314 2
      vertex 6 10 5
      vertex 6.78036 9.92314 5
    endloop
  endfacet
  facet normal 0.0980187 0.995185 0
    outer loop
      vertex 6 10 5
      vertex 6.78036 9.92314 2
      vertex 6 10 2
    endloop
  endfacet
  facet normal -0.63439 0.773013 0
    outer loop
      vertex 3.77772 9.32588 2
      vertex 3.17157 8.82843 5
      vertex 3.77772 9.32588 5
    endloop
  endfacet
  facet normal -0.63439 0.773013 0
    outer loop
      vertex 3.17157 8.82843 5
      vertex 3.77772 9.32588 2
      vertex 3.17157 8.82843 2
    endloop
  endfacet
  facet normal 0.63439 0.773013 -0
    outer loop
      vertex 8.82843 8.82843 2
      vertex 8.22228 9.32588 5
      vertex 8.82843 8.82843 5
    endloop
  endfacet
  facet normal 0.63439 0.773013 0
    outer loop
      vertex 8.22228 9.32588 5
      vertex 8.82843 8.82843 2
      vertex 8.22228 9.32588 2
    endloop
  endfacet
  facet normal 0.0980187 -0.995185 0
    outer loop
      vertex 6 2 2
      vertex 6.78036 2.07686 5
      vertex 6 2 5
    endloop
  endfacet
  facet normal 0.0980187 -0.995185 0
    outer loop
      vertex 6.78036 2.07686 5
      vertex 6 2 2
      vertex 6.78036 2.07686 2
    endloop
  endfacet
  facet normal 0.471396 0.881922 -0
    outer loop
      vertex 8.22228 9.32588 2
      vertex 7.53073 9.69552 5
      vertex 8.22228 9.32588 5
    endloop
  endfacet
  facet normal 0.471396 0.881922 0
    outer loop
      vertex 7.53073 9.69552 5
      vertex 8.22228 9.32588 2
      vertex 7.53073 9.69552 2
    endloop
  endfacet
  facet normal -0.773013 -0.63439 0
    outer loop
      vertex 3.17157 3.17157 2
      vertex 2.67412 3.77772 5
      vertex 2.67412 3.77772 2
    endloop
  endfacet
  facet normal -0.773013 -0.63439 0
    outer loop
      vertex 2.67412 3.77772 5
      vertex 3.17157 3.17157 2
      vertex 3.17157 3.17157 5
    endloop
  endfacet
  facet normal -0.63439 -0.773013 0
    outer loop
      vertex 3.17157 3.17157 2
      vertex 3.77772 2.67412 5
      vertex 3.17157 3.17157 5
    endloop
  endfacet
  facet normal -0.63439 -0.773013 -0
    outer loop
      vertex 3.77772 2.67412 5
      vertex 3.17157 3.17157 2
      vertex 3.77772 2.67412 2
    endloop
  endfacet
  facet normal -0.956941 0.290282 0
    outer loop
      vertex 2.07686 6.78036 2
      vertex 2.30448 7.53073 5
      vertex 2.30448 7.53073 2
    endloop
  endfacet
  facet normal -0.956941 0.290282 0
    outer loop
      vertex 2.30448 7.53073 5
      vertex 2.07686 6.78036 2
      vertex 2.07686 6.78036 5
    endloop
  endfacet
  facet normal -0.881922 0.471396 0
    outer loop
      vertex 2.30448 7.53073 2
      vertex 2.67412 8.22228 5
      vertex 2.67412 8.22228 2
    endloop
  endfacet
  facet normal -0.881922 0.471396 0
    outer loop
      vertex 2.67412 8.22228 5
      vertex 2.30448 7.53073 2
      vertex 2.30448 7.53073 5
    endloop
  endfacet
  facet normal -0.995185 -0.0980187 0
    outer loop
      vertex 2.07686 5.21964 2
      vertex 2 6 5
      vertex 2 6 2
    endloop
  endfacet
  facet normal -0.995185 -0.0980187 0
    outer loop
      vertex 2 6 5
      vertex 2.07686 5.21964 2
      vertex 2.07686 5.21964 5
    endloop
  endfacet
  facet normal 0.290307 -0.956934 0
    outer loop
      vertex 85.7804 2.07686 2
      vertex 86.5307 2.30448 5
      vertex 85.7804 2.07686 5
    endloop
  endfacet
  facet normal 0.290307 -0.956934 0
    outer loop
      vertex 86.5307 2.30448 5
      vertex 85.7804 2.07686 2
      vertex 86.5307 2.30448 2
    endloop
  endfacet
  facet normal 0.956948 0.290259 0
    outer loop
      vertex 88.9231 6.78036 5
      vertex 88.6955 7.53073 2
      vertex 88.6955 7.53073 5
    endloop
  endfacet
  facet normal 0.956948 0.290259 0
    outer loop
      vertex 88.6955 7.53073 2
      vertex 88.9231 6.78036 5
      vertex 88.9231 6.78036 2
    endloop
  endfacet
  facet normal 0.99518 0.0980692 0
    outer loop
      vertex 89 6 5
      vertex 88.9231 6.78036 2
      vertex 88.9231 6.78036 5
    endloop
  endfacet
  facet normal 0.99518 0.0980692 0
    outer loop
      vertex 88.9231 6.78036 2
      vertex 89 6 5
      vertex 89 6 2
    endloop
  endfacet
  facet normal 0.881943 0.471356 0
    outer loop
      vertex 88.6955 7.53073 5
      vertex 88.3259 8.22228 2
      vertex 88.3259 8.22228 5
    endloop
  endfacet
  facet normal 0.881943 0.471356 0
    outer loop
      vertex 88.3259 8.22228 2
      vertex 88.6955 7.53073 5
      vertex 88.6955 7.53073 2
    endloop
  endfacet
  facet normal -0.881943 -0.471356 0
    outer loop
      vertex 81.6741 3.77772 2
      vertex 81.3045 4.46927 5
      vertex 81.3045 4.46927 2
    endloop
  endfacet
  facet normal -0.881943 -0.471356 0
    outer loop
      vertex 81.3045 4.46927 5
      vertex 81.6741 3.77772 2
      vertex 81.6741 3.77772 5
    endloop
  endfacet
  facet normal 0.290307 0.956934 -0
    outer loop
      vertex 86.5307 9.69552 2
      vertex 85.7804 9.92314 5
      vertex 86.5307 9.69552 5
    endloop
  endfacet
  facet normal 0.290307 0.956934 0
    outer loop
      vertex 85.7804 9.92314 5
      vertex 86.5307 9.69552 2
      vertex 85.7804 9.92314 2
    endloop
  endfacet
  facet normal -0.0980137 0.995185 0
    outer loop
      vertex 85 10 2
      vertex 84.2196 9.92314 5
      vertex 85 10 5
    endloop
  endfacet
  facet normal -0.0980137 0.995185 0
    outer loop
      vertex 84.2196 9.92314 5
      vertex 85 10 2
      vertex 84.2196 9.92314 2
    endloop
  endfacet
  facet normal -0.471369 -0.881936 0
    outer loop
      vertex 82.7777 2.67412 2
      vertex 83.4693 2.30448 5
      vertex 82.7777 2.67412 5
    endloop
  endfacet
  facet normal -0.471369 -0.881936 -0
    outer loop
      vertex 83.4693 2.30448 5
      vertex 82.7777 2.67412 2
      vertex 83.4693 2.30448 2
    endloop
  endfacet
  facet normal -0.471369 0.881936 0
    outer loop
      vertex 83.4693 9.69552 2
      vertex 82.7777 9.32588 5
      vertex 83.4693 9.69552 5
    endloop
  endfacet
  facet normal -0.471369 0.881936 0
    outer loop
      vertex 82.7777 9.32588 5
      vertex 83.4693 9.69552 2
      vertex 82.7777 9.32588 2
    endloop
  endfacet
  facet normal 0.471369 -0.881936 0
    outer loop
      vertex 86.5307 2.30448 2
      vertex 87.2223 2.67412 5
      vertex 86.5307 2.30448 5
    endloop
  endfacet
  facet normal 0.471369 -0.881936 0
    outer loop
      vertex 87.2223 2.67412 5
      vertex 86.5307 2.30448 2
      vertex 87.2223 2.67412 2
    endloop
  endfacet
  facet normal -0.772982 0.634428 0
    outer loop
      vertex 81.6741 8.22228 2
      vertex 82.1716 8.82843 5
      vertex 82.1716 8.82843 2
    endloop
  endfacet
  facet normal -0.772982 0.634428 0
    outer loop
      vertex 82.1716 8.82843 5
      vertex 81.6741 8.22228 2
      vertex 81.6741 8.22228 5
    endloop
  endfacet
  facet normal 0.772982 0.634428 0
    outer loop
      vertex 88.3259 8.22228 5
      vertex 87.8284 8.82843 2
      vertex 87.8284 8.82843 5
    endloop
  endfacet
  facet normal 0.772982 0.634428 0
    outer loop
      vertex 87.8284 8.82843 2
      vertex 88.3259 8.22228 5
      vertex 88.3259 8.22228 2
    endloop
  endfacet
  facet normal 0.772982 -0.634428 0
    outer loop
      vertex 87.8284 3.17157 5
      vertex 88.3259 3.77772 2
      vertex 88.3259 3.77772 5
    endloop
  endfacet
  facet normal 0.772982 -0.634428 0
    outer loop
      vertex 88.3259 3.77772 2
      vertex 87.8284 3.17157 5
      vertex 87.8284 3.17157 2
    endloop
  endfacet
  facet normal -0.0980137 -0.995185 0
    outer loop
      vertex 84.2196 2.07686 2
      vertex 85 2 5
      vertex 84.2196 2.07686 5
    endloop
  endfacet
  facet normal -0.0980137 -0.995185 -0
    outer loop
      vertex 85 2 5
      vertex 84.2196 2.07686 2
      vertex 85 2 2
    endloop
  endfacet
  facet normal -0.290307 0.956934 0
    outer loop
      vertex 84.2196 9.92314 2
      vertex 83.4693 9.69552 5
      vertex 84.2196 9.92314 5
    endloop
  endfacet
  facet normal -0.290307 0.956934 0
    outer loop
      vertex 83.4693 9.69552 5
      vertex 84.2196 9.92314 2
      vertex 83.4693 9.69552 2
    endloop
  endfacet
  facet normal 0.634421 -0.772988 0
    outer loop
      vertex 87.2223 2.67412 2
      vertex 87.8284 3.17157 5
      vertex 87.2223 2.67412 5
    endloop
  endfacet
  facet normal 0.634421 -0.772988 0
    outer loop
      vertex 87.8284 3.17157 5
      vertex 87.2223 2.67412 2
      vertex 87.8284 3.17157 2
    endloop
  endfacet
  facet normal 0.99518 -0.0980692 0
    outer loop
      vertex 88.9231 5.21964 5
      vertex 89 6 2
      vertex 89 6 5
    endloop
  endfacet
  facet normal 0.99518 -0.0980692 0
    outer loop
      vertex 89 6 2
      vertex 88.9231 5.21964 5
      vertex 88.9231 5.21964 2
    endloop
  endfacet
  facet normal -0.290307 -0.956934 0
    outer loop
      vertex 83.4693 2.30448 2
      vertex 84.2196 2.07686 5
      vertex 83.4693 2.30448 5
    endloop
  endfacet
  facet normal -0.290307 -0.956934 -0
    outer loop
      vertex 84.2196 2.07686 5
      vertex 83.4693 2.30448 2
      vertex 84.2196 2.07686 2
    endloop
  endfacet
  facet normal -0 0 1
    outer loop
      vertex 85.2588 5.03407 5
      vertex 85.2926 4.82352 5
      vertex 85.4049 5.09457 5
    endloop
  endfacet
  facet normal -0 0 1
    outer loop
      vertex 85 5 5
      vertex 85.2926 4.82352 5
      vertex 85.2588 5.03407 5
    endloop
  endfacet
  facet normal 0 0 1
    outer loop
      vertex 85.2926 4.82352 5
      vertex 85 5 5
      vertex 85.25 4.5 5
    endloop
  endfacet
  facet normal 0 0 1
    outer loop
      vertex 87.3839 5.38388 5
      vertex 89 6 5
      vertex 88.9231 6.78036 5
    endloop
  endfacet
  facet normal 0 0 1
    outer loop
      vertex 87.125 5.58253 5
      vertex 88.9231 6.78036 5
      vertex 88.6955 7.53073 5
    endloop
  endfacet
  facet normal 0 -0 1
    outer loop
      vertex 87.5825 5.125 5
      vertex 89 6 5
      vertex 87.3839 5.38388 5
    endloop
  endfacet
  facet normal 0 0 1
    outer loop
      vertex 85.866 6.5 5
      vertex 88.6955 7.53073 5
      vertex 88.3259 8.22228 5
    endloop
  endfacet
  facet normal 0 -0 1
    outer loop
      vertex 87.7074 4.82352 5
      vertex 88.9231 5.21964 5
      vertex 87.5825 5.125 5
    endloop
  endfacet
  facet normal 0 0 1
    outer loop
      vertex 85.7071 6.70711 5
      vertex 88.3259 8.22228 5
      vertex 87.8284 8.82843 5
    endloop
  endfacet
  facet normal -0 -0 1
    outer loop
      vertex 87.75 4.5 5
      vertex 88.6955 4.46927 5
      vertex 87.7074 4.82352 5
    endloop
  endfacet
  facet normal -0 0 1
    outer loop
      vertex 87.7074 4.17648 5
      vertex 88.3259 3.77772 5
      vertex 87.75 4.5 5
    endloop
  endfacet
  facet normal 0 0 1
    outer loop
      vertex 88.6955 4.46927 5
      vertex 87.75 4.5 5
      vertex 88.3259 3.77772 5
    endloop
  endfacet
  facet normal 0 0 1
    outer loop
      vertex 88.9231 5.21964 5
      vertex 87.7074 4.82352 5
      vertex 88.6955 4.46927 5
    endloop
  endfacet
  facet normal 0 0 1
    outer loop
      vertex 89 6 5
      vertex 87.5825 5.125 5
      vertex 88.9231 5.21964 5
    endloop
  endfacet
  facet normal 0 0 1
    outer loop
      vertex 85.7071 6.70711 5
      vertex 87.8284 8.82843 5
      vertex 87.2223 9.32588 5
    endloop
  endfacet
  facet normal 0 0 1
    outer loop
      vertex 88.9231 6.78036 5
      vertex 87.125 5.58253 5
      vertex 87.3839 5.38388 5
    endloop
  endfacet
  facet normal 0 0 1
    outer loop
      vertex 88.6955 7.53073 5
      vertex 86.8235 5.70741 5
      vertex 87.125 5.58253 5
    endloop
  endfacet
  facet normal 0 0 1
    outer loop
      vertex 85.5 6.86602 5
      vertex 87.2223 9.32588 5
      vertex 86.5307 9.69552 5
    endloop
  endfacet
  facet normal 0 0 1
    outer loop
      vertex 88.6955 7.53073 5
      vertex 85.866 6.5 5
      vertex 86.8235 5.70741 5
    endloop
  endfacet
  facet normal -0 -0 1
    outer loop
      vertex 85.9659 6.25882 5
      vertex 86.8235 5.70741 5
      vertex 85.866 6.5 5
    endloop
  endfacet
  facet normal -0 -0 1
    outer loop
      vertex 86 6 5
      vertex 86.5 5.75 5
      vertex 85.9659 6.25882 5
    endloop
  endfacet
  facet normal 0 0 1
    outer loop
      vertex 86.5 5.75 5
      vertex 86 6 5
      vertex 86.1765 5.70741 5
    endloop
  endfacet
  facet normal 0 0 1
    outer loop
      vertex 86.8235 5.70741 5
      vertex 85.9659 6.25882 5
      vertex 86.5 5.75 5
    endloop
  endfacet
  facet normal 0 0 1
    outer loop
      vertex 85.2588 6.96593 5
      vertex 86.5307 9.69552 5
      vertex 85.7804 9.92314 5
    endloop
  endfacet
  facet normal 0 0 1
    outer loop
      vertex 88.3259 8.22228 5
      vertex 85.7071 6.70711 5
      vertex 85.866 6.5 5
    endloop
  endfacet
  facet normal 0 0 1
    outer loop
      vertex 87.2223 9.32588 5
      vertex 85.5 6.86602 5
      vertex 85.7071 6.70711 5
    endloop
  endfacet
  facet normal 0 0 1
    outer loop
      vertex 86.5307 9.69552 5
      vertex 85.2588 6.96593 5
      vertex 85.5 6.86602 5
    endloop
  endfacet
  facet normal 0 0 1
    outer loop
      vertex 85 7 5
      vertex 85.7804 9.92314 5
      vertex 85 10 5
    endloop
  endfacet
  facet normal 0 0 1
    outer loop
      vertex 85.7804 9.92314 5
      vertex 85 7 5
      vertex 85.2588 6.96593 5
    endloop
  endfacet
  facet normal -0 0 1
    outer loop
      vertex 84.2196 9.92314 5
      vertex 85 7 5
      vertex 85 10 5
    endloop
  endfacet
  facet normal 0 0 1
    outer loop
      vertex 85 7 5
      vertex 84.2196 9.92314 5
      vertex 84.7412 6.96593 5
    endloop
  endfacet
  facet normal -0 0 1
    outer loop
      vertex 83.4693 9.69552 5
      vertex 84.7412 6.96593 5
      vertex 84.2196 9.92314 5
    endloop
  endfacet
  facet normal 0 0 1
    outer loop
      vertex 84.7412 6.96593 5
      vertex 83.4693 9.69552 5
      vertex 84.5 6.86602 5
    endloop
  endfacet
  facet normal -0 0 1
    outer loop
      vertex 82.7777 9.32588 5
      vertex 84.5 6.86602 5
      vertex 83.4693 9.69552 5
    endloop
  endfacet
  facet normal 0 0 1
    outer loop
      vertex 84.5 6.86602 5
      vertex 82.7777 9.32588 5
      vertex 84.2929 6.70711 5
    endloop
  endfacet
  facet normal -0 0 1
    outer loop
      vertex 82.1716 8.82843 5
      vertex 84.2929 6.70711 5
      vertex 82.7777 9.32588 5
    endloop
  endfacet
  facet normal -0 0 1
    outer loop
      vertex 81.6741 8.22228 5
      vertex 84.2929 6.70711 5
      vertex 82.1716 8.82843 5
    endloop
  endfacet
  facet normal -0 0 1
    outer loop
      vertex 87.5825 3.875 5
      vertex 88.3259 3.77772 5
      vertex 87.7074 4.17648 5
    endloop
  endfacet
  facet normal 0 0 1
    outer loop
      vertex 88.3259 3.77772 5
      vertex 87.5825 3.875 5
      vertex 87.8284 3.17157 5
    endloop
  endfacet
  facet normal -0 0 1
    outer loop
      vertex 87.3839 3.61612 5
      vertex 87.8284 3.17157 5
      vertex 87.5825 3.875 5
    endloop
  endfacet
  facet normal -0 0 1
    outer loop
      vertex 87.125 3.41747 5
      vertex 87.8284 3.17157 5
      vertex 87.3839 3.61612 5
    endloop
  endfacet
  facet normal 0 0 1
    outer loop
      vertex 87.8284 3.17157 5
      vertex 87.125 3.41747 5
      vertex 87.2223 2.67412 5
    endloop
  endfacet
  facet normal -0 0 1
    outer loop
      vertex 86.8235 3.29259 5
      vertex 87.2223 2.67412 5
      vertex 87.125 3.41747 5
    endloop
  endfacet
  facet normal -0 0 1
    outer loop
      vertex 86.5 3.25 5
      vertex 87.2223 2.67412 5
      vertex 86.8235 3.29259 5
    endloop
  endfacet
  facet normal 0 0 1
    outer loop
      vertex 87.2223 2.67412 5
      vertex 86.5 3.25 5
      vertex 86.5307 2.30448 5
    endloop
  endfacet
  facet normal 0 0 1
    outer loop
      vertex 86.1765 3.29259 5
      vertex 86.5307 2.30448 5
      vertex 86.5 3.25 5
    endloop
  endfacet
  facet normal 0 0 1
    outer loop
      vertex 85.7804 2.07686 5
      vertex 86.1765 3.29259 5
      vertex 85.875 3.41747 5
    endloop
  endfacet
  facet normal 0 0 1
    outer loop
      vertex 86.1765 3.29259 5
      vertex 85.7804 2.07686 5
      vertex 86.5307 2.30448 5
    endloop
  endfacet
  facet normal 0 0 1
    outer loop
      vertex 85 2 5
      vertex 85.875 3.41747 5
      vertex 85.6161 3.61612 5
    endloop
  endfacet
  facet normal 0 0 1
    outer loop
      vertex 84.2196 2.07686 5
      vertex 85.6161 3.61612 5
      vertex 85.4175 3.875 5
    endloop
  endfacet
  facet normal 0 0 1
    outer loop
      vertex 83.4693 2.30448 5
      vertex 85.4175 3.875 5
      vertex 85.2926 4.17648 5
    endloop
  endfacet
  facet normal 0 0 1
    outer loop
      vertex 84.7412 5.03407 5
      vertex 85.25 4.5 5
      vertex 85 5 5
    endloop
  endfacet
  facet normal 0 0 1
    outer loop
      vertex 85.25 4.5 5
      vertex 84.7412 5.03407 5
      vertex 85.2926 4.17648 5
    endloop
  endfacet
  facet normal 0 0 1
    outer loop
      vertex 85.875 3.41747 5
      vertex 85 2 5
      vertex 85.7804 2.07686 5
    endloop
  endfacet
  facet normal 0 0 1
    outer loop
      vertex 84.5 5.13397 5
      vertex 85.2926 4.17648 5
      vertex 84.7412 5.03407 5
    endloop
  endfacet
  facet normal 0 0 1
    outer loop
      vertex 85.2926 4.17648 5
      vertex 84.5 5.13397 5
      vertex 83.4693 2.30448 5
    endloop
  endfacet
  facet normal 0 0 1
    outer loop
      vertex 82.7777 2.67412 5
      vertex 84.5 5.13397 5
      vertex 84.2929 5.29289 5
    endloop
  endfacet
  facet normal 0 0 1
    outer loop
      vertex 85.6161 3.61612 5
      vertex 84.2196 2.07686 5
      vertex 85 2 5
    endloop
  endfacet
  facet normal 0 0 1
    outer loop
      vertex 81.6741 3.77772 5
      vertex 84.2929 5.29289 5
      vertex 84.134 5.5 5
    endloop
  endfacet
  facet normal 0 0 1
    outer loop
      vertex 81.3045 4.46927 5
      vertex 84.134 5.5 5
      vertex 84.0341 5.74118 5
    endloop
  endfacet
  facet normal 0 0 1
    outer loop
      vertex 81.0769 5.21964 5
      vertex 84.0341 5.74118 5
      vertex 84 6 5
    endloop
  endfacet
  facet normal 0 0 1
    outer loop
      vertex 84.2929 6.70711 5
      vertex 81.6741 8.22228 5
      vertex 84.134 6.5 5
    endloop
  endfacet
  facet normal 0 0 1
    outer loop
      vertex 85.4175 3.875 5
      vertex 83.4693 2.30448 5
      vertex 84.2196 2.07686 5
    endloop
  endfacet
  facet normal -0 0 1
    outer loop
      vertex 81.3045 7.53073 5
      vertex 84.134 6.5 5
      vertex 81.6741 8.22228 5
    endloop
  endfacet
  facet normal 0 0 1
    outer loop
      vertex 84.5 5.13397 5
      vertex 82.7777 2.67412 5
      vertex 83.4693 2.30448 5
    endloop
  endfacet
  facet normal 0 0 1
    outer loop
      vertex 84.134 6.5 5
      vertex 81.3045 7.53073 5
      vertex 84.0341 6.25882 5
    endloop
  endfacet
  facet normal 0 0 1
    outer loop
      vertex 84.2929 5.29289 5
      vertex 82.1716 3.17157 5
      vertex 82.7777 2.67412 5
    endloop
  endfacet
  facet normal -0 0 1
    outer loop
      vertex 81.0769 6.78036 5
      vertex 84.0341 6.25882 5
      vertex 81.3045 7.53073 5
    endloop
  endfacet
  facet normal 0 0 1
    outer loop
      vertex 84.2929 5.29289 5
      vertex 81.6741 3.77772 5
      vertex 82.1716 3.17157 5
    endloop
  endfacet
  facet normal 0 0 1
    outer loop
      vertex 84.0341 6.25882 5
      vertex 81.0769 6.78036 5
      vertex 84 6 5
    endloop
  endfacet
  facet normal 0 0 1
    outer loop
      vertex 84.134 5.5 5
      vertex 81.3045 4.46927 5
      vertex 81.6741 3.77772 5
    endloop
  endfacet
  facet normal 0 0 1
    outer loop
      vertex 81 6 5
      vertex 84 6 5
      vertex 81.0769 6.78036 5
    endloop
  endfacet
  facet normal 0 0 1
    outer loop
      vertex 84.0341 5.74118 5
      vertex 81.0769 5.21964 5
      vertex 81.3045 4.46927 5
    endloop
  endfacet
  facet normal 0 0 1
    outer loop
      vertex 84 6 5
      vertex 81 6 5
      vertex 81.0769 5.21964 5
    endloop
  endfacet
  facet normal -0 0 1
    outer loop
      vertex 85.9659 5.74118 5
      vertex 86.1765 5.70741 5
      vertex 86 6 5
    endloop
  endfacet
  facet normal 0 0 1
    outer loop
      vertex 86.1765 5.70741 5
      vertex 85.9659 5.74118 5
      vertex 85.9054 5.59514 5
    endloop
  endfacet
  facet normal 0.956948 -0.290259 0
    outer loop
      vertex 88.6955 4.46927 5
      vertex 88.9231 5.21964 2
      vertex 88.9231 5.21964 5
    endloop
  endfacet
  facet normal 0.956948 -0.290259 0
    outer loop
      vertex 88.9231 5.21964 2
      vertex 88.6955 4.46927 5
      vertex 88.6955 4.46927 2
    endloop
  endfacet
  facet normal -0.956948 -0.290259 0
    outer loop
      vertex 81.3045 4.46927 2
      vertex 81.0769 5.21964 5
      vertex 81.0769 5.21964 2
    endloop
  endfacet
  facet normal -0.956948 -0.290259 0
    outer loop
      vertex 81.0769 5.21964 5
      vertex 81.3045 4.46927 2
      vertex 81.3045 4.46927 5
    endloop
  endfacet
  facet normal 0.881943 -0.471356 0
    outer loop
      vertex 88.3259 3.77772 5
      vertex 88.6955 4.46927 2
      vertex 88.6955 4.46927 5
    endloop
  endfacet
  facet normal 0.881943 -0.471356 0
    outer loop
      vertex 88.6955 4.46927 2
      vertex 88.3259 3.77772 5
      vertex 88.3259 3.77772 2
    endloop
  endfacet
  facet normal -0.99518 0.0980692 0
    outer loop
      vertex 81 6 2
      vertex 81.0769 6.78036 5
      vertex 81.0769 6.78036 2
    endloop
  endfacet
  facet normal -0.99518 0.0980692 0
    outer loop
      vertex 81.0769 6.78036 5
      vertex 81 6 2
      vertex 81 6 5
    endloop
  endfacet
  facet normal 0.0980137 0.995185 -0
    outer loop
      vertex 85.7804 9.92314 2
      vertex 85 10 5
      vertex 85.7804 9.92314 5
    endloop
  endfacet
  facet normal 0.0980137 0.995185 0
    outer loop
      vertex 85 10 5
      vertex 85.7804 9.92314 2
      vertex 85 10 2
    endloop
  endfacet
  facet normal -0.634421 0.772988 0
    outer loop
      vertex 82.7777 9.32588 2
      vertex 82.1716 8.82843 5
      vertex 82.7777 9.32588 5
    endloop
  endfacet
  facet normal -0.634421 0.772988 0
    outer loop
      vertex 82.1716 8.82843 5
      vertex 82.7777 9.32588 2
      vertex 82.1716 8.82843 2
    endloop
  endfacet
  facet normal 0.634421 0.772988 -0
    outer loop
      vertex 87.8284 8.82843 2
      vertex 87.2223 9.32588 5
      vertex 87.8284 8.82843 5
    endloop
  endfacet
  facet normal 0.634421 0.772988 0
    outer loop
      vertex 87.2223 9.32588 5
      vertex 87.8284 8.82843 2
      vertex 87.2223 9.32588 2
    endloop
  endfacet
  facet normal 0.0980137 -0.995185 0
    outer loop
      vertex 85 2 2
      vertex 85.7804 2.07686 5
      vertex 85 2 5
    endloop
  endfacet
  facet normal 0.0980137 -0.995185 0
    outer loop
      vertex 85.7804 2.07686 5
      vertex 85 2 2
      vertex 85.7804 2.07686 2
    endloop
  endfacet
  facet normal 0.471369 0.881936 -0
    outer loop
      vertex 87.2223 9.32588 2
      vertex 86.5307 9.69552 5
      vertex 87.2223 9.32588 5
    endloop
  endfacet
  facet normal 0.471369 0.881936 0
    outer loop
      vertex 86.5307 9.69552 5
      vertex 87.2223 9.32588 2
      vertex 86.5307 9.69552 2
    endloop
  endfacet
  facet normal -0.772982 -0.634428 0
    outer loop
      vertex 82.1716 3.17157 2
      vertex 81.6741 3.77772 5
      vertex 81.6741 3.77772 2
    endloop
  endfacet
  facet normal -0.772982 -0.634428 0
    outer loop
      vertex 81.6741 3.77772 5
      vertex 82.1716 3.17157 2
      vertex 82.1716 3.17157 5
    endloop
  endfacet
  facet normal -0.634421 -0.772988 0
    outer loop
      vertex 82.1716 3.17157 2
      vertex 82.7777 2.67412 5
      vertex 82.1716 3.17157 5
    endloop
  endfacet
  facet normal -0.634421 -0.772988 -0
    outer loop
      vertex 82.7777 2.67412 5
      vertex 82.1716 3.17157 2
      vertex 82.7777 2.67412 2
    endloop
  endfacet
  facet normal -0.956948 0.290259 0
    outer loop
      vertex 81.0769 6.78036 2
      vertex 81.3045 7.53073 5
      vertex 81.3045 7.53073 2
    endloop
  endfacet
  facet normal -0.956948 0.290259 0
    outer loop
      vertex 81.3045 7.53073 5
      vertex 81.0769 6.78036 2
      vertex 81.0769 6.78036 5
    endloop
  endfacet
  facet normal -0.881943 0.471356 0
    outer loop
      vertex 81.3045 7.53073 2
      vertex 81.6741 8.22228 5
      vertex 81.6741 8.22228 2
    endloop
  endfacet
  facet normal -0.881943 0.471356 0
    outer loop
      vertex 81.6741 8.22228 5
      vertex 81.3045 7.53073 2
      vertex 81.3045 7.53073 5
    endloop
  endfacet
  facet normal -0.99518 -0.0980692 0
    outer loop
      vertex 81.0769 5.21964 2
      vertex 81 6 5
      vertex 81 6 2
    endloop
  endfacet
  facet normal -0.99518 -0.0980692 0
    outer loop
      vertex 81 6 5
      vertex 81.0769 5.21964 2
      vertex 81.0769 5.21964 5
    endloop
  endfacet
  facet normal 0.290259 -0.956948 0
    outer loop
      vertex 6.78036 51.0769 2
      vertex 7.53073 51.3045 5
      vertex 6.78036 51.0769 5
    endloop
  endfacet
  facet normal 0.290259 -0.956948 0
    outer loop
      vertex 7.53073 51.3045 5
      vertex 6.78036 51.0769 2
      vertex 7.53073 51.3045 2
    endloop
  endfacet
  facet normal 0.956934 0.290307 0
    outer loop
      vertex 9.92314 55.7804 5
      vertex 9.69552 56.5307 2
      vertex 9.69552 56.5307 5
    endloop
  endfacet
  facet normal 0.956934 0.290307 0
    outer loop
      vertex 9.69552 56.5307 2
      vertex 9.92314 55.7804 5
      vertex 9.92314 55.7804 2
    endloop
  endfacet
  facet normal 0.995185 0.0980137 0
    outer loop
      vertex 10 55 5
      vertex 9.92314 55.7804 2
      vertex 9.92314 55.7804 5
    endloop
  endfacet
  facet normal 0.995185 0.0980137 0
    outer loop
      vertex 9.92314 55.7804 2
      vertex 10 55 5
      vertex 10 55 2
    endloop
  endfacet
  facet normal 0.881936 0.471369 0
    outer loop
      vertex 9.69552 56.5307 5
      vertex 9.32588 57.2223 2
      vertex 9.32588 57.2223 5
    endloop
  endfacet
  facet normal 0.881936 0.471369 0
    outer loop
      vertex 9.32588 57.2223 2
      vertex 9.69552 56.5307 5
      vertex 9.69552 56.5307 2
    endloop
  endfacet
  facet normal -0.881936 -0.471369 0
    outer loop
      vertex 2.67412 52.7777 2
      vertex 2.30448 53.4693 5
      vertex 2.30448 53.4693 2
    endloop
  endfacet
  facet normal -0.881936 -0.471369 0
    outer loop
      vertex 2.30448 53.4693 5
      vertex 2.67412 52.7777 2
      vertex 2.67412 52.7777 5
    endloop
  endfacet
  facet normal 0.290259 0.956948 -0
    outer loop
      vertex 7.53073 58.6955 2
      vertex 6.78036 58.9231 5
      vertex 7.53073 58.6955 5
    endloop
  endfacet
  facet normal 0.290259 0.956948 0
    outer loop
      vertex 6.78036 58.9231 5
      vertex 7.53073 58.6955 2
      vertex 6.78036 58.9231 2
    endloop
  endfacet
  facet normal -0.0980692 0.99518 0
    outer loop
      vertex 6 59 2
      vertex 5.21964 58.9231 5
      vertex 6 59 5
    endloop
  endfacet
  facet normal -0.0980692 0.99518 0
    outer loop
      vertex 5.21964 58.9231 5
      vertex 6 59 2
      vertex 5.21964 58.9231 2
    endloop
  endfacet
  facet normal -0.471356 -0.881943 0
    outer loop
      vertex 3.77772 51.6741 2
      vertex 4.46927 51.3045 5
      vertex 3.77772 51.6741 5
    endloop
  endfacet
  facet normal -0.471356 -0.881943 -0
    outer loop
      vertex 4.46927 51.3045 5
      vertex 3.77772 51.6741 2
      vertex 4.46927 51.3045 2
    endloop
  endfacet
  facet normal -0.471356 0.881943 0
    outer loop
      vertex 4.46927 58.6955 2
      vertex 3.77772 58.3259 5
      vertex 4.46927 58.6955 5
    endloop
  endfacet
  facet normal -0.471356 0.881943 0
    outer loop
      vertex 3.77772 58.3259 5
      vertex 4.46927 58.6955 2
      vertex 3.77772 58.3259 2
    endloop
  endfacet
  facet normal 0.471356 -0.881943 0
    outer loop
      vertex 7.53073 51.3045 2
      vertex 8.22228 51.6741 5
      vertex 7.53073 51.3045 5
    endloop
  endfacet
  facet normal 0.471356 -0.881943 0
    outer loop
      vertex 8.22228 51.6741 5
      vertex 7.53073 51.3045 2
      vertex 8.22228 51.6741 2
    endloop
  endfacet
  facet normal -0.772988 0.634421 0
    outer loop
      vertex 2.67412 57.2223 2
      vertex 3.17157 57.8284 5
      vertex 3.17157 57.8284 2
    endloop
  endfacet
  facet normal -0.772988 0.634421 0
    outer loop
      vertex 3.17157 57.8284 5
      vertex 2.67412 57.2223 2
      vertex 2.67412 57.2223 5
    endloop
  endfacet
  facet normal 0.772988 0.634421 0
    outer loop
      vertex 9.32588 57.2223 5
      vertex 8.82843 57.8284 2
      vertex 8.82843 57.8284 5
    endloop
  endfacet
  facet normal 0.772988 0.634421 0
    outer loop
      vertex 8.82843 57.8284 2
      vertex 9.32588 57.2223 5
      vertex 9.32588 57.2223 2
    endloop
  endfacet
  facet normal 0.772988 -0.634421 0
    outer loop
      vertex 8.82843 52.1716 5
      vertex 9.32588 52.7777 2
      vertex 9.32588 52.7777 5
    endloop
  endfacet
  facet normal 0.772988 -0.634421 0
    outer loop
      vertex 9.32588 52.7777 2
      vertex 8.82843 52.1716 5
      vertex 8.82843 52.1716 2
    endloop
  endfacet
  facet normal -0.290259 0.956948 0
    outer loop
      vertex 5.21964 58.9231 2
      vertex 4.46927 58.6955 5
      vertex 5.21964 58.9231 5
    endloop
  endfacet
  facet normal -0.290259 0.956948 0
    outer loop
      vertex 4.46927 58.6955 5
      vertex 5.21964 58.9231 2
      vertex 4.46927 58.6955 2
    endloop
  endfacet
  facet normal 0.634428 -0.772982 0
    outer loop
      vertex 8.22228 51.6741 2
      vertex 8.82843 52.1716 5
      vertex 8.22228 51.6741 5
    endloop
  endfacet
  facet normal 0.634428 -0.772982 0
    outer loop
      vertex 8.82843 52.1716 5
      vertex 8.22228 51.6741 2
      vertex 8.82843 52.1716 2
    endloop
  endfacet
  facet normal 0.995185 -0.0980137 0
    outer loop
      vertex 9.92314 54.2196 5
      vertex 10 55 2
      vertex 10 55 5
    endloop
  endfacet
  facet normal 0.995185 -0.0980137 0
    outer loop
      vertex 10 55 2
      vertex 9.92314 54.2196 5
      vertex 9.92314 54.2196 2
    endloop
  endfacet
  facet normal -0.290259 -0.956948 0
    outer loop
      vertex 4.46927 51.3045 2
      vertex 5.21964 51.0769 5
      vertex 4.46927 51.3045 5
    endloop
  endfacet
  facet normal -0.290259 -0.956948 -0
    outer loop
      vertex 5.21964 51.0769 5
      vertex 4.46927 51.3045 2
      vertex 5.21964 51.0769 2
    endloop
  endfacet
  facet normal 0 0 1
    outer loop
      vertex 5.03407 55.2588 5
      vertex 4.82352 55.2926 5
      vertex 5 55 5
    endloop
  endfacet
  facet normal -0 0 1
    outer loop
      vertex 4.82352 55.2926 5
      vertex 5.03407 55.2588 5
      vertex 5.09457 55.4049 5
    endloop
  endfacet
  facet normal 0 0 1
    outer loop
      vertex 7 55 5
      vertex 10 55 5
      vertex 9.92314 55.7804 5
    endloop
  endfacet
  facet normal 0 0 1
    outer loop
      vertex 6.96593 55.2588 5
      vertex 9.92314 55.7804 5
      vertex 9.69552 56.5307 5
    endloop
  endfacet
  facet normal 0 0 1
    outer loop
      vertex 10 55 5
      vertex 7 55 5
      vertex 9.92314 54.2196 5
    endloop
  endfacet
  facet normal 0 0 1
    outer loop
      vertex 6.86602 55.5 5
      vertex 9.69552 56.5307 5
      vertex 9.32588 57.2223 5
    endloop
  endfacet
  facet normal -0 0 1
    outer loop
      vertex 6.96593 54.7412 5
      vertex 9.92314 54.2196 5
      vertex 7 55 5
    endloop
  endfacet
  facet normal 0 0 1
    outer loop
      vertex 6.70711 55.7071 5
      vertex 9.32588 57.2223 5
      vertex 8.82843 57.8284 5
    endloop
  endfacet
  facet normal 0 0 1
    outer loop
      vertex 9.92314 54.2196 5
      vertex 6.96593 54.7412 5
      vertex 9.69552 53.4693 5
    endloop
  endfacet
  facet normal 0 0 1
    outer loop
      vertex 6.70711 55.7071 5
      vertex 8.82843 57.8284 5
      vertex 8.22228 58.3259 5
    endloop
  endfacet
  facet normal -0 0 1
    outer loop
      vertex 6.86602 54.5 5
      vertex 9.69552 53.4693 5
      vertex 6.96593 54.7412 5
    endloop
  endfacet
  facet normal 0 0 1
    outer loop
      vertex 6.5 55.866 5
      vertex 8.22228 58.3259 5
      vertex 7.53073 58.6955 5
    endloop
  endfacet
  facet normal 0 0 1
    outer loop
      vertex 9.69552 53.4693 5
      vertex 6.86602 54.5 5
      vertex 9.32588 52.7777 5
    endloop
  endfacet
  facet normal -0 0 1
    outer loop
      vertex 6.70711 54.2929 5
      vertex 9.32588 52.7777 5
      vertex 6.86602 54.5 5
    endloop
  endfacet
  facet normal 0 0 1
    outer loop
      vertex 9.92314 55.7804 5
      vertex 6.96593 55.2588 5
      vertex 7 55 5
    endloop
  endfacet
  facet normal 0 0 1
    outer loop
      vertex 9.69552 56.5307 5
      vertex 6.86602 55.5 5
      vertex 6.96593 55.2588 5
    endloop
  endfacet
  facet normal 0 0 1
    outer loop
      vertex 5.58253 57.125 5
      vertex 7.53073 58.6955 5
      vertex 6.78036 58.9231 5
    endloop
  endfacet
  facet normal 0 0 1
    outer loop
      vertex 9.32588 57.2223 5
      vertex 6.70711 55.7071 5
      vertex 6.86602 55.5 5
    endloop
  endfacet
  facet normal 0 0 1
    outer loop
      vertex 8.22228 58.3259 5
      vertex 6.5 55.866 5
      vertex 6.70711 55.7071 5
    endloop
  endfacet
  facet normal 0 0 1
    outer loop
      vertex 7.53073 58.6955 5
      vertex 5.70741 56.8235 5
      vertex 6.5 55.866 5
    endloop
  endfacet
  facet normal 0 0 1
    outer loop
      vertex 5.38388 57.3839 5
      vertex 6.78036 58.9231 5
      vertex 6 59 5
    endloop
  endfacet
  facet normal 0 0 1
    outer loop
      vertex 6.5 55.866 5
      vertex 5.70741 56.8235 5
      vertex 6.25882 55.9659 5
    endloop
  endfacet
  facet normal -0 -0 1
    outer loop
      vertex 5.75 56.5 5
      vertex 6.25882 55.9659 5
      vertex 5.70741 56.8235 5
    endloop
  endfacet
  facet normal 0 0 1
    outer loop
      vertex 6.25882 55.9659 5
      vertex 5.75 56.5 5
      vertex 6 56 5
    endloop
  endfacet
  facet normal 0 0 1
    outer loop
      vertex 7.53073 58.6955 5
      vertex 5.58253 57.125 5
      vertex 5.70741 56.8235 5
    endloop
  endfacet
  facet normal 0 0 1
    outer loop
      vertex 6.78036 58.9231 5
      vertex 5.38388 57.3839 5
      vertex 5.58253 57.125 5
    endloop
  endfacet
  facet normal 0 0 1
    outer loop
      vertex 5.125 57.5825 5
      vertex 6 59 5
      vertex 5.21964 58.9231 5
    endloop
  endfacet
  facet normal 0 0 1
    outer loop
      vertex 6 59 5
      vertex 5.125 57.5825 5
      vertex 5.38388 57.3839 5
    endloop
  endfacet
  facet normal 0 0 1
    outer loop
      vertex 5.21964 58.9231 5
      vertex 4.82352 57.7074 5
      vertex 5.125 57.5825 5
    endloop
  endfacet
  facet normal -0 0 1
    outer loop
      vertex 4.46927 58.6955 5
      vertex 4.82352 57.7074 5
      vertex 5.21964 58.9231 5
    endloop
  endfacet
  facet normal 0 0 1
    outer loop
      vertex 4.82352 57.7074 5
      vertex 4.46927 58.6955 5
      vertex 4.5 57.75 5
    endloop
  endfacet
  facet normal -0 0 1
    outer loop
      vertex 3.77772 58.3259 5
      vertex 4.5 57.75 5
      vertex 4.46927 58.6955 5
    endloop
  endfacet
  facet normal 0 0 1
    outer loop
      vertex 4.5 57.75 5
      vertex 3.77772 58.3259 5
      vertex 4.17648 57.7074 5
    endloop
  endfacet
  facet normal 0 0 1
    outer loop
      vertex 4.17648 57.7074 5
      vertex 3.77772 58.3259 5
      vertex 3.875 57.5825 5
    endloop
  endfacet
  facet normal -0 0 1
    outer loop
      vertex 3.17157 57.8284 5
      vertex 3.875 57.5825 5
      vertex 3.77772 58.3259 5
    endloop
  endfacet
  facet normal 0 0 1
    outer loop
      vertex 3.875 57.5825 5
      vertex 3.17157 57.8284 5
      vertex 3.61612 57.3839 5
    endloop
  endfacet
  facet normal 0 0 1
    outer loop
      vertex 3.61612 57.3839 5
      vertex 3.17157 57.8284 5
      vertex 3.41747 57.125 5
    endloop
  endfacet
  facet normal 0 0 1
    outer loop
      vertex 3.41747 57.125 5
      vertex 2.67412 57.2223 5
      vertex 3.29259 56.8235 5
    endloop
  endfacet
  facet normal -0 0 1
    outer loop
      vertex 2.67412 57.2223 5
      vertex 3.41747 57.125 5
      vertex 3.17157 57.8284 5
    endloop
  endfacet
  facet normal 0 0 1
    outer loop
      vertex 9.32588 52.7777 5
      vertex 6.70711 54.2929 5
      vertex 8.82843 52.1716 5
    endloop
  endfacet
  facet normal 0 0 1
    outer loop
      vertex 8.82843 52.1716 5
      vertex 6.70711 54.2929 5
      vertex 8.22228 51.6741 5
    endloop
  endfacet
  facet normal -0 0 1
    outer loop
      vertex 6.5 54.134 5
      vertex 8.22228 51.6741 5
      vertex 6.70711 54.2929 5
    endloop
  endfacet
  facet normal 0 0 1
    outer loop
      vertex 8.22228 51.6741 5
      vertex 6.5 54.134 5
      vertex 7.53073 51.3045 5
    endloop
  endfacet
  facet normal -0 0 1
    outer loop
      vertex 6.25882 54.0341 5
      vertex 7.53073 51.3045 5
      vertex 6.5 54.134 5
    endloop
  endfacet
  facet normal 0 0 1
    outer loop
      vertex 7.53073 51.3045 5
      vertex 6.25882 54.0341 5
      vertex 6.78036 51.0769 5
    endloop
  endfacet
  facet normal -0 0 1
    outer loop
      vertex 6 54 5
      vertex 6.78036 51.0769 5
      vertex 6.25882 54.0341 5
    endloop
  endfacet
  facet normal 0 0 1
    outer loop
      vertex 6 54 5
      vertex 6 51 5
      vertex 6.78036 51.0769 5
    endloop
  endfacet
  facet normal 0 0 1
    outer loop
      vertex 5.21964 51.0769 5
      vertex 6 54 5
      vertex 5.74118 54.0341 5
    endloop
  endfacet
  facet normal 0 0 1
    outer loop
      vertex 4.46927 51.3045 5
      vertex 5.74118 54.0341 5
      vertex 5.5 54.134 5
    endloop
  endfacet
  facet normal 0 0 1
    outer loop
      vertex 3.77772 51.6741 5
      vertex 5.5 54.134 5
      vertex 5.29289 54.2929 5
    endloop
  endfacet
  facet normal 0 0 1
    outer loop
      vertex 6 54 5
      vertex 5.21964 51.0769 5
      vertex 6 51 5
    endloop
  endfacet
  facet normal 0 0 1
    outer loop
      vertex 2.67412 52.7777 5
      vertex 5.29289 54.2929 5
      vertex 5.13397 54.5 5
    endloop
  endfacet
  facet normal 0 0 1
    outer loop
      vertex 4.17648 55.2926 5
      vertex 5.13397 54.5 5
      vertex 5.03407 54.7412 5
    endloop
  endfacet
  facet normal 0 0 1
    outer loop
      vertex 4.5 55.25 5
      vertex 5.03407 54.7412 5
      vertex 5 55 5
    endloop
  endfacet
  facet normal -0 0 1
    outer loop
      vertex 4.5 55.25 5
      vertex 5 55 5
      vertex 4.82352 55.2926 5
    endloop
  endfacet
  facet normal 0 0 1
    outer loop
      vertex 5.03407 54.7412 5
      vertex 4.5 55.25 5
      vertex 4.17648 55.2926 5
    endloop
  endfacet
  facet normal 0 0 1
    outer loop
      vertex 5.74118 54.0341 5
      vertex 4.46927 51.3045 5
      vertex 5.21964 51.0769 5
    endloop
  endfacet
  facet normal 0 0 1
    outer loop
      vertex 2.30448 53.4693 5
      vertex 5.13397 54.5 5
      vertex 4.17648 55.2926 5
    endloop
  endfacet
  facet normal 0 0 1
    outer loop
      vertex 2.30448 53.4693 5
      vertex 4.17648 55.2926 5
      vertex 3.875 55.4175 5
    endloop
  endfacet
  facet normal 0 0 1
    outer loop
      vertex 5.5 54.134 5
      vertex 3.77772 51.6741 5
      vertex 4.46927 51.3045 5
    endloop
  endfacet
  facet normal 0 0 1
    outer loop
      vertex 2.07686 54.2196 5
      vertex 3.875 55.4175 5
      vertex 3.61612 55.6161 5
    endloop
  endfacet
  facet normal 0 0 1
    outer loop
      vertex 2 55 5
      vertex 3.61612 55.6161 5
      vertex 3.41747 55.875 5
    endloop
  endfacet
  facet normal 0 0 1
    outer loop
      vertex 2.07686 55.7804 5
      vertex 3.41747 55.875 5
      vertex 3.29259 56.1765 5
    endloop
  endfacet
  facet normal 0 0 1
    outer loop
      vertex 2.30448 56.5307 5
      vertex 3.29259 56.1765 5
      vertex 3.25 56.5 5
    endloop
  endfacet
  facet normal 0 0 1
    outer loop
      vertex 5.29289 54.2929 5
      vertex 3.17157 52.1716 5
      vertex 3.77772 51.6741 5
    endloop
  endfacet
  facet normal 0 0 1
    outer loop
      vertex 3.29259 56.8235 5
      vertex 2.67412 57.2223 5
      vertex 3.25 56.5 5
    endloop
  endfacet
  facet normal -0 0 1
    outer loop
      vertex 2.30448 56.5307 5
      vertex 3.25 56.5 5
      vertex 2.67412 57.2223 5
    endloop
  endfacet
  facet normal 0 0 1
    outer loop
      vertex 5.29289 54.2929 5
      vertex 2.67412 52.7777 5
      vertex 3.17157 52.1716 5
    endloop
  endfacet
  facet normal 0 0 1
    outer loop
      vertex 3.29259 56.1765 5
      vertex 2.30448 56.5307 5
      vertex 2.07686 55.7804 5
    endloop
  endfacet
  facet normal 0 0 1
    outer loop
      vertex 5.13397 54.5 5
      vertex 2.30448 53.4693 5
      vertex 2.67412 52.7777 5
    endloop
  endfacet
  facet normal 0 0 1
    outer loop
      vertex 3.41747 55.875 5
      vertex 2.07686 55.7804 5
      vertex 2 55 5
    endloop
  endfacet
  facet normal 0 0 1
    outer loop
      vertex 3.875 55.4175 5
      vertex 2.07686 54.2196 5
      vertex 2.30448 53.4693 5
    endloop
  endfacet
  facet normal 0 0 1
    outer loop
      vertex 3.61612 55.6161 5
      vertex 2 55 5
      vertex 2.07686 54.2196 5
    endloop
  endfacet
  facet normal -0 0 1
    outer loop
      vertex 5.70741 56.1765 5
      vertex 6 56 5
      vertex 5.75 56.5 5
    endloop
  endfacet
  facet normal 0 0 1
    outer loop
      vertex 6 56 5
      vertex 5.70741 56.1765 5
      vertex 5.74118 55.9659 5
    endloop
  endfacet
  facet normal 0 0 1
    outer loop
      vertex 5.74118 55.9659 5
      vertex 5.70741 56.1765 5
      vertex 5.59514 55.9054 5
    endloop
  endfacet
  facet normal 0.956934 -0.290307 0
    outer loop
      vertex 9.69552 53.4693 5
      vertex 9.92314 54.2196 2
      vertex 9.92314 54.2196 5
    endloop
  endfacet
  facet normal 0.956934 -0.290307 0
    outer loop
      vertex 9.92314 54.2196 2
      vertex 9.69552 53.4693 5
      vertex 9.69552 53.4693 2
    endloop
  endfacet
  facet normal -0.956934 -0.290307 0
    outer loop
      vertex 2.30448 53.4693 2
      vertex 2.07686 54.2196 5
      vertex 2.07686 54.2196 2
    endloop
  endfacet
  facet normal -0.956934 -0.290307 0
    outer loop
      vertex 2.07686 54.2196 5
      vertex 2.30448 53.4693 2
      vertex 2.30448 53.4693 5
    endloop
  endfacet
  facet normal 0.881936 -0.471369 0
    outer loop
      vertex 9.32588 52.7777 5
      vertex 9.69552 53.4693 2
      vertex 9.69552 53.4693 5
    endloop
  endfacet
  facet normal 0.881936 -0.471369 0
    outer loop
      vertex 9.69552 53.4693 2
      vertex 9.32588 52.7777 5
      vertex 9.32588 52.7777 2
    endloop
  endfacet
  facet normal -0.995185 0.0980137 0
    outer loop
      vertex 2 55 2
      vertex 2.07686 55.7804 5
      vertex 2.07686 55.7804 2
    endloop
  endfacet
  facet normal -0.995185 0.0980137 0
    outer loop
      vertex 2.07686 55.7804 5
      vertex 2 55 2
      vertex 2 55 5
    endloop
  endfacet
  facet normal 0.0980692 0.99518 -0
    outer loop
      vertex 6.78036 58.9231 2
      vertex 6 59 5
      vertex 6.78036 58.9231 5
    endloop
  endfacet
  facet normal 0.0980692 0.99518 0
    outer loop
      vertex 6 59 5
      vertex 6.78036 58.9231 2
      vertex 6 59 2
    endloop
  endfacet
  facet normal -0.634428 0.772982 0
    outer loop
      vertex 3.77772 58.3259 2
      vertex 3.17157 57.8284 5
      vertex 3.77772 58.3259 5
    endloop
  endfacet
  facet normal -0.634428 0.772982 0
    outer loop
      vertex 3.17157 57.8284 5
      vertex 3.77772 58.3259 2
      vertex 3.17157 57.8284 2
    endloop
  endfacet
  facet normal 0.634428 0.772982 -0
    outer loop
      vertex 8.82843 57.8284 2
      vertex 8.22228 58.3259 5
      vertex 8.82843 57.8284 5
    endloop
  endfacet
  facet normal 0.634428 0.772982 0
    outer loop
      vertex 8.22228 58.3259 5
      vertex 8.82843 57.8284 2
      vertex 8.22228 58.3259 2
    endloop
  endfacet
  facet normal 0.0980692 -0.99518 0
    outer loop
      vertex 6 51 2
      vertex 6.78036 51.0769 5
      vertex 6 51 5
    endloop
  endfacet
  facet normal 0.0980692 -0.99518 0
    outer loop
      vertex 6.78036 51.0769 5
      vertex 6 51 2
      vertex 6.78036 51.0769 2
    endloop
  endfacet
  facet normal 0.471356 0.881943 -0
    outer loop
      vertex 8.22228 58.3259 2
      vertex 7.53073 58.6955 5
      vertex 8.22228 58.3259 5
    endloop
  endfacet
  facet normal 0.471356 0.881943 0
    outer loop
      vertex 7.53073 58.6955 5
      vertex 8.22228 58.3259 2
      vertex 7.53073 58.6955 2
    endloop
  endfacet
  facet normal -0.772988 -0.634421 0
    outer loop
      vertex 3.17157 52.1716 2
      vertex 2.67412 52.7777 5
      vertex 2.67412 52.7777 2
    endloop
  endfacet
  facet normal -0.772988 -0.634421 0
    outer loop
      vertex 2.67412 52.7777 5
      vertex 3.17157 52.1716 2
      vertex 3.17157 52.1716 5
    endloop
  endfacet
  facet normal -0.0980692 -0.99518 0
    outer loop
      vertex 5.21964 51.0769 2
      vertex 6 51 5
      vertex 5.21964 51.0769 5
    endloop
  endfacet
  facet normal -0.0980692 -0.99518 -0
    outer loop
      vertex 6 51 5
      vertex 5.21964 51.0769 2
      vertex 6 51 2
    endloop
  endfacet
  facet normal -0.634428 -0.772982 0
    outer loop
      vertex 3.17157 52.1716 2
      vertex 3.77772 51.6741 5
      vertex 3.17157 52.1716 5
    endloop
  endfacet
  facet normal -0.634428 -0.772982 -0
    outer loop
      vertex 3.77772 51.6741 5
      vertex 3.17157 52.1716 2
      vertex 3.77772 51.6741 2
    endloop
  endfacet
  facet normal -0.956934 0.290307 0
    outer loop
      vertex 2.07686 55.7804 2
      vertex 2.30448 56.5307 5
      vertex 2.30448 56.5307 2
    endloop
  endfacet
  facet normal -0.956934 0.290307 0
    outer loop
      vertex 2.30448 56.5307 5
      vertex 2.07686 55.7804 2
      vertex 2.07686 55.7804 5
    endloop
  endfacet
  facet normal -0.881936 0.471369 0
    outer loop
      vertex 2.30448 56.5307 2
      vertex 2.67412 57.2223 5
      vertex 2.67412 57.2223 2
    endloop
  endfacet
  facet normal -0.881936 0.471369 0
    outer loop
      vertex 2.67412 57.2223 5
      vertex 2.30448 56.5307 2
      vertex 2.30448 56.5307 5
    endloop
  endfacet
  facet normal -0.995185 -0.0980137 0
    outer loop
      vertex 2.07686 54.2196 2
      vertex 2 55 5
      vertex 2 55 2
    endloop
  endfacet
  facet normal -0.995185 -0.0980137 0
    outer loop
      vertex 2 55 5
      vertex 2.07686 54.2196 2
      vertex 2.07686 54.2196 5
    endloop
  endfacet
  facet normal 0.290283 -0.956941 0
    outer loop
      vertex 85.7804 51.0769 2
      vertex 86.5307 51.3045 5
      vertex 85.7804 51.0769 5
    endloop
  endfacet
  facet normal 0.290283 -0.956941 0
    outer loop
      vertex 86.5307 51.3045 5
      vertex 85.7804 51.0769 2
      vertex 86.5307 51.3045 2
    endloop
  endfacet
  facet normal 0.956941 0.290283 0
    outer loop
      vertex 88.9231 55.7804 5
      vertex 88.6955 56.5307 2
      vertex 88.6955 56.5307 5
    endloop
  endfacet
  facet normal 0.956941 0.290283 0
    outer loop
      vertex 88.6955 56.5307 2
      vertex 88.9231 55.7804 5
      vertex 88.9231 55.7804 2
    endloop
  endfacet
  facet normal 0.99518 0.0980643 0
    outer loop
      vertex 89 55 5
      vertex 88.9231 55.7804 2
      vertex 88.9231 55.7804 5
    endloop
  endfacet
  facet normal 0.99518 0.0980643 0
    outer loop
      vertex 88.9231 55.7804 2
      vertex 89 55 5
      vertex 89 55 2
    endloop
  endfacet
  facet normal 0.881957 0.471329 0
    outer loop
      vertex 88.6955 56.5307 5
      vertex 88.3259 57.2223 2
      vertex 88.3259 57.2223 5
    endloop
  endfacet
  facet normal 0.881957 0.471329 0
    outer loop
      vertex 88.3259 57.2223 2
      vertex 88.6955 56.5307 5
      vertex 88.6955 56.5307 2
    endloop
  endfacet
  facet normal -0.881957 -0.471329 0
    outer loop
      vertex 81.6741 52.7777 2
      vertex 81.3045 53.4693 5
      vertex 81.3045 53.4693 2
    endloop
  endfacet
  facet normal -0.881957 -0.471329 0
    outer loop
      vertex 81.3045 53.4693 5
      vertex 81.6741 52.7777 2
      vertex 81.6741 52.7777 5
    endloop
  endfacet
  facet normal 0.290283 0.956941 -0
    outer loop
      vertex 86.5307 58.6955 2
      vertex 85.7804 58.9231 5
      vertex 86.5307 58.6955 5
    endloop
  endfacet
  facet normal 0.290283 0.956941 0
    outer loop
      vertex 85.7804 58.9231 5
      vertex 86.5307 58.6955 2
      vertex 85.7804 58.9231 2
    endloop
  endfacet
  facet normal -0.0980643 0.99518 0
    outer loop
      vertex 85 59 2
      vertex 84.2196 58.9231 5
      vertex 85 59 5
    endloop
  endfacet
  facet normal -0.0980643 0.99518 0
    outer loop
      vertex 84.2196 58.9231 5
      vertex 85 59 2
      vertex 84.2196 58.9231 2
    endloop
  endfacet
  facet normal -0.471329 -0.881957 0
    outer loop
      vertex 82.7777 51.6741 2
      vertex 83.4693 51.3045 5
      vertex 82.7777 51.6741 5
    endloop
  endfacet
  facet normal -0.471329 -0.881957 -0
    outer loop
      vertex 83.4693 51.3045 5
      vertex 82.7777 51.6741 2
      vertex 83.4693 51.3045 2
    endloop
  endfacet
  facet normal -0.471329 0.881957 0
    outer loop
      vertex 83.4693 58.6955 2
      vertex 82.7777 58.3259 5
      vertex 83.4693 58.6955 5
    endloop
  endfacet
  facet normal -0.471329 0.881957 0
    outer loop
      vertex 82.7777 58.3259 5
      vertex 83.4693 58.6955 2
      vertex 82.7777 58.3259 2
    endloop
  endfacet
  facet normal 0.471329 -0.881957 0
    outer loop
      vertex 86.5307 51.3045 2
      vertex 87.2223 51.6741 5
      vertex 86.5307 51.3045 5
    endloop
  endfacet
  facet normal 0.471329 -0.881957 0
    outer loop
      vertex 87.2223 51.6741 5
      vertex 86.5307 51.3045 2
      vertex 87.2223 51.6741 2
    endloop
  endfacet
  facet normal -0.772956 0.634459 0
    outer loop
      vertex 81.6741 57.2223 2
      vertex 82.1716 57.8284 5
      vertex 82.1716 57.8284 2
    endloop
  endfacet
  facet normal -0.772956 0.634459 0
    outer loop
      vertex 82.1716 57.8284 5
      vertex 81.6741 57.2223 2
      vertex 81.6741 57.2223 5
    endloop
  endfacet
  facet normal 0.772956 0.634459 0
    outer loop
      vertex 88.3259 57.2223 5
      vertex 87.8284 57.8284 2
      vertex 87.8284 57.8284 5
    endloop
  endfacet
  facet normal 0.772956 0.634459 0
    outer loop
      vertex 87.8284 57.8284 2
      vertex 88.3259 57.2223 5
      vertex 88.3259 57.2223 2
    endloop
  endfacet
  facet normal 0.772956 -0.634459 0
    outer loop
      vertex 87.8284 52.1716 5
      vertex 88.3259 52.7777 2
      vertex 88.3259 52.7777 5
    endloop
  endfacet
  facet normal 0.772956 -0.634459 0
    outer loop
      vertex 88.3259 52.7777 2
      vertex 87.8284 52.1716 5
      vertex 87.8284 52.1716 2
    endloop
  endfacet
  facet normal -0.290283 0.956941 0
    outer loop
      vertex 84.2196 58.9231 2
      vertex 83.4693 58.6955 5
      vertex 84.2196 58.9231 5
    endloop
  endfacet
  facet normal -0.290283 0.956941 0
    outer loop
      vertex 83.4693 58.6955 5
      vertex 84.2196 58.9231 2
      vertex 83.4693 58.6955 2
    endloop
  endfacet
  facet normal 0.634459 -0.772956 0
    outer loop
      vertex 87.2223 51.6741 2
      vertex 87.8284 52.1716 5
      vertex 87.2223 51.6741 5
    endloop
  endfacet
  facet normal 0.634459 -0.772956 0
    outer loop
      vertex 87.8284 52.1716 5
      vertex 87.2223 51.6741 2
      vertex 87.8284 52.1716 2
    endloop
  endfacet
  facet normal 0.99518 -0.0980643 0
    outer loop
      vertex 88.9231 54.2196 5
      vertex 89 55 2
      vertex 89 55 5
    endloop
  endfacet
  facet normal 0.99518 -0.0980643 0
    outer loop
      vertex 89 55 2
      vertex 88.9231 54.2196 5
      vertex 88.9231 54.2196 2
    endloop
  endfacet
  facet normal -0.290283 -0.956941 0
    outer loop
      vertex 83.4693 51.3045 2
      vertex 84.2196 51.0769 5
      vertex 83.4693 51.3045 5
    endloop
  endfacet
  facet normal -0.290283 -0.956941 -0
    outer loop
      vertex 84.2196 51.0769 5
      vertex 83.4693 51.3045 2
      vertex 84.2196 51.0769 2
    endloop
  endfacet
  facet normal 0 0 1
    outer loop
      vertex 86.1765 55.2926 5
      vertex 85.9659 55.2588 5
      vertex 86 55 5
    endloop
  endfacet
  facet normal 0 -0 1
    outer loop
      vertex 85.9659 55.2588 5
      vertex 86.1765 55.2926 5
      vertex 85.9054 55.4049 5
    endloop
  endfacet
  facet normal 0 0 1
    outer loop
      vertex 87.5825 55.875 5
      vertex 89 55 5
      vertex 88.9231 55.7804 5
    endloop
  endfacet
  facet normal -0 0 1
    outer loop
      vertex 87.7074 56.1765 5
      vertex 88.9231 55.7804 5
      vertex 88.6955 56.5307 5
    endloop
  endfacet
  facet normal 0 0 1
    outer loop
      vertex 89 55 5
      vertex 87.5825 55.875 5
      vertex 87.3839 55.6161 5
    endloop
  endfacet
  facet normal 0 0 1
    outer loop
      vertex 87.75 56.5 5
      vertex 88.6955 56.5307 5
      vertex 88.3259 57.2223 5
    endloop
  endfacet
  facet normal 0 0 1
    outer loop
      vertex 88.9231 55.7804 5
      vertex 87.7074 56.1765 5
      vertex 87.5825 55.875 5
    endloop
  endfacet
  facet normal 0 0 1
    outer loop
      vertex 87.5825 57.125 5
      vertex 88.3259 57.2223 5
      vertex 87.8284 57.8284 5
    endloop
  endfacet
  facet normal 0 0 1
    outer loop
      vertex 88.6955 56.5307 5
      vertex 87.75 56.5 5
      vertex 87.7074 56.1765 5
    endloop
  endfacet
  facet normal 0 0 1
    outer loop
      vertex 89 55 5
      vertex 87.3839 55.6161 5
      vertex 88.9231 54.2196 5
    endloop
  endfacet
  facet normal 0 0 1
    outer loop
      vertex 88.3259 57.2223 5
      vertex 87.7074 56.8235 5
      vertex 87.75 56.5 5
    endloop
  endfacet
  facet normal 0 0 1
    outer loop
      vertex 88.3259 57.2223 5
      vertex 87.5825 57.125 5
      vertex 87.7074 56.8235 5
    endloop
  endfacet
  facet normal 0 0 1
    outer loop
      vertex 87.8284 57.8284 5
      vertex 87.3839 57.3839 5
      vertex 87.5825 57.125 5
    endloop
  endfacet
  facet normal 0 0 1
    outer loop
      vertex 87.125 57.5825 5
      vertex 87.8284 57.8284 5
      vertex 87.2223 58.3259 5
    endloop
  endfacet
  facet normal 0 0 1
    outer loop
      vertex 87.8284 57.8284 5
      vertex 87.125 57.5825 5
      vertex 87.3839 57.3839 5
    endloop
  endfacet
  facet normal 0 0 1
    outer loop
      vertex 87.2223 58.3259 5
      vertex 86.8235 57.7074 5
      vertex 87.125 57.5825 5
    endloop
  endfacet
  facet normal 0 0 1
    outer loop
      vertex 86.5 57.75 5
      vertex 87.2223 58.3259 5
      vertex 86.5307 58.6955 5
    endloop
  endfacet
  facet normal 0 0 1
    outer loop
      vertex 87.2223 58.3259 5
      vertex 86.5 57.75 5
      vertex 86.8235 57.7074 5
    endloop
  endfacet
  facet normal 0 0 1
    outer loop
      vertex 86.5307 58.6955 5
      vertex 86.1765 57.7074 5
      vertex 86.5 57.75 5
    endloop
  endfacet
  facet normal 0 0 1
    outer loop
      vertex 85.7804 58.9231 5
      vertex 86.1765 57.7074 5
      vertex 86.5307 58.6955 5
    endloop
  endfacet
  facet normal 0 0 1
    outer loop
      vertex 86.1765 57.7074 5
      vertex 85.7804 58.9231 5
      vertex 85.875 57.5825 5
    endloop
  endfacet
  facet normal 0 0 1
    outer loop
      vertex 85 59 5
      vertex 85.875 57.5825 5
      vertex 85.7804 58.9231 5
    endloop
  endfacet
  facet normal 0 0 1
    outer loop
      vertex 85.875 57.5825 5
      vertex 85 59 5
      vertex 85.6161 57.3839 5
    endloop
  endfacet
  facet normal -0 0 1
    outer loop
      vertex 84.2196 58.9231 5
      vertex 85.6161 57.3839 5
      vertex 85 59 5
    endloop
  endfacet
  facet normal -0 0 1
    outer loop
      vertex 83.4693 58.6955 5
      vertex 85.4175 57.125 5
      vertex 84.2196 58.9231 5
    endloop
  endfacet
  facet normal 0 0 1
    outer loop
      vertex 85.6161 57.3839 5
      vertex 84.2196 58.9231 5
      vertex 85.4175 57.125 5
    endloop
  endfacet
  facet normal -0 0 1
    outer loop
      vertex 87.125 55.4175 5
      vertex 88.9231 54.2196 5
      vertex 87.3839 55.6161 5
    endloop
  endfacet
  facet normal 0 0 1
    outer loop
      vertex 88.9231 54.2196 5
      vertex 87.125 55.4175 5
      vertex 88.6955 53.4693 5
    endloop
  endfacet
  facet normal -0 0 1
    outer loop
      vertex 86.8235 55.2926 5
      vertex 88.6955 53.4693 5
      vertex 87.125 55.4175 5
    endloop
  endfacet
  facet normal -0 0 1
    outer loop
      vertex 85.866 54.5 5
      vertex 88.6955 53.4693 5
      vertex 86.8235 55.2926 5
    endloop
  endfacet
  facet normal 0 0 1
    outer loop
      vertex 88.6955 53.4693 5
      vertex 85.866 54.5 5
      vertex 88.3259 52.7777 5
    endloop
  endfacet
  facet normal -0 0 1
    outer loop
      vertex 85.7071 54.2929 5
      vertex 88.3259 52.7777 5
      vertex 85.866 54.5 5
    endloop
  endfacet
  facet normal 0 0 1
    outer loop
      vertex 88.3259 52.7777 5
      vertex 85.7071 54.2929 5
      vertex 87.8284 52.1716 5
    endloop
  endfacet
  facet normal 0 0 1
    outer loop
      vertex 85.9659 54.7412 5
      vertex 86.8235 55.2926 5
      vertex 86.5 55.25 5
    endloop
  endfacet
  facet normal 0 0 1
    outer loop
      vertex 86 55 5
      vertex 86.5 55.25 5
      vertex 86.1765 55.2926 5
    endloop
  endfacet
  facet normal 0 0 1
    outer loop
      vertex 86.5 55.25 5
      vertex 86 55 5
      vertex 85.9659 54.7412 5
    endloop
  endfacet
  facet normal 0 0 1
    outer loop
      vertex 86.8235 55.2926 5
      vertex 85.9659 54.7412 5
      vertex 85.866 54.5 5
    endloop
  endfacet
  facet normal 0 0 1
    outer loop
      vertex 87.8284 52.1716 5
      vertex 85.7071 54.2929 5
      vertex 87.2223 51.6741 5
    endloop
  endfacet
  facet normal -0 0 1
    outer loop
      vertex 85.5 54.134 5
      vertex 87.2223 51.6741 5
      vertex 85.7071 54.2929 5
    endloop
  endfacet
  facet normal 0 0 1
    outer loop
      vertex 87.2223 51.6741 5
      vertex 85.5 54.134 5
      vertex 86.5307 51.3045 5
    endloop
  endfacet
  facet normal -0 0 1
    outer loop
      vertex 85.2588 54.0341 5
      vertex 86.5307 51.3045 5
      vertex 85.5 54.134 5
    endloop
  endfacet
  facet normal 0 0 1
    outer loop
      vertex 86.5307 51.3045 5
      vertex 85.2588 54.0341 5
      vertex 85.7804 51.0769 5
    endloop
  endfacet
  facet normal -0 0 1
    outer loop
      vertex 85 54 5
      vertex 85.7804 51.0769 5
      vertex 85.2588 54.0341 5
    endloop
  endfacet
  facet normal 0 0 1
    outer loop
      vertex 85 54 5
      vertex 85 51 5
      vertex 85.7804 51.0769 5
    endloop
  endfacet
  facet normal 0 0 1
    outer loop
      vertex 84.2196 51.0769 5
      vertex 85 54 5
      vertex 84.7412 54.0341 5
    endloop
  endfacet
  facet normal 0 0 1
    outer loop
      vertex 83.4693 51.3045 5
      vertex 84.7412 54.0341 5
      vertex 84.5 54.134 5
    endloop
  endfacet
  facet normal 0 0 1
    outer loop
      vertex 82.7777 51.6741 5
      vertex 84.5 54.134 5
      vertex 84.2929 54.2929 5
    endloop
  endfacet
  facet normal 0 0 1
    outer loop
      vertex 85 54 5
      vertex 84.2196 51.0769 5
      vertex 85 51 5
    endloop
  endfacet
  facet normal 0 0 1
    outer loop
      vertex 81.6741 52.7777 5
      vertex 84.2929 54.2929 5
      vertex 84.134 54.5 5
    endloop
  endfacet
  facet normal 0 0 1
    outer loop
      vertex 81.3045 53.4693 5
      vertex 84.134 54.5 5
      vertex 84.0341 54.7412 5
    endloop
  endfacet
  facet normal 0 0 1
    outer loop
      vertex 81.0769 54.2196 5
      vertex 84.0341 54.7412 5
      vertex 84 55 5
    endloop
  endfacet
  facet normal 0 0 1
    outer loop
      vertex 84.2929 55.7071 5
      vertex 81.6741 57.2223 5
      vertex 84.134 55.5 5
    endloop
  endfacet
  facet normal 0 0 1
    outer loop
      vertex 84.7412 54.0341 5
      vertex 83.4693 51.3045 5
      vertex 84.2196 51.0769 5
    endloop
  endfacet
  facet normal -0 0 1
    outer loop
      vertex 81.3045 56.5307 5
      vertex 84.134 55.5 5
      vertex 81.6741 57.2223 5
    endloop
  endfacet
  facet normal 0 0 1
    outer loop
      vertex 84.5 54.134 5
      vertex 82.7777 51.6741 5
      vertex 83.4693 51.3045 5
    endloop
  endfacet
  facet normal 0 0 1
    outer loop
      vertex 84.134 55.5 5
      vertex 81.3045 56.5307 5
      vertex 84.0341 55.2588 5
    endloop
  endfacet
  facet normal 0 0 1
    outer loop
      vertex 84.2929 54.2929 5
      vertex 82.1716 52.1716 5
      vertex 82.7777 51.6741 5
    endloop
  endfacet
  facet normal -0 0 1
    outer loop
      vertex 81.0769 55.7804 5
      vertex 84.0341 55.2588 5
      vertex 81.3045 56.5307 5
    endloop
  endfacet
  facet normal 0 0 1
    outer loop
      vertex 84.2929 54.2929 5
      vertex 81.6741 52.7777 5
      vertex 82.1716 52.1716 5
    endloop
  endfacet
  facet normal 0 0 1
    outer loop
      vertex 84.0341 55.2588 5
      vertex 81.0769 55.7804 5
      vertex 84 55 5
    endloop
  endfacet
  facet normal 0 0 1
    outer loop
      vertex 84.134 54.5 5
      vertex 81.3045 53.4693 5
      vertex 81.6741 52.7777 5
    endloop
  endfacet
  facet normal 0 0 1
    outer loop
      vertex 81 55 5
      vertex 84 55 5
      vertex 81.0769 55.7804 5
    endloop
  endfacet
  facet normal 0 0 1
    outer loop
      vertex 84.0341 54.7412 5
      vertex 81.0769 54.2196 5
      vertex 81.3045 53.4693 5
    endloop
  endfacet
  facet normal 0 0 1
    outer loop
      vertex 84 55 5
      vertex 81 55 5
      vertex 81.0769 54.2196 5
    endloop
  endfacet
  facet normal 0 0 1
    outer loop
      vertex 85.2926 56.1765 5
      vertex 85.2588 55.9659 5
      vertex 85.4049 55.9054 5
    endloop
  endfacet
  facet normal 0 0 1
    outer loop
      vertex 85 56 5
      vertex 85.2926 56.1765 5
      vertex 85.25 56.5 5
    endloop
  endfacet
  facet normal 0 0 1
    outer loop
      vertex 85.4175 57.125 5
      vertex 83.4693 58.6955 5
      vertex 85.2926 56.8235 5
    endloop
  endfacet
  facet normal 0 0 1
    outer loop
      vertex 85.2926 56.1765 5
      vertex 85 56 5
      vertex 85.2588 55.9659 5
    endloop
  endfacet
  facet normal 0 -0 1
    outer loop
      vertex 84.5 55.866 5
      vertex 85.2926 56.8235 5
      vertex 83.4693 58.6955 5
    endloop
  endfacet
  facet normal 0 0 1
    outer loop
      vertex 85.25 56.5 5
      vertex 84.7412 55.9659 5
      vertex 85 56 5
    endloop
  endfacet
  facet normal 0 -0 1
    outer loop
      vertex 84.7412 55.9659 5
      vertex 85.2926 56.8235 5
      vertex 84.5 55.866 5
    endloop
  endfacet
  facet normal 0 0 1
    outer loop
      vertex 85.2926 56.8235 5
      vertex 84.7412 55.9659 5
      vertex 85.25 56.5 5
    endloop
  endfacet
  facet normal -0 0 1
    outer loop
      vertex 82.7777 58.3259 5
      vertex 84.5 55.866 5
      vertex 83.4693 58.6955 5
    endloop
  endfacet
  facet normal 0 0 1
    outer loop
      vertex 84.5 55.866 5
      vertex 82.7777 58.3259 5
      vertex 84.2929 55.7071 5
    endloop
  endfacet
  facet normal -0 0 1
    outer loop
      vertex 82.1716 57.8284 5
      vertex 84.2929 55.7071 5
      vertex 82.7777 58.3259 5
    endloop
  endfacet
  facet normal -0 0 1
    outer loop
      vertex 81.6741 57.2223 5
      vertex 84.2929 55.7071 5
      vertex 82.1716 57.8284 5
    endloop
  endfacet
  facet normal 0.956941 -0.290283 0
    outer loop
      vertex 88.6955 53.4693 5
      vertex 88.9231 54.2196 2
      vertex 88.9231 54.2196 5
    endloop
  endfacet
  facet normal 0.956941 -0.290283 0
    outer loop
      vertex 88.9231 54.2196 2
      vertex 88.6955 53.4693 5
      vertex 88.6955 53.4693 2
    endloop
  endfacet
  facet normal -0.956941 -0.290283 0
    outer loop
      vertex 81.3045 53.4693 2
      vertex 81.0769 54.2196 5
      vertex 81.0769 54.2196 2
    endloop
  endfacet
  facet normal -0.956941 -0.290283 0
    outer loop
      vertex 81.0769 54.2196 5
      vertex 81.3045 53.4693 2
      vertex 81.3045 53.4693 5
    endloop
  endfacet
  facet normal 0.881957 -0.471329 0
    outer loop
      vertex 88.3259 52.7777 5
      vertex 88.6955 53.4693 2
      vertex 88.6955 53.4693 5
    endloop
  endfacet
  facet normal 0.881957 -0.471329 0
    outer loop
      vertex 88.6955 53.4693 2
      vertex 88.3259 52.7777 5
      vertex 88.3259 52.7777 2
    endloop
  endfacet
  facet normal -0.99518 0.0980643 0
    outer loop
      vertex 81 55 2
      vertex 81.0769 55.7804 5
      vertex 81.0769 55.7804 2
    endloop
  endfacet
  facet normal -0.99518 0.0980643 0
    outer loop
      vertex 81.0769 55.7804 5
      vertex 81 55 2
      vertex 81 55 5
    endloop
  endfacet
  facet normal 0.0980643 0.99518 -0
    outer loop
      vertex 85.7804 58.9231 2
      vertex 85 59 5
      vertex 85.7804 58.9231 5
    endloop
  endfacet
  facet normal 0.0980643 0.99518 0
    outer loop
      vertex 85 59 5
      vertex 85.7804 58.9231 2
      vertex 85 59 2
    endloop
  endfacet
  facet normal -0.634459 0.772956 0
    outer loop
      vertex 82.7777 58.3259 2
      vertex 82.1716 57.8284 5
      vertex 82.7777 58.3259 5
    endloop
  endfacet
  facet normal -0.634459 0.772956 0
    outer loop
      vertex 82.1716 57.8284 5
      vertex 82.7777 58.3259 2
      vertex 82.1716 57.8284 2
    endloop
  endfacet
  facet normal 0.634459 0.772956 -0
    outer loop
      vertex 87.8284 57.8284 2
      vertex 87.2223 58.3259 5
      vertex 87.8284 57.8284 5
    endloop
  endfacet
  facet normal 0.634459 0.772956 0
    outer loop
      vertex 87.2223 58.3259 5
      vertex 87.8284 57.8284 2
      vertex 87.2223 58.3259 2
    endloop
  endfacet
  facet normal 0.0980643 -0.99518 0
    outer loop
      vertex 85 51 2
      vertex 85.7804 51.0769 5
      vertex 85 51 5
    endloop
  endfacet
  facet normal 0.0980643 -0.99518 0
    outer loop
      vertex 85.7804 51.0769 5
      vertex 85 51 2
      vertex 85.7804 51.0769 2
    endloop
  endfacet
  facet normal 0.471329 0.881957 -0
    outer loop
      vertex 87.2223 58.3259 2
      vertex 86.5307 58.6955 5
      vertex 87.2223 58.3259 5
    endloop
  endfacet
  facet normal 0.471329 0.881957 0
    outer loop
      vertex 86.5307 58.6955 5
      vertex 87.2223 58.3259 2
      vertex 86.5307 58.6955 2
    endloop
  endfacet
  facet normal -0.772956 -0.634459 0
    outer loop
      vertex 82.1716 52.1716 2
      vertex 81.6741 52.7777 5
      vertex 81.6741 52.7777 2
    endloop
  endfacet
  facet normal -0.772956 -0.634459 0
    outer loop
      vertex 81.6741 52.7777 5
      vertex 82.1716 52.1716 2
      vertex 82.1716 52.1716 5
    endloop
  endfacet
  facet normal -0.0980643 -0.99518 0
    outer loop
      vertex 84.2196 51.0769 2
      vertex 85 51 5
      vertex 84.2196 51.0769 5
    endloop
  endfacet
  facet normal -0.0980643 -0.99518 -0
    outer loop
      vertex 85 51 5
      vertex 84.2196 51.0769 2
      vertex 85 51 2
    endloop
  endfacet
  facet normal -0.634459 -0.772956 0
    outer loop
      vertex 82.1716 52.1716 2
      vertex 82.7777 51.6741 5
      vertex 82.1716 52.1716 5
    endloop
  endfacet
  facet normal -0.634459 -0.772956 -0
    outer loop
      vertex 82.7777 51.6741 5
      vertex 82.1716 52.1716 2
      vertex 82.7777 51.6741 2
    endloop
  endfacet
  facet normal -0.956941 0.290283 0
    outer loop
      vertex 81.0769 55.7804 2
      vertex 81.3045 56.5307 5
      vertex 81.3045 56.5307 2
    endloop
  endfacet
  facet normal -0.956941 0.290283 0
    outer loop
      vertex 81.3045 56.5307 5
      vertex 81.0769 55.7804 2
      vertex 81.0769 55.7804 5
    endloop
  endfacet
  facet normal -0.881957 0.471329 0
    outer loop
      vertex 81.3045 56.5307 2
      vertex 81.6741 57.2223 5
      vertex 81.6741 57.2223 2
    endloop
  endfacet
  facet normal -0.881957 0.471329 0
    outer loop
      vertex 81.6741 57.2223 5
      vertex 81.3045 56.5307 2
      vertex 81.3045 56.5307 5
    endloop
  endfacet
  facet normal -0.99518 -0.0980643 0
    outer loop
      vertex 81.0769 54.2196 2
      vertex 81 55 5
      vertex 81 55 2
    endloop
  endfacet
  facet normal -0.99518 -0.0980643 0
    outer loop
      vertex 81 55 5
      vertex 81.0769 54.2196 2
      vertex 81.0769 54.2196 5
    endloop
  endfacet
  facet normal 0.290286 -0.95694 0
    outer loop
      vertex 5.28036 0.576859 7
      vertex 6.03073 0.804482 23
      vertex 5.28036 0.576859 23
    endloop
  endfacet
  facet normal 0.290286 -0.95694 0
    outer loop
      vertex 6.03073 0.804482 23
      vertex 5.28036 0.576859 7
      vertex 6.03073 0.804482 7
    endloop
  endfacet
  facet normal 0.956941 0.290282 0
    outer loop
      vertex 8.42314 5.28036 23
      vertex 8.19552 6.03073 7
      vertex 8.19552 6.03073 23
    endloop
  endfacet
  facet normal 0.956941 0.290282 0
    outer loop
      vertex 8.19552 6.03073 7
      vertex 8.42314 5.28036 23
      vertex 8.42314 5.28036 7
    endloop
  endfacet
  facet normal 0.995185 0.0980187 0
    outer loop
      vertex 8.5 4.5 23
      vertex 8.42314 5.28036 7
      vertex 8.42314 5.28036 23
    endloop
  endfacet
  facet normal 0.995185 0.0980187 0
    outer loop
      vertex 8.42314 5.28036 7
      vertex 8.5 4.5 23
      vertex 8.5 4.5 7
    endloop
  endfacet
  facet normal 0.881922 0.471396 0
    outer loop
      vertex 8.19552 6.03073 23
      vertex 7.82588 6.72228 7
      vertex 7.82588 6.72228 23
    endloop
  endfacet
  facet normal 0.881922 0.471396 0
    outer loop
      vertex 7.82588 6.72228 7
      vertex 8.19552 6.03073 23
      vertex 8.19552 6.03073 7
    endloop
  endfacet
  facet normal -0.881923 -0.471394 0
    outer loop
      vertex 1.17412 2.27772 7
      vertex 0.804482 2.96927 23
      vertex 0.804482 2.96927 7
    endloop
  endfacet
  facet normal -0.881923 -0.471394 0
    outer loop
      vertex 0.804482 2.96927 23
      vertex 1.17412 2.27772 7
      vertex 1.17412 2.27772 23
    endloop
  endfacet
  facet normal 0.290282 0.956941 -0
    outer loop
      vertex 6.03073 8.19552 7
      vertex 5.28036 8.42314 23
      vertex 6.03073 8.19552 23
    endloop
  endfacet
  facet normal 0.290282 0.956941 0
    outer loop
      vertex 5.28036 8.42314 23
      vertex 6.03073 8.19552 7
      vertex 5.28036 8.42314 7
    endloop
  endfacet
  facet normal -0.0980187 0.995185 0
    outer loop
      vertex 4.5 8.5 7
      vertex 3.71964 8.42314 23
      vertex 4.5 8.5 23
    endloop
  endfacet
  facet normal -0.0980187 0.995185 0
    outer loop
      vertex 3.71964 8.42314 23
      vertex 4.5 8.5 7
      vertex 3.71964 8.42314 7
    endloop
  endfacet
  facet normal -0.471394 -0.881923 0
    outer loop
      vertex 2.27772 1.17412 7
      vertex 2.96927 0.804482 23
      vertex 2.27772 1.17412 23
    endloop
  endfacet
  facet normal -0.471394 -0.881923 -0
    outer loop
      vertex 2.96927 0.804482 23
      vertex 2.27772 1.17412 7
      vertex 2.96927 0.804482 7
    endloop
  endfacet
  facet normal -0.471396 0.881922 0
    outer loop
      vertex 2.96927 8.19552 7
      vertex 2.27772 7.82588 23
      vertex 2.96927 8.19552 23
    endloop
  endfacet
  facet normal -0.471396 0.881922 0
    outer loop
      vertex 2.27772 7.82588 23
      vertex 2.96927 8.19552 7
      vertex 2.27772 7.82588 7
    endloop
  endfacet
  facet normal 0.471394 -0.881923 0
    outer loop
      vertex 6.03073 0.804482 7
      vertex 6.72228 1.17412 23
      vertex 6.03073 0.804482 23
    endloop
  endfacet
  facet normal 0.471394 -0.881923 0
    outer loop
      vertex 6.72228 1.17412 23
      vertex 6.03073 0.804482 7
      vertex 6.72228 1.17412 7
    endloop
  endfacet
  facet normal -0.773013 0.63439 0
    outer loop
      vertex 1.17412 6.72228 7
      vertex 1.67157 7.32843 23
      vertex 1.67157 7.32843 7
    endloop
  endfacet
  facet normal -0.773013 0.63439 0
    outer loop
      vertex 1.67157 7.32843 23
      vertex 1.17412 6.72228 7
      vertex 1.17412 6.72228 23
    endloop
  endfacet
  facet normal 0.773013 0.63439 0
    outer loop
      vertex 7.82588 6.72228 23
      vertex 7.32843 7.32843 7
      vertex 7.32843 7.32843 23
    endloop
  endfacet
  facet normal 0.773013 0.63439 0
    outer loop
      vertex 7.32843 7.32843 7
      vertex 7.82588 6.72228 23
      vertex 7.82588 6.72228 7
    endloop
  endfacet
  facet normal 0.773009 -0.634395 0
    outer loop
      vertex 7.82588 2.27772 23
      vertex 7.59796 2 7
      vertex 7.82588 2.27772 7
    endloop
  endfacet
  facet normal 0.773013 -0.63439 -1.50962e-07
    outer loop
      vertex 7.32843 1.67157 23
      vertex 7.59796 2 7
      vertex 7.82588 2.27772 23
    endloop
  endfacet
  facet normal 0.773017 -0.634385 0
    outer loop
      vertex 7.59796 2 7
      vertex 7.32843 1.67157 23
      vertex 7.32843 1.67157 7
    endloop
  endfacet
  facet normal -0.0980175 -0.995185 0
    outer loop
      vertex 3.71964 0.576859 7
      vertex 4.5 0.5 23
      vertex 3.71964 0.576859 23
    endloop
  endfacet
  facet normal -0.0980175 -0.995185 -0
    outer loop
      vertex 4.5 0.5 23
      vertex 3.71964 0.576859 7
      vertex 4.5 0.5 7
    endloop
  endfacet
  facet normal -0.290282 0.956941 0
    outer loop
      vertex 3.71964 8.42314 7
      vertex 2.96927 8.19552 23
      vertex 3.71964 8.42314 23
    endloop
  endfacet
  facet normal -0.290282 0.956941 0
    outer loop
      vertex 2.96927 8.19552 23
      vertex 3.71964 8.42314 7
      vertex 2.96927 8.19552 7
    endloop
  endfacet
  facet normal 0.63439 -0.773013 0
    outer loop
      vertex 6.72228 1.17412 7
      vertex 7.32843 1.67157 23
      vertex 6.72228 1.17412 23
    endloop
  endfacet
  facet normal 0.63439 -0.773013 0
    outer loop
      vertex 7.32843 1.67157 23
      vertex 6.72228 1.17412 7
      vertex 7.32843 1.67157 7
    endloop
  endfacet
  facet normal 0.995185 -0.0980187 0
    outer loop
      vertex 8.42314 3.71964 23
      vertex 8.5 4.5 7
      vertex 8.5 4.5 23
    endloop
  endfacet
  facet normal 0.995185 -0.0980187 0
    outer loop
      vertex 8.5 4.5 7
      vertex 8.42314 3.71964 23
      vertex 8.42314 3.71964 7
    endloop
  endfacet
  facet normal -0.290286 -0.95694 0
    outer loop
      vertex 2.96927 0.804482 7
      vertex 3.71964 0.576859 23
      vertex 2.96927 0.804482 23
    endloop
  endfacet
  facet normal -0.290286 -0.95694 -0
    outer loop
      vertex 3.71964 0.576859 23
      vertex 2.96927 0.804482 7
      vertex 3.71964 0.576859 7
    endloop
  endfacet
  facet normal 0 0 1
    outer loop
      vertex 5.75 4.5 23
      vertex 8.5 4.5 23
      vertex 8.42314 5.28036 23
    endloop
  endfacet
  facet normal 0 0 1
    outer loop
      vertex 5.70741 4.82352 23
      vertex 8.42314 5.28036 23
      vertex 8.19552 6.03073 23
    endloop
  endfacet
  facet normal 0 0 1
    outer loop
      vertex 8.5 4.5 23
      vertex 5.75 4.5 23
      vertex 8.42314 3.71964 23
    endloop
  endfacet
  facet normal 0 0 1
    outer loop
      vertex 5.58253 5.125 23
      vertex 8.19552 6.03073 23
      vertex 7.82588 6.72228 23
    endloop
  endfacet
  facet normal -0 0 1
    outer loop
      vertex 5.70741 4.17648 23
      vertex 8.42314 3.71964 23
      vertex 5.75 4.5 23
    endloop
  endfacet
  facet normal 0 0 1
    outer loop
      vertex 5.38388 5.38388 23
      vertex 7.82588 6.72228 23
      vertex 7.32843 7.32843 23
    endloop
  endfacet
  facet normal 0 0 1
    outer loop
      vertex 8.42314 3.71964 23
      vertex 5.70741 4.17648 23
      vertex 8.19552 2.96927 23
    endloop
  endfacet
  facet normal 0 0 1
    outer loop
      vertex 5.38388 5.38388 23
      vertex 7.32843 7.32843 23
      vertex 6.72228 7.82588 23
    endloop
  endfacet
  facet normal -0 0 1
    outer loop
      vertex 5.58253 3.875 23
      vertex 8.19552 2.96927 23
      vertex 5.70741 4.17648 23
    endloop
  endfacet
  facet normal 0 0 1
    outer loop
      vertex 5.125 5.58253 23
      vertex 6.72228 7.82588 23
      vertex 6.03073 8.19552 23
    endloop
  endfacet
  facet normal 0 0 1
    outer loop
      vertex 8.19552 2.96927 23
      vertex 5.58253 3.875 23
      vertex 7.82588 2.27772 23
    endloop
  endfacet
  facet normal -0 0 1
    outer loop
      vertex 5.38388 3.61612 23
      vertex 7.82588 2.27772 23
      vertex 5.58253 3.875 23
    endloop
  endfacet
  facet normal 0 0 1
    outer loop
      vertex 8.42314 5.28036 23
      vertex 5.70741 4.82352 23
      vertex 5.75 4.5 23
    endloop
  endfacet
  facet normal 0 0 1
    outer loop
      vertex 8.19552 6.03073 23
      vertex 5.58253 5.125 23
      vertex 5.70741 4.82352 23
    endloop
  endfacet
  facet normal 0 0 1
    outer loop
      vertex 7.82588 6.72228 23
      vertex 5.38388 5.38388 23
      vertex 5.58253 5.125 23
    endloop
  endfacet
  facet normal 0 0 1
    outer loop
      vertex 4.82352 5.70741 23
      vertex 6.03073 8.19552 23
      vertex 5.28036 8.42314 23
    endloop
  endfacet
  facet normal 0 0 1
    outer loop
      vertex 6.72228 7.82588 23
      vertex 5.125 5.58253 23
      vertex 5.38388 5.38388 23
    endloop
  endfacet
  facet normal 0 0 1
    outer loop
      vertex 6.03073 8.19552 23
      vertex 4.82352 5.70741 23
      vertex 5.125 5.58253 23
    endloop
  endfacet
  facet normal 0 0 1
    outer loop
      vertex 4.5 5.75 23
      vertex 5.28036 8.42314 23
      vertex 4.5 8.5 23
    endloop
  endfacet
  facet normal 0 0 1
    outer loop
      vertex 5.28036 8.42314 23
      vertex 4.5 5.75 23
      vertex 4.82352 5.70741 23
    endloop
  endfacet
  facet normal -0 0 1
    outer loop
      vertex 3.71964 8.42314 23
      vertex 4.5 5.75 23
      vertex 4.5 8.5 23
    endloop
  endfacet
  facet normal 0 0 1
    outer loop
      vertex 4.5 5.75 23
      vertex 3.71964 8.42314 23
      vertex 4.17648 5.70741 23
    endloop
  endfacet
  facet normal -0 0 1
    outer loop
      vertex 2.96927 8.19552 23
      vertex 4.17648 5.70741 23
      vertex 3.71964 8.42314 23
    endloop
  endfacet
  facet normal 0 0 1
    outer loop
      vertex 4.17648 5.70741 23
      vertex 2.96927 8.19552 23
      vertex 3.875 5.58253 23
    endloop
  endfacet
  facet normal -0 0 1
    outer loop
      vertex 2.27772 7.82588 23
      vertex 3.875 5.58253 23
      vertex 2.96927 8.19552 23
    endloop
  endfacet
  facet normal 0 0 1
    outer loop
      vertex 3.875 5.58253 23
      vertex 2.27772 7.82588 23
      vertex 3.61612 5.38388 23
    endloop
  endfacet
  facet normal -0 0 1
    outer loop
      vertex 1.67157 7.32843 23
      vertex 3.61612 5.38388 23
      vertex 2.27772 7.82588 23
    endloop
  endfacet
  facet normal -0 0 1
    outer loop
      vertex 1.17412 6.72228 23
      vertex 3.61612 5.38388 23
      vertex 1.67157 7.32843 23
    endloop
  endfacet
  facet normal 0 0 1
    outer loop
      vertex 7.82588 2.27772 23
      vertex 5.38388 3.61612 23
      vertex 7.32843 1.67157 23
    endloop
  endfacet
  facet normal 0 0 1
    outer loop
      vertex 7.32843 1.67157 23
      vertex 5.38388 3.61612 23
      vertex 6.72228 1.17412 23
    endloop
  endfacet
  facet normal -0 0 1
    outer loop
      vertex 5.125 3.41747 23
      vertex 6.72228 1.17412 23
      vertex 5.38388 3.61612 23
    endloop
  endfacet
  facet normal 0 0 1
    outer loop
      vertex 6.72228 1.17412 23
      vertex 5.125 3.41747 23
      vertex 6.03073 0.804482 23
    endloop
  endfacet
  facet normal -0 0 1
    outer loop
      vertex 4.82352 3.29259 23
      vertex 6.03073 0.804482 23
      vertex 5.125 3.41747 23
    endloop
  endfacet
  facet normal 0 0 1
    outer loop
      vertex 6.03073 0.804482 23
      vertex 4.82352 3.29259 23
      vertex 5.28036 0.576859 23
    endloop
  endfacet
  facet normal -0 0 1
    outer loop
      vertex 4.5 3.25 23
      vertex 5.28036 0.576859 23
      vertex 4.82352 3.29259 23
    endloop
  endfacet
  facet normal 0 0 1
    outer loop
      vertex 4.5 3.25 23
      vertex 4.5 0.5 23
      vertex 5.28036 0.576859 23
    endloop
  endfacet
  facet normal 0 0 1
    outer loop
      vertex 3.71964 0.576859 23
      vertex 4.5 3.25 23
      vertex 4.17648 3.29259 23
    endloop
  endfacet
  facet normal 0 0 1
    outer loop
      vertex 2.96927 0.804482 23
      vertex 4.17648 3.29259 23
      vertex 3.875 3.41747 23
    endloop
  endfacet
  facet normal 0 0 1
    outer loop
      vertex 4.5 3.25 23
      vertex 3.71964 0.576859 23
      vertex 4.5 0.5 23
    endloop
  endfacet
  facet normal 0 0 1
    outer loop
      vertex 2.27772 1.17412 23
      vertex 3.875 3.41747 23
      vertex 3.61612 3.61612 23
    endloop
  endfacet
  facet normal 0 0 1
    outer loop
      vertex 1.17412 2.27772 23
      vertex 3.61612 3.61612 23
      vertex 3.41747 3.875 23
    endloop
  endfacet
  facet normal 0 0 1
    outer loop
      vertex 0.804482 2.96927 23
      vertex 3.41747 3.875 23
      vertex 3.29259 4.17648 23
    endloop
  endfacet
  facet normal 0 0 1
    outer loop
      vertex 0.576859 3.71964 23
      vertex 3.29259 4.17648 23
      vertex 3.25 4.5 23
    endloop
  endfacet
  facet normal 0 0 1
    outer loop
      vertex 4.17648 3.29259 23
      vertex 2.96927 0.804482 23
      vertex 3.71964 0.576859 23
    endloop
  endfacet
  facet normal 0 0 1
    outer loop
      vertex 3.61612 5.38388 23
      vertex 1.17412 6.72228 23
      vertex 3.41747 5.125 23
    endloop
  endfacet
  facet normal -0 0 1
    outer loop
      vertex 0.804482 6.03073 23
      vertex 3.41747 5.125 23
      vertex 1.17412 6.72228 23
    endloop
  endfacet
  facet normal 0 0 1
    outer loop
      vertex 3.875 3.41747 23
      vertex 2.27772 1.17412 23
      vertex 2.96927 0.804482 23
    endloop
  endfacet
  facet normal 0 0 1
    outer loop
      vertex 3.41747 5.125 23
      vertex 0.804482 6.03073 23
      vertex 3.29259 4.82352 23
    endloop
  endfacet
  facet normal 0 0 1
    outer loop
      vertex 3.61612 3.61612 23
      vertex 1.67157 1.67157 23
      vertex 2.27772 1.17412 23
    endloop
  endfacet
  facet normal -0 0 1
    outer loop
      vertex 0.576859 5.28036 23
      vertex 3.29259 4.82352 23
      vertex 0.804482 6.03073 23
    endloop
  endfacet
  facet normal 0 0 1
    outer loop
      vertex 3.61612 3.61612 23
      vertex 1.17412 2.27772 23
      vertex 1.67157 1.67157 23
    endloop
  endfacet
  facet normal 0 0 1
    outer loop
      vertex 3.29259 4.82352 23
      vertex 0.576859 5.28036 23
      vertex 3.25 4.5 23
    endloop
  endfacet
  facet normal 0 0 1
    outer loop
      vertex 3.41747 3.875 23
      vertex 0.804482 2.96927 23
      vertex 1.17412 2.27772 23
    endloop
  endfacet
  facet normal 0 0 1
    outer loop
      vertex 0.5 4.5 23
      vertex 3.25 4.5 23
      vertex 0.576859 5.28036 23
    endloop
  endfacet
  facet normal 0 0 1
    outer loop
      vertex 3.29259 4.17648 23
      vertex 0.576859 3.71964 23
      vertex 0.804482 2.96927 23
    endloop
  endfacet
  facet normal 0 0 1
    outer loop
      vertex 3.25 4.5 23
      vertex 0.5 4.5 23
      vertex 0.576859 3.71964 23
    endloop
  endfacet
  facet normal 0.956941 -0.290282 0
    outer loop
      vertex 8.19552 2.96927 23
      vertex 8.42314 3.71964 7
      vertex 8.42314 3.71964 23
    endloop
  endfacet
  facet normal 0.956941 -0.290282 0
    outer loop
      vertex 8.42314 3.71964 7
      vertex 8.19552 2.96927 23
      vertex 8.19552 2.96927 7
    endloop
  endfacet
  facet normal -0.95694 -0.290286 0
    outer loop
      vertex 0.804482 2.96927 7
      vertex 0.576859 3.71964 23
      vertex 0.576859 3.71964 7
    endloop
  endfacet
  facet normal -0.95694 -0.290286 0
    outer loop
      vertex 0.576859 3.71964 23
      vertex 0.804482 2.96927 7
      vertex 0.804482 2.96927 23
    endloop
  endfacet
  facet normal 0.881922 -0.471396 0
    outer loop
      vertex 7.82588 2.27772 23
      vertex 8.19552 2.96927 7
      vertex 8.19552 2.96927 23
    endloop
  endfacet
  facet normal 0.881922 -0.471396 0
    outer loop
      vertex 8.19552 2.96927 7
      vertex 7.82588 2.27772 23
      vertex 7.82588 2.27772 7
    endloop
  endfacet
  facet normal -0.995185 0.0980175 0
    outer loop
      vertex 0.5 4.5 7
      vertex 0.576859 5.28036 23
      vertex 0.576859 5.28036 7
    endloop
  endfacet
  facet normal -0.995185 0.0980175 0
    outer loop
      vertex 0.576859 5.28036 23
      vertex 0.5 4.5 7
      vertex 0.5 4.5 23
    endloop
  endfacet
  facet normal 0.0980187 0.995185 -0
    outer loop
      vertex 5.28036 8.42314 7
      vertex 4.5 8.5 23
      vertex 5.28036 8.42314 23
    endloop
  endfacet
  facet normal 0.0980187 0.995185 0
    outer loop
      vertex 4.5 8.5 23
      vertex 5.28036 8.42314 7
      vertex 4.5 8.5 7
    endloop
  endfacet
  facet normal -0.634395 0.773009 0
    outer loop
      vertex 2 7.59796 7
      vertex 2.27772 7.82588 23
      vertex 2.27772 7.82588 7
    endloop
  endfacet
  facet normal -0.63439 0.773013 -1.50962e-07
    outer loop
      vertex 2.27772 7.82588 23
      vertex 2 7.59796 7
      vertex 1.67157 7.32843 23
    endloop
  endfacet
  facet normal -0.634385 0.773017 0
    outer loop
      vertex 1.67157 7.32843 23
      vertex 2 7.59796 7
      vertex 1.67157 7.32843 7
    endloop
  endfacet
  facet normal 0.63439 0.773013 -0
    outer loop
      vertex 7.32843 7.32843 7
      vertex 6.72228 7.82588 23
      vertex 7.32843 7.32843 23
    endloop
  endfacet
  facet normal 0.63439 0.773013 0
    outer loop
      vertex 6.72228 7.82588 23
      vertex 7.32843 7.32843 7
      vertex 6.72228 7.82588 7
    endloop
  endfacet
  facet normal 0.0980175 -0.995185 0
    outer loop
      vertex 4.5 0.5 7
      vertex 5.28036 0.576859 23
      vertex 4.5 0.5 23
    endloop
  endfacet
  facet normal 0.0980175 -0.995185 0
    outer loop
      vertex 5.28036 0.576859 23
      vertex 4.5 0.5 7
      vertex 5.28036 0.576859 7
    endloop
  endfacet
  facet normal 0.471396 0.881922 -0
    outer loop
      vertex 6.72228 7.82588 7
      vertex 6.03073 8.19552 23
      vertex 6.72228 7.82588 23
    endloop
  endfacet
  facet normal 0.471396 0.881922 0
    outer loop
      vertex 6.03073 8.19552 23
      vertex 6.72228 7.82588 7
      vertex 6.03073 8.19552 7
    endloop
  endfacet
  facet normal -0.773013 -0.63439 0
    outer loop
      vertex 1.67157 1.67157 7
      vertex 1.17412 2.27772 23
      vertex 1.17412 2.27772 7
    endloop
  endfacet
  facet normal -0.773013 -0.63439 0
    outer loop
      vertex 1.17412 2.27772 23
      vertex 1.67157 1.67157 7
      vertex 1.67157 1.67157 23
    endloop
  endfacet
  facet normal -0.63439 -0.773013 0
    outer loop
      vertex 1.67157 1.67157 7
      vertex 2.27772 1.17412 23
      vertex 1.67157 1.67157 23
    endloop
  endfacet
  facet normal -0.63439 -0.773013 -0
    outer loop
      vertex 2.27772 1.17412 23
      vertex 1.67157 1.67157 7
      vertex 2.27772 1.17412 7
    endloop
  endfacet
  facet normal -0.95694 0.290286 0
    outer loop
      vertex 0.576859 5.28036 7
      vertex 0.804482 6.03073 23
      vertex 0.804482 6.03073 7
    endloop
  endfacet
  facet normal -0.95694 0.290286 0
    outer loop
      vertex 0.804482 6.03073 23
      vertex 0.576859 5.28036 7
      vertex 0.576859 5.28036 23
    endloop
  endfacet
  facet normal -0.881923 0.471394 0
    outer loop
      vertex 0.804482 6.03073 7
      vertex 1.17412 6.72228 23
      vertex 1.17412 6.72228 7
    endloop
  endfacet
  facet normal -0.881923 0.471394 0
    outer loop
      vertex 1.17412 6.72228 23
      vertex 0.804482 6.03073 7
      vertex 0.804482 6.03073 23
    endloop
  endfacet
  facet normal -0.995185 -0.0980175 0
    outer loop
      vertex 0.576859 3.71964 7
      vertex 0.5 4.5 23
      vertex 0.5 4.5 7
    endloop
  endfacet
  facet normal -0.995185 -0.0980175 0
    outer loop
      vertex 0.5 4.5 23
      vertex 0.576859 3.71964 7
      vertex 0.576859 3.71964 23
    endloop
  endfacet
  facet normal 0.290259 -0.956948 0
    outer loop
      vertex 5.28036 52.5769 7
      vertex 6.03073 52.8045 23
      vertex 5.28036 52.5769 23
    endloop
  endfacet
  facet normal 0.290259 -0.956948 0
    outer loop
      vertex 6.03073 52.8045 23
      vertex 5.28036 52.5769 7
      vertex 6.03073 52.8045 7
    endloop
  endfacet
  facet normal 0.956934 0.290307 0
    outer loop
      vertex 8.42314 57.2804 23
      vertex 8.19552 58.0307 7
      vertex 8.19552 58.0307 23
    endloop
  endfacet
  facet normal 0.956934 0.290307 0
    outer loop
      vertex 8.19552 58.0307 7
      vertex 8.42314 57.2804 23
      vertex 8.42314 57.2804 7
    endloop
  endfacet
  facet normal 0.995185 0.0980137 0
    outer loop
      vertex 8.5 56.5 23
      vertex 8.42314 57.2804 7
      vertex 8.42314 57.2804 23
    endloop
  endfacet
  facet normal 0.995185 0.0980137 0
    outer loop
      vertex 8.42314 57.2804 7
      vertex 8.5 56.5 23
      vertex 8.5 56.5 7
    endloop
  endfacet
  facet normal 0.881936 0.471369 0
    outer loop
      vertex 8.19552 58.0307 23
      vertex 7.82588 58.7223 7
      vertex 7.82588 58.7223 23
    endloop
  endfacet
  facet normal 0.881936 0.471369 0
    outer loop
      vertex 7.82588 58.7223 7
      vertex 8.19552 58.0307 23
      vertex 8.19552 58.0307 7
    endloop
  endfacet
  facet normal -0.881937 -0.471367 0
    outer loop
      vertex 1.17412 54.2777 7
      vertex 0.804482 54.9693 23
      vertex 0.804482 54.9693 7
    endloop
  endfacet
  facet normal -0.881937 -0.471367 0
    outer loop
      vertex 0.804482 54.9693 23
      vertex 1.17412 54.2777 7
      vertex 1.17412 54.2777 23
    endloop
  endfacet
  facet normal 0.290259 0.956948 -0
    outer loop
      vertex 6.03073 60.1955 7
      vertex 5.28036 60.4231 23
      vertex 6.03073 60.1955 23
    endloop
  endfacet
  facet normal 0.290259 0.956948 0
    outer loop
      vertex 5.28036 60.4231 23
      vertex 6.03073 60.1955 7
      vertex 5.28036 60.4231 7
    endloop
  endfacet
  facet normal -0.0980692 0.99518 0
    outer loop
      vertex 4.5 60.5 7
      vertex 3.71964 60.4231 23
      vertex 4.5 60.5 23
    endloop
  endfacet
  facet normal -0.0980692 0.99518 0
    outer loop
      vertex 3.71964 60.4231 23
      vertex 4.5 60.5 7
      vertex 3.71964 60.4231 7
    endloop
  endfacet
  facet normal -0.471356 -0.881943 0
    outer loop
      vertex 2.27772 53.1741 7
      vertex 2.96927 52.8045 23
      vertex 2.27772 53.1741 23
    endloop
  endfacet
  facet normal -0.471356 -0.881943 -0
    outer loop
      vertex 2.96927 52.8045 23
      vertex 2.27772 53.1741 7
      vertex 2.96927 52.8045 7
    endloop
  endfacet
  facet normal -0.471356 0.881943 0
    outer loop
      vertex 2.96927 60.1955 7
      vertex 2.27772 59.8259 23
      vertex 2.96927 60.1955 23
    endloop
  endfacet
  facet normal -0.471356 0.881943 0
    outer loop
      vertex 2.27772 59.8259 23
      vertex 2.96927 60.1955 7
      vertex 2.27772 59.8259 7
    endloop
  endfacet
  facet normal 0.471356 -0.881943 0
    outer loop
      vertex 6.03073 52.8045 7
      vertex 6.72228 53.1741 23
      vertex 6.03073 52.8045 23
    endloop
  endfacet
  facet normal 0.471356 -0.881943 0
    outer loop
      vertex 6.72228 53.1741 23
      vertex 6.03073 52.8045 7
      vertex 6.72228 53.1741 7
    endloop
  endfacet
  facet normal -0.772988 0.634421 0
    outer loop
      vertex 1.17412 58.7223 7
      vertex 1.67157 59.3284 23
      vertex 1.67157 59.3284 7
    endloop
  endfacet
  facet normal -0.772988 0.634421 0
    outer loop
      vertex 1.67157 59.3284 23
      vertex 1.17412 58.7223 7
      vertex 1.17412 58.7223 23
    endloop
  endfacet
  facet normal 0.772988 0.63442 0
    outer loop
      vertex 7.32843 59.3284 23
      vertex 7.59796 59 7
      vertex 7.32843 59.3284 7
    endloop
  endfacet
  facet normal 0.772988 0.634421 -3.563e-08
    outer loop
      vertex 7.82588 58.7223 23
      vertex 7.59796 59 7
      vertex 7.32843 59.3284 23
    endloop
  endfacet
  facet normal 0.772987 0.634422 0
    outer loop
      vertex 7.59796 59 7
      vertex 7.82588 58.7223 23
      vertex 7.82588 58.7223 7
    endloop
  endfacet
  facet normal 0.772988 -0.634421 0
    outer loop
      vertex 7.32843 53.6716 23
      vertex 7.82588 54.2777 7
      vertex 7.82588 54.2777 23
    endloop
  endfacet
  facet normal 0.772988 -0.634421 0
    outer loop
      vertex 7.82588 54.2777 7
      vertex 7.32843 53.6716 23
      vertex 7.32843 53.6716 7
    endloop
  endfacet
  facet normal -0.0980692 -0.99518 0
    outer loop
      vertex 3.71964 52.5769 7
      vertex 4.5 52.5 23
      vertex 3.71964 52.5769 23
    endloop
  endfacet
  facet normal -0.0980692 -0.99518 -0
    outer loop
      vertex 4.5 52.5 23
      vertex 3.71964 52.5769 7
      vertex 4.5 52.5 7
    endloop
  endfacet
  facet normal -0.290259 0.956948 0
    outer loop
      vertex 3.71964 60.4231 7
      vertex 2.96927 60.1955 23
      vertex 3.71964 60.4231 23
    endloop
  endfacet
  facet normal -0.290259 0.956948 0
    outer loop
      vertex 2.96927 60.1955 23
      vertex 3.71964 60.4231 7
      vertex 2.96927 60.1955 7
    endloop
  endfacet
  facet normal 0.634428 -0.772982 0
    outer loop
      vertex 6.72228 53.1741 7
      vertex 7.32843 53.6716 23
      vertex 6.72228 53.1741 23
    endloop
  endfacet
  facet normal 0.634428 -0.772982 0
    outer loop
      vertex 7.32843 53.6716 23
      vertex 6.72228 53.1741 7
      vertex 7.32843 53.6716 7
    endloop
  endfacet
  facet normal 0.995185 -0.0980137 0
    outer loop
      vertex 8.42314 55.7196 23
      vertex 8.5 56.5 7
      vertex 8.5 56.5 23
    endloop
  endfacet
  facet normal 0.995185 -0.0980137 0
    outer loop
      vertex 8.5 56.5 7
      vertex 8.42314 55.7196 23
      vertex 8.42314 55.7196 7
    endloop
  endfacet
  facet normal -0.290259 -0.956948 0
    outer loop
      vertex 2.96927 52.8045 7
      vertex 3.71964 52.5769 23
      vertex 2.96927 52.8045 23
    endloop
  endfacet
  facet normal -0.290259 -0.956948 -0
    outer loop
      vertex 3.71964 52.5769 23
      vertex 2.96927 52.8045 7
      vertex 3.71964 52.5769 7
    endloop
  endfacet
  facet normal 0 0 1
    outer loop
      vertex 5.75 56.5 23
      vertex 8.5 56.5 23
      vertex 8.42314 57.2804 23
    endloop
  endfacet
  facet normal 0 0 1
    outer loop
      vertex 5.70741 56.8235 23
      vertex 8.42314 57.2804 23
      vertex 8.19552 58.0307 23
    endloop
  endfacet
  facet normal 0 0 1
    outer loop
      vertex 8.5 56.5 23
      vertex 5.75 56.5 23
      vertex 8.42314 55.7196 23
    endloop
  endfacet
  facet normal 0 0 1
    outer loop
      vertex 5.58253 57.125 23
      vertex 8.19552 58.0307 23
      vertex 7.82588 58.7223 23
    endloop
  endfacet
  facet normal -0 0 1
    outer loop
      vertex 5.70741 56.1765 23
      vertex 8.42314 55.7196 23
      vertex 5.75 56.5 23
    endloop
  endfacet
  facet normal 0 0 1
    outer loop
      vertex 5.38388 57.3839 23
      vertex 7.82588 58.7223 23
      vertex 7.32843 59.3284 23
    endloop
  endfacet
  facet normal 0 0 1
    outer loop
      vertex 8.42314 55.7196 23
      vertex 5.70741 56.1765 23
      vertex 8.19552 54.9693 23
    endloop
  endfacet
  facet normal 0 0 1
    outer loop
      vertex 5.38388 57.3839 23
      vertex 7.32843 59.3284 23
      vertex 6.72228 59.8259 23
    endloop
  endfacet
  facet normal -0 0 1
    outer loop
      vertex 5.58253 55.875 23
      vertex 8.19552 54.9693 23
      vertex 5.70741 56.1765 23
    endloop
  endfacet
  facet normal 0 0 1
    outer loop
      vertex 5.125 57.5825 23
      vertex 6.72228 59.8259 23
      vertex 6.03073 60.1955 23
    endloop
  endfacet
  facet normal 0 0 1
    outer loop
      vertex 8.19552 54.9693 23
      vertex 5.58253 55.875 23
      vertex 7.82588 54.2777 23
    endloop
  endfacet
  facet normal -0 0 1
    outer loop
      vertex 5.38388 55.6161 23
      vertex 7.82588 54.2777 23
      vertex 5.58253 55.875 23
    endloop
  endfacet
  facet normal 0 0 1
    outer loop
      vertex 8.42314 57.2804 23
      vertex 5.70741 56.8235 23
      vertex 5.75 56.5 23
    endloop
  endfacet
  facet normal 0 0 1
    outer loop
      vertex 8.19552 58.0307 23
      vertex 5.58253 57.125 23
      vertex 5.70741 56.8235 23
    endloop
  endfacet
  facet normal 0 0 1
    outer loop
      vertex 7.82588 58.7223 23
      vertex 5.38388 57.3839 23
      vertex 5.58253 57.125 23
    endloop
  endfacet
  facet normal 0 0 1
    outer loop
      vertex 4.82352 57.7074 23
      vertex 6.03073 60.1955 23
      vertex 5.28036 60.4231 23
    endloop
  endfacet
  facet normal 0 0 1
    outer loop
      vertex 6.72228 59.8259 23
      vertex 5.125 57.5825 23
      vertex 5.38388 57.3839 23
    endloop
  endfacet
  facet normal 0 0 1
    outer loop
      vertex 6.03073 60.1955 23
      vertex 4.82352 57.7074 23
      vertex 5.125 57.5825 23
    endloop
  endfacet
  facet normal 0 0 1
    outer loop
      vertex 4.5 57.75 23
      vertex 5.28036 60.4231 23
      vertex 4.5 60.5 23
    endloop
  endfacet
  facet normal 0 0 1
    outer loop
      vertex 5.28036 60.4231 23
      vertex 4.5 57.75 23
      vertex 4.82352 57.7074 23
    endloop
  endfacet
  facet normal -0 0 1
    outer loop
      vertex 3.71964 60.4231 23
      vertex 4.5 57.75 23
      vertex 4.5 60.5 23
    endloop
  endfacet
  facet normal 0 0 1
    outer loop
      vertex 4.5 57.75 23
      vertex 3.71964 60.4231 23
      vertex 4.17648 57.7074 23
    endloop
  endfacet
  facet normal -0 0 1
    outer loop
      vertex 2.96927 60.1955 23
      vertex 4.17648 57.7074 23
      vertex 3.71964 60.4231 23
    endloop
  endfacet
  facet normal 0 0 1
    outer loop
      vertex 4.17648 57.7074 23
      vertex 2.96927 60.1955 23
      vertex 3.875 57.5825 23
    endloop
  endfacet
  facet normal -0 0 1
    outer loop
      vertex 2.27772 59.8259 23
      vertex 3.875 57.5825 23
      vertex 2.96927 60.1955 23
    endloop
  endfacet
  facet normal 0 0 1
    outer loop
      vertex 3.875 57.5825 23
      vertex 2.27772 59.8259 23
      vertex 3.61612 57.3839 23
    endloop
  endfacet
  facet normal -0 0 1
    outer loop
      vertex 1.67157 59.3284 23
      vertex 3.61612 57.3839 23
      vertex 2.27772 59.8259 23
    endloop
  endfacet
  facet normal -0 0 1
    outer loop
      vertex 1.17412 58.7223 23
      vertex 3.61612 57.3839 23
      vertex 1.67157 59.3284 23
    endloop
  endfacet
  facet normal 0 0 1
    outer loop
      vertex 7.82588 54.2777 23
      vertex 5.38388 55.6161 23
      vertex 7.32843 53.6716 23
    endloop
  endfacet
  facet normal 0 0 1
    outer loop
      vertex 7.32843 53.6716 23
      vertex 5.38388 55.6161 23
      vertex 6.72228 53.1741 23
    endloop
  endfacet
  facet normal -0 0 1
    outer loop
      vertex 5.125 55.4175 23
      vertex 6.72228 53.1741 23
      vertex 5.38388 55.6161 23
    endloop
  endfacet
  facet normal 0 0 1
    outer loop
      vertex 6.72228 53.1741 23
      vertex 5.125 55.4175 23
      vertex 6.03073 52.8045 23
    endloop
  endfacet
  facet normal -0 0 1
    outer loop
      vertex 4.82352 55.2926 23
      vertex 6.03073 52.8045 23
      vertex 5.125 55.4175 23
    endloop
  endfacet
  facet normal 0 0 1
    outer loop
      vertex 6.03073 52.8045 23
      vertex 4.82352 55.2926 23
      vertex 5.28036 52.5769 23
    endloop
  endfacet
  facet normal -0 0 1
    outer loop
      vertex 4.5 55.25 23
      vertex 5.28036 52.5769 23
      vertex 4.82352 55.2926 23
    endloop
  endfacet
  facet normal 0 0 1
    outer loop
      vertex 4.5 55.25 23
      vertex 4.5 52.5 23
      vertex 5.28036 52.5769 23
    endloop
  endfacet
  facet normal 0 0 1
    outer loop
      vertex 3.71964 52.5769 23
      vertex 4.5 55.25 23
      vertex 4.17648 55.2926 23
    endloop
  endfacet
  facet normal 0 0 1
    outer loop
      vertex 2.96927 52.8045 23
      vertex 4.17648 55.2926 23
      vertex 3.875 55.4175 23
    endloop
  endfacet
  facet normal 0 0 1
    outer loop
      vertex 4.5 55.25 23
      vertex 3.71964 52.5769 23
      vertex 4.5 52.5 23
    endloop
  endfacet
  facet normal 0 0 1
    outer loop
      vertex 2.27772 53.1741 23
      vertex 3.875 55.4175 23
      vertex 3.61612 55.6161 23
    endloop
  endfacet
  facet normal 0 0 1
    outer loop
      vertex 1.17412 54.2777 23
      vertex 3.61612 55.6161 23
      vertex 3.41747 55.875 23
    endloop
  endfacet
  facet normal 0 0 1
    outer loop
      vertex 0.804482 54.9693 23
      vertex 3.41747 55.875 23
      vertex 3.29259 56.1765 23
    endloop
  endfacet
  facet normal 0 0 1
    outer loop
      vertex 0.576859 55.7196 23
      vertex 3.29259 56.1765 23
      vertex 3.25 56.5 23
    endloop
  endfacet
  facet normal 0 0 1
    outer loop
      vertex 4.17648 55.2926 23
      vertex 2.96927 52.8045 23
      vertex 3.71964 52.5769 23
    endloop
  endfacet
  facet normal 0 0 1
    outer loop
      vertex 3.61612 57.3839 23
      vertex 1.17412 58.7223 23
      vertex 3.41747 57.125 23
    endloop
  endfacet
  facet normal -0 0 1
    outer loop
      vertex 0.804482 58.0307 23
      vertex 3.41747 57.125 23
      vertex 1.17412 58.7223 23
    endloop
  endfacet
  facet normal 0 0 1
    outer loop
      vertex 3.875 55.4175 23
      vertex 2.27772 53.1741 23
      vertex 2.96927 52.8045 23
    endloop
  endfacet
  facet normal 0 0 1
    outer loop
      vertex 3.41747 57.125 23
      vertex 0.804482 58.0307 23
      vertex 3.29259 56.8235 23
    endloop
  endfacet
  facet normal 0 0 1
    outer loop
      vertex 3.61612 55.6161 23
      vertex 1.67157 53.6716 23
      vertex 2.27772 53.1741 23
    endloop
  endfacet
  facet normal -0 0 1
    outer loop
      vertex 0.576859 57.2804 23
      vertex 3.29259 56.8235 23
      vertex 0.804482 58.0307 23
    endloop
  endfacet
  facet normal 0 0 1
    outer loop
      vertex 3.61612 55.6161 23
      vertex 1.17412 54.2777 23
      vertex 1.67157 53.6716 23
    endloop
  endfacet
  facet normal 0 0 1
    outer loop
      vertex 3.29259 56.8235 23
      vertex 0.576859 57.2804 23
      vertex 3.25 56.5 23
    endloop
  endfacet
  facet normal 0 0 1
    outer loop
      vertex 3.41747 55.875 23
      vertex 0.804482 54.9693 23
      vertex 1.17412 54.2777 23
    endloop
  endfacet
  facet normal 0 0 1
    outer loop
      vertex 0.5 56.5 23
      vertex 3.25 56.5 23
      vertex 0.576859 57.2804 23
    endloop
  endfacet
  facet normal 0 0 1
    outer loop
      vertex 3.29259 56.1765 23
      vertex 0.576859 55.7196 23
      vertex 0.804482 54.9693 23
    endloop
  endfacet
  facet normal 0 0 1
    outer loop
      vertex 3.25 56.5 23
      vertex 0.5 56.5 23
      vertex 0.576859 55.7196 23
    endloop
  endfacet
  facet normal 0.956934 -0.290307 0
    outer loop
      vertex 8.19552 54.9693 23
      vertex 8.42314 55.7196 7
      vertex 8.42314 55.7196 23
    endloop
  endfacet
  facet normal 0.956934 -0.290307 0
    outer loop
      vertex 8.42314 55.7196 7
      vertex 8.19552 54.9693 23
      vertex 8.19552 54.9693 7
    endloop
  endfacet
  facet normal -0.956933 -0.29031 0
    outer loop
      vertex 0.804482 54.9693 7
      vertex 0.576859 55.7196 23
      vertex 0.576859 55.7196 7
    endloop
  endfacet
  facet normal -0.956933 -0.29031 0
    outer loop
      vertex 0.576859 55.7196 23
      vertex 0.804482 54.9693 7
      vertex 0.804482 54.9693 23
    endloop
  endfacet
  facet normal 0.881936 -0.471369 0
    outer loop
      vertex 7.82588 54.2777 23
      vertex 8.19552 54.9693 7
      vertex 8.19552 54.9693 23
    endloop
  endfacet
  facet normal 0.881936 -0.471369 0
    outer loop
      vertex 8.19552 54.9693 7
      vertex 7.82588 54.2777 23
      vertex 7.82588 54.2777 7
    endloop
  endfacet
  facet normal -0.995185 0.0980125 0
    outer loop
      vertex 0.5 56.5 7
      vertex 0.576859 57.2804 23
      vertex 0.576859 57.2804 7
    endloop
  endfacet
  facet normal -0.995185 0.0980125 0
    outer loop
      vertex 0.576859 57.2804 23
      vertex 0.5 56.5 7
      vertex 0.5 56.5 23
    endloop
  endfacet
  facet normal 0.0980692 0.99518 -0
    outer loop
      vertex 5.28036 60.4231 7
      vertex 4.5 60.5 23
      vertex 5.28036 60.4231 23
    endloop
  endfacet
  facet normal 0.0980692 0.99518 0
    outer loop
      vertex 4.5 60.5 23
      vertex 5.28036 60.4231 7
      vertex 4.5 60.5 7
    endloop
  endfacet
  facet normal -0.634428 0.772982 0
    outer loop
      vertex 2.27772 59.8259 7
      vertex 1.67157 59.3284 23
      vertex 2.27772 59.8259 23
    endloop
  endfacet
  facet normal -0.634428 0.772982 0
    outer loop
      vertex 1.67157 59.3284 23
      vertex 2.27772 59.8259 7
      vertex 1.67157 59.3284 7
    endloop
  endfacet
  facet normal 0.634428 0.772982 -0
    outer loop
      vertex 7.32843 59.3284 7
      vertex 6.72228 59.8259 23
      vertex 7.32843 59.3284 23
    endloop
  endfacet
  facet normal 0.634428 0.772982 0
    outer loop
      vertex 6.72228 59.8259 23
      vertex 7.32843 59.3284 7
      vertex 6.72228 59.8259 7
    endloop
  endfacet
  facet normal 0.0980692 -0.99518 0
    outer loop
      vertex 4.5 52.5 7
      vertex 5.28036 52.5769 23
      vertex 4.5 52.5 23
    endloop
  endfacet
  facet normal 0.0980692 -0.99518 0
    outer loop
      vertex 5.28036 52.5769 23
      vertex 4.5 52.5 7
      vertex 5.28036 52.5769 7
    endloop
  endfacet
  facet normal 0.471356 0.881943 -0
    outer loop
      vertex 6.72228 59.8259 7
      vertex 6.03073 60.1955 23
      vertex 6.72228 59.8259 23
    endloop
  endfacet
  facet normal 0.471356 0.881943 0
    outer loop
      vertex 6.03073 60.1955 23
      vertex 6.72228 59.8259 7
      vertex 6.03073 60.1955 7
    endloop
  endfacet
  facet normal -0.772988 -0.634421 0
    outer loop
      vertex 1.67157 53.6716 7
      vertex 1.17412 54.2777 23
      vertex 1.17412 54.2777 7
    endloop
  endfacet
  facet normal -0.772988 -0.634421 0
    outer loop
      vertex 1.17412 54.2777 23
      vertex 1.67157 53.6716 7
      vertex 1.67157 53.6716 23
    endloop
  endfacet
  facet normal -0.634484 -0.772936 0
    outer loop
      vertex 2 53.402 7
      vertex 1.67157 53.6716 23
      vertex 1.67157 53.6716 7
    endloop
  endfacet
  facet normal -0.634428 -0.772982 1.92201e-06
    outer loop
      vertex 1.67157 53.6716 23
      vertex 2 53.402 7
      vertex 2.27772 53.1741 23
    endloop
  endfacet
  facet normal -0.634362 -0.773036 -0
    outer loop
      vertex 2.27772 53.1741 23
      vertex 2 53.402 7
      vertex 2.27772 53.1741 7
    endloop
  endfacet
  facet normal -0.956933 0.29031 0
    outer loop
      vertex 0.576859 57.2804 7
      vertex 0.804482 58.0307 23
      vertex 0.804482 58.0307 7
    endloop
  endfacet
  facet normal -0.956933 0.29031 0
    outer loop
      vertex 0.804482 58.0307 23
      vertex 0.576859 57.2804 7
      vertex 0.576859 57.2804 23
    endloop
  endfacet
  facet normal -0.881937 0.471367 0
    outer loop
      vertex 0.804482 58.0307 7
      vertex 1.17412 58.7223 23
      vertex 1.17412 58.7223 7
    endloop
  endfacet
  facet normal -0.881937 0.471367 0
    outer loop
      vertex 1.17412 58.7223 23
      vertex 0.804482 58.0307 7
      vertex 0.804482 58.0307 23
    endloop
  endfacet
  facet normal -0.995185 -0.0980125 0
    outer loop
      vertex 0.576859 55.7196 7
      vertex 0.5 56.5 23
      vertex 0.5 56.5 7
    endloop
  endfacet
  facet normal -0.995185 -0.0980125 0
    outer loop
      vertex 0.5 56.5 23
      vertex 0.576859 55.7196 7
      vertex 0.576859 55.7196 23
    endloop
  endfacet
  facet normal 0.29031 -0.956933 0
    outer loop
      vertex 87.2804 0.576859 7
      vertex 88.0307 0.804482 23
      vertex 87.2804 0.576859 23
    endloop
  endfacet
  facet normal 0.29031 -0.956933 0
    outer loop
      vertex 88.0307 0.804482 23
      vertex 87.2804 0.576859 7
      vertex 88.0307 0.804482 7
    endloop
  endfacet
  facet normal 0.956948 0.290259 0
    outer loop
      vertex 90.4231 5.28036 23
      vertex 90.1955 6.03073 7
      vertex 90.1955 6.03073 23
    endloop
  endfacet
  facet normal 0.956948 0.290259 0
    outer loop
      vertex 90.1955 6.03073 7
      vertex 90.4231 5.28036 23
      vertex 90.4231 5.28036 7
    endloop
  endfacet
  facet normal 0.99518 0.0980692 0
    outer loop
      vertex 90.5 4.5 23
      vertex 90.4231 5.28036 7
      vertex 90.4231 5.28036 23
    endloop
  endfacet
  facet normal 0.99518 0.0980692 0
    outer loop
      vertex 90.4231 5.28036 7
      vertex 90.5 4.5 23
      vertex 90.5 4.5 7
    endloop
  endfacet
  facet normal 0.881943 0.471356 0
    outer loop
      vertex 90.1955 6.03073 23
      vertex 89.8259 6.72228 7
      vertex 89.8259 6.72228 23
    endloop
  endfacet
  facet normal 0.881943 0.471356 0
    outer loop
      vertex 89.8259 6.72228 7
      vertex 90.1955 6.03073 23
      vertex 90.1955 6.03073 7
    endloop
  endfacet
  facet normal -0.881943 -0.471356 0
    outer loop
      vertex 83.1741 2.27772 7
      vertex 82.8045 2.96927 23
      vertex 82.8045 2.96927 7
    endloop
  endfacet
  facet normal -0.881943 -0.471356 0
    outer loop
      vertex 82.8045 2.96927 23
      vertex 83.1741 2.27772 7
      vertex 83.1741 2.27772 23
    endloop
  endfacet
  facet normal 0.290307 0.956934 -0
    outer loop
      vertex 88.0307 8.19552 7
      vertex 87.2804 8.42314 23
      vertex 88.0307 8.19552 23
    endloop
  endfacet
  facet normal 0.290307 0.956934 0
    outer loop
      vertex 87.2804 8.42314 23
      vertex 88.0307 8.19552 7
      vertex 87.2804 8.42314 7
    endloop
  endfacet
  facet normal -0.0980137 0.995185 0
    outer loop
      vertex 86.5 8.5 7
      vertex 85.7196 8.42314 23
      vertex 86.5 8.5 23
    endloop
  endfacet
  facet normal -0.0980137 0.995185 0
    outer loop
      vertex 85.7196 8.42314 23
      vertex 86.5 8.5 7
      vertex 85.7196 8.42314 7
    endloop
  endfacet
  facet normal -0.471367 -0.881937 0
    outer loop
      vertex 84.2777 1.17412 7
      vertex 84.9693 0.804482 23
      vertex 84.2777 1.17412 23
    endloop
  endfacet
  facet normal -0.471367 -0.881937 -0
    outer loop
      vertex 84.9693 0.804482 23
      vertex 84.2777 1.17412 7
      vertex 84.9693 0.804482 7
    endloop
  endfacet
  facet normal -0.471369 0.881936 0
    outer loop
      vertex 84.9693 8.19552 7
      vertex 84.2777 7.82588 23
      vertex 84.9693 8.19552 23
    endloop
  endfacet
  facet normal -0.471369 0.881936 0
    outer loop
      vertex 84.2777 7.82588 23
      vertex 84.9693 8.19552 7
      vertex 84.2777 7.82588 7
    endloop
  endfacet
  facet normal 0.471367 -0.881937 0
    outer loop
      vertex 88.0307 0.804482 7
      vertex 88.7223 1.17412 23
      vertex 88.0307 0.804482 23
    endloop
  endfacet
  facet normal 0.471367 -0.881937 0
    outer loop
      vertex 88.7223 1.17412 23
      vertex 88.0307 0.804482 7
      vertex 88.7223 1.17412 7
    endloop
  endfacet
  facet normal -0.772982 0.634428 0
    outer loop
      vertex 83.1741 6.72228 7
      vertex 83.6716 7.32843 23
      vertex 83.6716 7.32843 7
    endloop
  endfacet
  facet normal -0.772982 0.634428 0
    outer loop
      vertex 83.6716 7.32843 23
      vertex 83.1741 6.72228 7
      vertex 83.1741 6.72228 23
    endloop
  endfacet
  facet normal 0.772982 0.634428 0
    outer loop
      vertex 89.8259 6.72228 23
      vertex 89.3284 7.32843 7
      vertex 89.3284 7.32843 23
    endloop
  endfacet
  facet normal 0.772982 0.634428 0
    outer loop
      vertex 89.3284 7.32843 7
      vertex 89.8259 6.72228 23
      vertex 89.8259 6.72228 7
    endloop
  endfacet
  facet normal 0.772982 -0.634428 0
    outer loop
      vertex 89.3284 1.67157 23
      vertex 89.8259 2.27772 7
      vertex 89.8259 2.27772 23
    endloop
  endfacet
  facet normal 0.772982 -0.634428 0
    outer loop
      vertex 89.8259 2.27772 7
      vertex 89.3284 1.67157 23
      vertex 89.3284 1.67157 7
    endloop
  endfacet
  facet normal -0.0980125 -0.995185 0
    outer loop
      vertex 85.7196 0.576859 7
      vertex 86.5 0.5 23
      vertex 85.7196 0.576859 23
    endloop
  endfacet
  facet normal -0.0980125 -0.995185 -0
    outer loop
      vertex 86.5 0.5 23
      vertex 85.7196 0.576859 7
      vertex 86.5 0.5 7
    endloop
  endfacet
  facet normal -0.290307 0.956934 0
    outer loop
      vertex 85.7196 8.42314 7
      vertex 84.9693 8.19552 23
      vertex 85.7196 8.42314 23
    endloop
  endfacet
  facet normal -0.290307 0.956934 0
    outer loop
      vertex 84.9693 8.19552 23
      vertex 85.7196 8.42314 7
      vertex 84.9693 8.19552 7
    endloop
  endfacet
  facet normal 0.634421 -0.772988 0
    outer loop
      vertex 88.7223 1.17412 7
      vertex 89.3284 1.67157 23
      vertex 88.7223 1.17412 23
    endloop
  endfacet
  facet normal 0.634421 -0.772988 0
    outer loop
      vertex 89.3284 1.67157 23
      vertex 88.7223 1.17412 7
      vertex 89.3284 1.67157 7
    endloop
  endfacet
  facet normal 0.99518 -0.0980692 0
    outer loop
      vertex 90.4231 3.71964 23
      vertex 90.5 4.5 7
      vertex 90.5 4.5 23
    endloop
  endfacet
  facet normal 0.99518 -0.0980692 0
    outer loop
      vertex 90.5 4.5 7
      vertex 90.4231 3.71964 23
      vertex 90.4231 3.71964 7
    endloop
  endfacet
  facet normal -0.29031 -0.956933 0
    outer loop
      vertex 84.9693 0.804482 7
      vertex 85.7196 0.576859 23
      vertex 84.9693 0.804482 23
    endloop
  endfacet
  facet normal -0.29031 -0.956933 -0
    outer loop
      vertex 85.7196 0.576859 23
      vertex 84.9693 0.804482 7
      vertex 85.7196 0.576859 7
    endloop
  endfacet
  facet normal 0 0 1
    outer loop
      vertex 87.75 4.5 23
      vertex 90.5 4.5 23
      vertex 90.4231 5.28036 23
    endloop
  endfacet
  facet normal 0 0 1
    outer loop
      vertex 87.7074 4.82352 23
      vertex 90.4231 5.28036 23
      vertex 90.1955 6.03073 23
    endloop
  endfacet
  facet normal 0 0 1
    outer loop
      vertex 90.5 4.5 23
      vertex 87.75 4.5 23
      vertex 90.4231 3.71964 23
    endloop
  endfacet
  facet normal 0 0 1
    outer loop
      vertex 87.5825 5.125 23
      vertex 90.1955 6.03073 23
      vertex 89.8259 6.72228 23
    endloop
  endfacet
  facet normal -0 0 1
    outer loop
      vertex 87.7074 4.17648 23
      vertex 90.4231 3.71964 23
      vertex 87.75 4.5 23
    endloop
  endfacet
  facet normal 0 0 1
    outer loop
      vertex 87.3839 5.38388 23
      vertex 89.8259 6.72228 23
      vertex 89.3284 7.32843 23
    endloop
  endfacet
  facet normal 0 0 1
    outer loop
      vertex 90.4231 3.71964 23
      vertex 87.7074 4.17648 23
      vertex 90.1955 2.96927 23
    endloop
  endfacet
  facet normal 0 0 1
    outer loop
      vertex 87.3839 5.38388 23
      vertex 89.3284 7.32843 23
      vertex 88.7223 7.82588 23
    endloop
  endfacet
  facet normal -0 0 1
    outer loop
      vertex 87.5825 3.875 23
      vertex 90.1955 2.96927 23
      vertex 87.7074 4.17648 23
    endloop
  endfacet
  facet normal 0 0 1
    outer loop
      vertex 87.125 5.58253 23
      vertex 88.7223 7.82588 23
      vertex 88.0307 8.19552 23
    endloop
  endfacet
  facet normal 0 0 1
    outer loop
      vertex 90.1955 2.96927 23
      vertex 87.5825 3.875 23
      vertex 89.8259 2.27772 23
    endloop
  endfacet
  facet normal -0 0 1
    outer loop
      vertex 87.3839 3.61612 23
      vertex 89.8259 2.27772 23
      vertex 87.5825 3.875 23
    endloop
  endfacet
  facet normal 0 0 1
    outer loop
      vertex 90.4231 5.28036 23
      vertex 87.7074 4.82352 23
      vertex 87.75 4.5 23
    endloop
  endfacet
  facet normal 0 0 1
    outer loop
      vertex 90.1955 6.03073 23
      vertex 87.5825 5.125 23
      vertex 87.7074 4.82352 23
    endloop
  endfacet
  facet normal 0 0 1
    outer loop
      vertex 89.8259 6.72228 23
      vertex 87.3839 5.38388 23
      vertex 87.5825 5.125 23
    endloop
  endfacet
  facet normal 0 0 1
    outer loop
      vertex 86.8235 5.70741 23
      vertex 88.0307 8.19552 23
      vertex 87.2804 8.42314 23
    endloop
  endfacet
  facet normal 0 0 1
    outer loop
      vertex 88.7223 7.82588 23
      vertex 87.125 5.58253 23
      vertex 87.3839 5.38388 23
    endloop
  endfacet
  facet normal 0 0 1
    outer loop
      vertex 88.0307 8.19552 23
      vertex 86.8235 5.70741 23
      vertex 87.125 5.58253 23
    endloop
  endfacet
  facet normal 0 0 1
    outer loop
      vertex 86.5 5.75 23
      vertex 87.2804 8.42314 23
      vertex 86.5 8.5 23
    endloop
  endfacet
  facet normal 0 0 1
    outer loop
      vertex 87.2804 8.42314 23
      vertex 86.5 5.75 23
      vertex 86.8235 5.70741 23
    endloop
  endfacet
  facet normal -0 0 1
    outer loop
      vertex 85.7196 8.42314 23
      vertex 86.5 5.75 23
      vertex 86.5 8.5 23
    endloop
  endfacet
  facet normal 0 0 1
    outer loop
      vertex 86.5 5.75 23
      vertex 85.7196 8.42314 23
      vertex 86.1765 5.70741 23
    endloop
  endfacet
  facet normal -0 0 1
    outer loop
      vertex 84.9693 8.19552 23
      vertex 86.1765 5.70741 23
      vertex 85.7196 8.42314 23
    endloop
  endfacet
  facet normal 0 0 1
    outer loop
      vertex 86.1765 5.70741 23
      vertex 84.9693 8.19552 23
      vertex 85.875 5.58253 23
    endloop
  endfacet
  facet normal -0 0 1
    outer loop
      vertex 84.2777 7.82588 23
      vertex 85.875 5.58253 23
      vertex 84.9693 8.19552 23
    endloop
  endfacet
  facet normal 0 0 1
    outer loop
      vertex 85.875 5.58253 23
      vertex 84.2777 7.82588 23
      vertex 85.6161 5.38388 23
    endloop
  endfacet
  facet normal -0 0 1
    outer loop
      vertex 83.6716 7.32843 23
      vertex 85.6161 5.38388 23
      vertex 84.2777 7.82588 23
    endloop
  endfacet
  facet normal -0 0 1
    outer loop
      vertex 83.1741 6.72228 23
      vertex 85.6161 5.38388 23
      vertex 83.6716 7.32843 23
    endloop
  endfacet
  facet normal 0 0 1
    outer loop
      vertex 89.8259 2.27772 23
      vertex 87.3839 3.61612 23
      vertex 89.3284 1.67157 23
    endloop
  endfacet
  facet normal 0 0 1
    outer loop
      vertex 89.3284 1.67157 23
      vertex 87.3839 3.61612 23
      vertex 88.7223 1.17412 23
    endloop
  endfacet
  facet normal -0 0 1
    outer loop
      vertex 87.125 3.41747 23
      vertex 88.7223 1.17412 23
      vertex 87.3839 3.61612 23
    endloop
  endfacet
  facet normal 0 0 1
    outer loop
      vertex 88.7223 1.17412 23
      vertex 87.125 3.41747 23
      vertex 88.0307 0.804482 23
    endloop
  endfacet
  facet normal -0 0 1
    outer loop
      vertex 86.8235 3.29259 23
      vertex 88.0307 0.804482 23
      vertex 87.125 3.41747 23
    endloop
  endfacet
  facet normal 0 0 1
    outer loop
      vertex 88.0307 0.804482 23
      vertex 86.8235 3.29259 23
      vertex 87.2804 0.576859 23
    endloop
  endfacet
  facet normal -0 0 1
    outer loop
      vertex 86.5 3.25 23
      vertex 87.2804 0.576859 23
      vertex 86.8235 3.29259 23
    endloop
  endfacet
  facet normal 0 0 1
    outer loop
      vertex 86.5 3.25 23
      vertex 86.5 0.5 23
      vertex 87.2804 0.576859 23
    endloop
  endfacet
  facet normal 0 0 1
    outer loop
      vertex 85.7196 0.576859 23
      vertex 86.5 3.25 23
      vertex 86.1765 3.29259 23
    endloop
  endfacet
  facet normal 0 0 1
    outer loop
      vertex 84.9693 0.804482 23
      vertex 86.1765 3.29259 23
      vertex 85.875 3.41747 23
    endloop
  endfacet
  facet normal 0 0 1
    outer loop
      vertex 86.5 3.25 23
      vertex 85.7196 0.576859 23
      vertex 86.5 0.5 23
    endloop
  endfacet
  facet normal 0 0 1
    outer loop
      vertex 84.2777 1.17412 23
      vertex 85.875 3.41747 23
      vertex 85.6161 3.61612 23
    endloop
  endfacet
  facet normal 0 0 1
    outer loop
      vertex 83.1741 2.27772 23
      vertex 85.6161 3.61612 23
      vertex 85.4175 3.875 23
    endloop
  endfacet
  facet normal 0 0 1
    outer loop
      vertex 82.8045 2.96927 23
      vertex 85.4175 3.875 23
      vertex 85.2926 4.17648 23
    endloop
  endfacet
  facet normal 0 0 1
    outer loop
      vertex 82.5769 3.71964 23
      vertex 85.2926 4.17648 23
      vertex 85.25 4.5 23
    endloop
  endfacet
  facet normal 0 0 1
    outer loop
      vertex 86.1765 3.29259 23
      vertex 84.9693 0.804482 23
      vertex 85.7196 0.576859 23
    endloop
  endfacet
  facet normal 0 0 1
    outer loop
      vertex 85.6161 5.38388 23
      vertex 83.1741 6.72228 23
      vertex 85.4175 5.125 23
    endloop
  endfacet
  facet normal -0 0 1
    outer loop
      vertex 82.8045 6.03073 23
      vertex 85.4175 5.125 23
      vertex 83.1741 6.72228 23
    endloop
  endfacet
  facet normal 0 0 1
    outer loop
      vertex 85.875 3.41747 23
      vertex 84.2777 1.17412 23
      vertex 84.9693 0.804482 23
    endloop
  endfacet
  facet normal 0 0 1
    outer loop
      vertex 85.4175 5.125 23
      vertex 82.8045 6.03073 23
      vertex 85.2926 4.82352 23
    endloop
  endfacet
  facet normal 0 0 1
    outer loop
      vertex 85.6161 3.61612 23
      vertex 83.6716 1.67157 23
      vertex 84.2777 1.17412 23
    endloop
  endfacet
  facet normal -0 0 1
    outer loop
      vertex 82.5769 5.28036 23
      vertex 85.2926 4.82352 23
      vertex 82.8045 6.03073 23
    endloop
  endfacet
  facet normal 0 0 1
    outer loop
      vertex 85.6161 3.61612 23
      vertex 83.1741 2.27772 23
      vertex 83.6716 1.67157 23
    endloop
  endfacet
  facet normal 0 0 1
    outer loop
      vertex 85.2926 4.82352 23
      vertex 82.5769 5.28036 23
      vertex 85.25 4.5 23
    endloop
  endfacet
  facet normal 0 0 1
    outer loop
      vertex 85.4175 3.875 23
      vertex 82.8045 2.96927 23
      vertex 83.1741 2.27772 23
    endloop
  endfacet
  facet normal 0 0 1
    outer loop
      vertex 82.5 4.5 23
      vertex 85.25 4.5 23
      vertex 82.5769 5.28036 23
    endloop
  endfacet
  facet normal 0 0 1
    outer loop
      vertex 85.2926 4.17648 23
      vertex 82.5769 3.71964 23
      vertex 82.8045 2.96927 23
    endloop
  endfacet
  facet normal 0 0 1
    outer loop
      vertex 85.25 4.5 23
      vertex 82.5 4.5 23
      vertex 82.5769 3.71964 23
    endloop
  endfacet
  facet normal 0.956948 -0.290259 0
    outer loop
      vertex 90.1955 2.96927 23
      vertex 90.4231 3.71964 7
      vertex 90.4231 3.71964 23
    endloop
  endfacet
  facet normal 0.956948 -0.290259 0
    outer loop
      vertex 90.4231 3.71964 7
      vertex 90.1955 2.96927 23
      vertex 90.1955 2.96927 7
    endloop
  endfacet
  facet normal -0.956948 -0.290259 0
    outer loop
      vertex 82.8045 2.96927 7
      vertex 82.5769 3.71964 23
      vertex 82.5769 3.71964 7
    endloop
  endfacet
  facet normal -0.956948 -0.290259 0
    outer loop
      vertex 82.5769 3.71964 23
      vertex 82.8045 2.96927 7
      vertex 82.8045 2.96927 23
    endloop
  endfacet
  facet normal 0.881943 -0.471356 0
    outer loop
      vertex 89.8259 2.27772 23
      vertex 90.1955 2.96927 7
      vertex 90.1955 2.96927 23
    endloop
  endfacet
  facet normal 0.881943 -0.471356 0
    outer loop
      vertex 90.1955 2.96927 7
      vertex 89.8259 2.27772 23
      vertex 89.8259 2.27772 7
    endloop
  endfacet
  facet normal -0.99518 0.0980692 0
    outer loop
      vertex 82.5 4.5 7
      vertex 82.5769 5.28036 23
      vertex 82.5769 5.28036 7
    endloop
  endfacet
  facet normal -0.99518 0.0980692 0
    outer loop
      vertex 82.5769 5.28036 23
      vertex 82.5 4.5 7
      vertex 82.5 4.5 23
    endloop
  endfacet
  facet normal 0.0980137 0.995185 -0
    outer loop
      vertex 87.2804 8.42314 7
      vertex 86.5 8.5 23
      vertex 87.2804 8.42314 23
    endloop
  endfacet
  facet normal 0.0980137 0.995185 0
    outer loop
      vertex 86.5 8.5 23
      vertex 87.2804 8.42314 7
      vertex 86.5 8.5 7
    endloop
  endfacet
  facet normal -0.634421 0.772988 0
    outer loop
      vertex 84.2777 7.82588 7
      vertex 83.6716 7.32843 23
      vertex 84.2777 7.82588 23
    endloop
  endfacet
  facet normal -0.634421 0.772988 0
    outer loop
      vertex 83.6716 7.32843 23
      vertex 84.2777 7.82588 7
      vertex 83.6716 7.32843 7
    endloop
  endfacet
  facet normal 0.63442 0.772988 0
    outer loop
      vertex 89 7.59796 7
      vertex 89.3284 7.32843 23
      vertex 89.3284 7.32843 7
    endloop
  endfacet
  facet normal 0.634421 0.772988 -3.563e-08
    outer loop
      vertex 89.3284 7.32843 23
      vertex 89 7.59796 7
      vertex 88.7223 7.82588 23
    endloop
  endfacet
  facet normal 0.634422 0.772987 0
    outer loop
      vertex 88.7223 7.82588 23
      vertex 89 7.59796 7
      vertex 88.7223 7.82588 7
    endloop
  endfacet
  facet normal 0.0980125 -0.995185 0
    outer loop
      vertex 86.5 0.5 7
      vertex 87.2804 0.576859 23
      vertex 86.5 0.5 23
    endloop
  endfacet
  facet normal 0.0980125 -0.995185 0
    outer loop
      vertex 87.2804 0.576859 23
      vertex 86.5 0.5 7
      vertex 87.2804 0.576859 7
    endloop
  endfacet
  facet normal 0.471369 0.881936 -0
    outer loop
      vertex 88.7223 7.82588 7
      vertex 88.0307 8.19552 23
      vertex 88.7223 7.82588 23
    endloop
  endfacet
  facet normal 0.471369 0.881936 0
    outer loop
      vertex 88.0307 8.19552 23
      vertex 88.7223 7.82588 7
      vertex 88.0307 8.19552 7
    endloop
  endfacet
  facet normal -0.773036 -0.634362 0
    outer loop
      vertex 83.402 2 7
      vertex 83.1741 2.27772 23
      vertex 83.1741 2.27772 7
    endloop
  endfacet
  facet normal -0.772936 -0.634484 -0
    outer loop
      vertex 83.6716 1.67157 23
      vertex 83.402 2 7
      vertex 83.6716 1.67157 7
    endloop
  endfacet
  facet normal -0.772982 -0.634428 1.92201e-06
    outer loop
      vertex 83.402 2 7
      vertex 83.6716 1.67157 23
      vertex 83.1741 2.27772 23
    endloop
  endfacet
  facet normal -0.634421 -0.772988 0
    outer loop
      vertex 83.6716 1.67157 7
      vertex 84.2777 1.17412 23
      vertex 83.6716 1.67157 23
    endloop
  endfacet
  facet normal -0.634421 -0.772988 -0
    outer loop
      vertex 84.2777 1.17412 23
      vertex 83.6716 1.67157 7
      vertex 84.2777 1.17412 7
    endloop
  endfacet
  facet normal -0.956948 0.290259 0
    outer loop
      vertex 82.5769 5.28036 7
      vertex 82.8045 6.03073 23
      vertex 82.8045 6.03073 7
    endloop
  endfacet
  facet normal -0.956948 0.290259 0
    outer loop
      vertex 82.8045 6.03073 23
      vertex 82.5769 5.28036 7
      vertex 82.5769 5.28036 23
    endloop
  endfacet
  facet normal -0.881943 0.471356 0
    outer loop
      vertex 82.8045 6.03073 7
      vertex 83.1741 6.72228 23
      vertex 83.1741 6.72228 7
    endloop
  endfacet
  facet normal -0.881943 0.471356 0
    outer loop
      vertex 83.1741 6.72228 23
      vertex 82.8045 6.03073 7
      vertex 82.8045 6.03073 23
    endloop
  endfacet
  facet normal -0.99518 -0.0980692 0
    outer loop
      vertex 82.5769 3.71964 7
      vertex 82.5 4.5 23
      vertex 82.5 4.5 7
    endloop
  endfacet
  facet normal -0.99518 -0.0980692 0
    outer loop
      vertex 82.5 4.5 23
      vertex 82.5769 3.71964 7
      vertex 82.5769 3.71964 23
    endloop
  endfacet
  facet normal 0.290283 -0.956941 0
    outer loop
      vertex 87.2804 52.5769 7
      vertex 88.0307 52.8045 23
      vertex 87.2804 52.5769 23
    endloop
  endfacet
  facet normal 0.290283 -0.956941 0
    outer loop
      vertex 88.0307 52.8045 23
      vertex 87.2804 52.5769 7
      vertex 88.0307 52.8045 7
    endloop
  endfacet
  facet normal 0.956941 0.290283 0
    outer loop
      vertex 90.4231 57.2804 23
      vertex 90.1955 58.0307 7
      vertex 90.1955 58.0307 23
    endloop
  endfacet
  facet normal 0.956941 0.290283 0
    outer loop
      vertex 90.1955 58.0307 7
      vertex 90.4231 57.2804 23
      vertex 90.4231 57.2804 7
    endloop
  endfacet
  facet normal 0.99518 0.0980643 0
    outer loop
      vertex 90.5 56.5 23
      vertex 90.4231 57.2804 7
      vertex 90.4231 57.2804 23
    endloop
  endfacet
  facet normal 0.99518 0.0980643 0
    outer loop
      vertex 90.4231 57.2804 7
      vertex 90.5 56.5 23
      vertex 90.5 56.5 7
    endloop
  endfacet
  facet normal 0.881957 0.471329 0
    outer loop
      vertex 90.1955 58.0307 23
      vertex 89.8259 58.7223 7
      vertex 89.8259 58.7223 23
    endloop
  endfacet
  facet normal 0.881957 0.471329 0
    outer loop
      vertex 89.8259 58.7223 7
      vertex 90.1955 58.0307 23
      vertex 90.1955 58.0307 7
    endloop
  endfacet
  facet normal -0.881957 -0.471329 0
    outer loop
      vertex 83.1741 54.2777 7
      vertex 82.8045 54.9693 23
      vertex 82.8045 54.9693 7
    endloop
  endfacet
  facet normal -0.881957 -0.471329 0
    outer loop
      vertex 82.8045 54.9693 23
      vertex 83.1741 54.2777 7
      vertex 83.1741 54.2777 23
    endloop
  endfacet
  facet normal 0.290283 0.956941 -0
    outer loop
      vertex 88.0307 60.1955 7
      vertex 87.2804 60.4231 23
      vertex 88.0307 60.1955 23
    endloop
  endfacet
  facet normal 0.290283 0.956941 0
    outer loop
      vertex 87.2804 60.4231 23
      vertex 88.0307 60.1955 7
      vertex 87.2804 60.4231 7
    endloop
  endfacet
  facet normal -0.0980643 0.99518 0
    outer loop
      vertex 86.5 60.5 7
      vertex 85.7196 60.4231 23
      vertex 86.5 60.5 23
    endloop
  endfacet
  facet normal -0.0980643 0.99518 0
    outer loop
      vertex 85.7196 60.4231 23
      vertex 86.5 60.5 7
      vertex 85.7196 60.4231 7
    endloop
  endfacet
  facet normal -0.471329 -0.881957 0
    outer loop
      vertex 84.2777 53.1741 7
      vertex 84.9693 52.8045 23
      vertex 84.2777 53.1741 23
    endloop
  endfacet
  facet normal -0.471329 -0.881957 -0
    outer loop
      vertex 84.9693 52.8045 23
      vertex 84.2777 53.1741 7
      vertex 84.9693 52.8045 7
    endloop
  endfacet
  facet normal -0.471329 0.881957 0
    outer loop
      vertex 84.9693 60.1955 7
      vertex 84.2777 59.8259 23
      vertex 84.9693 60.1955 23
    endloop
  endfacet
  facet normal -0.471329 0.881957 0
    outer loop
      vertex 84.2777 59.8259 23
      vertex 84.9693 60.1955 7
      vertex 84.2777 59.8259 7
    endloop
  endfacet
  facet normal 0.471329 -0.881957 0
    outer loop
      vertex 88.0307 52.8045 7
      vertex 88.7223 53.1741 23
      vertex 88.0307 52.8045 23
    endloop
  endfacet
  facet normal 0.471329 -0.881957 0
    outer loop
      vertex 88.7223 53.1741 23
      vertex 88.0307 52.8045 7
      vertex 88.7223 53.1741 7
    endloop
  endfacet
  facet normal -0.772908 0.634519 0
    outer loop
      vertex 83.402 59 7
      vertex 83.6716 59.3284 23
      vertex 83.6716 59.3284 7
    endloop
  endfacet
  facet normal -0.773014 0.634389 0
    outer loop
      vertex 83.1741 58.7223 23
      vertex 83.402 59 7
      vertex 83.1741 58.7223 7
    endloop
  endfacet
  facet normal -0.772956 0.634459 2.03728e-06
    outer loop
      vertex 83.402 59 7
      vertex 83.1741 58.7223 23
      vertex 83.6716 59.3284 23
    endloop
  endfacet
  facet normal 0.772956 0.634459 0
    outer loop
      vertex 89.8259 58.7223 23
      vertex 89.3284 59.3284 7
      vertex 89.3284 59.3284 23
    endloop
  endfacet
  facet normal 0.772956 0.634459 0
    outer loop
      vertex 89.3284 59.3284 7
      vertex 89.8259 58.7223 23
      vertex 89.8259 58.7223 7
    endloop
  endfacet
  facet normal 0.772956 -0.634459 0
    outer loop
      vertex 89.3284 53.6716 23
      vertex 89.8259 54.2777 7
      vertex 89.8259 54.2777 23
    endloop
  endfacet
  facet normal 0.772956 -0.634459 0
    outer loop
      vertex 89.8259 54.2777 7
      vertex 89.3284 53.6716 23
      vertex 89.3284 53.6716 7
    endloop
  endfacet
  facet normal -0.0980643 -0.99518 0
    outer loop
      vertex 85.7196 52.5769 7
      vertex 86.5 52.5 23
      vertex 85.7196 52.5769 23
    endloop
  endfacet
  facet normal -0.0980643 -0.99518 -0
    outer loop
      vertex 86.5 52.5 23
      vertex 85.7196 52.5769 7
      vertex 86.5 52.5 7
    endloop
  endfacet
  facet normal -0.290283 0.956941 0
    outer loop
      vertex 85.7196 60.4231 7
      vertex 84.9693 60.1955 23
      vertex 85.7196 60.4231 23
    endloop
  endfacet
  facet normal -0.290283 0.956941 0
    outer loop
      vertex 84.9693 60.1955 23
      vertex 85.7196 60.4231 7
      vertex 84.9693 60.1955 7
    endloop
  endfacet
  facet normal 0.634389 -0.773014 0
    outer loop
      vertex 89 53.402 7
      vertex 88.7223 53.1741 23
      vertex 88.7223 53.1741 7
    endloop
  endfacet
  facet normal 0.634459 -0.772956 2.03728e-06
    outer loop
      vertex 88.7223 53.1741 23
      vertex 89 53.402 7
      vertex 89.3284 53.6716 23
    endloop
  endfacet
  facet normal 0.634519 -0.772908 0
    outer loop
      vertex 89.3284 53.6716 23
      vertex 89 53.402 7
      vertex 89.3284 53.6716 7
    endloop
  endfacet
  facet normal 0.99518 -0.0980643 0
    outer loop
      vertex 90.4231 55.7196 23
      vertex 90.5 56.5 7
      vertex 90.5 56.5 23
    endloop
  endfacet
  facet normal 0.99518 -0.0980643 0
    outer loop
      vertex 90.5 56.5 7
      vertex 90.4231 55.7196 23
      vertex 90.4231 55.7196 7
    endloop
  endfacet
  facet normal -0.290283 -0.956941 0
    outer loop
      vertex 84.9693 52.8045 7
      vertex 85.7196 52.5769 23
      vertex 84.9693 52.8045 23
    endloop
  endfacet
  facet normal -0.290283 -0.956941 -0
    outer loop
      vertex 85.7196 52.5769 23
      vertex 84.9693 52.8045 7
      vertex 85.7196 52.5769 7
    endloop
  endfacet
  facet normal 0 0 1
    outer loop
      vertex 87.75 56.5 23
      vertex 90.5 56.5 23
      vertex 90.4231 57.2804 23
    endloop
  endfacet
  facet normal 0 0 1
    outer loop
      vertex 87.7074 56.8235 23
      vertex 90.4231 57.2804 23
      vertex 90.1955 58.0307 23
    endloop
  endfacet
  facet normal 0 0 1
    outer loop
      vertex 90.5 56.5 23
      vertex 87.75 56.5 23
      vertex 90.4231 55.7196 23
    endloop
  endfacet
  facet normal 0 0 1
    outer loop
      vertex 87.5825 57.125 23
      vertex 90.1955 58.0307 23
      vertex 89.8259 58.7223 23
    endloop
  endfacet
  facet normal -0 0 1
    outer loop
      vertex 87.7074 56.1765 23
      vertex 90.4231 55.7196 23
      vertex 87.75 56.5 23
    endloop
  endfacet
  facet normal 0 0 1
    outer loop
      vertex 87.3839 57.3839 23
      vertex 89.8259 58.7223 23
      vertex 89.3284 59.3284 23
    endloop
  endfacet
  facet normal 0 0 1
    outer loop
      vertex 90.4231 55.7196 23
      vertex 87.7074 56.1765 23
      vertex 90.1955 54.9693 23
    endloop
  endfacet
  facet normal 0 0 1
    outer loop
      vertex 87.3839 57.3839 23
      vertex 89.3284 59.3284 23
      vertex 88.7223 59.8259 23
    endloop
  endfacet
  facet normal -0 0 1
    outer loop
      vertex 87.5825 55.875 23
      vertex 90.1955 54.9693 23
      vertex 87.7074 56.1765 23
    endloop
  endfacet
  facet normal 0 0 1
    outer loop
      vertex 87.125 57.5825 23
      vertex 88.7223 59.8259 23
      vertex 88.0307 60.1955 23
    endloop
  endfacet
  facet normal 0 0 1
    outer loop
      vertex 90.1955 54.9693 23
      vertex 87.5825 55.875 23
      vertex 89.8259 54.2777 23
    endloop
  endfacet
  facet normal -0 0 1
    outer loop
      vertex 87.3839 55.6161 23
      vertex 89.8259 54.2777 23
      vertex 87.5825 55.875 23
    endloop
  endfacet
  facet normal 0 0 1
    outer loop
      vertex 90.4231 57.2804 23
      vertex 87.7074 56.8235 23
      vertex 87.75 56.5 23
    endloop
  endfacet
  facet normal 0 0 1
    outer loop
      vertex 90.1955 58.0307 23
      vertex 87.5825 57.125 23
      vertex 87.7074 56.8235 23
    endloop
  endfacet
  facet normal 0 0 1
    outer loop
      vertex 89.8259 58.7223 23
      vertex 87.3839 57.3839 23
      vertex 87.5825 57.125 23
    endloop
  endfacet
  facet normal 0 0 1
    outer loop
      vertex 86.8235 57.7074 23
      vertex 88.0307 60.1955 23
      vertex 87.2804 60.4231 23
    endloop
  endfacet
  facet normal 0 0 1
    outer loop
      vertex 88.7223 59.8259 23
      vertex 87.125 57.5825 23
      vertex 87.3839 57.3839 23
    endloop
  endfacet
  facet normal 0 0 1
    outer loop
      vertex 88.0307 60.1955 23
      vertex 86.8235 57.7074 23
      vertex 87.125 57.5825 23
    endloop
  endfacet
  facet normal 0 0 1
    outer loop
      vertex 86.5 57.75 23
      vertex 87.2804 60.4231 23
      vertex 86.5 60.5 23
    endloop
  endfacet
  facet normal 0 0 1
    outer loop
      vertex 87.2804 60.4231 23
      vertex 86.5 57.75 23
      vertex 86.8235 57.7074 23
    endloop
  endfacet
  facet normal -0 0 1
    outer loop
      vertex 85.7196 60.4231 23
      vertex 86.5 57.75 23
      vertex 86.5 60.5 23
    endloop
  endfacet
  facet normal 0 0 1
    outer loop
      vertex 86.5 57.75 23
      vertex 85.7196 60.4231 23
      vertex 86.1765 57.7074 23
    endloop
  endfacet
  facet normal -0 0 1
    outer loop
      vertex 84.9693 60.1955 23
      vertex 86.1765 57.7074 23
      vertex 85.7196 60.4231 23
    endloop
  endfacet
  facet normal 0 0 1
    outer loop
      vertex 86.1765 57.7074 23
      vertex 84.9693 60.1955 23
      vertex 85.875 57.5825 23
    endloop
  endfacet
  facet normal -0 0 1
    outer loop
      vertex 84.2777 59.8259 23
      vertex 85.875 57.5825 23
      vertex 84.9693 60.1955 23
    endloop
  endfacet
  facet normal 0 0 1
    outer loop
      vertex 85.875 57.5825 23
      vertex 84.2777 59.8259 23
      vertex 85.6161 57.3839 23
    endloop
  endfacet
  facet normal -0 0 1
    outer loop
      vertex 83.6716 59.3284 23
      vertex 85.6161 57.3839 23
      vertex 84.2777 59.8259 23
    endloop
  endfacet
  facet normal -0 0 1
    outer loop
      vertex 83.1741 58.7223 23
      vertex 85.6161 57.3839 23
      vertex 83.6716 59.3284 23
    endloop
  endfacet
  facet normal 0 0 1
    outer loop
      vertex 89.8259 54.2777 23
      vertex 87.3839 55.6161 23
      vertex 89.3284 53.6716 23
    endloop
  endfacet
  facet normal 0 0 1
    outer loop
      vertex 89.3284 53.6716 23
      vertex 87.3839 55.6161 23
      vertex 88.7223 53.1741 23
    endloop
  endfacet
  facet normal -0 0 1
    outer loop
      vertex 87.125 55.4175 23
      vertex 88.7223 53.1741 23
      vertex 87.3839 55.6161 23
    endloop
  endfacet
  facet normal 0 0 1
    outer loop
      vertex 88.7223 53.1741 23
      vertex 87.125 55.4175 23
      vertex 88.0307 52.8045 23
    endloop
  endfacet
  facet normal -0 0 1
    outer loop
      vertex 86.8235 55.2926 23
      vertex 88.0307 52.8045 23
      vertex 87.125 55.4175 23
    endloop
  endfacet
  facet normal 0 0 1
    outer loop
      vertex 88.0307 52.8045 23
      vertex 86.8235 55.2926 23
      vertex 87.2804 52.5769 23
    endloop
  endfacet
  facet normal -0 0 1
    outer loop
      vertex 86.5 55.25 23
      vertex 87.2804 52.5769 23
      vertex 86.8235 55.2926 23
    endloop
  endfacet
  facet normal 0 0 1
    outer loop
      vertex 86.5 55.25 23
      vertex 86.5 52.5 23
      vertex 87.2804 52.5769 23
    endloop
  endfacet
  facet normal 0 0 1
    outer loop
      vertex 85.7196 52.5769 23
      vertex 86.5 55.25 23
      vertex 86.1765 55.2926 23
    endloop
  endfacet
  facet normal 0 0 1
    outer loop
      vertex 84.9693 52.8045 23
      vertex 86.1765 55.2926 23
      vertex 85.875 55.4175 23
    endloop
  endfacet
  facet normal 0 0 1
    outer loop
      vertex 86.5 55.25 23
      vertex 85.7196 52.5769 23
      vertex 86.5 52.5 23
    endloop
  endfacet
  facet normal 0 0 1
    outer loop
      vertex 84.2777 53.1741 23
      vertex 85.875 55.4175 23
      vertex 85.6161 55.6161 23
    endloop
  endfacet
  facet normal 0 0 1
    outer loop
      vertex 83.1741 54.2777 23
      vertex 85.6161 55.6161 23
      vertex 85.4175 55.875 23
    endloop
  endfacet
  facet normal 0 0 1
    outer loop
      vertex 82.8045 54.9693 23
      vertex 85.4175 55.875 23
      vertex 85.2926 56.1765 23
    endloop
  endfacet
  facet normal 0 0 1
    outer loop
      vertex 82.5769 55.7196 23
      vertex 85.2926 56.1765 23
      vertex 85.25 56.5 23
    endloop
  endfacet
  facet normal 0 0 1
    outer loop
      vertex 86.1765 55.2926 23
      vertex 84.9693 52.8045 23
      vertex 85.7196 52.5769 23
    endloop
  endfacet
  facet normal 0 0 1
    outer loop
      vertex 85.6161 57.3839 23
      vertex 83.1741 58.7223 23
      vertex 85.4175 57.125 23
    endloop
  endfacet
  facet normal -0 0 1
    outer loop
      vertex 82.8045 58.0307 23
      vertex 85.4175 57.125 23
      vertex 83.1741 58.7223 23
    endloop
  endfacet
  facet normal 0 0 1
    outer loop
      vertex 85.875 55.4175 23
      vertex 84.2777 53.1741 23
      vertex 84.9693 52.8045 23
    endloop
  endfacet
  facet normal 0 0 1
    outer loop
      vertex 85.4175 57.125 23
      vertex 82.8045 58.0307 23
      vertex 85.2926 56.8235 23
    endloop
  endfacet
  facet normal 0 0 1
    outer loop
      vertex 85.6161 55.6161 23
      vertex 83.6716 53.6716 23
      vertex 84.2777 53.1741 23
    endloop
  endfacet
  facet normal -0 0 1
    outer loop
      vertex 82.5769 57.2804 23
      vertex 85.2926 56.8235 23
      vertex 82.8045 58.0307 23
    endloop
  endfacet
  facet normal 0 0 1
    outer loop
      vertex 85.6161 55.6161 23
      vertex 83.1741 54.2777 23
      vertex 83.6716 53.6716 23
    endloop
  endfacet
  facet normal 0 0 1
    outer loop
      vertex 85.2926 56.8235 23
      vertex 82.5769 57.2804 23
      vertex 85.25 56.5 23
    endloop
  endfacet
  facet normal 0 0 1
    outer loop
      vertex 85.4175 55.875 23
      vertex 82.8045 54.9693 23
      vertex 83.1741 54.2777 23
    endloop
  endfacet
  facet normal 0 0 1
    outer loop
      vertex 82.5 56.5 23
      vertex 85.25 56.5 23
      vertex 82.5769 57.2804 23
    endloop
  endfacet
  facet normal 0 0 1
    outer loop
      vertex 85.2926 56.1765 23
      vertex 82.5769 55.7196 23
      vertex 82.8045 54.9693 23
    endloop
  endfacet
  facet normal 0 0 1
    outer loop
      vertex 85.25 56.5 23
      vertex 82.5 56.5 23
      vertex 82.5769 55.7196 23
    endloop
  endfacet
  facet normal 0.956941 -0.290283 0
    outer loop
      vertex 90.1955 54.9693 23
      vertex 90.4231 55.7196 7
      vertex 90.4231 55.7196 23
    endloop
  endfacet
  facet normal 0.956941 -0.290283 0
    outer loop
      vertex 90.4231 55.7196 7
      vertex 90.1955 54.9693 23
      vertex 90.1955 54.9693 7
    endloop
  endfacet
  facet normal -0.956941 -0.290283 0
    outer loop
      vertex 82.8045 54.9693 7
      vertex 82.5769 55.7196 23
      vertex 82.5769 55.7196 7
    endloop
  endfacet
  facet normal -0.956941 -0.290283 0
    outer loop
      vertex 82.5769 55.7196 23
      vertex 82.8045 54.9693 7
      vertex 82.8045 54.9693 23
    endloop
  endfacet
  facet normal 0.881957 -0.471329 0
    outer loop
      vertex 89.8259 54.2777 23
      vertex 90.1955 54.9693 7
      vertex 90.1955 54.9693 23
    endloop
  endfacet
  facet normal 0.881957 -0.471329 0
    outer loop
      vertex 90.1955 54.9693 7
      vertex 89.8259 54.2777 23
      vertex 89.8259 54.2777 7
    endloop
  endfacet
  facet normal -0.99518 0.0980643 0
    outer loop
      vertex 82.5 56.5 7
      vertex 82.5769 57.2804 23
      vertex 82.5769 57.2804 7
    endloop
  endfacet
  facet normal -0.99518 0.0980643 0
    outer loop
      vertex 82.5769 57.2804 23
      vertex 82.5 56.5 7
      vertex 82.5 56.5 23
    endloop
  endfacet
  facet normal 0.0980643 0.99518 -0
    outer loop
      vertex 87.2804 60.4231 7
      vertex 86.5 60.5 23
      vertex 87.2804 60.4231 23
    endloop
  endfacet
  facet normal 0.0980643 0.99518 0
    outer loop
      vertex 86.5 60.5 23
      vertex 87.2804 60.4231 7
      vertex 86.5 60.5 7
    endloop
  endfacet
  facet normal -0.634459 0.772956 0
    outer loop
      vertex 84.2777 59.8259 7
      vertex 83.6716 59.3284 23
      vertex 84.2777 59.8259 23
    endloop
  endfacet
  facet normal -0.634459 0.772956 0
    outer loop
      vertex 83.6716 59.3284 23
      vertex 84.2777 59.8259 7
      vertex 83.6716 59.3284 7
    endloop
  endfacet
  facet normal 0.634459 0.772956 -0
    outer loop
      vertex 89.3284 59.3284 7
      vertex 88.7223 59.8259 23
      vertex 89.3284 59.3284 23
    endloop
  endfacet
  facet normal 0.634459 0.772956 0
    outer loop
      vertex 88.7223 59.8259 23
      vertex 89.3284 59.3284 7
      vertex 88.7223 59.8259 7
    endloop
  endfacet
  facet normal 0.0980643 -0.99518 0
    outer loop
      vertex 86.5 52.5 7
      vertex 87.2804 52.5769 23
      vertex 86.5 52.5 23
    endloop
  endfacet
  facet normal 0.0980643 -0.99518 0
    outer loop
      vertex 87.2804 52.5769 23
      vertex 86.5 52.5 7
      vertex 87.2804 52.5769 7
    endloop
  endfacet
  facet normal 0.471329 0.881957 -0
    outer loop
      vertex 88.7223 59.8259 7
      vertex 88.0307 60.1955 23
      vertex 88.7223 59.8259 23
    endloop
  endfacet
  facet normal 0.471329 0.881957 0
    outer loop
      vertex 88.0307 60.1955 23
      vertex 88.7223 59.8259 7
      vertex 88.0307 60.1955 7
    endloop
  endfacet
  facet normal -0.772956 -0.634459 0
    outer loop
      vertex 83.6716 53.6716 7
      vertex 83.1741 54.2777 23
      vertex 83.1741 54.2777 7
    endloop
  endfacet
  facet normal -0.772956 -0.634459 0
    outer loop
      vertex 83.1741 54.2777 23
      vertex 83.6716 53.6716 7
      vertex 83.6716 53.6716 23
    endloop
  endfacet
  facet normal -0.634459 -0.772956 0
    outer loop
      vertex 83.6716 53.6716 7
      vertex 84.2777 53.1741 23
      vertex 83.6716 53.6716 23
    endloop
  endfacet
  facet normal -0.634459 -0.772956 -0
    outer loop
      vertex 84.2777 53.1741 23
      vertex 83.6716 53.6716 7
      vertex 84.2777 53.1741 7
    endloop
  endfacet
  facet normal -0.956941 0.290283 0
    outer loop
      vertex 82.5769 57.2804 7
      vertex 82.8045 58.0307 23
      vertex 82.8045 58.0307 7
    endloop
  endfacet
  facet normal -0.956941 0.290283 0
    outer loop
      vertex 82.8045 58.0307 23
      vertex 82.5769 57.2804 7
      vertex 82.5769 57.2804 23
    endloop
  endfacet
  facet normal -0.881957 0.471329 0
    outer loop
      vertex 82.8045 58.0307 7
      vertex 83.1741 58.7223 23
      vertex 83.1741 58.7223 7
    endloop
  endfacet
  facet normal -0.881957 0.471329 0
    outer loop
      vertex 83.1741 58.7223 23
      vertex 82.8045 58.0307 7
      vertex 82.8045 58.0307 23
    endloop
  endfacet
  facet normal -0.99518 -0.0980643 0
    outer loop
      vertex 82.5769 55.7196 7
      vertex 82.5 56.5 23
      vertex 82.5 56.5 7
    endloop
  endfacet
  facet normal -0.99518 -0.0980643 0
    outer loop
      vertex 82.5 56.5 23
      vertex 82.5769 55.7196 7
      vertex 82.5769 55.7196 23
    endloop
  endfacet
  facet normal -0.923866 -0.382716 0
    outer loop
      vertex 6.96593 6.25882 0
      vertex 6.86602 6.5 5
      vertex 6.86602 6.5 0
    endloop
  endfacet
  facet normal -0.923866 -0.382716 0
    outer loop
      vertex 6.86602 6.5 5
      vertex 6.96593 6.25882 0
      vertex 6.96593 6.25882 5
    endloop
  endfacet
  facet normal -0.991447 -0.13051 0
    outer loop
      vertex 7 6 0
      vertex 6.96593 6.25882 5
      vertex 6.96593 6.25882 0
    endloop
  endfacet
  facet normal -0.991447 -0.13051 0
    outer loop
      vertex 6.96593 6.25882 5
      vertex 7 6 0
      vertex 7 6 5
    endloop
  endfacet
  facet normal 0.13051 -0.991447 0
    outer loop
      vertex 5.74118 6.96593 0
      vertex 6 7 5
      vertex 5.74118 6.96593 5
    endloop
  endfacet
  facet normal 0.13051 -0.991447 0
    outer loop
      vertex 6 7 5
      vertex 5.74118 6.96593 0
      vertex 6 7 0
    endloop
  endfacet
  facet normal -0.382716 -0.923866 0
    outer loop
      vertex 6.25882 6.96593 0
      vertex 6.5 6.86602 5
      vertex 6.25882 6.96593 5
    endloop
  endfacet
  facet normal -0.382716 -0.923866 -0
    outer loop
      vertex 6.5 6.86602 5
      vertex 6.25882 6.96593 0
      vertex 6.5 6.86602 0
    endloop
  endfacet
  facet normal -0.793374 0.608735 0
    outer loop
      vertex 6.70711 5.29289 0
      vertex 6.86602 5.5 5
      vertex 6.86602 5.5 0
    endloop
  endfacet
  facet normal -0.793374 0.608735 0
    outer loop
      vertex 6.86602 5.5 5
      vertex 6.70711 5.29289 0
      vertex 6.70711 5.29289 5
    endloop
  endfacet
  facet normal 0.382716 -0.923866 0
    outer loop
      vertex 5.5 6.86602 0
      vertex 5.74118 6.96593 5
      vertex 5.5 6.86602 5
    endloop
  endfacet
  facet normal 0.382716 -0.923866 0
    outer loop
      vertex 5.74118 6.96593 5
      vertex 5.5 6.86602 0
      vertex 5.74118 6.96593 0
    endloop
  endfacet
  facet normal -0.608759 0.793355 0
    outer loop
      vertex 6.70711 5.29289 0
      vertex 6.5 5.13397 5
      vertex 6.70711 5.29289 5
    endloop
  endfacet
  facet normal -0.608759 0.793355 0
    outer loop
      vertex 6.5 5.13397 5
      vertex 6.70711 5.29289 0
      vertex 6.5 5.13397 0
    endloop
  endfacet
  facet normal 0.382728 0.923861 -0
    outer loop
      vertex 5.74118 5.03407 0
      vertex 5.59514 5.09457 5
      vertex 5.74118 5.03407 5
    endloop
  endfacet
  facet normal 0.382728 0.923861 0
    outer loop
      vertex 5.59514 5.09457 5
      vertex 5.74118 5.03407 0
      vertex 5.59514 5.09457 0
    endloop
  endfacet
  facet normal -0.991447 0.13051 0
    outer loop
      vertex 6.96593 5.74118 0
      vertex 7 6 5
      vertex 7 6 0
    endloop
  endfacet
  facet normal -0.991447 0.13051 0
    outer loop
      vertex 7 6 5
      vertex 6.96593 5.74118 0
      vertex 6.96593 5.74118 5
    endloop
  endfacet
  facet normal 0.793355 -0.608759 0
    outer loop
      vertex 5.13397 6.5 5
      vertex 5.29289 6.70711 0
      vertex 5.29289 6.70711 5
    endloop
  endfacet
  facet normal 0.793355 -0.608759 0
    outer loop
      vertex 5.29289 6.70711 0
      vertex 5.13397 6.5 5
      vertex 5.13397 6.5 0
    endloop
  endfacet
  facet normal 0.608735 -0.793374 0
    outer loop
      vertex 5.29289 6.70711 0
      vertex 5.5 6.86602 5
      vertex 5.29289 6.70711 5
    endloop
  endfacet
  facet normal 0.608735 -0.793374 0
    outer loop
      vertex 5.5 6.86602 5
      vertex 5.29289 6.70711 0
      vertex 5.5 6.86602 0
    endloop
  endfacet
  facet normal 0.13051 0.991447 -0
    outer loop
      vertex 6 5 0
      vertex 5.74118 5.03407 5
      vertex 6 5 5
    endloop
  endfacet
  facet normal 0.13051 0.991447 0
    outer loop
      vertex 5.74118 5.03407 5
      vertex 6 5 0
      vertex 5.74118 5.03407 0
    endloop
  endfacet
  facet normal -0.13051 0.991447 0
    outer loop
      vertex 6.25882 5.03407 0
      vertex 6 5 5
      vertex 6.25882 5.03407 5
    endloop
  endfacet
  facet normal -0.13051 0.991447 0
    outer loop
      vertex 6 5 5
      vertex 6.25882 5.03407 0
      vertex 6 5 0
    endloop
  endfacet
  facet normal -0.382683 0.92388 0
    outer loop
      vertex 6.5 5.13397 0
      vertex 6.25882 5.03407 5
      vertex 6.5 5.13397 5
    endloop
  endfacet
  facet normal -0.382683 0.92388 0
    outer loop
      vertex 6.25882 5.03407 5
      vertex 6.5 5.13397 0
      vertex 6.25882 5.03407 0
    endloop
  endfacet
  facet normal 0.991447 -0.13051 0
    outer loop
      vertex 5 6 5
      vertex 5.03407 6.25882 0
      vertex 5.03407 6.25882 5
    endloop
  endfacet
  facet normal 0.991447 -0.13051 0
    outer loop
      vertex 5.03407 6.25882 0
      vertex 5 6 5
      vertex 5 6 0
    endloop
  endfacet
  facet normal 0.991447 0.13051 0
    outer loop
      vertex 5.03407 5.74118 5
      vertex 5 6 0
      vertex 5 6 5
    endloop
  endfacet
  facet normal 0.991447 0.13051 0
    outer loop
      vertex 5 6 0
      vertex 5.03407 5.74118 5
      vertex 5.03407 5.74118 0
    endloop
  endfacet
  facet normal 0.92388 -0.382683 0
    outer loop
      vertex 5.03407 6.25882 5
      vertex 5.13397 6.5 0
      vertex 5.13397 6.5 5
    endloop
  endfacet
  facet normal 0.92388 -0.382683 0
    outer loop
      vertex 5.13397 6.5 0
      vertex 5.03407 6.25882 5
      vertex 5.03407 6.25882 0
    endloop
  endfacet
  facet normal -0.608735 -0.793374 0
    outer loop
      vertex 6.5 6.86602 0
      vertex 6.70711 6.70711 5
      vertex 6.5 6.86602 5
    endloop
  endfacet
  facet normal -0.608735 -0.793374 -0
    outer loop
      vertex 6.70711 6.70711 5
      vertex 6.5 6.86602 0
      vertex 6.70711 6.70711 0
    endloop
  endfacet
  facet normal -0.13051 -0.991447 0
    outer loop
      vertex 6 7 0
      vertex 6.25882 6.96593 5
      vertex 6 7 5
    endloop
  endfacet
  facet normal -0.13051 -0.991447 -0
    outer loop
      vertex 6.25882 6.96593 5
      vertex 6 7 0
      vertex 6.25882 6.96593 0
    endloop
  endfacet
  facet normal 0.923861 0.382728 0
    outer loop
      vertex 5.09457 5.59514 5
      vertex 5.03407 5.74118 0
      vertex 5.03407 5.74118 5
    endloop
  endfacet
  facet normal 0.923861 0.382728 0
    outer loop
      vertex 5.03407 5.74118 0
      vertex 5.09457 5.59514 5
      vertex 5.09457 5.59514 0
    endloop
  endfacet
  facet normal -0.793374 -0.608735 0
    outer loop
      vertex 6.86602 6.5 0
      vertex 6.70711 6.70711 5
      vertex 6.70711 6.70711 0
    endloop
  endfacet
  facet normal -0.793374 -0.608735 0
    outer loop
      vertex 6.70711 6.70711 5
      vertex 6.86602 6.5 0
      vertex 6.86602 6.5 5
    endloop
  endfacet
  facet normal -0.923866 0.382716 0
    outer loop
      vertex 6.86602 5.5 0
      vertex 6.96593 5.74118 5
      vertex 6.96593 5.74118 0
    endloop
  endfacet
  facet normal -0.923866 0.382716 0
    outer loop
      vertex 6.96593 5.74118 5
      vertex 6.86602 5.5 0
      vertex 6.86602 5.5 5
    endloop
  endfacet
  facet normal 0.793392 0.608711 0
    outer loop
      vertex 84.2929 5.29289 5
      vertex 84.134 5.5 0
      vertex 84.134 5.5 5
    endloop
  endfacet
  facet normal 0.793392 0.608711 0
    outer loop
      vertex 84.134 5.5 0
      vertex 84.2929 5.29289 5
      vertex 84.2929 5.29289 0
    endloop
  endfacet
  facet normal -0.92388 -0.382683 0
    outer loop
      vertex 85.9659 6.25882 0
      vertex 85.866 6.5 5
      vertex 85.866 6.5 0
    endloop
  endfacet
  facet normal -0.92388 -0.382683 0
    outer loop
      vertex 85.866 6.5 5
      vertex 85.9659 6.25882 0
      vertex 85.9659 6.25882 5
    endloop
  endfacet
  facet normal -0.991432 -0.130623 0
    outer loop
      vertex 86 6 0
      vertex 85.9659 6.25882 5
      vertex 85.9659 6.25882 0
    endloop
  endfacet
  facet normal -0.991432 -0.130623 0
    outer loop
      vertex 85.9659 6.25882 5
      vertex 86 6 0
      vertex 86 6 5
    endloop
  endfacet
  facet normal 0.13052 -0.991446 0
    outer loop
      vertex 84.7412 6.96593 0
      vertex 85 7 5
      vertex 84.7412 6.96593 5
    endloop
  endfacet
  facet normal 0.13052 -0.991446 0
    outer loop
      vertex 85 7 5
      vertex 84.7412 6.96593 0
      vertex 85 7 0
    endloop
  endfacet
  facet normal -0.382689 -0.923877 0
    outer loop
      vertex 85.2588 6.96593 0
      vertex 85.5 6.86602 5
      vertex 85.2588 6.96593 5
    endloop
  endfacet
  facet normal -0.382689 -0.923877 -0
    outer loop
      vertex 85.5 6.86602 5
      vertex 85.2588 6.96593 0
      vertex 85.5 6.86602 0
    endloop
  endfacet
  facet normal 0.382689 -0.923877 0
    outer loop
      vertex 84.5 6.86602 0
      vertex 84.7412 6.96593 5
      vertex 84.5 6.86602 5
    endloop
  endfacet
  facet normal 0.382689 -0.923877 0
    outer loop
      vertex 84.7412 6.96593 5
      vertex 84.5 6.86602 0
      vertex 84.7412 6.96593 0
    endloop
  endfacet
  facet normal 0.382656 0.923891 -0
    outer loop
      vertex 84.7412 5.03407 0
      vertex 84.5 5.13397 5
      vertex 84.7412 5.03407 5
    endloop
  endfacet
  facet normal 0.382656 0.923891 0
    outer loop
      vertex 84.5 5.13397 5
      vertex 84.7412 5.03407 0
      vertex 84.5 5.13397 0
    endloop
  endfacet
  facet normal -0.991432 0.130623 0
    outer loop
      vertex 85.9659 5.74118 0
      vertex 86 6 5
      vertex 86 6 0
    endloop
  endfacet
  facet normal -0.991432 0.130623 0
    outer loop
      vertex 86 6 5
      vertex 85.9659 5.74118 0
      vertex 85.9659 5.74118 5
    endloop
  endfacet
  facet normal 0.793392 -0.608711 0
    outer loop
      vertex 84.134 6.5 5
      vertex 84.2929 6.70711 0
      vertex 84.2929 6.70711 5
    endloop
  endfacet
  facet normal 0.793392 -0.608711 0
    outer loop
      vertex 84.2929 6.70711 0
      vertex 84.134 6.5 5
      vertex 84.134 6.5 0
    endloop
  endfacet
  facet normal 0.608753 -0.79336 0
    outer loop
      vertex 84.2929 6.70711 0
      vertex 84.5 6.86602 5
      vertex 84.2929 6.70711 5
    endloop
  endfacet
  facet normal 0.608753 -0.79336 0
    outer loop
      vertex 84.5 6.86602 5
      vertex 84.2929 6.70711 0
      vertex 84.5 6.86602 0
    endloop
  endfacet
  facet normal 0.13052 0.991446 -0
    outer loop
      vertex 85 5 0
      vertex 84.7412 5.03407 5
      vertex 85 5 5
    endloop
  endfacet
  facet normal 0.13052 0.991446 0
    outer loop
      vertex 84.7412 5.03407 5
      vertex 85 5 0
      vertex 84.7412 5.03407 0
    endloop
  endfacet
  facet normal -0.13052 0.991446 0
    outer loop
      vertex 85.2588 5.03407 0
      vertex 85 5 5
      vertex 85.2588 5.03407 5
    endloop
  endfacet
  facet normal -0.13052 0.991446 0
    outer loop
      vertex 85 5 5
      vertex 85.2588 5.03407 0
      vertex 85 5 0
    endloop
  endfacet
  facet normal -0.382594 0.923917 0
    outer loop
      vertex 85.4049 5.09457 0
      vertex 85.2588 5.03407 5
      vertex 85.4049 5.09457 5
    endloop
  endfacet
  facet normal -0.382594 0.923917 0
    outer loop
      vertex 85.2588 5.03407 5
      vertex 85.4049 5.09457 0
      vertex 85.2588 5.03407 0
    endloop
  endfacet
  facet normal 0.608777 0.793341 -0
    outer loop
      vertex 84.5 5.13397 0
      vertex 84.2929 5.29289 5
      vertex 84.5 5.13397 5
    endloop
  endfacet
  facet normal 0.608777 0.793341 0
    outer loop
      vertex 84.2929 5.29289 5
      vertex 84.5 5.13397 0
      vertex 84.2929 5.29289 0
    endloop
  endfacet
  facet normal 0.991432 -0.130623 0
    outer loop
      vertex 84 6 5
      vertex 84.0341 6.25882 0
      vertex 84.0341 6.25882 5
    endloop
  endfacet
  facet normal 0.991432 -0.130623 0
    outer loop
      vertex 84.0341 6.25882 0
      vertex 84 6 5
      vertex 84 6 0
    endloop
  endfacet
  facet normal 0.991432 0.130623 0
    outer loop
      vertex 84.0341 5.74118 5
      vertex 84 6 0
      vertex 84 6 5
    endloop
  endfacet
  facet normal 0.991432 0.130623 0
    outer loop
      vertex 84 6 0
      vertex 84.0341 5.74118 5
      vertex 84.0341 5.74118 0
    endloop
  endfacet
  facet normal 0.92388 -0.382683 0
    outer loop
      vertex 84.0341 6.25882 5
      vertex 84.134 6.5 0
      vertex 84.134 6.5 5
    endloop
  endfacet
  facet normal 0.92388 -0.382683 0
    outer loop
      vertex 84.134 6.5 0
      vertex 84.0341 6.25882 5
      vertex 84.0341 6.25882 0
    endloop
  endfacet
  facet normal -0.608753 -0.79336 0
    outer loop
      vertex 85.5 6.86602 0
      vertex 85.7071 6.70711 5
      vertex 85.5 6.86602 5
    endloop
  endfacet
  facet normal -0.608753 -0.79336 -0
    outer loop
      vertex 85.7071 6.70711 5
      vertex 85.5 6.86602 0
      vertex 85.7071 6.70711 0
    endloop
  endfacet
  facet normal -0.13052 -0.991446 0
    outer loop
      vertex 85 7 0
      vertex 85.2588 6.96593 5
      vertex 85 7 5
    endloop
  endfacet
  facet normal -0.13052 -0.991446 -0
    outer loop
      vertex 85.2588 6.96593 5
      vertex 85 7 0
      vertex 85.2588 6.96593 0
    endloop
  endfacet
  facet normal 0.92388 0.382683 0
    outer loop
      vertex 84.134 5.5 5
      vertex 84.0341 5.74118 0
      vertex 84.0341 5.74118 5
    endloop
  endfacet
  facet normal 0.92388 0.382683 0
    outer loop
      vertex 84.0341 5.74118 0
      vertex 84.134 5.5 5
      vertex 84.134 5.5 0
    endloop
  endfacet
  facet normal -0.793392 -0.608711 0
    outer loop
      vertex 85.866 6.5 0
      vertex 85.7071 6.70711 5
      vertex 85.7071 6.70711 0
    endloop
  endfacet
  facet normal -0.793392 -0.608711 0
    outer loop
      vertex 85.7071 6.70711 5
      vertex 85.866 6.5 0
      vertex 85.866 6.5 5
    endloop
  endfacet
  facet normal -0.923861 0.382728 0
    outer loop
      vertex 85.9054 5.59514 0
      vertex 85.9659 5.74118 5
      vertex 85.9659 5.74118 0
    endloop
  endfacet
  facet normal -0.923861 0.382728 0
    outer loop
      vertex 85.9659 5.74118 5
      vertex 85.9054 5.59514 0
      vertex 85.9054 5.59514 5
    endloop
  endfacet
  facet normal 0.793341 0.608777 0
    outer loop
      vertex 5.29289 54.2929 5
      vertex 5.13397 54.5 0
      vertex 5.13397 54.5 5
    endloop
  endfacet
  facet normal 0.793341 0.608777 0
    outer loop
      vertex 5.13397 54.5 0
      vertex 5.29289 54.2929 5
      vertex 5.29289 54.2929 0
    endloop
  endfacet
  facet normal -0.923877 -0.382689 0
    outer loop
      vertex 6.96593 55.2588 0
      vertex 6.86602 55.5 5
      vertex 6.86602 55.5 0
    endloop
  endfacet
  facet normal -0.923877 -0.382689 0
    outer loop
      vertex 6.86602 55.5 5
      vertex 6.96593 55.2588 0
      vertex 6.96593 55.2588 5
    endloop
  endfacet
  facet normal -0.991446 -0.13052 0
    outer loop
      vertex 7 55 0
      vertex 6.96593 55.2588 5
      vertex 6.96593 55.2588 0
    endloop
  endfacet
  facet normal -0.991446 -0.13052 0
    outer loop
      vertex 6.96593 55.2588 5
      vertex 7 55 0
      vertex 7 55 5
    endloop
  endfacet
  facet normal 0.130623 -0.991432 0
    outer loop
      vertex 5.74118 55.9659 0
      vertex 6 56 5
      vertex 5.74118 55.9659 5
    endloop
  endfacet
  facet normal 0.130623 -0.991432 0
    outer loop
      vertex 6 56 5
      vertex 5.74118 55.9659 0
      vertex 6 56 0
    endloop
  endfacet
  facet normal -0.382683 -0.92388 0
    outer loop
      vertex 6.25882 55.9659 0
      vertex 6.5 55.866 5
      vertex 6.25882 55.9659 5
    endloop
  endfacet
  facet normal -0.382683 -0.92388 -0
    outer loop
      vertex 6.5 55.866 5
      vertex 6.25882 55.9659 0
      vertex 6.5 55.866 0
    endloop
  endfacet
  facet normal -0.79336 0.608753 0
    outer loop
      vertex 6.70711 54.2929 0
      vertex 6.86602 54.5 5
      vertex 6.86602 54.5 0
    endloop
  endfacet
  facet normal -0.79336 0.608753 0
    outer loop
      vertex 6.86602 54.5 5
      vertex 6.70711 54.2929 0
      vertex 6.70711 54.2929 5
    endloop
  endfacet
  facet normal 0.382728 -0.923861 0
    outer loop
      vertex 5.59514 55.9054 0
      vertex 5.74118 55.9659 5
      vertex 5.59514 55.9054 5
    endloop
  endfacet
  facet normal 0.382728 -0.923861 0
    outer loop
      vertex 5.74118 55.9659 5
      vertex 5.59514 55.9054 0
      vertex 5.74118 55.9659 0
    endloop
  endfacet
  facet normal -0.608711 0.793392 0
    outer loop
      vertex 6.70711 54.2929 0
      vertex 6.5 54.134 5
      vertex 6.70711 54.2929 5
    endloop
  endfacet
  facet normal -0.608711 0.793392 0
    outer loop
      vertex 6.5 54.134 5
      vertex 6.70711 54.2929 0
      vertex 6.5 54.134 0
    endloop
  endfacet
  facet normal 0.382683 0.92388 -0
    outer loop
      vertex 5.74118 54.0341 0
      vertex 5.5 54.134 5
      vertex 5.74118 54.0341 5
    endloop
  endfacet
  facet normal 0.382683 0.92388 0
    outer loop
      vertex 5.5 54.134 5
      vertex 5.74118 54.0341 0
      vertex 5.5 54.134 0
    endloop
  endfacet
  facet normal -0.991446 0.13052 0
    outer loop
      vertex 6.96593 54.7412 0
      vertex 7 55 5
      vertex 7 55 0
    endloop
  endfacet
  facet normal -0.991446 0.13052 0
    outer loop
      vertex 7 55 5
      vertex 6.96593 54.7412 0
      vertex 6.96593 54.7412 5
    endloop
  endfacet
  facet normal 0.130623 0.991432 -0
    outer loop
      vertex 6 54 0
      vertex 5.74118 54.0341 5
      vertex 6 54 5
    endloop
  endfacet
  facet normal 0.130623 0.991432 0
    outer loop
      vertex 5.74118 54.0341 5
      vertex 6 54 0
      vertex 5.74118 54.0341 0
    endloop
  endfacet
  facet normal -0.130623 0.991432 0
    outer loop
      vertex 6.25882 54.0341 0
      vertex 6 54 5
      vertex 6.25882 54.0341 5
    endloop
  endfacet
  facet normal -0.130623 0.991432 0
    outer loop
      vertex 6 54 5
      vertex 6.25882 54.0341 0
      vertex 6 54 0
    endloop
  endfacet
  facet normal -0.382683 0.92388 0
    outer loop
      vertex 6.5 54.134 0
      vertex 6.25882 54.0341 5
      vertex 6.5 54.134 5
    endloop
  endfacet
  facet normal -0.382683 0.92388 0
    outer loop
      vertex 6.25882 54.0341 5
      vertex 6.5 54.134 0
      vertex 6.25882 54.0341 0
    endloop
  endfacet
  facet normal 0.608711 0.793392 -0
    outer loop
      vertex 5.5 54.134 0
      vertex 5.29289 54.2929 5
      vertex 5.5 54.134 5
    endloop
  endfacet
  facet normal 0.608711 0.793392 0
    outer loop
      vertex 5.29289 54.2929 5
      vertex 5.5 54.134 0
      vertex 5.29289 54.2929 0
    endloop
  endfacet
  facet normal 0.991446 -0.13052 0
    outer loop
      vertex 5 55 5
      vertex 5.03407 55.2588 0
      vertex 5.03407 55.2588 5
    endloop
  endfacet
  facet normal 0.991446 -0.13052 0
    outer loop
      vertex 5.03407 55.2588 0
      vertex 5 55 5
      vertex 5 55 0
    endloop
  endfacet
  facet normal 0.991446 0.13052 0
    outer loop
      vertex 5.03407 54.7412 5
      vertex 5 55 0
      vertex 5 55 5
    endloop
  endfacet
  facet normal 0.991446 0.13052 0
    outer loop
      vertex 5 55 0
      vertex 5.03407 54.7412 5
      vertex 5.03407 54.7412 0
    endloop
  endfacet
  facet normal 0.923917 -0.382594 0
    outer loop
      vertex 5.03407 55.2588 5
      vertex 5.09457 55.4049 0
      vertex 5.09457 55.4049 5
    endloop
  endfacet
  facet normal 0.923917 -0.382594 0
    outer loop
      vertex 5.09457 55.4049 0
      vertex 5.03407 55.2588 5
      vertex 5.03407 55.2588 0
    endloop
  endfacet
  facet normal -0.608711 -0.793392 0
    outer loop
      vertex 6.5 55.866 0
      vertex 6.70711 55.7071 5
      vertex 6.5 55.866 5
    endloop
  endfacet
  facet normal -0.608711 -0.793392 -0
    outer loop
      vertex 6.70711 55.7071 5
      vertex 6.5 55.866 0
      vertex 6.70711 55.7071 0
    endloop
  endfacet
  facet normal -0.130623 -0.991432 0
    outer loop
      vertex 6 56 0
      vertex 6.25882 55.9659 5
      vertex 6 56 5
    endloop
  endfacet
  facet normal -0.130623 -0.991432 -0
    outer loop
      vertex 6.25882 55.9659 5
      vertex 6 56 0
      vertex 6.25882 55.9659 0
    endloop
  endfacet
  facet normal 0.923891 0.382656 0
    outer loop
      vertex 5.13397 54.5 5
      vertex 5.03407 54.7412 0
      vertex 5.03407 54.7412 5
    endloop
  endfacet
  facet normal 0.923891 0.382656 0
    outer loop
      vertex 5.03407 54.7412 0
      vertex 5.13397 54.5 5
      vertex 5.13397 54.5 0
    endloop
  endfacet
  facet normal -0.79336 -0.608753 0
    outer loop
      vertex 6.86602 55.5 0
      vertex 6.70711 55.7071 5
      vertex 6.70711 55.7071 0
    endloop
  endfacet
  facet normal -0.79336 -0.608753 0
    outer loop
      vertex 6.70711 55.7071 5
      vertex 6.86602 55.5 0
      vertex 6.86602 55.5 5
    endloop
  endfacet
  facet normal -0.923877 0.382689 0
    outer loop
      vertex 6.86602 54.5 0
      vertex 6.96593 54.7412 5
      vertex 6.96593 54.7412 0
    endloop
  endfacet
  facet normal -0.923877 0.382689 0
    outer loop
      vertex 6.96593 54.7412 5
      vertex 6.86602 54.5 0
      vertex 6.86602 54.5 5
    endloop
  endfacet
  facet normal 0.793378 0.608729 0
    outer loop
      vertex 84.2929 54.2929 5
      vertex 84.134 54.5 0
      vertex 84.134 54.5 5
    endloop
  endfacet
  facet normal 0.793378 0.608729 0
    outer loop
      vertex 84.134 54.5 0
      vertex 84.2929 54.2929 5
      vertex 84.2929 54.2929 0
    endloop
  endfacet
  facet normal -0.923917 -0.382594 0
    outer loop
      vertex 85.9659 55.2588 0
      vertex 85.9054 55.4049 5
      vertex 85.9054 55.4049 0
    endloop
  endfacet
  facet normal -0.923917 -0.382594 0
    outer loop
      vertex 85.9054 55.4049 5
      vertex 85.9659 55.2588 0
      vertex 85.9659 55.2588 5
    endloop
  endfacet
  facet normal -0.991431 -0.130633 0
    outer loop
      vertex 86 55 0
      vertex 85.9659 55.2588 5
      vertex 85.9659 55.2588 0
    endloop
  endfacet
  facet normal -0.991431 -0.130633 0
    outer loop
      vertex 85.9659 55.2588 5
      vertex 86 55 0
      vertex 86 55 5
    endloop
  endfacet
  facet normal 0.130633 -0.991431 0
    outer loop
      vertex 84.7412 55.9659 0
      vertex 85 56 5
      vertex 84.7412 55.9659 5
    endloop
  endfacet
  facet normal 0.130633 -0.991431 0
    outer loop
      vertex 85 56 5
      vertex 84.7412 55.9659 0
      vertex 85 56 0
    endloop
  endfacet
  facet normal -0.382594 -0.923917 0
    outer loop
      vertex 85.2588 55.9659 0
      vertex 85.4049 55.9054 5
      vertex 85.2588 55.9659 5
    endloop
  endfacet
  facet normal -0.382594 -0.923917 -0
    outer loop
      vertex 85.4049 55.9054 5
      vertex 85.2588 55.9659 0
      vertex 85.4049 55.9054 0
    endloop
  endfacet
  facet normal -0.793378 0.608729 0
    outer loop
      vertex 85.7071 54.2929 0
      vertex 85.866 54.5 5
      vertex 85.866 54.5 0
    endloop
  endfacet
  facet normal -0.793378 0.608729 0
    outer loop
      vertex 85.866 54.5 5
      vertex 85.7071 54.2929 0
      vertex 85.7071 54.2929 5
    endloop
  endfacet
  facet normal 0.382656 -0.923891 0
    outer loop
      vertex 84.5 55.866 0
      vertex 84.7412 55.9659 5
      vertex 84.5 55.866 5
    endloop
  endfacet
  facet normal 0.382656 -0.923891 0
    outer loop
      vertex 84.7412 55.9659 5
      vertex 84.5 55.866 0
      vertex 84.7412 55.9659 0
    endloop
  endfacet
  facet normal -0.608729 0.793378 0
    outer loop
      vertex 85.7071 54.2929 0
      vertex 85.5 54.134 5
      vertex 85.7071 54.2929 5
    endloop
  endfacet
  facet normal -0.608729 0.793378 0
    outer loop
      vertex 85.5 54.134 5
      vertex 85.7071 54.2929 0
      vertex 85.5 54.134 0
    endloop
  endfacet
  facet normal 0.382656 0.923891 -0
    outer loop
      vertex 84.7412 54.0341 0
      vertex 84.5 54.134 5
      vertex 84.7412 54.0341 5
    endloop
  endfacet
  facet normal 0.382656 0.923891 0
    outer loop
      vertex 84.5 54.134 5
      vertex 84.7412 54.0341 0
      vertex 84.5 54.134 0
    endloop
  endfacet
  facet normal -0.991431 0.130633 0
    outer loop
      vertex 85.9659 54.7412 0
      vertex 86 55 5
      vertex 86 55 0
    endloop
  endfacet
  facet normal -0.991431 0.130633 0
    outer loop
      vertex 86 55 5
      vertex 85.9659 54.7412 0
      vertex 85.9659 54.7412 5
    endloop
  endfacet
  facet normal 0.793378 -0.608729 0
    outer loop
      vertex 84.134 55.5 5
      vertex 84.2929 55.7071 0
      vertex 84.2929 55.7071 5
    endloop
  endfacet
  facet normal 0.793378 -0.608729 0
    outer loop
      vertex 84.2929 55.7071 0
      vertex 84.134 55.5 5
      vertex 84.134 55.5 0
    endloop
  endfacet
  facet normal 0.608729 -0.793378 0
    outer loop
      vertex 84.2929 55.7071 0
      vertex 84.5 55.866 5
      vertex 84.2929 55.7071 5
    endloop
  endfacet
  facet normal 0.608729 -0.793378 0
    outer loop
      vertex 84.5 55.866 5
      vertex 84.2929 55.7071 0
      vertex 84.5 55.866 0
    endloop
  endfacet
  facet normal 0.130633 0.991431 -0
    outer loop
      vertex 85 54 0
      vertex 84.7412 54.0341 5
      vertex 85 54 5
    endloop
  endfacet
  facet normal 0.130633 0.991431 0
    outer loop
      vertex 84.7412 54.0341 5
      vertex 85 54 0
      vertex 84.7412 54.0341 0
    endloop
  endfacet
  facet normal -0.130633 0.991431 0
    outer loop
      vertex 85.2588 54.0341 0
      vertex 85 54 5
      vertex 85.2588 54.0341 5
    endloop
  endfacet
  facet normal -0.130633 0.991431 0
    outer loop
      vertex 85 54 5
      vertex 85.2588 54.0341 0
      vertex 85 54 0
    endloop
  endfacet
  facet normal -0.382656 0.923891 0
    outer loop
      vertex 85.5 54.134 0
      vertex 85.2588 54.0341 5
      vertex 85.5 54.134 5
    endloop
  endfacet
  facet normal -0.382656 0.923891 0
    outer loop
      vertex 85.2588 54.0341 5
      vertex 85.5 54.134 0
      vertex 85.2588 54.0341 0
    endloop
  endfacet
  facet normal 0.608729 0.793378 -0
    outer loop
      vertex 84.5 54.134 0
      vertex 84.2929 54.2929 5
      vertex 84.5 54.134 5
    endloop
  endfacet
  facet normal 0.608729 0.793378 0
    outer loop
      vertex 84.2929 54.2929 5
      vertex 84.5 54.134 0
      vertex 84.2929 54.2929 0
    endloop
  endfacet
  facet normal 0.991431 -0.130633 0
    outer loop
      vertex 84 55 5
      vertex 84.0341 55.2588 0
      vertex 84.0341 55.2588 5
    endloop
  endfacet
  facet normal 0.991431 -0.130633 0
    outer loop
      vertex 84.0341 55.2588 0
      vertex 84 55 5
      vertex 84 55 0
    endloop
  endfacet
  facet normal 0.991431 0.130633 0
    outer loop
      vertex 84.0341 54.7412 5
      vertex 84 55 0
      vertex 84 55 5
    endloop
  endfacet
  facet normal 0.991431 0.130633 0
    outer loop
      vertex 84 55 0
      vertex 84.0341 54.7412 5
      vertex 84.0341 54.7412 0
    endloop
  endfacet
  facet normal 0.923891 -0.382656 0
    outer loop
      vertex 84.0341 55.2588 5
      vertex 84.134 55.5 0
      vertex 84.134 55.5 5
    endloop
  endfacet
  facet normal 0.923891 -0.382656 0
    outer loop
      vertex 84.134 55.5 0
      vertex 84.0341 55.2588 5
      vertex 84.0341 55.2588 0
    endloop
  endfacet
  facet normal -0.130633 -0.991431 0
    outer loop
      vertex 85 56 0
      vertex 85.2588 55.9659 5
      vertex 85 56 5
    endloop
  endfacet
  facet normal -0.130633 -0.991431 -0
    outer loop
      vertex 85.2588 55.9659 5
      vertex 85 56 0
      vertex 85.2588 55.9659 0
    endloop
  endfacet
  facet normal 0.923891 0.382656 0
    outer loop
      vertex 84.134 54.5 5
      vertex 84.0341 54.7412 0
      vertex 84.0341 54.7412 5
    endloop
  endfacet
  facet normal 0.923891 0.382656 0
    outer loop
      vertex 84.0341 54.7412 0
      vertex 84.134 54.5 5
      vertex 84.134 54.5 0
    endloop
  endfacet
  facet normal -0.923891 0.382656 0
    outer loop
      vertex 85.866 54.5 0
      vertex 85.9659 54.7412 5
      vertex 85.9659 54.7412 0
    endloop
  endfacet
  facet normal -0.923891 0.382656 0
    outer loop
      vertex 85.9659 54.7412 5
      vertex 85.866 54.5 0
      vertex 85.866 54.5 5
    endloop
  endfacet
  facet normal 0.60877 0.793347 -0
    outer loop
      vertex 3.875 3.41747 0
      vertex 3.61612 3.61612 5
      vertex 3.875 3.41747 5
    endloop
  endfacet
  facet normal 0.60877 0.793347 0
    outer loop
      vertex 3.61612 3.61612 5
      vertex 3.875 3.41747 0
      vertex 3.61612 3.61612 0
    endloop
  endfacet
  facet normal 0.60877 0.793347 -0
    outer loop
      vertex 3.875 3.41747 7
      vertex 3.61612 3.61612 23
      vertex 3.875 3.41747 23
    endloop
  endfacet
  facet normal 0.60877 0.793347 0
    outer loop
      vertex 3.61612 3.61612 23
      vertex 3.875 3.41747 7
      vertex 3.61612 3.61612 7
    endloop
  endfacet
  facet normal -0.923883 -0.382676 0
    outer loop
      vertex 5.70741 4.82352 0
      vertex 5.59514 5.09457 5
      vertex 5.59514 5.09457 0
    endloop
  endfacet
  facet normal -0.923883 -0.382676 0
    outer loop
      vertex 5.59514 5.09457 5
      vertex 5.70741 4.82352 0
      vertex 5.70741 4.82352 5
    endloop
  endfacet
  facet normal -0.923876 -0.382691 0
    outer loop
      vertex 5.70741 4.82352 7
      vertex 5.58253 5.125 23
      vertex 5.58253 5.125 7
    endloop
  endfacet
  facet normal -0.923876 -0.382691 0
    outer loop
      vertex 5.58253 5.125 23
      vertex 5.70741 4.82352 7
      vertex 5.70741 4.82352 23
    endloop
  endfacet
  facet normal -0.991446 -0.13052 0
    outer loop
      vertex 5.75 4.5 0
      vertex 5.70741 4.82352 5
      vertex 5.70741 4.82352 0
    endloop
  endfacet
  facet normal -0.991446 -0.13052 0
    outer loop
      vertex 5.70741 4.82352 5
      vertex 5.75 4.5 0
      vertex 5.75 4.5 5
    endloop
  endfacet
  facet normal -0.991446 -0.13052 0
    outer loop
      vertex 5.75 4.5 7
      vertex 5.70741 4.82352 23
      vertex 5.70741 4.82352 7
    endloop
  endfacet
  facet normal -0.991446 -0.13052 0
    outer loop
      vertex 5.70741 4.82352 23
      vertex 5.75 4.5 7
      vertex 5.75 4.5 23
    endloop
  endfacet
  facet normal -0.793347 -0.60877 0
    outer loop
      vertex 5.58253 5.125 7
      vertex 5.38388 5.38388 23
      vertex 5.38388 5.38388 7
    endloop
  endfacet
  facet normal -0.793347 -0.60877 0
    outer loop
      vertex 5.38388 5.38388 23
      vertex 5.58253 5.125 7
      vertex 5.58253 5.125 23
    endloop
  endfacet
  facet normal -0.60877 -0.793347 0
    outer loop
      vertex 5.125 5.58253 7
      vertex 5.38388 5.38388 23
      vertex 5.125 5.58253 23
    endloop
  endfacet
  facet normal -0.60877 -0.793347 -0
    outer loop
      vertex 5.38388 5.38388 23
      vertex 5.125 5.58253 7
      vertex 5.38388 5.38388 7
    endloop
  endfacet
  facet normal 0.13052 -0.991446 0
    outer loop
      vertex 4.17648 5.70741 0
      vertex 4.5 5.75 5
      vertex 4.17648 5.70741 5
    endloop
  endfacet
  facet normal 0.13052 -0.991446 0
    outer loop
      vertex 4.5 5.75 5
      vertex 4.17648 5.70741 0
      vertex 4.5 5.75 0
    endloop
  endfacet
  facet normal 0.13052 -0.991446 0
    outer loop
      vertex 4.17648 5.70741 7
      vertex 4.5 5.75 23
      vertex 4.17648 5.70741 23
    endloop
  endfacet
  facet normal 0.13052 -0.991446 0
    outer loop
      vertex 4.5 5.75 23
      vertex 4.17648 5.70741 7
      vertex 4.5 5.75 7
    endloop
  endfacet
  facet normal -0.382676 -0.923883 0
    outer loop
      vertex 4.82352 5.70741 0
      vertex 5.09457 5.59514 5
      vertex 4.82352 5.70741 5
    endloop
  endfacet
  facet normal -0.382676 -0.923883 -0
    outer loop
      vertex 5.09457 5.59514 5
      vertex 4.82352 5.70741 0
      vertex 5.09457 5.59514 0
    endloop
  endfacet
  facet normal -0.382691 -0.923876 0
    outer loop
      vertex 4.82352 5.70741 7
      vertex 5.125 5.58253 23
      vertex 4.82352 5.70741 23
    endloop
  endfacet
  facet normal -0.382691 -0.923876 -0
    outer loop
      vertex 5.125 5.58253 23
      vertex 4.82352 5.70741 7
      vertex 5.125 5.58253 7
    endloop
  endfacet
  facet normal -0.793347 0.60877 0
    outer loop
      vertex 5.38388 3.61612 0
      vertex 5.58253 3.875 5
      vertex 5.58253 3.875 0
    endloop
  endfacet
  facet normal -0.793347 0.60877 0
    outer loop
      vertex 5.58253 3.875 5
      vertex 5.38388 3.61612 0
      vertex 5.38388 3.61612 5
    endloop
  endfacet
  facet normal -0.793347 0.60877 0
    outer loop
      vertex 5.38388 3.61612 7
      vertex 5.58253 3.875 23
      vertex 5.58253 3.875 7
    endloop
  endfacet
  facet normal -0.793347 0.60877 0
    outer loop
      vertex 5.58253 3.875 23
      vertex 5.38388 3.61612 7
      vertex 5.38388 3.61612 23
    endloop
  endfacet
  facet normal 0.793347 -0.60877 0
    outer loop
      vertex 3.41747 5.125 5
      vertex 3.61612 5.38388 0
      vertex 3.61612 5.38388 5
    endloop
  endfacet
  facet normal 0.793347 -0.60877 0
    outer loop
      vertex 3.61612 5.38388 0
      vertex 3.41747 5.125 5
      vertex 3.41747 5.125 0
    endloop
  endfacet
  facet normal 0.793347 -0.60877 0
    outer loop
      vertex 3.41747 5.125 23
      vertex 3.61612 5.38388 7
      vertex 3.61612 5.38388 23
    endloop
  endfacet
  facet normal 0.793347 -0.60877 0
    outer loop
      vertex 3.61612 5.38388 7
      vertex 3.41747 5.125 23
      vertex 3.41747 5.125 7
    endloop
  endfacet
  facet normal -0.13052 -0.991446 0
    outer loop
      vertex 4.5 5.75 0
      vertex 4.82352 5.70741 5
      vertex 4.5 5.75 5
    endloop
  endfacet
  facet normal -0.13052 -0.991446 -0
    outer loop
      vertex 4.82352 5.70741 5
      vertex 4.5 5.75 0
      vertex 4.82352 5.70741 0
    endloop
  endfacet
  facet normal -0.13052 -0.991446 0
    outer loop
      vertex 4.5 5.75 7
      vertex 4.82352 5.70741 23
      vertex 4.5 5.75 23
    endloop
  endfacet
  facet normal -0.13052 -0.991446 -0
    outer loop
      vertex 4.82352 5.70741 23
      vertex 4.5 5.75 7
      vertex 4.82352 5.70741 7
    endloop
  endfacet
  facet normal 0.991446 -0.13052 0
    outer loop
      vertex 3.25 4.5 5
      vertex 3.29259 4.82352 0
      vertex 3.29259 4.82352 5
    endloop
  endfacet
  facet normal 0.991446 -0.13052 0
    outer loop
      vertex 3.29259 4.82352 0
      vertex 3.25 4.5 5
      vertex 3.25 4.5 0
    endloop
  endfacet
  facet normal 0.991446 -0.13052 0
    outer loop
      vertex 3.25 4.5 23
      vertex 3.29259 4.82352 7
      vertex 3.29259 4.82352 23
    endloop
  endfacet
  facet normal 0.991446 -0.13052 0
    outer loop
      vertex 3.29259 4.82352 7
      vertex 3.25 4.5 23
      vertex 3.25 4.5 7
    endloop
  endfacet
  facet normal -0.991446 0.13052 0
    outer loop
      vertex 5.70741 4.17648 0
      vertex 5.75 4.5 5
      vertex 5.75 4.5 0
    endloop
  endfacet
  facet normal -0.991446 0.13052 0
    outer loop
      vertex 5.75 4.5 5
      vertex 5.70741 4.17648 0
      vertex 5.70741 4.17648 5
    endloop
  endfacet
  facet normal -0.991446 0.13052 0
    outer loop
      vertex 5.70741 4.17648 7
      vertex 5.75 4.5 23
      vertex 5.75 4.5 7
    endloop
  endfacet
  facet normal -0.991446 0.13052 0
    outer loop
      vertex 5.75 4.5 23
      vertex 5.70741 4.17648 7
      vertex 5.70741 4.17648 23
    endloop
  endfacet
  facet normal 0.60877 -0.793347 0
    outer loop
      vertex 3.61612 5.38388 0
      vertex 3.875 5.58253 5
      vertex 3.61612 5.38388 5
    endloop
  endfacet
  facet normal 0.60877 -0.793347 0
    outer loop
      vertex 3.875 5.58253 5
      vertex 3.61612 5.38388 0
      vertex 3.875 5.58253 0
    endloop
  endfacet
  facet normal 0.60877 -0.793347 0
    outer loop
      vertex 3.61612 5.38388 7
      vertex 3.875 5.58253 23
      vertex 3.61612 5.38388 23
    endloop
  endfacet
  facet normal 0.60877 -0.793347 0
    outer loop
      vertex 3.875 5.58253 23
      vertex 3.61612 5.38388 7
      vertex 3.875 5.58253 7
    endloop
  endfacet
  facet normal 0.13052 0.991446 -0
    outer loop
      vertex 4.5 3.25 0
      vertex 4.17648 3.29259 5
      vertex 4.5 3.25 5
    endloop
  endfacet
  facet normal 0.13052 0.991446 0
    outer loop
      vertex 4.17648 3.29259 5
      vertex 4.5 3.25 0
      vertex 4.17648 3.29259 0
    endloop
  endfacet
  facet normal 0.13052 0.991446 -0
    outer loop
      vertex 4.5 3.25 7
      vertex 4.17648 3.29259 23
      vertex 4.5 3.25 23
    endloop
  endfacet
  facet normal 0.13052 0.991446 0
    outer loop
      vertex 4.17648 3.29259 23
      vertex 4.5 3.25 7
      vertex 4.17648 3.29259 7
    endloop
  endfacet
  facet normal -0.13052 0.991446 0
    outer loop
      vertex 4.82352 3.29259 0
      vertex 4.5 3.25 5
      vertex 4.82352 3.29259 5
    endloop
  endfacet
  facet normal -0.13052 0.991446 0
    outer loop
      vertex 4.5 3.25 5
      vertex 4.82352 3.29259 0
      vertex 4.5 3.25 0
    endloop
  endfacet
  facet normal -0.13052 0.991446 0
    outer loop
      vertex 4.82352 3.29259 7
      vertex 4.5 3.25 23
      vertex 4.82352 3.29259 23
    endloop
  endfacet
  facet normal -0.13052 0.991446 0
    outer loop
      vertex 4.5 3.25 23
      vertex 4.82352 3.29259 7
      vertex 4.5 3.25 7
    endloop
  endfacet
  facet normal -0.382691 0.923876 0
    outer loop
      vertex 5.125 3.41747 0
      vertex 4.82352 3.29259 5
      vertex 5.125 3.41747 5
    endloop
  endfacet
  facet normal -0.382691 0.923876 0
    outer loop
      vertex 4.82352 3.29259 5
      vertex 5.125 3.41747 0
      vertex 4.82352 3.29259 0
    endloop
  endfacet
  facet normal -0.382691 0.923876 0
    outer loop
      vertex 5.125 3.41747 7
      vertex 4.82352 3.29259 23
      vertex 5.125 3.41747 23
    endloop
  endfacet
  facet normal -0.382691 0.923876 0
    outer loop
      vertex 4.82352 3.29259 23
      vertex 5.125 3.41747 7
      vertex 4.82352 3.29259 7
    endloop
  endfacet
  facet normal 0.793347 0.60877 0
    outer loop
      vertex 3.61612 3.61612 5
      vertex 3.41747 3.875 0
      vertex 3.41747 3.875 5
    endloop
  endfacet
  facet normal 0.793347 0.60877 0
    outer loop
      vertex 3.41747 3.875 0
      vertex 3.61612 3.61612 5
      vertex 3.61612 3.61612 0
    endloop
  endfacet
  facet normal 0.793347 0.60877 0
    outer loop
      vertex 3.61612 3.61612 23
      vertex 3.41747 3.875 7
      vertex 3.41747 3.875 23
    endloop
  endfacet
  facet normal 0.793347 0.60877 0
    outer loop
      vertex 3.41747 3.875 7
      vertex 3.61612 3.61612 23
      vertex 3.61612 3.61612 7
    endloop
  endfacet
  facet normal -0.60877 0.793347 0
    outer loop
      vertex 5.38388 3.61612 0
      vertex 5.125 3.41747 5
      vertex 5.38388 3.61612 5
    endloop
  endfacet
  facet normal -0.60877 0.793347 0
    outer loop
      vertex 5.125 3.41747 5
      vertex 5.38388 3.61612 0
      vertex 5.125 3.41747 0
    endloop
  endfacet
  facet normal -0.60877 0.793347 0
    outer loop
      vertex 5.38388 3.61612 7
      vertex 5.125 3.41747 23
      vertex 5.38388 3.61612 23
    endloop
  endfacet
  facet normal -0.60877 0.793347 0
    outer loop
      vertex 5.125 3.41747 23
      vertex 5.38388 3.61612 7
      vertex 5.125 3.41747 7
    endloop
  endfacet
  facet normal 0.991446 0.13052 0
    outer loop
      vertex 3.29259 4.17648 5
      vertex 3.25 4.5 0
      vertex 3.25 4.5 5
    endloop
  endfacet
  facet normal 0.991446 0.13052 0
    outer loop
      vertex 3.25 4.5 0
      vertex 3.29259 4.17648 5
      vertex 3.29259 4.17648 0
    endloop
  endfacet
  facet normal 0.991446 0.13052 0
    outer loop
      vertex 3.29259 4.17648 23
      vertex 3.25 4.5 7
      vertex 3.25 4.5 23
    endloop
  endfacet
  facet normal 0.991446 0.13052 0
    outer loop
      vertex 3.25 4.5 7
      vertex 3.29259 4.17648 23
      vertex 3.29259 4.17648 7
    endloop
  endfacet
  facet normal 0.923876 -0.382691 0
    outer loop
      vertex 3.29259 4.82352 5
      vertex 3.41747 5.125 0
      vertex 3.41747 5.125 5
    endloop
  endfacet
  facet normal 0.923876 -0.382691 0
    outer loop
      vertex 3.41747 5.125 0
      vertex 3.29259 4.82352 5
      vertex 3.29259 4.82352 0
    endloop
  endfacet
  facet normal 0.923876 -0.382691 0
    outer loop
      vertex 3.29259 4.82352 23
      vertex 3.41747 5.125 7
      vertex 3.41747 5.125 23
    endloop
  endfacet
  facet normal 0.923876 -0.382691 0
    outer loop
      vertex 3.41747 5.125 7
      vertex 3.29259 4.82352 23
      vertex 3.29259 4.82352 7
    endloop
  endfacet
  facet normal 0.382691 0.923876 -0
    outer loop
      vertex 4.17648 3.29259 0
      vertex 3.875 3.41747 5
      vertex 4.17648 3.29259 5
    endloop
  endfacet
  facet normal 0.382691 0.923876 0
    outer loop
      vertex 3.875 3.41747 5
      vertex 4.17648 3.29259 0
      vertex 3.875 3.41747 0
    endloop
  endfacet
  facet normal 0.382691 0.923876 -0
    outer loop
      vertex 4.17648 3.29259 7
      vertex 3.875 3.41747 23
      vertex 4.17648 3.29259 23
    endloop
  endfacet
  facet normal 0.382691 0.923876 0
    outer loop
      vertex 3.875 3.41747 23
      vertex 4.17648 3.29259 7
      vertex 3.875 3.41747 7
    endloop
  endfacet
  facet normal 0.923876 0.382691 0
    outer loop
      vertex 3.41747 3.875 5
      vertex 3.29259 4.17648 0
      vertex 3.29259 4.17648 5
    endloop
  endfacet
  facet normal 0.923876 0.382691 0
    outer loop
      vertex 3.29259 4.17648 0
      vertex 3.41747 3.875 5
      vertex 3.41747 3.875 0
    endloop
  endfacet
  facet normal 0.923876 0.382691 0
    outer loop
      vertex 3.41747 3.875 23
      vertex 3.29259 4.17648 7
      vertex 3.29259 4.17648 23
    endloop
  endfacet
  facet normal 0.923876 0.382691 0
    outer loop
      vertex 3.29259 4.17648 7
      vertex 3.41747 3.875 23
      vertex 3.41747 3.875 7
    endloop
  endfacet
  facet normal 0.382691 -0.923876 0
    outer loop
      vertex 3.875 5.58253 0
      vertex 4.17648 5.70741 5
      vertex 3.875 5.58253 5
    endloop
  endfacet
  facet normal 0.382691 -0.923876 0
    outer loop
      vertex 4.17648 5.70741 5
      vertex 3.875 5.58253 0
      vertex 4.17648 5.70741 0
    endloop
  endfacet
  facet normal 0.382691 -0.923876 0
    outer loop
      vertex 3.875 5.58253 7
      vertex 4.17648 5.70741 23
      vertex 3.875 5.58253 23
    endloop
  endfacet
  facet normal 0.382691 -0.923876 0
    outer loop
      vertex 4.17648 5.70741 23
      vertex 3.875 5.58253 7
      vertex 4.17648 5.70741 7
    endloop
  endfacet
  facet normal -0.923876 0.382691 0
    outer loop
      vertex 5.58253 3.875 0
      vertex 5.70741 4.17648 5
      vertex 5.70741 4.17648 0
    endloop
  endfacet
  facet normal -0.923876 0.382691 0
    outer loop
      vertex 5.70741 4.17648 5
      vertex 5.58253 3.875 0
      vertex 5.58253 3.875 5
    endloop
  endfacet
  facet normal -0.923876 0.382691 0
    outer loop
      vertex 5.58253 3.875 7
      vertex 5.70741 4.17648 23
      vertex 5.70741 4.17648 7
    endloop
  endfacet
  facet normal -0.923876 0.382691 0
    outer loop
      vertex 5.70741 4.17648 23
      vertex 5.58253 3.875 7
      vertex 5.58253 3.875 23
    endloop
  endfacet
  facet normal 0.608673 0.793421 -0
    outer loop
      vertex 3.875 55.4175 0
      vertex 3.61612 55.6161 5
      vertex 3.875 55.4175 5
    endloop
  endfacet
  facet normal 0.608673 0.793421 0
    outer loop
      vertex 3.61612 55.6161 5
      vertex 3.875 55.4175 0
      vertex 3.61612 55.6161 0
    endloop
  endfacet
  facet normal 0.608673 0.793421 -0
    outer loop
      vertex 3.875 55.4175 7
      vertex 3.61612 55.6161 23
      vertex 3.875 55.4175 23
    endloop
  endfacet
  facet normal 0.608673 0.793421 0
    outer loop
      vertex 3.61612 55.6161 23
      vertex 3.875 55.4175 7
      vertex 3.61612 55.6161 7
    endloop
  endfacet
  facet normal -0.923885 -0.382669 0
    outer loop
      vertex 5.70741 56.8235 0
      vertex 5.58253 57.125 5
      vertex 5.58253 57.125 0
    endloop
  endfacet
  facet normal -0.923885 -0.382669 0
    outer loop
      vertex 5.58253 57.125 5
      vertex 5.70741 56.8235 0
      vertex 5.70741 56.8235 5
    endloop
  endfacet
  facet normal -0.923885 -0.382669 0
    outer loop
      vertex 5.70741 56.8235 7
      vertex 5.58253 57.125 23
      vertex 5.58253 57.125 7
    endloop
  endfacet
  facet normal -0.923885 -0.382669 0
    outer loop
      vertex 5.58253 57.125 23
      vertex 5.70741 56.8235 7
      vertex 5.70741 56.8235 23
    endloop
  endfacet
  facet normal -0.991445 -0.130527 0
    outer loop
      vertex 5.75 56.5 0
      vertex 5.70741 56.8235 5
      vertex 5.70741 56.8235 0
    endloop
  endfacet
  facet normal -0.991445 -0.130527 0
    outer loop
      vertex 5.70741 56.8235 5
      vertex 5.75 56.5 0
      vertex 5.75 56.5 5
    endloop
  endfacet
  facet normal -0.991445 -0.130527 0
    outer loop
      vertex 5.75 56.5 7
      vertex 5.70741 56.8235 23
      vertex 5.70741 56.8235 7
    endloop
  endfacet
  facet normal -0.991445 -0.130527 0
    outer loop
      vertex 5.70741 56.8235 23
      vertex 5.75 56.5 7
      vertex 5.75 56.5 23
    endloop
  endfacet
  facet normal -0.79337 -0.60874 0
    outer loop
      vertex 5.58253 57.125 0
      vertex 5.38388 57.3839 5
      vertex 5.38388 57.3839 0
    endloop
  endfacet
  facet normal -0.79337 -0.60874 0
    outer loop
      vertex 5.38388 57.3839 5
      vertex 5.58253 57.125 0
      vertex 5.58253 57.125 5
    endloop
  endfacet
  facet normal -0.79337 -0.60874 0
    outer loop
      vertex 5.58253 57.125 7
      vertex 5.38388 57.3839 23
      vertex 5.38388 57.3839 7
    endloop
  endfacet
  facet normal -0.79337 -0.60874 0
    outer loop
      vertex 5.38388 57.3839 23
      vertex 5.58253 57.125 7
      vertex 5.58253 57.125 23
    endloop
  endfacet
  facet normal -0.608673 -0.793421 0
    outer loop
      vertex 5.125 57.5825 0
      vertex 5.38388 57.3839 5
      vertex 5.125 57.5825 5
    endloop
  endfacet
  facet normal -0.608673 -0.793421 -0
    outer loop
      vertex 5.38388 57.3839 5
      vertex 5.125 57.5825 0
      vertex 5.38388 57.3839 0
    endloop
  endfacet
  facet normal -0.608673 -0.793421 0
    outer loop
      vertex 5.125 57.5825 7
      vertex 5.38388 57.3839 23
      vertex 5.125 57.5825 23
    endloop
  endfacet
  facet normal -0.608673 -0.793421 -0
    outer loop
      vertex 5.38388 57.3839 23
      vertex 5.125 57.5825 7
      vertex 5.38388 57.3839 7
    endloop
  endfacet
  facet normal 0.13055 -0.991442 0
    outer loop
      vertex 4.17648 57.7074 0
      vertex 4.5 57.75 5
      vertex 4.17648 57.7074 5
    endloop
  endfacet
  facet normal 0.13055 -0.991442 0
    outer loop
      vertex 4.5 57.75 5
      vertex 4.17648 57.7074 0
      vertex 4.5 57.75 0
    endloop
  endfacet
  facet normal 0.13055 -0.991442 0
    outer loop
      vertex 4.17648 57.7074 7
      vertex 4.5 57.75 23
      vertex 4.17648 57.7074 23
    endloop
  endfacet
  facet normal 0.13055 -0.991442 0
    outer loop
      vertex 4.5 57.75 23
      vertex 4.17648 57.7074 7
      vertex 4.5 57.75 7
    endloop
  endfacet
  facet normal -0.382743 -0.923855 0
    outer loop
      vertex 4.82352 57.7074 0
      vertex 5.125 57.5825 5
      vertex 4.82352 57.7074 5
    endloop
  endfacet
  facet normal -0.382743 -0.923855 -0
    outer loop
      vertex 5.125 57.5825 5
      vertex 4.82352 57.7074 0
      vertex 5.125 57.5825 0
    endloop
  endfacet
  facet normal -0.382743 -0.923855 0
    outer loop
      vertex 4.82352 57.7074 7
      vertex 5.125 57.5825 23
      vertex 4.82352 57.7074 23
    endloop
  endfacet
  facet normal -0.382743 -0.923855 -0
    outer loop
      vertex 5.125 57.5825 23
      vertex 4.82352 57.7074 7
      vertex 5.125 57.5825 7
    endloop
  endfacet
  facet normal -0.79337 0.60874 0
    outer loop
      vertex 5.38388 55.6161 7
      vertex 5.58253 55.875 23
      vertex 5.58253 55.875 7
    endloop
  endfacet
  facet normal -0.79337 0.60874 0
    outer loop
      vertex 5.58253 55.875 23
      vertex 5.38388 55.6161 7
      vertex 5.38388 55.6161 23
    endloop
  endfacet
  facet normal 0.79337 -0.60874 0
    outer loop
      vertex 3.41747 57.125 5
      vertex 3.61612 57.3839 0
      vertex 3.61612 57.3839 5
    endloop
  endfacet
  facet normal 0.79337 -0.60874 0
    outer loop
      vertex 3.61612 57.3839 0
      vertex 3.41747 57.125 5
      vertex 3.41747 57.125 0
    endloop
  endfacet
  facet normal 0.79337 -0.60874 0
    outer loop
      vertex 3.41747 57.125 23
      vertex 3.61612 57.3839 7
      vertex 3.61612 57.3839 23
    endloop
  endfacet
  facet normal 0.79337 -0.60874 0
    outer loop
      vertex 3.61612 57.3839 7
      vertex 3.41747 57.125 23
      vertex 3.41747 57.125 7
    endloop
  endfacet
  facet normal -0.13055 -0.991442 0
    outer loop
      vertex 4.5 57.75 0
      vertex 4.82352 57.7074 5
      vertex 4.5 57.75 5
    endloop
  endfacet
  facet normal -0.13055 -0.991442 -0
    outer loop
      vertex 4.82352 57.7074 5
      vertex 4.5 57.75 0
      vertex 4.82352 57.7074 0
    endloop
  endfacet
  facet normal -0.13055 -0.991442 0
    outer loop
      vertex 4.5 57.75 7
      vertex 4.82352 57.7074 23
      vertex 4.5 57.75 23
    endloop
  endfacet
  facet normal -0.13055 -0.991442 -0
    outer loop
      vertex 4.82352 57.7074 23
      vertex 4.5 57.75 7
      vertex 4.82352 57.7074 7
    endloop
  endfacet
  facet normal 0.991445 -0.130527 0
    outer loop
      vertex 3.25 56.5 5
      vertex 3.29259 56.8235 0
      vertex 3.29259 56.8235 5
    endloop
  endfacet
  facet normal 0.991445 -0.130527 0
    outer loop
      vertex 3.29259 56.8235 0
      vertex 3.25 56.5 5
      vertex 3.25 56.5 0
    endloop
  endfacet
  facet normal 0.991445 -0.130527 0
    outer loop
      vertex 3.25 56.5 23
      vertex 3.29259 56.8235 7
      vertex 3.29259 56.8235 23
    endloop
  endfacet
  facet normal 0.991445 -0.130527 0
    outer loop
      vertex 3.29259 56.8235 7
      vertex 3.25 56.5 23
      vertex 3.25 56.5 7
    endloop
  endfacet
  facet normal -0.991445 0.130527 0
    outer loop
      vertex 5.70741 56.1765 0
      vertex 5.75 56.5 5
      vertex 5.75 56.5 0
    endloop
  endfacet
  facet normal -0.991445 0.130527 0
    outer loop
      vertex 5.75 56.5 5
      vertex 5.70741 56.1765 0
      vertex 5.70741 56.1765 5
    endloop
  endfacet
  facet normal -0.991445 0.130527 0
    outer loop
      vertex 5.70741 56.1765 7
      vertex 5.75 56.5 23
      vertex 5.75 56.5 7
    endloop
  endfacet
  facet normal -0.991445 0.130527 0
    outer loop
      vertex 5.75 56.5 23
      vertex 5.70741 56.1765 7
      vertex 5.70741 56.1765 23
    endloop
  endfacet
  facet normal 0.608673 -0.793421 0
    outer loop
      vertex 3.61612 57.3839 0
      vertex 3.875 57.5825 5
      vertex 3.61612 57.3839 5
    endloop
  endfacet
  facet normal 0.608673 -0.793421 0
    outer loop
      vertex 3.875 57.5825 5
      vertex 3.61612 57.3839 0
      vertex 3.875 57.5825 0
    endloop
  endfacet
  facet normal 0.608673 -0.793421 0
    outer loop
      vertex 3.61612 57.3839 7
      vertex 3.875 57.5825 23
      vertex 3.61612 57.3839 23
    endloop
  endfacet
  facet normal 0.608673 -0.793421 0
    outer loop
      vertex 3.875 57.5825 23
      vertex 3.61612 57.3839 7
      vertex 3.875 57.5825 7
    endloop
  endfacet
  facet normal 0.13055 0.991442 -0
    outer loop
      vertex 4.5 55.25 0
      vertex 4.17648 55.2926 5
      vertex 4.5 55.25 5
    endloop
  endfacet
  facet normal 0.13055 0.991442 0
    outer loop
      vertex 4.17648 55.2926 5
      vertex 4.5 55.25 0
      vertex 4.17648 55.2926 0
    endloop
  endfacet
  facet normal 0.13055 0.991442 -0
    outer loop
      vertex 4.5 55.25 7
      vertex 4.17648 55.2926 23
      vertex 4.5 55.25 23
    endloop
  endfacet
  facet normal 0.13055 0.991442 0
    outer loop
      vertex 4.17648 55.2926 23
      vertex 4.5 55.25 7
      vertex 4.17648 55.2926 7
    endloop
  endfacet
  facet normal -0.13055 0.991442 0
    outer loop
      vertex 4.82352 55.2926 0
      vertex 4.5 55.25 5
      vertex 4.82352 55.2926 5
    endloop
  endfacet
  facet normal -0.13055 0.991442 0
    outer loop
      vertex 4.5 55.25 5
      vertex 4.82352 55.2926 0
      vertex 4.5 55.25 0
    endloop
  endfacet
  facet normal -0.13055 0.991442 0
    outer loop
      vertex 4.82352 55.2926 7
      vertex 4.5 55.25 23
      vertex 4.82352 55.2926 23
    endloop
  endfacet
  facet normal -0.13055 0.991442 0
    outer loop
      vertex 4.5 55.25 23
      vertex 4.82352 55.2926 7
      vertex 4.5 55.25 7
    endloop
  endfacet
  facet normal -0.382763 0.923846 0
    outer loop
      vertex 5.09457 55.4049 0
      vertex 4.82352 55.2926 5
      vertex 5.09457 55.4049 5
    endloop
  endfacet
  facet normal -0.382763 0.923846 0
    outer loop
      vertex 4.82352 55.2926 5
      vertex 5.09457 55.4049 0
      vertex 4.82352 55.2926 0
    endloop
  endfacet
  facet normal -0.382743 0.923855 0
    outer loop
      vertex 5.125 55.4175 7
      vertex 4.82352 55.2926 23
      vertex 5.125 55.4175 23
    endloop
  endfacet
  facet normal -0.382743 0.923855 0
    outer loop
      vertex 4.82352 55.2926 23
      vertex 5.125 55.4175 7
      vertex 4.82352 55.2926 7
    endloop
  endfacet
  facet normal 0.79337 0.60874 0
    outer loop
      vertex 3.61612 55.6161 5
      vertex 3.41747 55.875 0
      vertex 3.41747 55.875 5
    endloop
  endfacet
  facet normal 0.79337 0.60874 0
    outer loop
      vertex 3.41747 55.875 0
      vertex 3.61612 55.6161 5
      vertex 3.61612 55.6161 0
    endloop
  endfacet
  facet normal 0.79337 0.60874 0
    outer loop
      vertex 3.61612 55.6161 23
      vertex 3.41747 55.875 7
      vertex 3.41747 55.875 23
    endloop
  endfacet
  facet normal 0.79337 0.60874 0
    outer loop
      vertex 3.41747 55.875 7
      vertex 3.61612 55.6161 23
      vertex 3.61612 55.6161 7
    endloop
  endfacet
  facet normal -0.608673 0.793421 0
    outer loop
      vertex 5.38388 55.6161 7
      vertex 5.125 55.4175 23
      vertex 5.38388 55.6161 23
    endloop
  endfacet
  facet normal -0.608673 0.793421 0
    outer loop
      vertex 5.125 55.4175 23
      vertex 5.38388 55.6161 7
      vertex 5.125 55.4175 7
    endloop
  endfacet
  facet normal 0.991445 0.130527 0
    outer loop
      vertex 3.29259 56.1765 5
      vertex 3.25 56.5 0
      vertex 3.25 56.5 5
    endloop
  endfacet
  facet normal 0.991445 0.130527 0
    outer loop
      vertex 3.25 56.5 0
      vertex 3.29259 56.1765 5
      vertex 3.29259 56.1765 0
    endloop
  endfacet
  facet normal 0.991445 0.130527 0
    outer loop
      vertex 3.29259 56.1765 23
      vertex 3.25 56.5 7
      vertex 3.25 56.5 23
    endloop
  endfacet
  facet normal 0.991445 0.130527 0
    outer loop
      vertex 3.25 56.5 7
      vertex 3.29259 56.1765 23
      vertex 3.29259 56.1765 7
    endloop
  endfacet
  facet normal 0.923885 -0.382669 0
    outer loop
      vertex 3.29259 56.8235 5
      vertex 3.41747 57.125 0
      vertex 3.41747 57.125 5
    endloop
  endfacet
  facet normal 0.923885 -0.382669 0
    outer loop
      vertex 3.41747 57.125 0
      vertex 3.29259 56.8235 5
      vertex 3.29259 56.8235 0
    endloop
  endfacet
  facet normal 0.923885 -0.382669 0
    outer loop
      vertex 3.29259 56.8235 23
      vertex 3.41747 57.125 7
      vertex 3.41747 57.125 23
    endloop
  endfacet
  facet normal 0.923885 -0.382669 0
    outer loop
      vertex 3.41747 57.125 7
      vertex 3.29259 56.8235 23
      vertex 3.29259 56.8235 7
    endloop
  endfacet
  facet normal 0.382743 0.923855 -0
    outer loop
      vertex 4.17648 55.2926 0
      vertex 3.875 55.4175 5
      vertex 4.17648 55.2926 5
    endloop
  endfacet
  facet normal 0.382743 0.923855 0
    outer loop
      vertex 3.875 55.4175 5
      vertex 4.17648 55.2926 0
      vertex 3.875 55.4175 0
    endloop
  endfacet
  facet normal 0.382743 0.923855 -0
    outer loop
      vertex 4.17648 55.2926 7
      vertex 3.875 55.4175 23
      vertex 4.17648 55.2926 23
    endloop
  endfacet
  facet normal 0.382743 0.923855 0
    outer loop
      vertex 3.875 55.4175 23
      vertex 4.17648 55.2926 7
      vertex 3.875 55.4175 7
    endloop
  endfacet
  facet normal 0.923885 0.382669 0
    outer loop
      vertex 3.41747 55.875 5
      vertex 3.29259 56.1765 0
      vertex 3.29259 56.1765 5
    endloop
  endfacet
  facet normal 0.923885 0.382669 0
    outer loop
      vertex 3.29259 56.1765 0
      vertex 3.41747 55.875 5
      vertex 3.41747 55.875 0
    endloop
  endfacet
  facet normal 0.923885 0.382669 0
    outer loop
      vertex 3.41747 55.875 23
      vertex 3.29259 56.1765 7
      vertex 3.29259 56.1765 23
    endloop
  endfacet
  facet normal 0.923885 0.382669 0
    outer loop
      vertex 3.29259 56.1765 7
      vertex 3.41747 55.875 23
      vertex 3.41747 55.875 7
    endloop
  endfacet
  facet normal 0.382743 -0.923855 0
    outer loop
      vertex 3.875 57.5825 0
      vertex 4.17648 57.7074 5
      vertex 3.875 57.5825 5
    endloop
  endfacet
  facet normal 0.382743 -0.923855 0
    outer loop
      vertex 4.17648 57.7074 5
      vertex 3.875 57.5825 0
      vertex 4.17648 57.7074 0
    endloop
  endfacet
  facet normal 0.382743 -0.923855 0
    outer loop
      vertex 3.875 57.5825 7
      vertex 4.17648 57.7074 23
      vertex 3.875 57.5825 23
    endloop
  endfacet
  facet normal 0.382743 -0.923855 0
    outer loop
      vertex 4.17648 57.7074 23
      vertex 3.875 57.5825 7
      vertex 4.17648 57.7074 7
    endloop
  endfacet
  facet normal -0.923908 0.382616 0
    outer loop
      vertex 5.59514 55.9054 0
      vertex 5.70741 56.1765 5
      vertex 5.70741 56.1765 0
    endloop
  endfacet
  facet normal -0.923908 0.382616 0
    outer loop
      vertex 5.70741 56.1765 5
      vertex 5.59514 55.9054 0
      vertex 5.59514 55.9054 5
    endloop
  endfacet
  facet normal -0.923885 0.382669 0
    outer loop
      vertex 5.58253 55.875 7
      vertex 5.70741 56.1765 23
      vertex 5.70741 56.1765 7
    endloop
  endfacet
  facet normal -0.923885 0.382669 0
    outer loop
      vertex 5.70741 56.1765 23
      vertex 5.58253 55.875 7
      vertex 5.58253 55.875 23
    endloop
  endfacet
  facet normal 0.60874 0.79337 -0
    outer loop
      vertex 85.875 3.41747 0
      vertex 85.6161 3.61612 5
      vertex 85.875 3.41747 5
    endloop
  endfacet
  facet normal 0.60874 0.79337 0
    outer loop
      vertex 85.6161 3.61612 5
      vertex 85.875 3.41747 0
      vertex 85.6161 3.61612 0
    endloop
  endfacet
  facet normal 0.60874 0.79337 -0
    outer loop
      vertex 85.875 3.41747 7
      vertex 85.6161 3.61612 23
      vertex 85.875 3.41747 23
    endloop
  endfacet
  facet normal 0.60874 0.79337 0
    outer loop
      vertex 85.6161 3.61612 23
      vertex 85.875 3.41747 7
      vertex 85.6161 3.61612 7
    endloop
  endfacet
  facet normal -0.923855 -0.382743 0
    outer loop
      vertex 87.7074 4.82352 0
      vertex 87.5825 5.125 5
      vertex 87.5825 5.125 0
    endloop
  endfacet
  facet normal -0.923855 -0.382743 0
    outer loop
      vertex 87.5825 5.125 5
      vertex 87.7074 4.82352 0
      vertex 87.7074 4.82352 5
    endloop
  endfacet
  facet normal -0.923855 -0.382743 0
    outer loop
      vertex 87.7074 4.82352 7
      vertex 87.5825 5.125 23
      vertex 87.5825 5.125 7
    endloop
  endfacet
  facet normal -0.923855 -0.382743 0
    outer loop
      vertex 87.5825 5.125 23
      vertex 87.7074 4.82352 7
      vertex 87.7074 4.82352 23
    endloop
  endfacet
  facet normal -0.991442 -0.13055 0
    outer loop
      vertex 87.75 4.5 0
      vertex 87.7074 4.82352 5
      vertex 87.7074 4.82352 0
    endloop
  endfacet
  facet normal -0.991442 -0.13055 0
    outer loop
      vertex 87.7074 4.82352 5
      vertex 87.75 4.5 0
      vertex 87.75 4.5 5
    endloop
  endfacet
  facet normal -0.991442 -0.13055 0
    outer loop
      vertex 87.75 4.5 7
      vertex 87.7074 4.82352 23
      vertex 87.7074 4.82352 7
    endloop
  endfacet
  facet normal -0.991442 -0.13055 0
    outer loop
      vertex 87.7074 4.82352 23
      vertex 87.75 4.5 7
      vertex 87.75 4.5 23
    endloop
  endfacet
  facet normal -0.793421 -0.608673 0
    outer loop
      vertex 87.5825 5.125 0
      vertex 87.3839 5.38388 5
      vertex 87.3839 5.38388 0
    endloop
  endfacet
  facet normal -0.793421 -0.608673 0
    outer loop
      vertex 87.3839 5.38388 5
      vertex 87.5825 5.125 0
      vertex 87.5825 5.125 5
    endloop
  endfacet
  facet normal -0.793421 -0.608673 0
    outer loop
      vertex 87.5825 5.125 7
      vertex 87.3839 5.38388 23
      vertex 87.3839 5.38388 7
    endloop
  endfacet
  facet normal -0.793421 -0.608673 0
    outer loop
      vertex 87.3839 5.38388 23
      vertex 87.5825 5.125 7
      vertex 87.5825 5.125 23
    endloop
  endfacet
  facet normal -0.60874 -0.79337 0
    outer loop
      vertex 87.125 5.58253 0
      vertex 87.3839 5.38388 5
      vertex 87.125 5.58253 5
    endloop
  endfacet
  facet normal -0.60874 -0.79337 -0
    outer loop
      vertex 87.3839 5.38388 5
      vertex 87.125 5.58253 0
      vertex 87.3839 5.38388 0
    endloop
  endfacet
  facet normal -0.60874 -0.79337 0
    outer loop
      vertex 87.125 5.58253 7
      vertex 87.3839 5.38388 23
      vertex 87.125 5.58253 23
    endloop
  endfacet
  facet normal -0.60874 -0.79337 -0
    outer loop
      vertex 87.3839 5.38388 23
      vertex 87.125 5.58253 7
      vertex 87.3839 5.38388 7
    endloop
  endfacet
  facet normal 0.130527 -0.991445 0
    outer loop
      vertex 86.1765 5.70741 0
      vertex 86.5 5.75 5
      vertex 86.1765 5.70741 5
    endloop
  endfacet
  facet normal 0.130527 -0.991445 0
    outer loop
      vertex 86.5 5.75 5
      vertex 86.1765 5.70741 0
      vertex 86.5 5.75 0
    endloop
  endfacet
  facet normal 0.130527 -0.991445 0
    outer loop
      vertex 86.1765 5.70741 7
      vertex 86.5 5.75 23
      vertex 86.1765 5.70741 23
    endloop
  endfacet
  facet normal 0.130527 -0.991445 0
    outer loop
      vertex 86.5 5.75 23
      vertex 86.1765 5.70741 7
      vertex 86.5 5.75 7
    endloop
  endfacet
  facet normal -0.382669 -0.923885 0
    outer loop
      vertex 86.8235 5.70741 0
      vertex 87.125 5.58253 5
      vertex 86.8235 5.70741 5
    endloop
  endfacet
  facet normal -0.382669 -0.923885 -0
    outer loop
      vertex 87.125 5.58253 5
      vertex 86.8235 5.70741 0
      vertex 87.125 5.58253 0
    endloop
  endfacet
  facet normal -0.382669 -0.923885 0
    outer loop
      vertex 86.8235 5.70741 7
      vertex 87.125 5.58253 23
      vertex 86.8235 5.70741 23
    endloop
  endfacet
  facet normal -0.382669 -0.923885 -0
    outer loop
      vertex 87.125 5.58253 23
      vertex 86.8235 5.70741 7
      vertex 87.125 5.58253 7
    endloop
  endfacet
  facet normal -0.793421 0.608673 0
    outer loop
      vertex 87.3839 3.61612 0
      vertex 87.5825 3.875 5
      vertex 87.5825 3.875 0
    endloop
  endfacet
  facet normal -0.793421 0.608673 0
    outer loop
      vertex 87.5825 3.875 5
      vertex 87.3839 3.61612 0
      vertex 87.3839 3.61612 5
    endloop
  endfacet
  facet normal -0.793421 0.608673 0
    outer loop
      vertex 87.3839 3.61612 7
      vertex 87.5825 3.875 23
      vertex 87.5825 3.875 7
    endloop
  endfacet
  facet normal -0.793421 0.608673 0
    outer loop
      vertex 87.5825 3.875 23
      vertex 87.3839 3.61612 7
      vertex 87.3839 3.61612 23
    endloop
  endfacet
  facet normal 0.793421 -0.608673 0
    outer loop
      vertex 85.4175 5.125 23
      vertex 85.6161 5.38388 7
      vertex 85.6161 5.38388 23
    endloop
  endfacet
  facet normal 0.793421 -0.608673 0
    outer loop
      vertex 85.6161 5.38388 7
      vertex 85.4175 5.125 23
      vertex 85.4175 5.125 7
    endloop
  endfacet
  facet normal -0.130527 -0.991445 0
    outer loop
      vertex 86.5 5.75 0
      vertex 86.8235 5.70741 5
      vertex 86.5 5.75 5
    endloop
  endfacet
  facet normal -0.130527 -0.991445 -0
    outer loop
      vertex 86.8235 5.70741 5
      vertex 86.5 5.75 0
      vertex 86.8235 5.70741 0
    endloop
  endfacet
  facet normal -0.130527 -0.991445 0
    outer loop
      vertex 86.5 5.75 7
      vertex 86.8235 5.70741 23
      vertex 86.5 5.75 23
    endloop
  endfacet
  facet normal -0.130527 -0.991445 -0
    outer loop
      vertex 86.8235 5.70741 23
      vertex 86.5 5.75 7
      vertex 86.8235 5.70741 7
    endloop
  endfacet
  facet normal 0.991442 -0.13055 0
    outer loop
      vertex 85.25 4.5 5
      vertex 85.2926 4.82352 0
      vertex 85.2926 4.82352 5
    endloop
  endfacet
  facet normal 0.991442 -0.13055 0
    outer loop
      vertex 85.2926 4.82352 0
      vertex 85.25 4.5 5
      vertex 85.25 4.5 0
    endloop
  endfacet
  facet normal 0.991442 -0.13055 0
    outer loop
      vertex 85.25 4.5 23
      vertex 85.2926 4.82352 7
      vertex 85.2926 4.82352 23
    endloop
  endfacet
  facet normal 0.991442 -0.13055 0
    outer loop
      vertex 85.2926 4.82352 7
      vertex 85.25 4.5 23
      vertex 85.25 4.5 7
    endloop
  endfacet
  facet normal -0.991442 0.13055 0
    outer loop
      vertex 87.7074 4.17648 0
      vertex 87.75 4.5 5
      vertex 87.75 4.5 0
    endloop
  endfacet
  facet normal -0.991442 0.13055 0
    outer loop
      vertex 87.75 4.5 5
      vertex 87.7074 4.17648 0
      vertex 87.7074 4.17648 5
    endloop
  endfacet
  facet normal -0.991442 0.13055 0
    outer loop
      vertex 87.7074 4.17648 7
      vertex 87.75 4.5 23
      vertex 87.75 4.5 7
    endloop
  endfacet
  facet normal -0.991442 0.13055 0
    outer loop
      vertex 87.75 4.5 23
      vertex 87.7074 4.17648 7
      vertex 87.7074 4.17648 23
    endloop
  endfacet
  facet normal 0.60874 -0.79337 0
    outer loop
      vertex 85.6161 5.38388 7
      vertex 85.875 5.58253 23
      vertex 85.6161 5.38388 23
    endloop
  endfacet
  facet normal 0.60874 -0.79337 0
    outer loop
      vertex 85.875 5.58253 23
      vertex 85.6161 5.38388 7
      vertex 85.875 5.58253 7
    endloop
  endfacet
  facet normal 0.130527 0.991445 -0
    outer loop
      vertex 86.5 3.25 0
      vertex 86.1765 3.29259 5
      vertex 86.5 3.25 5
    endloop
  endfacet
  facet normal 0.130527 0.991445 0
    outer loop
      vertex 86.1765 3.29259 5
      vertex 86.5 3.25 0
      vertex 86.1765 3.29259 0
    endloop
  endfacet
  facet normal 0.130527 0.991445 -0
    outer loop
      vertex 86.5 3.25 7
      vertex 86.1765 3.29259 23
      vertex 86.5 3.25 23
    endloop
  endfacet
  facet normal 0.130527 0.991445 0
    outer loop
      vertex 86.1765 3.29259 23
      vertex 86.5 3.25 7
      vertex 86.1765 3.29259 7
    endloop
  endfacet
  facet normal -0.130527 0.991445 0
    outer loop
      vertex 86.8235 3.29259 0
      vertex 86.5 3.25 5
      vertex 86.8235 3.29259 5
    endloop
  endfacet
  facet normal -0.130527 0.991445 0
    outer loop
      vertex 86.5 3.25 5
      vertex 86.8235 3.29259 0
      vertex 86.5 3.25 0
    endloop
  endfacet
  facet normal -0.130527 0.991445 0
    outer loop
      vertex 86.8235 3.29259 7
      vertex 86.5 3.25 23
      vertex 86.8235 3.29259 23
    endloop
  endfacet
  facet normal -0.130527 0.991445 0
    outer loop
      vertex 86.5 3.25 23
      vertex 86.8235 3.29259 7
      vertex 86.5 3.25 7
    endloop
  endfacet
  facet normal -0.382669 0.923885 0
    outer loop
      vertex 87.125 3.41747 0
      vertex 86.8235 3.29259 5
      vertex 87.125 3.41747 5
    endloop
  endfacet
  facet normal -0.382669 0.923885 0
    outer loop
      vertex 86.8235 3.29259 5
      vertex 87.125 3.41747 0
      vertex 86.8235 3.29259 0
    endloop
  endfacet
  facet normal -0.382669 0.923885 0
    outer loop
      vertex 87.125 3.41747 7
      vertex 86.8235 3.29259 23
      vertex 87.125 3.41747 23
    endloop
  endfacet
  facet normal -0.382669 0.923885 0
    outer loop
      vertex 86.8235 3.29259 23
      vertex 87.125 3.41747 7
      vertex 86.8235 3.29259 7
    endloop
  endfacet
  facet normal 0.793421 0.608673 0
    outer loop
      vertex 85.6161 3.61612 5
      vertex 85.4175 3.875 0
      vertex 85.4175 3.875 5
    endloop
  endfacet
  facet normal 0.793421 0.608673 0
    outer loop
      vertex 85.4175 3.875 0
      vertex 85.6161 3.61612 5
      vertex 85.6161 3.61612 0
    endloop
  endfacet
  facet normal 0.793421 0.608673 0
    outer loop
      vertex 85.6161 3.61612 23
      vertex 85.4175 3.875 7
      vertex 85.4175 3.875 23
    endloop
  endfacet
  facet normal 0.793421 0.608673 0
    outer loop
      vertex 85.4175 3.875 7
      vertex 85.6161 3.61612 23
      vertex 85.6161 3.61612 7
    endloop
  endfacet
  facet normal -0.60874 0.79337 0
    outer loop
      vertex 87.3839 3.61612 0
      vertex 87.125 3.41747 5
      vertex 87.3839 3.61612 5
    endloop
  endfacet
  facet normal -0.60874 0.79337 0
    outer loop
      vertex 87.125 3.41747 5
      vertex 87.3839 3.61612 0
      vertex 87.125 3.41747 0
    endloop
  endfacet
  facet normal -0.60874 0.79337 0
    outer loop
      vertex 87.3839 3.61612 7
      vertex 87.125 3.41747 23
      vertex 87.3839 3.61612 23
    endloop
  endfacet
  facet normal -0.60874 0.79337 0
    outer loop
      vertex 87.125 3.41747 23
      vertex 87.3839 3.61612 7
      vertex 87.125 3.41747 7
    endloop
  endfacet
  facet normal 0.991442 0.13055 0
    outer loop
      vertex 85.2926 4.17648 5
      vertex 85.25 4.5 0
      vertex 85.25 4.5 5
    endloop
  endfacet
  facet normal 0.991442 0.13055 0
    outer loop
      vertex 85.25 4.5 0
      vertex 85.2926 4.17648 5
      vertex 85.2926 4.17648 0
    endloop
  endfacet
  facet normal 0.991442 0.13055 0
    outer loop
      vertex 85.2926 4.17648 23
      vertex 85.25 4.5 7
      vertex 85.25 4.5 23
    endloop
  endfacet
  facet normal 0.991442 0.13055 0
    outer loop
      vertex 85.25 4.5 7
      vertex 85.2926 4.17648 23
      vertex 85.2926 4.17648 7
    endloop
  endfacet
  facet normal 0.923846 -0.382763 0
    outer loop
      vertex 85.2926 4.82352 5
      vertex 85.4049 5.09457 0
      vertex 85.4049 5.09457 5
    endloop
  endfacet
  facet normal 0.923846 -0.382763 0
    outer loop
      vertex 85.4049 5.09457 0
      vertex 85.2926 4.82352 5
      vertex 85.2926 4.82352 0
    endloop
  endfacet
  facet normal 0.923855 -0.382743 0
    outer loop
      vertex 85.2926 4.82352 23
      vertex 85.4175 5.125 7
      vertex 85.4175 5.125 23
    endloop
  endfacet
  facet normal 0.923855 -0.382743 0
    outer loop
      vertex 85.4175 5.125 7
      vertex 85.2926 4.82352 23
      vertex 85.2926 4.82352 7
    endloop
  endfacet
  facet normal 0.382669 0.923885 -0
    outer loop
      vertex 86.1765 3.29259 0
      vertex 85.875 3.41747 5
      vertex 86.1765 3.29259 5
    endloop
  endfacet
  facet normal 0.382669 0.923885 0
    outer loop
      vertex 85.875 3.41747 5
      vertex 86.1765 3.29259 0
      vertex 85.875 3.41747 0
    endloop
  endfacet
  facet normal 0.382669 0.923885 -0
    outer loop
      vertex 86.1765 3.29259 7
      vertex 85.875 3.41747 23
      vertex 86.1765 3.29259 23
    endloop
  endfacet
  facet normal 0.382669 0.923885 0
    outer loop
      vertex 85.875 3.41747 23
      vertex 86.1765 3.29259 7
      vertex 85.875 3.41747 7
    endloop
  endfacet
  facet normal 0.923855 0.382743 0
    outer loop
      vertex 85.4175 3.875 5
      vertex 85.2926 4.17648 0
      vertex 85.2926 4.17648 5
    endloop
  endfacet
  facet normal 0.923855 0.382743 0
    outer loop
      vertex 85.2926 4.17648 0
      vertex 85.4175 3.875 5
      vertex 85.4175 3.875 0
    endloop
  endfacet
  facet normal 0.923855 0.382743 0
    outer loop
      vertex 85.4175 3.875 23
      vertex 85.2926 4.17648 7
      vertex 85.2926 4.17648 23
    endloop
  endfacet
  facet normal 0.923855 0.382743 0
    outer loop
      vertex 85.2926 4.17648 7
      vertex 85.4175 3.875 23
      vertex 85.4175 3.875 7
    endloop
  endfacet
  facet normal 0.382616 -0.923908 0
    outer loop
      vertex 85.9054 5.59514 0
      vertex 86.1765 5.70741 5
      vertex 85.9054 5.59514 5
    endloop
  endfacet
  facet normal 0.382616 -0.923908 0
    outer loop
      vertex 86.1765 5.70741 5
      vertex 85.9054 5.59514 0
      vertex 86.1765 5.70741 0
    endloop
  endfacet
  facet normal 0.382669 -0.923885 0
    outer loop
      vertex 85.875 5.58253 7
      vertex 86.1765 5.70741 23
      vertex 85.875 5.58253 23
    endloop
  endfacet
  facet normal 0.382669 -0.923885 0
    outer loop
      vertex 86.1765 5.70741 23
      vertex 85.875 5.58253 7
      vertex 86.1765 5.70741 7
    endloop
  endfacet
  facet normal -0.923855 0.382743 0
    outer loop
      vertex 87.5825 3.875 0
      vertex 87.7074 4.17648 5
      vertex 87.7074 4.17648 0
    endloop
  endfacet
  facet normal -0.923855 0.382743 0
    outer loop
      vertex 87.7074 4.17648 5
      vertex 87.5825 3.875 0
      vertex 87.5825 3.875 5
    endloop
  endfacet
  facet normal -0.923855 0.382743 0
    outer loop
      vertex 87.5825 3.875 7
      vertex 87.7074 4.17648 23
      vertex 87.7074 4.17648 7
    endloop
  endfacet
  facet normal -0.923855 0.382743 0
    outer loop
      vertex 87.7074 4.17648 23
      vertex 87.5825 3.875 7
      vertex 87.5825 3.875 23
    endloop
  endfacet
  facet normal 0.608644 0.793444 -0
    outer loop
      vertex 85.875 55.4175 7
      vertex 85.6161 55.6161 23
      vertex 85.875 55.4175 23
    endloop
  endfacet
  facet normal 0.608644 0.793444 0
    outer loop
      vertex 85.6161 55.6161 23
      vertex 85.875 55.4175 7
      vertex 85.6161 55.6161 7
    endloop
  endfacet
  facet normal -0.923864 -0.382722 0
    outer loop
      vertex 87.7074 56.8235 0
      vertex 87.5825 57.125 5
      vertex 87.5825 57.125 0
    endloop
  endfacet
  facet normal -0.923864 -0.382722 0
    outer loop
      vertex 87.5825 57.125 5
      vertex 87.7074 56.8235 0
      vertex 87.7074 56.8235 5
    endloop
  endfacet
  facet normal -0.923864 -0.382722 0
    outer loop
      vertex 87.7074 56.8235 7
      vertex 87.5825 57.125 23
      vertex 87.5825 57.125 7
    endloop
  endfacet
  facet normal -0.923864 -0.382722 0
    outer loop
      vertex 87.5825 57.125 23
      vertex 87.7074 56.8235 7
      vertex 87.7074 56.8235 23
    endloop
  endfacet
  facet normal -0.991441 -0.130558 0
    outer loop
      vertex 87.75 56.5 0
      vertex 87.7074 56.8235 5
      vertex 87.7074 56.8235 0
    endloop
  endfacet
  facet normal -0.991441 -0.130558 0
    outer loop
      vertex 87.7074 56.8235 5
      vertex 87.75 56.5 0
      vertex 87.75 56.5 5
    endloop
  endfacet
  facet normal -0.991441 -0.130558 0
    outer loop
      vertex 87.75 56.5 7
      vertex 87.7074 56.8235 23
      vertex 87.7074 56.8235 7
    endloop
  endfacet
  facet normal -0.991441 -0.130558 0
    outer loop
      vertex 87.7074 56.8235 23
      vertex 87.75 56.5 7
      vertex 87.75 56.5 23
    endloop
  endfacet
  facet normal -0.793444 -0.608644 0
    outer loop
      vertex 87.5825 57.125 0
      vertex 87.3839 57.3839 5
      vertex 87.3839 57.3839 0
    endloop
  endfacet
  facet normal -0.793444 -0.608644 0
    outer loop
      vertex 87.3839 57.3839 5
      vertex 87.5825 57.125 0
      vertex 87.5825 57.125 5
    endloop
  endfacet
  facet normal -0.793444 -0.608644 0
    outer loop
      vertex 87.5825 57.125 7
      vertex 87.3839 57.3839 23
      vertex 87.3839 57.3839 7
    endloop
  endfacet
  facet normal -0.793444 -0.608644 0
    outer loop
      vertex 87.3839 57.3839 23
      vertex 87.5825 57.125 7
      vertex 87.5825 57.125 23
    endloop
  endfacet
  facet normal -0.608644 -0.793444 0
    outer loop
      vertex 87.125 57.5825 0
      vertex 87.3839 57.3839 5
      vertex 87.125 57.5825 5
    endloop
  endfacet
  facet normal -0.608644 -0.793444 -0
    outer loop
      vertex 87.3839 57.3839 5
      vertex 87.125 57.5825 0
      vertex 87.3839 57.3839 0
    endloop
  endfacet
  facet normal -0.608644 -0.793444 0
    outer loop
      vertex 87.125 57.5825 7
      vertex 87.3839 57.3839 23
      vertex 87.125 57.5825 23
    endloop
  endfacet
  facet normal -0.608644 -0.793444 -0
    outer loop
      vertex 87.3839 57.3839 23
      vertex 87.125 57.5825 7
      vertex 87.3839 57.3839 7
    endloop
  endfacet
  facet normal 0.130558 -0.991441 0
    outer loop
      vertex 86.1765 57.7074 0
      vertex 86.5 57.75 5
      vertex 86.1765 57.7074 5
    endloop
  endfacet
  facet normal 0.130558 -0.991441 0
    outer loop
      vertex 86.5 57.75 5
      vertex 86.1765 57.7074 0
      vertex 86.5 57.75 0
    endloop
  endfacet
  facet normal 0.130558 -0.991441 0
    outer loop
      vertex 86.1765 57.7074 7
      vertex 86.5 57.75 23
      vertex 86.1765 57.7074 23
    endloop
  endfacet
  facet normal 0.130558 -0.991441 0
    outer loop
      vertex 86.5 57.75 23
      vertex 86.1765 57.7074 7
      vertex 86.5 57.75 7
    endloop
  endfacet
  facet normal -0.382722 -0.923864 0
    outer loop
      vertex 86.8235 57.7074 0
      vertex 87.125 57.5825 5
      vertex 86.8235 57.7074 5
    endloop
  endfacet
  facet normal -0.382722 -0.923864 -0
    outer loop
      vertex 87.125 57.5825 5
      vertex 86.8235 57.7074 0
      vertex 87.125 57.5825 0
    endloop
  endfacet
  facet normal -0.382722 -0.923864 0
    outer loop
      vertex 86.8235 57.7074 7
      vertex 87.125 57.5825 23
      vertex 86.8235 57.7074 23
    endloop
  endfacet
  facet normal -0.382722 -0.923864 -0
    outer loop
      vertex 87.125 57.5825 23
      vertex 86.8235 57.7074 7
      vertex 87.125 57.5825 7
    endloop
  endfacet
  facet normal -0.793444 0.608644 0
    outer loop
      vertex 87.3839 55.6161 0
      vertex 87.5825 55.875 5
      vertex 87.5825 55.875 0
    endloop
  endfacet
  facet normal -0.793444 0.608644 0
    outer loop
      vertex 87.5825 55.875 5
      vertex 87.3839 55.6161 0
      vertex 87.3839 55.6161 5
    endloop
  endfacet
  facet normal -0.793444 0.608644 0
    outer loop
      vertex 87.3839 55.6161 7
      vertex 87.5825 55.875 23
      vertex 87.5825 55.875 7
    endloop
  endfacet
  facet normal -0.793444 0.608644 0
    outer loop
      vertex 87.5825 55.875 23
      vertex 87.3839 55.6161 7
      vertex 87.3839 55.6161 23
    endloop
  endfacet
  facet normal 0.793444 -0.608644 0
    outer loop
      vertex 85.4175 57.125 5
      vertex 85.6161 57.3839 0
      vertex 85.6161 57.3839 5
    endloop
  endfacet
  facet normal 0.793444 -0.608644 0
    outer loop
      vertex 85.6161 57.3839 0
      vertex 85.4175 57.125 5
      vertex 85.4175 57.125 0
    endloop
  endfacet
  facet normal 0.793444 -0.608644 0
    outer loop
      vertex 85.4175 57.125 23
      vertex 85.6161 57.3839 7
      vertex 85.6161 57.3839 23
    endloop
  endfacet
  facet normal 0.793444 -0.608644 0
    outer loop
      vertex 85.6161 57.3839 7
      vertex 85.4175 57.125 23
      vertex 85.4175 57.125 7
    endloop
  endfacet
  facet normal -0.130558 -0.991441 0
    outer loop
      vertex 86.5 57.75 0
      vertex 86.8235 57.7074 5
      vertex 86.5 57.75 5
    endloop
  endfacet
  facet normal -0.130558 -0.991441 -0
    outer loop
      vertex 86.8235 57.7074 5
      vertex 86.5 57.75 0
      vertex 86.8235 57.7074 0
    endloop
  endfacet
  facet normal -0.130558 -0.991441 0
    outer loop
      vertex 86.5 57.75 7
      vertex 86.8235 57.7074 23
      vertex 86.5 57.75 23
    endloop
  endfacet
  facet normal -0.130558 -0.991441 -0
    outer loop
      vertex 86.8235 57.7074 23
      vertex 86.5 57.75 7
      vertex 86.8235 57.7074 7
    endloop
  endfacet
  facet normal 0.991441 -0.130558 0
    outer loop
      vertex 85.25 56.5 5
      vertex 85.2926 56.8235 0
      vertex 85.2926 56.8235 5
    endloop
  endfacet
  facet normal 0.991441 -0.130558 0
    outer loop
      vertex 85.2926 56.8235 0
      vertex 85.25 56.5 5
      vertex 85.25 56.5 0
    endloop
  endfacet
  facet normal 0.991441 -0.130558 0
    outer loop
      vertex 85.25 56.5 23
      vertex 85.2926 56.8235 7
      vertex 85.2926 56.8235 23
    endloop
  endfacet
  facet normal 0.991441 -0.130558 0
    outer loop
      vertex 85.2926 56.8235 7
      vertex 85.25 56.5 23
      vertex 85.25 56.5 7
    endloop
  endfacet
  facet normal -0.991441 0.130558 0
    outer loop
      vertex 87.7074 56.1765 0
      vertex 87.75 56.5 5
      vertex 87.75 56.5 0
    endloop
  endfacet
  facet normal -0.991441 0.130558 0
    outer loop
      vertex 87.75 56.5 5
      vertex 87.7074 56.1765 0
      vertex 87.7074 56.1765 5
    endloop
  endfacet
  facet normal -0.991441 0.130558 0
    outer loop
      vertex 87.7074 56.1765 7
      vertex 87.75 56.5 23
      vertex 87.75 56.5 7
    endloop
  endfacet
  facet normal -0.991441 0.130558 0
    outer loop
      vertex 87.75 56.5 23
      vertex 87.7074 56.1765 7
      vertex 87.7074 56.1765 23
    endloop
  endfacet
  facet normal 0.608644 -0.793444 0
    outer loop
      vertex 85.6161 57.3839 0
      vertex 85.875 57.5825 5
      vertex 85.6161 57.3839 5
    endloop
  endfacet
  facet normal 0.608644 -0.793444 0
    outer loop
      vertex 85.875 57.5825 5
      vertex 85.6161 57.3839 0
      vertex 85.875 57.5825 0
    endloop
  endfacet
  facet normal 0.608644 -0.793444 0
    outer loop
      vertex 85.6161 57.3839 7
      vertex 85.875 57.5825 23
      vertex 85.6161 57.3839 23
    endloop
  endfacet
  facet normal 0.608644 -0.793444 0
    outer loop
      vertex 85.875 57.5825 23
      vertex 85.6161 57.3839 7
      vertex 85.875 57.5825 7
    endloop
  endfacet
  facet normal 0.130558 0.991441 -0
    outer loop
      vertex 86.5 55.25 0
      vertex 86.1765 55.2926 5
      vertex 86.5 55.25 5
    endloop
  endfacet
  facet normal 0.130558 0.991441 0
    outer loop
      vertex 86.1765 55.2926 5
      vertex 86.5 55.25 0
      vertex 86.1765 55.2926 0
    endloop
  endfacet
  facet normal 0.130558 0.991441 -0
    outer loop
      vertex 86.5 55.25 7
      vertex 86.1765 55.2926 23
      vertex 86.5 55.25 23
    endloop
  endfacet
  facet normal 0.130558 0.991441 0
    outer loop
      vertex 86.1765 55.2926 23
      vertex 86.5 55.25 7
      vertex 86.1765 55.2926 7
    endloop
  endfacet
  facet normal -0.130558 0.991441 0
    outer loop
      vertex 86.8235 55.2926 0
      vertex 86.5 55.25 5
      vertex 86.8235 55.2926 5
    endloop
  endfacet
  facet normal -0.130558 0.991441 0
    outer loop
      vertex 86.5 55.25 5
      vertex 86.8235 55.2926 0
      vertex 86.5 55.25 0
    endloop
  endfacet
  facet normal -0.130558 0.991441 0
    outer loop
      vertex 86.8235 55.2926 7
      vertex 86.5 55.25 23
      vertex 86.8235 55.2926 23
    endloop
  endfacet
  facet normal -0.130558 0.991441 0
    outer loop
      vertex 86.5 55.25 23
      vertex 86.8235 55.2926 7
      vertex 86.5 55.25 7
    endloop
  endfacet
  facet normal -0.382722 0.923864 0
    outer loop
      vertex 87.125 55.4175 0
      vertex 86.8235 55.2926 5
      vertex 87.125 55.4175 5
    endloop
  endfacet
  facet normal -0.382722 0.923864 0
    outer loop
      vertex 86.8235 55.2926 5
      vertex 87.125 55.4175 0
      vertex 86.8235 55.2926 0
    endloop
  endfacet
  facet normal -0.382722 0.923864 0
    outer loop
      vertex 87.125 55.4175 7
      vertex 86.8235 55.2926 23
      vertex 87.125 55.4175 23
    endloop
  endfacet
  facet normal -0.382722 0.923864 0
    outer loop
      vertex 86.8235 55.2926 23
      vertex 87.125 55.4175 7
      vertex 86.8235 55.2926 7
    endloop
  endfacet
  facet normal 0.793444 0.608644 0
    outer loop
      vertex 85.6161 55.6161 23
      vertex 85.4175 55.875 7
      vertex 85.4175 55.875 23
    endloop
  endfacet
  facet normal 0.793444 0.608644 0
    outer loop
      vertex 85.4175 55.875 7
      vertex 85.6161 55.6161 23
      vertex 85.6161 55.6161 7
    endloop
  endfacet
  facet normal -0.608644 0.793444 0
    outer loop
      vertex 87.3839 55.6161 0
      vertex 87.125 55.4175 5
      vertex 87.3839 55.6161 5
    endloop
  endfacet
  facet normal -0.608644 0.793444 0
    outer loop
      vertex 87.125 55.4175 5
      vertex 87.3839 55.6161 0
      vertex 87.125 55.4175 0
    endloop
  endfacet
  facet normal -0.608644 0.793444 0
    outer loop
      vertex 87.3839 55.6161 7
      vertex 87.125 55.4175 23
      vertex 87.3839 55.6161 23
    endloop
  endfacet
  facet normal -0.608644 0.793444 0
    outer loop
      vertex 87.125 55.4175 23
      vertex 87.3839 55.6161 7
      vertex 87.125 55.4175 7
    endloop
  endfacet
  facet normal 0.991441 0.130558 0
    outer loop
      vertex 85.2926 56.1765 5
      vertex 85.25 56.5 0
      vertex 85.25 56.5 5
    endloop
  endfacet
  facet normal 0.991441 0.130558 0
    outer loop
      vertex 85.25 56.5 0
      vertex 85.2926 56.1765 5
      vertex 85.2926 56.1765 0
    endloop
  endfacet
  facet normal 0.991441 0.130558 0
    outer loop
      vertex 85.2926 56.1765 23
      vertex 85.25 56.5 7
      vertex 85.25 56.5 23
    endloop
  endfacet
  facet normal 0.991441 0.130558 0
    outer loop
      vertex 85.25 56.5 7
      vertex 85.2926 56.1765 23
      vertex 85.2926 56.1765 7
    endloop
  endfacet
  facet normal 0.923864 -0.382722 0
    outer loop
      vertex 85.2926 56.8235 5
      vertex 85.4175 57.125 0
      vertex 85.4175 57.125 5
    endloop
  endfacet
  facet normal 0.923864 -0.382722 0
    outer loop
      vertex 85.4175 57.125 0
      vertex 85.2926 56.8235 5
      vertex 85.2926 56.8235 0
    endloop
  endfacet
  facet normal 0.923864 -0.382722 0
    outer loop
      vertex 85.2926 56.8235 23
      vertex 85.4175 57.125 7
      vertex 85.4175 57.125 23
    endloop
  endfacet
  facet normal 0.923864 -0.382722 0
    outer loop
      vertex 85.4175 57.125 7
      vertex 85.2926 56.8235 23
      vertex 85.2926 56.8235 7
    endloop
  endfacet
  facet normal 0.382703 0.923871 -0
    outer loop
      vertex 86.1765 55.2926 0
      vertex 85.9054 55.4049 5
      vertex 86.1765 55.2926 5
    endloop
  endfacet
  facet normal 0.382703 0.923871 0
    outer loop
      vertex 85.9054 55.4049 5
      vertex 86.1765 55.2926 0
      vertex 85.9054 55.4049 0
    endloop
  endfacet
  facet normal 0.382722 0.923864 -0
    outer loop
      vertex 86.1765 55.2926 7
      vertex 85.875 55.4175 23
      vertex 86.1765 55.2926 23
    endloop
  endfacet
  facet normal 0.382722 0.923864 0
    outer loop
      vertex 85.875 55.4175 23
      vertex 86.1765 55.2926 7
      vertex 85.875 55.4175 7
    endloop
  endfacet
  facet normal 0.923871 0.382703 0
    outer loop
      vertex 85.4049 55.9054 5
      vertex 85.2926 56.1765 0
      vertex 85.2926 56.1765 5
    endloop
  endfacet
  facet normal 0.923871 0.382703 0
    outer loop
      vertex 85.2926 56.1765 0
      vertex 85.4049 55.9054 5
      vertex 85.4049 55.9054 0
    endloop
  endfacet
  facet normal 0.923864 0.382722 0
    outer loop
      vertex 85.4175 55.875 23
      vertex 85.2926 56.1765 7
      vertex 85.2926 56.1765 23
    endloop
  endfacet
  facet normal 0.923864 0.382722 0
    outer loop
      vertex 85.2926 56.1765 7
      vertex 85.4175 55.875 23
      vertex 85.4175 55.875 7
    endloop
  endfacet
  facet normal 0.382722 -0.923864 0
    outer loop
      vertex 85.875 57.5825 0
      vertex 86.1765 57.7074 5
      vertex 85.875 57.5825 5
    endloop
  endfacet
  facet normal 0.382722 -0.923864 0
    outer loop
      vertex 86.1765 57.7074 5
      vertex 85.875 57.5825 0
      vertex 86.1765 57.7074 0
    endloop
  endfacet
  facet normal 0.382722 -0.923864 0
    outer loop
      vertex 85.875 57.5825 7
      vertex 86.1765 57.7074 23
      vertex 85.875 57.5825 23
    endloop
  endfacet
  facet normal 0.382722 -0.923864 0
    outer loop
      vertex 86.1765 57.7074 23
      vertex 85.875 57.5825 7
      vertex 86.1765 57.7074 7
    endloop
  endfacet
  facet normal -0.923864 0.382722 0
    outer loop
      vertex 87.5825 55.875 0
      vertex 87.7074 56.1765 5
      vertex 87.7074 56.1765 0
    endloop
  endfacet
  facet normal -0.923864 0.382722 0
    outer loop
      vertex 87.7074 56.1765 5
      vertex 87.5825 55.875 0
      vertex 87.5825 55.875 5
    endloop
  endfacet
  facet normal -0.923864 0.382722 0
    outer loop
      vertex 87.5825 55.875 7
      vertex 87.7074 56.1765 23
      vertex 87.7074 56.1765 7
    endloop
  endfacet
  facet normal -0.923864 0.382722 0
    outer loop
      vertex 87.7074 56.1765 23
      vertex 87.5825 55.875 7
      vertex 87.5825 55.875 23
    endloop
  endfacet
endsolid OpenSCAD_Model
