solid OpenSCAD_Model
  facet normal -0.991441 0.130558 0
    outer loop
      vertex -59.7926 -11.3235 0
      vertex -59.75 -11 1.9
      vertex -59.75 -11 0
    endloop
  endfacet
  facet normal -0.991441 0.130558 0
    outer loop
      vertex -59.75 -11 1.9
      vertex -59.7926 -11.3235 0
      vertex -59.7926 -11.3235 1.9
    endloop
  endfacet
  facet normal -0.923864 -0.382722 0
    outer loop
      vertex -59.7926 -10.6765 0
      vertex -59.9175 -10.375 1.9
      vertex -59.9175 -10.375 0
    endloop
  endfacet
  facet normal -0.923864 -0.382722 0
    outer loop
      vertex -59.9175 -10.375 1.9
      vertex -59.7926 -10.6765 0
      vertex -59.7926 -10.6765 1.9
    endloop
  endfacet
  facet normal -0.608644 0.793444 0
    outer loop
      vertex -60.1161 -11.8839 0
      vertex -60.375 -12.0825 1.9
      vertex -60.1161 -11.8839 1.9
    endloop
  endfacet
  facet normal -0.608644 0.793444 0
    outer loop
      vertex -60.375 -12.0825 1.9
      vertex -60.1161 -11.8839 0
      vertex -60.375 -12.0825 0
    endloop
  endfacet
  facet normal -0.991441 -0.130558 0
    outer loop
      vertex -59.75 -11 0
      vertex -59.7926 -10.6765 1.9
      vertex -59.7926 -10.6765 0
    endloop
  endfacet
  facet normal -0.991441 -0.130558 0
    outer loop
      vertex -59.7926 -10.6765 1.9
      vertex -59.75 -11 0
      vertex -59.75 -11 1.9
    endloop
  endfacet
  facet normal -0.923864 0.382722 0
    outer loop
      vertex -59.9175 -11.625 0
      vertex -59.7926 -11.3235 1.9
      vertex -59.7926 -11.3235 0
    endloop
  endfacet
  facet normal -0.923864 0.382722 0
    outer loop
      vertex -59.7926 -11.3235 1.9
      vertex -59.9175 -11.625 0
      vertex -59.9175 -11.625 1.9
    endloop
  endfacet
  facet normal 0.793444 0.608644 0
    outer loop
      vertex -61.8839 -11.8839 1.9
      vertex -62.0825 -11.625 0
      vertex -62.0825 -11.625 1.9
    endloop
  endfacet
  facet normal 0.793444 0.608644 0
    outer loop
      vertex -62.0825 -11.625 0
      vertex -61.8839 -11.8839 1.9
      vertex -61.8839 -11.8839 0
    endloop
  endfacet
  facet normal 0.130527 -0.991445 0
    outer loop
      vertex -61.3235 -9.79259 0
      vertex -61 -9.75 1.9
      vertex -61.3235 -9.79259 1.9
    endloop
  endfacet
  facet normal 0.130527 -0.991445 0
    outer loop
      vertex -61 -9.75 1.9
      vertex -61.3235 -9.79259 0
      vertex -61 -9.75 0
    endloop
  endfacet
  facet normal -0.382669 -0.923885 0
    outer loop
      vertex -60.6765 -9.79259 0
      vertex -60.375 -9.91747 1.9
      vertex -60.6765 -9.79259 1.9
    endloop
  endfacet
  facet normal -0.382669 -0.923885 -0
    outer loop
      vertex -60.375 -9.91747 1.9
      vertex -60.6765 -9.79259 0
      vertex -60.375 -9.91747 0
    endloop
  endfacet
  facet normal 0.793444 -0.608644 0
    outer loop
      vertex -62.0825 -10.375 1.9
      vertex -61.8839 -10.1161 0
      vertex -61.8839 -10.1161 1.9
    endloop
  endfacet
  facet normal 0.793444 -0.608644 0
    outer loop
      vertex -61.8839 -10.1161 0
      vertex -62.0825 -10.375 1.9
      vertex -62.0825 -10.375 0
    endloop
  endfacet
  facet normal -0.130558 0.991441 0
    outer loop
      vertex -60.6765 -12.2074 0
      vertex -61 -12.25 1.9
      vertex -60.6765 -12.2074 1.9
    endloop
  endfacet
  facet normal -0.130558 0.991441 0
    outer loop
      vertex -61 -12.25 1.9
      vertex -60.6765 -12.2074 0
      vertex -61 -12.25 0
    endloop
  endfacet
  facet normal -0.793444 0.608644 0
    outer loop
      vertex -60.1161 -11.8839 0
      vertex -59.9175 -11.625 1.9
      vertex -59.9175 -11.625 0
    endloop
  endfacet
  facet normal -0.793444 0.608644 0
    outer loop
      vertex -59.9175 -11.625 1.9
      vertex -60.1161 -11.8839 0
      vertex -60.1161 -11.8839 1.9
    endloop
  endfacet
  facet normal 0.923864 0.382722 0
    outer loop
      vertex -62.0825 -11.625 1.9
      vertex -62.2074 -11.3235 0
      vertex -62.2074 -11.3235 1.9
    endloop
  endfacet
  facet normal 0.923864 0.382722 0
    outer loop
      vertex -62.2074 -11.3235 0
      vertex -62.0825 -11.625 1.9
      vertex -62.0825 -11.625 0
    endloop
  endfacet
  facet normal 0.991441 0.130558 0
    outer loop
      vertex -62.2074 -11.3235 1.9
      vertex -62.25 -11 0
      vertex -62.25 -11 1.9
    endloop
  endfacet
  facet normal 0.991441 0.130558 0
    outer loop
      vertex -62.25 -11 0
      vertex -62.2074 -11.3235 1.9
      vertex -62.2074 -11.3235 0
    endloop
  endfacet
  facet normal 0.608644 0.793444 -0
    outer loop
      vertex -61.625 -12.0825 0
      vertex -61.8839 -11.8839 1.9
      vertex -61.625 -12.0825 1.9
    endloop
  endfacet
  facet normal 0.608644 0.793444 0
    outer loop
      vertex -61.8839 -11.8839 1.9
      vertex -61.625 -12.0825 0
      vertex -61.8839 -11.8839 0
    endloop
  endfacet
  facet normal -0.608702 -0.793399 0
    outer loop
      vertex -60.375 -9.91747 0
      vertex -60.1161 -10.1161 1.9
      vertex -60.375 -9.91747 1.9
    endloop
  endfacet
  facet normal -0.608702 -0.793399 -0
    outer loop
      vertex -60.1161 -10.1161 1.9
      vertex -60.375 -9.91747 0
      vertex -60.1161 -10.1161 0
    endloop
  endfacet
  facet normal 0.382722 0.923864 -0
    outer loop
      vertex -61.3235 -12.2074 0
      vertex -61.625 -12.0825 1.9
      vertex -61.3235 -12.2074 1.9
    endloop
  endfacet
  facet normal 0.382722 0.923864 0
    outer loop
      vertex -61.625 -12.0825 1.9
      vertex -61.3235 -12.2074 0
      vertex -61.625 -12.0825 0
    endloop
  endfacet
  facet normal -0.793444 -0.608644 0
    outer loop
      vertex -59.9175 -10.375 0
      vertex -60.1161 -10.1161 1.9
      vertex -60.1161 -10.1161 0
    endloop
  endfacet
  facet normal -0.793444 -0.608644 0
    outer loop
      vertex -60.1161 -10.1161 1.9
      vertex -59.9175 -10.375 0
      vertex -59.9175 -10.375 1.9
    endloop
  endfacet
  facet normal 0.130558 0.991441 -0
    outer loop
      vertex -61 -12.25 0
      vertex -61.3235 -12.2074 1.9
      vertex -61 -12.25 1.9
    endloop
  endfacet
  facet normal 0.130558 0.991441 0
    outer loop
      vertex -61.3235 -12.2074 1.9
      vertex -61 -12.25 0
      vertex -61.3235 -12.2074 0
    endloop
  endfacet
  facet normal -0.382722 0.923864 0
    outer loop
      vertex -60.375 -12.0825 0
      vertex -60.6765 -12.2074 1.9
      vertex -60.375 -12.0825 1.9
    endloop
  endfacet
  facet normal -0.382722 0.923864 0
    outer loop
      vertex -60.6765 -12.2074 1.9
      vertex -60.375 -12.0825 0
      vertex -60.6765 -12.2074 0
    endloop
  endfacet
  facet normal 0.923864 -0.382722 0
    outer loop
      vertex -62.2074 -10.6765 1.9
      vertex -62.0825 -10.375 0
      vertex -62.0825 -10.375 1.9
    endloop
  endfacet
  facet normal 0.923864 -0.382722 0
    outer loop
      vertex -62.0825 -10.375 0
      vertex -62.2074 -10.6765 1.9
      vertex -62.2074 -10.6765 0
    endloop
  endfacet
  facet normal 0.991441 -0.130558 0
    outer loop
      vertex -62.25 -11 1.9
      vertex -62.2074 -10.6765 0
      vertex -62.2074 -10.6765 1.9
    endloop
  endfacet
  facet normal 0.991441 -0.130558 0
    outer loop
      vertex -62.2074 -10.6765 0
      vertex -62.25 -11 1.9
      vertex -62.25 -11 0
    endloop
  endfacet
  facet normal -0.130527 -0.991445 0
    outer loop
      vertex -61 -9.75 0
      vertex -60.6765 -9.79259 1.9
      vertex -61 -9.75 1.9
    endloop
  endfacet
  facet normal -0.130527 -0.991445 -0
    outer loop
      vertex -60.6765 -9.79259 1.9
      vertex -61 -9.75 0
      vertex -60.6765 -9.79259 0
    endloop
  endfacet
  facet normal 0.382669 -0.923885 0
    outer loop
      vertex -61.625 -9.91747 0
      vertex -61.3235 -9.79259 1.9
      vertex -61.625 -9.91747 1.9
    endloop
  endfacet
  facet normal 0.382669 -0.923885 0
    outer loop
      vertex -61.3235 -9.79259 1.9
      vertex -61.625 -9.91747 0
      vertex -61.3235 -9.79259 0
    endloop
  endfacet
  facet normal 0.608702 -0.793399 0
    outer loop
      vertex -61.8839 -10.1161 0
      vertex -61.625 -9.91747 1.9
      vertex -61.8839 -10.1161 1.9
    endloop
  endfacet
  facet normal 0.608702 -0.793399 0
    outer loop
      vertex -61.625 -9.91747 1.9
      vertex -61.8839 -10.1161 0
      vertex -61.625 -9.91747 0
    endloop
  endfacet
  facet normal -0.923864 -0.382722 0
    outer loop
      vertex -59.7926 11.3235 0
      vertex -59.9175 11.625 1.9
      vertex -59.9175 11.625 0
    endloop
  endfacet
  facet normal -0.923864 -0.382722 0
    outer loop
      vertex -59.9175 11.625 1.9
      vertex -59.7926 11.3235 0
      vertex -59.7926 11.3235 1.9
    endloop
  endfacet
  facet normal -0.130527 0.991445 0
    outer loop
      vertex -60.6765 9.79259 0
      vertex -61 9.75 1.9
      vertex -60.6765 9.79259 1.9
    endloop
  endfacet
  facet normal -0.130527 0.991445 0
    outer loop
      vertex -61 9.75 1.9
      vertex -60.6765 9.79259 0
      vertex -61 9.75 0
    endloop
  endfacet
  facet normal 0.382669 0.923885 -0
    outer loop
      vertex -61.3235 9.79259 0
      vertex -61.625 9.91747 1.9
      vertex -61.3235 9.79259 1.9
    endloop
  endfacet
  facet normal 0.382669 0.923885 0
    outer loop
      vertex -61.625 9.91747 1.9
      vertex -61.3235 9.79259 0
      vertex -61.625 9.91747 0
    endloop
  endfacet
  facet normal -0.991441 -0.130558 0
    outer loop
      vertex -59.75 11 0
      vertex -59.7926 11.3235 1.9
      vertex -59.7926 11.3235 0
    endloop
  endfacet
  facet normal -0.991441 -0.130558 0
    outer loop
      vertex -59.7926 11.3235 1.9
      vertex -59.75 11 0
      vertex -59.75 11 1.9
    endloop
  endfacet
  facet normal -0.608702 0.793399 0
    outer loop
      vertex -60.1161 10.1161 0
      vertex -60.375 9.91747 1.9
      vertex -60.1161 10.1161 1.9
    endloop
  endfacet
  facet normal -0.608702 0.793399 0
    outer loop
      vertex -60.375 9.91747 1.9
      vertex -60.1161 10.1161 0
      vertex -60.375 9.91747 0
    endloop
  endfacet
  facet normal -0.923864 0.382722 0
    outer loop
      vertex -59.9175 10.375 0
      vertex -59.7926 10.6765 1.9
      vertex -59.7926 10.6765 0
    endloop
  endfacet
  facet normal -0.923864 0.382722 0
    outer loop
      vertex -59.7926 10.6765 1.9
      vertex -59.9175 10.375 0
      vertex -59.9175 10.375 1.9
    endloop
  endfacet
  facet normal -0.991441 0.130558 0
    outer loop
      vertex -59.7926 10.6765 0
      vertex -59.75 11 1.9
      vertex -59.75 11 0
    endloop
  endfacet
  facet normal -0.991441 0.130558 0
    outer loop
      vertex -59.75 11 1.9
      vertex -59.7926 10.6765 0
      vertex -59.7926 10.6765 1.9
    endloop
  endfacet
  facet normal 0.608702 0.793399 -0
    outer loop
      vertex -61.625 9.91747 0
      vertex -61.8839 10.1161 1.9
      vertex -61.625 9.91747 1.9
    endloop
  endfacet
  facet normal 0.608702 0.793399 0
    outer loop
      vertex -61.8839 10.1161 1.9
      vertex -61.625 9.91747 0
      vertex -61.8839 10.1161 0
    endloop
  endfacet
  facet normal 0.923864 0.382722 0
    outer loop
      vertex -62.0825 10.375 1.9
      vertex -62.2074 10.6765 0
      vertex -62.2074 10.6765 1.9
    endloop
  endfacet
  facet normal 0.923864 0.382722 0
    outer loop
      vertex -62.2074 10.6765 0
      vertex -62.0825 10.375 1.9
      vertex -62.0825 10.375 0
    endloop
  endfacet
  facet normal 0.793444 -0.608644 0
    outer loop
      vertex -62.0825 11.625 1.9
      vertex -61.8839 11.8839 0
      vertex -61.8839 11.8839 1.9
    endloop
  endfacet
  facet normal 0.793444 -0.608644 0
    outer loop
      vertex -61.8839 11.8839 0
      vertex -62.0825 11.625 1.9
      vertex -62.0825 11.625 0
    endloop
  endfacet
  facet normal 0.793444 0.608644 0
    outer loop
      vertex -61.8839 10.1161 1.9
      vertex -62.0825 10.375 0
      vertex -62.0825 10.375 1.9
    endloop
  endfacet
  facet normal 0.793444 0.608644 0
    outer loop
      vertex -62.0825 10.375 0
      vertex -61.8839 10.1161 1.9
      vertex -61.8839 10.1161 0
    endloop
  endfacet
  facet normal -0.608644 -0.793444 0
    outer loop
      vertex -60.375 12.0825 0
      vertex -60.1161 11.8839 1.9
      vertex -60.375 12.0825 1.9
    endloop
  endfacet
  facet normal -0.608644 -0.793444 -0
    outer loop
      vertex -60.1161 11.8839 1.9
      vertex -60.375 12.0825 0
      vertex -60.1161 11.8839 0
    endloop
  endfacet
  facet normal -0.382722 -0.923864 0
    outer loop
      vertex -60.6765 12.2074 0
      vertex -60.375 12.0825 1.9
      vertex -60.6765 12.2074 1.9
    endloop
  endfacet
  facet normal -0.382722 -0.923864 -0
    outer loop
      vertex -60.375 12.0825 1.9
      vertex -60.6765 12.2074 0
      vertex -60.375 12.0825 0
    endloop
  endfacet
  facet normal 0.923864 -0.382722 0
    outer loop
      vertex -62.2074 11.3235 1.9
      vertex -62.0825 11.625 0
      vertex -62.0825 11.625 1.9
    endloop
  endfacet
  facet normal 0.923864 -0.382722 0
    outer loop
      vertex -62.0825 11.625 0
      vertex -62.2074 11.3235 1.9
      vertex -62.2074 11.3235 0
    endloop
  endfacet
  facet normal -0.382669 0.923885 0
    outer loop
      vertex -60.375 9.91747 0
      vertex -60.6765 9.79259 1.9
      vertex -60.375 9.91747 1.9
    endloop
  endfacet
  facet normal -0.382669 0.923885 0
    outer loop
      vertex -60.6765 9.79259 1.9
      vertex -60.375 9.91747 0
      vertex -60.6765 9.79259 0
    endloop
  endfacet
  facet normal -0.793444 0.608644 0
    outer loop
      vertex -60.1161 10.1161 0
      vertex -59.9175 10.375 1.9
      vertex -59.9175 10.375 0
    endloop
  endfacet
  facet normal -0.793444 0.608644 0
    outer loop
      vertex -59.9175 10.375 1.9
      vertex -60.1161 10.1161 0
      vertex -60.1161 10.1161 1.9
    endloop
  endfacet
  facet normal 0.991441 -0.130558 0
    outer loop
      vertex -62.25 11 1.9
      vertex -62.2074 11.3235 0
      vertex -62.2074 11.3235 1.9
    endloop
  endfacet
  facet normal 0.991441 -0.130558 0
    outer loop
      vertex -62.2074 11.3235 0
      vertex -62.25 11 1.9
      vertex -62.25 11 0
    endloop
  endfacet
  facet normal -0.130558 -0.991441 0
    outer loop
      vertex -61 12.25 0
      vertex -60.6765 12.2074 1.9
      vertex -61 12.25 1.9
    endloop
  endfacet
  facet normal -0.130558 -0.991441 -0
    outer loop
      vertex -60.6765 12.2074 1.9
      vertex -61 12.25 0
      vertex -60.6765 12.2074 0
    endloop
  endfacet
  facet normal 0.130558 -0.991441 0
    outer loop
      vertex -61.3235 12.2074 0
      vertex -61 12.25 1.9
      vertex -61.3235 12.2074 1.9
    endloop
  endfacet
  facet normal 0.130558 -0.991441 0
    outer loop
      vertex -61 12.25 1.9
      vertex -61.3235 12.2074 0
      vertex -61 12.25 0
    endloop
  endfacet
  facet normal 0.608644 -0.793444 0
    outer loop
      vertex -61.8839 11.8839 0
      vertex -61.625 12.0825 1.9
      vertex -61.8839 11.8839 1.9
    endloop
  endfacet
  facet normal 0.608644 -0.793444 0
    outer loop
      vertex -61.625 12.0825 1.9
      vertex -61.8839 11.8839 0
      vertex -61.625 12.0825 0
    endloop
  endfacet
  facet normal 0.991441 0.130558 0
    outer loop
      vertex -62.2074 10.6765 1.9
      vertex -62.25 11 0
      vertex -62.25 11 1.9
    endloop
  endfacet
  facet normal 0.991441 0.130558 0
    outer loop
      vertex -62.25 11 0
      vertex -62.2074 10.6765 1.9
      vertex -62.2074 10.6765 0
    endloop
  endfacet
  facet normal 0.382722 -0.923864 0
    outer loop
      vertex -61.625 12.0825 0
      vertex -61.3235 12.2074 1.9
      vertex -61.625 12.0825 1.9
    endloop
  endfacet
  facet normal 0.382722 -0.923864 0
    outer loop
      vertex -61.3235 12.2074 1.9
      vertex -61.625 12.0825 0
      vertex -61.3235 12.2074 0
    endloop
  endfacet
  facet normal 0.130527 0.991445 -0
    outer loop
      vertex -61 9.75 0
      vertex -61.3235 9.79259 1.9
      vertex -61 9.75 1.9
    endloop
  endfacet
  facet normal 0.130527 0.991445 0
    outer loop
      vertex -61.3235 9.79259 1.9
      vertex -61 9.75 0
      vertex -61.3235 9.79259 0
    endloop
  endfacet
  facet normal -0.793444 -0.608644 0
    outer loop
      vertex -59.9175 11.625 0
      vertex -60.1161 11.8839 1.9
      vertex -60.1161 11.8839 0
    endloop
  endfacet
  facet normal -0.793444 -0.608644 0
    outer loop
      vertex -60.1161 11.8839 1.9
      vertex -59.9175 11.625 0
      vertex -59.9175 11.625 1.9
    endloop
  endfacet
  facet normal -0.923864 -0.382722 0
    outer loop
      vertex -27.7926 -10.6765 0
      vertex -27.9175 -10.375 1.9
      vertex -27.9175 -10.375 0
    endloop
  endfacet
  facet normal -0.923864 -0.382722 0
    outer loop
      vertex -27.9175 -10.375 1.9
      vertex -27.7926 -10.6765 0
      vertex -27.7926 -10.6765 1.9
    endloop
  endfacet
  facet normal -0.991441 -0.130558 0
    outer loop
      vertex -27.75 -11 0
      vertex -27.7926 -10.6765 1.9
      vertex -27.7926 -10.6765 0
    endloop
  endfacet
  facet normal -0.991441 -0.130558 0
    outer loop
      vertex -27.7926 -10.6765 1.9
      vertex -27.75 -11 0
      vertex -27.75 -11 1.9
    endloop
  endfacet
  facet normal -0.130527 -0.991445 0
    outer loop
      vertex -29 -9.75 0
      vertex -28.6765 -9.79259 1.9
      vertex -29 -9.75 1.9
    endloop
  endfacet
  facet normal -0.130527 -0.991445 -0
    outer loop
      vertex -28.6765 -9.79259 1.9
      vertex -29 -9.75 0
      vertex -28.6765 -9.79259 0
    endloop
  endfacet
  facet normal 0.382722 0.923864 -0
    outer loop
      vertex -29.3235 -12.2074 0
      vertex -29.625 -12.0825 1.9
      vertex -29.3235 -12.2074 1.9
    endloop
  endfacet
  facet normal 0.382722 0.923864 0
    outer loop
      vertex -29.625 -12.0825 1.9
      vertex -29.3235 -12.2074 0
      vertex -29.625 -12.0825 0
    endloop
  endfacet
  facet normal -0.608644 0.793444 0
    outer loop
      vertex -28.1161 -11.8839 0
      vertex -28.375 -12.0825 1.9
      vertex -28.1161 -11.8839 1.9
    endloop
  endfacet
  facet normal -0.608644 0.793444 0
    outer loop
      vertex -28.375 -12.0825 1.9
      vertex -28.1161 -11.8839 0
      vertex -28.375 -12.0825 0
    endloop
  endfacet
  facet normal -0.991441 0.130558 0
    outer loop
      vertex -27.7926 -11.3235 0
      vertex -27.75 -11 1.9
      vertex -27.75 -11 0
    endloop
  endfacet
  facet normal -0.991441 0.130558 0
    outer loop
      vertex -27.75 -11 1.9
      vertex -27.7926 -11.3235 0
      vertex -27.7926 -11.3235 1.9
    endloop
  endfacet
  facet normal 0.793444 0.608644 0
    outer loop
      vertex -29.8839 -11.8839 1.9
      vertex -30.0825 -11.625 0
      vertex -30.0825 -11.625 1.9
    endloop
  endfacet
  facet normal 0.793444 0.608644 0
    outer loop
      vertex -30.0825 -11.625 0
      vertex -29.8839 -11.8839 1.9
      vertex -29.8839 -11.8839 0
    endloop
  endfacet
  facet normal 0.923864 0.382722 0
    outer loop
      vertex -30.0825 -11.625 1.9
      vertex -30.2074 -11.3235 0
      vertex -30.2074 -11.3235 1.9
    endloop
  endfacet
  facet normal 0.923864 0.382722 0
    outer loop
      vertex -30.2074 -11.3235 0
      vertex -30.0825 -11.625 1.9
      vertex -30.0825 -11.625 0
    endloop
  endfacet
  facet normal 0.923864 -0.382722 0
    outer loop
      vertex -30.2074 -10.6765 1.9
      vertex -30.0825 -10.375 0
      vertex -30.0825 -10.375 1.9
    endloop
  endfacet
  facet normal 0.923864 -0.382722 0
    outer loop
      vertex -30.0825 -10.375 0
      vertex -30.2074 -10.6765 1.9
      vertex -30.2074 -10.6765 0
    endloop
  endfacet
  facet normal -0.608702 -0.793399 0
    outer loop
      vertex -28.375 -9.91747 0
      vertex -28.1161 -10.1161 1.9
      vertex -28.375 -9.91747 1.9
    endloop
  endfacet
  facet normal -0.608702 -0.793399 -0
    outer loop
      vertex -28.1161 -10.1161 1.9
      vertex -28.375 -9.91747 0
      vertex -28.1161 -10.1161 0
    endloop
  endfacet
  facet normal 0.991441 -0.130558 0
    outer loop
      vertex -30.25 -11 1.9
      vertex -30.2074 -10.6765 0
      vertex -30.2074 -10.6765 1.9
    endloop
  endfacet
  facet normal 0.991441 -0.130558 0
    outer loop
      vertex -30.2074 -10.6765 0
      vertex -30.25 -11 1.9
      vertex -30.25 -11 0
    endloop
  endfacet
  facet normal -0.382722 0.923864 0
    outer loop
      vertex -28.375 -12.0825 0
      vertex -28.6765 -12.2074 1.9
      vertex -28.375 -12.0825 1.9
    endloop
  endfacet
  facet normal -0.382722 0.923864 0
    outer loop
      vertex -28.6765 -12.2074 1.9
      vertex -28.375 -12.0825 0
      vertex -28.6765 -12.2074 0
    endloop
  endfacet
  facet normal 0.608702 -0.793399 0
    outer loop
      vertex -29.8839 -10.1161 0
      vertex -29.625 -9.91747 1.9
      vertex -29.8839 -10.1161 1.9
    endloop
  endfacet
  facet normal 0.608702 -0.793399 0
    outer loop
      vertex -29.625 -9.91747 1.9
      vertex -29.8839 -10.1161 0
      vertex -29.625 -9.91747 0
    endloop
  endfacet
  facet normal -0.130558 0.991441 0
    outer loop
      vertex -28.6765 -12.2074 0
      vertex -29 -12.25 1.9
      vertex -28.6765 -12.2074 1.9
    endloop
  endfacet
  facet normal -0.130558 0.991441 0
    outer loop
      vertex -29 -12.25 1.9
      vertex -28.6765 -12.2074 0
      vertex -29 -12.25 0
    endloop
  endfacet
  facet normal 0.608644 0.793444 -0
    outer loop
      vertex -29.625 -12.0825 0
      vertex -29.8839 -11.8839 1.9
      vertex -29.625 -12.0825 1.9
    endloop
  endfacet
  facet normal 0.608644 0.793444 0
    outer loop
      vertex -29.8839 -11.8839 1.9
      vertex -29.625 -12.0825 0
      vertex -29.8839 -11.8839 0
    endloop
  endfacet
  facet normal 0.130558 0.991441 -0
    outer loop
      vertex -29 -12.25 0
      vertex -29.3235 -12.2074 1.9
      vertex -29 -12.25 1.9
    endloop
  endfacet
  facet normal 0.130558 0.991441 0
    outer loop
      vertex -29.3235 -12.2074 1.9
      vertex -29 -12.25 0
      vertex -29.3235 -12.2074 0
    endloop
  endfacet
  facet normal 0.130527 -0.991445 0
    outer loop
      vertex -29.3235 -9.79259 0
      vertex -29 -9.75 1.9
      vertex -29.3235 -9.79259 1.9
    endloop
  endfacet
  facet normal 0.130527 -0.991445 0
    outer loop
      vertex -29 -9.75 1.9
      vertex -29.3235 -9.79259 0
      vertex -29 -9.75 0
    endloop
  endfacet
  facet normal -0.793444 0.608644 0
    outer loop
      vertex -28.1161 -11.8839 0
      vertex -27.9175 -11.625 1.9
      vertex -27.9175 -11.625 0
    endloop
  endfacet
  facet normal -0.793444 0.608644 0
    outer loop
      vertex -27.9175 -11.625 1.9
      vertex -28.1161 -11.8839 0
      vertex -28.1161 -11.8839 1.9
    endloop
  endfacet
  facet normal -0.923864 0.382722 0
    outer loop
      vertex -27.9175 -11.625 0
      vertex -27.7926 -11.3235 1.9
      vertex -27.7926 -11.3235 0
    endloop
  endfacet
  facet normal -0.923864 0.382722 0
    outer loop
      vertex -27.7926 -11.3235 1.9
      vertex -27.9175 -11.625 0
      vertex -27.9175 -11.625 1.9
    endloop
  endfacet
  facet normal -0.382669 -0.923885 0
    outer loop
      vertex -28.6765 -9.79259 0
      vertex -28.375 -9.91747 1.9
      vertex -28.6765 -9.79259 1.9
    endloop
  endfacet
  facet normal -0.382669 -0.923885 -0
    outer loop
      vertex -28.375 -9.91747 1.9
      vertex -28.6765 -9.79259 0
      vertex -28.375 -9.91747 0
    endloop
  endfacet
  facet normal 0.991441 0.130558 0
    outer loop
      vertex -30.2074 -11.3235 1.9
      vertex -30.25 -11 0
      vertex -30.25 -11 1.9
    endloop
  endfacet
  facet normal 0.991441 0.130558 0
    outer loop
      vertex -30.25 -11 0
      vertex -30.2074 -11.3235 1.9
      vertex -30.2074 -11.3235 0
    endloop
  endfacet
  facet normal 0.382669 -0.923885 0
    outer loop
      vertex -29.625 -9.91747 0
      vertex -29.3235 -9.79259 1.9
      vertex -29.625 -9.91747 1.9
    endloop
  endfacet
  facet normal 0.382669 -0.923885 0
    outer loop
      vertex -29.3235 -9.79259 1.9
      vertex -29.625 -9.91747 0
      vertex -29.3235 -9.79259 0
    endloop
  endfacet
  facet normal 0.793444 -0.608644 0
    outer loop
      vertex -30.0825 -10.375 1.9
      vertex -29.8839 -10.1161 0
      vertex -29.8839 -10.1161 1.9
    endloop
  endfacet
  facet normal 0.793444 -0.608644 0
    outer loop
      vertex -29.8839 -10.1161 0
      vertex -30.0825 -10.375 1.9
      vertex -30.0825 -10.375 0
    endloop
  endfacet
  facet normal -0.793444 -0.608644 0
    outer loop
      vertex -27.9175 -10.375 0
      vertex -28.1161 -10.1161 1.9
      vertex -28.1161 -10.1161 0
    endloop
  endfacet
  facet normal -0.793444 -0.608644 0
    outer loop
      vertex -28.1161 -10.1161 1.9
      vertex -27.9175 -10.375 0
      vertex -27.9175 -10.375 1.9
    endloop
  endfacet
  facet normal -0.923864 -0.382722 0
    outer loop
      vertex -27.7926 11.3235 0
      vertex -27.9175 11.625 1.9
      vertex -27.9175 11.625 0
    endloop
  endfacet
  facet normal -0.923864 -0.382722 0
    outer loop
      vertex -27.9175 11.625 1.9
      vertex -27.7926 11.3235 0
      vertex -27.7926 11.3235 1.9
    endloop
  endfacet
  facet normal -0.130527 0.991445 0
    outer loop
      vertex -28.6765 9.79259 0
      vertex -29 9.75 1.9
      vertex -28.6765 9.79259 1.9
    endloop
  endfacet
  facet normal -0.130527 0.991445 0
    outer loop
      vertex -29 9.75 1.9
      vertex -28.6765 9.79259 0
      vertex -29 9.75 0
    endloop
  endfacet
  facet normal 0.382669 0.923885 -0
    outer loop
      vertex -29.3235 9.79259 0
      vertex -29.625 9.91747 1.9
      vertex -29.3235 9.79259 1.9
    endloop
  endfacet
  facet normal 0.382669 0.923885 0
    outer loop
      vertex -29.625 9.91747 1.9
      vertex -29.3235 9.79259 0
      vertex -29.625 9.91747 0
    endloop
  endfacet
  facet normal -0.991441 -0.130558 0
    outer loop
      vertex -27.75 11 0
      vertex -27.7926 11.3235 1.9
      vertex -27.7926 11.3235 0
    endloop
  endfacet
  facet normal -0.991441 -0.130558 0
    outer loop
      vertex -27.7926 11.3235 1.9
      vertex -27.75 11 0
      vertex -27.75 11 1.9
    endloop
  endfacet
  facet normal -0.608702 0.793399 0
    outer loop
      vertex -28.1161 10.1161 0
      vertex -28.375 9.91747 1.9
      vertex -28.1161 10.1161 1.9
    endloop
  endfacet
  facet normal -0.608702 0.793399 0
    outer loop
      vertex -28.375 9.91747 1.9
      vertex -28.1161 10.1161 0
      vertex -28.375 9.91747 0
    endloop
  endfacet
  facet normal -0.923864 0.382722 0
    outer loop
      vertex -27.9175 10.375 0
      vertex -27.7926 10.6765 1.9
      vertex -27.7926 10.6765 0
    endloop
  endfacet
  facet normal -0.923864 0.382722 0
    outer loop
      vertex -27.7926 10.6765 1.9
      vertex -27.9175 10.375 0
      vertex -27.9175 10.375 1.9
    endloop
  endfacet
  facet normal -0.991441 0.130558 0
    outer loop
      vertex -27.7926 10.6765 0
      vertex -27.75 11 1.9
      vertex -27.75 11 0
    endloop
  endfacet
  facet normal -0.991441 0.130558 0
    outer loop
      vertex -27.75 11 1.9
      vertex -27.7926 10.6765 0
      vertex -27.7926 10.6765 1.9
    endloop
  endfacet
  facet normal 0.608702 0.793399 -0
    outer loop
      vertex -29.625 9.91747 0
      vertex -29.8839 10.1161 1.9
      vertex -29.625 9.91747 1.9
    endloop
  endfacet
  facet normal 0.608702 0.793399 0
    outer loop
      vertex -29.8839 10.1161 1.9
      vertex -29.625 9.91747 0
      vertex -29.8839 10.1161 0
    endloop
  endfacet
  facet normal 0.923864 0.382722 0
    outer loop
      vertex -30.0825 10.375 1.9
      vertex -30.2074 10.6765 0
      vertex -30.2074 10.6765 1.9
    endloop
  endfacet
  facet normal 0.923864 0.382722 0
    outer loop
      vertex -30.2074 10.6765 0
      vertex -30.0825 10.375 1.9
      vertex -30.0825 10.375 0
    endloop
  endfacet
  facet normal 0.793444 -0.608644 0
    outer loop
      vertex -30.0825 11.625 1.9
      vertex -29.8839 11.8839 0
      vertex -29.8839 11.8839 1.9
    endloop
  endfacet
  facet normal 0.793444 -0.608644 0
    outer loop
      vertex -29.8839 11.8839 0
      vertex -30.0825 11.625 1.9
      vertex -30.0825 11.625 0
    endloop
  endfacet
  facet normal 0.793444 0.608644 0
    outer loop
      vertex -29.8839 10.1161 1.9
      vertex -30.0825 10.375 0
      vertex -30.0825 10.375 1.9
    endloop
  endfacet
  facet normal 0.793444 0.608644 0
    outer loop
      vertex -30.0825 10.375 0
      vertex -29.8839 10.1161 1.9
      vertex -29.8839 10.1161 0
    endloop
  endfacet
  facet normal -0.608644 -0.793444 0
    outer loop
      vertex -28.375 12.0825 0
      vertex -28.1161 11.8839 1.9
      vertex -28.375 12.0825 1.9
    endloop
  endfacet
  facet normal -0.608644 -0.793444 -0
    outer loop
      vertex -28.1161 11.8839 1.9
      vertex -28.375 12.0825 0
      vertex -28.1161 11.8839 0
    endloop
  endfacet
  facet normal 0.923864 -0.382722 0
    outer loop
      vertex -30.2074 11.3235 1.9
      vertex -30.0825 11.625 0
      vertex -30.0825 11.625 1.9
    endloop
  endfacet
  facet normal 0.923864 -0.382722 0
    outer loop
      vertex -30.0825 11.625 0
      vertex -30.2074 11.3235 1.9
      vertex -30.2074 11.3235 0
    endloop
  endfacet
  facet normal -0.382669 0.923885 0
    outer loop
      vertex -28.375 9.91747 0
      vertex -28.6765 9.79259 1.9
      vertex -28.375 9.91747 1.9
    endloop
  endfacet
  facet normal -0.382669 0.923885 0
    outer loop
      vertex -28.6765 9.79259 1.9
      vertex -28.375 9.91747 0
      vertex -28.6765 9.79259 0
    endloop
  endfacet
  facet normal -0.793444 0.608644 0
    outer loop
      vertex -28.1161 10.1161 0
      vertex -27.9175 10.375 1.9
      vertex -27.9175 10.375 0
    endloop
  endfacet
  facet normal -0.793444 0.608644 0
    outer loop
      vertex -27.9175 10.375 1.9
      vertex -28.1161 10.1161 0
      vertex -28.1161 10.1161 1.9
    endloop
  endfacet
  facet normal 0.991441 -0.130558 0
    outer loop
      vertex -30.25 11 1.9
      vertex -30.2074 11.3235 0
      vertex -30.2074 11.3235 1.9
    endloop
  endfacet
  facet normal 0.991441 -0.130558 0
    outer loop
      vertex -30.2074 11.3235 0
      vertex -30.25 11 1.9
      vertex -30.25 11 0
    endloop
  endfacet
  facet normal -0.130558 -0.991441 0
    outer loop
      vertex -29 12.25 0
      vertex -28.6765 12.2074 1.9
      vertex -29 12.25 1.9
    endloop
  endfacet
  facet normal -0.130558 -0.991441 -0
    outer loop
      vertex -28.6765 12.2074 1.9
      vertex -29 12.25 0
      vertex -28.6765 12.2074 0
    endloop
  endfacet
  facet normal -0.382722 -0.923864 0
    outer loop
      vertex -28.6765 12.2074 0
      vertex -28.375 12.0825 1.9
      vertex -28.6765 12.2074 1.9
    endloop
  endfacet
  facet normal -0.382722 -0.923864 -0
    outer loop
      vertex -28.375 12.0825 1.9
      vertex -28.6765 12.2074 0
      vertex -28.375 12.0825 0
    endloop
  endfacet
  facet normal 0.130558 -0.991441 0
    outer loop
      vertex -29.3235 12.2074 0
      vertex -29 12.25 1.9
      vertex -29.3235 12.2074 1.9
    endloop
  endfacet
  facet normal 0.130558 -0.991441 0
    outer loop
      vertex -29 12.25 1.9
      vertex -29.3235 12.2074 0
      vertex -29 12.25 0
    endloop
  endfacet
  facet normal 0.608644 -0.793444 0
    outer loop
      vertex -29.8839 11.8839 0
      vertex -29.625 12.0825 1.9
      vertex -29.8839 11.8839 1.9
    endloop
  endfacet
  facet normal 0.608644 -0.793444 0
    outer loop
      vertex -29.625 12.0825 1.9
      vertex -29.8839 11.8839 0
      vertex -29.625 12.0825 0
    endloop
  endfacet
  facet normal 0.991441 0.130558 0
    outer loop
      vertex -30.2074 10.6765 1.9
      vertex -30.25 11 0
      vertex -30.25 11 1.9
    endloop
  endfacet
  facet normal 0.991441 0.130558 0
    outer loop
      vertex -30.25 11 0
      vertex -30.2074 10.6765 1.9
      vertex -30.2074 10.6765 0
    endloop
  endfacet
  facet normal 0.382722 -0.923864 0
    outer loop
      vertex -29.625 12.0825 0
      vertex -29.3235 12.2074 1.9
      vertex -29.625 12.0825 1.9
    endloop
  endfacet
  facet normal 0.382722 -0.923864 0
    outer loop
      vertex -29.3235 12.2074 1.9
      vertex -29.625 12.0825 0
      vertex -29.3235 12.2074 0
    endloop
  endfacet
  facet normal 0.130527 0.991445 -0
    outer loop
      vertex -29 9.75 0
      vertex -29.3235 9.79259 1.9
      vertex -29 9.75 1.9
    endloop
  endfacet
  facet normal 0.130527 0.991445 0
    outer loop
      vertex -29.3235 9.79259 1.9
      vertex -29 9.75 0
      vertex -29.3235 9.79259 0
    endloop
  endfacet
  facet normal -0.793444 -0.608644 0
    outer loop
      vertex -27.9175 11.625 0
      vertex -28.1161 11.8839 1.9
      vertex -28.1161 11.8839 0
    endloop
  endfacet
  facet normal -0.793444 -0.608644 0
    outer loop
      vertex -28.1161 11.8839 1.9
      vertex -27.9175 11.625 0
      vertex -27.9175 11.625 1.9
    endloop
  endfacet
  facet normal -0.923864 -0.382722 0
    outer loop
      vertex 34.2074 -11.6765 0
      vertex 34.0825 -11.375 1.9
      vertex 34.0825 -11.375 0
    endloop
  endfacet
  facet normal -0.923864 -0.382722 0
    outer loop
      vertex 34.0825 -11.375 1.9
      vertex 34.2074 -11.6765 0
      vertex 34.2074 -11.6765 1.9
    endloop
  endfacet
  facet normal -0.991441 -0.130558 0
    outer loop
      vertex 34.25 -12 0
      vertex 34.2074 -11.6765 1.9
      vertex 34.2074 -11.6765 0
    endloop
  endfacet
  facet normal -0.991441 -0.130558 0
    outer loop
      vertex 34.2074 -11.6765 1.9
      vertex 34.25 -12 0
      vertex 34.25 -12 1.9
    endloop
  endfacet
  facet normal 0.793444 0.608644 0
    outer loop
      vertex 32.1161 -12.8839 1.9
      vertex 31.9175 -12.625 0
      vertex 31.9175 -12.625 1.9
    endloop
  endfacet
  facet normal 0.793444 0.608644 0
    outer loop
      vertex 31.9175 -12.625 0
      vertex 32.1161 -12.8839 1.9
      vertex 32.1161 -12.8839 0
    endloop
  endfacet
  facet normal -0.130558 -0.991441 0
    outer loop
      vertex 33 -10.75 0
      vertex 33.3235 -10.7926 1.9
      vertex 33 -10.75 1.9
    endloop
  endfacet
  facet normal -0.130558 -0.991441 -0
    outer loop
      vertex 33.3235 -10.7926 1.9
      vertex 33 -10.75 0
      vertex 33.3235 -10.7926 0
    endloop
  endfacet
  facet normal 0.991441 0.130558 0
    outer loop
      vertex 31.7926 -12.3235 1.9
      vertex 31.75 -12 0
      vertex 31.75 -12 1.9
    endloop
  endfacet
  facet normal 0.991441 0.130558 0
    outer loop
      vertex 31.75 -12 0
      vertex 31.7926 -12.3235 1.9
      vertex 31.7926 -12.3235 0
    endloop
  endfacet
  facet normal -0.382722 -0.923864 0
    outer loop
      vertex 33.3235 -10.7926 0
      vertex 33.625 -10.9175 1.9
      vertex 33.3235 -10.7926 1.9
    endloop
  endfacet
  facet normal -0.382722 -0.923864 -0
    outer loop
      vertex 33.625 -10.9175 1.9
      vertex 33.3235 -10.7926 0
      vertex 33.625 -10.9175 0
    endloop
  endfacet
  facet normal 0.923864 0.382722 0
    outer loop
      vertex 31.9175 -12.625 1.9
      vertex 31.7926 -12.3235 0
      vertex 31.7926 -12.3235 1.9
    endloop
  endfacet
  facet normal 0.923864 0.382722 0
    outer loop
      vertex 31.7926 -12.3235 0
      vertex 31.9175 -12.625 1.9
      vertex 31.9175 -12.625 0
    endloop
  endfacet
  facet normal 0.382722 0.923864 -0
    outer loop
      vertex 32.6765 -13.2074 0
      vertex 32.375 -13.0825 1.9
      vertex 32.6765 -13.2074 1.9
    endloop
  endfacet
  facet normal 0.382722 0.923864 0
    outer loop
      vertex 32.375 -13.0825 1.9
      vertex 32.6765 -13.2074 0
      vertex 32.375 -13.0825 0
    endloop
  endfacet
  facet normal -0.608644 0.793444 0
    outer loop
      vertex 33.8839 -12.8839 0
      vertex 33.625 -13.0825 1.9
      vertex 33.8839 -12.8839 1.9
    endloop
  endfacet
  facet normal -0.608644 0.793444 0
    outer loop
      vertex 33.625 -13.0825 1.9
      vertex 33.8839 -12.8839 0
      vertex 33.625 -13.0825 0
    endloop
  endfacet
  facet normal -0.382722 0.923864 0
    outer loop
      vertex 33.625 -13.0825 0
      vertex 33.3235 -13.2074 1.9
      vertex 33.625 -13.0825 1.9
    endloop
  endfacet
  facet normal -0.382722 0.923864 0
    outer loop
      vertex 33.3235 -13.2074 1.9
      vertex 33.625 -13.0825 0
      vertex 33.3235 -13.2074 0
    endloop
  endfacet
  facet normal 0.991441 -0.130558 0
    outer loop
      vertex 31.75 -12 1.9
      vertex 31.7926 -11.6765 0
      vertex 31.7926 -11.6765 1.9
    endloop
  endfacet
  facet normal 0.991441 -0.130558 0
    outer loop
      vertex 31.7926 -11.6765 0
      vertex 31.75 -12 1.9
      vertex 31.75 -12 0
    endloop
  endfacet
  facet normal 0.608644 0.793444 -0
    outer loop
      vertex 32.375 -13.0825 0
      vertex 32.1161 -12.8839 1.9
      vertex 32.375 -13.0825 1.9
    endloop
  endfacet
  facet normal 0.608644 0.793444 0
    outer loop
      vertex 32.1161 -12.8839 1.9
      vertex 32.375 -13.0825 0
      vertex 32.1161 -12.8839 0
    endloop
  endfacet
  facet normal -0.130558 0.991441 0
    outer loop
      vertex 33.3235 -13.2074 0
      vertex 33 -13.25 1.9
      vertex 33.3235 -13.2074 1.9
    endloop
  endfacet
  facet normal -0.130558 0.991441 0
    outer loop
      vertex 33 -13.25 1.9
      vertex 33.3235 -13.2074 0
      vertex 33 -13.25 0
    endloop
  endfacet
  facet normal -0.608644 -0.793444 0
    outer loop
      vertex 33.625 -10.9175 0
      vertex 33.8839 -11.1161 1.9
      vertex 33.625 -10.9175 1.9
    endloop
  endfacet
  facet normal -0.608644 -0.793444 -0
    outer loop
      vertex 33.8839 -11.1161 1.9
      vertex 33.625 -10.9175 0
      vertex 33.8839 -11.1161 0
    endloop
  endfacet
  facet normal -0.991441 0.130558 0
    outer loop
      vertex 34.2074 -12.3235 0
      vertex 34.25 -12 1.9
      vertex 34.25 -12 0
    endloop
  endfacet
  facet normal -0.991441 0.130558 0
    outer loop
      vertex 34.25 -12 1.9
      vertex 34.2074 -12.3235 0
      vertex 34.2074 -12.3235 1.9
    endloop
  endfacet
  facet normal 0.130558 0.991441 -0
    outer loop
      vertex 33 -13.25 0
      vertex 32.6765 -13.2074 1.9
      vertex 33 -13.25 1.9
    endloop
  endfacet
  facet normal 0.130558 0.991441 0
    outer loop
      vertex 32.6765 -13.2074 1.9
      vertex 33 -13.25 0
      vertex 32.6765 -13.2074 0
    endloop
  endfacet
  facet normal 0.130558 -0.991441 0
    outer loop
      vertex 32.6765 -10.7926 0
      vertex 33 -10.75 1.9
      vertex 32.6765 -10.7926 1.9
    endloop
  endfacet
  facet normal 0.130558 -0.991441 0
    outer loop
      vertex 33 -10.75 1.9
      vertex 32.6765 -10.7926 0
      vertex 33 -10.75 0
    endloop
  endfacet
  facet normal 0.608644 -0.793444 0
    outer loop
      vertex 32.1161 -11.1161 0
      vertex 32.375 -10.9175 1.9
      vertex 32.1161 -11.1161 1.9
    endloop
  endfacet
  facet normal 0.608644 -0.793444 0
    outer loop
      vertex 32.375 -10.9175 1.9
      vertex 32.1161 -11.1161 0
      vertex 32.375 -10.9175 0
    endloop
  endfacet
  facet normal -0.793444 0.608644 0
    outer loop
      vertex 33.8839 -12.8839 0
      vertex 34.0825 -12.625 1.9
      vertex 34.0825 -12.625 0
    endloop
  endfacet
  facet normal -0.793444 0.608644 0
    outer loop
      vertex 34.0825 -12.625 1.9
      vertex 33.8839 -12.8839 0
      vertex 33.8839 -12.8839 1.9
    endloop
  endfacet
  facet normal -0.923864 0.382722 0
    outer loop
      vertex 34.0825 -12.625 0
      vertex 34.2074 -12.3235 1.9
      vertex 34.2074 -12.3235 0
    endloop
  endfacet
  facet normal -0.923864 0.382722 0
    outer loop
      vertex 34.2074 -12.3235 1.9
      vertex 34.0825 -12.625 0
      vertex 34.0825 -12.625 1.9
    endloop
  endfacet
  facet normal 0.923864 -0.382722 0
    outer loop
      vertex 31.7926 -11.6765 1.9
      vertex 31.9175 -11.375 0
      vertex 31.9175 -11.375 1.9
    endloop
  endfacet
  facet normal 0.923864 -0.382722 0
    outer loop
      vertex 31.9175 -11.375 0
      vertex 31.7926 -11.6765 1.9
      vertex 31.7926 -11.6765 0
    endloop
  endfacet
  facet normal 0.382722 -0.923864 0
    outer loop
      vertex 32.375 -10.9175 0
      vertex 32.6765 -10.7926 1.9
      vertex 32.375 -10.9175 1.9
    endloop
  endfacet
  facet normal 0.382722 -0.923864 0
    outer loop
      vertex 32.6765 -10.7926 1.9
      vertex 32.375 -10.9175 0
      vertex 32.6765 -10.7926 0
    endloop
  endfacet
  facet normal 0.793444 -0.608644 0
    outer loop
      vertex 31.9175 -11.375 1.9
      vertex 32.1161 -11.1161 0
      vertex 32.1161 -11.1161 1.9
    endloop
  endfacet
  facet normal 0.793444 -0.608644 0
    outer loop
      vertex 32.1161 -11.1161 0
      vertex 31.9175 -11.375 1.9
      vertex 31.9175 -11.375 0
    endloop
  endfacet
  facet normal -0.793444 -0.608644 0
    outer loop
      vertex 34.0825 -11.375 0
      vertex 33.8839 -11.1161 1.9
      vertex 33.8839 -11.1161 0
    endloop
  endfacet
  facet normal -0.793444 -0.608644 0
    outer loop
      vertex 33.8839 -11.1161 1.9
      vertex 34.0825 -11.375 0
      vertex 34.0825 -11.375 1.9
    endloop
  endfacet
  facet normal -0.923864 -0.382722 0
    outer loop
      vertex 34.2074 12.3235 0
      vertex 34.0825 12.625 1.9
      vertex 34.0825 12.625 0
    endloop
  endfacet
  facet normal -0.923864 -0.382722 0
    outer loop
      vertex 34.0825 12.625 1.9
      vertex 34.2074 12.3235 0
      vertex 34.2074 12.3235 1.9
    endloop
  endfacet
  facet normal -0.991441 -0.130558 0
    outer loop
      vertex 34.25 12 0
      vertex 34.2074 12.3235 1.9
      vertex 34.2074 12.3235 0
    endloop
  endfacet
  facet normal -0.991441 -0.130558 0
    outer loop
      vertex 34.2074 12.3235 1.9
      vertex 34.25 12 0
      vertex 34.25 12 1.9
    endloop
  endfacet
  facet normal -0.923864 0.382722 0
    outer loop
      vertex 34.0825 11.375 0
      vertex 34.2074 11.6765 1.9
      vertex 34.2074 11.6765 0
    endloop
  endfacet
  facet normal -0.923864 0.382722 0
    outer loop
      vertex 34.2074 11.6765 1.9
      vertex 34.0825 11.375 0
      vertex 34.0825 11.375 1.9
    endloop
  endfacet
  facet normal 0.923864 0.382722 0
    outer loop
      vertex 31.9175 11.375 1.9
      vertex 31.7926 11.6765 0
      vertex 31.7926 11.6765 1.9
    endloop
  endfacet
  facet normal 0.923864 0.382722 0
    outer loop
      vertex 31.7926 11.6765 0
      vertex 31.9175 11.375 1.9
      vertex 31.9175 11.375 0
    endloop
  endfacet
  facet normal 0.608644 0.793444 -0
    outer loop
      vertex 32.375 10.9175 0
      vertex 32.1161 11.1161 1.9
      vertex 32.375 10.9175 1.9
    endloop
  endfacet
  facet normal 0.608644 0.793444 0
    outer loop
      vertex 32.1161 11.1161 1.9
      vertex 32.375 10.9175 0
      vertex 32.1161 11.1161 0
    endloop
  endfacet
  facet normal 0.793444 0.608644 0
    outer loop
      vertex 32.1161 11.1161 1.9
      vertex 31.9175 11.375 0
      vertex 31.9175 11.375 1.9
    endloop
  endfacet
  facet normal 0.793444 0.608644 0
    outer loop
      vertex 31.9175 11.375 0
      vertex 32.1161 11.1161 1.9
      vertex 32.1161 11.1161 0
    endloop
  endfacet
  facet normal -0.608644 0.793444 0
    outer loop
      vertex 33.8839 11.1161 0
      vertex 33.625 10.9175 1.9
      vertex 33.8839 11.1161 1.9
    endloop
  endfacet
  facet normal -0.608644 0.793444 0
    outer loop
      vertex 33.625 10.9175 1.9
      vertex 33.8839 11.1161 0
      vertex 33.625 10.9175 0
    endloop
  endfacet
  facet normal -0.130558 0.991441 0
    outer loop
      vertex 33.3235 10.7926 0
      vertex 33 10.75 1.9
      vertex 33.3235 10.7926 1.9
    endloop
  endfacet
  facet normal -0.130558 0.991441 0
    outer loop
      vertex 33 10.75 1.9
      vertex 33.3235 10.7926 0
      vertex 33 10.75 0
    endloop
  endfacet
  facet normal 0.991441 -0.130558 0
    outer loop
      vertex 31.75 12 1.9
      vertex 31.7926 12.3235 0
      vertex 31.7926 12.3235 1.9
    endloop
  endfacet
  facet normal 0.991441 -0.130558 0
    outer loop
      vertex 31.7926 12.3235 0
      vertex 31.75 12 1.9
      vertex 31.75 12 0
    endloop
  endfacet
  facet normal 0.382722 0.923864 -0
    outer loop
      vertex 32.6765 10.7926 0
      vertex 32.375 10.9175 1.9
      vertex 32.6765 10.7926 1.9
    endloop
  endfacet
  facet normal 0.382722 0.923864 0
    outer loop
      vertex 32.375 10.9175 1.9
      vertex 32.6765 10.7926 0
      vertex 32.375 10.9175 0
    endloop
  endfacet
  facet normal 0.923864 -0.382722 0
    outer loop
      vertex 31.7926 12.3235 1.9
      vertex 31.9175 12.625 0
      vertex 31.9175 12.625 1.9
    endloop
  endfacet
  facet normal 0.923864 -0.382722 0
    outer loop
      vertex 31.9175 12.625 0
      vertex 31.7926 12.3235 1.9
      vertex 31.7926 12.3235 0
    endloop
  endfacet
  facet normal -0.793444 0.608644 0
    outer loop
      vertex 33.8839 11.1161 0
      vertex 34.0825 11.375 1.9
      vertex 34.0825 11.375 0
    endloop
  endfacet
  facet normal -0.793444 0.608644 0
    outer loop
      vertex 34.0825 11.375 1.9
      vertex 33.8839 11.1161 0
      vertex 33.8839 11.1161 1.9
    endloop
  endfacet
  facet normal 0.793444 -0.608644 0
    outer loop
      vertex 31.9175 12.625 1.9
      vertex 32.1161 12.8839 0
      vertex 32.1161 12.8839 1.9
    endloop
  endfacet
  facet normal 0.793444 -0.608644 0
    outer loop
      vertex 32.1161 12.8839 0
      vertex 31.9175 12.625 1.9
      vertex 31.9175 12.625 0
    endloop
  endfacet
  facet normal -0.382722 0.923864 0
    outer loop
      vertex 33.625 10.9175 0
      vertex 33.3235 10.7926 1.9
      vertex 33.625 10.9175 1.9
    endloop
  endfacet
  facet normal -0.382722 0.923864 0
    outer loop
      vertex 33.3235 10.7926 1.9
      vertex 33.625 10.9175 0
      vertex 33.3235 10.7926 0
    endloop
  endfacet
  facet normal -0.382722 -0.923864 0
    outer loop
      vertex 33.3235 13.2074 0
      vertex 33.625 13.0825 1.9
      vertex 33.3235 13.2074 1.9
    endloop
  endfacet
  facet normal -0.382722 -0.923864 -0
    outer loop
      vertex 33.625 13.0825 1.9
      vertex 33.3235 13.2074 0
      vertex 33.625 13.0825 0
    endloop
  endfacet
  facet normal -0.130558 -0.991441 0
    outer loop
      vertex 33 13.25 0
      vertex 33.3235 13.2074 1.9
      vertex 33 13.25 1.9
    endloop
  endfacet
  facet normal -0.130558 -0.991441 -0
    outer loop
      vertex 33.3235 13.2074 1.9
      vertex 33 13.25 0
      vertex 33.3235 13.2074 0
    endloop
  endfacet
  facet normal -0.608644 -0.793444 0
    outer loop
      vertex 33.625 13.0825 0
      vertex 33.8839 12.8839 1.9
      vertex 33.625 13.0825 1.9
    endloop
  endfacet
  facet normal -0.608644 -0.793444 -0
    outer loop
      vertex 33.8839 12.8839 1.9
      vertex 33.625 13.0825 0
      vertex 33.8839 12.8839 0
    endloop
  endfacet
  facet normal -0.991441 0.130558 0
    outer loop
      vertex 34.2074 11.6765 0
      vertex 34.25 12 1.9
      vertex 34.25 12 0
    endloop
  endfacet
  facet normal -0.991441 0.130558 0
    outer loop
      vertex 34.25 12 1.9
      vertex 34.2074 11.6765 0
      vertex 34.2074 11.6765 1.9
    endloop
  endfacet
  facet normal 0.608644 -0.793444 0
    outer loop
      vertex 32.1161 12.8839 0
      vertex 32.375 13.0825 1.9
      vertex 32.1161 12.8839 1.9
    endloop
  endfacet
  facet normal 0.608644 -0.793444 0
    outer loop
      vertex 32.375 13.0825 1.9
      vertex 32.1161 12.8839 0
      vertex 32.375 13.0825 0
    endloop
  endfacet
  facet normal 0.130558 -0.991441 0
    outer loop
      vertex 32.6765 13.2074 0
      vertex 33 13.25 1.9
      vertex 32.6765 13.2074 1.9
    endloop
  endfacet
  facet normal 0.130558 -0.991441 0
    outer loop
      vertex 33 13.25 1.9
      vertex 32.6765 13.2074 0
      vertex 33 13.25 0
    endloop
  endfacet
  facet normal 0.991441 0.130558 0
    outer loop
      vertex 31.7926 11.6765 1.9
      vertex 31.75 12 0
      vertex 31.75 12 1.9
    endloop
  endfacet
  facet normal 0.991441 0.130558 0
    outer loop
      vertex 31.75 12 0
      vertex 31.7926 11.6765 1.9
      vertex 31.7926 11.6765 0
    endloop
  endfacet
  facet normal 0.382722 -0.923864 0
    outer loop
      vertex 32.375 13.0825 0
      vertex 32.6765 13.2074 1.9
      vertex 32.375 13.0825 1.9
    endloop
  endfacet
  facet normal 0.382722 -0.923864 0
    outer loop
      vertex 32.6765 13.2074 1.9
      vertex 32.375 13.0825 0
      vertex 32.6765 13.2074 0
    endloop
  endfacet
  facet normal 0.130558 0.991441 -0
    outer loop
      vertex 33 10.75 0
      vertex 32.6765 10.7926 1.9
      vertex 33 10.75 1.9
    endloop
  endfacet
  facet normal 0.130558 0.991441 0
    outer loop
      vertex 32.6765 10.7926 1.9
      vertex 33 10.75 0
      vertex 32.6765 10.7926 0
    endloop
  endfacet
  facet normal -0.793444 -0.608644 0
    outer loop
      vertex 34.0825 12.625 0
      vertex 33.8839 12.8839 1.9
      vertex 33.8839 12.8839 0
    endloop
  endfacet
  facet normal -0.793444 -0.608644 0
    outer loop
      vertex 33.8839 12.8839 1.9
      vertex 34.0825 12.625 0
      vertex 34.0825 12.625 1.9
    endloop
  endfacet
  facet normal -0.923864 -0.382722 0
    outer loop
      vertex 58.2074 -11.6765 0
      vertex 58.0825 -11.375 1.9
      vertex 58.0825 -11.375 0
    endloop
  endfacet
  facet normal -0.923864 -0.382722 0
    outer loop
      vertex 58.0825 -11.375 1.9
      vertex 58.2074 -11.6765 0
      vertex 58.2074 -11.6765 1.9
    endloop
  endfacet
  facet normal -0.991441 -0.130558 0
    outer loop
      vertex 58.25 -12 0
      vertex 58.2074 -11.6765 1.9
      vertex 58.2074 -11.6765 0
    endloop
  endfacet
  facet normal -0.991441 -0.130558 0
    outer loop
      vertex 58.2074 -11.6765 1.9
      vertex 58.25 -12 0
      vertex 58.25 -12 1.9
    endloop
  endfacet
  facet normal 0.793444 0.608644 0
    outer loop
      vertex 56.1161 -12.8839 1.9
      vertex 55.9175 -12.625 0
      vertex 55.9175 -12.625 1.9
    endloop
  endfacet
  facet normal 0.793444 0.608644 0
    outer loop
      vertex 55.9175 -12.625 0
      vertex 56.1161 -12.8839 1.9
      vertex 56.1161 -12.8839 0
    endloop
  endfacet
  facet normal -0.130558 -0.991441 0
    outer loop
      vertex 57 -10.75 0
      vertex 57.3235 -10.7926 1.9
      vertex 57 -10.75 1.9
    endloop
  endfacet
  facet normal -0.130558 -0.991441 -0
    outer loop
      vertex 57.3235 -10.7926 1.9
      vertex 57 -10.75 0
      vertex 57.3235 -10.7926 0
    endloop
  endfacet
  facet normal 0.991441 0.130558 0
    outer loop
      vertex 55.7926 -12.3235 1.9
      vertex 55.75 -12 0
      vertex 55.75 -12 1.9
    endloop
  endfacet
  facet normal 0.991441 0.130558 0
    outer loop
      vertex 55.75 -12 0
      vertex 55.7926 -12.3235 1.9
      vertex 55.7926 -12.3235 0
    endloop
  endfacet
  facet normal 0.923864 0.382722 0
    outer loop
      vertex 55.9175 -12.625 1.9
      vertex 55.7926 -12.3235 0
      vertex 55.7926 -12.3235 1.9
    endloop
  endfacet
  facet normal 0.923864 0.382722 0
    outer loop
      vertex 55.7926 -12.3235 0
      vertex 55.9175 -12.625 1.9
      vertex 55.9175 -12.625 0
    endloop
  endfacet
  facet normal 0.382722 0.923864 -0
    outer loop
      vertex 56.6765 -13.2074 0
      vertex 56.375 -13.0825 1.9
      vertex 56.6765 -13.2074 1.9
    endloop
  endfacet
  facet normal 0.382722 0.923864 0
    outer loop
      vertex 56.375 -13.0825 1.9
      vertex 56.6765 -13.2074 0
      vertex 56.375 -13.0825 0
    endloop
  endfacet
  facet normal -0.608644 0.793444 0
    outer loop
      vertex 57.8839 -12.8839 0
      vertex 57.625 -13.0825 1.9
      vertex 57.8839 -12.8839 1.9
    endloop
  endfacet
  facet normal -0.608644 0.793444 0
    outer loop
      vertex 57.625 -13.0825 1.9
      vertex 57.8839 -12.8839 0
      vertex 57.625 -13.0825 0
    endloop
  endfacet
  facet normal -0.382722 0.923864 0
    outer loop
      vertex 57.625 -13.0825 0
      vertex 57.3235 -13.2074 1.9
      vertex 57.625 -13.0825 1.9
    endloop
  endfacet
  facet normal -0.382722 0.923864 0
    outer loop
      vertex 57.3235 -13.2074 1.9
      vertex 57.625 -13.0825 0
      vertex 57.3235 -13.2074 0
    endloop
  endfacet
  facet normal 0.991441 -0.130558 0
    outer loop
      vertex 55.75 -12 1.9
      vertex 55.7926 -11.6765 0
      vertex 55.7926 -11.6765 1.9
    endloop
  endfacet
  facet normal 0.991441 -0.130558 0
    outer loop
      vertex 55.7926 -11.6765 0
      vertex 55.75 -12 1.9
      vertex 55.75 -12 0
    endloop
  endfacet
  facet normal 0.608644 0.793444 -0
    outer loop
      vertex 56.375 -13.0825 0
      vertex 56.1161 -12.8839 1.9
      vertex 56.375 -13.0825 1.9
    endloop
  endfacet
  facet normal 0.608644 0.793444 0
    outer loop
      vertex 56.1161 -12.8839 1.9
      vertex 56.375 -13.0825 0
      vertex 56.1161 -12.8839 0
    endloop
  endfacet
  facet normal -0.130558 0.991441 0
    outer loop
      vertex 57.3235 -13.2074 0
      vertex 57 -13.25 1.9
      vertex 57.3235 -13.2074 1.9
    endloop
  endfacet
  facet normal -0.130558 0.991441 0
    outer loop
      vertex 57 -13.25 1.9
      vertex 57.3235 -13.2074 0
      vertex 57 -13.25 0
    endloop
  endfacet
  facet normal -0.608644 -0.793444 0
    outer loop
      vertex 57.625 -10.9175 0
      vertex 57.8839 -11.1161 1.9
      vertex 57.625 -10.9175 1.9
    endloop
  endfacet
  facet normal -0.608644 -0.793444 -0
    outer loop
      vertex 57.8839 -11.1161 1.9
      vertex 57.625 -10.9175 0
      vertex 57.8839 -11.1161 0
    endloop
  endfacet
  facet normal -0.991441 0.130558 0
    outer loop
      vertex 58.2074 -12.3235 0
      vertex 58.25 -12 1.9
      vertex 58.25 -12 0
    endloop
  endfacet
  facet normal -0.991441 0.130558 0
    outer loop
      vertex 58.25 -12 1.9
      vertex 58.2074 -12.3235 0
      vertex 58.2074 -12.3235 1.9
    endloop
  endfacet
  facet normal 0.130558 0.991441 -0
    outer loop
      vertex 57 -13.25 0
      vertex 56.6765 -13.2074 1.9
      vertex 57 -13.25 1.9
    endloop
  endfacet
  facet normal 0.130558 0.991441 0
    outer loop
      vertex 56.6765 -13.2074 1.9
      vertex 57 -13.25 0
      vertex 56.6765 -13.2074 0
    endloop
  endfacet
  facet normal 0.130558 -0.991441 0
    outer loop
      vertex 56.6765 -10.7926 0
      vertex 57 -10.75 1.9
      vertex 56.6765 -10.7926 1.9
    endloop
  endfacet
  facet normal 0.130558 -0.991441 0
    outer loop
      vertex 57 -10.75 1.9
      vertex 56.6765 -10.7926 0
      vertex 57 -10.75 0
    endloop
  endfacet
  facet normal 0.608644 -0.793444 0
    outer loop
      vertex 56.1161 -11.1161 0
      vertex 56.375 -10.9175 1.9
      vertex 56.1161 -11.1161 1.9
    endloop
  endfacet
  facet normal 0.608644 -0.793444 0
    outer loop
      vertex 56.375 -10.9175 1.9
      vertex 56.1161 -11.1161 0
      vertex 56.375 -10.9175 0
    endloop
  endfacet
  facet normal -0.793444 0.608644 0
    outer loop
      vertex 57.8839 -12.8839 0
      vertex 58.0825 -12.625 1.9
      vertex 58.0825 -12.625 0
    endloop
  endfacet
  facet normal -0.793444 0.608644 0
    outer loop
      vertex 58.0825 -12.625 1.9
      vertex 57.8839 -12.8839 0
      vertex 57.8839 -12.8839 1.9
    endloop
  endfacet
  facet normal -0.923864 0.382722 0
    outer loop
      vertex 58.0825 -12.625 0
      vertex 58.2074 -12.3235 1.9
      vertex 58.2074 -12.3235 0
    endloop
  endfacet
  facet normal -0.923864 0.382722 0
    outer loop
      vertex 58.2074 -12.3235 1.9
      vertex 58.0825 -12.625 0
      vertex 58.0825 -12.625 1.9
    endloop
  endfacet
  facet normal 0.923864 -0.382722 0
    outer loop
      vertex 55.7926 -11.6765 1.9
      vertex 55.9175 -11.375 0
      vertex 55.9175 -11.375 1.9
    endloop
  endfacet
  facet normal 0.923864 -0.382722 0
    outer loop
      vertex 55.9175 -11.375 0
      vertex 55.7926 -11.6765 1.9
      vertex 55.7926 -11.6765 0
    endloop
  endfacet
  facet normal -0.382722 -0.923864 0
    outer loop
      vertex 57.3235 -10.7926 0
      vertex 57.625 -10.9175 1.9
      vertex 57.3235 -10.7926 1.9
    endloop
  endfacet
  facet normal -0.382722 -0.923864 -0
    outer loop
      vertex 57.625 -10.9175 1.9
      vertex 57.3235 -10.7926 0
      vertex 57.625 -10.9175 0
    endloop
  endfacet
  facet normal 0.382722 -0.923864 0
    outer loop
      vertex 56.375 -10.9175 0
      vertex 56.6765 -10.7926 1.9
      vertex 56.375 -10.9175 1.9
    endloop
  endfacet
  facet normal 0.382722 -0.923864 0
    outer loop
      vertex 56.6765 -10.7926 1.9
      vertex 56.375 -10.9175 0
      vertex 56.6765 -10.7926 0
    endloop
  endfacet
  facet normal 0.793444 -0.608644 0
    outer loop
      vertex 55.9175 -11.375 1.9
      vertex 56.1161 -11.1161 0
      vertex 56.1161 -11.1161 1.9
    endloop
  endfacet
  facet normal 0.793444 -0.608644 0
    outer loop
      vertex 56.1161 -11.1161 0
      vertex 55.9175 -11.375 1.9
      vertex 55.9175 -11.375 0
    endloop
  endfacet
  facet normal -0.793444 -0.608644 0
    outer loop
      vertex 58.0825 -11.375 0
      vertex 57.8839 -11.1161 1.9
      vertex 57.8839 -11.1161 0
    endloop
  endfacet
  facet normal -0.793444 -0.608644 0
    outer loop
      vertex 57.8839 -11.1161 1.9
      vertex 58.0825 -11.375 0
      vertex 58.0825 -11.375 1.9
    endloop
  endfacet
  facet normal -0.923864 -0.382722 0
    outer loop
      vertex 58.2074 12.3235 0
      vertex 58.0825 12.625 1.9
      vertex 58.0825 12.625 0
    endloop
  endfacet
  facet normal -0.923864 -0.382722 0
    outer loop
      vertex 58.0825 12.625 1.9
      vertex 58.2074 12.3235 0
      vertex 58.2074 12.3235 1.9
    endloop
  endfacet
  facet normal -0.991441 -0.130558 0
    outer loop
      vertex 58.25 12 0
      vertex 58.2074 12.3235 1.9
      vertex 58.2074 12.3235 0
    endloop
  endfacet
  facet normal -0.991441 -0.130558 0
    outer loop
      vertex 58.2074 12.3235 1.9
      vertex 58.25 12 0
      vertex 58.25 12 1.9
    endloop
  endfacet
  facet normal -0.923864 0.382722 0
    outer loop
      vertex 58.0825 11.375 0
      vertex 58.2074 11.6765 1.9
      vertex 58.2074 11.6765 0
    endloop
  endfacet
  facet normal -0.923864 0.382722 0
    outer loop
      vertex 58.2074 11.6765 1.9
      vertex 58.0825 11.375 0
      vertex 58.0825 11.375 1.9
    endloop
  endfacet
  facet normal 0.923864 0.382722 0
    outer loop
      vertex 55.9175 11.375 1.9
      vertex 55.7926 11.6765 0
      vertex 55.7926 11.6765 1.9
    endloop
  endfacet
  facet normal 0.923864 0.382722 0
    outer loop
      vertex 55.7926 11.6765 0
      vertex 55.9175 11.375 1.9
      vertex 55.9175 11.375 0
    endloop
  endfacet
  facet normal 0.608644 0.793444 -0
    outer loop
      vertex 56.375 10.9175 0
      vertex 56.1161 11.1161 1.9
      vertex 56.375 10.9175 1.9
    endloop
  endfacet
  facet normal 0.608644 0.793444 0
    outer loop
      vertex 56.1161 11.1161 1.9
      vertex 56.375 10.9175 0
      vertex 56.1161 11.1161 0
    endloop
  endfacet
  facet normal 0.793444 0.608644 0
    outer loop
      vertex 56.1161 11.1161 1.9
      vertex 55.9175 11.375 0
      vertex 55.9175 11.375 1.9
    endloop
  endfacet
  facet normal 0.793444 0.608644 0
    outer loop
      vertex 55.9175 11.375 0
      vertex 56.1161 11.1161 1.9
      vertex 56.1161 11.1161 0
    endloop
  endfacet
  facet normal -0.608644 0.793444 0
    outer loop
      vertex 57.8839 11.1161 0
      vertex 57.625 10.9175 1.9
      vertex 57.8839 11.1161 1.9
    endloop
  endfacet
  facet normal -0.608644 0.793444 0
    outer loop
      vertex 57.625 10.9175 1.9
      vertex 57.8839 11.1161 0
      vertex 57.625 10.9175 0
    endloop
  endfacet
  facet normal -0.130558 0.991441 0
    outer loop
      vertex 57.3235 10.7926 0
      vertex 57 10.75 1.9
      vertex 57.3235 10.7926 1.9
    endloop
  endfacet
  facet normal -0.130558 0.991441 0
    outer loop
      vertex 57 10.75 1.9
      vertex 57.3235 10.7926 0
      vertex 57 10.75 0
    endloop
  endfacet
  facet normal 0.991441 -0.130558 0
    outer loop
      vertex 55.75 12 1.9
      vertex 55.7926 12.3235 0
      vertex 55.7926 12.3235 1.9
    endloop
  endfacet
  facet normal 0.991441 -0.130558 0
    outer loop
      vertex 55.7926 12.3235 0
      vertex 55.75 12 1.9
      vertex 55.75 12 0
    endloop
  endfacet
  facet normal 0.382722 0.923864 -0
    outer loop
      vertex 56.6765 10.7926 0
      vertex 56.375 10.9175 1.9
      vertex 56.6765 10.7926 1.9
    endloop
  endfacet
  facet normal 0.382722 0.923864 0
    outer loop
      vertex 56.375 10.9175 1.9
      vertex 56.6765 10.7926 0
      vertex 56.375 10.9175 0
    endloop
  endfacet
  facet normal 0.923864 -0.382722 0
    outer loop
      vertex 55.7926 12.3235 1.9
      vertex 55.9175 12.625 0
      vertex 55.9175 12.625 1.9
    endloop
  endfacet
  facet normal 0.923864 -0.382722 0
    outer loop
      vertex 55.9175 12.625 0
      vertex 55.7926 12.3235 1.9
      vertex 55.7926 12.3235 0
    endloop
  endfacet
  facet normal -0.793444 0.608644 0
    outer loop
      vertex 57.8839 11.1161 0
      vertex 58.0825 11.375 1.9
      vertex 58.0825 11.375 0
    endloop
  endfacet
  facet normal -0.793444 0.608644 0
    outer loop
      vertex 58.0825 11.375 1.9
      vertex 57.8839 11.1161 0
      vertex 57.8839 11.1161 1.9
    endloop
  endfacet
  facet normal 0.793444 -0.608644 0
    outer loop
      vertex 55.9175 12.625 1.9
      vertex 56.1161 12.8839 0
      vertex 56.1161 12.8839 1.9
    endloop
  endfacet
  facet normal 0.793444 -0.608644 0
    outer loop
      vertex 56.1161 12.8839 0
      vertex 55.9175 12.625 1.9
      vertex 55.9175 12.625 0
    endloop
  endfacet
  facet normal -0.382722 0.923864 0
    outer loop
      vertex 57.625 10.9175 0
      vertex 57.3235 10.7926 1.9
      vertex 57.625 10.9175 1.9
    endloop
  endfacet
  facet normal -0.382722 0.923864 0
    outer loop
      vertex 57.3235 10.7926 1.9
      vertex 57.625 10.9175 0
      vertex 57.3235 10.7926 0
    endloop
  endfacet
  facet normal -0.382722 -0.923864 0
    outer loop
      vertex 57.3235 13.2074 0
      vertex 57.625 13.0825 1.9
      vertex 57.3235 13.2074 1.9
    endloop
  endfacet
  facet normal -0.382722 -0.923864 -0
    outer loop
      vertex 57.625 13.0825 1.9
      vertex 57.3235 13.2074 0
      vertex 57.625 13.0825 0
    endloop
  endfacet
  facet normal -0.130558 -0.991441 0
    outer loop
      vertex 57 13.25 0
      vertex 57.3235 13.2074 1.9
      vertex 57 13.25 1.9
    endloop
  endfacet
  facet normal -0.130558 -0.991441 -0
    outer loop
      vertex 57.3235 13.2074 1.9
      vertex 57 13.25 0
      vertex 57.3235 13.2074 0
    endloop
  endfacet
  facet normal -0.608644 -0.793444 0
    outer loop
      vertex 57.625 13.0825 0
      vertex 57.8839 12.8839 1.9
      vertex 57.625 13.0825 1.9
    endloop
  endfacet
  facet normal -0.608644 -0.793444 -0
    outer loop
      vertex 57.8839 12.8839 1.9
      vertex 57.625 13.0825 0
      vertex 57.8839 12.8839 0
    endloop
  endfacet
  facet normal -0.991441 0.130558 0
    outer loop
      vertex 58.2074 11.6765 0
      vertex 58.25 12 1.9
      vertex 58.25 12 0
    endloop
  endfacet
  facet normal -0.991441 0.130558 0
    outer loop
      vertex 58.25 12 1.9
      vertex 58.2074 11.6765 0
      vertex 58.2074 11.6765 1.9
    endloop
  endfacet
  facet normal 0.608644 -0.793444 0
    outer loop
      vertex 56.1161 12.8839 0
      vertex 56.375 13.0825 1.9
      vertex 56.1161 12.8839 1.9
    endloop
  endfacet
  facet normal 0.608644 -0.793444 0
    outer loop
      vertex 56.375 13.0825 1.9
      vertex 56.1161 12.8839 0
      vertex 56.375 13.0825 0
    endloop
  endfacet
  facet normal 0.130558 -0.991441 0
    outer loop
      vertex 56.6765 13.2074 0
      vertex 57 13.25 1.9
      vertex 56.6765 13.2074 1.9
    endloop
  endfacet
  facet normal 0.130558 -0.991441 0
    outer loop
      vertex 57 13.25 1.9
      vertex 56.6765 13.2074 0
      vertex 57 13.25 0
    endloop
  endfacet
  facet normal 0.991441 0.130558 0
    outer loop
      vertex 55.7926 11.6765 1.9
      vertex 55.75 12 0
      vertex 55.75 12 1.9
    endloop
  endfacet
  facet normal 0.991441 0.130558 0
    outer loop
      vertex 55.75 12 0
      vertex 55.7926 11.6765 1.9
      vertex 55.7926 11.6765 0
    endloop
  endfacet
  facet normal 0.382722 -0.923864 0
    outer loop
      vertex 56.375 13.0825 0
      vertex 56.6765 13.2074 1.9
      vertex 56.375 13.0825 1.9
    endloop
  endfacet
  facet normal 0.382722 -0.923864 0
    outer loop
      vertex 56.6765 13.2074 1.9
      vertex 56.375 13.0825 0
      vertex 56.6765 13.2074 0
    endloop
  endfacet
  facet normal 0.130558 0.991441 -0
    outer loop
      vertex 57 10.75 0
      vertex 56.6765 10.7926 1.9
      vertex 57 10.75 1.9
    endloop
  endfacet
  facet normal 0.130558 0.991441 0
    outer loop
      vertex 56.6765 10.7926 1.9
      vertex 57 10.75 0
      vertex 56.6765 10.7926 0
    endloop
  endfacet
  facet normal -0.793444 -0.608644 0
    outer loop
      vertex 58.0825 12.625 0
      vertex 57.8839 12.8839 1.9
      vertex 57.8839 12.8839 0
    endloop
  endfacet
  facet normal -0.793444 -0.608644 0
    outer loop
      vertex 57.8839 12.8839 1.9
      vertex 58.0825 12.625 0
      vertex 58.0825 12.625 1.9
    endloop
  endfacet
  facet normal -0.0394597 0.999221 0
    outer loop
      vertex -14.9215 34.5031 0
      vertex -15 34.5 1.9
      vertex -14.9215 34.5031 1.9
    endloop
  endfacet
  facet normal -0.0394597 0.999221 0
    outer loop
      vertex -15 34.5 1.9
      vertex -14.9215 34.5031 0
      vertex -15 34.5 0
    endloop
  endfacet
  facet normal 0.980825 -0.194891 0
    outer loop
      vertex -17.9877 40.6564 1.9
      vertex -17.9724 40.7334 0
      vertex -17.9724 40.7334 1.9
    endloop
  endfacet
  facet normal 0.980825 -0.194891 0
    outer loop
      vertex -17.9724 40.7334 0
      vertex -17.9877 40.6564 1.9
      vertex -17.9877 40.6564 0
    endloop
  endfacet
  facet normal -0.831658 -0.555288 0
    outer loop
      vertex -14.1474 41.0225 0
      vertex -14.191 41.0878 1.9
      vertex -14.191 41.0878 0
    endloop
  endfacet
  facet normal -0.831658 -0.555288 0
    outer loop
      vertex -14.191 41.0878 1.9
      vertex -14.1474 41.0225 0
      vertex -14.1474 41.0225 1.9
    endloop
  endfacet
  facet normal 0.117285 0.993098 -0
    outer loop
      vertex -17.0785 34.5031 0
      vertex -17.1564 34.5123 1.9
      vertex -17.0785 34.5031 1.9
    endloop
  endfacet
  facet normal 0.117285 0.993098 0
    outer loop
      vertex -17.1564 34.5123 1.9
      vertex -17.0785 34.5031 0
      vertex -17.1564 34.5123 0
    endloop
  endfacet
  facet normal 0.488991 -0.872289 0
    outer loop
      vertex -17.5225 41.3526 0
      vertex -17.454 41.391 1.9
      vertex -17.5225 41.3526 1.9
    endloop
  endfacet
  facet normal 0.488991 -0.872289 0
    outer loop
      vertex -17.454 41.391 1.9
      vertex -17.5225 41.3526 0
      vertex -17.454 41.391 0
    endloop
  endfacet
  facet normal 0.345115 0.93856 -0
    outer loop
      vertex -17.309 34.549 0
      vertex -17.3827 34.5761 1.9
      vertex -17.309 34.549 1.9
    endloop
  endfacet
  facet normal 0.345115 0.93856 0
    outer loop
      vertex -17.3827 34.5761 1.9
      vertex -17.309 34.549 0
      vertex -17.3827 34.5761 0
    endloop
  endfacet
  facet normal 0.999221 0.0394597 0
    outer loop
      vertex -17.9969 35.4215 1.9
      vertex -18 35.5 0
      vertex -18 35.5 1.9
    endloop
  endfacet
  facet normal 0.999221 0.0394597 0
    outer loop
      vertex -18 35.5 0
      vertex -17.9969 35.4215 1.9
      vertex -17.9969 35.4215 0
    endloop
  endfacet
  facet normal -0.93856 0.345115 0
    outer loop
      vertex -14.0761 35.1173 0
      vertex -14.049 35.191 1.9
      vertex -14.049 35.191 0
    endloop
  endfacet
  facet normal -0.93856 0.345115 0
    outer loop
      vertex -14.049 35.191 1.9
      vertex -14.0761 35.1173 0
      vertex -14.0761 35.1173 1.9
    endloop
  endfacet
  facet normal -0.345115 0.93856 0
    outer loop
      vertex -14.6173 34.5761 0
      vertex -14.691 34.549 1.9
      vertex -14.6173 34.5761 1.9
    endloop
  endfacet
  facet normal -0.345115 0.93856 0
    outer loop
      vertex -14.691 34.549 1.9
      vertex -14.6173 34.5761 0
      vertex -14.691 34.549 0
    endloop
  endfacet
  facet normal 0.93856 -0.345115 0
    outer loop
      vertex -17.951 40.809 1.9
      vertex -17.9239 40.8827 0
      vertex -17.9239 40.8827 1.9
    endloop
  endfacet
  facet normal 0.93856 -0.345115 0
    outer loop
      vertex -17.9239 40.8827 0
      vertex -17.951 40.809 1.9
      vertex -17.951 40.809 0
    endloop
  endfacet
  facet normal -0.980825 0.194891 0
    outer loop
      vertex -14.0276 35.2666 0
      vertex -14.0123 35.3436 1.9
      vertex -14.0123 35.3436 0
    endloop
  endfacet
  facet normal -0.980825 0.194891 0
    outer loop
      vertex -14.0123 35.3436 1.9
      vertex -14.0276 35.2666 0
      vertex -14.0276 35.2666 1.9
    endloop
  endfacet
  facet normal 0.0394597 0.999221 -0
    outer loop
      vertex -17 34.5 0
      vertex -17.0785 34.5031 1.9
      vertex -17 34.5 1.9
    endloop
  endfacet
  facet normal 0.0394597 0.999221 0
    outer loop
      vertex -17.0785 34.5031 1.9
      vertex -17 34.5 0
      vertex -17.0785 34.5031 0
    endloop
  endfacet
  facet normal 0.0394597 -0.999221 0
    outer loop
      vertex -17.0785 41.4969 0
      vertex -17 41.5 1.9
      vertex -17.0785 41.4969 1.9
    endloop
  endfacet
  facet normal 0.0394597 -0.999221 0
    outer loop
      vertex -17 41.5 1.9
      vertex -17.0785 41.4969 0
      vertex -17 41.5 0
    endloop
  endfacet
  facet normal 0.619396 -0.785078 0
    outer loop
      vertex -17.6494 41.2604 0
      vertex -17.5878 41.309 1.9
      vertex -17.6494 41.2604 1.9
    endloop
  endfacet
  facet normal 0.619396 -0.785078 0
    outer loop
      vertex -17.5878 41.309 1.9
      vertex -17.6494 41.2604 0
      vertex -17.5878 41.309 0
    endloop
  endfacet
  facet normal 0.272367 0.962193 -0
    outer loop
      vertex -17.2334 34.5276 0
      vertex -17.309 34.549 1.9
      vertex -17.2334 34.5276 1.9
    endloop
  endfacet
  facet normal 0.272367 0.962193 0
    outer loop
      vertex -17.309 34.549 1.9
      vertex -17.2334 34.5276 0
      vertex -17.309 34.549 0
    endloop
  endfacet
  facet normal 0.194891 0.980825 -0
    outer loop
      vertex -17.1564 34.5123 0
      vertex -17.2334 34.5276 1.9
      vertex -17.1564 34.5123 1.9
    endloop
  endfacet
  facet normal 0.194891 0.980825 0
    outer loop
      vertex -17.2334 34.5276 1.9
      vertex -17.1564 34.5123 0
      vertex -17.2334 34.5276 0
    endloop
  endfacet
  facet normal -0.734559 -0.678544 0
    outer loop
      vertex -14.2396 41.1494 0
      vertex -14.2929 41.2071 1.9
      vertex -14.2929 41.2071 0
    endloop
  endfacet
  facet normal -0.734559 -0.678544 0
    outer loop
      vertex -14.2929 41.2071 1.9
      vertex -14.2396 41.1494 0
      vertex -14.2396 41.1494 1.9
    endloop
  endfacet
  facet normal 0.962193 0.272367 0
    outer loop
      vertex -17.951 35.191 1.9
      vertex -17.9724 35.2666 0
      vertex -17.9724 35.2666 1.9
    endloop
  endfacet
  facet normal 0.962193 0.272367 0
    outer loop
      vertex -17.9724 35.2666 0
      vertex -17.951 35.191 1.9
      vertex -17.951 35.191 0
    endloop
  endfacet
  facet normal 0 1 -0
    outer loop
      vertex -15 34.5 0
      vertex -17 34.5 1.9
      vertex -15 34.5 1.9
    endloop
  endfacet
  facet normal 0 1 0
    outer loop
      vertex -17 34.5 1.9
      vertex -15 34.5 0
      vertex -17 34.5 0
    endloop
  endfacet
  facet normal 0.993098 -0.117285 0
    outer loop
      vertex -17.9969 40.5785 1.9
      vertex -17.9877 40.6564 0
      vertex -17.9877 40.6564 1.9
    endloop
  endfacet
  facet normal 0.993098 -0.117285 0
    outer loop
      vertex -17.9877 40.6564 0
      vertex -17.9969 40.5785 1.9
      vertex -17.9969 40.5785 0
    endloop
  endfacet
  facet normal -0.555288 -0.831658 0
    outer loop
      vertex -14.4775 41.3526 0
      vertex -14.4122 41.309 1.9
      vertex -14.4775 41.3526 1.9
    endloop
  endfacet
  facet normal -0.555288 -0.831658 -0
    outer loop
      vertex -14.4122 41.309 1.9
      vertex -14.4775 41.3526 0
      vertex -14.4122 41.309 0
    endloop
  endfacet
  facet normal -0.993098 0.117285 0
    outer loop
      vertex -14.0123 35.3436 0
      vertex -14.0031 35.4215 1.9
      vertex -14.0031 35.4215 0
    endloop
  endfacet
  facet normal -0.993098 0.117285 0
    outer loop
      vertex -14.0031 35.4215 1.9
      vertex -14.0123 35.3436 0
      vertex -14.0123 35.3436 1.9
    endloop
  endfacet
  facet normal 0.678544 0.734559 -0
    outer loop
      vertex -17.6494 34.7396 0
      vertex -17.7071 34.7929 1.9
      vertex -17.6494 34.7396 1.9
    endloop
  endfacet
  facet normal 0.678544 0.734559 0
    outer loop
      vertex -17.7071 34.7929 1.9
      vertex -17.6494 34.7396 0
      vertex -17.7071 34.7929 0
    endloop
  endfacet
  facet normal 0.962193 -0.272367 0
    outer loop
      vertex -17.9724 40.7334 1.9
      vertex -17.951 40.809 0
      vertex -17.951 40.809 1.9
    endloop
  endfacet
  facet normal 0.962193 -0.272367 0
    outer loop
      vertex -17.951 40.809 0
      vertex -17.9724 40.7334 1.9
      vertex -17.9724 40.7334 0
    endloop
  endfacet
  facet normal 0.555288 0.831658 -0
    outer loop
      vertex -17.5225 34.6474 0
      vertex -17.5878 34.691 1.9
      vertex -17.5225 34.6474 1.9
    endloop
  endfacet
  facet normal 0.555288 0.831658 0
    outer loop
      vertex -17.5878 34.691 1.9
      vertex -17.5225 34.6474 0
      vertex -17.5878 34.691 0
    endloop
  endfacet
  facet normal 0.907997 -0.418977 0
    outer loop
      vertex -17.9239 40.8827 1.9
      vertex -17.891 40.954 0
      vertex -17.891 40.954 1.9
    endloop
  endfacet
  facet normal 0.907997 -0.418977 0
    outer loop
      vertex -17.891 40.954 0
      vertex -17.9239 40.8827 1.9
      vertex -17.9239 40.8827 0
    endloop
  endfacet
  facet normal -0.734559 0.678544 0
    outer loop
      vertex -14.2929 34.7929 0
      vertex -14.2396 34.8506 1.9
      vertex -14.2396 34.8506 0
    endloop
  endfacet
  facet normal -0.734559 0.678544 0
    outer loop
      vertex -14.2396 34.8506 1.9
      vertex -14.2929 34.7929 0
      vertex -14.2929 34.7929 1.9
    endloop
  endfacet
  facet normal -0.619396 -0.785078 0
    outer loop
      vertex -14.4122 41.309 0
      vertex -14.3506 41.2604 1.9
      vertex -14.4122 41.309 1.9
    endloop
  endfacet
  facet normal -0.619396 -0.785078 -0
    outer loop
      vertex -14.3506 41.2604 1.9
      vertex -14.4122 41.309 0
      vertex -14.3506 41.2604 0
    endloop
  endfacet
  facet normal 0.117285 -0.993098 0
    outer loop
      vertex -17.1564 41.4877 0
      vertex -17.0785 41.4969 1.9
      vertex -17.1564 41.4877 1.9
    endloop
  endfacet
  facet normal 0.117285 -0.993098 0
    outer loop
      vertex -17.0785 41.4969 1.9
      vertex -17.1564 41.4877 0
      vertex -17.0785 41.4969 0
    endloop
  endfacet
  facet normal 0.999221 -0.0394597 0
    outer loop
      vertex -18 40.5 1.9
      vertex -17.9969 40.5785 0
      vertex -17.9969 40.5785 1.9
    endloop
  endfacet
  facet normal 0.999221 -0.0394597 0
    outer loop
      vertex -17.9969 40.5785 0
      vertex -18 40.5 1.9
      vertex -18 40.5 0
    endloop
  endfacet
  facet normal -0.272367 0.962193 0
    outer loop
      vertex -14.691 34.549 0
      vertex -14.7666 34.5276 1.9
      vertex -14.691 34.549 1.9
    endloop
  endfacet
  facet normal -0.272367 0.962193 0
    outer loop
      vertex -14.7666 34.5276 1.9
      vertex -14.691 34.549 0
      vertex -14.7666 34.5276 0
    endloop
  endfacet
  facet normal -0.0394597 -0.999221 0
    outer loop
      vertex -15 41.5 0
      vertex -14.9215 41.4969 1.9
      vertex -15 41.5 1.9
    endloop
  endfacet
  facet normal -0.0394597 -0.999221 -0
    outer loop
      vertex -14.9215 41.4969 1.9
      vertex -15 41.5 0
      vertex -14.9215 41.4969 0
    endloop
  endfacet
  facet normal 0 -1 0
    outer loop
      vertex -17 41.5 0
      vertex -15 41.5 1.9
      vertex -17 41.5 1.9
    endloop
  endfacet
  facet normal 0 -1 -0
    outer loop
      vertex -15 41.5 1.9
      vertex -17 41.5 0
      vertex -15 41.5 0
    endloop
  endfacet
  facet normal 0.785078 -0.619396 0
    outer loop
      vertex -17.809 41.0878 1.9
      vertex -17.7604 41.1494 0
      vertex -17.7604 41.1494 1.9
    endloop
  endfacet
  facet normal 0.785078 -0.619396 0
    outer loop
      vertex -17.7604 41.1494 0
      vertex -17.809 41.0878 1.9
      vertex -17.809 41.0878 0
    endloop
  endfacet
  facet normal 0.272367 -0.962193 0
    outer loop
      vertex -17.309 41.451 0
      vertex -17.2334 41.4724 1.9
      vertex -17.309 41.451 1.9
    endloop
  endfacet
  facet normal 0.272367 -0.962193 0
    outer loop
      vertex -17.2334 41.4724 1.9
      vertex -17.309 41.451 0
      vertex -17.2334 41.4724 0
    endloop
  endfacet
  facet normal -0.418977 -0.907997 0
    outer loop
      vertex -14.6173 41.4239 0
      vertex -14.546 41.391 1.9
      vertex -14.6173 41.4239 1.9
    endloop
  endfacet
  facet normal -0.418977 -0.907997 -0
    outer loop
      vertex -14.546 41.391 1.9
      vertex -14.6173 41.4239 0
      vertex -14.546 41.391 0
    endloop
  endfacet
  facet normal -0.962193 0.272367 0
    outer loop
      vertex -14.049 35.191 0
      vertex -14.0276 35.2666 1.9
      vertex -14.0276 35.2666 0
    endloop
  endfacet
  facet normal -0.962193 0.272367 0
    outer loop
      vertex -14.0276 35.2666 1.9
      vertex -14.049 35.191 0
      vertex -14.049 35.191 1.9
    endloop
  endfacet
  facet normal 0.993098 0.117285 0
    outer loop
      vertex -17.9877 35.3436 1.9
      vertex -17.9969 35.4215 0
      vertex -17.9969 35.4215 1.9
    endloop
  endfacet
  facet normal 0.993098 0.117285 0
    outer loop
      vertex -17.9969 35.4215 0
      vertex -17.9877 35.3436 1.9
      vertex -17.9877 35.3436 0
    endloop
  endfacet
  facet normal 0.907997 0.418977 0
    outer loop
      vertex -17.891 35.046 1.9
      vertex -17.9239 35.1173 0
      vertex -17.9239 35.1173 1.9
    endloop
  endfacet
  facet normal 0.907997 0.418977 0
    outer loop
      vertex -17.9239 35.1173 0
      vertex -17.891 35.046 1.9
      vertex -17.891 35.046 0
    endloop
  endfacet
  facet normal 1 -0 0
    outer loop
      vertex -18 35.5 1.9
      vertex -18 40.5 0
      vertex -18 40.5 1.9
    endloop
  endfacet
  facet normal 1 0 0
    outer loop
      vertex -18 40.5 0
      vertex -18 35.5 1.9
      vertex -18 35.5 0
    endloop
  endfacet
  facet normal 0.734559 -0.678544 0
    outer loop
      vertex -17.7604 41.1494 1.9
      vertex -17.7071 41.2071 0
      vertex -17.7071 41.2071 1.9
    endloop
  endfacet
  facet normal 0.734559 -0.678544 0
    outer loop
      vertex -17.7071 41.2071 0
      vertex -17.7604 41.1494 1.9
      vertex -17.7604 41.1494 0
    endloop
  endfacet
  facet normal -0.962193 -0.272367 0
    outer loop
      vertex -14.0276 40.7334 0
      vertex -14.049 40.809 1.9
      vertex -14.049 40.809 0
    endloop
  endfacet
  facet normal -0.962193 -0.272367 0
    outer loop
      vertex -14.049 40.809 1.9
      vertex -14.0276 40.7334 0
      vertex -14.0276 40.7334 1.9
    endloop
  endfacet
  facet normal -0.345115 -0.93856 0
    outer loop
      vertex -14.691 41.451 0
      vertex -14.6173 41.4239 1.9
      vertex -14.691 41.451 1.9
    endloop
  endfacet
  facet normal -0.345115 -0.93856 -0
    outer loop
      vertex -14.6173 41.4239 1.9
      vertex -14.691 41.451 0
      vertex -14.6173 41.4239 0
    endloop
  endfacet
  facet normal -0.872289 -0.488991 0
    outer loop
      vertex -14.109 40.954 0
      vertex -14.1474 41.0225 1.9
      vertex -14.1474 41.0225 0
    endloop
  endfacet
  facet normal -0.872289 -0.488991 0
    outer loop
      vertex -14.1474 41.0225 1.9
      vertex -14.109 40.954 0
      vertex -14.109 40.954 1.9
    endloop
  endfacet
  facet normal -0.785078 0.619396 0
    outer loop
      vertex -14.2396 34.8506 0
      vertex -14.191 34.9122 1.9
      vertex -14.191 34.9122 0
    endloop
  endfacet
  facet normal -0.785078 0.619396 0
    outer loop
      vertex -14.191 34.9122 1.9
      vertex -14.2396 34.8506 0
      vertex -14.2396 34.8506 1.9
    endloop
  endfacet
  facet normal 0.872289 0.488991 0
    outer loop
      vertex -17.8526 34.9775 1.9
      vertex -17.891 35.046 0
      vertex -17.891 35.046 1.9
    endloop
  endfacet
  facet normal 0.872289 0.488991 0
    outer loop
      vertex -17.891 35.046 0
      vertex -17.8526 34.9775 1.9
      vertex -17.8526 34.9775 0
    endloop
  endfacet
  facet normal -0.785078 -0.619396 0
    outer loop
      vertex -14.191 41.0878 0
      vertex -14.2396 41.1494 1.9
      vertex -14.2396 41.1494 0
    endloop
  endfacet
  facet normal -0.785078 -0.619396 0
    outer loop
      vertex -14.2396 41.1494 1.9
      vertex -14.191 41.0878 0
      vertex -14.191 41.0878 1.9
    endloop
  endfacet
  facet normal 0.194891 -0.980825 0
    outer loop
      vertex -17.2334 41.4724 0
      vertex -17.1564 41.4877 1.9
      vertex -17.2334 41.4724 1.9
    endloop
  endfacet
  facet normal 0.194891 -0.980825 0
    outer loop
      vertex -17.1564 41.4877 1.9
      vertex -17.2334 41.4724 0
      vertex -17.1564 41.4877 0
    endloop
  endfacet
  facet normal 0.785078 0.619396 0
    outer loop
      vertex -17.7604 34.8506 1.9
      vertex -17.809 34.9122 0
      vertex -17.809 34.9122 1.9
    endloop
  endfacet
  facet normal 0.785078 0.619396 0
    outer loop
      vertex -17.809 34.9122 0
      vertex -17.7604 34.8506 1.9
      vertex -17.7604 34.8506 0
    endloop
  endfacet
  facet normal -0.907997 -0.418977 0
    outer loop
      vertex -14.0761 40.8827 0
      vertex -14.109 40.954 1.9
      vertex -14.109 40.954 0
    endloop
  endfacet
  facet normal -0.907997 -0.418977 0
    outer loop
      vertex -14.109 40.954 1.9
      vertex -14.0761 40.8827 0
      vertex -14.0761 40.8827 1.9
    endloop
  endfacet
  facet normal -0.93856 -0.345115 0
    outer loop
      vertex -14.049 40.809 0
      vertex -14.0761 40.8827 1.9
      vertex -14.0761 40.8827 0
    endloop
  endfacet
  facet normal -0.93856 -0.345115 0
    outer loop
      vertex -14.0761 40.8827 1.9
      vertex -14.049 40.809 0
      vertex -14.049 40.809 1.9
    endloop
  endfacet
  facet normal 0.93856 0.345115 0
    outer loop
      vertex -17.9239 35.1173 1.9
      vertex -17.951 35.191 0
      vertex -17.951 35.191 1.9
    endloop
  endfacet
  facet normal 0.93856 0.345115 0
    outer loop
      vertex -17.951 35.191 0
      vertex -17.9239 35.1173 1.9
      vertex -17.9239 35.1173 0
    endloop
  endfacet
  facet normal -0.678544 -0.734559 0
    outer loop
      vertex -14.3506 41.2604 0
      vertex -14.2929 41.2071 1.9
      vertex -14.3506 41.2604 1.9
    endloop
  endfacet
  facet normal -0.678544 -0.734559 -0
    outer loop
      vertex -14.2929 41.2071 1.9
      vertex -14.3506 41.2604 0
      vertex -14.2929 41.2071 0
    endloop
  endfacet
  facet normal -0.117285 -0.993098 0
    outer loop
      vertex -14.9215 41.4969 0
      vertex -14.8436 41.4877 1.9
      vertex -14.9215 41.4969 1.9
    endloop
  endfacet
  facet normal -0.117285 -0.993098 -0
    outer loop
      vertex -14.8436 41.4877 1.9
      vertex -14.9215 41.4969 0
      vertex -14.8436 41.4877 0
    endloop
  endfacet
  facet normal -0.488991 -0.872289 0
    outer loop
      vertex -14.546 41.391 0
      vertex -14.4775 41.3526 1.9
      vertex -14.546 41.391 1.9
    endloop
  endfacet
  facet normal -0.488991 -0.872289 -0
    outer loop
      vertex -14.4775 41.3526 1.9
      vertex -14.546 41.391 0
      vertex -14.4775 41.3526 0
    endloop
  endfacet
  facet normal -0.993098 -0.117285 0
    outer loop
      vertex -14.0031 40.5785 0
      vertex -14.0123 40.6564 1.9
      vertex -14.0123 40.6564 0
    endloop
  endfacet
  facet normal -0.993098 -0.117285 0
    outer loop
      vertex -14.0123 40.6564 1.9
      vertex -14.0031 40.5785 0
      vertex -14.0031 40.5785 1.9
    endloop
  endfacet
  facet normal 0.980825 0.194891 0
    outer loop
      vertex -17.9724 35.2666 1.9
      vertex -17.9877 35.3436 0
      vertex -17.9877 35.3436 1.9
    endloop
  endfacet
  facet normal 0.980825 0.194891 0
    outer loop
      vertex -17.9877 35.3436 0
      vertex -17.9724 35.2666 1.9
      vertex -17.9724 35.2666 0
    endloop
  endfacet
  facet normal -0.418977 0.907997 0
    outer loop
      vertex -14.546 34.609 0
      vertex -14.6173 34.5761 1.9
      vertex -14.546 34.609 1.9
    endloop
  endfacet
  facet normal -0.418977 0.907997 0
    outer loop
      vertex -14.6173 34.5761 1.9
      vertex -14.546 34.609 0
      vertex -14.6173 34.5761 0
    endloop
  endfacet
  facet normal -0.555288 0.831658 0
    outer loop
      vertex -14.4122 34.691 0
      vertex -14.4775 34.6474 1.9
      vertex -14.4122 34.691 1.9
    endloop
  endfacet
  facet normal -0.555288 0.831658 0
    outer loop
      vertex -14.4775 34.6474 1.9
      vertex -14.4122 34.691 0
      vertex -14.4775 34.6474 0
    endloop
  endfacet
  facet normal -0.980825 -0.194891 0
    outer loop
      vertex -14.0123 40.6564 0
      vertex -14.0276 40.7334 1.9
      vertex -14.0276 40.7334 0
    endloop
  endfacet
  facet normal -0.980825 -0.194891 0
    outer loop
      vertex -14.0276 40.7334 1.9
      vertex -14.0123 40.6564 0
      vertex -14.0123 40.6564 1.9
    endloop
  endfacet
  facet normal 0.734559 0.678544 0
    outer loop
      vertex -17.7071 34.7929 1.9
      vertex -17.7604 34.8506 0
      vertex -17.7604 34.8506 1.9
    endloop
  endfacet
  facet normal 0.734559 0.678544 0
    outer loop
      vertex -17.7604 34.8506 0
      vertex -17.7071 34.7929 1.9
      vertex -17.7071 34.7929 0
    endloop
  endfacet
  facet normal -0.999221 0.0394597 0
    outer loop
      vertex -14.0031 35.4215 0
      vertex -14 35.5 1.9
      vertex -14 35.5 0
    endloop
  endfacet
  facet normal -0.999221 0.0394597 0
    outer loop
      vertex -14 35.5 1.9
      vertex -14.0031 35.4215 0
      vertex -14.0031 35.4215 1.9
    endloop
  endfacet
  facet normal 0.418977 0.907997 -0
    outer loop
      vertex -17.3827 34.5761 0
      vertex -17.454 34.609 1.9
      vertex -17.3827 34.5761 1.9
    endloop
  endfacet
  facet normal 0.418977 0.907997 0
    outer loop
      vertex -17.454 34.609 1.9
      vertex -17.3827 34.5761 0
      vertex -17.454 34.609 0
    endloop
  endfacet
  facet normal 0.488991 0.872289 -0
    outer loop
      vertex -17.454 34.609 0
      vertex -17.5225 34.6474 1.9
      vertex -17.454 34.609 1.9
    endloop
  endfacet
  facet normal 0.488991 0.872289 0
    outer loop
      vertex -17.5225 34.6474 1.9
      vertex -17.454 34.609 0
      vertex -17.5225 34.6474 0
    endloop
  endfacet
  facet normal 0.678544 -0.734559 0
    outer loop
      vertex -17.7071 41.2071 0
      vertex -17.6494 41.2604 1.9
      vertex -17.7071 41.2071 1.9
    endloop
  endfacet
  facet normal 0.678544 -0.734559 0
    outer loop
      vertex -17.6494 41.2604 1.9
      vertex -17.7071 41.2071 0
      vertex -17.6494 41.2604 0
    endloop
  endfacet
  facet normal -0.907997 0.418977 0
    outer loop
      vertex -14.109 35.046 0
      vertex -14.0761 35.1173 1.9
      vertex -14.0761 35.1173 0
    endloop
  endfacet
  facet normal -0.907997 0.418977 0
    outer loop
      vertex -14.0761 35.1173 1.9
      vertex -14.109 35.046 0
      vertex -14.109 35.046 1.9
    endloop
  endfacet
  facet normal 0.555288 -0.831658 0
    outer loop
      vertex -17.5878 41.309 0
      vertex -17.5225 41.3526 1.9
      vertex -17.5878 41.309 1.9
    endloop
  endfacet
  facet normal 0.555288 -0.831658 0
    outer loop
      vertex -17.5225 41.3526 1.9
      vertex -17.5878 41.309 0
      vertex -17.5225 41.3526 0
    endloop
  endfacet
  facet normal 0.619396 0.785078 -0
    outer loop
      vertex -17.5878 34.691 0
      vertex -17.6494 34.7396 1.9
      vertex -17.5878 34.691 1.9
    endloop
  endfacet
  facet normal 0.619396 0.785078 0
    outer loop
      vertex -17.6494 34.7396 1.9
      vertex -17.5878 34.691 0
      vertex -17.6494 34.7396 0
    endloop
  endfacet
  facet normal 0.831658 -0.555288 0
    outer loop
      vertex -17.8526 41.0225 1.9
      vertex -17.809 41.0878 0
      vertex -17.809 41.0878 1.9
    endloop
  endfacet
  facet normal 0.831658 -0.555288 0
    outer loop
      vertex -17.809 41.0878 0
      vertex -17.8526 41.0225 1.9
      vertex -17.8526 41.0225 0
    endloop
  endfacet
  facet normal -0.117285 0.993098 0
    outer loop
      vertex -14.8436 34.5123 0
      vertex -14.9215 34.5031 1.9
      vertex -14.8436 34.5123 1.9
    endloop
  endfacet
  facet normal -0.117285 0.993098 0
    outer loop
      vertex -14.9215 34.5031 1.9
      vertex -14.8436 34.5123 0
      vertex -14.9215 34.5031 0
    endloop
  endfacet
  facet normal -0.831658 0.555288 0
    outer loop
      vertex -14.191 34.9122 0
      vertex -14.1474 34.9775 1.9
      vertex -14.1474 34.9775 0
    endloop
  endfacet
  facet normal -0.831658 0.555288 0
    outer loop
      vertex -14.1474 34.9775 1.9
      vertex -14.191 34.9122 0
      vertex -14.191 34.9122 1.9
    endloop
  endfacet
  facet normal -0.488991 0.872289 0
    outer loop
      vertex -14.4775 34.6474 0
      vertex -14.546 34.609 1.9
      vertex -14.4775 34.6474 1.9
    endloop
  endfacet
  facet normal -0.488991 0.872289 0
    outer loop
      vertex -14.546 34.609 1.9
      vertex -14.4775 34.6474 0
      vertex -14.546 34.609 0
    endloop
  endfacet
  facet normal -0.272367 -0.962193 0
    outer loop
      vertex -14.7666 41.4724 0
      vertex -14.691 41.451 1.9
      vertex -14.7666 41.4724 1.9
    endloop
  endfacet
  facet normal -0.272367 -0.962193 -0
    outer loop
      vertex -14.691 41.451 1.9
      vertex -14.7666 41.4724 0
      vertex -14.691 41.451 0
    endloop
  endfacet
  facet normal 0.831658 0.555288 0
    outer loop
      vertex -17.809 34.9122 1.9
      vertex -17.8526 34.9775 0
      vertex -17.8526 34.9775 1.9
    endloop
  endfacet
  facet normal 0.831658 0.555288 0
    outer loop
      vertex -17.8526 34.9775 0
      vertex -17.809 34.9122 1.9
      vertex -17.809 34.9122 0
    endloop
  endfacet
  facet normal -1 0 0
    outer loop
      vertex -14 35.5 0
      vertex -14 40.5 1.9
      vertex -14 40.5 0
    endloop
  endfacet
  facet normal -1 -0 0
    outer loop
      vertex -14 40.5 1.9
      vertex -14 35.5 0
      vertex -14 35.5 1.9
    endloop
  endfacet
  facet normal -0.194891 -0.980825 0
    outer loop
      vertex -14.8436 41.4877 0
      vertex -14.7666 41.4724 1.9
      vertex -14.8436 41.4877 1.9
    endloop
  endfacet
  facet normal -0.194891 -0.980825 -0
    outer loop
      vertex -14.7666 41.4724 1.9
      vertex -14.8436 41.4877 0
      vertex -14.7666 41.4724 0
    endloop
  endfacet
  facet normal 0.345115 -0.93856 0
    outer loop
      vertex -17.3827 41.4239 0
      vertex -17.309 41.451 1.9
      vertex -17.3827 41.4239 1.9
    endloop
  endfacet
  facet normal 0.345115 -0.93856 0
    outer loop
      vertex -17.309 41.451 1.9
      vertex -17.3827 41.4239 0
      vertex -17.309 41.451 0
    endloop
  endfacet
  facet normal -0.999221 -0.0394597 0
    outer loop
      vertex -14 40.5 0
      vertex -14.0031 40.5785 1.9
      vertex -14.0031 40.5785 0
    endloop
  endfacet
  facet normal -0.999221 -0.0394597 0
    outer loop
      vertex -14.0031 40.5785 1.9
      vertex -14 40.5 0
      vertex -14 40.5 1.9
    endloop
  endfacet
  facet normal -0.619396 0.785078 0
    outer loop
      vertex -14.3506 34.7396 0
      vertex -14.4122 34.691 1.9
      vertex -14.3506 34.7396 1.9
    endloop
  endfacet
  facet normal -0.619396 0.785078 0
    outer loop
      vertex -14.4122 34.691 1.9
      vertex -14.3506 34.7396 0
      vertex -14.4122 34.691 0
    endloop
  endfacet
  facet normal 0.418977 -0.907997 0
    outer loop
      vertex -17.454 41.391 0
      vertex -17.3827 41.4239 1.9
      vertex -17.454 41.391 1.9
    endloop
  endfacet
  facet normal 0.418977 -0.907997 0
    outer loop
      vertex -17.3827 41.4239 1.9
      vertex -17.454 41.391 0
      vertex -17.3827 41.4239 0
    endloop
  endfacet
  facet normal -0.194891 0.980825 0
    outer loop
      vertex -14.7666 34.5276 0
      vertex -14.8436 34.5123 1.9
      vertex -14.7666 34.5276 1.9
    endloop
  endfacet
  facet normal -0.194891 0.980825 0
    outer loop
      vertex -14.8436 34.5123 1.9
      vertex -14.7666 34.5276 0
      vertex -14.8436 34.5123 0
    endloop
  endfacet
  facet normal 0.872289 -0.488991 0
    outer loop
      vertex -17.891 40.954 1.9
      vertex -17.8526 41.0225 0
      vertex -17.8526 41.0225 1.9
    endloop
  endfacet
  facet normal 0.872289 -0.488991 0
    outer loop
      vertex -17.8526 41.0225 0
      vertex -17.891 40.954 1.9
      vertex -17.891 40.954 0
    endloop
  endfacet
  facet normal -0.678544 0.734559 0
    outer loop
      vertex -14.2929 34.7929 0
      vertex -14.3506 34.7396 1.9
      vertex -14.2929 34.7929 1.9
    endloop
  endfacet
  facet normal -0.678544 0.734559 0
    outer loop
      vertex -14.3506 34.7396 1.9
      vertex -14.2929 34.7929 0
      vertex -14.3506 34.7396 0
    endloop
  endfacet
  facet normal -0.872289 0.488991 0
    outer loop
      vertex -14.1474 34.9775 0
      vertex -14.109 35.046 1.9
      vertex -14.109 35.046 0
    endloop
  endfacet
  facet normal -0.872289 0.488991 0
    outer loop
      vertex -14.109 35.046 1.9
      vertex -14.1474 34.9775 0
      vertex -14.1474 34.9775 1.9
    endloop
  endfacet
  facet normal -0.0394597 0.999221 0
    outer loop
      vertex 17.0785 34.5031 0
      vertex 17 34.5 1.9
      vertex 17.0785 34.5031 1.9
    endloop
  endfacet
  facet normal -0.0394597 0.999221 0
    outer loop
      vertex 17 34.5 1.9
      vertex 17.0785 34.5031 0
      vertex 17 34.5 0
    endloop
  endfacet
  facet normal 0.980825 -0.194891 0
    outer loop
      vertex 14.0123 40.6564 1.9
      vertex 14.0276 40.7334 0
      vertex 14.0276 40.7334 1.9
    endloop
  endfacet
  facet normal 0.980825 -0.194891 0
    outer loop
      vertex 14.0276 40.7334 0
      vertex 14.0123 40.6564 1.9
      vertex 14.0123 40.6564 0
    endloop
  endfacet
  facet normal -0.831658 -0.555288 0
    outer loop
      vertex 17.8526 41.0225 0
      vertex 17.809 41.0878 1.9
      vertex 17.809 41.0878 0
    endloop
  endfacet
  facet normal -0.831658 -0.555288 0
    outer loop
      vertex 17.809 41.0878 1.9
      vertex 17.8526 41.0225 0
      vertex 17.8526 41.0225 1.9
    endloop
  endfacet
  facet normal 0.117285 0.993098 -0
    outer loop
      vertex 14.9215 34.5031 0
      vertex 14.8436 34.5123 1.9
      vertex 14.9215 34.5031 1.9
    endloop
  endfacet
  facet normal 0.117285 0.993098 0
    outer loop
      vertex 14.8436 34.5123 1.9
      vertex 14.9215 34.5031 0
      vertex 14.8436 34.5123 0
    endloop
  endfacet
  facet normal 0.488991 -0.872289 0
    outer loop
      vertex 14.4775 41.3526 0
      vertex 14.546 41.391 1.9
      vertex 14.4775 41.3526 1.9
    endloop
  endfacet
  facet normal 0.488991 -0.872289 0
    outer loop
      vertex 14.546 41.391 1.9
      vertex 14.4775 41.3526 0
      vertex 14.546 41.391 0
    endloop
  endfacet
  facet normal 0.345115 0.93856 -0
    outer loop
      vertex 14.691 34.549 0
      vertex 14.6173 34.5761 1.9
      vertex 14.691 34.549 1.9
    endloop
  endfacet
  facet normal 0.345115 0.93856 0
    outer loop
      vertex 14.6173 34.5761 1.9
      vertex 14.691 34.549 0
      vertex 14.6173 34.5761 0
    endloop
  endfacet
  facet normal 0.999221 0.0394597 0
    outer loop
      vertex 14.0031 35.4215 1.9
      vertex 14 35.5 0
      vertex 14 35.5 1.9
    endloop
  endfacet
  facet normal 0.999221 0.0394597 0
    outer loop
      vertex 14 35.5 0
      vertex 14.0031 35.4215 1.9
      vertex 14.0031 35.4215 0
    endloop
  endfacet
  facet normal -0.93856 0.345115 0
    outer loop
      vertex 17.9239 35.1173 0
      vertex 17.951 35.191 1.9
      vertex 17.951 35.191 0
    endloop
  endfacet
  facet normal -0.93856 0.345115 0
    outer loop
      vertex 17.951 35.191 1.9
      vertex 17.9239 35.1173 0
      vertex 17.9239 35.1173 1.9
    endloop
  endfacet
  facet normal -0.345115 0.93856 0
    outer loop
      vertex 17.3827 34.5761 0
      vertex 17.309 34.549 1.9
      vertex 17.3827 34.5761 1.9
    endloop
  endfacet
  facet normal -0.345115 0.93856 0
    outer loop
      vertex 17.309 34.549 1.9
      vertex 17.3827 34.5761 0
      vertex 17.309 34.549 0
    endloop
  endfacet
  facet normal 0.93856 -0.345115 0
    outer loop
      vertex 14.049 40.809 1.9
      vertex 14.0761 40.8827 0
      vertex 14.0761 40.8827 1.9
    endloop
  endfacet
  facet normal 0.93856 -0.345115 0
    outer loop
      vertex 14.0761 40.8827 0
      vertex 14.049 40.809 1.9
      vertex 14.049 40.809 0
    endloop
  endfacet
  facet normal -0.980825 0.194891 0
    outer loop
      vertex 17.9724 35.2666 0
      vertex 17.9877 35.3436 1.9
      vertex 17.9877 35.3436 0
    endloop
  endfacet
  facet normal -0.980825 0.194891 0
    outer loop
      vertex 17.9877 35.3436 1.9
      vertex 17.9724 35.2666 0
      vertex 17.9724 35.2666 1.9
    endloop
  endfacet
  facet normal 0.0394597 0.999221 -0
    outer loop
      vertex 15 34.5 0
      vertex 14.9215 34.5031 1.9
      vertex 15 34.5 1.9
    endloop
  endfacet
  facet normal 0.0394597 0.999221 0
    outer loop
      vertex 14.9215 34.5031 1.9
      vertex 15 34.5 0
      vertex 14.9215 34.5031 0
    endloop
  endfacet
  facet normal 0.0394597 -0.999221 0
    outer loop
      vertex 14.9215 41.4969 0
      vertex 15 41.5 1.9
      vertex 14.9215 41.4969 1.9
    endloop
  endfacet
  facet normal 0.0394597 -0.999221 0
    outer loop
      vertex 15 41.5 1.9
      vertex 14.9215 41.4969 0
      vertex 15 41.5 0
    endloop
  endfacet
  facet normal 0.619396 -0.785078 0
    outer loop
      vertex 14.3506 41.2604 0
      vertex 14.4122 41.309 1.9
      vertex 14.3506 41.2604 1.9
    endloop
  endfacet
  facet normal 0.619396 -0.785078 0
    outer loop
      vertex 14.4122 41.309 1.9
      vertex 14.3506 41.2604 0
      vertex 14.4122 41.309 0
    endloop
  endfacet
  facet normal 0.272367 0.962193 -0
    outer loop
      vertex 14.7666 34.5276 0
      vertex 14.691 34.549 1.9
      vertex 14.7666 34.5276 1.9
    endloop
  endfacet
  facet normal 0.272367 0.962193 0
    outer loop
      vertex 14.691 34.549 1.9
      vertex 14.7666 34.5276 0
      vertex 14.691 34.549 0
    endloop
  endfacet
  facet normal -0.734559 -0.678544 0
    outer loop
      vertex 17.7604 41.1494 0
      vertex 17.7071 41.2071 1.9
      vertex 17.7071 41.2071 0
    endloop
  endfacet
  facet normal -0.734559 -0.678544 0
    outer loop
      vertex 17.7071 41.2071 1.9
      vertex 17.7604 41.1494 0
      vertex 17.7604 41.1494 1.9
    endloop
  endfacet
  facet normal 0.962193 0.272367 0
    outer loop
      vertex 14.049 35.191 1.9
      vertex 14.0276 35.2666 0
      vertex 14.0276 35.2666 1.9
    endloop
  endfacet
  facet normal 0.962193 0.272367 0
    outer loop
      vertex 14.0276 35.2666 0
      vertex 14.049 35.191 1.9
      vertex 14.049 35.191 0
    endloop
  endfacet
  facet normal 0 1 -0
    outer loop
      vertex 17 34.5 0
      vertex 15 34.5 1.9
      vertex 17 34.5 1.9
    endloop
  endfacet
  facet normal 0 1 0
    outer loop
      vertex 15 34.5 1.9
      vertex 17 34.5 0
      vertex 15 34.5 0
    endloop
  endfacet
  facet normal 0.993098 -0.117285 0
    outer loop
      vertex 14.0031 40.5785 1.9
      vertex 14.0123 40.6564 0
      vertex 14.0123 40.6564 1.9
    endloop
  endfacet
  facet normal 0.993098 -0.117285 0
    outer loop
      vertex 14.0123 40.6564 0
      vertex 14.0031 40.5785 1.9
      vertex 14.0031 40.5785 0
    endloop
  endfacet
  facet normal -0.555288 -0.831658 0
    outer loop
      vertex 17.5225 41.3526 0
      vertex 17.5878 41.309 1.9
      vertex 17.5225 41.3526 1.9
    endloop
  endfacet
  facet normal -0.555288 -0.831658 -0
    outer loop
      vertex 17.5878 41.309 1.9
      vertex 17.5225 41.3526 0
      vertex 17.5878 41.309 0
    endloop
  endfacet
  facet normal -0.993098 0.117285 0
    outer loop
      vertex 17.9877 35.3436 0
      vertex 17.9969 35.4215 1.9
      vertex 17.9969 35.4215 0
    endloop
  endfacet
  facet normal -0.993098 0.117285 0
    outer loop
      vertex 17.9969 35.4215 1.9
      vertex 17.9877 35.3436 0
      vertex 17.9877 35.3436 1.9
    endloop
  endfacet
  facet normal 0.678544 0.734559 -0
    outer loop
      vertex 14.3506 34.7396 0
      vertex 14.2929 34.7929 1.9
      vertex 14.3506 34.7396 1.9
    endloop
  endfacet
  facet normal 0.678544 0.734559 0
    outer loop
      vertex 14.2929 34.7929 1.9
      vertex 14.3506 34.7396 0
      vertex 14.2929 34.7929 0
    endloop
  endfacet
  facet normal 0.962193 -0.272367 0
    outer loop
      vertex 14.0276 40.7334 1.9
      vertex 14.049 40.809 0
      vertex 14.049 40.809 1.9
    endloop
  endfacet
  facet normal 0.962193 -0.272367 0
    outer loop
      vertex 14.049 40.809 0
      vertex 14.0276 40.7334 1.9
      vertex 14.0276 40.7334 0
    endloop
  endfacet
  facet normal 0.555288 0.831658 -0
    outer loop
      vertex 14.4775 34.6474 0
      vertex 14.4122 34.691 1.9
      vertex 14.4775 34.6474 1.9
    endloop
  endfacet
  facet normal 0.555288 0.831658 0
    outer loop
      vertex 14.4122 34.691 1.9
      vertex 14.4775 34.6474 0
      vertex 14.4122 34.691 0
    endloop
  endfacet
  facet normal 0.907997 -0.418977 0
    outer loop
      vertex 14.0761 40.8827 1.9
      vertex 14.109 40.954 0
      vertex 14.109 40.954 1.9
    endloop
  endfacet
  facet normal 0.907997 -0.418977 0
    outer loop
      vertex 14.109 40.954 0
      vertex 14.0761 40.8827 1.9
      vertex 14.0761 40.8827 0
    endloop
  endfacet
  facet normal -0.734559 0.678544 0
    outer loop
      vertex 17.7071 34.7929 0
      vertex 17.7604 34.8506 1.9
      vertex 17.7604 34.8506 0
    endloop
  endfacet
  facet normal -0.734559 0.678544 0
    outer loop
      vertex 17.7604 34.8506 1.9
      vertex 17.7071 34.7929 0
      vertex 17.7071 34.7929 1.9
    endloop
  endfacet
  facet normal -0.619396 -0.785078 0
    outer loop
      vertex 17.5878 41.309 0
      vertex 17.6494 41.2604 1.9
      vertex 17.5878 41.309 1.9
    endloop
  endfacet
  facet normal -0.619396 -0.785078 -0
    outer loop
      vertex 17.6494 41.2604 1.9
      vertex 17.5878 41.309 0
      vertex 17.6494 41.2604 0
    endloop
  endfacet
  facet normal 0.117285 -0.993098 0
    outer loop
      vertex 14.8436 41.4877 0
      vertex 14.9215 41.4969 1.9
      vertex 14.8436 41.4877 1.9
    endloop
  endfacet
  facet normal 0.117285 -0.993098 0
    outer loop
      vertex 14.9215 41.4969 1.9
      vertex 14.8436 41.4877 0
      vertex 14.9215 41.4969 0
    endloop
  endfacet
  facet normal 0.999221 -0.0394597 0
    outer loop
      vertex 14 40.5 1.9
      vertex 14.0031 40.5785 0
      vertex 14.0031 40.5785 1.9
    endloop
  endfacet
  facet normal 0.999221 -0.0394597 0
    outer loop
      vertex 14.0031 40.5785 0
      vertex 14 40.5 1.9
      vertex 14 40.5 0
    endloop
  endfacet
  facet normal -0.272367 0.962193 0
    outer loop
      vertex 17.309 34.549 0
      vertex 17.2334 34.5276 1.9
      vertex 17.309 34.549 1.9
    endloop
  endfacet
  facet normal -0.272367 0.962193 0
    outer loop
      vertex 17.2334 34.5276 1.9
      vertex 17.309 34.549 0
      vertex 17.2334 34.5276 0
    endloop
  endfacet
  facet normal -0.0394597 -0.999221 0
    outer loop
      vertex 17 41.5 0
      vertex 17.0785 41.4969 1.9
      vertex 17 41.5 1.9
    endloop
  endfacet
  facet normal -0.0394597 -0.999221 -0
    outer loop
      vertex 17.0785 41.4969 1.9
      vertex 17 41.5 0
      vertex 17.0785 41.4969 0
    endloop
  endfacet
  facet normal 0 -1 0
    outer loop
      vertex 15 41.5 0
      vertex 17 41.5 1.9
      vertex 15 41.5 1.9
    endloop
  endfacet
  facet normal 0 -1 -0
    outer loop
      vertex 17 41.5 1.9
      vertex 15 41.5 0
      vertex 17 41.5 0
    endloop
  endfacet
  facet normal 0.785078 -0.619396 0
    outer loop
      vertex 14.191 41.0878 1.9
      vertex 14.2396 41.1494 0
      vertex 14.2396 41.1494 1.9
    endloop
  endfacet
  facet normal 0.785078 -0.619396 0
    outer loop
      vertex 14.2396 41.1494 0
      vertex 14.191 41.0878 1.9
      vertex 14.191 41.0878 0
    endloop
  endfacet
  facet normal 0.272367 -0.962193 0
    outer loop
      vertex 14.691 41.451 0
      vertex 14.7666 41.4724 1.9
      vertex 14.691 41.451 1.9
    endloop
  endfacet
  facet normal 0.272367 -0.962193 0
    outer loop
      vertex 14.7666 41.4724 1.9
      vertex 14.691 41.451 0
      vertex 14.7666 41.4724 0
    endloop
  endfacet
  facet normal -0.418977 -0.907997 0
    outer loop
      vertex 17.3827 41.4239 0
      vertex 17.454 41.391 1.9
      vertex 17.3827 41.4239 1.9
    endloop
  endfacet
  facet normal -0.418977 -0.907997 -0
    outer loop
      vertex 17.454 41.391 1.9
      vertex 17.3827 41.4239 0
      vertex 17.454 41.391 0
    endloop
  endfacet
  facet normal -0.962193 0.272367 0
    outer loop
      vertex 17.951 35.191 0
      vertex 17.9724 35.2666 1.9
      vertex 17.9724 35.2666 0
    endloop
  endfacet
  facet normal -0.962193 0.272367 0
    outer loop
      vertex 17.9724 35.2666 1.9
      vertex 17.951 35.191 0
      vertex 17.951 35.191 1.9
    endloop
  endfacet
  facet normal 0.993098 0.117285 0
    outer loop
      vertex 14.0123 35.3436 1.9
      vertex 14.0031 35.4215 0
      vertex 14.0031 35.4215 1.9
    endloop
  endfacet
  facet normal 0.993098 0.117285 0
    outer loop
      vertex 14.0031 35.4215 0
      vertex 14.0123 35.3436 1.9
      vertex 14.0123 35.3436 0
    endloop
  endfacet
  facet normal 0.907997 0.418977 0
    outer loop
      vertex 14.109 35.046 1.9
      vertex 14.0761 35.1173 0
      vertex 14.0761 35.1173 1.9
    endloop
  endfacet
  facet normal 0.907997 0.418977 0
    outer loop
      vertex 14.0761 35.1173 0
      vertex 14.109 35.046 1.9
      vertex 14.109 35.046 0
    endloop
  endfacet
  facet normal 1 -0 0
    outer loop
      vertex 14 35.5 1.9
      vertex 14 40.5 0
      vertex 14 40.5 1.9
    endloop
  endfacet
  facet normal 1 0 0
    outer loop
      vertex 14 40.5 0
      vertex 14 35.5 1.9
      vertex 14 35.5 0
    endloop
  endfacet
  facet normal 0.734559 -0.678544 0
    outer loop
      vertex 14.2396 41.1494 1.9
      vertex 14.2929 41.2071 0
      vertex 14.2929 41.2071 1.9
    endloop
  endfacet
  facet normal 0.734559 -0.678544 0
    outer loop
      vertex 14.2929 41.2071 0
      vertex 14.2396 41.1494 1.9
      vertex 14.2396 41.1494 0
    endloop
  endfacet
  facet normal -0.962193 -0.272367 0
    outer loop
      vertex 17.9724 40.7334 0
      vertex 17.951 40.809 1.9
      vertex 17.951 40.809 0
    endloop
  endfacet
  facet normal -0.962193 -0.272367 0
    outer loop
      vertex 17.951 40.809 1.9
      vertex 17.9724 40.7334 0
      vertex 17.9724 40.7334 1.9
    endloop
  endfacet
  facet normal 0.194891 0.980825 -0
    outer loop
      vertex 14.8436 34.5123 0
      vertex 14.7666 34.5276 1.9
      vertex 14.8436 34.5123 1.9
    endloop
  endfacet
  facet normal 0.194891 0.980825 0
    outer loop
      vertex 14.7666 34.5276 1.9
      vertex 14.8436 34.5123 0
      vertex 14.7666 34.5276 0
    endloop
  endfacet
  facet normal -0.345115 -0.93856 0
    outer loop
      vertex 17.309 41.451 0
      vertex 17.3827 41.4239 1.9
      vertex 17.309 41.451 1.9
    endloop
  endfacet
  facet normal -0.345115 -0.93856 -0
    outer loop
      vertex 17.3827 41.4239 1.9
      vertex 17.309 41.451 0
      vertex 17.3827 41.4239 0
    endloop
  endfacet
  facet normal -0.872289 -0.488991 0
    outer loop
      vertex 17.891 40.954 0
      vertex 17.8526 41.0225 1.9
      vertex 17.8526 41.0225 0
    endloop
  endfacet
  facet normal -0.872289 -0.488991 0
    outer loop
      vertex 17.8526 41.0225 1.9
      vertex 17.891 40.954 0
      vertex 17.891 40.954 1.9
    endloop
  endfacet
  facet normal -0.785078 0.619396 0
    outer loop
      vertex 17.7604 34.8506 0
      vertex 17.809 34.9122 1.9
      vertex 17.809 34.9122 0
    endloop
  endfacet
  facet normal -0.785078 0.619396 0
    outer loop
      vertex 17.809 34.9122 1.9
      vertex 17.7604 34.8506 0
      vertex 17.7604 34.8506 1.9
    endloop
  endfacet
  facet normal 0.872289 0.488991 0
    outer loop
      vertex 14.1474 34.9775 1.9
      vertex 14.109 35.046 0
      vertex 14.109 35.046 1.9
    endloop
  endfacet
  facet normal 0.872289 0.488991 0
    outer loop
      vertex 14.109 35.046 0
      vertex 14.1474 34.9775 1.9
      vertex 14.1474 34.9775 0
    endloop
  endfacet
  facet normal 0.194891 -0.980825 0
    outer loop
      vertex 14.7666 41.4724 0
      vertex 14.8436 41.4877 1.9
      vertex 14.7666 41.4724 1.9
    endloop
  endfacet
  facet normal 0.194891 -0.980825 0
    outer loop
      vertex 14.8436 41.4877 1.9
      vertex 14.7666 41.4724 0
      vertex 14.8436 41.4877 0
    endloop
  endfacet
  facet normal 0.785078 0.619396 0
    outer loop
      vertex 14.2396 34.8506 1.9
      vertex 14.191 34.9122 0
      vertex 14.191 34.9122 1.9
    endloop
  endfacet
  facet normal 0.785078 0.619396 0
    outer loop
      vertex 14.191 34.9122 0
      vertex 14.2396 34.8506 1.9
      vertex 14.2396 34.8506 0
    endloop
  endfacet
  facet normal -0.907997 -0.418977 0
    outer loop
      vertex 17.9239 40.8827 0
      vertex 17.891 40.954 1.9
      vertex 17.891 40.954 0
    endloop
  endfacet
  facet normal -0.907997 -0.418977 0
    outer loop
      vertex 17.891 40.954 1.9
      vertex 17.9239 40.8827 0
      vertex 17.9239 40.8827 1.9
    endloop
  endfacet
  facet normal -0.93856 -0.345115 0
    outer loop
      vertex 17.951 40.809 0
      vertex 17.9239 40.8827 1.9
      vertex 17.9239 40.8827 0
    endloop
  endfacet
  facet normal -0.93856 -0.345115 0
    outer loop
      vertex 17.9239 40.8827 1.9
      vertex 17.951 40.809 0
      vertex 17.951 40.809 1.9
    endloop
  endfacet
  facet normal -0.785078 -0.619396 0
    outer loop
      vertex 17.809 41.0878 0
      vertex 17.7604 41.1494 1.9
      vertex 17.7604 41.1494 0
    endloop
  endfacet
  facet normal -0.785078 -0.619396 0
    outer loop
      vertex 17.7604 41.1494 1.9
      vertex 17.809 41.0878 0
      vertex 17.809 41.0878 1.9
    endloop
  endfacet
  facet normal 0.93856 0.345115 0
    outer loop
      vertex 14.0761 35.1173 1.9
      vertex 14.049 35.191 0
      vertex 14.049 35.191 1.9
    endloop
  endfacet
  facet normal 0.93856 0.345115 0
    outer loop
      vertex 14.049 35.191 0
      vertex 14.0761 35.1173 1.9
      vertex 14.0761 35.1173 0
    endloop
  endfacet
  facet normal -0.678544 -0.734559 0
    outer loop
      vertex 17.6494 41.2604 0
      vertex 17.7071 41.2071 1.9
      vertex 17.6494 41.2604 1.9
    endloop
  endfacet
  facet normal -0.678544 -0.734559 -0
    outer loop
      vertex 17.7071 41.2071 1.9
      vertex 17.6494 41.2604 0
      vertex 17.7071 41.2071 0
    endloop
  endfacet
  facet normal -0.117285 -0.993098 0
    outer loop
      vertex 17.0785 41.4969 0
      vertex 17.1564 41.4877 1.9
      vertex 17.0785 41.4969 1.9
    endloop
  endfacet
  facet normal -0.117285 -0.993098 -0
    outer loop
      vertex 17.1564 41.4877 1.9
      vertex 17.0785 41.4969 0
      vertex 17.1564 41.4877 0
    endloop
  endfacet
  facet normal -0.488991 -0.872289 0
    outer loop
      vertex 17.454 41.391 0
      vertex 17.5225 41.3526 1.9
      vertex 17.454 41.391 1.9
    endloop
  endfacet
  facet normal -0.488991 -0.872289 -0
    outer loop
      vertex 17.5225 41.3526 1.9
      vertex 17.454 41.391 0
      vertex 17.5225 41.3526 0
    endloop
  endfacet
  facet normal -0.993098 -0.117285 0
    outer loop
      vertex 17.9969 40.5785 0
      vertex 17.9877 40.6564 1.9
      vertex 17.9877 40.6564 0
    endloop
  endfacet
  facet normal -0.993098 -0.117285 0
    outer loop
      vertex 17.9877 40.6564 1.9
      vertex 17.9969 40.5785 0
      vertex 17.9969 40.5785 1.9
    endloop
  endfacet
  facet normal 0.980825 0.194891 0
    outer loop
      vertex 14.0276 35.2666 1.9
      vertex 14.0123 35.3436 0
      vertex 14.0123 35.3436 1.9
    endloop
  endfacet
  facet normal 0.980825 0.194891 0
    outer loop
      vertex 14.0123 35.3436 0
      vertex 14.0276 35.2666 1.9
      vertex 14.0276 35.2666 0
    endloop
  endfacet
  facet normal -0.418977 0.907997 0
    outer loop
      vertex 17.454 34.609 0
      vertex 17.3827 34.5761 1.9
      vertex 17.454 34.609 1.9
    endloop
  endfacet
  facet normal -0.418977 0.907997 0
    outer loop
      vertex 17.3827 34.5761 1.9
      vertex 17.454 34.609 0
      vertex 17.3827 34.5761 0
    endloop
  endfacet
  facet normal -0.555288 0.831658 0
    outer loop
      vertex 17.5878 34.691 0
      vertex 17.5225 34.6474 1.9
      vertex 17.5878 34.691 1.9
    endloop
  endfacet
  facet normal -0.555288 0.831658 0
    outer loop
      vertex 17.5225 34.6474 1.9
      vertex 17.5878 34.691 0
      vertex 17.5225 34.6474 0
    endloop
  endfacet
  facet normal -0.980825 -0.194891 0
    outer loop
      vertex 17.9877 40.6564 0
      vertex 17.9724 40.7334 1.9
      vertex 17.9724 40.7334 0
    endloop
  endfacet
  facet normal -0.980825 -0.194891 0
    outer loop
      vertex 17.9724 40.7334 1.9
      vertex 17.9877 40.6564 0
      vertex 17.9877 40.6564 1.9
    endloop
  endfacet
  facet normal 0.734559 0.678544 0
    outer loop
      vertex 14.2929 34.7929 1.9
      vertex 14.2396 34.8506 0
      vertex 14.2396 34.8506 1.9
    endloop
  endfacet
  facet normal 0.734559 0.678544 0
    outer loop
      vertex 14.2396 34.8506 0
      vertex 14.2929 34.7929 1.9
      vertex 14.2929 34.7929 0
    endloop
  endfacet
  facet normal -0.999221 0.0394597 0
    outer loop
      vertex 17.9969 35.4215 0
      vertex 18 35.5 1.9
      vertex 18 35.5 0
    endloop
  endfacet
  facet normal -0.999221 0.0394597 0
    outer loop
      vertex 18 35.5 1.9
      vertex 17.9969 35.4215 0
      vertex 17.9969 35.4215 1.9
    endloop
  endfacet
  facet normal 0.418977 0.907997 -0
    outer loop
      vertex 14.6173 34.5761 0
      vertex 14.546 34.609 1.9
      vertex 14.6173 34.5761 1.9
    endloop
  endfacet
  facet normal 0.418977 0.907997 0
    outer loop
      vertex 14.546 34.609 1.9
      vertex 14.6173 34.5761 0
      vertex 14.546 34.609 0
    endloop
  endfacet
  facet normal 0.488991 0.872289 -0
    outer loop
      vertex 14.546 34.609 0
      vertex 14.4775 34.6474 1.9
      vertex 14.546 34.609 1.9
    endloop
  endfacet
  facet normal 0.488991 0.872289 0
    outer loop
      vertex 14.4775 34.6474 1.9
      vertex 14.546 34.609 0
      vertex 14.4775 34.6474 0
    endloop
  endfacet
  facet normal 0.678544 -0.734559 0
    outer loop
      vertex 14.2929 41.2071 0
      vertex 14.3506 41.2604 1.9
      vertex 14.2929 41.2071 1.9
    endloop
  endfacet
  facet normal 0.678544 -0.734559 0
    outer loop
      vertex 14.3506 41.2604 1.9
      vertex 14.2929 41.2071 0
      vertex 14.3506 41.2604 0
    endloop
  endfacet
  facet normal -0.907997 0.418977 0
    outer loop
      vertex 17.891 35.046 0
      vertex 17.9239 35.1173 1.9
      vertex 17.9239 35.1173 0
    endloop
  endfacet
  facet normal -0.907997 0.418977 0
    outer loop
      vertex 17.9239 35.1173 1.9
      vertex 17.891 35.046 0
      vertex 17.891 35.046 1.9
    endloop
  endfacet
  facet normal 0.555288 -0.831658 0
    outer loop
      vertex 14.4122 41.309 0
      vertex 14.4775 41.3526 1.9
      vertex 14.4122 41.309 1.9
    endloop
  endfacet
  facet normal 0.555288 -0.831658 0
    outer loop
      vertex 14.4775 41.3526 1.9
      vertex 14.4122 41.309 0
      vertex 14.4775 41.3526 0
    endloop
  endfacet
  facet normal 0.619396 0.785078 -0
    outer loop
      vertex 14.4122 34.691 0
      vertex 14.3506 34.7396 1.9
      vertex 14.4122 34.691 1.9
    endloop
  endfacet
  facet normal 0.619396 0.785078 0
    outer loop
      vertex 14.3506 34.7396 1.9
      vertex 14.4122 34.691 0
      vertex 14.3506 34.7396 0
    endloop
  endfacet
  facet normal 0.831658 -0.555288 0
    outer loop
      vertex 14.1474 41.0225 1.9
      vertex 14.191 41.0878 0
      vertex 14.191 41.0878 1.9
    endloop
  endfacet
  facet normal 0.831658 -0.555288 0
    outer loop
      vertex 14.191 41.0878 0
      vertex 14.1474 41.0225 1.9
      vertex 14.1474 41.0225 0
    endloop
  endfacet
  facet normal -0.117285 0.993098 0
    outer loop
      vertex 17.1564 34.5123 0
      vertex 17.0785 34.5031 1.9
      vertex 17.1564 34.5123 1.9
    endloop
  endfacet
  facet normal -0.117285 0.993098 0
    outer loop
      vertex 17.0785 34.5031 1.9
      vertex 17.1564 34.5123 0
      vertex 17.0785 34.5031 0
    endloop
  endfacet
  facet normal -0.831658 0.555288 0
    outer loop
      vertex 17.809 34.9122 0
      vertex 17.8526 34.9775 1.9
      vertex 17.8526 34.9775 0
    endloop
  endfacet
  facet normal -0.831658 0.555288 0
    outer loop
      vertex 17.8526 34.9775 1.9
      vertex 17.809 34.9122 0
      vertex 17.809 34.9122 1.9
    endloop
  endfacet
  facet normal -0.488991 0.872289 0
    outer loop
      vertex 17.5225 34.6474 0
      vertex 17.454 34.609 1.9
      vertex 17.5225 34.6474 1.9
    endloop
  endfacet
  facet normal -0.488991 0.872289 0
    outer loop
      vertex 17.454 34.609 1.9
      vertex 17.5225 34.6474 0
      vertex 17.454 34.609 0
    endloop
  endfacet
  facet normal -0.272367 -0.962193 0
    outer loop
      vertex 17.2334 41.4724 0
      vertex 17.309 41.451 1.9
      vertex 17.2334 41.4724 1.9
    endloop
  endfacet
  facet normal -0.272367 -0.962193 -0
    outer loop
      vertex 17.309 41.451 1.9
      vertex 17.2334 41.4724 0
      vertex 17.309 41.451 0
    endloop
  endfacet
  facet normal 0.831658 0.555288 0
    outer loop
      vertex 14.191 34.9122 1.9
      vertex 14.1474 34.9775 0
      vertex 14.1474 34.9775 1.9
    endloop
  endfacet
  facet normal 0.831658 0.555288 0
    outer loop
      vertex 14.1474 34.9775 0
      vertex 14.191 34.9122 1.9
      vertex 14.191 34.9122 0
    endloop
  endfacet
  facet normal -1 0 0
    outer loop
      vertex 18 35.5 0
      vertex 18 40.5 1.9
      vertex 18 40.5 0
    endloop
  endfacet
  facet normal -1 -0 0
    outer loop
      vertex 18 40.5 1.9
      vertex 18 35.5 0
      vertex 18 35.5 1.9
    endloop
  endfacet
  facet normal -0.194891 -0.980825 0
    outer loop
      vertex 17.1564 41.4877 0
      vertex 17.2334 41.4724 1.9
      vertex 17.1564 41.4877 1.9
    endloop
  endfacet
  facet normal -0.194891 -0.980825 -0
    outer loop
      vertex 17.2334 41.4724 1.9
      vertex 17.1564 41.4877 0
      vertex 17.2334 41.4724 0
    endloop
  endfacet
  facet normal 0.345115 -0.93856 0
    outer loop
      vertex 14.6173 41.4239 0
      vertex 14.691 41.451 1.9
      vertex 14.6173 41.4239 1.9
    endloop
  endfacet
  facet normal 0.345115 -0.93856 0
    outer loop
      vertex 14.691 41.451 1.9
      vertex 14.6173 41.4239 0
      vertex 14.691 41.451 0
    endloop
  endfacet
  facet normal -0.999221 -0.0394597 0
    outer loop
      vertex 18 40.5 0
      vertex 17.9969 40.5785 1.9
      vertex 17.9969 40.5785 0
    endloop
  endfacet
  facet normal -0.999221 -0.0394597 0
    outer loop
      vertex 17.9969 40.5785 1.9
      vertex 18 40.5 0
      vertex 18 40.5 1.9
    endloop
  endfacet
  facet normal -0.619396 0.785078 0
    outer loop
      vertex 17.6494 34.7396 0
      vertex 17.5878 34.691 1.9
      vertex 17.6494 34.7396 1.9
    endloop
  endfacet
  facet normal -0.619396 0.785078 0
    outer loop
      vertex 17.5878 34.691 1.9
      vertex 17.6494 34.7396 0
      vertex 17.5878 34.691 0
    endloop
  endfacet
  facet normal 0.418977 -0.907997 0
    outer loop
      vertex 14.546 41.391 0
      vertex 14.6173 41.4239 1.9
      vertex 14.546 41.391 1.9
    endloop
  endfacet
  facet normal 0.418977 -0.907997 0
    outer loop
      vertex 14.6173 41.4239 1.9
      vertex 14.546 41.391 0
      vertex 14.6173 41.4239 0
    endloop
  endfacet
  facet normal -0.194891 0.980825 0
    outer loop
      vertex 17.2334 34.5276 0
      vertex 17.1564 34.5123 1.9
      vertex 17.2334 34.5276 1.9
    endloop
  endfacet
  facet normal -0.194891 0.980825 0
    outer loop
      vertex 17.1564 34.5123 1.9
      vertex 17.2334 34.5276 0
      vertex 17.1564 34.5123 0
    endloop
  endfacet
  facet normal 0.872289 -0.488991 0
    outer loop
      vertex 14.109 40.954 1.9
      vertex 14.1474 41.0225 0
      vertex 14.1474 41.0225 1.9
    endloop
  endfacet
  facet normal 0.872289 -0.488991 0
    outer loop
      vertex 14.1474 41.0225 0
      vertex 14.109 40.954 1.9
      vertex 14.109 40.954 0
    endloop
  endfacet
  facet normal -0.678544 0.734559 0
    outer loop
      vertex 17.7071 34.7929 0
      vertex 17.6494 34.7396 1.9
      vertex 17.7071 34.7929 1.9
    endloop
  endfacet
  facet normal -0.678544 0.734559 0
    outer loop
      vertex 17.6494 34.7396 1.9
      vertex 17.7071 34.7929 0
      vertex 17.6494 34.7396 0
    endloop
  endfacet
  facet normal -0.872289 0.488991 0
    outer loop
      vertex 17.8526 34.9775 0
      vertex 17.891 35.046 1.9
      vertex 17.891 35.046 0
    endloop
  endfacet
  facet normal -0.872289 0.488991 0
    outer loop
      vertex 17.891 35.046 1.9
      vertex 17.8526 34.9775 0
      vertex 17.8526 34.9775 1.9
    endloop
  endfacet
  facet normal -0.0394597 0.999221 0
    outer loop
      vertex -14.9215 -41.4969 0
      vertex -15 -41.5 1.9
      vertex -14.9215 -41.4969 1.9
    endloop
  endfacet
  facet normal -0.0394597 0.999221 0
    outer loop
      vertex -15 -41.5 1.9
      vertex -14.9215 -41.4969 0
      vertex -15 -41.5 0
    endloop
  endfacet
  facet normal 0.980825 -0.194891 0
    outer loop
      vertex -17.9877 -35.3436 1.9
      vertex -17.9724 -35.2666 0
      vertex -17.9724 -35.2666 1.9
    endloop
  endfacet
  facet normal 0.980825 -0.194891 0
    outer loop
      vertex -17.9724 -35.2666 0
      vertex -17.9877 -35.3436 1.9
      vertex -17.9877 -35.3436 0
    endloop
  endfacet
  facet normal -0.831658 -0.555288 0
    outer loop
      vertex -14.1474 -34.9775 0
      vertex -14.191 -34.9122 1.9
      vertex -14.191 -34.9122 0
    endloop
  endfacet
  facet normal -0.831658 -0.555288 0
    outer loop
      vertex -14.191 -34.9122 1.9
      vertex -14.1474 -34.9775 0
      vertex -14.1474 -34.9775 1.9
    endloop
  endfacet
  facet normal 0.117285 0.993098 -0
    outer loop
      vertex -17.0785 -41.4969 0
      vertex -17.1564 -41.4877 1.9
      vertex -17.0785 -41.4969 1.9
    endloop
  endfacet
  facet normal 0.117285 0.993098 0
    outer loop
      vertex -17.1564 -41.4877 1.9
      vertex -17.0785 -41.4969 0
      vertex -17.1564 -41.4877 0
    endloop
  endfacet
  facet normal 0.488991 -0.872289 0
    outer loop
      vertex -17.5225 -34.6474 0
      vertex -17.454 -34.609 1.9
      vertex -17.5225 -34.6474 1.9
    endloop
  endfacet
  facet normal 0.488991 -0.872289 0
    outer loop
      vertex -17.454 -34.609 1.9
      vertex -17.5225 -34.6474 0
      vertex -17.454 -34.609 0
    endloop
  endfacet
  facet normal 0.345115 0.93856 -0
    outer loop
      vertex -17.309 -41.451 0
      vertex -17.3827 -41.4239 1.9
      vertex -17.309 -41.451 1.9
    endloop
  endfacet
  facet normal 0.345115 0.93856 0
    outer loop
      vertex -17.3827 -41.4239 1.9
      vertex -17.309 -41.451 0
      vertex -17.3827 -41.4239 0
    endloop
  endfacet
  facet normal 0.999221 0.0394597 0
    outer loop
      vertex -17.9969 -40.5785 1.9
      vertex -18 -40.5 0
      vertex -18 -40.5 1.9
    endloop
  endfacet
  facet normal 0.999221 0.0394597 0
    outer loop
      vertex -18 -40.5 0
      vertex -17.9969 -40.5785 1.9
      vertex -17.9969 -40.5785 0
    endloop
  endfacet
  facet normal -0.93856 0.345115 0
    outer loop
      vertex -14.0761 -40.8827 0
      vertex -14.049 -40.809 1.9
      vertex -14.049 -40.809 0
    endloop
  endfacet
  facet normal -0.93856 0.345115 0
    outer loop
      vertex -14.049 -40.809 1.9
      vertex -14.0761 -40.8827 0
      vertex -14.0761 -40.8827 1.9
    endloop
  endfacet
  facet normal -0.345115 0.93856 0
    outer loop
      vertex -14.6173 -41.4239 0
      vertex -14.691 -41.451 1.9
      vertex -14.6173 -41.4239 1.9
    endloop
  endfacet
  facet normal -0.345115 0.93856 0
    outer loop
      vertex -14.691 -41.451 1.9
      vertex -14.6173 -41.4239 0
      vertex -14.691 -41.451 0
    endloop
  endfacet
  facet normal 0.93856 -0.345115 0
    outer loop
      vertex -17.951 -35.191 1.9
      vertex -17.9239 -35.1173 0
      vertex -17.9239 -35.1173 1.9
    endloop
  endfacet
  facet normal 0.93856 -0.345115 0
    outer loop
      vertex -17.9239 -35.1173 0
      vertex -17.951 -35.191 1.9
      vertex -17.951 -35.191 0
    endloop
  endfacet
  facet normal -0.980825 0.194891 0
    outer loop
      vertex -14.0276 -40.7334 0
      vertex -14.0123 -40.6564 1.9
      vertex -14.0123 -40.6564 0
    endloop
  endfacet
  facet normal -0.980825 0.194891 0
    outer loop
      vertex -14.0123 -40.6564 1.9
      vertex -14.0276 -40.7334 0
      vertex -14.0276 -40.7334 1.9
    endloop
  endfacet
  facet normal 0.0394597 0.999221 -0
    outer loop
      vertex -17 -41.5 0
      vertex -17.0785 -41.4969 1.9
      vertex -17 -41.5 1.9
    endloop
  endfacet
  facet normal 0.0394597 0.999221 0
    outer loop
      vertex -17.0785 -41.4969 1.9
      vertex -17 -41.5 0
      vertex -17.0785 -41.4969 0
    endloop
  endfacet
  facet normal 0.0394597 -0.999221 0
    outer loop
      vertex -17.0785 -34.5031 0
      vertex -17 -34.5 1.9
      vertex -17.0785 -34.5031 1.9
    endloop
  endfacet
  facet normal 0.0394597 -0.999221 0
    outer loop
      vertex -17 -34.5 1.9
      vertex -17.0785 -34.5031 0
      vertex -17 -34.5 0
    endloop
  endfacet
  facet normal 0.619396 -0.785078 0
    outer loop
      vertex -17.6494 -34.7396 0
      vertex -17.5878 -34.691 1.9
      vertex -17.6494 -34.7396 1.9
    endloop
  endfacet
  facet normal 0.619396 -0.785078 0
    outer loop
      vertex -17.5878 -34.691 1.9
      vertex -17.6494 -34.7396 0
      vertex -17.5878 -34.691 0
    endloop
  endfacet
  facet normal 0.272367 0.962193 -0
    outer loop
      vertex -17.2334 -41.4724 0
      vertex -17.309 -41.451 1.9
      vertex -17.2334 -41.4724 1.9
    endloop
  endfacet
  facet normal 0.272367 0.962193 0
    outer loop
      vertex -17.309 -41.451 1.9
      vertex -17.2334 -41.4724 0
      vertex -17.309 -41.451 0
    endloop
  endfacet
  facet normal 0.194891 0.980825 -0
    outer loop
      vertex -17.1564 -41.4877 0
      vertex -17.2334 -41.4724 1.9
      vertex -17.1564 -41.4877 1.9
    endloop
  endfacet
  facet normal 0.194891 0.980825 0
    outer loop
      vertex -17.2334 -41.4724 1.9
      vertex -17.1564 -41.4877 0
      vertex -17.2334 -41.4724 0
    endloop
  endfacet
  facet normal -0.734559 -0.678544 0
    outer loop
      vertex -14.2396 -34.8506 0
      vertex -14.2929 -34.7929 1.9
      vertex -14.2929 -34.7929 0
    endloop
  endfacet
  facet normal -0.734559 -0.678544 0
    outer loop
      vertex -14.2929 -34.7929 1.9
      vertex -14.2396 -34.8506 0
      vertex -14.2396 -34.8506 1.9
    endloop
  endfacet
  facet normal 0.962193 0.272367 0
    outer loop
      vertex -17.951 -40.809 1.9
      vertex -17.9724 -40.7334 0
      vertex -17.9724 -40.7334 1.9
    endloop
  endfacet
  facet normal 0.962193 0.272367 0
    outer loop
      vertex -17.9724 -40.7334 0
      vertex -17.951 -40.809 1.9
      vertex -17.951 -40.809 0
    endloop
  endfacet
  facet normal 0 1 -0
    outer loop
      vertex -15 -41.5 0
      vertex -17 -41.5 1.9
      vertex -15 -41.5 1.9
    endloop
  endfacet
  facet normal 0 1 0
    outer loop
      vertex -17 -41.5 1.9
      vertex -15 -41.5 0
      vertex -17 -41.5 0
    endloop
  endfacet
  facet normal 0.993098 -0.117285 0
    outer loop
      vertex -17.9969 -35.4215 1.9
      vertex -17.9877 -35.3436 0
      vertex -17.9877 -35.3436 1.9
    endloop
  endfacet
  facet normal 0.993098 -0.117285 0
    outer loop
      vertex -17.9877 -35.3436 0
      vertex -17.9969 -35.4215 1.9
      vertex -17.9969 -35.4215 0
    endloop
  endfacet
  facet normal -0.555288 -0.831658 0
    outer loop
      vertex -14.4775 -34.6474 0
      vertex -14.4122 -34.691 1.9
      vertex -14.4775 -34.6474 1.9
    endloop
  endfacet
  facet normal -0.555288 -0.831658 -0
    outer loop
      vertex -14.4122 -34.691 1.9
      vertex -14.4775 -34.6474 0
      vertex -14.4122 -34.691 0
    endloop
  endfacet
  facet normal -0.993098 0.117285 0
    outer loop
      vertex -14.0123 -40.6564 0
      vertex -14.0031 -40.5785 1.9
      vertex -14.0031 -40.5785 0
    endloop
  endfacet
  facet normal -0.993098 0.117285 0
    outer loop
      vertex -14.0031 -40.5785 1.9
      vertex -14.0123 -40.6564 0
      vertex -14.0123 -40.6564 1.9
    endloop
  endfacet
  facet normal 0.678544 0.734559 -0
    outer loop
      vertex -17.6494 -41.2604 0
      vertex -17.7071 -41.2071 1.9
      vertex -17.6494 -41.2604 1.9
    endloop
  endfacet
  facet normal 0.678544 0.734559 0
    outer loop
      vertex -17.7071 -41.2071 1.9
      vertex -17.6494 -41.2604 0
      vertex -17.7071 -41.2071 0
    endloop
  endfacet
  facet normal 0.962193 -0.272367 0
    outer loop
      vertex -17.9724 -35.2666 1.9
      vertex -17.951 -35.191 0
      vertex -17.951 -35.191 1.9
    endloop
  endfacet
  facet normal 0.962193 -0.272367 0
    outer loop
      vertex -17.951 -35.191 0
      vertex -17.9724 -35.2666 1.9
      vertex -17.9724 -35.2666 0
    endloop
  endfacet
  facet normal 0.555288 0.831658 -0
    outer loop
      vertex -17.5225 -41.3526 0
      vertex -17.5878 -41.309 1.9
      vertex -17.5225 -41.3526 1.9
    endloop
  endfacet
  facet normal 0.555288 0.831658 0
    outer loop
      vertex -17.5878 -41.309 1.9
      vertex -17.5225 -41.3526 0
      vertex -17.5878 -41.309 0
    endloop
  endfacet
  facet normal 0.907997 -0.418977 0
    outer loop
      vertex -17.9239 -35.1173 1.9
      vertex -17.891 -35.046 0
      vertex -17.891 -35.046 1.9
    endloop
  endfacet
  facet normal 0.907997 -0.418977 0
    outer loop
      vertex -17.891 -35.046 0
      vertex -17.9239 -35.1173 1.9
      vertex -17.9239 -35.1173 0
    endloop
  endfacet
  facet normal -0.734559 0.678544 0
    outer loop
      vertex -14.2929 -41.2071 0
      vertex -14.2396 -41.1494 1.9
      vertex -14.2396 -41.1494 0
    endloop
  endfacet
  facet normal -0.734559 0.678544 0
    outer loop
      vertex -14.2396 -41.1494 1.9
      vertex -14.2929 -41.2071 0
      vertex -14.2929 -41.2071 1.9
    endloop
  endfacet
  facet normal -0.619396 -0.785078 0
    outer loop
      vertex -14.4122 -34.691 0
      vertex -14.3506 -34.7396 1.9
      vertex -14.4122 -34.691 1.9
    endloop
  endfacet
  facet normal -0.619396 -0.785078 -0
    outer loop
      vertex -14.3506 -34.7396 1.9
      vertex -14.4122 -34.691 0
      vertex -14.3506 -34.7396 0
    endloop
  endfacet
  facet normal 0.117285 -0.993098 0
    outer loop
      vertex -17.1564 -34.5123 0
      vertex -17.0785 -34.5031 1.9
      vertex -17.1564 -34.5123 1.9
    endloop
  endfacet
  facet normal 0.117285 -0.993098 0
    outer loop
      vertex -17.0785 -34.5031 1.9
      vertex -17.1564 -34.5123 0
      vertex -17.0785 -34.5031 0
    endloop
  endfacet
  facet normal 0.999221 -0.0394597 0
    outer loop
      vertex -18 -35.5 1.9
      vertex -17.9969 -35.4215 0
      vertex -17.9969 -35.4215 1.9
    endloop
  endfacet
  facet normal 0.999221 -0.0394597 0
    outer loop
      vertex -17.9969 -35.4215 0
      vertex -18 -35.5 1.9
      vertex -18 -35.5 0
    endloop
  endfacet
  facet normal -0.272367 0.962193 0
    outer loop
      vertex -14.691 -41.451 0
      vertex -14.7666 -41.4724 1.9
      vertex -14.691 -41.451 1.9
    endloop
  endfacet
  facet normal -0.272367 0.962193 0
    outer loop
      vertex -14.7666 -41.4724 1.9
      vertex -14.691 -41.451 0
      vertex -14.7666 -41.4724 0
    endloop
  endfacet
  facet normal -0.0394597 -0.999221 0
    outer loop
      vertex -15 -34.5 0
      vertex -14.9215 -34.5031 1.9
      vertex -15 -34.5 1.9
    endloop
  endfacet
  facet normal -0.0394597 -0.999221 -0
    outer loop
      vertex -14.9215 -34.5031 1.9
      vertex -15 -34.5 0
      vertex -14.9215 -34.5031 0
    endloop
  endfacet
  facet normal 0 -1 0
    outer loop
      vertex -17 -34.5 0
      vertex -15 -34.5 1.9
      vertex -17 -34.5 1.9
    endloop
  endfacet
  facet normal 0 -1 -0
    outer loop
      vertex -15 -34.5 1.9
      vertex -17 -34.5 0
      vertex -15 -34.5 0
    endloop
  endfacet
  facet normal 0.785078 -0.619396 0
    outer loop
      vertex -17.809 -34.9122 1.9
      vertex -17.7604 -34.8506 0
      vertex -17.7604 -34.8506 1.9
    endloop
  endfacet
  facet normal 0.785078 -0.619396 0
    outer loop
      vertex -17.7604 -34.8506 0
      vertex -17.809 -34.9122 1.9
      vertex -17.809 -34.9122 0
    endloop
  endfacet
  facet normal 0.272367 -0.962193 0
    outer loop
      vertex -17.309 -34.549 0
      vertex -17.2334 -34.5276 1.9
      vertex -17.309 -34.549 1.9
    endloop
  endfacet
  facet normal 0.272367 -0.962193 0
    outer loop
      vertex -17.2334 -34.5276 1.9
      vertex -17.309 -34.549 0
      vertex -17.2334 -34.5276 0
    endloop
  endfacet
  facet normal -0.418977 -0.907997 0
    outer loop
      vertex -14.6173 -34.5761 0
      vertex -14.546 -34.609 1.9
      vertex -14.6173 -34.5761 1.9
    endloop
  endfacet
  facet normal -0.418977 -0.907997 -0
    outer loop
      vertex -14.546 -34.609 1.9
      vertex -14.6173 -34.5761 0
      vertex -14.546 -34.609 0
    endloop
  endfacet
  facet normal 0.993098 0.117285 0
    outer loop
      vertex -17.9877 -40.6564 1.9
      vertex -17.9969 -40.5785 0
      vertex -17.9969 -40.5785 1.9
    endloop
  endfacet
  facet normal 0.993098 0.117285 0
    outer loop
      vertex -17.9969 -40.5785 0
      vertex -17.9877 -40.6564 1.9
      vertex -17.9877 -40.6564 0
    endloop
  endfacet
  facet normal 0.907997 0.418977 0
    outer loop
      vertex -17.891 -40.954 1.9
      vertex -17.9239 -40.8827 0
      vertex -17.9239 -40.8827 1.9
    endloop
  endfacet
  facet normal 0.907997 0.418977 0
    outer loop
      vertex -17.9239 -40.8827 0
      vertex -17.891 -40.954 1.9
      vertex -17.891 -40.954 0
    endloop
  endfacet
  facet normal 1 -0 0
    outer loop
      vertex -18 -40.5 1.9
      vertex -18 -35.5 0
      vertex -18 -35.5 1.9
    endloop
  endfacet
  facet normal 1 0 0
    outer loop
      vertex -18 -35.5 0
      vertex -18 -40.5 1.9
      vertex -18 -40.5 0
    endloop
  endfacet
  facet normal 0.734559 -0.678544 0
    outer loop
      vertex -17.7604 -34.8506 1.9
      vertex -17.7071 -34.7929 0
      vertex -17.7071 -34.7929 1.9
    endloop
  endfacet
  facet normal 0.734559 -0.678544 0
    outer loop
      vertex -17.7071 -34.7929 0
      vertex -17.7604 -34.8506 1.9
      vertex -17.7604 -34.8506 0
    endloop
  endfacet
  facet normal -0.962193 -0.272367 0
    outer loop
      vertex -14.0276 -35.2666 0
      vertex -14.049 -35.191 1.9
      vertex -14.049 -35.191 0
    endloop
  endfacet
  facet normal -0.962193 -0.272367 0
    outer loop
      vertex -14.049 -35.191 1.9
      vertex -14.0276 -35.2666 0
      vertex -14.0276 -35.2666 1.9
    endloop
  endfacet
  facet normal -0.345115 -0.93856 0
    outer loop
      vertex -14.691 -34.549 0
      vertex -14.6173 -34.5761 1.9
      vertex -14.691 -34.549 1.9
    endloop
  endfacet
  facet normal -0.345115 -0.93856 -0
    outer loop
      vertex -14.6173 -34.5761 1.9
      vertex -14.691 -34.549 0
      vertex -14.6173 -34.5761 0
    endloop
  endfacet
  facet normal -0.872289 -0.488991 0
    outer loop
      vertex -14.109 -35.046 0
      vertex -14.1474 -34.9775 1.9
      vertex -14.1474 -34.9775 0
    endloop
  endfacet
  facet normal -0.872289 -0.488991 0
    outer loop
      vertex -14.1474 -34.9775 1.9
      vertex -14.109 -35.046 0
      vertex -14.109 -35.046 1.9
    endloop
  endfacet
  facet normal -0.785078 0.619396 0
    outer loop
      vertex -14.2396 -41.1494 0
      vertex -14.191 -41.0878 1.9
      vertex -14.191 -41.0878 0
    endloop
  endfacet
  facet normal -0.785078 0.619396 0
    outer loop
      vertex -14.191 -41.0878 1.9
      vertex -14.2396 -41.1494 0
      vertex -14.2396 -41.1494 1.9
    endloop
  endfacet
  facet normal 0.872289 0.488991 0
    outer loop
      vertex -17.8526 -41.0225 1.9
      vertex -17.891 -40.954 0
      vertex -17.891 -40.954 1.9
    endloop
  endfacet
  facet normal 0.872289 0.488991 0
    outer loop
      vertex -17.891 -40.954 0
      vertex -17.8526 -41.0225 1.9
      vertex -17.8526 -41.0225 0
    endloop
  endfacet
  facet normal 0.194891 -0.980825 0
    outer loop
      vertex -17.2334 -34.5276 0
      vertex -17.1564 -34.5123 1.9
      vertex -17.2334 -34.5276 1.9
    endloop
  endfacet
  facet normal 0.194891 -0.980825 0
    outer loop
      vertex -17.1564 -34.5123 1.9
      vertex -17.2334 -34.5276 0
      vertex -17.1564 -34.5123 0
    endloop
  endfacet
  facet normal 0.785078 0.619396 0
    outer loop
      vertex -17.7604 -41.1494 1.9
      vertex -17.809 -41.0878 0
      vertex -17.809 -41.0878 1.9
    endloop
  endfacet
  facet normal 0.785078 0.619396 0
    outer loop
      vertex -17.809 -41.0878 0
      vertex -17.7604 -41.1494 1.9
      vertex -17.7604 -41.1494 0
    endloop
  endfacet
  facet normal -0.907997 -0.418977 0
    outer loop
      vertex -14.0761 -35.1173 0
      vertex -14.109 -35.046 1.9
      vertex -14.109 -35.046 0
    endloop
  endfacet
  facet normal -0.907997 -0.418977 0
    outer loop
      vertex -14.109 -35.046 1.9
      vertex -14.0761 -35.1173 0
      vertex -14.0761 -35.1173 1.9
    endloop
  endfacet
  facet normal -0.93856 -0.345115 0
    outer loop
      vertex -14.049 -35.191 0
      vertex -14.0761 -35.1173 1.9
      vertex -14.0761 -35.1173 0
    endloop
  endfacet
  facet normal -0.93856 -0.345115 0
    outer loop
      vertex -14.0761 -35.1173 1.9
      vertex -14.049 -35.191 0
      vertex -14.049 -35.191 1.9
    endloop
  endfacet
  facet normal -0.785078 -0.619396 0
    outer loop
      vertex -14.191 -34.9122 0
      vertex -14.2396 -34.8506 1.9
      vertex -14.2396 -34.8506 0
    endloop
  endfacet
  facet normal -0.785078 -0.619396 0
    outer loop
      vertex -14.2396 -34.8506 1.9
      vertex -14.191 -34.9122 0
      vertex -14.191 -34.9122 1.9
    endloop
  endfacet
  facet normal 0.93856 0.345115 0
    outer loop
      vertex -17.9239 -40.8827 1.9
      vertex -17.951 -40.809 0
      vertex -17.951 -40.809 1.9
    endloop
  endfacet
  facet normal 0.93856 0.345115 0
    outer loop
      vertex -17.951 -40.809 0
      vertex -17.9239 -40.8827 1.9
      vertex -17.9239 -40.8827 0
    endloop
  endfacet
  facet normal -0.678544 -0.734559 0
    outer loop
      vertex -14.3506 -34.7396 0
      vertex -14.2929 -34.7929 1.9
      vertex -14.3506 -34.7396 1.9
    endloop
  endfacet
  facet normal -0.678544 -0.734559 -0
    outer loop
      vertex -14.2929 -34.7929 1.9
      vertex -14.3506 -34.7396 0
      vertex -14.2929 -34.7929 0
    endloop
  endfacet
  facet normal -0.117285 -0.993098 0
    outer loop
      vertex -14.9215 -34.5031 0
      vertex -14.8436 -34.5123 1.9
      vertex -14.9215 -34.5031 1.9
    endloop
  endfacet
  facet normal -0.117285 -0.993098 -0
    outer loop
      vertex -14.8436 -34.5123 1.9
      vertex -14.9215 -34.5031 0
      vertex -14.8436 -34.5123 0
    endloop
  endfacet
  facet normal -0.488991 -0.872289 0
    outer loop
      vertex -14.546 -34.609 0
      vertex -14.4775 -34.6474 1.9
      vertex -14.546 -34.609 1.9
    endloop
  endfacet
  facet normal -0.488991 -0.872289 -0
    outer loop
      vertex -14.4775 -34.6474 1.9
      vertex -14.546 -34.609 0
      vertex -14.4775 -34.6474 0
    endloop
  endfacet
  facet normal -0.993098 -0.117285 0
    outer loop
      vertex -14.0031 -35.4215 0
      vertex -14.0123 -35.3436 1.9
      vertex -14.0123 -35.3436 0
    endloop
  endfacet
  facet normal -0.993098 -0.117285 0
    outer loop
      vertex -14.0123 -35.3436 1.9
      vertex -14.0031 -35.4215 0
      vertex -14.0031 -35.4215 1.9
    endloop
  endfacet
  facet normal 0.980825 0.194891 0
    outer loop
      vertex -17.9724 -40.7334 1.9
      vertex -17.9877 -40.6564 0
      vertex -17.9877 -40.6564 1.9
    endloop
  endfacet
  facet normal 0.980825 0.194891 0
    outer loop
      vertex -17.9877 -40.6564 0
      vertex -17.9724 -40.7334 1.9
      vertex -17.9724 -40.7334 0
    endloop
  endfacet
  facet normal -0.418977 0.907997 0
    outer loop
      vertex -14.546 -41.391 0
      vertex -14.6173 -41.4239 1.9
      vertex -14.546 -41.391 1.9
    endloop
  endfacet
  facet normal -0.418977 0.907997 0
    outer loop
      vertex -14.6173 -41.4239 1.9
      vertex -14.546 -41.391 0
      vertex -14.6173 -41.4239 0
    endloop
  endfacet
  facet normal -0.555288 0.831658 0
    outer loop
      vertex -14.4122 -41.309 0
      vertex -14.4775 -41.3526 1.9
      vertex -14.4122 -41.309 1.9
    endloop
  endfacet
  facet normal -0.555288 0.831658 0
    outer loop
      vertex -14.4775 -41.3526 1.9
      vertex -14.4122 -41.309 0
      vertex -14.4775 -41.3526 0
    endloop
  endfacet
  facet normal -0.980825 -0.194891 0
    outer loop
      vertex -14.0123 -35.3436 0
      vertex -14.0276 -35.2666 1.9
      vertex -14.0276 -35.2666 0
    endloop
  endfacet
  facet normal -0.980825 -0.194891 0
    outer loop
      vertex -14.0276 -35.2666 1.9
      vertex -14.0123 -35.3436 0
      vertex -14.0123 -35.3436 1.9
    endloop
  endfacet
  facet normal 0.734559 0.678544 0
    outer loop
      vertex -17.7071 -41.2071 1.9
      vertex -17.7604 -41.1494 0
      vertex -17.7604 -41.1494 1.9
    endloop
  endfacet
  facet normal 0.734559 0.678544 0
    outer loop
      vertex -17.7604 -41.1494 0
      vertex -17.7071 -41.2071 1.9
      vertex -17.7071 -41.2071 0
    endloop
  endfacet
  facet normal -0.999221 0.0394597 0
    outer loop
      vertex -14.0031 -40.5785 0
      vertex -14 -40.5 1.9
      vertex -14 -40.5 0
    endloop
  endfacet
  facet normal -0.999221 0.0394597 0
    outer loop
      vertex -14 -40.5 1.9
      vertex -14.0031 -40.5785 0
      vertex -14.0031 -40.5785 1.9
    endloop
  endfacet
  facet normal 0.418977 0.907997 -0
    outer loop
      vertex -17.3827 -41.4239 0
      vertex -17.454 -41.391 1.9
      vertex -17.3827 -41.4239 1.9
    endloop
  endfacet
  facet normal 0.418977 0.907997 0
    outer loop
      vertex -17.454 -41.391 1.9
      vertex -17.3827 -41.4239 0
      vertex -17.454 -41.391 0
    endloop
  endfacet
  facet normal 0.488991 0.872289 -0
    outer loop
      vertex -17.454 -41.391 0
      vertex -17.5225 -41.3526 1.9
      vertex -17.454 -41.391 1.9
    endloop
  endfacet
  facet normal 0.488991 0.872289 0
    outer loop
      vertex -17.5225 -41.3526 1.9
      vertex -17.454 -41.391 0
      vertex -17.5225 -41.3526 0
    endloop
  endfacet
  facet normal 0.678544 -0.734559 0
    outer loop
      vertex -17.7071 -34.7929 0
      vertex -17.6494 -34.7396 1.9
      vertex -17.7071 -34.7929 1.9
    endloop
  endfacet
  facet normal 0.678544 -0.734559 0
    outer loop
      vertex -17.6494 -34.7396 1.9
      vertex -17.7071 -34.7929 0
      vertex -17.6494 -34.7396 0
    endloop
  endfacet
  facet normal -0.907997 0.418977 0
    outer loop
      vertex -14.109 -40.954 0
      vertex -14.0761 -40.8827 1.9
      vertex -14.0761 -40.8827 0
    endloop
  endfacet
  facet normal -0.907997 0.418977 0
    outer loop
      vertex -14.0761 -40.8827 1.9
      vertex -14.109 -40.954 0
      vertex -14.109 -40.954 1.9
    endloop
  endfacet
  facet normal 0.555288 -0.831658 0
    outer loop
      vertex -17.5878 -34.691 0
      vertex -17.5225 -34.6474 1.9
      vertex -17.5878 -34.691 1.9
    endloop
  endfacet
  facet normal 0.555288 -0.831658 0
    outer loop
      vertex -17.5225 -34.6474 1.9
      vertex -17.5878 -34.691 0
      vertex -17.5225 -34.6474 0
    endloop
  endfacet
  facet normal 0.619396 0.785078 -0
    outer loop
      vertex -17.5878 -41.309 0
      vertex -17.6494 -41.2604 1.9
      vertex -17.5878 -41.309 1.9
    endloop
  endfacet
  facet normal 0.619396 0.785078 0
    outer loop
      vertex -17.6494 -41.2604 1.9
      vertex -17.5878 -41.309 0
      vertex -17.6494 -41.2604 0
    endloop
  endfacet
  facet normal 0.831658 -0.555288 0
    outer loop
      vertex -17.8526 -34.9775 1.9
      vertex -17.809 -34.9122 0
      vertex -17.809 -34.9122 1.9
    endloop
  endfacet
  facet normal 0.831658 -0.555288 0
    outer loop
      vertex -17.809 -34.9122 0
      vertex -17.8526 -34.9775 1.9
      vertex -17.8526 -34.9775 0
    endloop
  endfacet
  facet normal -0.117285 0.993098 0
    outer loop
      vertex -14.8436 -41.4877 0
      vertex -14.9215 -41.4969 1.9
      vertex -14.8436 -41.4877 1.9
    endloop
  endfacet
  facet normal -0.117285 0.993098 0
    outer loop
      vertex -14.9215 -41.4969 1.9
      vertex -14.8436 -41.4877 0
      vertex -14.9215 -41.4969 0
    endloop
  endfacet
  facet normal -0.831658 0.555288 0
    outer loop
      vertex -14.191 -41.0878 0
      vertex -14.1474 -41.0225 1.9
      vertex -14.1474 -41.0225 0
    endloop
  endfacet
  facet normal -0.831658 0.555288 0
    outer loop
      vertex -14.1474 -41.0225 1.9
      vertex -14.191 -41.0878 0
      vertex -14.191 -41.0878 1.9
    endloop
  endfacet
  facet normal -0.488991 0.872289 0
    outer loop
      vertex -14.4775 -41.3526 0
      vertex -14.546 -41.391 1.9
      vertex -14.4775 -41.3526 1.9
    endloop
  endfacet
  facet normal -0.488991 0.872289 0
    outer loop
      vertex -14.546 -41.391 1.9
      vertex -14.4775 -41.3526 0
      vertex -14.546 -41.391 0
    endloop
  endfacet
  facet normal -0.272367 -0.962193 0
    outer loop
      vertex -14.7666 -34.5276 0
      vertex -14.691 -34.549 1.9
      vertex -14.7666 -34.5276 1.9
    endloop
  endfacet
  facet normal -0.272367 -0.962193 -0
    outer loop
      vertex -14.691 -34.549 1.9
      vertex -14.7666 -34.5276 0
      vertex -14.691 -34.549 0
    endloop
  endfacet
  facet normal 0.831658 0.555288 0
    outer loop
      vertex -17.809 -41.0878 1.9
      vertex -17.8526 -41.0225 0
      vertex -17.8526 -41.0225 1.9
    endloop
  endfacet
  facet normal 0.831658 0.555288 0
    outer loop
      vertex -17.8526 -41.0225 0
      vertex -17.809 -41.0878 1.9
      vertex -17.809 -41.0878 0
    endloop
  endfacet
  facet normal -1 0 0
    outer loop
      vertex -14 -40.5 0
      vertex -14 -35.5 1.9
      vertex -14 -35.5 0
    endloop
  endfacet
  facet normal -1 -0 0
    outer loop
      vertex -14 -35.5 1.9
      vertex -14 -40.5 0
      vertex -14 -40.5 1.9
    endloop
  endfacet
  facet normal -0.194891 -0.980825 0
    outer loop
      vertex -14.8436 -34.5123 0
      vertex -14.7666 -34.5276 1.9
      vertex -14.8436 -34.5123 1.9
    endloop
  endfacet
  facet normal -0.194891 -0.980825 -0
    outer loop
      vertex -14.7666 -34.5276 1.9
      vertex -14.8436 -34.5123 0
      vertex -14.7666 -34.5276 0
    endloop
  endfacet
  facet normal 0.345115 -0.93856 0
    outer loop
      vertex -17.3827 -34.5761 0
      vertex -17.309 -34.549 1.9
      vertex -17.3827 -34.5761 1.9
    endloop
  endfacet
  facet normal 0.345115 -0.93856 0
    outer loop
      vertex -17.309 -34.549 1.9
      vertex -17.3827 -34.5761 0
      vertex -17.309 -34.549 0
    endloop
  endfacet
  facet normal -0.999221 -0.0394597 0
    outer loop
      vertex -14 -35.5 0
      vertex -14.0031 -35.4215 1.9
      vertex -14.0031 -35.4215 0
    endloop
  endfacet
  facet normal -0.999221 -0.0394597 0
    outer loop
      vertex -14.0031 -35.4215 1.9
      vertex -14 -35.5 0
      vertex -14 -35.5 1.9
    endloop
  endfacet
  facet normal -0.962193 0.272367 0
    outer loop
      vertex -14.049 -40.809 0
      vertex -14.0276 -40.7334 1.9
      vertex -14.0276 -40.7334 0
    endloop
  endfacet
  facet normal -0.962193 0.272367 0
    outer loop
      vertex -14.0276 -40.7334 1.9
      vertex -14.049 -40.809 0
      vertex -14.049 -40.809 1.9
    endloop
  endfacet
  facet normal -0.619396 0.785078 0
    outer loop
      vertex -14.3506 -41.2604 0
      vertex -14.4122 -41.309 1.9
      vertex -14.3506 -41.2604 1.9
    endloop
  endfacet
  facet normal -0.619396 0.785078 0
    outer loop
      vertex -14.4122 -41.309 1.9
      vertex -14.3506 -41.2604 0
      vertex -14.4122 -41.309 0
    endloop
  endfacet
  facet normal 0.418977 -0.907997 0
    outer loop
      vertex -17.454 -34.609 0
      vertex -17.3827 -34.5761 1.9
      vertex -17.454 -34.609 1.9
    endloop
  endfacet
  facet normal 0.418977 -0.907997 0
    outer loop
      vertex -17.3827 -34.5761 1.9
      vertex -17.454 -34.609 0
      vertex -17.3827 -34.5761 0
    endloop
  endfacet
  facet normal -0.194891 0.980825 0
    outer loop
      vertex -14.7666 -41.4724 0
      vertex -14.8436 -41.4877 1.9
      vertex -14.7666 -41.4724 1.9
    endloop
  endfacet
  facet normal -0.194891 0.980825 0
    outer loop
      vertex -14.8436 -41.4877 1.9
      vertex -14.7666 -41.4724 0
      vertex -14.8436 -41.4877 0
    endloop
  endfacet
  facet normal 0.872289 -0.488991 0
    outer loop
      vertex -17.891 -35.046 1.9
      vertex -17.8526 -34.9775 0
      vertex -17.8526 -34.9775 1.9
    endloop
  endfacet
  facet normal 0.872289 -0.488991 0
    outer loop
      vertex -17.8526 -34.9775 0
      vertex -17.891 -35.046 1.9
      vertex -17.891 -35.046 0
    endloop
  endfacet
  facet normal -0.678544 0.734559 0
    outer loop
      vertex -14.2929 -41.2071 0
      vertex -14.3506 -41.2604 1.9
      vertex -14.2929 -41.2071 1.9
    endloop
  endfacet
  facet normal -0.678544 0.734559 0
    outer loop
      vertex -14.3506 -41.2604 1.9
      vertex -14.2929 -41.2071 0
      vertex -14.3506 -41.2604 0
    endloop
  endfacet
  facet normal -0.872289 0.488991 0
    outer loop
      vertex -14.1474 -41.0225 0
      vertex -14.109 -40.954 1.9
      vertex -14.109 -40.954 0
    endloop
  endfacet
  facet normal -0.872289 0.488991 0
    outer loop
      vertex -14.109 -40.954 1.9
      vertex -14.1474 -41.0225 0
      vertex -14.1474 -41.0225 1.9
    endloop
  endfacet
  facet normal -0.0394597 0.999221 0
    outer loop
      vertex 17.0785 -41.4969 0
      vertex 17 -41.5 1.9
      vertex 17.0785 -41.4969 1.9
    endloop
  endfacet
  facet normal -0.0394597 0.999221 0
    outer loop
      vertex 17 -41.5 1.9
      vertex 17.0785 -41.4969 0
      vertex 17 -41.5 0
    endloop
  endfacet
  facet normal 0.980825 -0.194891 0
    outer loop
      vertex 14.0123 -35.3436 1.9
      vertex 14.0276 -35.2666 0
      vertex 14.0276 -35.2666 1.9
    endloop
  endfacet
  facet normal 0.980825 -0.194891 0
    outer loop
      vertex 14.0276 -35.2666 0
      vertex 14.0123 -35.3436 1.9
      vertex 14.0123 -35.3436 0
    endloop
  endfacet
  facet normal -0.831658 -0.555288 0
    outer loop
      vertex 17.8526 -34.9775 0
      vertex 17.809 -34.9122 1.9
      vertex 17.809 -34.9122 0
    endloop
  endfacet
  facet normal -0.831658 -0.555288 0
    outer loop
      vertex 17.809 -34.9122 1.9
      vertex 17.8526 -34.9775 0
      vertex 17.8526 -34.9775 1.9
    endloop
  endfacet
  facet normal 0.117285 0.993098 -0
    outer loop
      vertex 14.9215 -41.4969 0
      vertex 14.8436 -41.4877 1.9
      vertex 14.9215 -41.4969 1.9
    endloop
  endfacet
  facet normal 0.117285 0.993098 0
    outer loop
      vertex 14.8436 -41.4877 1.9
      vertex 14.9215 -41.4969 0
      vertex 14.8436 -41.4877 0
    endloop
  endfacet
  facet normal 0.488991 -0.872289 0
    outer loop
      vertex 14.4775 -34.6474 0
      vertex 14.546 -34.609 1.9
      vertex 14.4775 -34.6474 1.9
    endloop
  endfacet
  facet normal 0.488991 -0.872289 0
    outer loop
      vertex 14.546 -34.609 1.9
      vertex 14.4775 -34.6474 0
      vertex 14.546 -34.609 0
    endloop
  endfacet
  facet normal 0.345115 0.93856 -0
    outer loop
      vertex 14.691 -41.451 0
      vertex 14.6173 -41.4239 1.9
      vertex 14.691 -41.451 1.9
    endloop
  endfacet
  facet normal 0.345115 0.93856 0
    outer loop
      vertex 14.6173 -41.4239 1.9
      vertex 14.691 -41.451 0
      vertex 14.6173 -41.4239 0
    endloop
  endfacet
  facet normal 0.999221 0.0394597 0
    outer loop
      vertex 14.0031 -40.5785 1.9
      vertex 14 -40.5 0
      vertex 14 -40.5 1.9
    endloop
  endfacet
  facet normal 0.999221 0.0394597 0
    outer loop
      vertex 14 -40.5 0
      vertex 14.0031 -40.5785 1.9
      vertex 14.0031 -40.5785 0
    endloop
  endfacet
  facet normal -0.93856 0.345115 0
    outer loop
      vertex 17.9239 -40.8827 0
      vertex 17.951 -40.809 1.9
      vertex 17.951 -40.809 0
    endloop
  endfacet
  facet normal -0.93856 0.345115 0
    outer loop
      vertex 17.951 -40.809 1.9
      vertex 17.9239 -40.8827 0
      vertex 17.9239 -40.8827 1.9
    endloop
  endfacet
  facet normal -0.345115 0.93856 0
    outer loop
      vertex 17.3827 -41.4239 0
      vertex 17.309 -41.451 1.9
      vertex 17.3827 -41.4239 1.9
    endloop
  endfacet
  facet normal -0.345115 0.93856 0
    outer loop
      vertex 17.309 -41.451 1.9
      vertex 17.3827 -41.4239 0
      vertex 17.309 -41.451 0
    endloop
  endfacet
  facet normal 0.93856 -0.345115 0
    outer loop
      vertex 14.049 -35.191 1.9
      vertex 14.0761 -35.1173 0
      vertex 14.0761 -35.1173 1.9
    endloop
  endfacet
  facet normal 0.93856 -0.345115 0
    outer loop
      vertex 14.0761 -35.1173 0
      vertex 14.049 -35.191 1.9
      vertex 14.049 -35.191 0
    endloop
  endfacet
  facet normal -0.980825 0.194891 0
    outer loop
      vertex 17.9724 -40.7334 0
      vertex 17.9877 -40.6564 1.9
      vertex 17.9877 -40.6564 0
    endloop
  endfacet
  facet normal -0.980825 0.194891 0
    outer loop
      vertex 17.9877 -40.6564 1.9
      vertex 17.9724 -40.7334 0
      vertex 17.9724 -40.7334 1.9
    endloop
  endfacet
  facet normal 0.0394597 0.999221 -0
    outer loop
      vertex 15 -41.5 0
      vertex 14.9215 -41.4969 1.9
      vertex 15 -41.5 1.9
    endloop
  endfacet
  facet normal 0.0394597 0.999221 0
    outer loop
      vertex 14.9215 -41.4969 1.9
      vertex 15 -41.5 0
      vertex 14.9215 -41.4969 0
    endloop
  endfacet
  facet normal 0.0394597 -0.999221 0
    outer loop
      vertex 14.9215 -34.5031 0
      vertex 15 -34.5 1.9
      vertex 14.9215 -34.5031 1.9
    endloop
  endfacet
  facet normal 0.0394597 -0.999221 0
    outer loop
      vertex 15 -34.5 1.9
      vertex 14.9215 -34.5031 0
      vertex 15 -34.5 0
    endloop
  endfacet
  facet normal 0.619396 -0.785078 0
    outer loop
      vertex 14.3506 -34.7396 0
      vertex 14.4122 -34.691 1.9
      vertex 14.3506 -34.7396 1.9
    endloop
  endfacet
  facet normal 0.619396 -0.785078 0
    outer loop
      vertex 14.4122 -34.691 1.9
      vertex 14.3506 -34.7396 0
      vertex 14.4122 -34.691 0
    endloop
  endfacet
  facet normal 0.272367 0.962193 -0
    outer loop
      vertex 14.7666 -41.4724 0
      vertex 14.691 -41.451 1.9
      vertex 14.7666 -41.4724 1.9
    endloop
  endfacet
  facet normal 0.272367 0.962193 0
    outer loop
      vertex 14.691 -41.451 1.9
      vertex 14.7666 -41.4724 0
      vertex 14.691 -41.451 0
    endloop
  endfacet
  facet normal -0.734559 -0.678544 0
    outer loop
      vertex 17.7604 -34.8506 0
      vertex 17.7071 -34.7929 1.9
      vertex 17.7071 -34.7929 0
    endloop
  endfacet
  facet normal -0.734559 -0.678544 0
    outer loop
      vertex 17.7071 -34.7929 1.9
      vertex 17.7604 -34.8506 0
      vertex 17.7604 -34.8506 1.9
    endloop
  endfacet
  facet normal 0.962193 0.272367 0
    outer loop
      vertex 14.049 -40.809 1.9
      vertex 14.0276 -40.7334 0
      vertex 14.0276 -40.7334 1.9
    endloop
  endfacet
  facet normal 0.962193 0.272367 0
    outer loop
      vertex 14.0276 -40.7334 0
      vertex 14.049 -40.809 1.9
      vertex 14.049 -40.809 0
    endloop
  endfacet
  facet normal 0 1 -0
    outer loop
      vertex 17 -41.5 0
      vertex 15 -41.5 1.9
      vertex 17 -41.5 1.9
    endloop
  endfacet
  facet normal 0 1 0
    outer loop
      vertex 15 -41.5 1.9
      vertex 17 -41.5 0
      vertex 15 -41.5 0
    endloop
  endfacet
  facet normal 0.993098 -0.117285 0
    outer loop
      vertex 14.0031 -35.4215 1.9
      vertex 14.0123 -35.3436 0
      vertex 14.0123 -35.3436 1.9
    endloop
  endfacet
  facet normal 0.993098 -0.117285 0
    outer loop
      vertex 14.0123 -35.3436 0
      vertex 14.0031 -35.4215 1.9
      vertex 14.0031 -35.4215 0
    endloop
  endfacet
  facet normal -0.555288 -0.831658 0
    outer loop
      vertex 17.5225 -34.6474 0
      vertex 17.5878 -34.691 1.9
      vertex 17.5225 -34.6474 1.9
    endloop
  endfacet
  facet normal -0.555288 -0.831658 -0
    outer loop
      vertex 17.5878 -34.691 1.9
      vertex 17.5225 -34.6474 0
      vertex 17.5878 -34.691 0
    endloop
  endfacet
  facet normal -0.993098 0.117285 0
    outer loop
      vertex 17.9877 -40.6564 0
      vertex 17.9969 -40.5785 1.9
      vertex 17.9969 -40.5785 0
    endloop
  endfacet
  facet normal -0.993098 0.117285 0
    outer loop
      vertex 17.9969 -40.5785 1.9
      vertex 17.9877 -40.6564 0
      vertex 17.9877 -40.6564 1.9
    endloop
  endfacet
  facet normal 0.678544 0.734559 -0
    outer loop
      vertex 14.3506 -41.2604 0
      vertex 14.2929 -41.2071 1.9
      vertex 14.3506 -41.2604 1.9
    endloop
  endfacet
  facet normal 0.678544 0.734559 0
    outer loop
      vertex 14.2929 -41.2071 1.9
      vertex 14.3506 -41.2604 0
      vertex 14.2929 -41.2071 0
    endloop
  endfacet
  facet normal 0.962193 -0.272367 0
    outer loop
      vertex 14.0276 -35.2666 1.9
      vertex 14.049 -35.191 0
      vertex 14.049 -35.191 1.9
    endloop
  endfacet
  facet normal 0.962193 -0.272367 0
    outer loop
      vertex 14.049 -35.191 0
      vertex 14.0276 -35.2666 1.9
      vertex 14.0276 -35.2666 0
    endloop
  endfacet
  facet normal 0.555288 0.831658 -0
    outer loop
      vertex 14.4775 -41.3526 0
      vertex 14.4122 -41.309 1.9
      vertex 14.4775 -41.3526 1.9
    endloop
  endfacet
  facet normal 0.555288 0.831658 0
    outer loop
      vertex 14.4122 -41.309 1.9
      vertex 14.4775 -41.3526 0
      vertex 14.4122 -41.309 0
    endloop
  endfacet
  facet normal 0.907997 -0.418977 0
    outer loop
      vertex 14.0761 -35.1173 1.9
      vertex 14.109 -35.046 0
      vertex 14.109 -35.046 1.9
    endloop
  endfacet
  facet normal 0.907997 -0.418977 0
    outer loop
      vertex 14.109 -35.046 0
      vertex 14.0761 -35.1173 1.9
      vertex 14.0761 -35.1173 0
    endloop
  endfacet
  facet normal -0.734559 0.678544 0
    outer loop
      vertex 17.7071 -41.2071 0
      vertex 17.7604 -41.1494 1.9
      vertex 17.7604 -41.1494 0
    endloop
  endfacet
  facet normal -0.734559 0.678544 0
    outer loop
      vertex 17.7604 -41.1494 1.9
      vertex 17.7071 -41.2071 0
      vertex 17.7071 -41.2071 1.9
    endloop
  endfacet
  facet normal -0.619396 -0.785078 0
    outer loop
      vertex 17.5878 -34.691 0
      vertex 17.6494 -34.7396 1.9
      vertex 17.5878 -34.691 1.9
    endloop
  endfacet
  facet normal -0.619396 -0.785078 -0
    outer loop
      vertex 17.6494 -34.7396 1.9
      vertex 17.5878 -34.691 0
      vertex 17.6494 -34.7396 0
    endloop
  endfacet
  facet normal 0.117285 -0.993098 0
    outer loop
      vertex 14.8436 -34.5123 0
      vertex 14.9215 -34.5031 1.9
      vertex 14.8436 -34.5123 1.9
    endloop
  endfacet
  facet normal 0.117285 -0.993098 0
    outer loop
      vertex 14.9215 -34.5031 1.9
      vertex 14.8436 -34.5123 0
      vertex 14.9215 -34.5031 0
    endloop
  endfacet
  facet normal 0.999221 -0.0394597 0
    outer loop
      vertex 14 -35.5 1.9
      vertex 14.0031 -35.4215 0
      vertex 14.0031 -35.4215 1.9
    endloop
  endfacet
  facet normal 0.999221 -0.0394597 0
    outer loop
      vertex 14.0031 -35.4215 0
      vertex 14 -35.5 1.9
      vertex 14 -35.5 0
    endloop
  endfacet
  facet normal -0.272367 0.962193 0
    outer loop
      vertex 17.309 -41.451 0
      vertex 17.2334 -41.4724 1.9
      vertex 17.309 -41.451 1.9
    endloop
  endfacet
  facet normal -0.272367 0.962193 0
    outer loop
      vertex 17.2334 -41.4724 1.9
      vertex 17.309 -41.451 0
      vertex 17.2334 -41.4724 0
    endloop
  endfacet
  facet normal -0.0394597 -0.999221 0
    outer loop
      vertex 17 -34.5 0
      vertex 17.0785 -34.5031 1.9
      vertex 17 -34.5 1.9
    endloop
  endfacet
  facet normal -0.0394597 -0.999221 -0
    outer loop
      vertex 17.0785 -34.5031 1.9
      vertex 17 -34.5 0
      vertex 17.0785 -34.5031 0
    endloop
  endfacet
  facet normal 0 -1 0
    outer loop
      vertex 15 -34.5 0
      vertex 17 -34.5 1.9
      vertex 15 -34.5 1.9
    endloop
  endfacet
  facet normal 0 -1 -0
    outer loop
      vertex 17 -34.5 1.9
      vertex 15 -34.5 0
      vertex 17 -34.5 0
    endloop
  endfacet
  facet normal 0.785078 -0.619396 0
    outer loop
      vertex 14.191 -34.9122 1.9
      vertex 14.2396 -34.8506 0
      vertex 14.2396 -34.8506 1.9
    endloop
  endfacet
  facet normal 0.785078 -0.619396 0
    outer loop
      vertex 14.2396 -34.8506 0
      vertex 14.191 -34.9122 1.9
      vertex 14.191 -34.9122 0
    endloop
  endfacet
  facet normal 0.272367 -0.962193 0
    outer loop
      vertex 14.691 -34.549 0
      vertex 14.7666 -34.5276 1.9
      vertex 14.691 -34.549 1.9
    endloop
  endfacet
  facet normal 0.272367 -0.962193 0
    outer loop
      vertex 14.7666 -34.5276 1.9
      vertex 14.691 -34.549 0
      vertex 14.7666 -34.5276 0
    endloop
  endfacet
  facet normal -0.418977 -0.907997 0
    outer loop
      vertex 17.3827 -34.5761 0
      vertex 17.454 -34.609 1.9
      vertex 17.3827 -34.5761 1.9
    endloop
  endfacet
  facet normal -0.418977 -0.907997 -0
    outer loop
      vertex 17.454 -34.609 1.9
      vertex 17.3827 -34.5761 0
      vertex 17.454 -34.609 0
    endloop
  endfacet
  facet normal 0.993098 0.117285 0
    outer loop
      vertex 14.0123 -40.6564 1.9
      vertex 14.0031 -40.5785 0
      vertex 14.0031 -40.5785 1.9
    endloop
  endfacet
  facet normal 0.993098 0.117285 0
    outer loop
      vertex 14.0031 -40.5785 0
      vertex 14.0123 -40.6564 1.9
      vertex 14.0123 -40.6564 0
    endloop
  endfacet
  facet normal 0.907997 0.418977 0
    outer loop
      vertex 14.109 -40.954 1.9
      vertex 14.0761 -40.8827 0
      vertex 14.0761 -40.8827 1.9
    endloop
  endfacet
  facet normal 0.907997 0.418977 0
    outer loop
      vertex 14.0761 -40.8827 0
      vertex 14.109 -40.954 1.9
      vertex 14.109 -40.954 0
    endloop
  endfacet
  facet normal 1 -0 0
    outer loop
      vertex 14 -40.5 1.9
      vertex 14 -35.5 0
      vertex 14 -35.5 1.9
    endloop
  endfacet
  facet normal 1 0 0
    outer loop
      vertex 14 -35.5 0
      vertex 14 -40.5 1.9
      vertex 14 -40.5 0
    endloop
  endfacet
  facet normal 0.734559 -0.678544 0
    outer loop
      vertex 14.2396 -34.8506 1.9
      vertex 14.2929 -34.7929 0
      vertex 14.2929 -34.7929 1.9
    endloop
  endfacet
  facet normal 0.734559 -0.678544 0
    outer loop
      vertex 14.2929 -34.7929 0
      vertex 14.2396 -34.8506 1.9
      vertex 14.2396 -34.8506 0
    endloop
  endfacet
  facet normal -0.962193 -0.272367 0
    outer loop
      vertex 17.9724 -35.2666 0
      vertex 17.951 -35.191 1.9
      vertex 17.951 -35.191 0
    endloop
  endfacet
  facet normal -0.962193 -0.272367 0
    outer loop
      vertex 17.951 -35.191 1.9
      vertex 17.9724 -35.2666 0
      vertex 17.9724 -35.2666 1.9
    endloop
  endfacet
  facet normal 0.194891 0.980825 -0
    outer loop
      vertex 14.8436 -41.4877 0
      vertex 14.7666 -41.4724 1.9
      vertex 14.8436 -41.4877 1.9
    endloop
  endfacet
  facet normal 0.194891 0.980825 0
    outer loop
      vertex 14.7666 -41.4724 1.9
      vertex 14.8436 -41.4877 0
      vertex 14.7666 -41.4724 0
    endloop
  endfacet
  facet normal -0.345115 -0.93856 0
    outer loop
      vertex 17.309 -34.549 0
      vertex 17.3827 -34.5761 1.9
      vertex 17.309 -34.549 1.9
    endloop
  endfacet
  facet normal -0.345115 -0.93856 -0
    outer loop
      vertex 17.3827 -34.5761 1.9
      vertex 17.309 -34.549 0
      vertex 17.3827 -34.5761 0
    endloop
  endfacet
  facet normal -0.872289 -0.488991 0
    outer loop
      vertex 17.891 -35.046 0
      vertex 17.8526 -34.9775 1.9
      vertex 17.8526 -34.9775 0
    endloop
  endfacet
  facet normal -0.872289 -0.488991 0
    outer loop
      vertex 17.8526 -34.9775 1.9
      vertex 17.891 -35.046 0
      vertex 17.891 -35.046 1.9
    endloop
  endfacet
  facet normal -0.785078 0.619396 0
    outer loop
      vertex 17.7604 -41.1494 0
      vertex 17.809 -41.0878 1.9
      vertex 17.809 -41.0878 0
    endloop
  endfacet
  facet normal -0.785078 0.619396 0
    outer loop
      vertex 17.809 -41.0878 1.9
      vertex 17.7604 -41.1494 0
      vertex 17.7604 -41.1494 1.9
    endloop
  endfacet
  facet normal 0.872289 0.488991 0
    outer loop
      vertex 14.1474 -41.0225 1.9
      vertex 14.109 -40.954 0
      vertex 14.109 -40.954 1.9
    endloop
  endfacet
  facet normal 0.872289 0.488991 0
    outer loop
      vertex 14.109 -40.954 0
      vertex 14.1474 -41.0225 1.9
      vertex 14.1474 -41.0225 0
    endloop
  endfacet
  facet normal 0.194891 -0.980825 0
    outer loop
      vertex 14.7666 -34.5276 0
      vertex 14.8436 -34.5123 1.9
      vertex 14.7666 -34.5276 1.9
    endloop
  endfacet
  facet normal 0.194891 -0.980825 0
    outer loop
      vertex 14.8436 -34.5123 1.9
      vertex 14.7666 -34.5276 0
      vertex 14.8436 -34.5123 0
    endloop
  endfacet
  facet normal 0.785078 0.619396 0
    outer loop
      vertex 14.2396 -41.1494 1.9
      vertex 14.191 -41.0878 0
      vertex 14.191 -41.0878 1.9
    endloop
  endfacet
  facet normal 0.785078 0.619396 0
    outer loop
      vertex 14.191 -41.0878 0
      vertex 14.2396 -41.1494 1.9
      vertex 14.2396 -41.1494 0
    endloop
  endfacet
  facet normal -0.907997 -0.418977 0
    outer loop
      vertex 17.9239 -35.1173 0
      vertex 17.891 -35.046 1.9
      vertex 17.891 -35.046 0
    endloop
  endfacet
  facet normal -0.907997 -0.418977 0
    outer loop
      vertex 17.891 -35.046 1.9
      vertex 17.9239 -35.1173 0
      vertex 17.9239 -35.1173 1.9
    endloop
  endfacet
  facet normal -0.93856 -0.345115 0
    outer loop
      vertex 17.951 -35.191 0
      vertex 17.9239 -35.1173 1.9
      vertex 17.9239 -35.1173 0
    endloop
  endfacet
  facet normal -0.93856 -0.345115 0
    outer loop
      vertex 17.9239 -35.1173 1.9
      vertex 17.951 -35.191 0
      vertex 17.951 -35.191 1.9
    endloop
  endfacet
  facet normal -0.785078 -0.619396 0
    outer loop
      vertex 17.809 -34.9122 0
      vertex 17.7604 -34.8506 1.9
      vertex 17.7604 -34.8506 0
    endloop
  endfacet
  facet normal -0.785078 -0.619396 0
    outer loop
      vertex 17.7604 -34.8506 1.9
      vertex 17.809 -34.9122 0
      vertex 17.809 -34.9122 1.9
    endloop
  endfacet
  facet normal 0.93856 0.345115 0
    outer loop
      vertex 14.0761 -40.8827 1.9
      vertex 14.049 -40.809 0
      vertex 14.049 -40.809 1.9
    endloop
  endfacet
  facet normal 0.93856 0.345115 0
    outer loop
      vertex 14.049 -40.809 0
      vertex 14.0761 -40.8827 1.9
      vertex 14.0761 -40.8827 0
    endloop
  endfacet
  facet normal -0.678544 -0.734559 0
    outer loop
      vertex 17.6494 -34.7396 0
      vertex 17.7071 -34.7929 1.9
      vertex 17.6494 -34.7396 1.9
    endloop
  endfacet
  facet normal -0.678544 -0.734559 -0
    outer loop
      vertex 17.7071 -34.7929 1.9
      vertex 17.6494 -34.7396 0
      vertex 17.7071 -34.7929 0
    endloop
  endfacet
  facet normal -0.117285 -0.993098 0
    outer loop
      vertex 17.0785 -34.5031 0
      vertex 17.1564 -34.5123 1.9
      vertex 17.0785 -34.5031 1.9
    endloop
  endfacet
  facet normal -0.117285 -0.993098 -0
    outer loop
      vertex 17.1564 -34.5123 1.9
      vertex 17.0785 -34.5031 0
      vertex 17.1564 -34.5123 0
    endloop
  endfacet
  facet normal -0.488991 -0.872289 0
    outer loop
      vertex 17.454 -34.609 0
      vertex 17.5225 -34.6474 1.9
      vertex 17.454 -34.609 1.9
    endloop
  endfacet
  facet normal -0.488991 -0.872289 -0
    outer loop
      vertex 17.5225 -34.6474 1.9
      vertex 17.454 -34.609 0
      vertex 17.5225 -34.6474 0
    endloop
  endfacet
  facet normal -0.993098 -0.117285 0
    outer loop
      vertex 17.9969 -35.4215 0
      vertex 17.9877 -35.3436 1.9
      vertex 17.9877 -35.3436 0
    endloop
  endfacet
  facet normal -0.993098 -0.117285 0
    outer loop
      vertex 17.9877 -35.3436 1.9
      vertex 17.9969 -35.4215 0
      vertex 17.9969 -35.4215 1.9
    endloop
  endfacet
  facet normal 0.980825 0.194891 0
    outer loop
      vertex 14.0276 -40.7334 1.9
      vertex 14.0123 -40.6564 0
      vertex 14.0123 -40.6564 1.9
    endloop
  endfacet
  facet normal 0.980825 0.194891 0
    outer loop
      vertex 14.0123 -40.6564 0
      vertex 14.0276 -40.7334 1.9
      vertex 14.0276 -40.7334 0
    endloop
  endfacet
  facet normal -0.418977 0.907997 0
    outer loop
      vertex 17.454 -41.391 0
      vertex 17.3827 -41.4239 1.9
      vertex 17.454 -41.391 1.9
    endloop
  endfacet
  facet normal -0.418977 0.907997 0
    outer loop
      vertex 17.3827 -41.4239 1.9
      vertex 17.454 -41.391 0
      vertex 17.3827 -41.4239 0
    endloop
  endfacet
  facet normal -0.555288 0.831658 0
    outer loop
      vertex 17.5878 -41.309 0
      vertex 17.5225 -41.3526 1.9
      vertex 17.5878 -41.309 1.9
    endloop
  endfacet
  facet normal -0.555288 0.831658 0
    outer loop
      vertex 17.5225 -41.3526 1.9
      vertex 17.5878 -41.309 0
      vertex 17.5225 -41.3526 0
    endloop
  endfacet
  facet normal -0.980825 -0.194891 0
    outer loop
      vertex 17.9877 -35.3436 0
      vertex 17.9724 -35.2666 1.9
      vertex 17.9724 -35.2666 0
    endloop
  endfacet
  facet normal -0.980825 -0.194891 0
    outer loop
      vertex 17.9724 -35.2666 1.9
      vertex 17.9877 -35.3436 0
      vertex 17.9877 -35.3436 1.9
    endloop
  endfacet
  facet normal 0.734559 0.678544 0
    outer loop
      vertex 14.2929 -41.2071 1.9
      vertex 14.2396 -41.1494 0
      vertex 14.2396 -41.1494 1.9
    endloop
  endfacet
  facet normal 0.734559 0.678544 0
    outer loop
      vertex 14.2396 -41.1494 0
      vertex 14.2929 -41.2071 1.9
      vertex 14.2929 -41.2071 0
    endloop
  endfacet
  facet normal -0.999221 0.0394597 0
    outer loop
      vertex 17.9969 -40.5785 0
      vertex 18 -40.5 1.9
      vertex 18 -40.5 0
    endloop
  endfacet
  facet normal -0.999221 0.0394597 0
    outer loop
      vertex 18 -40.5 1.9
      vertex 17.9969 -40.5785 0
      vertex 17.9969 -40.5785 1.9
    endloop
  endfacet
  facet normal 0.418977 0.907997 -0
    outer loop
      vertex 14.6173 -41.4239 0
      vertex 14.546 -41.391 1.9
      vertex 14.6173 -41.4239 1.9
    endloop
  endfacet
  facet normal 0.418977 0.907997 0
    outer loop
      vertex 14.546 -41.391 1.9
      vertex 14.6173 -41.4239 0
      vertex 14.546 -41.391 0
    endloop
  endfacet
  facet normal 0.488991 0.872289 -0
    outer loop
      vertex 14.546 -41.391 0
      vertex 14.4775 -41.3526 1.9
      vertex 14.546 -41.391 1.9
    endloop
  endfacet
  facet normal 0.488991 0.872289 0
    outer loop
      vertex 14.4775 -41.3526 1.9
      vertex 14.546 -41.391 0
      vertex 14.4775 -41.3526 0
    endloop
  endfacet
  facet normal 0.678544 -0.734559 0
    outer loop
      vertex 14.2929 -34.7929 0
      vertex 14.3506 -34.7396 1.9
      vertex 14.2929 -34.7929 1.9
    endloop
  endfacet
  facet normal 0.678544 -0.734559 0
    outer loop
      vertex 14.3506 -34.7396 1.9
      vertex 14.2929 -34.7929 0
      vertex 14.3506 -34.7396 0
    endloop
  endfacet
  facet normal -0.907997 0.418977 0
    outer loop
      vertex 17.891 -40.954 0
      vertex 17.9239 -40.8827 1.9
      vertex 17.9239 -40.8827 0
    endloop
  endfacet
  facet normal -0.907997 0.418977 0
    outer loop
      vertex 17.9239 -40.8827 1.9
      vertex 17.891 -40.954 0
      vertex 17.891 -40.954 1.9
    endloop
  endfacet
  facet normal 0.555288 -0.831658 0
    outer loop
      vertex 14.4122 -34.691 0
      vertex 14.4775 -34.6474 1.9
      vertex 14.4122 -34.691 1.9
    endloop
  endfacet
  facet normal 0.555288 -0.831658 0
    outer loop
      vertex 14.4775 -34.6474 1.9
      vertex 14.4122 -34.691 0
      vertex 14.4775 -34.6474 0
    endloop
  endfacet
  facet normal 0.619396 0.785078 -0
    outer loop
      vertex 14.4122 -41.309 0
      vertex 14.3506 -41.2604 1.9
      vertex 14.4122 -41.309 1.9
    endloop
  endfacet
  facet normal 0.619396 0.785078 0
    outer loop
      vertex 14.3506 -41.2604 1.9
      vertex 14.4122 -41.309 0
      vertex 14.3506 -41.2604 0
    endloop
  endfacet
  facet normal 0.831658 -0.555288 0
    outer loop
      vertex 14.1474 -34.9775 1.9
      vertex 14.191 -34.9122 0
      vertex 14.191 -34.9122 1.9
    endloop
  endfacet
  facet normal 0.831658 -0.555288 0
    outer loop
      vertex 14.191 -34.9122 0
      vertex 14.1474 -34.9775 1.9
      vertex 14.1474 -34.9775 0
    endloop
  endfacet
  facet normal -0.117285 0.993098 0
    outer loop
      vertex 17.1564 -41.4877 0
      vertex 17.0785 -41.4969 1.9
      vertex 17.1564 -41.4877 1.9
    endloop
  endfacet
  facet normal -0.117285 0.993098 0
    outer loop
      vertex 17.0785 -41.4969 1.9
      vertex 17.1564 -41.4877 0
      vertex 17.0785 -41.4969 0
    endloop
  endfacet
  facet normal -0.831658 0.555288 0
    outer loop
      vertex 17.809 -41.0878 0
      vertex 17.8526 -41.0225 1.9
      vertex 17.8526 -41.0225 0
    endloop
  endfacet
  facet normal -0.831658 0.555288 0
    outer loop
      vertex 17.8526 -41.0225 1.9
      vertex 17.809 -41.0878 0
      vertex 17.809 -41.0878 1.9
    endloop
  endfacet
  facet normal -0.488991 0.872289 0
    outer loop
      vertex 17.5225 -41.3526 0
      vertex 17.454 -41.391 1.9
      vertex 17.5225 -41.3526 1.9
    endloop
  endfacet
  facet normal -0.488991 0.872289 0
    outer loop
      vertex 17.454 -41.391 1.9
      vertex 17.5225 -41.3526 0
      vertex 17.454 -41.391 0
    endloop
  endfacet
  facet normal -0.272367 -0.962193 0
    outer loop
      vertex 17.2334 -34.5276 0
      vertex 17.309 -34.549 1.9
      vertex 17.2334 -34.5276 1.9
    endloop
  endfacet
  facet normal -0.272367 -0.962193 -0
    outer loop
      vertex 17.309 -34.549 1.9
      vertex 17.2334 -34.5276 0
      vertex 17.309 -34.549 0
    endloop
  endfacet
  facet normal 0.831658 0.555288 0
    outer loop
      vertex 14.191 -41.0878 1.9
      vertex 14.1474 -41.0225 0
      vertex 14.1474 -41.0225 1.9
    endloop
  endfacet
  facet normal 0.831658 0.555288 0
    outer loop
      vertex 14.1474 -41.0225 0
      vertex 14.191 -41.0878 1.9
      vertex 14.191 -41.0878 0
    endloop
  endfacet
  facet normal -1 0 0
    outer loop
      vertex 18 -40.5 0
      vertex 18 -35.5 1.9
      vertex 18 -35.5 0
    endloop
  endfacet
  facet normal -1 -0 0
    outer loop
      vertex 18 -35.5 1.9
      vertex 18 -40.5 0
      vertex 18 -40.5 1.9
    endloop
  endfacet
  facet normal -0.194891 -0.980825 0
    outer loop
      vertex 17.1564 -34.5123 0
      vertex 17.2334 -34.5276 1.9
      vertex 17.1564 -34.5123 1.9
    endloop
  endfacet
  facet normal -0.194891 -0.980825 -0
    outer loop
      vertex 17.2334 -34.5276 1.9
      vertex 17.1564 -34.5123 0
      vertex 17.2334 -34.5276 0
    endloop
  endfacet
  facet normal 0.345115 -0.93856 0
    outer loop
      vertex 14.6173 -34.5761 0
      vertex 14.691 -34.549 1.9
      vertex 14.6173 -34.5761 1.9
    endloop
  endfacet
  facet normal 0.345115 -0.93856 0
    outer loop
      vertex 14.691 -34.549 1.9
      vertex 14.6173 -34.5761 0
      vertex 14.691 -34.549 0
    endloop
  endfacet
  facet normal -0.999221 -0.0394597 0
    outer loop
      vertex 18 -35.5 0
      vertex 17.9969 -35.4215 1.9
      vertex 17.9969 -35.4215 0
    endloop
  endfacet
  facet normal -0.999221 -0.0394597 0
    outer loop
      vertex 17.9969 -35.4215 1.9
      vertex 18 -35.5 0
      vertex 18 -35.5 1.9
    endloop
  endfacet
  facet normal -0.962193 0.272367 0
    outer loop
      vertex 17.951 -40.809 0
      vertex 17.9724 -40.7334 1.9
      vertex 17.9724 -40.7334 0
    endloop
  endfacet
  facet normal -0.962193 0.272367 0
    outer loop
      vertex 17.9724 -40.7334 1.9
      vertex 17.951 -40.809 0
      vertex 17.951 -40.809 1.9
    endloop
  endfacet
  facet normal -0.619396 0.785078 0
    outer loop
      vertex 17.6494 -41.2604 0
      vertex 17.5878 -41.309 1.9
      vertex 17.6494 -41.2604 1.9
    endloop
  endfacet
  facet normal -0.619396 0.785078 0
    outer loop
      vertex 17.5878 -41.309 1.9
      vertex 17.6494 -41.2604 0
      vertex 17.5878 -41.309 0
    endloop
  endfacet
  facet normal 0.418977 -0.907997 0
    outer loop
      vertex 14.546 -34.609 0
      vertex 14.6173 -34.5761 1.9
      vertex 14.546 -34.609 1.9
    endloop
  endfacet
  facet normal 0.418977 -0.907997 0
    outer loop
      vertex 14.6173 -34.5761 1.9
      vertex 14.546 -34.609 0
      vertex 14.6173 -34.5761 0
    endloop
  endfacet
  facet normal -0.194891 0.980825 0
    outer loop
      vertex 17.2334 -41.4724 0
      vertex 17.1564 -41.4877 1.9
      vertex 17.2334 -41.4724 1.9
    endloop
  endfacet
  facet normal -0.194891 0.980825 0
    outer loop
      vertex 17.1564 -41.4877 1.9
      vertex 17.2334 -41.4724 0
      vertex 17.1564 -41.4877 0
    endloop
  endfacet
  facet normal 0.872289 -0.488991 0
    outer loop
      vertex 14.109 -35.046 1.9
      vertex 14.1474 -34.9775 0
      vertex 14.1474 -34.9775 1.9
    endloop
  endfacet
  facet normal 0.872289 -0.488991 0
    outer loop
      vertex 14.1474 -34.9775 0
      vertex 14.109 -35.046 1.9
      vertex 14.109 -35.046 0
    endloop
  endfacet
  facet normal -0.678544 0.734559 0
    outer loop
      vertex 17.7071 -41.2071 0
      vertex 17.6494 -41.2604 1.9
      vertex 17.7071 -41.2071 1.9
    endloop
  endfacet
  facet normal -0.678544 0.734559 0
    outer loop
      vertex 17.6494 -41.2604 1.9
      vertex 17.7071 -41.2071 0
      vertex 17.6494 -41.2604 0
    endloop
  endfacet
  facet normal -0.872289 0.488991 0
    outer loop
      vertex 17.8526 -41.0225 0
      vertex 17.891 -40.954 1.9
      vertex 17.891 -40.954 0
    endloop
  endfacet
  facet normal -0.872289 0.488991 0
    outer loop
      vertex 17.891 -40.954 1.9
      vertex 17.8526 -41.0225 0
      vertex 17.8526 -41.0225 1.9
    endloop
  endfacet
  facet normal -0.923885 -0.382669 0
    outer loop
      vertex -8.19259 -15.4765 0
      vertex -8.31747 -15.175 3
      vertex -8.31747 -15.175 0
    endloop
  endfacet
  facet normal -0.923885 -0.382669 0
    outer loop
      vertex -8.31747 -15.175 3
      vertex -8.19259 -15.4765 0
      vertex -8.19259 -15.4765 3
    endloop
  endfacet
  facet normal -0.79337 -0.60874 0
    outer loop
      vertex -8.31747 -15.175 0
      vertex -8.51612 -14.9161 3
      vertex -8.51612 -14.9161 0
    endloop
  endfacet
  facet normal -0.79337 -0.60874 0
    outer loop
      vertex -8.51612 -14.9161 3
      vertex -8.31747 -15.175 0
      vertex -8.31747 -15.175 3
    endloop
  endfacet
  facet normal -0.991445 -0.130527 0
    outer loop
      vertex -8.15 -15.8 0
      vertex -8.19259 -15.4765 3
      vertex -8.19259 -15.4765 0
    endloop
  endfacet
  facet normal -0.991445 -0.130527 0
    outer loop
      vertex -8.19259 -15.4765 3
      vertex -8.15 -15.8 0
      vertex -8.15 -15.8 3
    endloop
  endfacet
  facet normal 0.608644 -0.793444 0
    outer loop
      vertex -10.2839 -14.9161 0
      vertex -10.025 -14.7175 3
      vertex -10.2839 -14.9161 3
    endloop
  endfacet
  facet normal 0.608644 -0.793444 0
    outer loop
      vertex -10.025 -14.7175 3
      vertex -10.2839 -14.9161 0
      vertex -10.025 -14.7175 0
    endloop
  endfacet
  facet normal 0.923864 0.382722 0
    outer loop
      vertex -10.4825 -16.425 3
      vertex -10.6074 -16.1235 0
      vertex -10.6074 -16.1235 3
    endloop
  endfacet
  facet normal 0.923864 0.382722 0
    outer loop
      vertex -10.6074 -16.1235 0
      vertex -10.4825 -16.425 3
      vertex -10.4825 -16.425 0
    endloop
  endfacet
  facet normal 0.13055 -0.991442 0
    outer loop
      vertex -9.72352 -14.5926 0
      vertex -9.4 -14.55 3
      vertex -9.72352 -14.5926 3
    endloop
  endfacet
  facet normal 0.13055 -0.991442 0
    outer loop
      vertex -9.4 -14.55 3
      vertex -9.72352 -14.5926 0
      vertex -9.4 -14.55 0
    endloop
  endfacet
  facet normal 0.793444 0.608644 0
    outer loop
      vertex -10.2839 -16.6839 3
      vertex -10.4825 -16.425 0
      vertex -10.4825 -16.425 3
    endloop
  endfacet
  facet normal 0.793444 0.608644 0
    outer loop
      vertex -10.4825 -16.425 0
      vertex -10.2839 -16.6839 3
      vertex -10.2839 -16.6839 0
    endloop
  endfacet
  facet normal -0.79337 0.60874 0
    outer loop
      vertex -8.51612 -16.6839 0
      vertex -8.31747 -16.425 3
      vertex -8.31747 -16.425 0
    endloop
  endfacet
  facet normal -0.79337 0.60874 0
    outer loop
      vertex -8.31747 -16.425 3
      vertex -8.51612 -16.6839 0
      vertex -8.51612 -16.6839 3
    endloop
  endfacet
  facet normal 0.382743 0.923855 -0
    outer loop
      vertex -9.72352 -17.0074 0
      vertex -10.025 -16.8825 3
      vertex -9.72352 -17.0074 3
    endloop
  endfacet
  facet normal 0.382743 0.923855 0
    outer loop
      vertex -10.025 -16.8825 3
      vertex -9.72352 -17.0074 0
      vertex -10.025 -16.8825 0
    endloop
  endfacet
  facet normal -0.608673 0.793421 0
    outer loop
      vertex -8.51612 -16.6839 0
      vertex -8.775 -16.8825 3
      vertex -8.51612 -16.6839 3
    endloop
  endfacet
  facet normal -0.608673 0.793421 0
    outer loop
      vertex -8.775 -16.8825 3
      vertex -8.51612 -16.6839 0
      vertex -8.775 -16.8825 0
    endloop
  endfacet
  facet normal 0.382743 -0.923855 0
    outer loop
      vertex -10.025 -14.7175 0
      vertex -9.72352 -14.5926 3
      vertex -10.025 -14.7175 3
    endloop
  endfacet
  facet normal 0.382743 -0.923855 0
    outer loop
      vertex -9.72352 -14.5926 3
      vertex -10.025 -14.7175 0
      vertex -9.72352 -14.5926 0
    endloop
  endfacet
  facet normal 0.923864 -0.382722 0
    outer loop
      vertex -10.6074 -15.4765 3
      vertex -10.4825 -15.175 0
      vertex -10.4825 -15.175 3
    endloop
  endfacet
  facet normal 0.923864 -0.382722 0
    outer loop
      vertex -10.4825 -15.175 0
      vertex -10.6074 -15.4765 3
      vertex -10.6074 -15.4765 0
    endloop
  endfacet
  facet normal -0.923885 0.382669 0
    outer loop
      vertex -8.31747 -16.425 0
      vertex -8.19259 -16.1235 3
      vertex -8.19259 -16.1235 0
    endloop
  endfacet
  facet normal -0.923885 0.382669 0
    outer loop
      vertex -8.19259 -16.1235 3
      vertex -8.31747 -16.425 0
      vertex -8.31747 -16.425 3
    endloop
  endfacet
  facet normal -0.382743 0.923855 0
    outer loop
      vertex -8.775 -16.8825 0
      vertex -9.07648 -17.0074 3
      vertex -8.775 -16.8825 3
    endloop
  endfacet
  facet normal -0.382743 0.923855 0
    outer loop
      vertex -9.07648 -17.0074 3
      vertex -8.775 -16.8825 0
      vertex -9.07648 -17.0074 0
    endloop
  endfacet
  facet normal -0.991445 0.130527 0
    outer loop
      vertex -8.19259 -16.1235 0
      vertex -8.15 -15.8 3
      vertex -8.15 -15.8 0
    endloop
  endfacet
  facet normal -0.991445 0.130527 0
    outer loop
      vertex -8.15 -15.8 3
      vertex -8.19259 -16.1235 0
      vertex -8.19259 -16.1235 3
    endloop
  endfacet
  facet normal 0.793444 -0.608644 0
    outer loop
      vertex -10.4825 -15.175 3
      vertex -10.2839 -14.9161 0
      vertex -10.2839 -14.9161 3
    endloop
  endfacet
  facet normal 0.793444 -0.608644 0
    outer loop
      vertex -10.2839 -14.9161 0
      vertex -10.4825 -15.175 3
      vertex -10.4825 -15.175 0
    endloop
  endfacet
  facet normal 0.608644 0.793444 -0
    outer loop
      vertex -10.025 -16.8825 0
      vertex -10.2839 -16.6839 3
      vertex -10.025 -16.8825 3
    endloop
  endfacet
  facet normal 0.608644 0.793444 0
    outer loop
      vertex -10.2839 -16.6839 3
      vertex -10.025 -16.8825 0
      vertex -10.2839 -16.6839 0
    endloop
  endfacet
  facet normal -0.13055 -0.991442 0
    outer loop
      vertex -9.4 -14.55 0
      vertex -9.07648 -14.5926 3
      vertex -9.4 -14.55 3
    endloop
  endfacet
  facet normal -0.13055 -0.991442 -0
    outer loop
      vertex -9.07648 -14.5926 3
      vertex -9.4 -14.55 0
      vertex -9.07648 -14.5926 0
    endloop
  endfacet
  facet normal 0.991441 0.130558 0
    outer loop
      vertex -10.6074 -16.1235 3
      vertex -10.65 -15.8 0
      vertex -10.65 -15.8 3
    endloop
  endfacet
  facet normal 0.991441 0.130558 0
    outer loop
      vertex -10.65 -15.8 0
      vertex -10.6074 -16.1235 3
      vertex -10.6074 -16.1235 0
    endloop
  endfacet
  facet normal 0.991441 -0.130558 0
    outer loop
      vertex -10.65 -15.8 3
      vertex -10.6074 -15.4765 0
      vertex -10.6074 -15.4765 3
    endloop
  endfacet
  facet normal 0.991441 -0.130558 0
    outer loop
      vertex -10.6074 -15.4765 0
      vertex -10.65 -15.8 3
      vertex -10.65 -15.8 0
    endloop
  endfacet
  facet normal -0.382743 -0.923855 0
    outer loop
      vertex -9.07648 -14.5926 0
      vertex -8.775 -14.7175 3
      vertex -9.07648 -14.5926 3
    endloop
  endfacet
  facet normal -0.382743 -0.923855 -0
    outer loop
      vertex -8.775 -14.7175 3
      vertex -9.07648 -14.5926 0
      vertex -8.775 -14.7175 0
    endloop
  endfacet
  facet normal 0.13055 0.991442 -0
    outer loop
      vertex -9.4 -17.05 0
      vertex -9.72352 -17.0074 3
      vertex -9.4 -17.05 3
    endloop
  endfacet
  facet normal 0.13055 0.991442 0
    outer loop
      vertex -9.72352 -17.0074 3
      vertex -9.4 -17.05 0
      vertex -9.72352 -17.0074 0
    endloop
  endfacet
  facet normal -0.13055 0.991442 0
    outer loop
      vertex -9.07648 -17.0074 0
      vertex -9.4 -17.05 3
      vertex -9.07648 -17.0074 3
    endloop
  endfacet
  facet normal -0.13055 0.991442 0
    outer loop
      vertex -9.4 -17.05 3
      vertex -9.07648 -17.0074 0
      vertex -9.4 -17.05 0
    endloop
  endfacet
  facet normal -0.608673 -0.793421 0
    outer loop
      vertex -8.775 -14.7175 0
      vertex -8.51612 -14.9161 3
      vertex -8.775 -14.7175 3
    endloop
  endfacet
  facet normal -0.608673 -0.793421 -0
    outer loop
      vertex -8.51612 -14.9161 3
      vertex -8.775 -14.7175 0
      vertex -8.51612 -14.9161 0
    endloop
  endfacet
  facet normal -0.923885 -0.382669 0
    outer loop
      vertex -8.19259 16.1235 0
      vertex -8.31747 16.425 3
      vertex -8.31747 16.425 0
    endloop
  endfacet
  facet normal -0.923885 -0.382669 0
    outer loop
      vertex -8.31747 16.425 3
      vertex -8.19259 16.1235 0
      vertex -8.19259 16.1235 3
    endloop
  endfacet
  facet normal -0.991445 -0.130527 0
    outer loop
      vertex -8.15 15.8 0
      vertex -8.19259 16.1235 3
      vertex -8.19259 16.1235 0
    endloop
  endfacet
  facet normal -0.991445 -0.130527 0
    outer loop
      vertex -8.19259 16.1235 3
      vertex -8.15 15.8 0
      vertex -8.15 15.8 3
    endloop
  endfacet
  facet normal 0.793444 0.608644 0
    outer loop
      vertex -10.2839 14.9161 3
      vertex -10.4825 15.175 0
      vertex -10.4825 15.175 3
    endloop
  endfacet
  facet normal 0.793444 0.608644 0
    outer loop
      vertex -10.4825 15.175 0
      vertex -10.2839 14.9161 3
      vertex -10.2839 14.9161 0
    endloop
  endfacet
  facet normal -0.79337 0.60874 0
    outer loop
      vertex -8.51612 14.9161 0
      vertex -8.31747 15.175 3
      vertex -8.31747 15.175 0
    endloop
  endfacet
  facet normal -0.79337 0.60874 0
    outer loop
      vertex -8.31747 15.175 3
      vertex -8.51612 14.9161 0
      vertex -8.51612 14.9161 3
    endloop
  endfacet
  facet normal 0.991441 0.130558 0
    outer loop
      vertex -10.6074 15.4765 3
      vertex -10.65 15.8 0
      vertex -10.65 15.8 3
    endloop
  endfacet
  facet normal 0.991441 0.130558 0
    outer loop
      vertex -10.65 15.8 0
      vertex -10.6074 15.4765 3
      vertex -10.6074 15.4765 0
    endloop
  endfacet
  facet normal -0.382743 0.923855 0
    outer loop
      vertex -8.775 14.7175 0
      vertex -9.07648 14.5926 3
      vertex -8.775 14.7175 3
    endloop
  endfacet
  facet normal -0.382743 0.923855 0
    outer loop
      vertex -9.07648 14.5926 3
      vertex -8.775 14.7175 0
      vertex -9.07648 14.5926 0
    endloop
  endfacet
  facet normal 0.608644 -0.793444 0
    outer loop
      vertex -10.2839 16.6839 0
      vertex -10.025 16.8825 3
      vertex -10.2839 16.6839 3
    endloop
  endfacet
  facet normal 0.608644 -0.793444 0
    outer loop
      vertex -10.025 16.8825 3
      vertex -10.2839 16.6839 0
      vertex -10.025 16.8825 0
    endloop
  endfacet
  facet normal -0.608673 0.793421 0
    outer loop
      vertex -8.51612 14.9161 0
      vertex -8.775 14.7175 3
      vertex -8.51612 14.9161 3
    endloop
  endfacet
  facet normal -0.608673 0.793421 0
    outer loop
      vertex -8.775 14.7175 3
      vertex -8.51612 14.9161 0
      vertex -8.775 14.7175 0
    endloop
  endfacet
  facet normal 0.923864 0.382722 0
    outer loop
      vertex -10.4825 15.175 3
      vertex -10.6074 15.4765 0
      vertex -10.6074 15.4765 3
    endloop
  endfacet
  facet normal 0.923864 0.382722 0
    outer loop
      vertex -10.6074 15.4765 0
      vertex -10.4825 15.175 3
      vertex -10.4825 15.175 0
    endloop
  endfacet
  facet normal 0.13055 -0.991442 0
    outer loop
      vertex -9.72352 17.0074 0
      vertex -9.4 17.05 3
      vertex -9.72352 17.0074 3
    endloop
  endfacet
  facet normal 0.13055 -0.991442 0
    outer loop
      vertex -9.4 17.05 3
      vertex -9.72352 17.0074 0
      vertex -9.4 17.05 0
    endloop
  endfacet
  facet normal 0.923864 -0.382722 0
    outer loop
      vertex -10.6074 16.1235 3
      vertex -10.4825 16.425 0
      vertex -10.4825 16.425 3
    endloop
  endfacet
  facet normal 0.923864 -0.382722 0
    outer loop
      vertex -10.4825 16.425 0
      vertex -10.6074 16.1235 3
      vertex -10.6074 16.1235 0
    endloop
  endfacet
  facet normal 0.13055 0.991442 -0
    outer loop
      vertex -9.4 14.55 0
      vertex -9.72352 14.5926 3
      vertex -9.4 14.55 3
    endloop
  endfacet
  facet normal 0.13055 0.991442 0
    outer loop
      vertex -9.72352 14.5926 3
      vertex -9.4 14.55 0
      vertex -9.72352 14.5926 0
    endloop
  endfacet
  facet normal 0.608644 0.793444 -0
    outer loop
      vertex -10.025 14.7175 0
      vertex -10.2839 14.9161 3
      vertex -10.025 14.7175 3
    endloop
  endfacet
  facet normal 0.608644 0.793444 0
    outer loop
      vertex -10.2839 14.9161 3
      vertex -10.025 14.7175 0
      vertex -10.2839 14.9161 0
    endloop
  endfacet
  facet normal 0.382743 -0.923855 0
    outer loop
      vertex -10.025 16.8825 0
      vertex -9.72352 17.0074 3
      vertex -10.025 16.8825 3
    endloop
  endfacet
  facet normal 0.382743 -0.923855 0
    outer loop
      vertex -9.72352 17.0074 3
      vertex -10.025 16.8825 0
      vertex -9.72352 17.0074 0
    endloop
  endfacet
  facet normal 0.793444 -0.608644 0
    outer loop
      vertex -10.4825 16.425 3
      vertex -10.2839 16.6839 0
      vertex -10.2839 16.6839 3
    endloop
  endfacet
  facet normal 0.793444 -0.608644 0
    outer loop
      vertex -10.2839 16.6839 0
      vertex -10.4825 16.425 3
      vertex -10.4825 16.425 0
    endloop
  endfacet
  facet normal 0.382743 0.923855 -0
    outer loop
      vertex -9.72352 14.5926 0
      vertex -10.025 14.7175 3
      vertex -9.72352 14.5926 3
    endloop
  endfacet
  facet normal 0.382743 0.923855 0
    outer loop
      vertex -10.025 14.7175 3
      vertex -9.72352 14.5926 0
      vertex -10.025 14.7175 0
    endloop
  endfacet
  facet normal -0.13055 -0.991442 0
    outer loop
      vertex -9.4 17.05 0
      vertex -9.07648 17.0074 3
      vertex -9.4 17.05 3
    endloop
  endfacet
  facet normal -0.13055 -0.991442 -0
    outer loop
      vertex -9.07648 17.0074 3
      vertex -9.4 17.05 0
      vertex -9.07648 17.0074 0
    endloop
  endfacet
  facet normal -0.382743 -0.923855 0
    outer loop
      vertex -9.07648 17.0074 0
      vertex -8.775 16.8825 3
      vertex -9.07648 17.0074 3
    endloop
  endfacet
  facet normal -0.382743 -0.923855 -0
    outer loop
      vertex -8.775 16.8825 3
      vertex -9.07648 17.0074 0
      vertex -8.775 16.8825 0
    endloop
  endfacet
  facet normal -0.923885 0.382669 0
    outer loop
      vertex -8.31747 15.175 0
      vertex -8.19259 15.4765 3
      vertex -8.19259 15.4765 0
    endloop
  endfacet
  facet normal -0.923885 0.382669 0
    outer loop
      vertex -8.19259 15.4765 3
      vertex -8.31747 15.175 0
      vertex -8.31747 15.175 3
    endloop
  endfacet
  facet normal -0.13055 0.991442 0
    outer loop
      vertex -9.07648 14.5926 0
      vertex -9.4 14.55 3
      vertex -9.07648 14.5926 3
    endloop
  endfacet
  facet normal -0.13055 0.991442 0
    outer loop
      vertex -9.4 14.55 3
      vertex -9.07648 14.5926 0
      vertex -9.4 14.55 0
    endloop
  endfacet
  facet normal -0.79337 -0.60874 0
    outer loop
      vertex -8.31747 16.425 0
      vertex -8.51612 16.6839 3
      vertex -8.51612 16.6839 0
    endloop
  endfacet
  facet normal -0.79337 -0.60874 0
    outer loop
      vertex -8.51612 16.6839 3
      vertex -8.31747 16.425 0
      vertex -8.31747 16.425 3
    endloop
  endfacet
  facet normal -0.991445 0.130527 0
    outer loop
      vertex -8.19259 15.4765 0
      vertex -8.15 15.8 3
      vertex -8.15 15.8 0
    endloop
  endfacet
  facet normal -0.991445 0.130527 0
    outer loop
      vertex -8.15 15.8 3
      vertex -8.19259 15.4765 0
      vertex -8.19259 15.4765 3
    endloop
  endfacet
  facet normal 0.991441 -0.130558 0
    outer loop
      vertex -10.65 15.8 3
      vertex -10.6074 16.1235 0
      vertex -10.6074 16.1235 3
    endloop
  endfacet
  facet normal 0.991441 -0.130558 0
    outer loop
      vertex -10.6074 16.1235 0
      vertex -10.65 15.8 3
      vertex -10.65 15.8 0
    endloop
  endfacet
  facet normal -0.608673 -0.793421 0
    outer loop
      vertex -8.775 16.8825 0
      vertex -8.51612 16.6839 3
      vertex -8.775 16.8825 3
    endloop
  endfacet
  facet normal -0.608673 -0.793421 -0
    outer loop
      vertex -8.51612 16.6839 3
      vertex -8.775 16.8825 0
      vertex -8.51612 16.6839 0
    endloop
  endfacet
  facet normal -0.923864 -0.382722 0
    outer loop
      vertex 10.6074 -15.4765 0
      vertex 10.4825 -15.175 3
      vertex 10.4825 -15.175 0
    endloop
  endfacet
  facet normal -0.923864 -0.382722 0
    outer loop
      vertex 10.4825 -15.175 3
      vertex 10.6074 -15.4765 0
      vertex 10.6074 -15.4765 3
    endloop
  endfacet
  facet normal -0.793444 -0.608644 0
    outer loop
      vertex 10.4825 -15.175 0
      vertex 10.2839 -14.9161 3
      vertex 10.2839 -14.9161 0
    endloop
  endfacet
  facet normal -0.793444 -0.608644 0
    outer loop
      vertex 10.2839 -14.9161 3
      vertex 10.4825 -15.175 0
      vertex 10.4825 -15.175 3
    endloop
  endfacet
  facet normal -0.991441 -0.130558 0
    outer loop
      vertex 10.65 -15.8 0
      vertex 10.6074 -15.4765 3
      vertex 10.6074 -15.4765 0
    endloop
  endfacet
  facet normal -0.991441 -0.130558 0
    outer loop
      vertex 10.6074 -15.4765 3
      vertex 10.65 -15.8 0
      vertex 10.65 -15.8 3
    endloop
  endfacet
  facet normal 0.608673 -0.793421 0
    outer loop
      vertex 8.51612 -14.9161 0
      vertex 8.775 -14.7175 3
      vertex 8.51612 -14.9161 3
    endloop
  endfacet
  facet normal 0.608673 -0.793421 0
    outer loop
      vertex 8.775 -14.7175 3
      vertex 8.51612 -14.9161 0
      vertex 8.775 -14.7175 0
    endloop
  endfacet
  facet normal 0.923885 0.382669 0
    outer loop
      vertex 8.31747 -16.425 3
      vertex 8.19259 -16.1235 0
      vertex 8.19259 -16.1235 3
    endloop
  endfacet
  facet normal 0.923885 0.382669 0
    outer loop
      vertex 8.19259 -16.1235 0
      vertex 8.31747 -16.425 3
      vertex 8.31747 -16.425 0
    endloop
  endfacet
  facet normal 0.13055 -0.991442 0
    outer loop
      vertex 9.07648 -14.5926 0
      vertex 9.4 -14.55 3
      vertex 9.07648 -14.5926 3
    endloop
  endfacet
  facet normal 0.13055 -0.991442 0
    outer loop
      vertex 9.4 -14.55 3
      vertex 9.07648 -14.5926 0
      vertex 9.4 -14.55 0
    endloop
  endfacet
  facet normal 0.79337 0.60874 0
    outer loop
      vertex 8.51612 -16.6839 3
      vertex 8.31747 -16.425 0
      vertex 8.31747 -16.425 3
    endloop
  endfacet
  facet normal 0.79337 0.60874 0
    outer loop
      vertex 8.31747 -16.425 0
      vertex 8.51612 -16.6839 3
      vertex 8.51612 -16.6839 0
    endloop
  endfacet
  facet normal -0.793444 0.608644 0
    outer loop
      vertex 10.2839 -16.6839 0
      vertex 10.4825 -16.425 3
      vertex 10.4825 -16.425 0
    endloop
  endfacet
  facet normal -0.793444 0.608644 0
    outer loop
      vertex 10.4825 -16.425 3
      vertex 10.2839 -16.6839 0
      vertex 10.2839 -16.6839 3
    endloop
  endfacet
  facet normal 0.382743 0.923855 -0
    outer loop
      vertex 9.07648 -17.0074 0
      vertex 8.775 -16.8825 3
      vertex 9.07648 -17.0074 3
    endloop
  endfacet
  facet normal 0.382743 0.923855 0
    outer loop
      vertex 8.775 -16.8825 3
      vertex 9.07648 -17.0074 0
      vertex 8.775 -16.8825 0
    endloop
  endfacet
  facet normal -0.608644 0.793444 0
    outer loop
      vertex 10.2839 -16.6839 0
      vertex 10.025 -16.8825 3
      vertex 10.2839 -16.6839 3
    endloop
  endfacet
  facet normal -0.608644 0.793444 0
    outer loop
      vertex 10.025 -16.8825 3
      vertex 10.2839 -16.6839 0
      vertex 10.025 -16.8825 0
    endloop
  endfacet
  facet normal 0.382743 -0.923855 0
    outer loop
      vertex 8.775 -14.7175 0
      vertex 9.07648 -14.5926 3
      vertex 8.775 -14.7175 3
    endloop
  endfacet
  facet normal 0.382743 -0.923855 0
    outer loop
      vertex 9.07648 -14.5926 3
      vertex 8.775 -14.7175 0
      vertex 9.07648 -14.5926 0
    endloop
  endfacet
  facet normal 0.923885 -0.382669 0
    outer loop
      vertex 8.19259 -15.4765 3
      vertex 8.31747 -15.175 0
      vertex 8.31747 -15.175 3
    endloop
  endfacet
  facet normal 0.923885 -0.382669 0
    outer loop
      vertex 8.31747 -15.175 0
      vertex 8.19259 -15.4765 3
      vertex 8.19259 -15.4765 0
    endloop
  endfacet
  facet normal -0.923864 0.382722 0
    outer loop
      vertex 10.4825 -16.425 0
      vertex 10.6074 -16.1235 3
      vertex 10.6074 -16.1235 0
    endloop
  endfacet
  facet normal -0.923864 0.382722 0
    outer loop
      vertex 10.6074 -16.1235 3
      vertex 10.4825 -16.425 0
      vertex 10.4825 -16.425 3
    endloop
  endfacet
  facet normal -0.382743 0.923855 0
    outer loop
      vertex 10.025 -16.8825 0
      vertex 9.72352 -17.0074 3
      vertex 10.025 -16.8825 3
    endloop
  endfacet
  facet normal -0.382743 0.923855 0
    outer loop
      vertex 9.72352 -17.0074 3
      vertex 10.025 -16.8825 0
      vertex 9.72352 -17.0074 0
    endloop
  endfacet
  facet normal -0.991441 0.130558 0
    outer loop
      vertex 10.6074 -16.1235 0
      vertex 10.65 -15.8 3
      vertex 10.65 -15.8 0
    endloop
  endfacet
  facet normal -0.991441 0.130558 0
    outer loop
      vertex 10.65 -15.8 3
      vertex 10.6074 -16.1235 0
      vertex 10.6074 -16.1235 3
    endloop
  endfacet
  facet normal 0.79337 -0.60874 0
    outer loop
      vertex 8.31747 -15.175 3
      vertex 8.51612 -14.9161 0
      vertex 8.51612 -14.9161 3
    endloop
  endfacet
  facet normal 0.79337 -0.60874 0
    outer loop
      vertex 8.51612 -14.9161 0
      vertex 8.31747 -15.175 3
      vertex 8.31747 -15.175 0
    endloop
  endfacet
  facet normal 0.608673 0.793421 -0
    outer loop
      vertex 8.775 -16.8825 0
      vertex 8.51612 -16.6839 3
      vertex 8.775 -16.8825 3
    endloop
  endfacet
  facet normal 0.608673 0.793421 0
    outer loop
      vertex 8.51612 -16.6839 3
      vertex 8.775 -16.8825 0
      vertex 8.51612 -16.6839 0
    endloop
  endfacet
  facet normal -0.13055 -0.991442 0
    outer loop
      vertex 9.4 -14.55 0
      vertex 9.72352 -14.5926 3
      vertex 9.4 -14.55 3
    endloop
  endfacet
  facet normal -0.13055 -0.991442 -0
    outer loop
      vertex 9.72352 -14.5926 3
      vertex 9.4 -14.55 0
      vertex 9.72352 -14.5926 0
    endloop
  endfacet
  facet normal 0.991445 0.130527 0
    outer loop
      vertex 8.19259 -16.1235 3
      vertex 8.15 -15.8 0
      vertex 8.15 -15.8 3
    endloop
  endfacet
  facet normal 0.991445 0.130527 0
    outer loop
      vertex 8.15 -15.8 0
      vertex 8.19259 -16.1235 3
      vertex 8.19259 -16.1235 0
    endloop
  endfacet
  facet normal 0.991445 -0.130527 0
    outer loop
      vertex 8.15 -15.8 3
      vertex 8.19259 -15.4765 0
      vertex 8.19259 -15.4765 3
    endloop
  endfacet
  facet normal 0.991445 -0.130527 0
    outer loop
      vertex 8.19259 -15.4765 0
      vertex 8.15 -15.8 3
      vertex 8.15 -15.8 0
    endloop
  endfacet
  facet normal -0.382743 -0.923855 0
    outer loop
      vertex 9.72352 -14.5926 0
      vertex 10.025 -14.7175 3
      vertex 9.72352 -14.5926 3
    endloop
  endfacet
  facet normal -0.382743 -0.923855 -0
    outer loop
      vertex 10.025 -14.7175 3
      vertex 9.72352 -14.5926 0
      vertex 10.025 -14.7175 0
    endloop
  endfacet
  facet normal 0.13055 0.991442 -0
    outer loop
      vertex 9.4 -17.05 0
      vertex 9.07648 -17.0074 3
      vertex 9.4 -17.05 3
    endloop
  endfacet
  facet normal 0.13055 0.991442 0
    outer loop
      vertex 9.07648 -17.0074 3
      vertex 9.4 -17.05 0
      vertex 9.07648 -17.0074 0
    endloop
  endfacet
  facet normal -0.13055 0.991442 0
    outer loop
      vertex 9.72352 -17.0074 0
      vertex 9.4 -17.05 3
      vertex 9.72352 -17.0074 3
    endloop
  endfacet
  facet normal -0.13055 0.991442 0
    outer loop
      vertex 9.4 -17.05 3
      vertex 9.72352 -17.0074 0
      vertex 9.4 -17.05 0
    endloop
  endfacet
  facet normal -0.608644 -0.793444 0
    outer loop
      vertex 10.025 -14.7175 0
      vertex 10.2839 -14.9161 3
      vertex 10.025 -14.7175 3
    endloop
  endfacet
  facet normal -0.608644 -0.793444 -0
    outer loop
      vertex 10.2839 -14.9161 3
      vertex 10.025 -14.7175 0
      vertex 10.2839 -14.9161 0
    endloop
  endfacet
  facet normal -0.923864 -0.382722 0
    outer loop
      vertex 10.6074 16.1235 0
      vertex 10.4825 16.425 3
      vertex 10.4825 16.425 0
    endloop
  endfacet
  facet normal -0.923864 -0.382722 0
    outer loop
      vertex 10.4825 16.425 3
      vertex 10.6074 16.1235 0
      vertex 10.6074 16.1235 3
    endloop
  endfacet
  facet normal -0.991441 -0.130558 0
    outer loop
      vertex 10.65 15.8 0
      vertex 10.6074 16.1235 3
      vertex 10.6074 16.1235 0
    endloop
  endfacet
  facet normal -0.991441 -0.130558 0
    outer loop
      vertex 10.6074 16.1235 3
      vertex 10.65 15.8 0
      vertex 10.65 15.8 3
    endloop
  endfacet
  facet normal 0.79337 0.60874 0
    outer loop
      vertex 8.51612 14.9161 3
      vertex 8.31747 15.175 0
      vertex 8.31747 15.175 3
    endloop
  endfacet
  facet normal 0.79337 0.60874 0
    outer loop
      vertex 8.31747 15.175 0
      vertex 8.51612 14.9161 3
      vertex 8.51612 14.9161 0
    endloop
  endfacet
  facet normal -0.793444 0.608644 0
    outer loop
      vertex 10.2839 14.9161 0
      vertex 10.4825 15.175 3
      vertex 10.4825 15.175 0
    endloop
  endfacet
  facet normal -0.793444 0.608644 0
    outer loop
      vertex 10.4825 15.175 3
      vertex 10.2839 14.9161 0
      vertex 10.2839 14.9161 3
    endloop
  endfacet
  facet normal 0.991445 0.130527 0
    outer loop
      vertex 8.19259 15.4765 3
      vertex 8.15 15.8 0
      vertex 8.15 15.8 3
    endloop
  endfacet
  facet normal 0.991445 0.130527 0
    outer loop
      vertex 8.15 15.8 0
      vertex 8.19259 15.4765 3
      vertex 8.19259 15.4765 0
    endloop
  endfacet
  facet normal -0.382743 0.923855 0
    outer loop
      vertex 10.025 14.7175 0
      vertex 9.72352 14.5926 3
      vertex 10.025 14.7175 3
    endloop
  endfacet
  facet normal -0.382743 0.923855 0
    outer loop
      vertex 9.72352 14.5926 3
      vertex 10.025 14.7175 0
      vertex 9.72352 14.5926 0
    endloop
  endfacet
  facet normal 0.608673 -0.793421 0
    outer loop
      vertex 8.51612 16.6839 0
      vertex 8.775 16.8825 3
      vertex 8.51612 16.6839 3
    endloop
  endfacet
  facet normal 0.608673 -0.793421 0
    outer loop
      vertex 8.775 16.8825 3
      vertex 8.51612 16.6839 0
      vertex 8.775 16.8825 0
    endloop
  endfacet
  facet normal -0.608644 0.793444 0
    outer loop
      vertex 10.2839 14.9161 0
      vertex 10.025 14.7175 3
      vertex 10.2839 14.9161 3
    endloop
  endfacet
  facet normal -0.608644 0.793444 0
    outer loop
      vertex 10.025 14.7175 3
      vertex 10.2839 14.9161 0
      vertex 10.025 14.7175 0
    endloop
  endfacet
  facet normal 0.923885 0.382669 0
    outer loop
      vertex 8.31747 15.175 3
      vertex 8.19259 15.4765 0
      vertex 8.19259 15.4765 3
    endloop
  endfacet
  facet normal 0.923885 0.382669 0
    outer loop
      vertex 8.19259 15.4765 0
      vertex 8.31747 15.175 3
      vertex 8.31747 15.175 0
    endloop
  endfacet
  facet normal 0.923885 -0.382669 0
    outer loop
      vertex 8.19259 16.1235 3
      vertex 8.31747 16.425 0
      vertex 8.31747 16.425 3
    endloop
  endfacet
  facet normal 0.923885 -0.382669 0
    outer loop
      vertex 8.31747 16.425 0
      vertex 8.19259 16.1235 3
      vertex 8.19259 16.1235 0
    endloop
  endfacet
  facet normal 0.13055 0.991442 -0
    outer loop
      vertex 9.4 14.55 0
      vertex 9.07648 14.5926 3
      vertex 9.4 14.55 3
    endloop
  endfacet
  facet normal 0.13055 0.991442 0
    outer loop
      vertex 9.07648 14.5926 3
      vertex 9.4 14.55 0
      vertex 9.07648 14.5926 0
    endloop
  endfacet
  facet normal 0.382743 -0.923855 0
    outer loop
      vertex 8.775 16.8825 0
      vertex 9.07648 17.0074 3
      vertex 8.775 16.8825 3
    endloop
  endfacet
  facet normal 0.382743 -0.923855 0
    outer loop
      vertex 9.07648 17.0074 3
      vertex 8.775 16.8825 0
      vertex 9.07648 17.0074 0
    endloop
  endfacet
  facet normal 0.79337 -0.60874 0
    outer loop
      vertex 8.31747 16.425 3
      vertex 8.51612 16.6839 0
      vertex 8.51612 16.6839 3
    endloop
  endfacet
  facet normal 0.79337 -0.60874 0
    outer loop
      vertex 8.51612 16.6839 0
      vertex 8.31747 16.425 3
      vertex 8.31747 16.425 0
    endloop
  endfacet
  facet normal 0.382743 0.923855 -0
    outer loop
      vertex 9.07648 14.5926 0
      vertex 8.775 14.7175 3
      vertex 9.07648 14.5926 3
    endloop
  endfacet
  facet normal 0.382743 0.923855 0
    outer loop
      vertex 8.775 14.7175 3
      vertex 9.07648 14.5926 0
      vertex 8.775 14.7175 0
    endloop
  endfacet
  facet normal -0.13055 -0.991442 0
    outer loop
      vertex 9.4 17.05 0
      vertex 9.72352 17.0074 3
      vertex 9.4 17.05 3
    endloop
  endfacet
  facet normal -0.13055 -0.991442 -0
    outer loop
      vertex 9.72352 17.0074 3
      vertex 9.4 17.05 0
      vertex 9.72352 17.0074 0
    endloop
  endfacet
  facet normal -0.382743 -0.923855 0
    outer loop
      vertex 9.72352 17.0074 0
      vertex 10.025 16.8825 3
      vertex 9.72352 17.0074 3
    endloop
  endfacet
  facet normal -0.382743 -0.923855 -0
    outer loop
      vertex 10.025 16.8825 3
      vertex 9.72352 17.0074 0
      vertex 10.025 16.8825 0
    endloop
  endfacet
  facet normal 0.608673 0.793421 -0
    outer loop
      vertex 8.775 14.7175 0
      vertex 8.51612 14.9161 3
      vertex 8.775 14.7175 3
    endloop
  endfacet
  facet normal 0.608673 0.793421 0
    outer loop
      vertex 8.51612 14.9161 3
      vertex 8.775 14.7175 0
      vertex 8.51612 14.9161 0
    endloop
  endfacet
  facet normal -0.923864 0.382722 0
    outer loop
      vertex 10.4825 15.175 0
      vertex 10.6074 15.4765 3
      vertex 10.6074 15.4765 0
    endloop
  endfacet
  facet normal -0.923864 0.382722 0
    outer loop
      vertex 10.6074 15.4765 3
      vertex 10.4825 15.175 0
      vertex 10.4825 15.175 3
    endloop
  endfacet
  facet normal -0.13055 0.991442 0
    outer loop
      vertex 9.72352 14.5926 0
      vertex 9.4 14.55 3
      vertex 9.72352 14.5926 3
    endloop
  endfacet
  facet normal -0.13055 0.991442 0
    outer loop
      vertex 9.4 14.55 3
      vertex 9.72352 14.5926 0
      vertex 9.4 14.55 0
    endloop
  endfacet
  facet normal -0.793444 -0.608644 0
    outer loop
      vertex 10.4825 16.425 0
      vertex 10.2839 16.6839 3
      vertex 10.2839 16.6839 0
    endloop
  endfacet
  facet normal -0.793444 -0.608644 0
    outer loop
      vertex 10.2839 16.6839 3
      vertex 10.4825 16.425 0
      vertex 10.4825 16.425 3
    endloop
  endfacet
  facet normal -0.991441 0.130558 0
    outer loop
      vertex 10.6074 15.4765 0
      vertex 10.65 15.8 3
      vertex 10.65 15.8 0
    endloop
  endfacet
  facet normal -0.991441 0.130558 0
    outer loop
      vertex 10.65 15.8 3
      vertex 10.6074 15.4765 0
      vertex 10.6074 15.4765 3
    endloop
  endfacet
  facet normal 0.991445 -0.130527 0
    outer loop
      vertex 8.15 15.8 3
      vertex 8.19259 16.1235 0
      vertex 8.19259 16.1235 3
    endloop
  endfacet
  facet normal 0.991445 -0.130527 0
    outer loop
      vertex 8.19259 16.1235 0
      vertex 8.15 15.8 3
      vertex 8.15 15.8 0
    endloop
  endfacet
  facet normal 0.13055 -0.991442 0
    outer loop
      vertex 9.07648 17.0074 0
      vertex 9.4 17.05 3
      vertex 9.07648 17.0074 3
    endloop
  endfacet
  facet normal 0.13055 -0.991442 0
    outer loop
      vertex 9.4 17.05 3
      vertex 9.07648 17.0074 0
      vertex 9.4 17.05 0
    endloop
  endfacet
  facet normal -0.608644 -0.793444 0
    outer loop
      vertex 10.025 16.8825 0
      vertex 10.2839 16.6839 3
      vertex 10.025 16.8825 3
    endloop
  endfacet
  facet normal -0.608644 -0.793444 -0
    outer loop
      vertex 10.2839 16.6839 3
      vertex 10.025 16.8825 0
      vertex 10.2839 16.6839 0
    endloop
  endfacet
  facet normal 0.962455 -0.271442 0
    outer loop
      vertex 73.7069 -23.9488 3
      vertex 75.3587 -18.092 0
      vertex 75.3587 -18.092 3
    endloop
  endfacet
  facet normal 0.962455 -0.271442 0
    outer loop
      vertex 75.3587 -18.092 0
      vertex 73.7069 -23.9488 3
      vertex 73.7069 -23.9488 0
    endloop
  endfacet
  facet normal 0.999229 -0.0392587 0
    outer loop
      vertex 77.2611 -6.08058 3
      vertex 77.5 0 0
      vertex 77.5 0 3
    endloop
  endfacet
  facet normal 0.999229 -0.0392587 0
    outer loop
      vertex 77.5 0 0
      vertex 77.2611 -6.08058 3
      vertex 77.2611 -6.08058 0
    endloop
  endfacet
  facet normal 0.734325 -0.678798 0
    outer loop
      vertex 54.8008 -54.8008 3
      vertex 58.9315 -50.3322 0
      vertex 58.9315 -50.3322 3
    endloop
  endfacet
  facet normal 0.734325 -0.678798 0
    outer loop
      vertex 58.9315 -50.3322 0
      vertex 54.8008 -54.8008 3
      vertex 54.8008 -54.8008 0
    endloop
  endfacet
  facet normal -0.962455 -0.271442 0
    outer loop
      vertex -73.7069 -23.9488 0
      vertex -75.3587 -18.092 3
      vertex -75.3587 -18.092 0
    endloop
  endfacet
  facet normal -0.962455 -0.271442 0
    outer loop
      vertex -75.3587 -18.092 3
      vertex -73.7069 -23.9488 0
      vertex -73.7069 -23.9488 3
    endloop
  endfacet
  facet normal 0.993068 0.117545 0
    outer loop
      vertex 77.2611 6.08058 3
      vertex 76.5458 12.1237 0
      vertex 76.5458 12.1237 3
    endloop
  endfacet
  facet normal 0.993068 0.117545 0
    outer loop
      vertex 76.5458 12.1237 0
      vertex 77.2611 6.08058 3
      vertex 77.2611 6.08058 0
    endloop
  endfacet
  facet normal 0.785317 0.619094 0
    outer loop
      vertex 62.6988 45.5534 3
      vertex 58.9315 50.3322 0
      vertex 58.9315 50.3322 3
    endloop
  endfacet
  facet normal 0.785317 0.619094 0
    outer loop
      vertex 58.9315 50.3322 0
      vertex 62.6988 45.5534 3
      vertex 62.6988 45.5534 0
    endloop
  endfacet
  facet normal 0.980787 0.195079 0
    outer loop
      vertex 76.5458 12.1237 3
      vertex 75.3587 18.092 0
      vertex 75.3587 18.092 3
    endloop
  endfacet
  facet normal 0.980787 0.195079 0
    outer loop
      vertex 75.3587 18.092 0
      vertex 76.5458 12.1237 3
      vertex 76.5458 12.1237 0
    endloop
  endfacet
  facet normal 0.962455 0.271442 0
    outer loop
      vertex 75.3587 18.092 3
      vertex 73.7069 23.9488 0
      vertex 73.7069 23.9488 3
    endloop
  endfacet
  facet normal 0.962455 0.271442 0
    outer loop
      vertex 73.7069 23.9488 0
      vertex 75.3587 18.092 3
      vertex 75.3587 18.092 0
    endloop
  endfacet
  facet normal 0.999229 0.0392587 0
    outer loop
      vertex 77.5 0 3
      vertex 77.2611 6.08058 0
      vertex 77.2611 6.08058 3
    endloop
  endfacet
  facet normal 0.999229 0.0392587 0
    outer loop
      vertex 77.2611 6.08058 0
      vertex 77.5 0 3
      vertex 77.5 0 0
    endloop
  endfacet
  facet normal 0.785317 -0.619094 0
    outer loop
      vertex 58.9315 -50.3322 3
      vertex 62.6988 -45.5534 0
      vertex 62.6988 -45.5534 3
    endloop
  endfacet
  facet normal 0.785317 -0.619094 0
    outer loop
      vertex 62.6988 -45.5534 0
      vertex 58.9315 -50.3322 3
      vertex 58.9315 -50.3322 0
    endloop
  endfacet
  facet normal -0.872493 -0.488627 0
    outer loop
      vertex -66.0796 -40.4936 0
      vertex -69.053 -35.1843 3
      vertex -69.053 -35.1843 0
    endloop
  endfacet
  facet normal -0.872493 -0.488627 0
    outer loop
      vertex -69.053 -35.1843 3
      vertex -66.0796 -40.4936 0
      vertex -66.0796 -40.4936 3
    endloop
  endfacet
  facet normal -0.678798 0.734325 0
    outer loop
      vertex -50.3322 58.9315 0
      vertex -54.8008 54.8008 3
      vertex -50.3322 58.9315 3
    endloop
  endfacet
  facet normal -0.678798 0.734325 0
    outer loop
      vertex -54.8008 54.8008 3
      vertex -50.3322 58.9315 0
      vertex -54.8008 54.8008 0
    endloop
  endfacet
  facet normal -0.346112 0.938193 0
    outer loop
      vertex -23.9488 73.7069 0
      vertex -29.658 71.6007 3
      vertex -23.9488 73.7069 3
    endloop
  endfacet
  facet normal -0.346112 0.938193 0
    outer loop
      vertex -29.658 71.6007 3
      vertex -23.9488 73.7069 0
      vertex -29.658 71.6007 0
    endloop
  endfacet
  facet normal -0.908141 -0.418665 0
    outer loop
      vertex -69.053 -35.1843 0
      vertex -71.6007 -29.658 3
      vertex -71.6007 -29.658 0
    endloop
  endfacet
  facet normal -0.908141 -0.418665 0
    outer loop
      vertex -71.6007 -29.658 3
      vertex -69.053 -35.1843 0
      vertex -69.053 -35.1843 3
    endloop
  endfacet
  facet normal -0.785317 -0.619094 0
    outer loop
      vertex -58.9315 -50.3322 0
      vertex -62.6988 -45.5534 3
      vertex -62.6988 -45.5534 0
    endloop
  endfacet
  facet normal -0.785317 -0.619094 0
    outer loop
      vertex -62.6988 -45.5534 3
      vertex -58.9315 -50.3322 0
      vertex -58.9315 -50.3322 3
    endloop
  endfacet
  facet normal -0.488627 0.872493 0
    outer loop
      vertex -35.1843 69.053 0
      vertex -40.4936 66.0796 3
      vertex -35.1843 69.053 3
    endloop
  endfacet
  facet normal -0.488627 0.872493 0
    outer loop
      vertex -40.4936 66.0796 3
      vertex -35.1843 69.053 0
      vertex -40.4936 66.0796 0
    endloop
  endfacet
  facet normal 0.117545 0.993068 -0
    outer loop
      vertex 12.1237 76.5458 0
      vertex 6.08058 77.2611 3
      vertex 12.1237 76.5458 3
    endloop
  endfacet
  facet normal 0.117545 0.993068 0
    outer loop
      vertex 6.08058 77.2611 3
      vertex 12.1237 76.5458 0
      vertex 6.08058 77.2611 0
    endloop
  endfacet
  facet normal -0.555565 0.831473 0
    outer loop
      vertex -40.4936 66.0796 0
      vertex -45.5534 62.6988 3
      vertex -40.4936 66.0796 3
    endloop
  endfacet
  facet normal -0.555565 0.831473 0
    outer loop
      vertex -45.5534 62.6988 3
      vertex -40.4936 66.0796 0
      vertex -45.5534 62.6988 0
    endloop
  endfacet
  facet normal -0.488627 -0.872493 0
    outer loop
      vertex -40.4936 -66.0796 0
      vertex -35.1843 -69.053 3
      vertex -40.4936 -66.0796 3
    endloop
  endfacet
  facet normal -0.488627 -0.872493 -0
    outer loop
      vertex -35.1843 -69.053 3
      vertex -40.4936 -66.0796 0
      vertex -35.1843 -69.053 0
    endloop
  endfacet
  facet normal -0.271442 -0.962455 0
    outer loop
      vertex -23.9488 -73.7069 0
      vertex -18.092 -75.3587 3
      vertex -23.9488 -73.7069 3
    endloop
  endfacet
  facet normal -0.271442 -0.962455 -0
    outer loop
      vertex -18.092 -75.3587 3
      vertex -23.9488 -73.7069 0
      vertex -18.092 -75.3587 0
    endloop
  endfacet
  facet normal 0.831473 0.555565 0
    outer loop
      vertex 66.0796 40.4936 3
      vertex 62.6988 45.5534 0
      vertex 62.6988 45.5534 3
    endloop
  endfacet
  facet normal 0.831473 0.555565 0
    outer loop
      vertex 62.6988 45.5534 0
      vertex 66.0796 40.4936 3
      vertex 66.0796 40.4936 0
    endloop
  endfacet
  facet normal 0.195079 -0.980787 0
    outer loop
      vertex 12.1237 -76.5458 0
      vertex 18.092 -75.3587 3
      vertex 12.1237 -76.5458 3
    endloop
  endfacet
  facet normal 0.195079 -0.980787 0
    outer loop
      vertex 18.092 -75.3587 3
      vertex 12.1237 -76.5458 0
      vertex 18.092 -75.3587 0
    endloop
  endfacet
  facet normal 0.117545 -0.993068 0
    outer loop
      vertex 6.08058 -77.2611 0
      vertex 12.1237 -76.5458 3
      vertex 6.08058 -77.2611 3
    endloop
  endfacet
  facet normal 0.117545 -0.993068 0
    outer loop
      vertex 12.1237 -76.5458 3
      vertex 6.08058 -77.2611 0
      vertex 12.1237 -76.5458 0
    endloop
  endfacet
  facet normal 0.0392587 -0.999229 0
    outer loop
      vertex 0 -77.5 0
      vertex 6.08058 -77.2611 3
      vertex 0 -77.5 3
    endloop
  endfacet
  facet normal 0.0392587 -0.999229 0
    outer loop
      vertex 6.08058 -77.2611 3
      vertex 0 -77.5 0
      vertex 6.08058 -77.2611 0
    endloop
  endfacet
  facet normal 0.980787 -0.195079 0
    outer loop
      vertex 75.3587 -18.092 3
      vertex 76.5458 -12.1237 0
      vertex 76.5458 -12.1237 3
    endloop
  endfacet
  facet normal 0.980787 -0.195079 0
    outer loop
      vertex 76.5458 -12.1237 0
      vertex 75.3587 -18.092 3
      vertex 75.3587 -18.092 0
    endloop
  endfacet
  facet normal -0.999229 -0.0392587 0
    outer loop
      vertex -77.2611 -6.08058 0
      vertex -77.5 0 3
      vertex -77.5 0 0
    endloop
  endfacet
  facet normal -0.999229 -0.0392587 0
    outer loop
      vertex -77.5 0 3
      vertex -77.2611 -6.08058 0
      vertex -77.2611 -6.08058 3
    endloop
  endfacet
  facet normal -0.0392587 0.999229 0
    outer loop
      vertex 0 77.5 0
      vertex -6.08058 77.2611 3
      vertex 0 77.5 3
    endloop
  endfacet
  facet normal -0.0392587 0.999229 0
    outer loop
      vertex -6.08058 77.2611 3
      vertex 0 77.5 0
      vertex -6.08058 77.2611 0
    endloop
  endfacet
  facet normal -0.938193 -0.346112 0
    outer loop
      vertex -71.6007 -29.658 0
      vertex -73.7069 -23.9488 3
      vertex -73.7069 -23.9488 0
    endloop
  endfacet
  facet normal -0.938193 -0.346112 0
    outer loop
      vertex -73.7069 -23.9488 3
      vertex -71.6007 -29.658 0
      vertex -71.6007 -29.658 3
    endloop
  endfacet
  facet normal 0.619094 -0.785317 0
    outer loop
      vertex 45.5534 -62.6988 0
      vertex 50.3322 -58.9315 3
      vertex 45.5534 -62.6988 3
    endloop
  endfacet
  facet normal 0.619094 -0.785317 0
    outer loop
      vertex 50.3322 -58.9315 3
      vertex 45.5534 -62.6988 0
      vertex 50.3322 -58.9315 0
    endloop
  endfacet
  facet normal 0.678798 0.734325 -0
    outer loop
      vertex 54.8008 54.8008 0
      vertex 50.3322 58.9315 3
      vertex 54.8008 54.8008 3
    endloop
  endfacet
  facet normal 0.678798 0.734325 0
    outer loop
      vertex 50.3322 58.9315 3
      vertex 54.8008 54.8008 0
      vertex 50.3322 58.9315 0
    endloop
  endfacet
  facet normal -0.938193 0.346112 0
    outer loop
      vertex -73.7069 23.9488 0
      vertex -71.6007 29.658 3
      vertex -71.6007 29.658 0
    endloop
  endfacet
  facet normal -0.938193 0.346112 0
    outer loop
      vertex -71.6007 29.658 3
      vertex -73.7069 23.9488 0
      vertex -73.7069 23.9488 3
    endloop
  endfacet
  facet normal -0.831473 -0.555565 0
    outer loop
      vertex -62.6988 -45.5534 0
      vertex -66.0796 -40.4936 3
      vertex -66.0796 -40.4936 0
    endloop
  endfacet
  facet normal -0.831473 -0.555565 0
    outer loop
      vertex -66.0796 -40.4936 3
      vertex -62.6988 -45.5534 0
      vertex -62.6988 -45.5534 3
    endloop
  endfacet
  facet normal -0.980787 -0.195079 0
    outer loop
      vertex -75.3587 -18.092 0
      vertex -76.5458 -12.1237 3
      vertex -76.5458 -12.1237 0
    endloop
  endfacet
  facet normal -0.980787 -0.195079 0
    outer loop
      vertex -76.5458 -12.1237 3
      vertex -75.3587 -18.092 0
      vertex -75.3587 -18.092 3
    endloop
  endfacet
  facet normal 0.993068 -0.117545 0
    outer loop
      vertex 76.5458 -12.1237 3
      vertex 77.2611 -6.08058 0
      vertex 77.2611 -6.08058 3
    endloop
  endfacet
  facet normal 0.993068 -0.117545 0
    outer loop
      vertex 77.2611 -6.08058 0
      vertex 76.5458 -12.1237 3
      vertex 76.5458 -12.1237 0
    endloop
  endfacet
  facet normal -0.0392587 -0.999229 0
    outer loop
      vertex -6.08058 -77.2611 0
      vertex 0 -77.5 3
      vertex -6.08058 -77.2611 3
    endloop
  endfacet
  facet normal -0.0392587 -0.999229 -0
    outer loop
      vertex 0 -77.5 3
      vertex -6.08058 -77.2611 0
      vertex 0 -77.5 0
    endloop
  endfacet
  facet normal 0.346112 -0.938193 0
    outer loop
      vertex 23.9488 -73.7069 0
      vertex 29.658 -71.6007 3
      vertex 23.9488 -73.7069 3
    endloop
  endfacet
  facet normal 0.346112 -0.938193 0
    outer loop
      vertex 29.658 -71.6007 3
      vertex 23.9488 -73.7069 0
      vertex 29.658 -71.6007 0
    endloop
  endfacet
  facet normal -0.734325 -0.678798 0
    outer loop
      vertex -54.8008 -54.8008 0
      vertex -58.9315 -50.3322 3
      vertex -58.9315 -50.3322 0
    endloop
  endfacet
  facet normal -0.734325 -0.678798 0
    outer loop
      vertex -58.9315 -50.3322 3
      vertex -54.8008 -54.8008 0
      vertex -54.8008 -54.8008 3
    endloop
  endfacet
  facet normal 0.271442 -0.962455 0
    outer loop
      vertex 18.092 -75.3587 0
      vertex 23.9488 -73.7069 3
      vertex 18.092 -75.3587 3
    endloop
  endfacet
  facet normal 0.271442 -0.962455 0
    outer loop
      vertex 23.9488 -73.7069 3
      vertex 18.092 -75.3587 0
      vertex 23.9488 -73.7069 0
    endloop
  endfacet
  facet normal -0.619094 0.785317 0
    outer loop
      vertex -45.5534 62.6988 0
      vertex -50.3322 58.9315 3
      vertex -45.5534 62.6988 3
    endloop
  endfacet
  facet normal -0.619094 0.785317 0
    outer loop
      vertex -50.3322 58.9315 3
      vertex -45.5534 62.6988 0
      vertex -50.3322 58.9315 0
    endloop
  endfacet
  facet normal -0.993068 -0.117545 0
    outer loop
      vertex -76.5458 -12.1237 0
      vertex -77.2611 -6.08058 3
      vertex -77.2611 -6.08058 0
    endloop
  endfacet
  facet normal -0.993068 -0.117545 0
    outer loop
      vertex -77.2611 -6.08058 3
      vertex -76.5458 -12.1237 0
      vertex -76.5458 -12.1237 3
    endloop
  endfacet
  facet normal -0.734325 0.678798 0
    outer loop
      vertex -58.9315 50.3322 0
      vertex -54.8008 54.8008 3
      vertex -54.8008 54.8008 0
    endloop
  endfacet
  facet normal -0.734325 0.678798 0
    outer loop
      vertex -54.8008 54.8008 3
      vertex -58.9315 50.3322 0
      vertex -58.9315 50.3322 3
    endloop
  endfacet
  facet normal -0.872493 0.488627 0
    outer loop
      vertex -69.053 35.1843 0
      vertex -66.0796 40.4936 3
      vertex -66.0796 40.4936 0
    endloop
  endfacet
  facet normal -0.872493 0.488627 0
    outer loop
      vertex -66.0796 40.4936 3
      vertex -69.053 35.1843 0
      vertex -69.053 35.1843 3
    endloop
  endfacet
  facet normal 0.872493 -0.488627 0
    outer loop
      vertex 66.0796 -40.4936 3
      vertex 69.053 -35.1843 0
      vertex 69.053 -35.1843 3
    endloop
  endfacet
  facet normal 0.872493 -0.488627 0
    outer loop
      vertex 69.053 -35.1843 0
      vertex 66.0796 -40.4936 3
      vertex 66.0796 -40.4936 0
    endloop
  endfacet
  facet normal 0.938193 -0.346112 0
    outer loop
      vertex 71.6007 -29.658 3
      vertex 73.7069 -23.9488 0
      vertex 73.7069 -23.9488 3
    endloop
  endfacet
  facet normal 0.938193 -0.346112 0
    outer loop
      vertex 73.7069 -23.9488 0
      vertex 71.6007 -29.658 3
      vertex 71.6007 -29.658 0
    endloop
  endfacet
  facet normal -0.831473 0.555565 0
    outer loop
      vertex -66.0796 40.4936 0
      vertex -62.6988 45.5534 3
      vertex -62.6988 45.5534 0
    endloop
  endfacet
  facet normal -0.831473 0.555565 0
    outer loop
      vertex -62.6988 45.5534 3
      vertex -66.0796 40.4936 0
      vertex -66.0796 40.4936 3
    endloop
  endfacet
  facet normal -0.785317 0.619094 0
    outer loop
      vertex -62.6988 45.5534 0
      vertex -58.9315 50.3322 3
      vertex -58.9315 50.3322 0
    endloop
  endfacet
  facet normal -0.785317 0.619094 0
    outer loop
      vertex -58.9315 50.3322 3
      vertex -62.6988 45.5534 0
      vertex -62.6988 45.5534 3
    endloop
  endfacet
  facet normal 0.418665 -0.908141 0
    outer loop
      vertex 29.658 -71.6007 0
      vertex 35.1843 -69.053 3
      vertex 29.658 -71.6007 3
    endloop
  endfacet
  facet normal 0.418665 -0.908141 0
    outer loop
      vertex 35.1843 -69.053 3
      vertex 29.658 -71.6007 0
      vertex 35.1843 -69.053 0
    endloop
  endfacet
  facet normal 0.346112 0.938193 -0
    outer loop
      vertex 29.658 71.6007 0
      vertex 23.9488 73.7069 3
      vertex 29.658 71.6007 3
    endloop
  endfacet
  facet normal 0.346112 0.938193 0
    outer loop
      vertex 23.9488 73.7069 3
      vertex 29.658 71.6007 0
      vertex 23.9488 73.7069 0
    endloop
  endfacet
  facet normal -0.271442 0.962455 0
    outer loop
      vertex -18.092 75.3587 0
      vertex -23.9488 73.7069 3
      vertex -18.092 75.3587 3
    endloop
  endfacet
  facet normal -0.271442 0.962455 0
    outer loop
      vertex -23.9488 73.7069 3
      vertex -18.092 75.3587 0
      vertex -23.9488 73.7069 0
    endloop
  endfacet
  facet normal -0.346112 -0.938193 0
    outer loop
      vertex -29.658 -71.6007 0
      vertex -23.9488 -73.7069 3
      vertex -29.658 -71.6007 3
    endloop
  endfacet
  facet normal -0.346112 -0.938193 -0
    outer loop
      vertex -23.9488 -73.7069 3
      vertex -29.658 -71.6007 0
      vertex -23.9488 -73.7069 0
    endloop
  endfacet
  facet normal -0.908141 0.418665 0
    outer loop
      vertex -71.6007 29.658 0
      vertex -69.053 35.1843 3
      vertex -69.053 35.1843 0
    endloop
  endfacet
  facet normal -0.908141 0.418665 0
    outer loop
      vertex -69.053 35.1843 3
      vertex -71.6007 29.658 0
      vertex -71.6007 29.658 3
    endloop
  endfacet
  facet normal 0.418665 0.908141 -0
    outer loop
      vertex 35.1843 69.053 0
      vertex 29.658 71.6007 3
      vertex 35.1843 69.053 3
    endloop
  endfacet
  facet normal 0.418665 0.908141 0
    outer loop
      vertex 29.658 71.6007 3
      vertex 35.1843 69.053 0
      vertex 29.658 71.6007 0
    endloop
  endfacet
  facet normal 0.555565 -0.831473 0
    outer loop
      vertex 40.4936 -66.0796 0
      vertex 45.5534 -62.6988 3
      vertex 40.4936 -66.0796 3
    endloop
  endfacet
  facet normal 0.555565 -0.831473 0
    outer loop
      vertex 45.5534 -62.6988 3
      vertex 40.4936 -66.0796 0
      vertex 45.5534 -62.6988 0
    endloop
  endfacet
  facet normal -0.678798 -0.734325 0
    outer loop
      vertex -54.8008 -54.8008 0
      vertex -50.3322 -58.9315 3
      vertex -54.8008 -54.8008 3
    endloop
  endfacet
  facet normal -0.678798 -0.734325 -0
    outer loop
      vertex -50.3322 -58.9315 3
      vertex -54.8008 -54.8008 0
      vertex -50.3322 -58.9315 0
    endloop
  endfacet
  facet normal -0.418665 -0.908141 0
    outer loop
      vertex -35.1843 -69.053 0
      vertex -29.658 -71.6007 3
      vertex -35.1843 -69.053 3
    endloop
  endfacet
  facet normal -0.418665 -0.908141 -0
    outer loop
      vertex -29.658 -71.6007 3
      vertex -35.1843 -69.053 0
      vertex -29.658 -71.6007 0
    endloop
  endfacet
  facet normal -0.619094 -0.785317 0
    outer loop
      vertex -50.3322 -58.9315 0
      vertex -45.5534 -62.6988 3
      vertex -50.3322 -58.9315 3
    endloop
  endfacet
  facet normal -0.619094 -0.785317 -0
    outer loop
      vertex -45.5534 -62.6988 3
      vertex -50.3322 -58.9315 0
      vertex -45.5534 -62.6988 0
    endloop
  endfacet
  facet normal -0.555565 -0.831473 0
    outer loop
      vertex -45.5534 -62.6988 0
      vertex -40.4936 -66.0796 3
      vertex -45.5534 -62.6988 3
    endloop
  endfacet
  facet normal -0.555565 -0.831473 -0
    outer loop
      vertex -40.4936 -66.0796 3
      vertex -45.5534 -62.6988 0
      vertex -40.4936 -66.0796 0
    endloop
  endfacet
  facet normal 0 0 -1
    outer loop
      vertex -30.0825 -10.375 0
      vertex -59.9175 -10.375 0
      vertex -30.0825 10.375 0
    endloop
  endfacet
  facet normal 0 0 -1
    outer loop
      vertex -30.0825 10.375 0
      vertex -59.7926 10.6765 0
      vertex -59.75 11 0
    endloop
  endfacet
  facet normal 0 0 -1
    outer loop
      vertex -59.9175 10.375 0
      vertex -30.0825 10.375 0
      vertex -59.9175 -10.375 0
    endloop
  endfacet
  facet normal 0 0 -1
    outer loop
      vertex -30.0825 10.375 0
      vertex -59.9175 10.375 0
      vertex -59.7926 10.6765 0
    endloop
  endfacet
  facet normal 0 0 -1
    outer loop
      vertex -60.1161 -10.1161 0
      vertex -59.9175 10.375 0
      vertex -59.9175 -10.375 0
    endloop
  endfacet
  facet normal 0 0 -1
    outer loop
      vertex -60.1161 -10.1161 0
      vertex -60.1161 10.1161 0
      vertex -59.9175 10.375 0
    endloop
  endfacet
  facet normal 0 0 -1
    outer loop
      vertex -60.375 -9.91747 0
      vertex -60.1161 10.1161 0
      vertex -60.1161 -10.1161 0
    endloop
  endfacet
  facet normal 0 0 -1
    outer loop
      vertex -60.375 -9.91747 0
      vertex -60.375 9.91747 0
      vertex -60.1161 10.1161 0
    endloop
  endfacet
  facet normal 0 0 -1
    outer loop
      vertex -60.6765 -9.79259 0
      vertex -60.375 9.91747 0
      vertex -60.375 -9.91747 0
    endloop
  endfacet
  facet normal 0 0 -1
    outer loop
      vertex -60.6765 -9.79259 0
      vertex -60.6765 9.79259 0
      vertex -60.375 9.91747 0
    endloop
  endfacet
  facet normal 0 0 -1
    outer loop
      vertex -61 -9.75 0
      vertex -60.6765 9.79259 0
      vertex -60.6765 -9.79259 0
    endloop
  endfacet
  facet normal 0 0 -1
    outer loop
      vertex -61 -9.75 0
      vertex -61 9.75 0
      vertex -60.6765 9.79259 0
    endloop
  endfacet
  facet normal 0 0 -1
    outer loop
      vertex -61.3235 -9.79259 0
      vertex -61 9.75 0
      vertex -61 -9.75 0
    endloop
  endfacet
  facet normal 0 0 -1
    outer loop
      vertex -61.3235 -9.79259 0
      vertex -61.3235 9.79259 0
      vertex -61 9.75 0
    endloop
  endfacet
  facet normal 0 0 -1
    outer loop
      vertex -61.625 -9.91747 0
      vertex -61.3235 9.79259 0
      vertex -61.3235 -9.79259 0
    endloop
  endfacet
  facet normal 0 0 -1
    outer loop
      vertex -61.625 -9.91747 0
      vertex -61.625 9.91747 0
      vertex -61.3235 9.79259 0
    endloop
  endfacet
  facet normal 0 0 -1
    outer loop
      vertex -77.5 0 0
      vertex -61.625 -9.91747 0
      vertex -61.8839 -10.1161 0
    endloop
  endfacet
  facet normal 0 0 -1
    outer loop
      vertex -61.625 -9.91747 0
      vertex -77.5 0 0
      vertex -61.625 9.91747 0
    endloop
  endfacet
  facet normal 0 0 -1
    outer loop
      vertex -77.2611 -6.08058 0
      vertex -61.8839 -10.1161 0
      vertex -62.0825 -10.375 0
    endloop
  endfacet
  facet normal -0 0 -1
    outer loop
      vertex -61.625 9.91747 0
      vertex -77.5 0 0
      vertex -61.8839 10.1161 0
    endloop
  endfacet
  facet normal 0 0 -1
    outer loop
      vertex -77.2611 -6.08058 0
      vertex -62.0825 -10.375 0
      vertex -62.2074 -10.6765 0
    endloop
  endfacet
  facet normal 0 -0 -1
    outer loop
      vertex -77.2611 6.08058 0
      vertex -61.8839 10.1161 0
      vertex -77.5 0 0
    endloop
  endfacet
  facet normal 0 0 -1
    outer loop
      vertex -76.5458 -12.1237 0
      vertex -62.2074 -10.6765 0
      vertex -62.25 -11 0
    endloop
  endfacet
  facet normal -0 0 -1
    outer loop
      vertex -61.8839 10.1161 0
      vertex -77.2611 6.08058 0
      vertex -62.0825 10.375 0
    endloop
  endfacet
  facet normal 0 0 -1
    outer loop
      vertex -59.9175 11.625 0
      vertex -30.0825 11.625 0
      vertex -59.7926 11.3235 0
    endloop
  endfacet
  facet normal 0 0 -1
    outer loop
      vertex -30.0825 11.625 0
      vertex -59.9175 11.625 0
      vertex -29.8839 11.8839 0
    endloop
  endfacet
  facet normal 0 0 -1
    outer loop
      vertex -60.1161 11.8839 0
      vertex -29.8839 11.8839 0
      vertex -59.9175 11.625 0
    endloop
  endfacet
  facet normal 0 0 -1
    outer loop
      vertex -62.6988 45.5534 0
      vertex -29.8839 11.8839 0
      vertex -60.1161 11.8839 0
    endloop
  endfacet
  facet normal 0 0 -1
    outer loop
      vertex -66.0796 40.4936 0
      vertex -60.1161 11.8839 0
      vertex -60.375 12.0825 0
    endloop
  endfacet
  facet normal 0 0 -1
    outer loop
      vertex -69.053 35.1843 0
      vertex -60.375 12.0825 0
      vertex -60.6765 12.2074 0
    endloop
  endfacet
  facet normal 0 0 -1
    outer loop
      vertex -71.6007 29.658 0
      vertex -60.6765 12.2074 0
      vertex -61 12.25 0
    endloop
  endfacet
  facet normal 0 0 -1
    outer loop
      vertex -71.6007 29.658 0
      vertex -61 12.25 0
      vertex -61.3235 12.2074 0
    endloop
  endfacet
  facet normal 0 0 -1
    outer loop
      vertex -73.7069 23.9488 0
      vertex -61.3235 12.2074 0
      vertex -61.625 12.0825 0
    endloop
  endfacet
  facet normal 0 0 -1
    outer loop
      vertex -75.3587 18.092 0
      vertex -61.625 12.0825 0
      vertex -61.8839 11.8839 0
    endloop
  endfacet
  facet normal 0 0 -1
    outer loop
      vertex -75.3587 18.092 0
      vertex -61.8839 11.8839 0
      vertex -62.0825 11.625 0
    endloop
  endfacet
  facet normal 0 0 -1
    outer loop
      vertex -75.3587 18.092 0
      vertex -62.0825 11.625 0
      vertex -62.2074 11.3235 0
    endloop
  endfacet
  facet normal 0 0 -1
    outer loop
      vertex -76.5458 12.1237 0
      vertex -62.2074 11.3235 0
      vertex -62.25 11 0
    endloop
  endfacet
  facet normal 0 0 -1
    outer loop
      vertex -29.8839 11.8839 0
      vertex -62.6988 45.5534 0
      vertex -58.9315 50.3322 0
    endloop
  endfacet
  facet normal -0 0 -1
    outer loop
      vertex -61.625 -12.0825 0
      vertex -75.3587 -18.092 0
      vertex -61.8839 -11.8839 0
    endloop
  endfacet
  facet normal -0 0 -1
    outer loop
      vertex -61.8839 -11.8839 0
      vertex -75.3587 -18.092 0
      vertex -62.0825 -11.625 0
    endloop
  endfacet
  facet normal 0 0 -1
    outer loop
      vertex -60.1161 11.8839 0
      vertex -66.0796 40.4936 0
      vertex -62.6988 45.5534 0
    endloop
  endfacet
  facet normal -0 0 -1
    outer loop
      vertex -62.0825 -11.625 0
      vertex -75.3587 -18.092 0
      vertex -62.2074 -11.3235 0
    endloop
  endfacet
  facet normal 0 0 -1
    outer loop
      vertex -60.375 12.0825 0
      vertex -69.053 35.1843 0
      vertex -66.0796 40.4936 0
    endloop
  endfacet
  facet normal 0 0 -1
    outer loop
      vertex -76.5458 -12.1237 0
      vertex -62.2074 -11.3235 0
      vertex -75.3587 -18.092 0
    endloop
  endfacet
  facet normal 0 0 -1
    outer loop
      vertex -60.6765 12.2074 0
      vertex -71.6007 29.658 0
      vertex -69.053 35.1843 0
    endloop
  endfacet
  facet normal -0 0 -1
    outer loop
      vertex -62.2074 -11.3235 0
      vertex -76.5458 -12.1237 0
      vertex -62.25 -11 0
    endloop
  endfacet
  facet normal 0 0 -1
    outer loop
      vertex -61.3235 12.2074 0
      vertex -73.7069 23.9488 0
      vertex -71.6007 29.658 0
    endloop
  endfacet
  facet normal -0 0 -1
    outer loop
      vertex -62.2074 -10.6765 0
      vertex -76.5458 -12.1237 0
      vertex -77.2611 -6.08058 0
    endloop
  endfacet
  facet normal 0 0 -1
    outer loop
      vertex -61.625 12.0825 0
      vertex -75.3587 18.092 0
      vertex -73.7069 23.9488 0
    endloop
  endfacet
  facet normal 0 0 -1
    outer loop
      vertex -61.8839 -10.1161 0
      vertex -77.2611 -6.08058 0
      vertex -77.5 0 0
    endloop
  endfacet
  facet normal 0 0 -1
    outer loop
      vertex -62.2074 11.3235 0
      vertex -76.5458 12.1237 0
      vertex -75.3587 18.092 0
    endloop
  endfacet
  facet normal -0 0 -1
    outer loop
      vertex -62.0825 10.375 0
      vertex -77.2611 6.08058 0
      vertex -62.2074 10.6765 0
    endloop
  endfacet
  facet normal 0 0 -1
    outer loop
      vertex -62.2074 10.6765 0
      vertex -76.5458 12.1237 0
      vertex -62.25 11 0
    endloop
  endfacet
  facet normal 0 -0 -1
    outer loop
      vertex -76.5458 12.1237 0
      vertex -62.2074 10.6765 0
      vertex -77.2611 6.08058 0
    endloop
  endfacet
  facet normal 0 0 -1
    outer loop
      vertex -27.9175 -10.375 0
      vertex -10.65 -15.8 0
      vertex -27.7926 -10.6765 0
    endloop
  endfacet
  facet normal 0 0 -1
    outer loop
      vertex -10.65 -15.8 0
      vertex -27.7926 10.6765 0
      vertex -27.75 11 0
    endloop
  endfacet
  facet normal 0 0 -1
    outer loop
      vertex -28.1161 -10.1161 0
      vertex -10.65 -15.8 0
      vertex -27.9175 -10.375 0
    endloop
  endfacet
  facet normal 0 0 -1
    outer loop
      vertex -10.65 -15.8 0
      vertex -27.9175 10.375 0
      vertex -27.7926 10.6765 0
    endloop
  endfacet
  facet normal 0 0 -1
    outer loop
      vertex -28.1161 10.1161 0
      vertex -10.65 -15.8 0
      vertex -28.1161 -10.1161 0
    endloop
  endfacet
  facet normal 0 0 -1
    outer loop
      vertex -10.65 -15.8 0
      vertex -28.1161 10.1161 0
      vertex -27.9175 10.375 0
    endloop
  endfacet
  facet normal 0 0 -1
    outer loop
      vertex -28.375 -9.91747 0
      vertex -28.1161 10.1161 0
      vertex -28.1161 -10.1161 0
    endloop
  endfacet
  facet normal 0 0 -1
    outer loop
      vertex -28.375 -9.91747 0
      vertex -28.375 9.91747 0
      vertex -28.1161 10.1161 0
    endloop
  endfacet
  facet normal 0 0 -1
    outer loop
      vertex -28.6765 -9.79259 0
      vertex -28.375 9.91747 0
      vertex -28.375 -9.91747 0
    endloop
  endfacet
  facet normal 0 0 -1
    outer loop
      vertex -28.6765 -9.79259 0
      vertex -28.6765 9.79259 0
      vertex -28.375 9.91747 0
    endloop
  endfacet
  facet normal 0 0 -1
    outer loop
      vertex -29 -9.75 0
      vertex -28.6765 9.79259 0
      vertex -28.6765 -9.79259 0
    endloop
  endfacet
  facet normal 0 0 -1
    outer loop
      vertex -29 -9.75 0
      vertex -29 9.75 0
      vertex -28.6765 9.79259 0
    endloop
  endfacet
  facet normal 0 0 -1
    outer loop
      vertex -29.3235 -9.79259 0
      vertex -29 9.75 0
      vertex -29 -9.75 0
    endloop
  endfacet
  facet normal 0 0 -1
    outer loop
      vertex -29.3235 -9.79259 0
      vertex -29.3235 9.79259 0
      vertex -29 9.75 0
    endloop
  endfacet
  facet normal 0 0 -1
    outer loop
      vertex -29.625 -9.91747 0
      vertex -29.3235 9.79259 0
      vertex -29.3235 -9.79259 0
    endloop
  endfacet
  facet normal 0 0 -1
    outer loop
      vertex -29.625 -9.91747 0
      vertex -29.625 9.91747 0
      vertex -29.3235 9.79259 0
    endloop
  endfacet
  facet normal 0 0 -1
    outer loop
      vertex -29.8839 -10.1161 0
      vertex -29.625 9.91747 0
      vertex -29.625 -9.91747 0
    endloop
  endfacet
  facet normal 0 0 -1
    outer loop
      vertex -29.8839 -10.1161 0
      vertex -29.8839 10.1161 0
      vertex -29.625 9.91747 0
    endloop
  endfacet
  facet normal 0 0 -1
    outer loop
      vertex -30.0825 -10.375 0
      vertex -29.8839 10.1161 0
      vertex -29.8839 -10.1161 0
    endloop
  endfacet
  facet normal 0 0 -1
    outer loop
      vertex -30.0825 -10.375 0
      vertex -30.0825 10.375 0
      vertex -29.8839 10.1161 0
    endloop
  endfacet
  facet normal 0 0 -1
    outer loop
      vertex -59.7926 -10.6765 0
      vertex -30.2074 -10.6765 0
      vertex -59.75 -11 0
    endloop
  endfacet
  facet normal 0 0 -1
    outer loop
      vertex -30.2074 -10.6765 0
      vertex -59.7926 -10.6765 0
      vertex -30.0825 -10.375 0
    endloop
  endfacet
  facet normal 0 0 -1
    outer loop
      vertex -59.75 -11 0
      vertex -30.2074 -10.6765 0
      vertex -30.25 -11 0
    endloop
  endfacet
  facet normal 0 0 -1
    outer loop
      vertex -59.9175 -10.375 0
      vertex -30.0825 -10.375 0
      vertex -59.7926 -10.6765 0
    endloop
  endfacet
  facet normal -0 0 -1
    outer loop
      vertex -17.9239 35.1173 0
      vertex -29.3235 12.2074 0
      vertex -17.951 35.191 0
    endloop
  endfacet
  facet normal -0 0 -1
    outer loop
      vertex -17.951 35.191 0
      vertex -29.3235 12.2074 0
      vertex -17.9724 35.2666 0
    endloop
  endfacet
  facet normal 0 0 -1
    outer loop
      vertex -29.625 12.0825 0
      vertex -17.9724 35.2666 0
      vertex -29.3235 12.2074 0
    endloop
  endfacet
  facet normal -0 0 -1
    outer loop
      vertex -17.9724 35.2666 0
      vertex -29.625 12.0825 0
      vertex -17.9877 35.3436 0
    endloop
  endfacet
  facet normal -0 0 -1
    outer loop
      vertex -17.9877 35.3436 0
      vertex -29.625 12.0825 0
      vertex -17.9969 35.4215 0
    endloop
  endfacet
  facet normal 0 0 -1
    outer loop
      vertex -58.9315 50.3322 0
      vertex -17.9969 35.4215 0
      vertex -29.625 12.0825 0
    endloop
  endfacet
  facet normal 0 0 -1
    outer loop
      vertex -17.9969 35.4215 0
      vertex -58.9315 50.3322 0
      vertex -18 35.5 0
    endloop
  endfacet
  facet normal 0 -0 -1
    outer loop
      vertex -54.8008 54.8008 0
      vertex -18 35.5 0
      vertex -58.9315 50.3322 0
    endloop
  endfacet
  facet normal 0 0 -1
    outer loop
      vertex -18 35.5 0
      vertex -54.8008 54.8008 0
      vertex -18 40.5 0
    endloop
  endfacet
  facet normal 0 0 -1
    outer loop
      vertex -17.9969 40.5785 0
      vertex -29.658 71.6007 0
      vertex -23.9488 73.7069 0
    endloop
  endfacet
  facet normal 0 0 -1
    outer loop
      vertex -58.9315 50.3322 0
      vertex -29.625 12.0825 0
      vertex -29.8839 11.8839 0
    endloop
  endfacet
  facet normal 0 0 -1
    outer loop
      vertex -30.2074 11.3235 0
      vertex -59.7926 11.3235 0
      vertex -30.0825 11.625 0
    endloop
  endfacet
  facet normal 0 0 -1
    outer loop
      vertex -59.7926 11.3235 0
      vertex -30.2074 11.3235 0
      vertex -59.75 11 0
    endloop
  endfacet
  facet normal 0 0 -1
    outer loop
      vertex -30.2074 10.6765 0
      vertex -59.75 11 0
      vertex -30.25 11 0
    endloop
  endfacet
  facet normal 0 0 -1
    outer loop
      vertex -62.6988 -45.5534 0
      vertex -29.625 -12.0825 0
      vertex -58.9315 -50.3322 0
    endloop
  endfacet
  facet normal 0 0 -1
    outer loop
      vertex -30.25 11 0
      vertex -59.75 11 0
      vertex -30.2074 11.3235 0
    endloop
  endfacet
  facet normal -0 0 -1
    outer loop
      vertex -29.625 -12.0825 0
      vertex -62.6988 -45.5534 0
      vertex -29.8839 -11.8839 0
    endloop
  endfacet
  facet normal 0 0 -1
    outer loop
      vertex -17.9969 40.5785 0
      vertex -35.1843 69.053 0
      vertex -29.658 71.6007 0
    endloop
  endfacet
  facet normal 0 -0 -1
    outer loop
      vertex -60.1161 -11.8839 0
      vertex -29.8839 -11.8839 0
      vertex -62.6988 -45.5534 0
    endloop
  endfacet
  facet normal 0 0 -1
    outer loop
      vertex -17.9969 40.5785 0
      vertex -40.4936 66.0796 0
      vertex -35.1843 69.053 0
    endloop
  endfacet
  facet normal 0 0 -1
    outer loop
      vertex -30.2074 -11.3235 0
      vertex -59.7926 -11.3235 0
      vertex -30.25 -11 0
    endloop
  endfacet
  facet normal 0 0 -1
    outer loop
      vertex -17.9969 40.5785 0
      vertex -45.5534 62.6988 0
      vertex -40.4936 66.0796 0
    endloop
  endfacet
  facet normal 0 0 -1
    outer loop
      vertex -29.8839 -11.8839 0
      vertex -60.1161 -11.8839 0
      vertex -30.0825 -11.625 0
    endloop
  endfacet
  facet normal 0 0 -1
    outer loop
      vertex -17.9969 40.5785 0
      vertex -50.3322 58.9315 0
      vertex -45.5534 62.6988 0
    endloop
  endfacet
  facet normal 0 -0 -1
    outer loop
      vertex -59.9175 -11.625 0
      vertex -30.0825 -11.625 0
      vertex -60.1161 -11.8839 0
    endloop
  endfacet
  facet normal 0 0 -1
    outer loop
      vertex -17.9969 40.5785 0
      vertex -54.8008 54.8008 0
      vertex -50.3322 58.9315 0
    endloop
  endfacet
  facet normal 0 0 -1
    outer loop
      vertex -18 40.5 0
      vertex -54.8008 54.8008 0
      vertex -17.9969 40.5785 0
    endloop
  endfacet
  facet normal 0 0 -1
    outer loop
      vertex -30.0825 10.375 0
      vertex -59.75 11 0
      vertex -30.2074 10.6765 0
    endloop
  endfacet
  facet normal 0 -0 -1
    outer loop
      vertex -59.75 -11 0
      vertex -30.25 -11 0
      vertex -59.7926 -11.3235 0
    endloop
  endfacet
  facet normal 0 -0 -1
    outer loop
      vertex -59.7926 -11.3235 0
      vertex -30.2074 -11.3235 0
      vertex -59.9175 -11.625 0
    endloop
  endfacet
  facet normal 0 0 -1
    outer loop
      vertex -30.0825 -11.625 0
      vertex -59.9175 -11.625 0
      vertex -30.2074 -11.3235 0
    endloop
  endfacet
  facet normal 0 0 -1
    outer loop
      vertex -66.0796 -40.4936 0
      vertex -60.1161 -11.8839 0
      vertex -62.6988 -45.5534 0
    endloop
  endfacet
  facet normal 0 0 -1
    outer loop
      vertex -60.1161 -11.8839 0
      vertex -66.0796 -40.4936 0
      vertex -60.375 -12.0825 0
    endloop
  endfacet
  facet normal 0 0 -1
    outer loop
      vertex -69.053 -35.1843 0
      vertex -60.375 -12.0825 0
      vertex -66.0796 -40.4936 0
    endloop
  endfacet
  facet normal 0 0 -1
    outer loop
      vertex -60.375 -12.0825 0
      vertex -69.053 -35.1843 0
      vertex -60.6765 -12.2074 0
    endloop
  endfacet
  facet normal 0 0 -1
    outer loop
      vertex -71.6007 -29.658 0
      vertex -60.6765 -12.2074 0
      vertex -69.053 -35.1843 0
    endloop
  endfacet
  facet normal 0 0 -1
    outer loop
      vertex -60.6765 -12.2074 0
      vertex -71.6007 -29.658 0
      vertex -61 -12.25 0
    endloop
  endfacet
  facet normal -0 0 -1
    outer loop
      vertex -61 -12.25 0
      vertex -71.6007 -29.658 0
      vertex -61.3235 -12.2074 0
    endloop
  endfacet
  facet normal 0 0 -1
    outer loop
      vertex -73.7069 -23.9488 0
      vertex -61.3235 -12.2074 0
      vertex -71.6007 -29.658 0
    endloop
  endfacet
  facet normal 0 0 -1
    outer loop
      vertex -75.3587 -18.092 0
      vertex -61.625 -12.0825 0
      vertex -73.7069 -23.9488 0
    endloop
  endfacet
  facet normal -0 0 -1
    outer loop
      vertex -61.3235 -12.2074 0
      vertex -73.7069 -23.9488 0
      vertex -61.625 -12.0825 0
    endloop
  endfacet
  facet normal 0 0 -1
    outer loop
      vertex -14.2396 -34.8506 0
      vertex -9.07648 -17.0074 0
      vertex -14.191 -34.9122 0
    endloop
  endfacet
  facet normal 0 0 -1
    outer loop
      vertex -10.65 -15.8 0
      vertex -14.0031 35.4215 0
      vertex -14 35.5 0
    endloop
  endfacet
  facet normal 0 0 -1
    outer loop
      vertex -14.2929 -34.7929 0
      vertex -9.07648 -17.0074 0
      vertex -14.2396 -34.8506 0
    endloop
  endfacet
  facet normal 0 0 -1
    outer loop
      vertex -10.65 -15.8 0
      vertex -14.0123 35.3436 0
      vertex -14.0031 35.4215 0
    endloop
  endfacet
  facet normal 0 0 -1
    outer loop
      vertex -14.3506 -34.7396 0
      vertex -9.07648 -17.0074 0
      vertex -14.2929 -34.7929 0
    endloop
  endfacet
  facet normal 0 0 -1
    outer loop
      vertex -10.65 -15.8 0
      vertex -14.0276 35.2666 0
      vertex -14.0123 35.3436 0
    endloop
  endfacet
  facet normal 0 0 -1
    outer loop
      vertex -9.07648 -17.0074 0
      vertex -14.3506 -34.7396 0
      vertex -9.4 -17.05 0
    endloop
  endfacet
  facet normal 0 0 -1
    outer loop
      vertex -10.65 -15.8 0
      vertex -14.049 35.191 0
      vertex -14.0276 35.2666 0
    endloop
  endfacet
  facet normal 0 0 -1
    outer loop
      vertex -14.4122 -34.691 0
      vertex -9.4 -17.05 0
      vertex -14.3506 -34.7396 0
    endloop
  endfacet
  facet normal 0 0 -1
    outer loop
      vertex -10.65 -15.8 0
      vertex -14.0761 35.1173 0
      vertex -14.049 35.191 0
    endloop
  endfacet
  facet normal 0 0 -1
    outer loop
      vertex -14.4775 -34.6474 0
      vertex -9.4 -17.05 0
      vertex -14.4122 -34.691 0
    endloop
  endfacet
  facet normal 0 0 -1
    outer loop
      vertex -10.65 -15.8 0
      vertex -14.109 35.046 0
      vertex -14.0761 35.1173 0
    endloop
  endfacet
  facet normal 0 0 -1
    outer loop
      vertex -14.546 -34.609 0
      vertex -9.4 -17.05 0
      vertex -14.4775 -34.6474 0
    endloop
  endfacet
  facet normal 0 0 -1
    outer loop
      vertex -10.65 -15.8 0
      vertex -14.1474 34.9775 0
      vertex -14.109 35.046 0
    endloop
  endfacet
  facet normal -0 0 -1
    outer loop
      vertex -9.4 -17.05 0
      vertex -14.546 -34.609 0
      vertex -9.72352 -17.0074 0
    endloop
  endfacet
  facet normal 0 0 -1
    outer loop
      vertex -10.65 -15.8 0
      vertex -14.191 34.9122 0
      vertex -14.1474 34.9775 0
    endloop
  endfacet
  facet normal 0 0 -1
    outer loop
      vertex -14.6173 -34.5761 0
      vertex -9.72352 -17.0074 0
      vertex -14.546 -34.609 0
    endloop
  endfacet
  facet normal 0 0 -1
    outer loop
      vertex -10.65 -15.8 0
      vertex -14.2396 34.8506 0
      vertex -14.191 34.9122 0
    endloop
  endfacet
  facet normal 0 0 -1
    outer loop
      vertex -14.691 -34.549 0
      vertex -9.72352 -17.0074 0
      vertex -14.6173 -34.5761 0
    endloop
  endfacet
  facet normal 0 0 -1
    outer loop
      vertex -10.65 -15.8 0
      vertex -14.2929 34.7929 0
      vertex -14.2396 34.8506 0
    endloop
  endfacet
  facet normal 0 0 -1
    outer loop
      vertex -14.7666 -34.5276 0
      vertex -9.72352 -17.0074 0
      vertex -14.691 -34.549 0
    endloop
  endfacet
  facet normal 0 0 -1
    outer loop
      vertex -27.7926 -10.6765 0
      vertex -10.65 -15.8 0
      vertex -27.75 -11 0
    endloop
  endfacet
  facet normal 0 0 -1
    outer loop
      vertex -14.8436 -34.5123 0
      vertex -9.72352 -17.0074 0
      vertex -14.7666 -34.5276 0
    endloop
  endfacet
  facet normal 0 0 -1
    outer loop
      vertex -10.65 -15.8 0
      vertex -14.3506 34.7396 0
      vertex -14.2929 34.7929 0
    endloop
  endfacet
  facet normal -0 0 -1
    outer loop
      vertex -9.72352 -17.0074 0
      vertex -14.8436 -34.5123 0
      vertex -10.025 -16.8825 0
    endloop
  endfacet
  facet normal 0 0 -1
    outer loop
      vertex -10.65 -15.8 0
      vertex -14.4122 34.691 0
      vertex -14.3506 34.7396 0
    endloop
  endfacet
  facet normal 0 0 -1
    outer loop
      vertex -14.9215 -34.5031 0
      vertex -10.025 -16.8825 0
      vertex -14.8436 -34.5123 0
    endloop
  endfacet
  facet normal 0 0 -1
    outer loop
      vertex -10.65 -15.8 0
      vertex -14.4775 34.6474 0
      vertex -14.4122 34.691 0
    endloop
  endfacet
  facet normal 0 0 -1
    outer loop
      vertex -15 -34.5 0
      vertex -10.025 -16.8825 0
      vertex -14.9215 -34.5031 0
    endloop
  endfacet
  facet normal 0 0 -1
    outer loop
      vertex -27.75 11 0
      vertex -14.4775 34.6474 0
      vertex -10.65 -15.8 0
    endloop
  endfacet
  facet normal 0 0 -1
    outer loop
      vertex -17 -34.5 0
      vertex -10.025 -16.8825 0
      vertex -15 -34.5 0
    endloop
  endfacet
  facet normal 0 0 -1
    outer loop
      vertex -14.4775 34.6474 0
      vertex -27.75 11 0
      vertex -14.546 34.609 0
    endloop
  endfacet
  facet normal -0 0 -1
    outer loop
      vertex -10.025 -16.8825 0
      vertex -17 -34.5 0
      vertex -10.2839 -16.6839 0
    endloop
  endfacet
  facet normal 0 0 -1
    outer loop
      vertex -14.546 34.609 0
      vertex -27.75 11 0
      vertex -14.6173 34.5761 0
    endloop
  endfacet
  facet normal 0 0 -1
    outer loop
      vertex -17.0785 -34.5031 0
      vertex -10.2839 -16.6839 0
      vertex -17 -34.5 0
    endloop
  endfacet
  facet normal 0 0 -1
    outer loop
      vertex -27.7926 11.3235 0
      vertex -14.6173 34.5761 0
      vertex -27.75 11 0
    endloop
  endfacet
  facet normal 0 0 -1
    outer loop
      vertex -17.1564 -34.5123 0
      vertex -10.2839 -16.6839 0
      vertex -17.0785 -34.5031 0
    endloop
  endfacet
  facet normal 0 0 -1
    outer loop
      vertex -14.6173 34.5761 0
      vertex -27.7926 11.3235 0
      vertex -14.691 34.549 0
    endloop
  endfacet
  facet normal -0 0 -1
    outer loop
      vertex -10.2839 -16.6839 0
      vertex -17.1564 -34.5123 0
      vertex -10.4825 -16.425 0
    endloop
  endfacet
  facet normal 0 0 -1
    outer loop
      vertex -14.691 34.549 0
      vertex -27.7926 11.3235 0
      vertex -14.7666 34.5276 0
    endloop
  endfacet
  facet normal 0 0 -1
    outer loop
      vertex -17.2334 -34.5276 0
      vertex -10.4825 -16.425 0
      vertex -17.1564 -34.5123 0
    endloop
  endfacet
  facet normal 0 0 -1
    outer loop
      vertex -14.7666 34.5276 0
      vertex -27.7926 11.3235 0
      vertex -14.8436 34.5123 0
    endloop
  endfacet
  facet normal 0 0 -1
    outer loop
      vertex -17.309 -34.549 0
      vertex -10.4825 -16.425 0
      vertex -17.2334 -34.5276 0
    endloop
  endfacet
  facet normal 0 0 -1
    outer loop
      vertex -27.9175 11.625 0
      vertex -14.8436 34.5123 0
      vertex -27.7926 11.3235 0
    endloop
  endfacet
  facet normal 0 0 -1
    outer loop
      vertex -27.75 -11 0
      vertex -10.4825 -16.425 0
      vertex -17.309 -34.549 0
    endloop
  endfacet
  facet normal 0 0 -1
    outer loop
      vertex -14.8436 34.5123 0
      vertex -27.9175 11.625 0
      vertex -14.9215 34.5031 0
    endloop
  endfacet
  facet normal 0 0 -1
    outer loop
      vertex -10.4825 -16.425 0
      vertex -27.75 -11 0
      vertex -10.6074 -16.1235 0
    endloop
  endfacet
  facet normal 0 0 -1
    outer loop
      vertex -14.9215 34.5031 0
      vertex -27.9175 11.625 0
      vertex -15 34.5 0
    endloop
  endfacet
  facet normal 0 0 -1
    outer loop
      vertex -10.6074 -16.1235 0
      vertex -27.75 -11 0
      vertex -10.65 -15.8 0
    endloop
  endfacet
  facet normal -0 0 -1
    outer loop
      vertex -15 34.5 0
      vertex -27.9175 11.625 0
      vertex -17 34.5 0
    endloop
  endfacet
  facet normal 0 0 -1
    outer loop
      vertex -27.75 -11 0
      vertex -17.309 -34.549 0
      vertex -17.3827 -34.5761 0
    endloop
  endfacet
  facet normal 0 0 -1
    outer loop
      vertex -28.1161 11.8839 0
      vertex -17 34.5 0
      vertex -27.9175 11.625 0
    endloop
  endfacet
  facet normal 0 0 -1
    outer loop
      vertex -27.75 -11 0
      vertex -17.3827 -34.5761 0
      vertex -17.454 -34.609 0
    endloop
  endfacet
  facet normal -0 0 -1
    outer loop
      vertex -17 34.5 0
      vertex -28.1161 11.8839 0
      vertex -17.0785 34.5031 0
    endloop
  endfacet
  facet normal 0 0 -1
    outer loop
      vertex -27.75 -11 0
      vertex -17.454 -34.609 0
      vertex -17.5225 -34.6474 0
    endloop
  endfacet
  facet normal -0 0 -1
    outer loop
      vertex -17.0785 34.5031 0
      vertex -28.1161 11.8839 0
      vertex -17.1564 34.5123 0
    endloop
  endfacet
  facet normal 0 0 -1
    outer loop
      vertex -27.75 -11 0
      vertex -17.5225 -34.6474 0
      vertex -17.5878 -34.691 0
    endloop
  endfacet
  facet normal -0 0 -1
    outer loop
      vertex -17.1564 34.5123 0
      vertex -28.1161 11.8839 0
      vertex -17.2334 34.5276 0
    endloop
  endfacet
  facet normal 0 0 -1
    outer loop
      vertex -27.75 -11 0
      vertex -17.5878 -34.691 0
      vertex -17.6494 -34.7396 0
    endloop
  endfacet
  facet normal 0 0 -1
    outer loop
      vertex -28.375 12.0825 0
      vertex -17.2334 34.5276 0
      vertex -28.1161 11.8839 0
    endloop
  endfacet
  facet normal 0 0 -1
    outer loop
      vertex -27.75 -11 0
      vertex -17.6494 -34.7396 0
      vertex -17.7071 -34.7929 0
    endloop
  endfacet
  facet normal -0 0 -1
    outer loop
      vertex -17.2334 34.5276 0
      vertex -28.375 12.0825 0
      vertex -17.309 34.549 0
    endloop
  endfacet
  facet normal 0 0 -1
    outer loop
      vertex -27.75 -11 0
      vertex -17.7071 -34.7929 0
      vertex -17.7604 -34.8506 0
    endloop
  endfacet
  facet normal -0 0 -1
    outer loop
      vertex -17.309 34.549 0
      vertex -28.375 12.0825 0
      vertex -17.3827 34.5761 0
    endloop
  endfacet
  facet normal 0 0 -1
    outer loop
      vertex -27.75 -11 0
      vertex -17.7604 -34.8506 0
      vertex -17.809 -34.9122 0
    endloop
  endfacet
  facet normal -0 0 -1
    outer loop
      vertex -17.3827 34.5761 0
      vertex -28.375 12.0825 0
      vertex -17.454 34.609 0
    endloop
  endfacet
  facet normal 0 0 -1
    outer loop
      vertex -27.75 -11 0
      vertex -17.809 -34.9122 0
      vertex -17.8526 -34.9775 0
    endloop
  endfacet
  facet normal -0 0 -1
    outer loop
      vertex -17.454 34.609 0
      vertex -28.375 12.0825 0
      vertex -17.5225 34.6474 0
    endloop
  endfacet
  facet normal 0 0 -1
    outer loop
      vertex -27.75 -11 0
      vertex -17.8526 -34.9775 0
      vertex -17.891 -35.046 0
    endloop
  endfacet
  facet normal 0 0 -1
    outer loop
      vertex -28.6765 12.2074 0
      vertex -17.5225 34.6474 0
      vertex -28.375 12.0825 0
    endloop
  endfacet
  facet normal 0 0 -1
    outer loop
      vertex -27.75 -11 0
      vertex -17.891 -35.046 0
      vertex -17.9239 -35.1173 0
    endloop
  endfacet
  facet normal -0 0 -1
    outer loop
      vertex -17.5225 34.6474 0
      vertex -28.6765 12.2074 0
      vertex -17.5878 34.691 0
    endloop
  endfacet
  facet normal 0 0 -1
    outer loop
      vertex -27.75 -11 0
      vertex -17.9239 -35.1173 0
      vertex -17.951 -35.191 0
    endloop
  endfacet
  facet normal -0 0 -1
    outer loop
      vertex -17.5878 34.691 0
      vertex -28.6765 12.2074 0
      vertex -17.6494 34.7396 0
    endloop
  endfacet
  facet normal 0 0 -1
    outer loop
      vertex -27.75 -11 0
      vertex -17.951 -35.191 0
      vertex -17.9724 -35.2666 0
    endloop
  endfacet
  facet normal -0 0 -1
    outer loop
      vertex -17.6494 34.7396 0
      vertex -28.6765 12.2074 0
      vertex -17.7071 34.7929 0
    endloop
  endfacet
  facet normal 0 0 -1
    outer loop
      vertex -27.75 -11 0
      vertex -17.9724 -35.2666 0
      vertex -17.9877 -35.3436 0
    endloop
  endfacet
  facet normal 0 0 -1
    outer loop
      vertex -29 12.25 0
      vertex -17.7071 34.7929 0
      vertex -28.6765 12.2074 0
    endloop
  endfacet
  facet normal 0 0 -1
    outer loop
      vertex -27.75 -11 0
      vertex -17.9877 -35.3436 0
      vertex -17.9969 -35.4215 0
    endloop
  endfacet
  facet normal -0 0 -1
    outer loop
      vertex -17.7071 34.7929 0
      vertex -29 12.25 0
      vertex -17.7604 34.8506 0
    endloop
  endfacet
  facet normal 0 0 -1
    outer loop
      vertex -27.75 -11 0
      vertex -17.9969 -35.4215 0
      vertex -18 -35.5 0
    endloop
  endfacet
  facet normal -0 0 -1
    outer loop
      vertex -17.7604 34.8506 0
      vertex -29 12.25 0
      vertex -17.809 34.9122 0
    endloop
  endfacet
  facet normal 0 0 -1
    outer loop
      vertex 14.0031 -40.5785 0
      vertex -14.0031 -40.5785 0
      vertex -14 -40.5 0
    endloop
  endfacet
  facet normal 0 0 -1
    outer loop
      vertex 14 -45 0
      vertex -14.0123 -40.6564 0
      vertex -14.0031 -40.5785 0
    endloop
  endfacet
  facet normal 0 0 -1
    outer loop
      vertex -14 -45 0
      vertex -14.0276 -40.7334 0
      vertex -14.0123 -40.6564 0
    endloop
  endfacet
  facet normal 0 0 -1
    outer loop
      vertex -14 -45 0
      vertex -14.049 -40.809 0
      vertex -14.0276 -40.7334 0
    endloop
  endfacet
  facet normal 0 0 -1
    outer loop
      vertex -14 -45 0
      vertex -14.0761 -40.8827 0
      vertex -14.049 -40.809 0
    endloop
  endfacet
  facet normal 0 0 -1
    outer loop
      vertex -14 -45 0
      vertex -14.109 -40.954 0
      vertex -14.0761 -40.8827 0
    endloop
  endfacet
  facet normal 0 0 -1
    outer loop
      vertex -14 -45 0
      vertex -14.1474 -41.0225 0
      vertex -14.109 -40.954 0
    endloop
  endfacet
  facet normal 0 0 -1
    outer loop
      vertex -14 -45 0
      vertex -14.191 -41.0878 0
      vertex -14.1474 -41.0225 0
    endloop
  endfacet
  facet normal 0 0 -1
    outer loop
      vertex -14.691 -41.451 0
      vertex -14 -45 0
      vertex -14.2354 -45.0092 0
    endloop
  endfacet
  facet normal 0 0 -1
    outer loop
      vertex -14 -45 0
      vertex -14.2396 -41.1494 0
      vertex -14.191 -41.0878 0
    endloop
  endfacet
  facet normal 0 0 -1
    outer loop
      vertex -14 -45 0
      vertex -14.2929 -41.2071 0
      vertex -14.2396 -41.1494 0
    endloop
  endfacet
  facet normal 0 0 -1
    outer loop
      vertex -14 -45 0
      vertex -14.3506 -41.2604 0
      vertex -14.2929 -41.2071 0
    endloop
  endfacet
  facet normal 0 0 -1
    outer loop
      vertex -14 -45 0
      vertex -14.4122 -41.309 0
      vertex -14.3506 -41.2604 0
    endloop
  endfacet
  facet normal 0 0 -1
    outer loop
      vertex -14.8436 -41.4877 0
      vertex -14.2354 -45.0092 0
      vertex -14.4693 -45.0369 0
    endloop
  endfacet
  facet normal 0 0 -1
    outer loop
      vertex -14 -45 0
      vertex -14.4775 -41.3526 0
      vertex -14.4122 -41.309 0
    endloop
  endfacet
  facet normal 0 0 -1
    outer loop
      vertex -14 -45 0
      vertex -14.546 -41.391 0
      vertex -14.4775 -41.3526 0
    endloop
  endfacet
  facet normal 0 0 -1
    outer loop
      vertex -14 -45 0
      vertex -14.6173 -41.4239 0
      vertex -14.546 -41.391 0
    endloop
  endfacet
  facet normal 0 0 -1
    outer loop
      vertex -14 -45 0
      vertex -14.691 -41.451 0
      vertex -14.6173 -41.4239 0
    endloop
  endfacet
  facet normal 0 0 -1
    outer loop
      vertex -15 -41.5 0
      vertex -14.4693 -45.0369 0
      vertex -14.7003 -45.0829 0
    endloop
  endfacet
  facet normal 0 0 -1
    outer loop
      vertex -14.2354 -45.0092 0
      vertex -14.7666 -41.4724 0
      vertex -14.691 -41.451 0
    endloop
  endfacet
  facet normal 0 0 -1
    outer loop
      vertex -14.2354 -45.0092 0
      vertex -14.8436 -41.4877 0
      vertex -14.7666 -41.4724 0
    endloop
  endfacet
  facet normal 0 0 -1
    outer loop
      vertex -14.4693 -45.0369 0
      vertex -14.9215 -41.4969 0
      vertex -14.8436 -41.4877 0
    endloop
  endfacet
  facet normal 0 0 -1
    outer loop
      vertex -15 -41.5 0
      vertex -14.7003 -45.0829 0
      vertex -14.927 -45.1468 0
    endloop
  endfacet
  facet normal 0 0 -1
    outer loop
      vertex -14.4693 -45.0369 0
      vertex -15 -41.5 0
      vertex -14.9215 -41.4969 0
    endloop
  endfacet
  facet normal 0 0 -1
    outer loop
      vertex -15.1481 -45.2284 0
      vertex -15 -41.5 0
      vertex -14.927 -45.1468 0
    endloop
  endfacet
  facet normal 0 0 -1
    outer loop
      vertex -17 -41.5 0
      vertex -15.1481 -45.2284 0
      vertex -15.362 -45.327 0
    endloop
  endfacet
  facet normal 0 0 -1
    outer loop
      vertex -17 -41.5 0
      vertex -15.362 -45.327 0
      vertex -15.5675 -45.4421 0
    endloop
  endfacet
  facet normal 0 0 -1
    outer loop
      vertex -17 -41.5 0
      vertex -15.5675 -45.4421 0
      vertex -15.7634 -45.573 0
    endloop
  endfacet
  facet normal 0 0 -1
    outer loop
      vertex -17.0785 -41.4969 0
      vertex -15.7634 -45.573 0
      vertex -15.9483 -45.7188 0
    endloop
  endfacet
  facet normal 0 0 -1
    outer loop
      vertex -17.2334 -41.4724 0
      vertex -15.9483 -45.7188 0
      vertex -16.1213 -45.8787 0
    endloop
  endfacet
  facet normal 0 0 -1
    outer loop
      vertex -17.309 -41.451 0
      vertex -16.1213 -45.8787 0
      vertex -16.2812 -46.0517 0
    endloop
  endfacet
  facet normal 0 0 -1
    outer loop
      vertex -17.454 -41.391 0
      vertex -16.2812 -46.0517 0
      vertex -16.427 -46.2366 0
    endloop
  endfacet
  facet normal 0 0 -1
    outer loop
      vertex -17.5225 -41.3526 0
      vertex -16.427 -46.2366 0
      vertex -16.5579 -46.4325 0
    endloop
  endfacet
  facet normal 0 0 -1
    outer loop
      vertex -17.6494 -41.2604 0
      vertex -16.5579 -46.4325 0
      vertex -16.673 -46.638 0
    endloop
  endfacet
  facet normal 0 0 -1
    outer loop
      vertex -17.7071 -41.2071 0
      vertex -16.673 -46.638 0
      vertex -16.7716 -46.8519 0
    endloop
  endfacet
  facet normal 0 0 -1
    outer loop
      vertex -17.7604 -41.1494 0
      vertex -16.7716 -46.8519 0
      vertex -16.8532 -47.073 0
    endloop
  endfacet
  facet normal 0 0 -1
    outer loop
      vertex -15.1481 -45.2284 0
      vertex -17 -41.5 0
      vertex -15 -41.5 0
    endloop
  endfacet
  facet normal 0 0 -1
    outer loop
      vertex -17.809 -41.0878 0
      vertex -16.8532 -47.073 0
      vertex -16.9171 -47.2997 0
    endloop
  endfacet
  facet normal 0 0 -1
    outer loop
      vertex -17.891 -40.954 0
      vertex -16.9171 -47.2997 0
      vertex -16.9631 -47.5307 0
    endloop
  endfacet
  facet normal 0 0 -1
    outer loop
      vertex -17.9239 -40.8827 0
      vertex -16.9631 -47.5307 0
      vertex -16.9908 -47.7646 0
    endloop
  endfacet
  facet normal 0 0 -1
    outer loop
      vertex -17.951 -40.809 0
      vertex -16.9908 -47.7646 0
      vertex -17 -48 0
    endloop
  endfacet
  facet normal 0 0 -1
    outer loop
      vertex 8.51612 -14.9161 0
      vertex -8.51612 -14.9161 0
      vertex 8.775 -14.7175 0
    endloop
  endfacet
  facet normal 0 0 -1
    outer loop
      vertex 8.775 14.7175 0
      vertex -8.19259 15.4765 0
      vertex -8.15 15.8 0
    endloop
  endfacet
  facet normal 0 0 -1
    outer loop
      vertex -8.775 -14.7175 0
      vertex 8.775 -14.7175 0
      vertex -8.51612 -14.9161 0
    endloop
  endfacet
  facet normal 0 0 -1
    outer loop
      vertex 8.775 14.7175 0
      vertex -8.31747 15.175 0
      vertex -8.19259 15.4765 0
    endloop
  endfacet
  facet normal 0 0 -1
    outer loop
      vertex 8.775 -14.7175 0
      vertex -8.775 -14.7175 0
      vertex 8.775 14.7175 0
    endloop
  endfacet
  facet normal 0 0 -1
    outer loop
      vertex 8.775 14.7175 0
      vertex -8.51612 14.9161 0
      vertex -8.31747 15.175 0
    endloop
  endfacet
  facet normal 0 0 -1
    outer loop
      vertex -8.775 14.7175 0
      vertex 8.775 14.7175 0
      vertex -8.775 -14.7175 0
    endloop
  endfacet
  facet normal 0 0 -1
    outer loop
      vertex 8.775 14.7175 0
      vertex -8.775 14.7175 0
      vertex -8.51612 14.9161 0
    endloop
  endfacet
  facet normal 0 0 -1
    outer loop
      vertex -9.07648 -14.5926 0
      vertex -8.775 14.7175 0
      vertex -8.775 -14.7175 0
    endloop
  endfacet
  facet normal 0 0 -1
    outer loop
      vertex -9.07648 -14.5926 0
      vertex -9.07648 14.5926 0
      vertex -8.775 14.7175 0
    endloop
  endfacet
  facet normal 0 0 -1
    outer loop
      vertex -9.4 -14.55 0
      vertex -9.07648 14.5926 0
      vertex -9.07648 -14.5926 0
    endloop
  endfacet
  facet normal 0 0 -1
    outer loop
      vertex -9.4 -14.55 0
      vertex -9.4 14.55 0
      vertex -9.07648 14.5926 0
    endloop
  endfacet
  facet normal 0 0 -1
    outer loop
      vertex -9.72352 -14.5926 0
      vertex -9.4 14.55 0
      vertex -9.4 -14.55 0
    endloop
  endfacet
  facet normal 0 0 -1
    outer loop
      vertex -9.72352 -14.5926 0
      vertex -9.72352 14.5926 0
      vertex -9.4 14.55 0
    endloop
  endfacet
  facet normal 0 0 -1
    outer loop
      vertex -10.025 -14.7175 0
      vertex -9.72352 14.5926 0
      vertex -9.72352 -14.5926 0
    endloop
  endfacet
  facet normal 0 0 -1
    outer loop
      vertex -10.025 -14.7175 0
      vertex -10.025 14.7175 0
      vertex -9.72352 14.5926 0
    endloop
  endfacet
  facet normal 0 0 -1
    outer loop
      vertex -10.2839 -14.9161 0
      vertex -10.025 14.7175 0
      vertex -10.025 -14.7175 0
    endloop
  endfacet
  facet normal 0 0 -1
    outer loop
      vertex -10.2839 -14.9161 0
      vertex -10.2839 14.9161 0
      vertex -10.025 14.7175 0
    endloop
  endfacet
  facet normal 0 0 -1
    outer loop
      vertex -10.4825 -15.175 0
      vertex -10.2839 14.9161 0
      vertex -10.2839 -14.9161 0
    endloop
  endfacet
  facet normal 0 0 -1
    outer loop
      vertex -10.4825 -15.175 0
      vertex -10.4825 15.175 0
      vertex -10.2839 14.9161 0
    endloop
  endfacet
  facet normal 0 0 -1
    outer loop
      vertex -10.6074 -15.4765 0
      vertex -10.4825 15.175 0
      vertex -10.4825 -15.175 0
    endloop
  endfacet
  facet normal 0 0 -1
    outer loop
      vertex -10.6074 -15.4765 0
      vertex -10.6074 15.4765 0
      vertex -10.4825 15.175 0
    endloop
  endfacet
  facet normal 0 0 -1
    outer loop
      vertex -10.65 -15.8 0
      vertex -10.6074 15.4765 0
      vertex -10.6074 -15.4765 0
    endloop
  endfacet
  facet normal -0 0 -1
    outer loop
      vertex -10.6074 15.4765 0
      vertex -10.65 -15.8 0
      vertex -10.65 15.8 0
    endloop
  endfacet
  facet normal 0 0 -1
    outer loop
      vertex 31.9175 11.375 0
      vertex 10.65 15.8 0
      vertex 31.7926 11.6765 0
    endloop
  endfacet
  facet normal 0 0 -1
    outer loop
      vertex 32.1161 11.1161 0
      vertex 10.6074 15.4765 0
      vertex 10.65 15.8 0
    endloop
  endfacet
  facet normal -0 0 -1
    outer loop
      vertex 31.9175 -11.375 0
      vertex 10.025 -14.7175 0
      vertex 32.1161 -11.1161 0
    endloop
  endfacet
  facet normal 0 0 -1
    outer loop
      vertex 32.1161 11.1161 0
      vertex 10.4825 15.175 0
      vertex 10.6074 15.4765 0
    endloop
  endfacet
  facet normal -0 0 -1
    outer loop
      vertex 32.1161 -11.1161 0
      vertex 10.025 -14.7175 0
      vertex 32.1161 11.1161 0
    endloop
  endfacet
  facet normal 0 0 -1
    outer loop
      vertex 32.1161 11.1161 0
      vertex 10.2839 14.9161 0
      vertex 10.4825 15.175 0
    endloop
  endfacet
  facet normal 0 0 -1
    outer loop
      vertex 10.025 14.7175 0
      vertex 32.1161 11.1161 0
      vertex 10.025 -14.7175 0
    endloop
  endfacet
  facet normal 0 0 -1
    outer loop
      vertex 32.1161 11.1161 0
      vertex 10.025 14.7175 0
      vertex 10.2839 14.9161 0
    endloop
  endfacet
  facet normal 0 0 -1
    outer loop
      vertex 9.72352 -14.5926 0
      vertex 10.025 14.7175 0
      vertex 10.025 -14.7175 0
    endloop
  endfacet
  facet normal 0 0 -1
    outer loop
      vertex 9.72352 -14.5926 0
      vertex 9.72352 14.5926 0
      vertex 10.025 14.7175 0
    endloop
  endfacet
  facet normal 0 0 -1
    outer loop
      vertex 9.4 -14.55 0
      vertex 9.72352 14.5926 0
      vertex 9.72352 -14.5926 0
    endloop
  endfacet
  facet normal 0 0 -1
    outer loop
      vertex 9.4 -14.55 0
      vertex 9.4 14.55 0
      vertex 9.72352 14.5926 0
    endloop
  endfacet
  facet normal 0 0 -1
    outer loop
      vertex 9.07648 -14.5926 0
      vertex 9.4 14.55 0
      vertex 9.4 -14.55 0
    endloop
  endfacet
  facet normal 0 0 -1
    outer loop
      vertex 9.07648 -14.5926 0
      vertex 9.07648 14.5926 0
      vertex 9.4 14.55 0
    endloop
  endfacet
  facet normal 0 0 -1
    outer loop
      vertex 8.775 -14.7175 0
      vertex 9.07648 14.5926 0
      vertex 9.07648 -14.5926 0
    endloop
  endfacet
  facet normal 0 0 -1
    outer loop
      vertex 8.775 -14.7175 0
      vertex 8.775 14.7175 0
      vertex 9.07648 14.5926 0
    endloop
  endfacet
  facet normal 0 0 -1
    outer loop
      vertex -8.31747 -15.175 0
      vertex 8.31747 -15.175 0
      vertex -8.19259 -15.4765 0
    endloop
  endfacet
  facet normal 0 0 -1
    outer loop
      vertex 8.31747 -15.175 0
      vertex -8.31747 -15.175 0
      vertex 8.51612 -14.9161 0
    endloop
  endfacet
  facet normal 0 0 -1
    outer loop
      vertex 8.19259 -15.4765 0
      vertex -8.19259 -15.4765 0
      vertex 8.31747 -15.175 0
    endloop
  endfacet
  facet normal 0 0 -1
    outer loop
      vertex -8.51612 -14.9161 0
      vertex 8.51612 -14.9161 0
      vertex -8.31747 -15.175 0
    endloop
  endfacet
  facet normal 0 0 -1
    outer loop
      vertex -8.19259 -15.4765 0
      vertex 8.19259 -15.4765 0
      vertex -8.15 -15.8 0
    endloop
  endfacet
  facet normal 0 0 -1
    outer loop
      vertex 8.775 14.7175 0
      vertex -8.15 15.8 0
      vertex 8.51612 14.9161 0
    endloop
  endfacet
  facet normal 0 0 -1
    outer loop
      vertex -8.15 -15.8 0
      vertex 8.19259 -15.4765 0
      vertex 8.15 -15.8 0
    endloop
  endfacet
  facet normal 0 0 -1
    outer loop
      vertex 8.51612 14.9161 0
      vertex -8.15 15.8 0
      vertex 8.31747 15.175 0
    endloop
  endfacet
  facet normal 0 0 -1
    outer loop
      vertex 17.7604 -34.8506 0
      vertex 32.6765 -13.2074 0
      vertex 17.809 -34.9122 0
    endloop
  endfacet
  facet normal 0 0 -1
    outer loop
      vertex 31.7926 11.6765 0
      vertex 17.9969 35.4215 0
      vertex 18 35.5 0
    endloop
  endfacet
  facet normal 0 0 -1
    outer loop
      vertex 17.7071 -34.7929 0
      vertex 32.6765 -13.2074 0
      vertex 17.7604 -34.8506 0
    endloop
  endfacet
  facet normal 0 0 -1
    outer loop
      vertex 31.7926 11.6765 0
      vertex 17.9877 35.3436 0
      vertex 17.9969 35.4215 0
    endloop
  endfacet
  facet normal -0 0 -1
    outer loop
      vertex 32.6765 -13.2074 0
      vertex 17.7071 -34.7929 0
      vertex 32.375 -13.0825 0
    endloop
  endfacet
  facet normal 0 0 -1
    outer loop
      vertex 31.7926 11.6765 0
      vertex 17.9724 35.2666 0
      vertex 17.9877 35.3436 0
    endloop
  endfacet
  facet normal 0 0 -1
    outer loop
      vertex 17.6494 -34.7396 0
      vertex 32.375 -13.0825 0
      vertex 17.7071 -34.7929 0
    endloop
  endfacet
  facet normal 0 0 -1
    outer loop
      vertex 31.7926 11.6765 0
      vertex 17.951 35.191 0
      vertex 17.9724 35.2666 0
    endloop
  endfacet
  facet normal 0 0 -1
    outer loop
      vertex 17.5878 -34.691 0
      vertex 32.375 -13.0825 0
      vertex 17.6494 -34.7396 0
    endloop
  endfacet
  facet normal 0 0 -1
    outer loop
      vertex 31.7926 11.6765 0
      vertex 17.9239 35.1173 0
      vertex 17.951 35.191 0
    endloop
  endfacet
  facet normal 0 0 -1
    outer loop
      vertex 17.5225 -34.6474 0
      vertex 32.375 -13.0825 0
      vertex 17.5878 -34.691 0
    endloop
  endfacet
  facet normal 0 0 -1
    outer loop
      vertex 31.7926 11.6765 0
      vertex 17.891 35.046 0
      vertex 17.9239 35.1173 0
    endloop
  endfacet
  facet normal -0 0 -1
    outer loop
      vertex 32.375 -13.0825 0
      vertex 17.5225 -34.6474 0
      vertex 32.1161 -12.8839 0
    endloop
  endfacet
  facet normal 0 0 -1
    outer loop
      vertex 31.7926 11.6765 0
      vertex 17.8526 34.9775 0
      vertex 17.891 35.046 0
    endloop
  endfacet
  facet normal 0 0 -1
    outer loop
      vertex 17.454 -34.609 0
      vertex 32.1161 -12.8839 0
      vertex 17.5225 -34.6474 0
    endloop
  endfacet
  facet normal 0 0 -1
    outer loop
      vertex 32.1161 11.1161 0
      vertex 10.65 15.8 0
      vertex 31.9175 11.375 0
    endloop
  endfacet
  facet normal 0 0 -1
    outer loop
      vertex 10.4825 -15.175 0
      vertex 31.75 -12 0
      vertex 10.6074 -15.4765 0
    endloop
  endfacet
  facet normal 0 0 -1
    outer loop
      vertex 10.6074 16.1235 0
      vertex 31.7926 11.6765 0
      vertex 10.65 15.8 0
    endloop
  endfacet
  facet normal 0 0 -1
    outer loop
      vertex 17.3827 -34.5761 0
      vertex 32.1161 -12.8839 0
      vertex 17.454 -34.609 0
    endloop
  endfacet
  facet normal 0 0 -1
    outer loop
      vertex 31.7926 11.6765 0
      vertex 17.809 34.9122 0
      vertex 17.8526 34.9775 0
    endloop
  endfacet
  facet normal 0 0 -1
    outer loop
      vertex 10.4825 -16.425 0
      vertex 32.1161 -12.8839 0
      vertex 17.3827 -34.5761 0
    endloop
  endfacet
  facet normal 0 0 -1
    outer loop
      vertex 31.7926 11.6765 0
      vertex 17.7604 34.8506 0
      vertex 17.809 34.9122 0
    endloop
  endfacet
  facet normal 0 -0 -1
    outer loop
      vertex 10.6074 -16.1235 0
      vertex 32.1161 -12.8839 0
      vertex 10.4825 -16.425 0
    endloop
  endfacet
  facet normal 0 0 -1
    outer loop
      vertex 31.7926 11.6765 0
      vertex 17.7071 34.7929 0
      vertex 17.7604 34.8506 0
    endloop
  endfacet
  facet normal -0 0 -1
    outer loop
      vertex 32.1161 -12.8839 0
      vertex 10.6074 -16.1235 0
      vertex 31.9175 -12.625 0
    endloop
  endfacet
  facet normal 0 0 -1
    outer loop
      vertex 31.7926 11.6765 0
      vertex 17.6494 34.7396 0
      vertex 17.7071 34.7929 0
    endloop
  endfacet
  facet normal 0 -0 -1
    outer loop
      vertex 10.65 -15.8 0
      vertex 31.9175 -12.625 0
      vertex 10.6074 -16.1235 0
    endloop
  endfacet
  facet normal 0 0 -1
    outer loop
      vertex 10.4825 16.425 0
      vertex 31.7926 11.6765 0
      vertex 10.6074 16.1235 0
    endloop
  endfacet
  facet normal -0 0 -1
    outer loop
      vertex 31.9175 -12.625 0
      vertex 10.65 -15.8 0
      vertex 31.7926 -12.3235 0
    endloop
  endfacet
  facet normal 0 0 -1
    outer loop
      vertex 31.7926 11.6765 0
      vertex 17.5878 34.691 0
      vertex 17.6494 34.7396 0
    endloop
  endfacet
  facet normal 0 0 -1
    outer loop
      vertex 10.4825 -16.425 0
      vertex 17.3827 -34.5761 0
      vertex 17.309 -34.549 0
    endloop
  endfacet
  facet normal 0 0 -1
    outer loop
      vertex 31.7926 11.6765 0
      vertex 17.5225 34.6474 0
      vertex 17.5878 34.691 0
    endloop
  endfacet
  facet normal 0 0 -1
    outer loop
      vertex 10.4825 -16.425 0
      vertex 17.309 -34.549 0
      vertex 17.2334 -34.5276 0
    endloop
  endfacet
  facet normal 0 0 -1
    outer loop
      vertex 31.7926 11.6765 0
      vertex 17.454 34.609 0
      vertex 17.5225 34.6474 0
    endloop
  endfacet
  facet normal 0 0 -1
    outer loop
      vertex 10.4825 -16.425 0
      vertex 17.2334 -34.5276 0
      vertex 17.1564 -34.5123 0
    endloop
  endfacet
  facet normal 0 -0 -1
    outer loop
      vertex 17.3827 34.5761 0
      vertex 31.7926 11.6765 0
      vertex 10.4825 16.425 0
    endloop
  endfacet
  facet normal 0 0 -1
    outer loop
      vertex 10.2839 -16.6839 0
      vertex 17.1564 -34.5123 0
      vertex 17.0785 -34.5031 0
    endloop
  endfacet
  facet normal 0 0 -1
    outer loop
      vertex 31.7926 11.6765 0
      vertex 17.3827 34.5761 0
      vertex 17.454 34.609 0
    endloop
  endfacet
  facet normal 0 0 -1
    outer loop
      vertex 10.2839 -16.6839 0
      vertex 17.0785 -34.5031 0
      vertex 17 -34.5 0
    endloop
  endfacet
  facet normal 0 0 -1
    outer loop
      vertex 17.3827 34.5761 0
      vertex 10.4825 16.425 0
      vertex 17.309 34.549 0
    endloop
  endfacet
  facet normal 0 0 -1
    outer loop
      vertex 10.025 -16.8825 0
      vertex 17 -34.5 0
      vertex 15 -34.5 0
    endloop
  endfacet
  facet normal 0 0 -1
    outer loop
      vertex 17.309 34.549 0
      vertex 10.4825 16.425 0
      vertex 17.2334 34.5276 0
    endloop
  endfacet
  facet normal 0 0 -1
    outer loop
      vertex 10.025 -16.8825 0
      vertex 15 -34.5 0
      vertex 14.9215 -34.5031 0
    endloop
  endfacet
  facet normal 0 0 -1
    outer loop
      vertex 17.2334 34.5276 0
      vertex 10.4825 16.425 0
      vertex 17.1564 34.5123 0
    endloop
  endfacet
  facet normal 0 0 -1
    outer loop
      vertex 10.025 -16.8825 0
      vertex 14.9215 -34.5031 0
      vertex 14.8436 -34.5123 0
    endloop
  endfacet
  facet normal 0 0 -1
    outer loop
      vertex 10.2839 16.6839 0
      vertex 17.1564 34.5123 0
      vertex 10.4825 16.425 0
    endloop
  endfacet
  facet normal 0 0 -1
    outer loop
      vertex 9.72352 -17.0074 0
      vertex 14.8436 -34.5123 0
      vertex 14.7666 -34.5276 0
    endloop
  endfacet
  facet normal 0 0 -1
    outer loop
      vertex 17.1564 34.5123 0
      vertex 10.2839 16.6839 0
      vertex 17.0785 34.5031 0
    endloop
  endfacet
  facet normal 0 0 -1
    outer loop
      vertex 9.72352 -17.0074 0
      vertex 14.7666 -34.5276 0
      vertex 14.691 -34.549 0
    endloop
  endfacet
  facet normal 0 0 -1
    outer loop
      vertex 17.0785 34.5031 0
      vertex 10.2839 16.6839 0
      vertex 17 34.5 0
    endloop
  endfacet
  facet normal 0 0 -1
    outer loop
      vertex 9.72352 -17.0074 0
      vertex 14.691 -34.549 0
      vertex 14.6173 -34.5761 0
    endloop
  endfacet
  facet normal 0 0 -1
    outer loop
      vertex 10.025 16.8825 0
      vertex 17 34.5 0
      vertex 10.2839 16.6839 0
    endloop
  endfacet
  facet normal 0 0 -1
    outer loop
      vertex 9.72352 -17.0074 0
      vertex 14.6173 -34.5761 0
      vertex 14.546 -34.609 0
    endloop
  endfacet
  facet normal -0 0 -1
    outer loop
      vertex 17 34.5 0
      vertex 10.025 16.8825 0
      vertex 15 34.5 0
    endloop
  endfacet
  facet normal 0 0 -1
    outer loop
      vertex 9.4 -17.05 0
      vertex 14.546 -34.609 0
      vertex 14.4775 -34.6474 0
    endloop
  endfacet
  facet normal -0 0 -1
    outer loop
      vertex 15 34.5 0
      vertex 10.025 16.8825 0
      vertex 14.9215 34.5031 0
    endloop
  endfacet
  facet normal 0 0 -1
    outer loop
      vertex 9.4 -17.05 0
      vertex 14.4775 -34.6474 0
      vertex 14.4122 -34.691 0
    endloop
  endfacet
  facet normal -0 0 -1
    outer loop
      vertex 14.9215 34.5031 0
      vertex 10.025 16.8825 0
      vertex 14.8436 34.5123 0
    endloop
  endfacet
  facet normal 0 0 -1
    outer loop
      vertex 9.4 -17.05 0
      vertex 14.4122 -34.691 0
      vertex 14.3506 -34.7396 0
    endloop
  endfacet
  facet normal 0 0 -1
    outer loop
      vertex 9.72352 17.0074 0
      vertex 14.8436 34.5123 0
      vertex 10.025 16.8825 0
    endloop
  endfacet
  facet normal 0 0 -1
    outer loop
      vertex 9.07648 -17.0074 0
      vertex 14.3506 -34.7396 0
      vertex 14.2929 -34.7929 0
    endloop
  endfacet
  facet normal -0 0 -1
    outer loop
      vertex 14.8436 34.5123 0
      vertex 9.72352 17.0074 0
      vertex 14.7666 34.5276 0
    endloop
  endfacet
  facet normal 0 0 -1
    outer loop
      vertex 9.07648 -17.0074 0
      vertex 14.2929 -34.7929 0
      vertex 14.2396 -34.8506 0
    endloop
  endfacet
  facet normal -0 0 -1
    outer loop
      vertex 14.7666 34.5276 0
      vertex 9.72352 17.0074 0
      vertex 14.691 34.549 0
    endloop
  endfacet
  facet normal 0 0 -1
    outer loop
      vertex 9.07648 -17.0074 0
      vertex 14.2396 -34.8506 0
      vertex 14.191 -34.9122 0
    endloop
  endfacet
  facet normal -0 0 -1
    outer loop
      vertex 14.691 34.549 0
      vertex 9.72352 17.0074 0
      vertex 14.6173 34.5761 0
    endloop
  endfacet
  facet normal 0 0 -1
    outer loop
      vertex 8.775 -16.8825 0
      vertex 14.191 -34.9122 0
      vertex 14.1474 -34.9775 0
    endloop
  endfacet
  facet normal -0 0 -1
    outer loop
      vertex 14.6173 34.5761 0
      vertex 9.72352 17.0074 0
      vertex 14.546 34.609 0
    endloop
  endfacet
  facet normal 0 0 -1
    outer loop
      vertex 8.775 -16.8825 0
      vertex 14.1474 -34.9775 0
      vertex 14.109 -35.046 0
    endloop
  endfacet
  facet normal 0 0 -1
    outer loop
      vertex 9.4 17.05 0
      vertex 14.546 34.609 0
      vertex 9.72352 17.0074 0
    endloop
  endfacet
  facet normal 0 0 -1
    outer loop
      vertex 8.775 -16.8825 0
      vertex 14.109 -35.046 0
      vertex 14.0761 -35.1173 0
    endloop
  endfacet
  facet normal -0 0 -1
    outer loop
      vertex 14.546 34.609 0
      vertex 9.4 17.05 0
      vertex 14.4775 34.6474 0
    endloop
  endfacet
  facet normal 0 0 -1
    outer loop
      vertex 14.0123 -35.3436 0
      vertex -14.0123 -35.3436 0
      vertex 14.0276 -35.2666 0
    endloop
  endfacet
  facet normal -0 0 -1
    outer loop
      vertex 14.4775 34.6474 0
      vertex 9.4 17.05 0
      vertex 14.4122 34.691 0
    endloop
  endfacet
  facet normal 0 0 -1
    outer loop
      vertex -14.0123 -35.3436 0
      vertex 14.0123 -35.3436 0
      vertex -14.0031 -35.4215 0
    endloop
  endfacet
  facet normal -0 0 -1
    outer loop
      vertex 14.4122 34.691 0
      vertex 9.4 17.05 0
      vertex 14.3506 34.7396 0
    endloop
  endfacet
  facet normal 0 0 -1
    outer loop
      vertex 14.0031 -35.4215 0
      vertex -14.0031 -35.4215 0
      vertex 14.0123 -35.3436 0
    endloop
  endfacet
  facet normal 0 0 -1
    outer loop
      vertex 9.07648 17.0074 0
      vertex 14.3506 34.7396 0
      vertex 9.4 17.05 0
    endloop
  endfacet
  facet normal 0 0 -1
    outer loop
      vertex -14.0031 -35.4215 0
      vertex 14.0031 -35.4215 0
      vertex -14 -35.5 0
    endloop
  endfacet
  facet normal -0 0 -1
    outer loop
      vertex 14.3506 34.7396 0
      vertex 9.07648 17.0074 0
      vertex 14.2929 34.7929 0
    endloop
  endfacet
  facet normal 0 0 -1
    outer loop
      vertex -14 -35.5 0
      vertex 14.0031 -35.4215 0
      vertex 14 -35.5 0
    endloop
  endfacet
  facet normal -0 0 -1
    outer loop
      vertex 14.2929 34.7929 0
      vertex 9.07648 17.0074 0
      vertex 14.2396 34.8506 0
    endloop
  endfacet
  facet normal 0 0 -1
    outer loop
      vertex 31.7926 11.6765 0
      vertex 18 35.5 0
      vertex 31.75 12 0
    endloop
  endfacet
  facet normal 0 0 -1
    outer loop
      vertex 18 40.5 0
      vertex 31.75 12 0
      vertex 18 35.5 0
    endloop
  endfacet
  facet normal 0 0 -1
    outer loop
      vertex 17.9969 40.5785 0
      vertex 31.75 12 0
      vertex 18 40.5 0
    endloop
  endfacet
  facet normal 0 0 -1
    outer loop
      vertex 17.9877 40.6564 0
      vertex 31.75 12 0
      vertex 17.9969 40.5785 0
    endloop
  endfacet
  facet normal 0 0 -1
    outer loop
      vertex 17.9724 40.7334 0
      vertex 31.75 12 0
      vertex 17.9877 40.6564 0
    endloop
  endfacet
  facet normal 0 0 -1
    outer loop
      vertex 31.75 12 0
      vertex 17.9724 40.7334 0
      vertex 18.092 75.3587 0
    endloop
  endfacet
  facet normal 0 0 -1
    outer loop
      vertex 17.951 40.809 0
      vertex 18.092 75.3587 0
      vertex 17.9724 40.7334 0
    endloop
  endfacet
  facet normal 0 0 -1
    outer loop
      vertex 17.9239 40.8827 0
      vertex 18.092 75.3587 0
      vertex 17.951 40.809 0
    endloop
  endfacet
  facet normal 0 0 -1
    outer loop
      vertex 17.891 40.954 0
      vertex 18.092 75.3587 0
      vertex 17.9239 40.8827 0
    endloop
  endfacet
  facet normal 0 0 -1
    outer loop
      vertex 17.8526 41.0225 0
      vertex 18.092 75.3587 0
      vertex 17.891 40.954 0
    endloop
  endfacet
  facet normal 0 0 -1
    outer loop
      vertex 17.809 41.0878 0
      vertex 18.092 75.3587 0
      vertex 17.8526 41.0225 0
    endloop
  endfacet
  facet normal 0 0 -1
    outer loop
      vertex 17.7604 41.1494 0
      vertex 18.092 75.3587 0
      vertex 17.809 41.0878 0
    endloop
  endfacet
  facet normal 0 0 -1
    outer loop
      vertex 17.7071 41.2071 0
      vertex 18.092 75.3587 0
      vertex 17.7604 41.1494 0
    endloop
  endfacet
  facet normal 0 0 -1
    outer loop
      vertex 17.6494 41.2604 0
      vertex 18.092 75.3587 0
      vertex 17.7071 41.2071 0
    endloop
  endfacet
  facet normal 0 0 -1
    outer loop
      vertex 17.5878 41.309 0
      vertex 18.092 75.3587 0
      vertex 17.6494 41.2604 0
    endloop
  endfacet
  facet normal 0 0 -1
    outer loop
      vertex 17.5225 41.3526 0
      vertex 18.092 75.3587 0
      vertex 17.5878 41.309 0
    endloop
  endfacet
  facet normal 0 0 -1
    outer loop
      vertex 17.454 41.391 0
      vertex 18.092 75.3587 0
      vertex 17.5225 41.3526 0
    endloop
  endfacet
  facet normal 0 0 -1
    outer loop
      vertex 17.3827 41.4239 0
      vertex 18.092 75.3587 0
      vertex 17.454 41.391 0
    endloop
  endfacet
  facet normal 0 0 -1
    outer loop
      vertex 17.309 41.451 0
      vertex 18.092 75.3587 0
      vertex 17.3827 41.4239 0
    endloop
  endfacet
  facet normal 0 0 -1
    outer loop
      vertex 17.2334 41.4724 0
      vertex 18.092 75.3587 0
      vertex 17.309 41.451 0
    endloop
  endfacet
  facet normal 0 0 -1
    outer loop
      vertex 17.1564 41.4877 0
      vertex 18.092 75.3587 0
      vertex 17.2334 41.4724 0
    endloop
  endfacet
  facet normal 0 0 -1
    outer loop
      vertex 17.0785 41.4969 0
      vertex 18.092 75.3587 0
      vertex 17.1564 41.4877 0
    endloop
  endfacet
  facet normal 0 0 -1
    outer loop
      vertex 17 41.5 0
      vertex 18.092 75.3587 0
      vertex 17.0785 41.4969 0
    endloop
  endfacet
  facet normal 0 0 -1
    outer loop
      vertex 15 41.5 0
      vertex 18.092 75.3587 0
      vertex 17 41.5 0
    endloop
  endfacet
  facet normal 0 0 -1
    outer loop
      vertex 14.9215 41.4969 0
      vertex 18.092 75.3587 0
      vertex 15 41.5 0
    endloop
  endfacet
  facet normal 0 0 -1
    outer loop
      vertex 14.8436 41.4877 0
      vertex 18.092 75.3587 0
      vertex 14.9215 41.4969 0
    endloop
  endfacet
  facet normal 0 0 -1
    outer loop
      vertex 12.1237 76.5458 0
      vertex 14.8436 41.4877 0
      vertex 14.7666 41.4724 0
    endloop
  endfacet
  facet normal 0 0 -1
    outer loop
      vertex 12.1237 76.5458 0
      vertex 14.7666 41.4724 0
      vertex 14.691 41.451 0
    endloop
  endfacet
  facet normal 0 0 -1
    outer loop
      vertex 12.1237 76.5458 0
      vertex 14.691 41.451 0
      vertex 14.6173 41.4239 0
    endloop
  endfacet
  facet normal 0 0 -1
    outer loop
      vertex 6.08058 77.2611 0
      vertex 14.6173 41.4239 0
      vertex 14.546 41.391 0
    endloop
  endfacet
  facet normal 0 0 -1
    outer loop
      vertex 6.08058 77.2611 0
      vertex 14.546 41.391 0
      vertex 14.4775 41.3526 0
    endloop
  endfacet
  facet normal 0 0 -1
    outer loop
      vertex 6.08058 77.2611 0
      vertex 14.4775 41.3526 0
      vertex 14.4122 41.309 0
    endloop
  endfacet
  facet normal 0 0 -1
    outer loop
      vertex 6.08058 77.2611 0
      vertex 14.4122 41.309 0
      vertex 14.3506 41.2604 0
    endloop
  endfacet
  facet normal 0 0 -1
    outer loop
      vertex 6.08058 77.2611 0
      vertex 14.3506 41.2604 0
      vertex 14.2929 41.2071 0
    endloop
  endfacet
  facet normal 0 0 -1
    outer loop
      vertex 6.08058 77.2611 0
      vertex 14.2929 41.2071 0
      vertex 14.2396 41.1494 0
    endloop
  endfacet
  facet normal 0 0 -1
    outer loop
      vertex 6.08058 77.2611 0
      vertex 14.2396 41.1494 0
      vertex 14.191 41.0878 0
    endloop
  endfacet
  facet normal 0 0 -1
    outer loop
      vertex 6.08058 77.2611 0
      vertex 14.191 41.0878 0
      vertex 14.1474 41.0225 0
    endloop
  endfacet
  facet normal 0 0 -1
    outer loop
      vertex 6.08058 77.2611 0
      vertex 14.1474 41.0225 0
      vertex 14.109 40.954 0
    endloop
  endfacet
  facet normal 0 0 -1
    outer loop
      vertex 6.08058 77.2611 0
      vertex 14.109 40.954 0
      vertex 14.0761 40.8827 0
    endloop
  endfacet
  facet normal 0 0 -1
    outer loop
      vertex 6.08058 77.2611 0
      vertex 14.0761 40.8827 0
      vertex 14.049 40.809 0
    endloop
  endfacet
  facet normal 0 0 -1
    outer loop
      vertex 6.08058 77.2611 0
      vertex 14.049 40.809 0
      vertex 14.0276 40.7334 0
    endloop
  endfacet
  facet normal 0 0 -1
    outer loop
      vertex 6.08058 77.2611 0
      vertex 14.0276 40.7334 0
      vertex 14.0123 40.6564 0
    endloop
  endfacet
  facet normal 0 0 -1
    outer loop
      vertex 6.08058 77.2611 0
      vertex 14.0123 40.6564 0
      vertex 14.0031 40.5785 0
    endloop
  endfacet
  facet normal 0 0 -1
    outer loop
      vertex 14.8436 41.4877 0
      vertex 12.1237 76.5458 0
      vertex 18.092 75.3587 0
    endloop
  endfacet
  facet normal 0 0 -1
    outer loop
      vertex 8.31747 16.425 0
      vertex 14.0031 40.5785 0
      vertex 14 40.5 0
    endloop
  endfacet
  facet normal 0 0 -1
    outer loop
      vertex 17.6494 -41.2604 0
      vertex 16.5579 -46.4325 0
      vertex 17.5878 -41.309 0
    endloop
  endfacet
  facet normal 0 0 -1
    outer loop
      vertex 17.5878 -41.309 0
      vertex 16.5579 -46.4325 0
      vertex 17.5225 -41.3526 0
    endloop
  endfacet
  facet normal 0 0 -1
    outer loop
      vertex 16.427 -46.2366 0
      vertex 17.5225 -41.3526 0
      vertex 16.5579 -46.4325 0
    endloop
  endfacet
  facet normal 0 0 -1
    outer loop
      vertex 17.5225 -41.3526 0
      vertex 16.427 -46.2366 0
      vertex 17.454 -41.391 0
    endloop
  endfacet
  facet normal 0 0 -1
    outer loop
      vertex 16.2812 -46.0517 0
      vertex 17.454 -41.391 0
      vertex 16.427 -46.2366 0
    endloop
  endfacet
  facet normal 0 0 -1
    outer loop
      vertex 17.454 -41.391 0
      vertex 16.2812 -46.0517 0
      vertex 17.3827 -41.4239 0
    endloop
  endfacet
  facet normal 0 0 -1
    outer loop
      vertex 17.3827 -41.4239 0
      vertex 16.2812 -46.0517 0
      vertex 17.309 -41.451 0
    endloop
  endfacet
  facet normal 0 0 -1
    outer loop
      vertex 16.1213 -45.8787 0
      vertex 17.309 -41.451 0
      vertex 16.2812 -46.0517 0
    endloop
  endfacet
  facet normal 0 0 -1
    outer loop
      vertex 17.309 -41.451 0
      vertex 16.1213 -45.8787 0
      vertex 17.2334 -41.4724 0
    endloop
  endfacet
  facet normal 0 0 -1
    outer loop
      vertex 15.9483 -45.7188 0
      vertex 17.2334 -41.4724 0
      vertex 16.1213 -45.8787 0
    endloop
  endfacet
  facet normal 0 0 -1
    outer loop
      vertex 17.2334 -41.4724 0
      vertex 15.9483 -45.7188 0
      vertex 17.1564 -41.4877 0
    endloop
  endfacet
  facet normal 0 0 -1
    outer loop
      vertex 17.1564 -41.4877 0
      vertex 15.9483 -45.7188 0
      vertex 17.0785 -41.4969 0
    endloop
  endfacet
  facet normal 0 0 -1
    outer loop
      vertex 15.7634 -45.573 0
      vertex 17.0785 -41.4969 0
      vertex 15.9483 -45.7188 0
    endloop
  endfacet
  facet normal 0 0 -1
    outer loop
      vertex 17.0785 -41.4969 0
      vertex 15.7634 -45.573 0
      vertex 17 -41.5 0
    endloop
  endfacet
  facet normal 0 0 -1
    outer loop
      vertex 15.5675 -45.4421 0
      vertex 17 -41.5 0
      vertex 15.7634 -45.573 0
    endloop
  endfacet
  facet normal 0 0 -1
    outer loop
      vertex 15.362 -45.327 0
      vertex 17 -41.5 0
      vertex 15.5675 -45.4421 0
    endloop
  endfacet
  facet normal 0 0 -1
    outer loop
      vertex 15.1481 -45.2284 0
      vertex 17 -41.5 0
      vertex 15.362 -45.327 0
    endloop
  endfacet
  facet normal 0 0 -1
    outer loop
      vertex 15.1481 -45.2284 0
      vertex 15 -41.5 0
      vertex 17 -41.5 0
    endloop
  endfacet
  facet normal 0 0 -1
    outer loop
      vertex 14.927 -45.1468 0
      vertex 15 -41.5 0
      vertex 15.1481 -45.2284 0
    endloop
  endfacet
  facet normal 0 0 -1
    outer loop
      vertex 14.7003 -45.0829 0
      vertex 15 -41.5 0
      vertex 14.927 -45.1468 0
    endloop
  endfacet
  facet normal 0 0 -1
    outer loop
      vertex 14.4693 -45.0369 0
      vertex 15 -41.5 0
      vertex 14.7003 -45.0829 0
    endloop
  endfacet
  facet normal -0 0 -1
    outer loop
      vertex 15 -41.5 0
      vertex 14.4693 -45.0369 0
      vertex 14.9215 -41.4969 0
    endloop
  endfacet
  facet normal -0 0 -1
    outer loop
      vertex 14.9215 -41.4969 0
      vertex 14.4693 -45.0369 0
      vertex 14.8436 -41.4877 0
    endloop
  endfacet
  facet normal 0 0 -1
    outer loop
      vertex 14.2354 -45.0092 0
      vertex 14.8436 -41.4877 0
      vertex 14.4693 -45.0369 0
    endloop
  endfacet
  facet normal -0 0 -1
    outer loop
      vertex 14.8436 -41.4877 0
      vertex 14.2354 -45.0092 0
      vertex 14.7666 -41.4724 0
    endloop
  endfacet
  facet normal -0 0 -1
    outer loop
      vertex 14.7666 -41.4724 0
      vertex 14.2354 -45.0092 0
      vertex 14.691 -41.451 0
    endloop
  endfacet
  facet normal 0 0 -1
    outer loop
      vertex 14 -45 0
      vertex 14.691 -41.451 0
      vertex 14.2354 -45.0092 0
    endloop
  endfacet
  facet normal -0 0 -1
    outer loop
      vertex 14.691 -41.451 0
      vertex 14 -45 0
      vertex 14.6173 -41.4239 0
    endloop
  endfacet
  facet normal -0 0 -1
    outer loop
      vertex 14.6173 -41.4239 0
      vertex 14 -45 0
      vertex 14.546 -41.391 0
    endloop
  endfacet
  facet normal -0 0 -1
    outer loop
      vertex 14.546 -41.391 0
      vertex 14 -45 0
      vertex 14.4775 -41.3526 0
    endloop
  endfacet
  facet normal -0 0 -1
    outer loop
      vertex 14.4775 -41.3526 0
      vertex 14 -45 0
      vertex 14.4122 -41.309 0
    endloop
  endfacet
  facet normal -0 0 -1
    outer loop
      vertex 14.4122 -41.309 0
      vertex 14 -45 0
      vertex 14.3506 -41.2604 0
    endloop
  endfacet
  facet normal -0 0 -1
    outer loop
      vertex 14.3506 -41.2604 0
      vertex 14 -45 0
      vertex 14.2929 -41.2071 0
    endloop
  endfacet
  facet normal -0 0 -1
    outer loop
      vertex 14.2929 -41.2071 0
      vertex 14 -45 0
      vertex 14.2396 -41.1494 0
    endloop
  endfacet
  facet normal -0 0 -1
    outer loop
      vertex 14.2396 -41.1494 0
      vertex 14 -45 0
      vertex 14.191 -41.0878 0
    endloop
  endfacet
  facet normal -0 0 -1
    outer loop
      vertex 14.191 -41.0878 0
      vertex 14 -45 0
      vertex 14.1474 -41.0225 0
    endloop
  endfacet
  facet normal -0 0 -1
    outer loop
      vertex 14.1474 -41.0225 0
      vertex 14 -45 0
      vertex 14.109 -40.954 0
    endloop
  endfacet
  facet normal -0 0 -1
    outer loop
      vertex 14.109 -40.954 0
      vertex 14 -45 0
      vertex 14.0761 -40.8827 0
    endloop
  endfacet
  facet normal -0 0 -1
    outer loop
      vertex 14.0761 -40.8827 0
      vertex 14 -45 0
      vertex 14.049 -40.809 0
    endloop
  endfacet
  facet normal -0 0 -1
    outer loop
      vertex 14.049 -40.809 0
      vertex 14 -45 0
      vertex 14.0276 -40.7334 0
    endloop
  endfacet
  facet normal -0 0 -1
    outer loop
      vertex 14.0276 -40.7334 0
      vertex 14 -45 0
      vertex 14.0123 -40.6564 0
    endloop
  endfacet
  facet normal 0 0 -1
    outer loop
      vertex -14.0031 -40.5785 0
      vertex 14.0123 -40.6564 0
      vertex 14 -45 0
    endloop
  endfacet
  facet normal 0 0 -1
    outer loop
      vertex -14.0031 -40.5785 0
      vertex 14.0031 -40.5785 0
      vertex 14.0123 -40.6564 0
    endloop
  endfacet
  facet normal 0 0 -1
    outer loop
      vertex 14.0031 -40.5785 0
      vertex -14 -40.5 0
      vertex 14 -40.5 0
    endloop
  endfacet
  facet normal 0 0 -1
    outer loop
      vertex 14 -40.5 0
      vertex -14 -40.5 0
      vertex 14 -35.5 0
    endloop
  endfacet
  facet normal -0 0 -1
    outer loop
      vertex 14.2396 34.8506 0
      vertex 9.07648 17.0074 0
      vertex 14.191 34.9122 0
    endloop
  endfacet
  facet normal 0 0 -1
    outer loop
      vertex 8.775 16.8825 0
      vertex 14.191 34.9122 0
      vertex 9.07648 17.0074 0
    endloop
  endfacet
  facet normal -0 0 -1
    outer loop
      vertex 14.191 34.9122 0
      vertex 8.775 16.8825 0
      vertex 14.1474 34.9775 0
    endloop
  endfacet
  facet normal -0 0 -1
    outer loop
      vertex 31.7926 -12.3235 0
      vertex 10.6074 -15.4765 0
      vertex 31.75 -12 0
    endloop
  endfacet
  facet normal 0 0 -1
    outer loop
      vertex 10.6074 -15.4765 0
      vertex 31.7926 -12.3235 0
      vertex 10.65 -15.8 0
    endloop
  endfacet
  facet normal 0 0 -1
    outer loop
      vertex 17.1564 -34.5123 0
      vertex 10.2839 -16.6839 0
      vertex 10.4825 -16.425 0
    endloop
  endfacet
  facet normal 0 0 -1
    outer loop
      vertex 17 -34.5 0
      vertex 10.025 -16.8825 0
      vertex 10.2839 -16.6839 0
    endloop
  endfacet
  facet normal 0 0 -1
    outer loop
      vertex 14.8436 -34.5123 0
      vertex 9.72352 -17.0074 0
      vertex 10.025 -16.8825 0
    endloop
  endfacet
  facet normal 0 0 -1
    outer loop
      vertex 14.546 -34.609 0
      vertex 9.4 -17.05 0
      vertex 9.72352 -17.0074 0
    endloop
  endfacet
  facet normal 0 0 -1
    outer loop
      vertex 14.3506 -34.7396 0
      vertex 9.07648 -17.0074 0
      vertex 9.4 -17.05 0
    endloop
  endfacet
  facet normal 0 0 -1
    outer loop
      vertex 14.191 -34.9122 0
      vertex 8.775 -16.8825 0
      vertex 9.07648 -17.0074 0
    endloop
  endfacet
  facet normal 0 0 -1
    outer loop
      vertex -14.0276 -35.2666 0
      vertex 14.0276 -35.2666 0
      vertex -14.0123 -35.3436 0
    endloop
  endfacet
  facet normal 0 0 -1
    outer loop
      vertex 14.0276 -35.2666 0
      vertex -14.0276 -35.2666 0
      vertex 14.049 -35.191 0
    endloop
  endfacet
  facet normal 0 0 -1
    outer loop
      vertex 8.775 -16.8825 0
      vertex -8.775 -16.8825 0
      vertex 8.51612 -16.6839 0
    endloop
  endfacet
  facet normal 0 0 -1
    outer loop
      vertex 8.19259 15.4765 0
      vertex -8.15 15.8 0
      vertex 8.15 15.8 0
    endloop
  endfacet
  facet normal 0 0 -1
    outer loop
      vertex -8.31747 16.425 0
      vertex 8.15 15.8 0
      vertex -8.19259 16.1235 0
    endloop
  endfacet
  facet normal 0 0 -1
    outer loop
      vertex -8.51612 16.6839 0
      vertex 8.15 15.8 0
      vertex -8.31747 16.425 0
    endloop
  endfacet
  facet normal 0 0 -1
    outer loop
      vertex -8.15 -15.8 0
      vertex 8.15 -15.8 0
      vertex 8.19259 -16.1235 0
    endloop
  endfacet
  facet normal 0 0 -1
    outer loop
      vertex 8.31747 15.175 0
      vertex -8.15 15.8 0
      vertex 8.19259 15.4765 0
    endloop
  endfacet
  facet normal 0 -0 -1
    outer loop
      vertex -8.51612 -16.6839 0
      vertex 8.51612 -16.6839 0
      vertex -8.775 -16.8825 0
    endloop
  endfacet
  facet normal 0 0 -1
    outer loop
      vertex 8.19259 -16.1235 0
      vertex -8.19259 -16.1235 0
      vertex -8.15 -15.8 0
    endloop
  endfacet
  facet normal -0 0 -1
    outer loop
      vertex 8.19259 -16.1235 0
      vertex -8.31747 -16.425 0
      vertex -8.19259 -16.1235 0
    endloop
  endfacet
  facet normal 0 0 -1
    outer loop
      vertex 8.31747 -16.425 0
      vertex -8.31747 -16.425 0
      vertex 8.19259 -16.1235 0
    endloop
  endfacet
  facet normal 0 0 -1
    outer loop
      vertex 8.51612 -16.6839 0
      vertex -8.51612 -16.6839 0
      vertex 8.31747 -16.425 0
    endloop
  endfacet
  facet normal 0 -0 -1
    outer loop
      vertex -8.31747 -16.425 0
      vertex 8.31747 -16.425 0
      vertex -8.51612 -16.6839 0
    endloop
  endfacet
  facet normal 0 0 -1
    outer loop
      vertex -14.049 -35.191 0
      vertex 14.049 -35.191 0
      vertex -14.0276 -35.2666 0
    endloop
  endfacet
  facet normal 0 0 -1
    outer loop
      vertex 14.049 -35.191 0
      vertex -14.049 -35.191 0
      vertex 14.0761 -35.1173 0
    endloop
  endfacet
  facet normal 0 0 -1
    outer loop
      vertex -14.0761 -35.1173 0
      vertex 14.0761 -35.1173 0
      vertex -14.049 -35.191 0
    endloop
  endfacet
  facet normal 0 0 -1
    outer loop
      vertex 14.0761 -35.1173 0
      vertex -14.0761 -35.1173 0
      vertex 8.775 -16.8825 0
    endloop
  endfacet
  facet normal 0 0 -1
    outer loop
      vertex -14 35.5 0
      vertex -10.65 15.8 0
      vertex -10.65 -15.8 0
    endloop
  endfacet
  facet normal 0 0 -1
    outer loop
      vertex -14.0123 -40.6564 0
      vertex 14 -45 0
      vertex -14 -45 0
    endloop
  endfacet
  facet normal -0 0 -1
    outer loop
      vertex 14 -35.5 0
      vertex -14 -40.5 0
      vertex -14 -35.5 0
    endloop
  endfacet
  facet normal -0 0 -1
    outer loop
      vertex 8.775 -16.8825 0
      vertex -14.0761 -35.1173 0
      vertex -8.775 -16.8825 0
    endloop
  endfacet
  facet normal 0 0 -1
    outer loop
      vertex -14.109 -35.046 0
      vertex -8.775 -16.8825 0
      vertex -14.0761 -35.1173 0
    endloop
  endfacet
  facet normal 0 0 -1
    outer loop
      vertex -14.1474 -34.9775 0
      vertex -8.775 -16.8825 0
      vertex -14.109 -35.046 0
    endloop
  endfacet
  facet normal 0 0 -1
    outer loop
      vertex -14.191 -34.9122 0
      vertex -8.775 -16.8825 0
      vertex -14.1474 -34.9775 0
    endloop
  endfacet
  facet normal 0 0 -1
    outer loop
      vertex -8.775 -16.8825 0
      vertex -14.191 -34.9122 0
      vertex -9.07648 -17.0074 0
    endloop
  endfacet
  facet normal 0 0 -1
    outer loop
      vertex -14 40.5 0
      vertex -10.65 15.8 0
      vertex -14 35.5 0
    endloop
  endfacet
  facet normal 0 0 -1
    outer loop
      vertex -14.0031 40.5785 0
      vertex -10.65 15.8 0
      vertex -14 40.5 0
    endloop
  endfacet
  facet normal 0 0 -1
    outer loop
      vertex -10.65 15.8 0
      vertex -14.0031 40.5785 0
      vertex -12.1237 76.5458 0
    endloop
  endfacet
  facet normal 0 0 -1
    outer loop
      vertex -14.0123 40.6564 0
      vertex -12.1237 76.5458 0
      vertex -14.0031 40.5785 0
    endloop
  endfacet
  facet normal 0 0 -1
    outer loop
      vertex -14.0276 40.7334 0
      vertex -12.1237 76.5458 0
      vertex -14.0123 40.6564 0
    endloop
  endfacet
  facet normal 0 0 -1
    outer loop
      vertex -14.049 40.809 0
      vertex -12.1237 76.5458 0
      vertex -14.0276 40.7334 0
    endloop
  endfacet
  facet normal 0 0 -1
    outer loop
      vertex -14.0761 40.8827 0
      vertex -12.1237 76.5458 0
      vertex -14.049 40.809 0
    endloop
  endfacet
  facet normal 0 0 -1
    outer loop
      vertex -14.109 40.954 0
      vertex -12.1237 76.5458 0
      vertex -14.0761 40.8827 0
    endloop
  endfacet
  facet normal 0 0 -1
    outer loop
      vertex -14.1474 41.0225 0
      vertex -12.1237 76.5458 0
      vertex -14.109 40.954 0
    endloop
  endfacet
  facet normal 0 0 -1
    outer loop
      vertex -14.191 41.0878 0
      vertex -12.1237 76.5458 0
      vertex -14.1474 41.0225 0
    endloop
  endfacet
  facet normal 0 0 -1
    outer loop
      vertex -14.2396 41.1494 0
      vertex -12.1237 76.5458 0
      vertex -14.191 41.0878 0
    endloop
  endfacet
  facet normal 0 0 -1
    outer loop
      vertex -14.2929 41.2071 0
      vertex -12.1237 76.5458 0
      vertex -14.2396 41.1494 0
    endloop
  endfacet
  facet normal 0 0 -1
    outer loop
      vertex -14.3506 41.2604 0
      vertex -12.1237 76.5458 0
      vertex -14.2929 41.2071 0
    endloop
  endfacet
  facet normal 0 0 -1
    outer loop
      vertex -14.4122 41.309 0
      vertex -12.1237 76.5458 0
      vertex -14.3506 41.2604 0
    endloop
  endfacet
  facet normal 0 0 -1
    outer loop
      vertex -14.4775 41.3526 0
      vertex -12.1237 76.5458 0
      vertex -14.4122 41.309 0
    endloop
  endfacet
  facet normal 0 0 -1
    outer loop
      vertex -14.546 41.391 0
      vertex -12.1237 76.5458 0
      vertex -14.4775 41.3526 0
    endloop
  endfacet
  facet normal 0 0 -1
    outer loop
      vertex -14.6173 41.4239 0
      vertex -12.1237 76.5458 0
      vertex -14.546 41.391 0
    endloop
  endfacet
  facet normal 0 0 -1
    outer loop
      vertex -14.691 41.451 0
      vertex -12.1237 76.5458 0
      vertex -14.6173 41.4239 0
    endloop
  endfacet
  facet normal 0 0 -1
    outer loop
      vertex -14.7666 41.4724 0
      vertex -12.1237 76.5458 0
      vertex -14.691 41.451 0
    endloop
  endfacet
  facet normal 0 0 -1
    outer loop
      vertex -14.8436 41.4877 0
      vertex -12.1237 76.5458 0
      vertex -14.7666 41.4724 0
    endloop
  endfacet
  facet normal 0 0 -1
    outer loop
      vertex -18.092 75.3587 0
      vertex -14.8436 41.4877 0
      vertex -14.9215 41.4969 0
    endloop
  endfacet
  facet normal 0 0 -1
    outer loop
      vertex -18.092 75.3587 0
      vertex -14.9215 41.4969 0
      vertex -15 41.5 0
    endloop
  endfacet
  facet normal 0 0 -1
    outer loop
      vertex -18.092 75.3587 0
      vertex -15 41.5 0
      vertex -17 41.5 0
    endloop
  endfacet
  facet normal 0 0 -1
    outer loop
      vertex -23.9488 73.7069 0
      vertex -17 41.5 0
      vertex -17.0785 41.4969 0
    endloop
  endfacet
  facet normal 0 0 -1
    outer loop
      vertex -23.9488 73.7069 0
      vertex -17.0785 41.4969 0
      vertex -17.1564 41.4877 0
    endloop
  endfacet
  facet normal 0 0 -1
    outer loop
      vertex -23.9488 73.7069 0
      vertex -17.1564 41.4877 0
      vertex -17.2334 41.4724 0
    endloop
  endfacet
  facet normal 0 0 -1
    outer loop
      vertex -23.9488 73.7069 0
      vertex -17.2334 41.4724 0
      vertex -17.309 41.451 0
    endloop
  endfacet
  facet normal 0 0 -1
    outer loop
      vertex -23.9488 73.7069 0
      vertex -17.309 41.451 0
      vertex -17.3827 41.4239 0
    endloop
  endfacet
  facet normal 0 0 -1
    outer loop
      vertex -23.9488 73.7069 0
      vertex -17.3827 41.4239 0
      vertex -17.454 41.391 0
    endloop
  endfacet
  facet normal 0 0 -1
    outer loop
      vertex -23.9488 73.7069 0
      vertex -17.454 41.391 0
      vertex -17.5225 41.3526 0
    endloop
  endfacet
  facet normal 0 0 -1
    outer loop
      vertex -23.9488 73.7069 0
      vertex -17.5225 41.3526 0
      vertex -17.5878 41.309 0
    endloop
  endfacet
  facet normal 0 0 -1
    outer loop
      vertex -23.9488 73.7069 0
      vertex -17.5878 41.309 0
      vertex -17.6494 41.2604 0
    endloop
  endfacet
  facet normal 0 0 -1
    outer loop
      vertex -23.9488 73.7069 0
      vertex -17.6494 41.2604 0
      vertex -17.7071 41.2071 0
    endloop
  endfacet
  facet normal 0 0 -1
    outer loop
      vertex -23.9488 73.7069 0
      vertex -17.7071 41.2071 0
      vertex -17.7604 41.1494 0
    endloop
  endfacet
  facet normal 0 0 -1
    outer loop
      vertex -23.9488 73.7069 0
      vertex -17.7604 41.1494 0
      vertex -17.809 41.0878 0
    endloop
  endfacet
  facet normal 0 0 -1
    outer loop
      vertex -23.9488 73.7069 0
      vertex -17.809 41.0878 0
      vertex -17.8526 41.0225 0
    endloop
  endfacet
  facet normal 0 0 -1
    outer loop
      vertex -23.9488 73.7069 0
      vertex -17.8526 41.0225 0
      vertex -17.891 40.954 0
    endloop
  endfacet
  facet normal 0 0 -1
    outer loop
      vertex -23.9488 73.7069 0
      vertex -17.891 40.954 0
      vertex -17.9239 40.8827 0
    endloop
  endfacet
  facet normal 0 0 -1
    outer loop
      vertex -23.9488 73.7069 0
      vertex -17.9239 40.8827 0
      vertex -17.951 40.809 0
    endloop
  endfacet
  facet normal 0 0 -1
    outer loop
      vertex -23.9488 73.7069 0
      vertex -17.951 40.809 0
      vertex -17.9724 40.7334 0
    endloop
  endfacet
  facet normal 0 0 -1
    outer loop
      vertex -23.9488 73.7069 0
      vertex -17.9724 40.7334 0
      vertex -17.9877 40.6564 0
    endloop
  endfacet
  facet normal 0 0 -1
    outer loop
      vertex -14.8436 41.4877 0
      vertex -18.092 75.3587 0
      vertex -12.1237 76.5458 0
    endloop
  endfacet
  facet normal 0 0 -1
    outer loop
      vertex -23.9488 73.7069 0
      vertex -17.9877 40.6564 0
      vertex -17.9969 40.5785 0
    endloop
  endfacet
  facet normal -0 0 -1
    outer loop
      vertex -17.891 35.046 0
      vertex -29.3235 12.2074 0
      vertex -17.9239 35.1173 0
    endloop
  endfacet
  facet normal -0 0 -1
    outer loop
      vertex -17.8526 34.9775 0
      vertex -29 12.25 0
      vertex -17.891 35.046 0
    endloop
  endfacet
  facet normal 0 0 -1
    outer loop
      vertex -28.375 -12.0825 0
      vertex -18.092 -75.3587 0
      vertex -23.9488 -73.7069 0
    endloop
  endfacet
  facet normal 0 0 -1
    outer loop
      vertex -29.3235 12.2074 0
      vertex -17.891 35.046 0
      vertex -29 12.25 0
    endloop
  endfacet
  facet normal 0 0 -1
    outer loop
      vertex -17 41.5 0
      vertex -23.9488 73.7069 0
      vertex -18.092 75.3587 0
    endloop
  endfacet
  facet normal 0 0 -1
    outer loop
      vertex -18.092 -75.3587 0
      vertex -27.7926 -11.3235 0
      vertex -27.75 -11 0
    endloop
  endfacet
  facet normal 0 0 -1
    outer loop
      vertex -18.092 -75.3587 0
      vertex -27.9175 -11.625 0
      vertex -27.7926 -11.3235 0
    endloop
  endfacet
  facet normal 0 0 -1
    outer loop
      vertex -18.092 -75.3587 0
      vertex -28.1161 -11.8839 0
      vertex -27.9175 -11.625 0
    endloop
  endfacet
  facet normal 0 0 -1
    outer loop
      vertex -18.092 -75.3587 0
      vertex -28.375 -12.0825 0
      vertex -28.1161 -11.8839 0
    endloop
  endfacet
  facet normal 0 0 -1
    outer loop
      vertex -29.658 -71.6007 0
      vertex -28.375 -12.0825 0
      vertex -23.9488 -73.7069 0
    endloop
  endfacet
  facet normal 0 0 -1
    outer loop
      vertex -28.375 -12.0825 0
      vertex -29.658 -71.6007 0
      vertex -28.6765 -12.2074 0
    endloop
  endfacet
  facet normal 0 0 -1
    outer loop
      vertex -35.1843 -69.053 0
      vertex -28.6765 -12.2074 0
      vertex -29.658 -71.6007 0
    endloop
  endfacet
  facet normal 0 0 -1
    outer loop
      vertex -40.4936 -66.0796 0
      vertex -28.6765 -12.2074 0
      vertex -35.1843 -69.053 0
    endloop
  endfacet
  facet normal 0 0 -1
    outer loop
      vertex -28.6765 -12.2074 0
      vertex -40.4936 -66.0796 0
      vertex -29 -12.25 0
    endloop
  endfacet
  facet normal 0 0 -1
    outer loop
      vertex -45.5534 -62.6988 0
      vertex -29 -12.25 0
      vertex -40.4936 -66.0796 0
    endloop
  endfacet
  facet normal 0 0 -1
    outer loop
      vertex -50.3322 -58.9315 0
      vertex -29 -12.25 0
      vertex -45.5534 -62.6988 0
    endloop
  endfacet
  facet normal -0 0 -1
    outer loop
      vertex -29 -12.25 0
      vertex -50.3322 -58.9315 0
      vertex -29.3235 -12.2074 0
    endloop
  endfacet
  facet normal 0 0 -1
    outer loop
      vertex -54.8008 -54.8008 0
      vertex -29.3235 -12.2074 0
      vertex -50.3322 -58.9315 0
    endloop
  endfacet
  facet normal -0 0 -1
    outer loop
      vertex -29.3235 -12.2074 0
      vertex -58.9315 -50.3322 0
      vertex -29.625 -12.0825 0
    endloop
  endfacet
  facet normal 0 0 -1
    outer loop
      vertex -58.9315 -50.3322 0
      vertex -29.3235 -12.2074 0
      vertex -54.8008 -54.8008 0
    endloop
  endfacet
  facet normal -0 0 -1
    outer loop
      vertex 14.1474 34.9775 0
      vertex 8.775 16.8825 0
      vertex 14.109 35.046 0
    endloop
  endfacet
  facet normal -0 0 -1
    outer loop
      vertex 14.109 35.046 0
      vertex 8.775 16.8825 0
      vertex 14.0761 35.1173 0
    endloop
  endfacet
  facet normal -0 0 -1
    outer loop
      vertex 14.0761 35.1173 0
      vertex 8.775 16.8825 0
      vertex 14.049 35.191 0
    endloop
  endfacet
  facet normal 0 0 -1
    outer loop
      vertex 8.51612 16.6839 0
      vertex 14.049 35.191 0
      vertex 8.775 16.8825 0
    endloop
  endfacet
  facet normal -0 0 -1
    outer loop
      vertex 14.049 35.191 0
      vertex 8.51612 16.6839 0
      vertex 14.0276 35.2666 0
    endloop
  endfacet
  facet normal -0 0 -1
    outer loop
      vertex 14.0276 35.2666 0
      vertex 8.51612 16.6839 0
      vertex 14.0123 35.3436 0
    endloop
  endfacet
  facet normal -0 0 -1
    outer loop
      vertex 14.0123 35.3436 0
      vertex 8.51612 16.6839 0
      vertex 14.0031 35.4215 0
    endloop
  endfacet
  facet normal 0 0 -1
    outer loop
      vertex 8.31747 16.425 0
      vertex 14.0031 35.4215 0
      vertex 8.51612 16.6839 0
    endloop
  endfacet
  facet normal -0 0 -1
    outer loop
      vertex 14.0031 35.4215 0
      vertex 8.31747 16.425 0
      vertex 14 35.5 0
    endloop
  endfacet
  facet normal -0 0 -1
    outer loop
      vertex 14 35.5 0
      vertex 8.31747 16.425 0
      vertex 14 40.5 0
    endloop
  endfacet
  facet normal -0 0 -1
    outer loop
      vertex 14.0031 40.5785 0
      vertex 8.31747 16.425 0
      vertex 6.08058 77.2611 0
    endloop
  endfacet
  facet normal 0 0 -1
    outer loop
      vertex 6.08058 77.2611 0
      vertex 8.31747 16.425 0
      vertex 8.19259 16.1235 0
    endloop
  endfacet
  facet normal 0 0 -1
    outer loop
      vertex 6.08058 77.2611 0
      vertex 8.19259 16.1235 0
      vertex 8.15 15.8 0
    endloop
  endfacet
  facet normal 0 0 -1
    outer loop
      vertex 14.6173 41.4239 0
      vertex 6.08058 77.2611 0
      vertex 12.1237 76.5458 0
    endloop
  endfacet
  facet normal 0 0 -1
    outer loop
      vertex 8.15 15.8 0
      vertex -8.15 15.8 0
      vertex -8.19259 16.1235 0
    endloop
  endfacet
  facet normal 0 0 -1
    outer loop
      vertex -8.775 16.8825 0
      vertex 8.15 15.8 0
      vertex -8.51612 16.6839 0
    endloop
  endfacet
  facet normal 0 0 -1
    outer loop
      vertex -9.07648 17.0074 0
      vertex 8.15 15.8 0
      vertex -8.775 16.8825 0
    endloop
  endfacet
  facet normal 0 0 -1
    outer loop
      vertex 8.15 15.8 0
      vertex -9.07648 17.0074 0
      vertex 6.08058 77.2611 0
    endloop
  endfacet
  facet normal -0 0 -1
    outer loop
      vertex 6.08058 77.2611 0
      vertex -9.07648 17.0074 0
      vertex 0 77.5 0
    endloop
  endfacet
  facet normal 0 0 -1
    outer loop
      vertex 0 77.5 0
      vertex -9.07648 17.0074 0
      vertex -6.08058 77.2611 0
    endloop
  endfacet
  facet normal 0 0 -1
    outer loop
      vertex -9.4 17.05 0
      vertex -6.08058 77.2611 0
      vertex -9.07648 17.0074 0
    endloop
  endfacet
  facet normal 0 0 -1
    outer loop
      vertex -12.1237 76.5458 0
      vertex -9.4 17.05 0
      vertex -9.72352 17.0074 0
    endloop
  endfacet
  facet normal 0 0 -1
    outer loop
      vertex -12.1237 76.5458 0
      vertex -9.72352 17.0074 0
      vertex -10.025 16.8825 0
    endloop
  endfacet
  facet normal 0 0 -1
    outer loop
      vertex -12.1237 76.5458 0
      vertex -10.025 16.8825 0
      vertex -10.2839 16.6839 0
    endloop
  endfacet
  facet normal 0 0 -1
    outer loop
      vertex -12.1237 76.5458 0
      vertex -10.2839 16.6839 0
      vertex -10.4825 16.425 0
    endloop
  endfacet
  facet normal 0 0 -1
    outer loop
      vertex -12.1237 76.5458 0
      vertex -10.4825 16.425 0
      vertex -10.6074 16.1235 0
    endloop
  endfacet
  facet normal 0 0 -1
    outer loop
      vertex -12.1237 76.5458 0
      vertex -10.6074 16.1235 0
      vertex -10.65 15.8 0
    endloop
  endfacet
  facet normal 0 0 -1
    outer loop
      vertex -9.4 17.05 0
      vertex -12.1237 76.5458 0
      vertex -6.08058 77.2611 0
    endloop
  endfacet
  facet normal 0 0 -1
    outer loop
      vertex 33.8839 -11.1161 0
      vertex 56.1161 -11.1161 0
      vertex 34.0825 -11.375 0
    endloop
  endfacet
  facet normal 0 0 -1
    outer loop
      vertex 56.1161 11.1161 0
      vertex 34.2074 11.6765 0
      vertex 34.25 12 0
    endloop
  endfacet
  facet normal 0 0 -1
    outer loop
      vertex 56.1161 -11.1161 0
      vertex 33.8839 -11.1161 0
      vertex 56.1161 11.1161 0
    endloop
  endfacet
  facet normal 0 0 -1
    outer loop
      vertex 56.1161 11.1161 0
      vertex 34.0825 11.375 0
      vertex 34.2074 11.6765 0
    endloop
  endfacet
  facet normal 0 0 -1
    outer loop
      vertex 33.8839 11.1161 0
      vertex 56.1161 11.1161 0
      vertex 33.8839 -11.1161 0
    endloop
  endfacet
  facet normal 0 0 -1
    outer loop
      vertex 56.1161 11.1161 0
      vertex 33.8839 11.1161 0
      vertex 34.0825 11.375 0
    endloop
  endfacet
  facet normal 0 0 -1
    outer loop
      vertex 33.625 -10.9175 0
      vertex 33.8839 11.1161 0
      vertex 33.8839 -11.1161 0
    endloop
  endfacet
  facet normal 0 0 -1
    outer loop
      vertex 33.625 -10.9175 0
      vertex 33.625 10.9175 0
      vertex 33.8839 11.1161 0
    endloop
  endfacet
  facet normal 0 0 -1
    outer loop
      vertex 33.3235 -10.7926 0
      vertex 33.625 10.9175 0
      vertex 33.625 -10.9175 0
    endloop
  endfacet
  facet normal 0 0 -1
    outer loop
      vertex 33.3235 -10.7926 0
      vertex 33.3235 10.7926 0
      vertex 33.625 10.9175 0
    endloop
  endfacet
  facet normal 0 0 -1
    outer loop
      vertex 33 -10.75 0
      vertex 33.3235 10.7926 0
      vertex 33.3235 -10.7926 0
    endloop
  endfacet
  facet normal 0 0 -1
    outer loop
      vertex 33 -10.75 0
      vertex 33 10.75 0
      vertex 33.3235 10.7926 0
    endloop
  endfacet
  facet normal 0 0 -1
    outer loop
      vertex 32.6765 -10.7926 0
      vertex 33 10.75 0
      vertex 33 -10.75 0
    endloop
  endfacet
  facet normal 0 0 -1
    outer loop
      vertex 32.6765 -10.7926 0
      vertex 32.6765 10.7926 0
      vertex 33 10.75 0
    endloop
  endfacet
  facet normal 0 0 -1
    outer loop
      vertex 32.375 -10.9175 0
      vertex 32.6765 10.7926 0
      vertex 32.6765 -10.7926 0
    endloop
  endfacet
  facet normal 0 0 -1
    outer loop
      vertex 32.375 -10.9175 0
      vertex 32.375 10.9175 0
      vertex 32.6765 10.7926 0
    endloop
  endfacet
  facet normal 0 0 -1
    outer loop
      vertex 32.1161 -11.1161 0
      vertex 32.375 10.9175 0
      vertex 32.375 -10.9175 0
    endloop
  endfacet
  facet normal 0 0 -1
    outer loop
      vertex 32.1161 -11.1161 0
      vertex 32.1161 11.1161 0
      vertex 32.375 10.9175 0
    endloop
  endfacet
  facet normal 0 0 -1
    outer loop
      vertex 10.2839 -14.9161 0
      vertex 31.7926 -11.6765 0
      vertex 10.4825 -15.175 0
    endloop
  endfacet
  facet normal -0 0 -1
    outer loop
      vertex 31.7926 -11.6765 0
      vertex 10.2839 -14.9161 0
      vertex 31.9175 -11.375 0
    endloop
  endfacet
  facet normal -0 0 -1
    outer loop
      vertex 31.75 -12 0
      vertex 10.4825 -15.175 0
      vertex 31.7926 -11.6765 0
    endloop
  endfacet
  facet normal 0 0 -1
    outer loop
      vertex 10.025 -14.7175 0
      vertex 31.9175 -11.375 0
      vertex 10.2839 -14.9161 0
    endloop
  endfacet
  facet normal 0 0 -1
    outer loop
      vertex 17.891 -35.046 0
      vertex 33 -13.25 0
      vertex 17.9239 -35.1173 0
    endloop
  endfacet
  facet normal -0 0 -1
    outer loop
      vertex 33 -13.25 0
      vertex 17.891 -35.046 0
      vertex 32.6765 -13.2074 0
    endloop
  endfacet
  facet normal 0 0 -1
    outer loop
      vertex 33.3235 13.2074 0
      vertex 58.9315 50.3322 0
      vertex 33.625 13.0825 0
    endloop
  endfacet
  facet normal -0 0 -1
    outer loop
      vertex 58.9315 50.3322 0
      vertex 33.3235 13.2074 0
      vertex 54.8008 54.8008 0
    endloop
  endfacet
  facet normal 0 0 -1
    outer loop
      vertex 33 13.25 0
      vertex 54.8008 54.8008 0
      vertex 33.3235 13.2074 0
    endloop
  endfacet
  facet normal -0 0 -1
    outer loop
      vertex 54.8008 54.8008 0
      vertex 33 13.25 0
      vertex 50.3322 58.9315 0
    endloop
  endfacet
  facet normal -0 0 -1
    outer loop
      vertex 50.3322 58.9315 0
      vertex 33 13.25 0
      vertex 45.5534 62.6988 0
    endloop
  endfacet
  facet normal 0 0 -1
    outer loop
      vertex 32.6765 13.2074 0
      vertex 45.5534 62.6988 0
      vertex 33 13.25 0
    endloop
  endfacet
  facet normal -0 0 -1
    outer loop
      vertex 45.5534 62.6988 0
      vertex 32.6765 13.2074 0
      vertex 40.4936 66.0796 0
    endloop
  endfacet
  facet normal -0 0 -1
    outer loop
      vertex 40.4936 66.0796 0
      vertex 32.6765 13.2074 0
      vertex 35.1843 69.053 0
    endloop
  endfacet
  facet normal 0 0 -1
    outer loop
      vertex 32.375 13.0825 0
      vertex 35.1843 69.053 0
      vertex 32.6765 13.2074 0
    endloop
  endfacet
  facet normal 0 0 -1
    outer loop
      vertex 18.092 75.3587 0
      vertex 32.375 13.0825 0
      vertex 32.1161 12.8839 0
    endloop
  endfacet
  facet normal 0 0 -1
    outer loop
      vertex 18.092 75.3587 0
      vertex 32.1161 12.8839 0
      vertex 31.9175 12.625 0
    endloop
  endfacet
  facet normal 0 0 -1
    outer loop
      vertex 18.092 75.3587 0
      vertex 31.9175 12.625 0
      vertex 31.7926 12.3235 0
    endloop
  endfacet
  facet normal 0 0 -1
    outer loop
      vertex 18.092 75.3587 0
      vertex 31.7926 12.3235 0
      vertex 31.75 12 0
    endloop
  endfacet
  facet normal 0 0 -1
    outer loop
      vertex 32.375 13.0825 0
      vertex 29.658 71.6007 0
      vertex 35.1843 69.053 0
    endloop
  endfacet
  facet normal 0 0 -1
    outer loop
      vertex 17.8526 -34.9775 0
      vertex 32.6765 -13.2074 0
      vertex 17.891 -35.046 0
    endloop
  endfacet
  facet normal 0 0 -1
    outer loop
      vertex 16.2812 -57.9483 0
      vertex 29.658 -71.6007 0
      vertex 23.9488 -73.7069 0
    endloop
  endfacet
  facet normal 0 0 -1
    outer loop
      vertex 17.809 -34.9122 0
      vertex 32.6765 -13.2074 0
      vertex 17.8526 -34.9775 0
    endloop
  endfacet
  facet normal 0 0 -1
    outer loop
      vertex 15.1481 -58.7716 0
      vertex 23.9488 -73.7069 0
      vertex 18.092 -75.3587 0
    endloop
  endfacet
  facet normal 0 0 -1
    outer loop
      vertex 32.375 13.0825 0
      vertex 23.9488 73.7069 0
      vertex 29.658 71.6007 0
    endloop
  endfacet
  facet normal 0 0 -1
    outer loop
      vertex 32.375 13.0825 0
      vertex 18.092 75.3587 0
      vertex 23.9488 73.7069 0
    endloop
  endfacet
  facet normal 0 0 -1
    outer loop
      vertex 29.658 -71.6007 0
      vertex 17.9969 -40.5785 0
      vertex 18 -40.5 0
    endloop
  endfacet
  facet normal 0 0 -1
    outer loop
      vertex 29.658 -71.6007 0
      vertex 17.9877 -40.6564 0
      vertex 17.9969 -40.5785 0
    endloop
  endfacet
  facet normal 0 0 -1
    outer loop
      vertex 17 -48 0
      vertex 29.658 -71.6007 0
      vertex 17 -56 0
    endloop
  endfacet
  facet normal 0 0 -1
    outer loop
      vertex 29.658 -71.6007 0
      vertex 17.9724 -40.7334 0
      vertex 17.9877 -40.6564 0
    endloop
  endfacet
  facet normal 0 0 -1
    outer loop
      vertex 17 -48 0
      vertex 17.9724 -40.7334 0
      vertex 29.658 -71.6007 0
    endloop
  endfacet
  facet normal 0 0 -1
    outer loop
      vertex 17.9724 -40.7334 0
      vertex 17 -48 0
      vertex 17.951 -40.809 0
    endloop
  endfacet
  facet normal 0 0 -1
    outer loop
      vertex 16.9908 -47.7646 0
      vertex 17.951 -40.809 0
      vertex 17 -48 0
    endloop
  endfacet
  facet normal 0 0 -1
    outer loop
      vertex 17.951 -40.809 0
      vertex 16.9908 -47.7646 0
      vertex 17.9239 -40.8827 0
    endloop
  endfacet
  facet normal 0 0 -1
    outer loop
      vertex 16.9631 -47.5307 0
      vertex 17.9239 -40.8827 0
      vertex 16.9908 -47.7646 0
    endloop
  endfacet
  facet normal 0 0 -1
    outer loop
      vertex 17.9239 -40.8827 0
      vertex 16.9631 -47.5307 0
      vertex 17.891 -40.954 0
    endloop
  endfacet
  facet normal 0 0 -1
    outer loop
      vertex 16.9171 -47.2997 0
      vertex 17.891 -40.954 0
      vertex 16.9631 -47.5307 0
    endloop
  endfacet
  facet normal 0 0 -1
    outer loop
      vertex 17.891 -40.954 0
      vertex 16.9171 -47.2997 0
      vertex 17.8526 -41.0225 0
    endloop
  endfacet
  facet normal 0 0 -1
    outer loop
      vertex 17.8526 -41.0225 0
      vertex 16.9171 -47.2997 0
      vertex 17.809 -41.0878 0
    endloop
  endfacet
  facet normal 0 0 -1
    outer loop
      vertex 16.8532 -47.073 0
      vertex 17.809 -41.0878 0
      vertex 16.9171 -47.2997 0
    endloop
  endfacet
  facet normal 0 0 -1
    outer loop
      vertex 17.809 -41.0878 0
      vertex 16.8532 -47.073 0
      vertex 17.7604 -41.1494 0
    endloop
  endfacet
  facet normal 0 0 -1
    outer loop
      vertex 16.7716 -46.8519 0
      vertex 17.7604 -41.1494 0
      vertex 16.8532 -47.073 0
    endloop
  endfacet
  facet normal 0 0 -1
    outer loop
      vertex 17.7604 -41.1494 0
      vertex 16.7716 -46.8519 0
      vertex 17.7071 -41.2071 0
    endloop
  endfacet
  facet normal 0 0 -1
    outer loop
      vertex 16.673 -46.638 0
      vertex 17.7071 -41.2071 0
      vertex 16.7716 -46.8519 0
    endloop
  endfacet
  facet normal 0 0 -1
    outer loop
      vertex 17.7071 -41.2071 0
      vertex 16.673 -46.638 0
      vertex 17.6494 -41.2604 0
    endloop
  endfacet
  facet normal 0 0 -1
    outer loop
      vertex 16.5579 -46.4325 0
      vertex 17.6494 -41.2604 0
      vertex 16.673 -46.638 0
    endloop
  endfacet
  facet normal 0 0 -1
    outer loop
      vertex 29.658 -71.6007 0
      vertex 16.9908 -56.2354 0
      vertex 17 -56 0
    endloop
  endfacet
  facet normal 0 0 -1
    outer loop
      vertex 29.658 -71.6007 0
      vertex 16.9631 -56.4693 0
      vertex 16.9908 -56.2354 0
    endloop
  endfacet
  facet normal 0 0 -1
    outer loop
      vertex 29.658 -71.6007 0
      vertex 16.9171 -56.7003 0
      vertex 16.9631 -56.4693 0
    endloop
  endfacet
  facet normal 0 0 -1
    outer loop
      vertex 29.658 -71.6007 0
      vertex 16.8532 -56.927 0
      vertex 16.9171 -56.7003 0
    endloop
  endfacet
  facet normal 0 0 -1
    outer loop
      vertex 29.658 -71.6007 0
      vertex 16.7716 -57.1481 0
      vertex 16.8532 -56.927 0
    endloop
  endfacet
  facet normal 0 0 -1
    outer loop
      vertex 29.658 -71.6007 0
      vertex 16.673 -57.362 0
      vertex 16.7716 -57.1481 0
    endloop
  endfacet
  facet normal 0 0 -1
    outer loop
      vertex 29.658 -71.6007 0
      vertex 16.5579 -57.5675 0
      vertex 16.673 -57.362 0
    endloop
  endfacet
  facet normal 0 0 -1
    outer loop
      vertex 29.658 -71.6007 0
      vertex 16.427 -57.7634 0
      vertex 16.5579 -57.5675 0
    endloop
  endfacet
  facet normal 0 0 -1
    outer loop
      vertex 29.658 -71.6007 0
      vertex 16.2812 -57.9483 0
      vertex 16.427 -57.7634 0
    endloop
  endfacet
  facet normal 0 0 -1
    outer loop
      vertex 23.9488 -73.7069 0
      vertex 16.1213 -58.1213 0
      vertex 16.2812 -57.9483 0
    endloop
  endfacet
  facet normal 0 0 -1
    outer loop
      vertex 23.9488 -73.7069 0
      vertex 15.9483 -58.2812 0
      vertex 16.1213 -58.1213 0
    endloop
  endfacet
  facet normal 0 0 -1
    outer loop
      vertex 23.9488 -73.7069 0
      vertex 15.7634 -58.427 0
      vertex 15.9483 -58.2812 0
    endloop
  endfacet
  facet normal 0 0 -1
    outer loop
      vertex 23.9488 -73.7069 0
      vertex 15.5675 -58.5579 0
      vertex 15.7634 -58.427 0
    endloop
  endfacet
  facet normal 0 0 -1
    outer loop
      vertex 23.9488 -73.7069 0
      vertex 15.362 -58.673 0
      vertex 15.5675 -58.5579 0
    endloop
  endfacet
  facet normal 0 0 -1
    outer loop
      vertex 23.9488 -73.7069 0
      vertex 15.1481 -58.7716 0
      vertex 15.362 -58.673 0
    endloop
  endfacet
  facet normal 0 0 -1
    outer loop
      vertex 18.092 -75.3587 0
      vertex 14.927 -58.8532 0
      vertex 15.1481 -58.7716 0
    endloop
  endfacet
  facet normal 0 0 -1
    outer loop
      vertex 18.092 -75.3587 0
      vertex 14.7003 -58.9171 0
      vertex 14.927 -58.8532 0
    endloop
  endfacet
  facet normal 0 0 -1
    outer loop
      vertex 18.092 -75.3587 0
      vertex 14.4693 -58.9631 0
      vertex 14.7003 -58.9171 0
    endloop
  endfacet
  facet normal 0 0 -1
    outer loop
      vertex 18.092 -75.3587 0
      vertex 14.2354 -58.9908 0
      vertex 14.4693 -58.9631 0
    endloop
  endfacet
  facet normal 0 0 -1
    outer loop
      vertex 18.092 -75.3587 0
      vertex 14 -59 0
      vertex 14.2354 -58.9908 0
    endloop
  endfacet
  facet normal 0 0 -1
    outer loop
      vertex 12.1237 -76.5458 0
      vertex 14 -59 0
      vertex 18.092 -75.3587 0
    endloop
  endfacet
  facet normal 0 0 -1
    outer loop
      vertex 6.08058 -77.2611 0
      vertex 14 -59 0
      vertex 12.1237 -76.5458 0
    endloop
  endfacet
  facet normal 0 0 -1
    outer loop
      vertex 0 -77.5 0
      vertex 14 -59 0
      vertex 6.08058 -77.2611 0
    endloop
  endfacet
  facet normal 0 0 -1
    outer loop
      vertex -14 -59 0
      vertex 0 -77.5 0
      vertex -6.08058 -77.2611 0
    endloop
  endfacet
  facet normal 0 0 -1
    outer loop
      vertex -14 -59 0
      vertex -6.08058 -77.2611 0
      vertex -12.1237 -76.5458 0
    endloop
  endfacet
  facet normal 0 0 -1
    outer loop
      vertex 0 -77.5 0
      vertex -14 -59 0
      vertex 14 -59 0
    endloop
  endfacet
  facet normal 0 0 -1
    outer loop
      vertex -18.092 -75.3587 0
      vertex -14 -59 0
      vertex -12.1237 -76.5458 0
    endloop
  endfacet
  facet normal -0 0 -1
    outer loop
      vertex -14 -59 0
      vertex -18.092 -75.3587 0
      vertex -14.2354 -58.9908 0
    endloop
  endfacet
  facet normal -0 0 -1
    outer loop
      vertex -14.2354 -58.9908 0
      vertex -18.092 -75.3587 0
      vertex -14.4693 -58.9631 0
    endloop
  endfacet
  facet normal -0 0 -1
    outer loop
      vertex -14.4693 -58.9631 0
      vertex -18.092 -75.3587 0
      vertex -14.7003 -58.9171 0
    endloop
  endfacet
  facet normal -0 0 -1
    outer loop
      vertex -14.7003 -58.9171 0
      vertex -18.092 -75.3587 0
      vertex -14.927 -58.8532 0
    endloop
  endfacet
  facet normal -0 0 -1
    outer loop
      vertex -14.927 -58.8532 0
      vertex -18.092 -75.3587 0
      vertex -15.1481 -58.7716 0
    endloop
  endfacet
  facet normal -0 0 -1
    outer loop
      vertex -15.1481 -58.7716 0
      vertex -18.092 -75.3587 0
      vertex -15.362 -58.673 0
    endloop
  endfacet
  facet normal -0 0 -1
    outer loop
      vertex -15.362 -58.673 0
      vertex -18.092 -75.3587 0
      vertex -15.5675 -58.5579 0
    endloop
  endfacet
  facet normal -0 0 -1
    outer loop
      vertex -15.5675 -58.5579 0
      vertex -18.092 -75.3587 0
      vertex -15.7634 -58.427 0
    endloop
  endfacet
  facet normal -0 0 -1
    outer loop
      vertex -15.7634 -58.427 0
      vertex -18.092 -75.3587 0
      vertex -15.9483 -58.2812 0
    endloop
  endfacet
  facet normal -0 0 -1
    outer loop
      vertex -15.9483 -58.2812 0
      vertex -18.092 -75.3587 0
      vertex -16.1213 -58.1213 0
    endloop
  endfacet
  facet normal -0 0 -1
    outer loop
      vertex -16.1213 -58.1213 0
      vertex -18.092 -75.3587 0
      vertex -16.2812 -57.9483 0
    endloop
  endfacet
  facet normal -0 0 -1
    outer loop
      vertex -16.2812 -57.9483 0
      vertex -18.092 -75.3587 0
      vertex -16.427 -57.7634 0
    endloop
  endfacet
  facet normal -0 0 -1
    outer loop
      vertex -16.427 -57.7634 0
      vertex -18.092 -75.3587 0
      vertex -16.5579 -57.5675 0
    endloop
  endfacet
  facet normal -0 0 -1
    outer loop
      vertex -16.5579 -57.5675 0
      vertex -18.092 -75.3587 0
      vertex -16.673 -57.362 0
    endloop
  endfacet
  facet normal -0 0 -1
    outer loop
      vertex -16.673 -57.362 0
      vertex -18.092 -75.3587 0
      vertex -16.7716 -57.1481 0
    endloop
  endfacet
  facet normal -0 0 -1
    outer loop
      vertex -16.7716 -57.1481 0
      vertex -18.092 -75.3587 0
      vertex -16.8532 -56.927 0
    endloop
  endfacet
  facet normal 0 0 -1
    outer loop
      vertex -17.9724 -40.7334 0
      vertex -17 -48 0
      vertex -17 -56 0
    endloop
  endfacet
  facet normal 0 0 -1
    outer loop
      vertex -15.7634 -45.573 0
      vertex -17.0785 -41.4969 0
      vertex -17 -41.5 0
    endloop
  endfacet
  facet normal 0 0 -1
    outer loop
      vertex -15.9483 -45.7188 0
      vertex -17.1564 -41.4877 0
      vertex -17.0785 -41.4969 0
    endloop
  endfacet
  facet normal 0 0 -1
    outer loop
      vertex -15.9483 -45.7188 0
      vertex -17.2334 -41.4724 0
      vertex -17.1564 -41.4877 0
    endloop
  endfacet
  facet normal 0 0 -1
    outer loop
      vertex -16.1213 -45.8787 0
      vertex -17.309 -41.451 0
      vertex -17.2334 -41.4724 0
    endloop
  endfacet
  facet normal 0 0 -1
    outer loop
      vertex -16.2812 -46.0517 0
      vertex -17.3827 -41.4239 0
      vertex -17.309 -41.451 0
    endloop
  endfacet
  facet normal 0 0 -1
    outer loop
      vertex -16.2812 -46.0517 0
      vertex -17.454 -41.391 0
      vertex -17.3827 -41.4239 0
    endloop
  endfacet
  facet normal 0 0 -1
    outer loop
      vertex -16.427 -46.2366 0
      vertex -17.5225 -41.3526 0
      vertex -17.454 -41.391 0
    endloop
  endfacet
  facet normal 0 0 -1
    outer loop
      vertex -16.5579 -46.4325 0
      vertex -17.5878 -41.309 0
      vertex -17.5225 -41.3526 0
    endloop
  endfacet
  facet normal 0 0 -1
    outer loop
      vertex -18.092 -75.3587 0
      vertex -17 -56 0
      vertex -16.9908 -56.2354 0
    endloop
  endfacet
  facet normal 0 0 -1
    outer loop
      vertex -16.5579 -46.4325 0
      vertex -17.6494 -41.2604 0
      vertex -17.5878 -41.309 0
    endloop
  endfacet
  facet normal 0 0 -1
    outer loop
      vertex -16.673 -46.638 0
      vertex -17.7071 -41.2071 0
      vertex -17.6494 -41.2604 0
    endloop
  endfacet
  facet normal 0 0 -1
    outer loop
      vertex -16.7716 -46.8519 0
      vertex -17.7604 -41.1494 0
      vertex -17.7071 -41.2071 0
    endloop
  endfacet
  facet normal 0 0 -1
    outer loop
      vertex -16.8532 -47.073 0
      vertex -17.809 -41.0878 0
      vertex -17.7604 -41.1494 0
    endloop
  endfacet
  facet normal 0 0 -1
    outer loop
      vertex -16.9171 -47.2997 0
      vertex -17.8526 -41.0225 0
      vertex -17.809 -41.0878 0
    endloop
  endfacet
  facet normal 0 0 -1
    outer loop
      vertex -16.9171 -47.2997 0
      vertex -17.891 -40.954 0
      vertex -17.8526 -41.0225 0
    endloop
  endfacet
  facet normal 0 0 -1
    outer loop
      vertex -16.9631 -47.5307 0
      vertex -17.9239 -40.8827 0
      vertex -17.891 -40.954 0
    endloop
  endfacet
  facet normal 0 0 -1
    outer loop
      vertex -16.9908 -47.7646 0
      vertex -17.951 -40.809 0
      vertex -17.9239 -40.8827 0
    endloop
  endfacet
  facet normal 0 0 -1
    outer loop
      vertex -17 -48 0
      vertex -17.9724 -40.7334 0
      vertex -17.951 -40.809 0
    endloop
  endfacet
  facet normal 0 0 -1
    outer loop
      vertex -17 -56 0
      vertex -17.9877 -40.6564 0
      vertex -17.9724 -40.7334 0
    endloop
  endfacet
  facet normal 0 0 -1
    outer loop
      vertex -27.75 -11 0
      vertex -17.9877 -40.6564 0
      vertex -17 -56 0
    endloop
  endfacet
  facet normal 0 0 -1
    outer loop
      vertex -27.75 -11 0
      vertex -18 -35.5 0
      vertex -18 -40.5 0
    endloop
  endfacet
  facet normal -0 0 -1
    outer loop
      vertex -17.809 34.9122 0
      vertex -29 12.25 0
      vertex -17.8526 34.9775 0
    endloop
  endfacet
  facet normal 0 0 -1
    outer loop
      vertex -17.9969 -40.5785 0
      vertex -27.75 -11 0
      vertex -18 -40.5 0
    endloop
  endfacet
  facet normal 0 0 -1
    outer loop
      vertex -17.9877 -40.6564 0
      vertex -27.75 -11 0
      vertex -17.9969 -40.5785 0
    endloop
  endfacet
  facet normal 0 0 -1
    outer loop
      vertex -27.75 -11 0
      vertex -17 -56 0
      vertex -18.092 -75.3587 0
    endloop
  endfacet
  facet normal -0 0 -1
    outer loop
      vertex -16.9631 -56.4693 0
      vertex -18.092 -75.3587 0
      vertex -16.9908 -56.2354 0
    endloop
  endfacet
  facet normal -0 0 -1
    outer loop
      vertex -16.9171 -56.7003 0
      vertex -18.092 -75.3587 0
      vertex -16.9631 -56.4693 0
    endloop
  endfacet
  facet normal -0 0 -1
    outer loop
      vertex -16.8532 -56.927 0
      vertex -18.092 -75.3587 0
      vertex -16.9171 -56.7003 0
    endloop
  endfacet
  facet normal 0 0 -1
    outer loop
      vertex 57.8839 -11.1161 0
      vertex 77.2611 -6.08058 0
      vertex 58.0825 -11.375 0
    endloop
  endfacet
  facet normal 0 0 -1
    outer loop
      vertex 77.5 0 0
      vertex 58.2074 11.6765 0
      vertex 58.25 12 0
    endloop
  endfacet
  facet normal -0 0 -1
    outer loop
      vertex 77.2611 -6.08058 0
      vertex 57.8839 -11.1161 0
      vertex 77.5 0 0
    endloop
  endfacet
  facet normal 0 0 -1
    outer loop
      vertex 77.5 0 0
      vertex 58.0825 11.375 0
      vertex 58.2074 11.6765 0
    endloop
  endfacet
  facet normal 0 0 -1
    outer loop
      vertex 57.625 -10.9175 0
      vertex 77.5 0 0
      vertex 57.8839 -11.1161 0
    endloop
  endfacet
  facet normal 0 0 -1
    outer loop
      vertex 77.5 0 0
      vertex 57.8839 11.1161 0
      vertex 58.0825 11.375 0
    endloop
  endfacet
  facet normal 0 0 -1
    outer loop
      vertex 57.625 10.9175 0
      vertex 77.5 0 0
      vertex 57.625 -10.9175 0
    endloop
  endfacet
  facet normal 0 0 -1
    outer loop
      vertex 77.5 0 0
      vertex 57.625 10.9175 0
      vertex 57.8839 11.1161 0
    endloop
  endfacet
  facet normal 0 0 -1
    outer loop
      vertex 57.3235 -10.7926 0
      vertex 57.625 10.9175 0
      vertex 57.625 -10.9175 0
    endloop
  endfacet
  facet normal 0 0 -1
    outer loop
      vertex 57.3235 -10.7926 0
      vertex 57.3235 10.7926 0
      vertex 57.625 10.9175 0
    endloop
  endfacet
  facet normal 0 0 -1
    outer loop
      vertex 57 -10.75 0
      vertex 57.3235 10.7926 0
      vertex 57.3235 -10.7926 0
    endloop
  endfacet
  facet normal 0 0 -1
    outer loop
      vertex 57 -10.75 0
      vertex 57 10.75 0
      vertex 57.3235 10.7926 0
    endloop
  endfacet
  facet normal 0 0 -1
    outer loop
      vertex 56.6765 -10.7926 0
      vertex 57 10.75 0
      vertex 57 -10.75 0
    endloop
  endfacet
  facet normal 0 0 -1
    outer loop
      vertex 56.6765 -10.7926 0
      vertex 56.6765 10.7926 0
      vertex 57 10.75 0
    endloop
  endfacet
  facet normal 0 0 -1
    outer loop
      vertex 56.375 -10.9175 0
      vertex 56.6765 10.7926 0
      vertex 56.6765 -10.7926 0
    endloop
  endfacet
  facet normal 0 0 -1
    outer loop
      vertex 56.375 -10.9175 0
      vertex 56.375 10.9175 0
      vertex 56.6765 10.7926 0
    endloop
  endfacet
  facet normal 0 0 -1
    outer loop
      vertex 56.1161 -11.1161 0
      vertex 56.375 10.9175 0
      vertex 56.375 -10.9175 0
    endloop
  endfacet
  facet normal 0 0 -1
    outer loop
      vertex 56.1161 -11.1161 0
      vertex 56.1161 11.1161 0
      vertex 56.375 10.9175 0
    endloop
  endfacet
  facet normal 0 0 -1
    outer loop
      vertex 55.7926 -11.6765 0
      vertex 34.2074 -11.6765 0
      vertex 55.9175 -11.375 0
    endloop
  endfacet
  facet normal 0 0 -1
    outer loop
      vertex 34.0825 -11.375 0
      vertex 55.9175 -11.375 0
      vertex 34.2074 -11.6765 0
    endloop
  endfacet
  facet normal 0 0 -1
    outer loop
      vertex 34.2074 -11.6765 0
      vertex 55.7926 -11.6765 0
      vertex 34.25 -12 0
    endloop
  endfacet
  facet normal 0 0 -1
    outer loop
      vertex 55.9175 -11.375 0
      vertex 34.0825 -11.375 0
      vertex 56.1161 -11.1161 0
    endloop
  endfacet
  facet normal 0 0 -1
    outer loop
      vertex 34.25 -12 0
      vertex 55.7926 -11.6765 0
      vertex 55.75 -12 0
    endloop
  endfacet
  facet normal 0 0 -1
    outer loop
      vertex 56.1161 11.1161 0
      vertex 34.25 12 0
      vertex 55.9175 11.375 0
    endloop
  endfacet
  facet normal 0 0 -1
    outer loop
      vertex 76.5458 -12.1237 0
      vertex 58.2074 -11.6765 0
      vertex 77.2611 -6.08058 0
    endloop
  endfacet
  facet normal 0 0 -1
    outer loop
      vertex 58.2074 -11.6765 0
      vertex 76.5458 -12.1237 0
      vertex 58.25 -12 0
    endloop
  endfacet
  facet normal 0 0 -1
    outer loop
      vertex 58.0825 -11.375 0
      vertex 77.2611 -6.08058 0
      vertex 58.2074 -11.6765 0
    endloop
  endfacet
  facet normal 0 0 -1
    outer loop
      vertex 58.25 -12 0
      vertex 76.5458 -12.1237 0
      vertex 75.3587 -18.092 0
    endloop
  endfacet
  facet normal 0 0 -1
    outer loop
      vertex 77.5 0 0
      vertex 58.25 12 0
      vertex 77.2611 6.08058 0
    endloop
  endfacet
  facet normal 0 0 -1
    outer loop
      vertex 58.0825 -12.625 0
      vertex 75.3587 -18.092 0
      vertex 73.7069 -23.9488 0
    endloop
  endfacet
  facet normal 0 0 -1
    outer loop
      vertex 77.2611 6.08058 0
      vertex 58.25 12 0
      vertex 76.5458 12.1237 0
    endloop
  endfacet
  facet normal 0 0 -1
    outer loop
      vertex 57.625 -13.0825 0
      vertex 73.7069 -23.9488 0
      vertex 71.6007 -29.658 0
    endloop
  endfacet
  facet normal -0 0 -1
    outer loop
      vertex 76.5458 12.1237 0
      vertex 58.25 12 0
      vertex 75.3587 18.092 0
    endloop
  endfacet
  facet normal 0 0 -1
    outer loop
      vertex 57 -13.25 0
      vertex 71.6007 -29.658 0
      vertex 69.053 -35.1843 0
    endloop
  endfacet
  facet normal 0 0 -1
    outer loop
      vertex 58.2074 12.3235 0
      vertex 75.3587 18.092 0
      vertex 58.25 12 0
    endloop
  endfacet
  facet normal 0 0 -1
    outer loop
      vertex 56.6765 -13.2074 0
      vertex 69.053 -35.1843 0
      vertex 66.0796 -40.4936 0
    endloop
  endfacet
  facet normal 0 0 -1
    outer loop
      vertex 58.0825 12.625 0
      vertex 75.3587 18.092 0
      vertex 58.2074 12.3235 0
    endloop
  endfacet
  facet normal 0 0 -1
    outer loop
      vertex 56.375 -13.0825 0
      vertex 66.0796 -40.4936 0
      vertex 62.6988 -45.5534 0
    endloop
  endfacet
  facet normal -0 0 -1
    outer loop
      vertex 75.3587 18.092 0
      vertex 58.0825 12.625 0
      vertex 73.7069 23.9488 0
    endloop
  endfacet
  facet normal 0 0 -1
    outer loop
      vertex 33.625 -13.0825 0
      vertex 62.6988 -45.5534 0
      vertex 58.9315 -50.3322 0
    endloop
  endfacet
  facet normal 0 0 -1
    outer loop
      vertex 57.8839 12.8839 0
      vertex 73.7069 23.9488 0
      vertex 58.0825 12.625 0
    endloop
  endfacet
  facet normal 0 0 -1
    outer loop
      vertex 57.625 13.0825 0
      vertex 73.7069 23.9488 0
      vertex 57.8839 12.8839 0
    endloop
  endfacet
  facet normal 0 0 -1
    outer loop
      vertex 75.3587 -18.092 0
      vertex 58.2074 -12.3235 0
      vertex 58.25 -12 0
    endloop
  endfacet
  facet normal 0 0 -1
    outer loop
      vertex 75.3587 -18.092 0
      vertex 58.0825 -12.625 0
      vertex 58.2074 -12.3235 0
    endloop
  endfacet
  facet normal 0 0 -1
    outer loop
      vertex 73.7069 -23.9488 0
      vertex 57.8839 -12.8839 0
      vertex 58.0825 -12.625 0
    endloop
  endfacet
  facet normal 0 0 -1
    outer loop
      vertex 73.7069 -23.9488 0
      vertex 57.625 -13.0825 0
      vertex 57.8839 -12.8839 0
    endloop
  endfacet
  facet normal 0 0 -1
    outer loop
      vertex 71.6007 -29.658 0
      vertex 57.3235 -13.2074 0
      vertex 57.625 -13.0825 0
    endloop
  endfacet
  facet normal 0 0 -1
    outer loop
      vertex 71.6007 -29.658 0
      vertex 57 -13.25 0
      vertex 57.3235 -13.2074 0
    endloop
  endfacet
  facet normal 0 0 -1
    outer loop
      vertex 69.053 -35.1843 0
      vertex 56.6765 -13.2074 0
      vertex 57 -13.25 0
    endloop
  endfacet
  facet normal 0 0 -1
    outer loop
      vertex 66.0796 -40.4936 0
      vertex 56.375 -13.0825 0
      vertex 56.6765 -13.2074 0
    endloop
  endfacet
  facet normal 0 0 -1
    outer loop
      vertex 62.6988 -45.5534 0
      vertex 33.625 -13.0825 0
      vertex 56.375 -13.0825 0
    endloop
  endfacet
  facet normal 0 0 -1
    outer loop
      vertex 56.375 -13.0825 0
      vertex 33.625 -13.0825 0
      vertex 56.1161 -12.8839 0
    endloop
  endfacet
  facet normal 0 -0 -1
    outer loop
      vertex 33.8839 -12.8839 0
      vertex 56.1161 -12.8839 0
      vertex 33.625 -13.0825 0
    endloop
  endfacet
  facet normal 0 0 -1
    outer loop
      vertex 56.1161 -12.8839 0
      vertex 33.8839 -12.8839 0
      vertex 55.9175 -12.625 0
    endloop
  endfacet
  facet normal 0 -0 -1
    outer loop
      vertex 34.0825 -12.625 0
      vertex 55.9175 -12.625 0
      vertex 33.8839 -12.8839 0
    endloop
  endfacet
  facet normal 0 0 -1
    outer loop
      vertex 33.625 -13.0825 0
      vertex 58.9315 -50.3322 0
      vertex 54.8008 -54.8008 0
    endloop
  endfacet
  facet normal -0 0 -1
    outer loop
      vertex 73.7069 23.9488 0
      vertex 57.625 13.0825 0
      vertex 71.6007 29.658 0
    endloop
  endfacet
  facet normal 0 0 -1
    outer loop
      vertex 57.3235 13.2074 0
      vertex 71.6007 29.658 0
      vertex 57.625 13.0825 0
    endloop
  endfacet
  facet normal 0 0 -1
    outer loop
      vertex 57 13.25 0
      vertex 71.6007 29.658 0
      vertex 57.3235 13.2074 0
    endloop
  endfacet
  facet normal -0 0 -1
    outer loop
      vertex 71.6007 29.658 0
      vertex 57 13.25 0
      vertex 69.053 35.1843 0
    endloop
  endfacet
  facet normal 0 0 -1
    outer loop
      vertex 56.6765 13.2074 0
      vertex 69.053 35.1843 0
      vertex 57 13.25 0
    endloop
  endfacet
  facet normal -0 0 -1
    outer loop
      vertex 69.053 35.1843 0
      vertex 56.6765 13.2074 0
      vertex 66.0796 40.4936 0
    endloop
  endfacet
  facet normal 0 0 -1
    outer loop
      vertex 56.375 13.0825 0
      vertex 66.0796 40.4936 0
      vertex 56.6765 13.2074 0
    endloop
  endfacet
  facet normal -0 0 -1
    outer loop
      vertex 66.0796 40.4936 0
      vertex 56.375 13.0825 0
      vertex 62.6988 45.5534 0
    endloop
  endfacet
  facet normal 0 0 -1
    outer loop
      vertex 55.9175 12.625 0
      vertex 34.0825 12.625 0
      vertex 56.1161 12.8839 0
    endloop
  endfacet
  facet normal 0 0 -1
    outer loop
      vertex 34.0825 12.625 0
      vertex 55.9175 12.625 0
      vertex 34.2074 12.3235 0
    endloop
  endfacet
  facet normal 0 0 -1
    outer loop
      vertex 55.7926 12.3235 0
      vertex 34.2074 12.3235 0
      vertex 55.9175 12.625 0
    endloop
  endfacet
  facet normal 0 0 -1
    outer loop
      vertex 34.2074 12.3235 0
      vertex 55.7926 12.3235 0
      vertex 34.25 12 0
    endloop
  endfacet
  facet normal 0 0 -1
    outer loop
      vertex 55.7926 11.6765 0
      vertex 34.25 12 0
      vertex 55.75 12 0
    endloop
  endfacet
  facet normal 0 0 -1
    outer loop
      vertex 33.8839 12.8839 0
      vertex 56.1161 12.8839 0
      vertex 34.0825 12.625 0
    endloop
  endfacet
  facet normal 0 -0 -1
    outer loop
      vertex 34.25 -12 0
      vertex 55.75 -12 0
      vertex 34.2074 -12.3235 0
    endloop
  endfacet
  facet normal 0 0 -1
    outer loop
      vertex 18 -40.5 0
      vertex 54.8008 -54.8008 0
      vertex 50.3322 -58.9315 0
    endloop
  endfacet
  facet normal 0 0 -1
    outer loop
      vertex 55.75 12 0
      vertex 34.25 12 0
      vertex 55.7926 12.3235 0
    endloop
  endfacet
  facet normal 0 0 -1
    outer loop
      vertex 18 -40.5 0
      vertex 50.3322 -58.9315 0
      vertex 45.5534 -62.6988 0
    endloop
  endfacet
  facet normal 0 0 -1
    outer loop
      vertex 56.1161 12.8839 0
      vertex 33.8839 12.8839 0
      vertex 56.375 13.0825 0
    endloop
  endfacet
  facet normal 0 0 -1
    outer loop
      vertex 18 -40.5 0
      vertex 45.5534 -62.6988 0
      vertex 40.4936 -66.0796 0
    endloop
  endfacet
  facet normal 0 0 -1
    outer loop
      vertex 33.625 13.0825 0
      vertex 56.375 13.0825 0
      vertex 33.8839 12.8839 0
    endloop
  endfacet
  facet normal 0 0 -1
    outer loop
      vertex 18 -40.5 0
      vertex 40.4936 -66.0796 0
      vertex 35.1843 -69.053 0
    endloop
  endfacet
  facet normal 0 0 -1
    outer loop
      vertex 56.375 13.0825 0
      vertex 33.625 13.0825 0
      vertex 62.6988 45.5534 0
    endloop
  endfacet
  facet normal -0 0 -1
    outer loop
      vertex 62.6988 45.5534 0
      vertex 33.625 13.0825 0
      vertex 58.9315 50.3322 0
    endloop
  endfacet
  facet normal 0 0 -1
    outer loop
      vertex 55.9175 11.375 0
      vertex 34.25 12 0
      vertex 55.7926 11.6765 0
    endloop
  endfacet
  facet normal 0 0 -1
    outer loop
      vertex 55.7926 -12.3235 0
      vertex 34.2074 -12.3235 0
      vertex 55.75 -12 0
    endloop
  endfacet
  facet normal 0 -0 -1
    outer loop
      vertex 34.2074 -12.3235 0
      vertex 55.7926 -12.3235 0
      vertex 34.0825 -12.625 0
    endloop
  endfacet
  facet normal 0 0 -1
    outer loop
      vertex 55.9175 -12.625 0
      vertex 34.0825 -12.625 0
      vertex 55.7926 -12.3235 0
    endloop
  endfacet
  facet normal 0 0 -1
    outer loop
      vertex 54.8008 -54.8008 0
      vertex 33.3235 -13.2074 0
      vertex 33.625 -13.0825 0
    endloop
  endfacet
  facet normal 0 0 -1
    outer loop
      vertex 18 -35.5 0
      vertex 54.8008 -54.8008 0
      vertex 18 -40.5 0
    endloop
  endfacet
  facet normal 0 0 -1
    outer loop
      vertex 54.8008 -54.8008 0
      vertex 18 -35.5 0
      vertex 33.3235 -13.2074 0
    endloop
  endfacet
  facet normal 0 0 -1
    outer loop
      vertex 17.9969 -35.4215 0
      vertex 33.3235 -13.2074 0
      vertex 18 -35.5 0
    endloop
  endfacet
  facet normal 0 0 -1
    outer loop
      vertex 18 -40.5 0
      vertex 35.1843 -69.053 0
      vertex 29.658 -71.6007 0
    endloop
  endfacet
  facet normal 0 0 -1
    outer loop
      vertex 17.9877 -35.3436 0
      vertex 33.3235 -13.2074 0
      vertex 17.9969 -35.4215 0
    endloop
  endfacet
  facet normal 0 0 -1
    outer loop
      vertex 17.9724 -35.2666 0
      vertex 33.3235 -13.2074 0
      vertex 17.9877 -35.3436 0
    endloop
  endfacet
  facet normal 0 0 -1
    outer loop
      vertex 33.3235 -13.2074 0
      vertex 17.9724 -35.2666 0
      vertex 33 -13.25 0
    endloop
  endfacet
  facet normal 0 0 -1
    outer loop
      vertex 17.9239 -35.1173 0
      vertex 33 -13.25 0
      vertex 17.951 -35.191 0
    endloop
  endfacet
  facet normal 0 0 -1
    outer loop
      vertex 17.951 -35.191 0
      vertex 33 -13.25 0
      vertex 17.9724 -35.2666 0
    endloop
  endfacet
  facet normal 0.0392587 0.999229 -0
    outer loop
      vertex 6.08058 77.2611 0
      vertex 0 77.5 3
      vertex 6.08058 77.2611 3
    endloop
  endfacet
  facet normal 0.0392587 0.999229 0
    outer loop
      vertex 0 77.5 3
      vertex 6.08058 77.2611 0
      vertex 0 77.5 0
    endloop
  endfacet
  facet normal 0.488627 -0.872493 0
    outer loop
      vertex 35.1843 -69.053 0
      vertex 40.4936 -66.0796 3
      vertex 35.1843 -69.053 3
    endloop
  endfacet
  facet normal 0.488627 -0.872493 0
    outer loop
      vertex 40.4936 -66.0796 3
      vertex 35.1843 -69.053 0
      vertex 40.4936 -66.0796 0
    endloop
  endfacet
  facet normal 0 0 1
    outer loop
      vertex -21.358 -24.568 3
      vertex -26.4846 -13.5978 3
      vertex -21.495 -24.6447 3
    endloop
  endfacet
  facet normal -0 0 1
    outer loop
      vertex -26.632 -13.6521 3
      vertex -21.495 -24.6447 3
      vertex -26.4846 -13.5978 3
    endloop
  endfacet
  facet normal 0 0 1
    outer loop
      vertex -21.495 -24.6447 3
      vertex -26.632 -13.6521 3
      vertex -21.6256 -24.732 3
    endloop
  endfacet
  facet normal -0 0 1
    outer loop
      vertex -26.7831 -13.6947 3
      vertex -21.6256 -24.732 3
      vertex -26.632 -13.6521 3
    endloop
  endfacet
  facet normal 0 0 1
    outer loop
      vertex -21.6256 -24.732 3
      vertex -26.7831 -13.6947 3
      vertex -21.7489 -24.8292 3
    endloop
  endfacet
  facet normal -0 0 1
    outer loop
      vertex -26.9371 -13.7254 3
      vertex -21.7489 -24.8292 3
      vertex -26.7831 -13.6947 3
    endloop
  endfacet
  facet normal 0 0 1
    outer loop
      vertex -21.7489 -24.8292 3
      vertex -26.9371 -13.7254 3
      vertex -21.8642 -24.9358 3
    endloop
  endfacet
  facet normal -0 0 1
    outer loop
      vertex -27.0931 -13.7438 3
      vertex -21.8642 -24.9358 3
      vertex -26.9371 -13.7254 3
    endloop
  endfacet
  facet normal 0 0 1
    outer loop
      vertex -21.8642 -24.9358 3
      vertex -27.0931 -13.7438 3
      vertex -21.9708 -25.0511 3
    endloop
  endfacet
  facet normal -0 0 1
    outer loop
      vertex -27.25 -13.75 3
      vertex -21.9708 -25.0511 3
      vertex -27.0931 -13.7438 3
    endloop
  endfacet
  facet normal 0 0 1
    outer loop
      vertex -21.9708 -25.0511 3
      vertex -27.25 -13.75 3
      vertex -22.068 -25.1744 3
    endloop
  endfacet
  facet normal 0 0 1
    outer loop
      vertex -22.068 -25.1744 3
      vertex -27.25 -13.75 3
      vertex -22.1553 -25.305 3
    endloop
  endfacet
  facet normal 0 0 1
    outer loop
      vertex -22.1553 -25.305 3
      vertex -27.25 -13.75 3
      vertex -22.232 -25.442 3
    endloop
  endfacet
  facet normal 0 0 1
    outer loop
      vertex -22.232 -25.442 3
      vertex -27.25 -13.75 3
      vertex -22.2978 -25.5846 3
    endloop
  endfacet
  facet normal 0 0 1
    outer loop
      vertex -22.2978 -25.5846 3
      vertex -27.25 -13.75 3
      vertex -22.3521 -25.732 3
    endloop
  endfacet
  facet normal 0 0 1
    outer loop
      vertex -22.3521 -25.732 3
      vertex -27.25 -13.75 3
      vertex -22.3947 -25.8831 3
    endloop
  endfacet
  facet normal 0 0 1
    outer loop
      vertex -22.3947 -25.8831 3
      vertex -27.25 -13.75 3
      vertex -22.4254 -26.0371 3
    endloop
  endfacet
  facet normal 0 0 1
    outer loop
      vertex -22.4254 -26.0371 3
      vertex -27.25 -13.75 3
      vertex -22.4438 -26.1931 3
    endloop
  endfacet
  facet normal 0 0 1
    outer loop
      vertex -22.4438 -26.1931 3
      vertex -27.25 -13.75 3
      vertex -22.45 -26.35 3
    endloop
  endfacet
  facet normal -0 0 1
    outer loop
      vertex -62.75 -13.75 3
      vertex -22.45 -26.35 3
      vertex -27.25 -13.75 3
    endloop
  endfacet
  facet normal 0 0 1
    outer loop
      vertex -22.45 -26.35 3
      vertex -58.9315 -50.3322 3
      vertex -22.45 -49.65 3
    endloop
  endfacet
  facet normal 0 0 1
    outer loop
      vertex -22.45 -49.65 3
      vertex -29.658 -71.6007 3
      vertex -23.9488 -73.7069 3
    endloop
  endfacet
  facet normal 0 0 1
    outer loop
      vertex -22.45 -49.65 3
      vertex -35.1843 -69.053 3
      vertex -29.658 -71.6007 3
    endloop
  endfacet
  facet normal 0 0 1
    outer loop
      vertex -22.45 -49.65 3
      vertex -40.4936 -66.0796 3
      vertex -35.1843 -69.053 3
    endloop
  endfacet
  facet normal 0 0 1
    outer loop
      vertex -22.45 -49.65 3
      vertex -45.5534 -62.6988 3
      vertex -40.4936 -66.0796 3
    endloop
  endfacet
  facet normal 0 0 1
    outer loop
      vertex -22.45 -49.65 3
      vertex -50.3322 -58.9315 3
      vertex -45.5534 -62.6988 3
    endloop
  endfacet
  facet normal 0 0 1
    outer loop
      vertex -22.45 -49.65 3
      vertex -54.8008 -54.8008 3
      vertex -50.3322 -58.9315 3
    endloop
  endfacet
  facet normal 0 0 1
    outer loop
      vertex -22.45 -49.65 3
      vertex -58.9315 -50.3322 3
      vertex -54.8008 -54.8008 3
    endloop
  endfacet
  facet normal 0 0 1
    outer loop
      vertex -22.45 -26.35 3
      vertex -62.6988 -45.5534 3
      vertex -58.9315 -50.3322 3
    endloop
  endfacet
  facet normal 0 0 1
    outer loop
      vertex -22.45 -26.35 3
      vertex -62.75 -13.75 3
      vertex -66.0796 -40.4936 3
    endloop
  endfacet
  facet normal 0 0 1
    outer loop
      vertex -71.6007 -29.658 3
      vertex -62.75 -13.75 3
      vertex -62.9069 -13.7438 3
    endloop
  endfacet
  facet normal 0 0 1
    outer loop
      vertex -73.7069 -23.9488 3
      vertex -62.9069 -13.7438 3
      vertex -63.0629 -13.7254 3
    endloop
  endfacet
  facet normal 0 0 1
    outer loop
      vertex -73.7069 -23.9488 3
      vertex -63.0629 -13.7254 3
      vertex -63.2169 -13.6947 3
    endloop
  endfacet
  facet normal 0 0 1
    outer loop
      vertex -73.7069 -23.9488 3
      vertex -63.2169 -13.6947 3
      vertex -63.368 -13.6521 3
    endloop
  endfacet
  facet normal 0 0 1
    outer loop
      vertex -73.7069 -23.9488 3
      vertex -63.368 -13.6521 3
      vertex -63.5154 -13.5978 3
    endloop
  endfacet
  facet normal 0 0 1
    outer loop
      vertex -73.7069 -23.9488 3
      vertex -63.5154 -13.5978 3
      vertex -63.658 -13.532 3
    endloop
  endfacet
  facet normal 0 0 1
    outer loop
      vertex -73.7069 -23.9488 3
      vertex -63.658 -13.532 3
      vertex -63.795 -13.4553 3
    endloop
  endfacet
  facet normal 0 0 1
    outer loop
      vertex -73.7069 -23.9488 3
      vertex -63.795 -13.4553 3
      vertex -63.9256 -13.368 3
    endloop
  endfacet
  facet normal 0 0 1
    outer loop
      vertex -75.3587 -18.092 3
      vertex -63.9256 -13.368 3
      vertex -64.0489 -13.2708 3
    endloop
  endfacet
  facet normal 0 0 1
    outer loop
      vertex -75.3587 -18.092 3
      vertex -64.0489 -13.2708 3
      vertex -64.1642 -13.1642 3
    endloop
  endfacet
  facet normal 0 0 1
    outer loop
      vertex -75.3587 -18.092 3
      vertex -64.1642 -13.1642 3
      vertex -64.2708 -13.0489 3
    endloop
  endfacet
  facet normal 0 0 1
    outer loop
      vertex -75.3587 -18.092 3
      vertex -64.2708 -13.0489 3
      vertex -64.368 -12.9256 3
    endloop
  endfacet
  facet normal 0 0 1
    outer loop
      vertex -75.3587 -18.092 3
      vertex -64.368 -12.9256 3
      vertex -64.4553 -12.795 3
    endloop
  endfacet
  facet normal 0 0 1
    outer loop
      vertex -75.3587 -18.092 3
      vertex -64.4553 -12.795 3
      vertex -64.532 -12.658 3
    endloop
  endfacet
  facet normal 0 0 1
    outer loop
      vertex -75.3587 -18.092 3
      vertex -64.532 -12.658 3
      vertex -64.5978 -12.5154 3
    endloop
  endfacet
  facet normal 0 0 1
    outer loop
      vertex -75.3587 -18.092 3
      vertex -64.5978 -12.5154 3
      vertex -64.6521 -12.368 3
    endloop
  endfacet
  facet normal 0 0 1
    outer loop
      vertex -76.5458 -12.1237 3
      vertex -64.6521 -12.368 3
      vertex -64.6947 -12.2169 3
    endloop
  endfacet
  facet normal -0 0 1
    outer loop
      vertex -76.5458 -12.1237 3
      vertex -64.6947 -12.2169 3
      vertex -64.7254 -12.0629 3
    endloop
  endfacet
  facet normal 0 0 1
    outer loop
      vertex -76.5458 -12.1237 3
      vertex -64.7254 -12.0629 3
      vertex -64.7438 -11.9069 3
    endloop
  endfacet
  facet normal 0 0 1
    outer loop
      vertex -22.45 -26.35 3
      vertex -66.0796 -40.4936 3
      vertex -62.6988 -45.5534 3
    endloop
  endfacet
  facet normal 0 0 1
    outer loop
      vertex -76.5458 -12.1237 3
      vertex -64.7438 -11.9069 3
      vertex -64.75 -11.75 3
    endloop
  endfacet
  facet normal 0 0 1
    outer loop
      vertex -64.6521 12.368 3
      vertex -76.5458 12.1237 3
      vertex -64.6947 12.2169 3
    endloop
  endfacet
  facet normal 0 0 1
    outer loop
      vertex -64.6947 12.2169 3
      vertex -76.5458 12.1237 3
      vertex -64.7254 12.0629 3
    endloop
  endfacet
  facet normal 0 0 1
    outer loop
      vertex -62.75 -13.75 3
      vertex -69.053 -35.1843 3
      vertex -66.0796 -40.4936 3
    endloop
  endfacet
  facet normal 0 0 1
    outer loop
      vertex -64.7254 12.0629 3
      vertex -76.5458 12.1237 3
      vertex -64.7438 11.9069 3
    endloop
  endfacet
  facet normal 0 0 1
    outer loop
      vertex -62.75 -13.75 3
      vertex -71.6007 -29.658 3
      vertex -69.053 -35.1843 3
    endloop
  endfacet
  facet normal 0 0 1
    outer loop
      vertex -64.7438 11.9069 3
      vertex -76.5458 12.1237 3
      vertex -64.75 11.75 3
    endloop
  endfacet
  facet normal 0 0 1
    outer loop
      vertex -62.9069 -13.7438 3
      vertex -73.7069 -23.9488 3
      vertex -71.6007 -29.658 3
    endloop
  endfacet
  facet normal 0 0 1
    outer loop
      vertex -77.2611 6.08058 3
      vertex -64.75 11.75 3
      vertex -76.5458 12.1237 3
    endloop
  endfacet
  facet normal 0 0 1
    outer loop
      vertex -63.9256 -13.368 3
      vertex -75.3587 -18.092 3
      vertex -73.7069 -23.9488 3
    endloop
  endfacet
  facet normal 0 0 1
    outer loop
      vertex -77.5 0 3
      vertex -64.75 11.75 3
      vertex -77.2611 6.08058 3
    endloop
  endfacet
  facet normal 0 0 1
    outer loop
      vertex -64.6521 -12.368 3
      vertex -76.5458 -12.1237 3
      vertex -75.3587 -18.092 3
    endloop
  endfacet
  facet normal 0 0 1
    outer loop
      vertex -64.75 11.75 3
      vertex -77.5 0 3
      vertex -64.75 -11.75 3
    endloop
  endfacet
  facet normal 0 0 1
    outer loop
      vertex -64.75 -11.75 3
      vertex -77.2611 -6.08058 3
      vertex -76.5458 -12.1237 3
    endloop
  endfacet
  facet normal 0 0 1
    outer loop
      vertex -64.75 -11.75 3
      vertex -77.5 0 3
      vertex -77.2611 -6.08058 3
    endloop
  endfacet
  facet normal -0 0 1
    outer loop
      vertex -20.45 -51.65 3
      vertex -17 -56 3
      vertex -17 -51.65 3
    endloop
  endfacet
  facet normal 0 0 1
    outer loop
      vertex -20.6069 -51.6438 3
      vertex -17 -56 3
      vertex -20.45 -51.65 3
    endloop
  endfacet
  facet normal 0 0 1
    outer loop
      vertex -20.7629 -51.6254 3
      vertex -17 -56 3
      vertex -20.6069 -51.6438 3
    endloop
  endfacet
  facet normal 0 0 1
    outer loop
      vertex -20.9169 -51.5947 3
      vertex -17 -56 3
      vertex -20.7629 -51.6254 3
    endloop
  endfacet
  facet normal 0 0 1
    outer loop
      vertex -21.068 -51.5521 3
      vertex -17 -56 3
      vertex -20.9169 -51.5947 3
    endloop
  endfacet
  facet normal 0 0 1
    outer loop
      vertex -21.2154 -51.4978 3
      vertex -17 -56 3
      vertex -21.068 -51.5521 3
    endloop
  endfacet
  facet normal 0 0 1
    outer loop
      vertex -21.358 -51.432 3
      vertex -17 -56 3
      vertex -21.2154 -51.4978 3
    endloop
  endfacet
  facet normal 0 0 1
    outer loop
      vertex -21.495 -51.3553 3
      vertex -17 -56 3
      vertex -21.358 -51.432 3
    endloop
  endfacet
  facet normal 0 0 1
    outer loop
      vertex -17 -56 3
      vertex -21.495 -51.3553 3
      vertex -23.9488 -73.7069 3
    endloop
  endfacet
  facet normal 0 0 1
    outer loop
      vertex -23.9488 -73.7069 3
      vertex -21.495 -51.3553 3
      vertex -21.6256 -51.268 3
    endloop
  endfacet
  facet normal 0 0 1
    outer loop
      vertex -23.9488 -73.7069 3
      vertex -21.6256 -51.268 3
      vertex -21.7489 -51.1708 3
    endloop
  endfacet
  facet normal 0 0 1
    outer loop
      vertex -23.9488 -73.7069 3
      vertex -21.7489 -51.1708 3
      vertex -21.8642 -51.0642 3
    endloop
  endfacet
  facet normal 0 0 1
    outer loop
      vertex -23.9488 -73.7069 3
      vertex -21.8642 -51.0642 3
      vertex -21.9708 -50.9489 3
    endloop
  endfacet
  facet normal 0 0 1
    outer loop
      vertex -23.9488 -73.7069 3
      vertex -21.9708 -50.9489 3
      vertex -22.068 -50.8256 3
    endloop
  endfacet
  facet normal 0 0 1
    outer loop
      vertex -23.9488 -73.7069 3
      vertex -22.068 -50.8256 3
      vertex -22.1553 -50.695 3
    endloop
  endfacet
  facet normal 0 0 1
    outer loop
      vertex -23.9488 -73.7069 3
      vertex -22.1553 -50.695 3
      vertex -22.232 -50.558 3
    endloop
  endfacet
  facet normal 0 0 1
    outer loop
      vertex -23.9488 -73.7069 3
      vertex -22.232 -50.558 3
      vertex -22.2978 -50.4154 3
    endloop
  endfacet
  facet normal 0 0 1
    outer loop
      vertex -23.9488 -73.7069 3
      vertex -22.2978 -50.4154 3
      vertex -22.3521 -50.268 3
    endloop
  endfacet
  facet normal 0 0 1
    outer loop
      vertex -23.9488 -73.7069 3
      vertex -22.3521 -50.268 3
      vertex -22.3947 -50.1169 3
    endloop
  endfacet
  facet normal 0 0 1
    outer loop
      vertex -23.9488 -73.7069 3
      vertex -22.3947 -50.1169 3
      vertex -22.4254 -49.9629 3
    endloop
  endfacet
  facet normal 0 0 1
    outer loop
      vertex -17 -56 3
      vertex -23.9488 -73.7069 3
      vertex -18.092 -75.3587 3
    endloop
  endfacet
  facet normal 0 0 1
    outer loop
      vertex -22.4438 -49.8069 3
      vertex -23.9488 -73.7069 3
      vertex -22.4254 -49.9629 3
    endloop
  endfacet
  facet normal 0 0 1
    outer loop
      vertex -22.45 -49.65 3
      vertex -23.9488 -73.7069 3
      vertex -22.4438 -49.8069 3
    endloop
  endfacet
  facet normal -0 0 1
    outer loop
      vertex -26.4846 -13.5978 3
      vertex -21.358 -24.568 3
      vertex -26.342 -13.532 3
    endloop
  endfacet
  facet normal 0 0 1
    outer loop
      vertex -21.2154 -24.5022 3
      vertex -26.342 -13.532 3
      vertex -21.358 -24.568 3
    endloop
  endfacet
  facet normal 0 0 1
    outer loop
      vertex -23.9488 73.7069 3
      vertex -25.2562 11.9069 3
      vertex -25.25 11.75 3
    endloop
  endfacet
  facet normal 0 0 1
    outer loop
      vertex -23.9488 73.7069 3
      vertex -25.2746 12.0629 3
      vertex -25.2562 11.9069 3
    endloop
  endfacet
  facet normal 0 0 1
    outer loop
      vertex -23.9488 73.7069 3
      vertex -25.3053 12.2169 3
      vertex -25.2746 12.0629 3
    endloop
  endfacet
  facet normal 0 0 1
    outer loop
      vertex -23.9488 73.7069 3
      vertex -25.3479 12.368 3
      vertex -25.3053 12.2169 3
    endloop
  endfacet
  facet normal 0 0 1
    outer loop
      vertex -23.9488 73.7069 3
      vertex -25.4022 12.5154 3
      vertex -25.3479 12.368 3
    endloop
  endfacet
  facet normal 0 0 1
    outer loop
      vertex -23.9488 73.7069 3
      vertex -25.468 12.658 3
      vertex -25.4022 12.5154 3
    endloop
  endfacet
  facet normal 0 0 1
    outer loop
      vertex -23.9488 73.7069 3
      vertex -25.5447 12.795 3
      vertex -25.468 12.658 3
    endloop
  endfacet
  facet normal 0 0 1
    outer loop
      vertex -23.9488 73.7069 3
      vertex -25.632 12.9256 3
      vertex -25.5447 12.795 3
    endloop
  endfacet
  facet normal 0 0 1
    outer loop
      vertex -23.9488 73.7069 3
      vertex -25.7292 13.0489 3
      vertex -25.632 12.9256 3
    endloop
  endfacet
  facet normal 0 0 1
    outer loop
      vertex -23.9488 73.7069 3
      vertex -25.8358 13.1642 3
      vertex -25.7292 13.0489 3
    endloop
  endfacet
  facet normal 0 0 1
    outer loop
      vertex -23.9488 73.7069 3
      vertex -25.9511 13.2708 3
      vertex -25.8358 13.1642 3
    endloop
  endfacet
  facet normal 0 0 1
    outer loop
      vertex -23.9488 73.7069 3
      vertex -26.0744 13.368 3
      vertex -25.9511 13.2708 3
    endloop
  endfacet
  facet normal 0 0 1
    outer loop
      vertex -23.9488 73.7069 3
      vertex -26.205 13.4553 3
      vertex -26.0744 13.368 3
    endloop
  endfacet
  facet normal 0 0 1
    outer loop
      vertex -23.9488 73.7069 3
      vertex -26.342 13.532 3
      vertex -26.205 13.4553 3
    endloop
  endfacet
  facet normal 0 0 1
    outer loop
      vertex -23.9488 73.7069 3
      vertex -26.4846 13.5978 3
      vertex -26.342 13.532 3
    endloop
  endfacet
  facet normal 0 0 1
    outer loop
      vertex -23.9488 73.7069 3
      vertex -26.632 13.6521 3
      vertex -26.4846 13.5978 3
    endloop
  endfacet
  facet normal -0 0 1
    outer loop
      vertex -29.658 71.6007 3
      vertex -26.632 13.6521 3
      vertex -23.9488 73.7069 3
    endloop
  endfacet
  facet normal 0 0 1
    outer loop
      vertex -26.632 13.6521 3
      vertex -29.658 71.6007 3
      vertex -26.7831 13.6947 3
    endloop
  endfacet
  facet normal -0 0 1
    outer loop
      vertex -35.1843 69.053 3
      vertex -26.7831 13.6947 3
      vertex -29.658 71.6007 3
    endloop
  endfacet
  facet normal 0 0 1
    outer loop
      vertex -26.7831 13.6947 3
      vertex -35.1843 69.053 3
      vertex -26.9371 13.7254 3
    endloop
  endfacet
  facet normal 0 0 1
    outer loop
      vertex -26.9371 13.7254 3
      vertex -35.1843 69.053 3
      vertex -27.0931 13.7438 3
    endloop
  endfacet
  facet normal -0 0 1
    outer loop
      vertex -40.4936 66.0796 3
      vertex -27.0931 13.7438 3
      vertex -35.1843 69.053 3
    endloop
  endfacet
  facet normal 0 0 1
    outer loop
      vertex -27.0931 13.7438 3
      vertex -40.4936 66.0796 3
      vertex -27.25 13.75 3
    endloop
  endfacet
  facet normal -0 0 1
    outer loop
      vertex -45.5534 62.6988 3
      vertex -27.25 13.75 3
      vertex -40.4936 66.0796 3
    endloop
  endfacet
  facet normal -0 0 1
    outer loop
      vertex -50.3322 58.9315 3
      vertex -27.25 13.75 3
      vertex -45.5534 62.6988 3
    endloop
  endfacet
  facet normal -0 0 1
    outer loop
      vertex -54.8008 54.8008 3
      vertex -27.25 13.75 3
      vertex -50.3322 58.9315 3
    endloop
  endfacet
  facet normal -0 0 1
    outer loop
      vertex -58.9315 50.3322 3
      vertex -27.25 13.75 3
      vertex -54.8008 54.8008 3
    endloop
  endfacet
  facet normal -0 0 1
    outer loop
      vertex -62.6988 45.5534 3
      vertex -27.25 13.75 3
      vertex -58.9315 50.3322 3
    endloop
  endfacet
  facet normal -0 0 1
    outer loop
      vertex -66.0796 40.4936 3
      vertex -27.25 13.75 3
      vertex -62.6988 45.5534 3
    endloop
  endfacet
  facet normal 0 0 1
    outer loop
      vertex -27.25 13.75 3
      vertex -66.0796 40.4936 3
      vertex -62.75 13.75 3
    endloop
  endfacet
  facet normal -0 0 1
    outer loop
      vertex -69.053 35.1843 3
      vertex -62.75 13.75 3
      vertex -66.0796 40.4936 3
    endloop
  endfacet
  facet normal -0 0 1
    outer loop
      vertex -71.6007 29.658 3
      vertex -62.75 13.75 3
      vertex -69.053 35.1843 3
    endloop
  endfacet
  facet normal 0 0 1
    outer loop
      vertex -62.75 13.75 3
      vertex -71.6007 29.658 3
      vertex -62.9069 13.7438 3
    endloop
  endfacet
  facet normal -0 0 1
    outer loop
      vertex -73.7069 23.9488 3
      vertex -62.9069 13.7438 3
      vertex -71.6007 29.658 3
    endloop
  endfacet
  facet normal 0 0 1
    outer loop
      vertex -62.9069 13.7438 3
      vertex -73.7069 23.9488 3
      vertex -63.0629 13.7254 3
    endloop
  endfacet
  facet normal 0 0 1
    outer loop
      vertex -63.0629 13.7254 3
      vertex -73.7069 23.9488 3
      vertex -63.2169 13.6947 3
    endloop
  endfacet
  facet normal 0 0 1
    outer loop
      vertex -63.2169 13.6947 3
      vertex -73.7069 23.9488 3
      vertex -63.368 13.6521 3
    endloop
  endfacet
  facet normal 0 0 1
    outer loop
      vertex -63.368 13.6521 3
      vertex -73.7069 23.9488 3
      vertex -63.5154 13.5978 3
    endloop
  endfacet
  facet normal 0 0 1
    outer loop
      vertex -63.5154 13.5978 3
      vertex -73.7069 23.9488 3
      vertex -63.658 13.532 3
    endloop
  endfacet
  facet normal 0 0 1
    outer loop
      vertex -63.658 13.532 3
      vertex -73.7069 23.9488 3
      vertex -63.795 13.4553 3
    endloop
  endfacet
  facet normal 0 0 1
    outer loop
      vertex -63.795 13.4553 3
      vertex -73.7069 23.9488 3
      vertex -63.9256 13.368 3
    endloop
  endfacet
  facet normal -0 0 1
    outer loop
      vertex -75.3587 18.092 3
      vertex -63.9256 13.368 3
      vertex -73.7069 23.9488 3
    endloop
  endfacet
  facet normal 0 0 1
    outer loop
      vertex -63.9256 13.368 3
      vertex -75.3587 18.092 3
      vertex -64.0489 13.2708 3
    endloop
  endfacet
  facet normal 0 0 1
    outer loop
      vertex -64.0489 13.2708 3
      vertex -75.3587 18.092 3
      vertex -64.1642 13.1642 3
    endloop
  endfacet
  facet normal 0 0 1
    outer loop
      vertex -64.1642 13.1642 3
      vertex -75.3587 18.092 3
      vertex -64.2708 13.0489 3
    endloop
  endfacet
  facet normal 0 0 1
    outer loop
      vertex -64.2708 13.0489 3
      vertex -75.3587 18.092 3
      vertex -64.368 12.9256 3
    endloop
  endfacet
  facet normal 0 0 1
    outer loop
      vertex -64.368 12.9256 3
      vertex -75.3587 18.092 3
      vertex -64.4553 12.795 3
    endloop
  endfacet
  facet normal 0 0 1
    outer loop
      vertex -64.4553 12.795 3
      vertex -75.3587 18.092 3
      vertex -64.532 12.658 3
    endloop
  endfacet
  facet normal 0 0 1
    outer loop
      vertex -76.5458 12.1237 3
      vertex -64.6521 12.368 3
      vertex -75.3587 18.092 3
    endloop
  endfacet
  facet normal 0 0 1
    outer loop
      vertex -64.5978 12.5154 3
      vertex -75.3587 18.092 3
      vertex -64.6521 12.368 3
    endloop
  endfacet
  facet normal 0 0 1
    outer loop
      vertex -64.532 12.658 3
      vertex -75.3587 18.092 3
      vertex -64.5978 12.5154 3
    endloop
  endfacet
  facet normal 0 0 1
    outer loop
      vertex 16.53 -12.18 3
      vertex 10.6074 -15.4765 3
      vertex 10.65 -15.8 3
    endloop
  endfacet
  facet normal 0 0 1
    outer loop
      vertex 16.53 -12.18 3
      vertex 10.4825 -15.175 3
      vertex 10.6074 -15.4765 3
    endloop
  endfacet
  facet normal 0 0 1
    outer loop
      vertex 16.53 -12.18 3
      vertex 10.2839 -14.9161 3
      vertex 10.4825 -15.175 3
    endloop
  endfacet
  facet normal 0 0 1
    outer loop
      vertex 16.53 -12.18 3
      vertex 10.025 -14.7175 3
      vertex 10.2839 -14.9161 3
    endloop
  endfacet
  facet normal 0 0 1
    outer loop
      vertex 16.53 -12.18 3
      vertex 9.72352 -14.5926 3
      vertex 10.025 -14.7175 3
    endloop
  endfacet
  facet normal 0 0 1
    outer loop
      vertex 16.53 -12.18 3
      vertex 9.4 -14.55 3
      vertex 9.72352 -14.5926 3
    endloop
  endfacet
  facet normal 0 0 1
    outer loop
      vertex 16.53 -12.18 3
      vertex 9.07648 -14.5926 3
      vertex 9.4 -14.55 3
    endloop
  endfacet
  facet normal 0 0 1
    outer loop
      vertex 8.19259 -15.4765 3
      vertex -8.15 -15.8 3
      vertex 8.15 -15.8 3
    endloop
  endfacet
  facet normal 0 0 1
    outer loop
      vertex -8.19259 -15.4765 3
      vertex 8.19259 -15.4765 3
      vertex 8.31747 -15.175 3
    endloop
  endfacet
  facet normal 0 0 1
    outer loop
      vertex -8.31747 -15.175 3
      vertex 8.31747 -15.175 3
      vertex 8.51612 -14.9161 3
    endloop
  endfacet
  facet normal 0 0 1
    outer loop
      vertex -8.51612 -14.9161 3
      vertex 8.51612 -14.9161 3
      vertex 8.775 -14.7175 3
    endloop
  endfacet
  facet normal 0 0 1
    outer loop
      vertex -8.775 -14.7175 3
      vertex 8.775 -14.7175 3
      vertex 9.07648 -14.5926 3
    endloop
  endfacet
  facet normal 0 0 1
    outer loop
      vertex -9.07648 -14.5926 3
      vertex 9.07648 -14.5926 3
      vertex 16.53 -12.18 3
    endloop
  endfacet
  facet normal 0 0 1
    outer loop
      vertex 8.19259 -15.4765 3
      vertex -8.19259 -15.4765 3
      vertex -8.15 -15.8 3
    endloop
  endfacet
  facet normal 0 0 1
    outer loop
      vertex 8.31747 -15.175 3
      vertex -8.31747 -15.175 3
      vertex -8.19259 -15.4765 3
    endloop
  endfacet
  facet normal 0 0 1
    outer loop
      vertex 8.51612 -14.9161 3
      vertex -8.51612 -14.9161 3
      vertex -8.31747 -15.175 3
    endloop
  endfacet
  facet normal 0 0 1
    outer loop
      vertex 8.775 -14.7175 3
      vertex -8.775 -14.7175 3
      vertex -8.51612 -14.9161 3
    endloop
  endfacet
  facet normal 0 0 1
    outer loop
      vertex 9.07648 -14.5926 3
      vertex -9.07648 -14.5926 3
      vertex -8.775 -14.7175 3
    endloop
  endfacet
  facet normal -0 0 1
    outer loop
      vertex -16.53 -12.18 3
      vertex -9.07648 -14.5926 3
      vertex 16.53 -12.18 3
    endloop
  endfacet
  facet normal 0 0 1
    outer loop
      vertex -10.6074 -15.4765 3
      vertex -16.53 -12.18 3
      vertex -10.65 -15.8 3
    endloop
  endfacet
  facet normal 0 0 1
    outer loop
      vertex -10.4825 -15.175 3
      vertex -16.53 -12.18 3
      vertex -10.6074 -15.4765 3
    endloop
  endfacet
  facet normal 0 0 1
    outer loop
      vertex -10.2839 -14.9161 3
      vertex -16.53 -12.18 3
      vertex -10.4825 -15.175 3
    endloop
  endfacet
  facet normal 0 0 1
    outer loop
      vertex -10.025 -14.7175 3
      vertex -16.53 -12.18 3
      vertex -10.2839 -14.9161 3
    endloop
  endfacet
  facet normal 0 0 1
    outer loop
      vertex -9.72352 -14.5926 3
      vertex -16.53 -12.18 3
      vertex -10.025 -14.7175 3
    endloop
  endfacet
  facet normal 0 0 1
    outer loop
      vertex -9.4 -14.55 3
      vertex -16.53 -12.18 3
      vertex -9.72352 -14.5926 3
    endloop
  endfacet
  facet normal 0 0 1
    outer loop
      vertex -9.07648 -14.5926 3
      vertex -16.53 -12.18 3
      vertex -9.4 -14.55 3
    endloop
  endfacet
  facet normal 0 0 1
    outer loop
      vertex 31.3358 13.6642 3
      vertex 21.6256 24.732 3
      vertex 31.2292 13.5489 3
    endloop
  endfacet
  facet normal 0 0 1
    outer loop
      vertex 30.75 -12.25 3
      vertex 22.4438 -26.1931 3
      vertex 22.45 -26.35 3
    endloop
  endfacet
  facet normal -0 0 1
    outer loop
      vertex 21.495 24.6447 3
      vertex 31.2292 13.5489 3
      vertex 21.6256 24.732 3
    endloop
  endfacet
  facet normal 0 0 1
    outer loop
      vertex 30.75 -12.25 3
      vertex 22.4254 -26.0371 3
      vertex 22.4438 -26.1931 3
    endloop
  endfacet
  facet normal 0 0 1
    outer loop
      vertex 31.2292 13.5489 3
      vertex 21.495 24.6447 3
      vertex 31.132 13.4256 3
    endloop
  endfacet
  facet normal 0 0 1
    outer loop
      vertex 30.75 -12.25 3
      vertex 22.3947 -25.8831 3
      vertex 22.4254 -26.0371 3
    endloop
  endfacet
  facet normal -0 0 1
    outer loop
      vertex 21.358 24.568 3
      vertex 31.132 13.4256 3
      vertex 21.495 24.6447 3
    endloop
  endfacet
  facet normal 0 0 1
    outer loop
      vertex 30.75 -12.25 3
      vertex 22.3521 -25.732 3
      vertex 22.3947 -25.8831 3
    endloop
  endfacet
  facet normal 0 0 1
    outer loop
      vertex 31.132 13.4256 3
      vertex 21.358 24.568 3
      vertex 31.0447 13.295 3
    endloop
  endfacet
  facet normal 0 0 1
    outer loop
      vertex 30.75 -12.25 3
      vertex 22.2978 -25.5846 3
      vertex 22.3521 -25.732 3
    endloop
  endfacet
  facet normal 0 0 1
    outer loop
      vertex 30.75 12.25 3
      vertex 18.53 10.18 3
      vertex 30.75 -12.25 3
    endloop
  endfacet
  facet normal -0 0 1
    outer loop
      vertex 18.53 -10.18 3
      vertex 30.75 -12.25 3
      vertex 18.53 10.18 3
    endloop
  endfacet
  facet normal -0 0 1
    outer loop
      vertex 21.2154 24.5022 3
      vertex 31.0447 13.295 3
      vertex 21.358 24.568 3
    endloop
  endfacet
  facet normal -0 0 1
    outer loop
      vertex 18.5238 -10.3369 3
      vertex 30.75 -12.25 3
      vertex 18.53 -10.18 3
    endloop
  endfacet
  facet normal 0 0 1
    outer loop
      vertex 31.0447 13.295 3
      vertex 21.2154 24.5022 3
      vertex 30.968 13.158 3
    endloop
  endfacet
  facet normal 0 0 1
    outer loop
      vertex 30.75 -12.25 3
      vertex 22.232 -25.442 3
      vertex 22.2978 -25.5846 3
    endloop
  endfacet
  facet normal 0 0 1
    outer loop
      vertex 18.0508 11.4789 3
      vertex 30.968 13.158 3
      vertex 21.2154 24.5022 3
    endloop
  endfacet
  facet normal 0 0 1
    outer loop
      vertex 30.75 -12.25 3
      vertex 22.1553 -25.305 3
      vertex 22.232 -25.442 3
    endloop
  endfacet
  facet normal 0 0 1
    outer loop
      vertex 30.968 13.158 3
      vertex 18.0508 11.4789 3
      vertex 30.9022 13.0154 3
    endloop
  endfacet
  facet normal -0 0 1
    outer loop
      vertex 18.5054 -10.4929 3
      vertex 30.75 -12.25 3
      vertex 18.5238 -10.3369 3
    endloop
  endfacet
  facet normal 0 -0 1
    outer loop
      vertex 18.148 11.3556 3
      vertex 30.9022 13.0154 3
      vertex 18.0508 11.4789 3
    endloop
  endfacet
  facet normal 0 0 1
    outer loop
      vertex 30.75 -12.25 3
      vertex 22.068 -25.1744 3
      vertex 22.1553 -25.305 3
    endloop
  endfacet
  facet normal 0 0 1
    outer loop
      vertex 30.9022 13.0154 3
      vertex 18.148 11.3556 3
      vertex 30.8479 12.868 3
    endloop
  endfacet
  facet normal -0 0 1
    outer loop
      vertex 18.4747 -10.6469 3
      vertex 30.75 -12.25 3
      vertex 18.5054 -10.4929 3
    endloop
  endfacet
  facet normal 0 -0 1
    outer loop
      vertex 18.2353 11.225 3
      vertex 30.8479 12.868 3
      vertex 18.148 11.3556 3
    endloop
  endfacet
  facet normal 0 0 1
    outer loop
      vertex 30.75 -12.25 3
      vertex 21.9708 -25.0511 3
      vertex 22.068 -25.1744 3
    endloop
  endfacet
  facet normal 0 0 1
    outer loop
      vertex 30.8479 12.868 3
      vertex 18.2353 11.225 3
      vertex 30.8053 12.7169 3
    endloop
  endfacet
  facet normal -0 0 1
    outer loop
      vertex 18.4321 -10.798 3
      vertex 30.75 -12.25 3
      vertex 18.4747 -10.6469 3
    endloop
  endfacet
  facet normal 0 -0 1
    outer loop
      vertex 18.312 11.088 3
      vertex 30.8053 12.7169 3
      vertex 18.2353 11.225 3
    endloop
  endfacet
  facet normal 0 0 1
    outer loop
      vertex 30.75 -12.25 3
      vertex 21.8642 -24.9358 3
      vertex 21.9708 -25.0511 3
    endloop
  endfacet
  facet normal 0 0 1
    outer loop
      vertex 18.0508 11.4789 3
      vertex 21.2154 24.5022 3
      vertex 21.068 24.4479 3
    endloop
  endfacet
  facet normal -0 0 1
    outer loop
      vertex 18.3778 -10.9454 3
      vertex 30.75 -12.25 3
      vertex 18.4321 -10.798 3
    endloop
  endfacet
  facet normal 0 0 1
    outer loop
      vertex 17.9442 11.5942 3
      vertex 21.068 24.4479 3
      vertex 20.9169 24.4053 3
    endloop
  endfacet
  facet normal 0 0 1
    outer loop
      vertex 30.75 -12.25 3
      vertex 21.7489 -24.8292 3
      vertex 21.8642 -24.9358 3
    endloop
  endfacet
  facet normal 0 0 1
    outer loop
      vertex 17.8289 11.7008 3
      vertex 20.9169 24.4053 3
      vertex 20.7629 24.3746 3
    endloop
  endfacet
  facet normal -0 0 1
    outer loop
      vertex 18.312 -11.088 3
      vertex 30.75 -12.25 3
      vertex 18.3778 -10.9454 3
    endloop
  endfacet
  facet normal 0 0 1
    outer loop
      vertex 17.7056 11.798 3
      vertex 20.7629 24.3746 3
      vertex 20.6069 24.3562 3
    endloop
  endfacet
  facet normal 0 0 1
    outer loop
      vertex 30.75 -12.25 3
      vertex 21.6256 -24.732 3
      vertex 21.7489 -24.8292 3
    endloop
  endfacet
  facet normal 0 0 1
    outer loop
      vertex 17.575 11.8853 3
      vertex 20.6069 24.3562 3
      vertex 20.45 24.35 3
    endloop
  endfacet
  facet normal -0 0 1
    outer loop
      vertex 18.2353 -11.225 3
      vertex 30.75 -12.25 3
      vertex 18.312 -11.088 3
    endloop
  endfacet
  facet normal 0 0 1
    outer loop
      vertex 30.75 -12.25 3
      vertex 21.495 -24.6447 3
      vertex 21.6256 -24.732 3
    endloop
  endfacet
  facet normal 0 0 1
    outer loop
      vertex 30.75 12.25 3
      vertex 18.5238 10.3369 3
      vertex 18.53 10.18 3
    endloop
  endfacet
  facet normal 0 0 1
    outer loop
      vertex 30.75 12.25 3
      vertex 18.5054 10.4929 3
      vertex 18.5238 10.3369 3
    endloop
  endfacet
  facet normal 0 0 1
    outer loop
      vertex 30.75 12.25 3
      vertex 18.4747 10.6469 3
      vertex 18.5054 10.4929 3
    endloop
  endfacet
  facet normal 0 0 1
    outer loop
      vertex 30.75 12.25 3
      vertex 18.4321 10.798 3
      vertex 18.4747 10.6469 3
    endloop
  endfacet
  facet normal 0 0 1
    outer loop
      vertex 30.7562 12.4069 3
      vertex 18.4321 10.798 3
      vertex 30.75 12.25 3
    endloop
  endfacet
  facet normal 0 -0 1
    outer loop
      vertex 18.4321 10.798 3
      vertex 30.7562 12.4069 3
      vertex 18.3778 10.9454 3
    endloop
  endfacet
  facet normal 0 0 1
    outer loop
      vertex 30.7746 12.5629 3
      vertex 18.3778 10.9454 3
      vertex 30.7562 12.4069 3
    endloop
  endfacet
  facet normal 0 -0 1
    outer loop
      vertex 18.3778 10.9454 3
      vertex 30.7746 12.5629 3
      vertex 18.312 11.088 3
    endloop
  endfacet
  facet normal 0 0 1
    outer loop
      vertex 30.8053 12.7169 3
      vertex 18.312 11.088 3
      vertex 30.7746 12.5629 3
    endloop
  endfacet
  facet normal 0 0 1
    outer loop
      vertex 21.068 24.4479 3
      vertex 17.9442 11.5942 3
      vertex 18.0508 11.4789 3
    endloop
  endfacet
  facet normal 0 0 1
    outer loop
      vertex 20.9169 24.4053 3
      vertex 17.8289 11.7008 3
      vertex 17.9442 11.5942 3
    endloop
  endfacet
  facet normal 0 0 1
    outer loop
      vertex 20.7629 24.3746 3
      vertex 17.7056 11.798 3
      vertex 17.8289 11.7008 3
    endloop
  endfacet
  facet normal 0 0 1
    outer loop
      vertex 20.6069 24.3562 3
      vertex 17.575 11.8853 3
      vertex 17.7056 11.798 3
    endloop
  endfacet
  facet normal 0 0 1
    outer loop
      vertex 20.45 24.35 3
      vertex 17.438 11.962 3
      vertex 17.575 11.8853 3
    endloop
  endfacet
  facet normal 0 0 1
    outer loop
      vertex 20.45 24.35 3
      vertex 17.2954 12.0278 3
      vertex 17.438 11.962 3
    endloop
  endfacet
  facet normal 0 0 1
    outer loop
      vertex 20.45 24.35 3
      vertex 17.148 12.0821 3
      vertex 17.2954 12.0278 3
    endloop
  endfacet
  facet normal 0 0 1
    outer loop
      vertex 20.45 24.35 3
      vertex 16.9969 12.1247 3
      vertex 17.148 12.0821 3
    endloop
  endfacet
  facet normal 0 0 1
    outer loop
      vertex 20.45 24.35 3
      vertex 16.8429 12.1554 3
      vertex 16.9969 12.1247 3
    endloop
  endfacet
  facet normal 0 0 1
    outer loop
      vertex 20.45 24.35 3
      vertex 16.6869 12.1738 3
      vertex 16.8429 12.1554 3
    endloop
  endfacet
  facet normal 0 0 1
    outer loop
      vertex 20.45 24.35 3
      vertex 16.53 12.18 3
      vertex 16.6869 12.1738 3
    endloop
  endfacet
  facet normal -0 0 1
    outer loop
      vertex 10.6074 16.1235 3
      vertex 16.53 12.18 3
      vertex 20.45 24.35 3
    endloop
  endfacet
  facet normal 0 0 1
    outer loop
      vertex 16.53 12.18 3
      vertex 10.6074 16.1235 3
      vertex 10.65 15.8 3
    endloop
  endfacet
  facet normal 0 0 1
    outer loop
      vertex 20.45 24.35 3
      vertex 10.4825 16.425 3
      vertex 10.6074 16.1235 3
    endloop
  endfacet
  facet normal 0 0 1
    outer loop
      vertex 20.45 24.35 3
      vertex 10.2839 16.6839 3
      vertex 10.4825 16.425 3
    endloop
  endfacet
  facet normal 0 0 1
    outer loop
      vertex 20.45 24.35 3
      vertex 10.025 16.8825 3
      vertex 10.2839 16.6839 3
    endloop
  endfacet
  facet normal 0 0 1
    outer loop
      vertex 20.45 24.35 3
      vertex 9.72352 17.0074 3
      vertex 10.025 16.8825 3
    endloop
  endfacet
  facet normal 0 0 1
    outer loop
      vertex 20.45 24.35 3
      vertex 9.4 17.05 3
      vertex 9.72352 17.0074 3
    endloop
  endfacet
  facet normal 0 0 1
    outer loop
      vertex 20.45 24.35 3
      vertex 9.07648 17.0074 3
      vertex 9.4 17.05 3
    endloop
  endfacet
  facet normal 0 0 1
    outer loop
      vertex -9.07648 17.0074 3
      vertex 9.07648 17.0074 3
      vertex 20.45 24.35 3
    endloop
  endfacet
  facet normal 0 0 1
    outer loop
      vertex 8.19259 16.1235 3
      vertex -8.15 15.8 3
      vertex 8.15 15.8 3
    endloop
  endfacet
  facet normal 0 0 1
    outer loop
      vertex -8.19259 16.1235 3
      vertex 8.19259 16.1235 3
      vertex 8.31747 16.425 3
    endloop
  endfacet
  facet normal 0 0 1
    outer loop
      vertex -8.31747 16.425 3
      vertex 8.31747 16.425 3
      vertex 8.51612 16.6839 3
    endloop
  endfacet
  facet normal 0 0 1
    outer loop
      vertex -8.51612 16.6839 3
      vertex 8.51612 16.6839 3
      vertex 8.775 16.8825 3
    endloop
  endfacet
  facet normal 0 0 1
    outer loop
      vertex 9.07648 17.0074 3
      vertex -9.07648 17.0074 3
      vertex 8.775 16.8825 3
    endloop
  endfacet
  facet normal 0 0 1
    outer loop
      vertex 8.19259 16.1235 3
      vertex -8.19259 16.1235 3
      vertex -8.15 15.8 3
    endloop
  endfacet
  facet normal 0 0 1
    outer loop
      vertex 8.31747 16.425 3
      vertex -8.31747 16.425 3
      vertex -8.19259 16.1235 3
    endloop
  endfacet
  facet normal 0 0 1
    outer loop
      vertex 8.51612 16.6839 3
      vertex -8.51612 16.6839 3
      vertex -8.31747 16.425 3
    endloop
  endfacet
  facet normal 0 0 1
    outer loop
      vertex 8.775 16.8825 3
      vertex -8.775 16.8825 3
      vertex -8.51612 16.6839 3
    endloop
  endfacet
  facet normal 0 0 1
    outer loop
      vertex 8.775 16.8825 3
      vertex -9.07648 17.0074 3
      vertex -8.775 16.8825 3
    endloop
  endfacet
  facet normal -0 0 1
    outer loop
      vertex -20.45 24.35 3
      vertex -9.07648 17.0074 3
      vertex 20.45 24.35 3
    endloop
  endfacet
  facet normal 0 0 1
    outer loop
      vertex -9.07648 17.0074 3
      vertex -20.45 24.35 3
      vertex -9.4 17.05 3
    endloop
  endfacet
  facet normal 0 0 1
    outer loop
      vertex -10.6074 16.1235 3
      vertex -16.53 12.18 3
      vertex -10.65 15.8 3
    endloop
  endfacet
  facet normal 0 0 1
    outer loop
      vertex -10.4825 16.425 3
      vertex -16.53 12.18 3
      vertex -10.6074 16.1235 3
    endloop
  endfacet
  facet normal 0 0 1
    outer loop
      vertex -20.45 24.35 3
      vertex -10.4825 16.425 3
      vertex -10.2839 16.6839 3
    endloop
  endfacet
  facet normal 0 0 1
    outer loop
      vertex -20.45 24.35 3
      vertex -10.2839 16.6839 3
      vertex -10.025 16.8825 3
    endloop
  endfacet
  facet normal 0 0 1
    outer loop
      vertex -10.4825 16.425 3
      vertex -20.45 24.35 3
      vertex -16.53 12.18 3
    endloop
  endfacet
  facet normal 0 0 1
    outer loop
      vertex -16.53 12.18 3
      vertex -20.45 24.35 3
      vertex -16.6869 12.1738 3
    endloop
  endfacet
  facet normal 0 0 1
    outer loop
      vertex -16.6869 12.1738 3
      vertex -20.45 24.35 3
      vertex -16.8429 12.1554 3
    endloop
  endfacet
  facet normal 0 0 1
    outer loop
      vertex -16.8429 12.1554 3
      vertex -20.45 24.35 3
      vertex -16.9969 12.1247 3
    endloop
  endfacet
  facet normal 0 0 1
    outer loop
      vertex -16.9969 12.1247 3
      vertex -20.45 24.35 3
      vertex -17.148 12.0821 3
    endloop
  endfacet
  facet normal 0 0 1
    outer loop
      vertex -17.148 12.0821 3
      vertex -20.45 24.35 3
      vertex -17.2954 12.0278 3
    endloop
  endfacet
  facet normal 0 0 1
    outer loop
      vertex -17.2954 12.0278 3
      vertex -20.45 24.35 3
      vertex -17.438 11.962 3
    endloop
  endfacet
  facet normal 0 0 1
    outer loop
      vertex -18.148 11.3556 3
      vertex -25.25 11.75 3
      vertex -18.2353 11.225 3
    endloop
  endfacet
  facet normal 0 0 1
    outer loop
      vertex -25.25 11.75 3
      vertex -21.358 24.568 3
      vertex -21.495 24.6447 3
    endloop
  endfacet
  facet normal 0 0 1
    outer loop
      vertex -18.0508 11.4789 3
      vertex -25.25 11.75 3
      vertex -18.148 11.3556 3
    endloop
  endfacet
  facet normal 0 0 1
    outer loop
      vertex -25.25 11.75 3
      vertex -21.2154 24.5022 3
      vertex -21.358 24.568 3
    endloop
  endfacet
  facet normal 0 0 1
    outer loop
      vertex -17.9442 11.5942 3
      vertex -25.25 11.75 3
      vertex -18.0508 11.4789 3
    endloop
  endfacet
  facet normal 0 0 1
    outer loop
      vertex -25.25 11.75 3
      vertex -21.068 24.4479 3
      vertex -21.2154 24.5022 3
    endloop
  endfacet
  facet normal 0 0 1
    outer loop
      vertex -17.8289 11.7008 3
      vertex -25.25 11.75 3
      vertex -17.9442 11.5942 3
    endloop
  endfacet
  facet normal 0 0 1
    outer loop
      vertex -25.25 11.75 3
      vertex -20.9169 24.4053 3
      vertex -21.068 24.4479 3
    endloop
  endfacet
  facet normal 0 0 1
    outer loop
      vertex -17.7056 11.798 3
      vertex -25.25 11.75 3
      vertex -17.8289 11.7008 3
    endloop
  endfacet
  facet normal 0 0 1
    outer loop
      vertex -25.25 11.75 3
      vertex -20.7629 24.3746 3
      vertex -20.9169 24.4053 3
    endloop
  endfacet
  facet normal 0 0 1
    outer loop
      vertex -25.25 11.75 3
      vertex -17.7056 11.798 3
      vertex -20.7629 24.3746 3
    endloop
  endfacet
  facet normal 0 0 1
    outer loop
      vertex -20.7629 24.3746 3
      vertex -17.7056 11.798 3
      vertex -20.6069 24.3562 3
    endloop
  endfacet
  facet normal 0 0 1
    outer loop
      vertex -17.575 11.8853 3
      vertex -20.6069 24.3562 3
      vertex -17.7056 11.798 3
    endloop
  endfacet
  facet normal 0 0 1
    outer loop
      vertex -20.6069 24.3562 3
      vertex -17.575 11.8853 3
      vertex -20.45 24.35 3
    endloop
  endfacet
  facet normal 0 0 1
    outer loop
      vertex -17.438 11.962 3
      vertex -20.45 24.35 3
      vertex -17.575 11.8853 3
    endloop
  endfacet
  facet normal 0 0 1
    outer loop
      vertex -9.72352 17.0074 3
      vertex -20.45 24.35 3
      vertex -10.025 16.8825 3
    endloop
  endfacet
  facet normal 0 0 1
    outer loop
      vertex -9.4 17.05 3
      vertex -20.45 24.35 3
      vertex -9.72352 17.0074 3
    endloop
  endfacet
  facet normal 0 0 1
    outer loop
      vertex 30.75 -12.25 3
      vertex 22.45 -26.35 3
      vertex 30.7562 -12.4069 3
    endloop
  endfacet
  facet normal 0 0 1
    outer loop
      vertex 22.45 -49.65 3
      vertex 30.7562 -12.4069 3
      vertex 22.45 -26.35 3
    endloop
  endfacet
  facet normal 0 0 1
    outer loop
      vertex 30.7562 -12.4069 3
      vertex 22.45 -49.65 3
      vertex 23.9488 -73.7069 3
    endloop
  endfacet
  facet normal -0 0 1
    outer loop
      vertex 22.4438 -49.8069 3
      vertex 23.9488 -73.7069 3
      vertex 22.45 -49.65 3
    endloop
  endfacet
  facet normal -0 0 1
    outer loop
      vertex 22.4254 -49.9629 3
      vertex 23.9488 -73.7069 3
      vertex 22.4438 -49.8069 3
    endloop
  endfacet
  facet normal -0 0 1
    outer loop
      vertex 22.3947 -50.1169 3
      vertex 23.9488 -73.7069 3
      vertex 22.4254 -49.9629 3
    endloop
  endfacet
  facet normal -0 0 1
    outer loop
      vertex 22.3521 -50.268 3
      vertex 23.9488 -73.7069 3
      vertex 22.3947 -50.1169 3
    endloop
  endfacet
  facet normal -0 0 1
    outer loop
      vertex 22.2978 -50.4154 3
      vertex 23.9488 -73.7069 3
      vertex 22.3521 -50.268 3
    endloop
  endfacet
  facet normal -0 0 1
    outer loop
      vertex 22.232 -50.558 3
      vertex 23.9488 -73.7069 3
      vertex 22.2978 -50.4154 3
    endloop
  endfacet
  facet normal -0 0 1
    outer loop
      vertex 22.1553 -50.695 3
      vertex 23.9488 -73.7069 3
      vertex 22.232 -50.558 3
    endloop
  endfacet
  facet normal -0 0 1
    outer loop
      vertex 22.068 -50.8256 3
      vertex 23.9488 -73.7069 3
      vertex 22.1553 -50.695 3
    endloop
  endfacet
  facet normal -0 0 1
    outer loop
      vertex 21.9708 -50.9489 3
      vertex 23.9488 -73.7069 3
      vertex 22.068 -50.8256 3
    endloop
  endfacet
  facet normal -0 0 1
    outer loop
      vertex 21.8642 -51.0642 3
      vertex 23.9488 -73.7069 3
      vertex 21.9708 -50.9489 3
    endloop
  endfacet
  facet normal -0 0 1
    outer loop
      vertex 21.7489 -51.1708 3
      vertex 23.9488 -73.7069 3
      vertex 21.8642 -51.0642 3
    endloop
  endfacet
  facet normal -0 0 1
    outer loop
      vertex 21.6256 -51.268 3
      vertex 23.9488 -73.7069 3
      vertex 21.7489 -51.1708 3
    endloop
  endfacet
  facet normal -0 0 1
    outer loop
      vertex 21.495 -51.3553 3
      vertex 23.9488 -73.7069 3
      vertex 21.6256 -51.268 3
    endloop
  endfacet
  facet normal 0 0 1
    outer loop
      vertex 16.8532 -56.927 3
      vertex 21.495 -51.3553 3
      vertex 21.358 -51.432 3
    endloop
  endfacet
  facet normal 0 0 1
    outer loop
      vertex 16.9171 -56.7003 3
      vertex 21.358 -51.432 3
      vertex 21.2154 -51.4978 3
    endloop
  endfacet
  facet normal 0 0 1
    outer loop
      vertex 16.9631 -56.4693 3
      vertex 21.2154 -51.4978 3
      vertex 21.068 -51.5521 3
    endloop
  endfacet
  facet normal 0 0 1
    outer loop
      vertex 16.9908 -56.2354 3
      vertex 21.068 -51.5521 3
      vertex 20.9169 -51.5947 3
    endloop
  endfacet
  facet normal 0 0 1
    outer loop
      vertex 16.9908 -56.2354 3
      vertex 20.9169 -51.5947 3
      vertex 20.7629 -51.6254 3
    endloop
  endfacet
  facet normal 0 0 1
    outer loop
      vertex 17 -56 3
      vertex 20.7629 -51.6254 3
      vertex 20.6069 -51.6438 3
    endloop
  endfacet
  facet normal 0 0 1
    outer loop
      vertex 17 -56 3
      vertex 20.6069 -51.6438 3
      vertex 20.45 -51.65 3
    endloop
  endfacet
  facet normal 0 0 1
    outer loop
      vertex 21.495 -51.3553 3
      vertex 16.7716 -57.1481 3
      vertex 23.9488 -73.7069 3
    endloop
  endfacet
  facet normal 0 0 1
    outer loop
      vertex 17 -56 3
      vertex 20.45 -51.65 3
      vertex 17 -51.65 3
    endloop
  endfacet
  facet normal 0 0 1
    outer loop
      vertex 20.7629 -51.6254 3
      vertex 17 -56 3
      vertex 16.9908 -56.2354 3
    endloop
  endfacet
  facet normal 0 0 1
    outer loop
      vertex 21.068 -51.5521 3
      vertex 16.9908 -56.2354 3
      vertex 16.9631 -56.4693 3
    endloop
  endfacet
  facet normal 0 0 1
    outer loop
      vertex 21.2154 -51.4978 3
      vertex 16.9631 -56.4693 3
      vertex 16.9171 -56.7003 3
    endloop
  endfacet
  facet normal 0 0 1
    outer loop
      vertex 21.358 -51.432 3
      vertex 16.9171 -56.7003 3
      vertex 16.8532 -56.927 3
    endloop
  endfacet
  facet normal 0 0 1
    outer loop
      vertex 21.495 -51.3553 3
      vertex 16.8532 -56.927 3
      vertex 16.7716 -57.1481 3
    endloop
  endfacet
  facet normal -0 0 1
    outer loop
      vertex 16.673 -57.362 3
      vertex 23.9488 -73.7069 3
      vertex 16.7716 -57.1481 3
    endloop
  endfacet
  facet normal -0 0 1
    outer loop
      vertex 16.5579 -57.5675 3
      vertex 23.9488 -73.7069 3
      vertex 16.673 -57.362 3
    endloop
  endfacet
  facet normal -0 0 1
    outer loop
      vertex 16.427 -57.7634 3
      vertex 23.9488 -73.7069 3
      vertex 16.5579 -57.5675 3
    endloop
  endfacet
  facet normal -0 0 1
    outer loop
      vertex 16.2812 -57.9483 3
      vertex 23.9488 -73.7069 3
      vertex 16.427 -57.7634 3
    endloop
  endfacet
  facet normal -0 0 1
    outer loop
      vertex 16.1213 -58.1213 3
      vertex 23.9488 -73.7069 3
      vertex 16.2812 -57.9483 3
    endloop
  endfacet
  facet normal -0 0 1
    outer loop
      vertex 15.9483 -58.2812 3
      vertex 23.9488 -73.7069 3
      vertex 16.1213 -58.1213 3
    endloop
  endfacet
  facet normal -0 0 1
    outer loop
      vertex 15.7634 -58.427 3
      vertex 23.9488 -73.7069 3
      vertex 15.9483 -58.2812 3
    endloop
  endfacet
  facet normal -0 0 1
    outer loop
      vertex 15.5675 -58.5579 3
      vertex 23.9488 -73.7069 3
      vertex 15.7634 -58.427 3
    endloop
  endfacet
  facet normal -0 0 1
    outer loop
      vertex 15.362 -58.673 3
      vertex 23.9488 -73.7069 3
      vertex 15.5675 -58.5579 3
    endloop
  endfacet
  facet normal -0 0 1
    outer loop
      vertex 15.1481 -58.7716 3
      vertex 23.9488 -73.7069 3
      vertex 15.362 -58.673 3
    endloop
  endfacet
  facet normal 0 0 1
    outer loop
      vertex 23.9488 -73.7069 3
      vertex 15.1481 -58.7716 3
      vertex 18.092 -75.3587 3
    endloop
  endfacet
  facet normal -0 0 1
    outer loop
      vertex 14.927 -58.8532 3
      vertex 18.092 -75.3587 3
      vertex 15.1481 -58.7716 3
    endloop
  endfacet
  facet normal -0 0 1
    outer loop
      vertex 14.7003 -58.9171 3
      vertex 18.092 -75.3587 3
      vertex 14.927 -58.8532 3
    endloop
  endfacet
  facet normal -0 0 1
    outer loop
      vertex 14.4693 -58.9631 3
      vertex 18.092 -75.3587 3
      vertex 14.7003 -58.9171 3
    endloop
  endfacet
  facet normal -0 0 1
    outer loop
      vertex 14.2354 -58.9908 3
      vertex 18.092 -75.3587 3
      vertex 14.4693 -58.9631 3
    endloop
  endfacet
  facet normal -0 0 1
    outer loop
      vertex 14 -59 3
      vertex 18.092 -75.3587 3
      vertex 14.2354 -58.9908 3
    endloop
  endfacet
  facet normal 0 0 1
    outer loop
      vertex 14 -59 3
      vertex 12.1237 -76.5458 3
      vertex 18.092 -75.3587 3
    endloop
  endfacet
  facet normal 0 0 1
    outer loop
      vertex 14 -59 3
      vertex 6.08058 -77.2611 3
      vertex 12.1237 -76.5458 3
    endloop
  endfacet
  facet normal 0 0 1
    outer loop
      vertex 14 -59 3
      vertex 0 -77.5 3
      vertex 6.08058 -77.2611 3
    endloop
  endfacet
  facet normal -0 0 1
    outer loop
      vertex -14 -59 3
      vertex 0 -77.5 3
      vertex 14 -59 3
    endloop
  endfacet
  facet normal 0 0 1
    outer loop
      vertex 0 -77.5 3
      vertex -14 -59 3
      vertex -6.08058 -77.2611 3
    endloop
  endfacet
  facet normal 0 0 1
    outer loop
      vertex -6.08058 -77.2611 3
      vertex -14 -59 3
      vertex -12.1237 -76.5458 3
    endloop
  endfacet
  facet normal 0 0 1
    outer loop
      vertex -18.092 -75.3587 3
      vertex -14 -59 3
      vertex -14.2354 -58.9908 3
    endloop
  endfacet
  facet normal 0 0 1
    outer loop
      vertex -18.092 -75.3587 3
      vertex -14.2354 -58.9908 3
      vertex -14.4693 -58.9631 3
    endloop
  endfacet
  facet normal 0 0 1
    outer loop
      vertex -18.092 -75.3587 3
      vertex -14.4693 -58.9631 3
      vertex -14.7003 -58.9171 3
    endloop
  endfacet
  facet normal 0 0 1
    outer loop
      vertex -18.092 -75.3587 3
      vertex -14.7003 -58.9171 3
      vertex -14.927 -58.8532 3
    endloop
  endfacet
  facet normal 0 0 1
    outer loop
      vertex -18.092 -75.3587 3
      vertex -14.927 -58.8532 3
      vertex -15.1481 -58.7716 3
    endloop
  endfacet
  facet normal 0 0 1
    outer loop
      vertex -18.092 -75.3587 3
      vertex -15.1481 -58.7716 3
      vertex -15.362 -58.673 3
    endloop
  endfacet
  facet normal 0 0 1
    outer loop
      vertex -18.092 -75.3587 3
      vertex -15.362 -58.673 3
      vertex -15.5675 -58.5579 3
    endloop
  endfacet
  facet normal 0 0 1
    outer loop
      vertex -18.092 -75.3587 3
      vertex -15.5675 -58.5579 3
      vertex -15.7634 -58.427 3
    endloop
  endfacet
  facet normal 0 0 1
    outer loop
      vertex -18.092 -75.3587 3
      vertex -15.7634 -58.427 3
      vertex -15.9483 -58.2812 3
    endloop
  endfacet
  facet normal 0 0 1
    outer loop
      vertex -18.092 -75.3587 3
      vertex -15.9483 -58.2812 3
      vertex -16.1213 -58.1213 3
    endloop
  endfacet
  facet normal 0 0 1
    outer loop
      vertex -18.092 -75.3587 3
      vertex -16.1213 -58.1213 3
      vertex -16.2812 -57.9483 3
    endloop
  endfacet
  facet normal 0 0 1
    outer loop
      vertex -18.092 -75.3587 3
      vertex -16.2812 -57.9483 3
      vertex -16.427 -57.7634 3
    endloop
  endfacet
  facet normal 0 0 1
    outer loop
      vertex -18.092 -75.3587 3
      vertex -16.427 -57.7634 3
      vertex -16.5579 -57.5675 3
    endloop
  endfacet
  facet normal 0 0 1
    outer loop
      vertex -18.092 -75.3587 3
      vertex -16.5579 -57.5675 3
      vertex -16.673 -57.362 3
    endloop
  endfacet
  facet normal 0 0 1
    outer loop
      vertex -18.092 -75.3587 3
      vertex -16.673 -57.362 3
      vertex -16.7716 -57.1481 3
    endloop
  endfacet
  facet normal 0 0 1
    outer loop
      vertex -18.092 -75.3587 3
      vertex -16.7716 -57.1481 3
      vertex -16.8532 -56.927 3
    endloop
  endfacet
  facet normal 0 0 1
    outer loop
      vertex -18.092 -75.3587 3
      vertex -16.8532 -56.927 3
      vertex -16.9171 -56.7003 3
    endloop
  endfacet
  facet normal 0 0 1
    outer loop
      vertex -14 -59 3
      vertex -18.092 -75.3587 3
      vertex -12.1237 -76.5458 3
    endloop
  endfacet
  facet normal 0 0 1
    outer loop
      vertex -16.9631 -56.4693 3
      vertex -18.092 -75.3587 3
      vertex -16.9171 -56.7003 3
    endloop
  endfacet
  facet normal 0 0 1
    outer loop
      vertex -16.9908 -56.2354 3
      vertex -18.092 -75.3587 3
      vertex -16.9631 -56.4693 3
    endloop
  endfacet
  facet normal 0 0 1
    outer loop
      vertex -18.092 -75.3587 3
      vertex -16.9908 -56.2354 3
      vertex -17 -56 3
    endloop
  endfacet
  facet normal -0 0 1
    outer loop
      vertex 18.148 -11.3556 3
      vertex 30.75 -12.25 3
      vertex 18.2353 -11.225 3
    endloop
  endfacet
  facet normal 0 0 1
    outer loop
      vertex 30.75 -12.25 3
      vertex 21.358 -24.568 3
      vertex 21.495 -24.6447 3
    endloop
  endfacet
  facet normal -0 0 1
    outer loop
      vertex 18.0508 -11.4789 3
      vertex 30.75 -12.25 3
      vertex 18.148 -11.3556 3
    endloop
  endfacet
  facet normal 0 0 1
    outer loop
      vertex 30.75 -12.25 3
      vertex 21.2154 -24.5022 3
      vertex 21.358 -24.568 3
    endloop
  endfacet
  facet normal 0 0 1
    outer loop
      vertex 30.75 -12.25 3
      vertex 18.0508 -11.4789 3
      vertex 21.2154 -24.5022 3
    endloop
  endfacet
  facet normal 0 0 1
    outer loop
      vertex 21.2154 -24.5022 3
      vertex 18.0508 -11.4789 3
      vertex 21.068 -24.4479 3
    endloop
  endfacet
  facet normal -0 0 1
    outer loop
      vertex 17.9442 -11.5942 3
      vertex 21.068 -24.4479 3
      vertex 18.0508 -11.4789 3
    endloop
  endfacet
  facet normal 0 0 1
    outer loop
      vertex 21.068 -24.4479 3
      vertex 17.9442 -11.5942 3
      vertex 20.9169 -24.4053 3
    endloop
  endfacet
  facet normal -0 0 1
    outer loop
      vertex 17.8289 -11.7008 3
      vertex 20.9169 -24.4053 3
      vertex 17.9442 -11.5942 3
    endloop
  endfacet
  facet normal 0 0 1
    outer loop
      vertex 20.9169 -24.4053 3
      vertex 17.8289 -11.7008 3
      vertex 20.7629 -24.3746 3
    endloop
  endfacet
  facet normal -0 0 1
    outer loop
      vertex 17.7056 -11.798 3
      vertex 20.7629 -24.3746 3
      vertex 17.8289 -11.7008 3
    endloop
  endfacet
  facet normal 0 0 1
    outer loop
      vertex 20.7629 -24.3746 3
      vertex 17.7056 -11.798 3
      vertex 20.6069 -24.3562 3
    endloop
  endfacet
  facet normal -0 0 1
    outer loop
      vertex 17.575 -11.8853 3
      vertex 20.6069 -24.3562 3
      vertex 17.7056 -11.798 3
    endloop
  endfacet
  facet normal 0 0 1
    outer loop
      vertex 20.6069 -24.3562 3
      vertex 17.575 -11.8853 3
      vertex 20.45 -24.35 3
    endloop
  endfacet
  facet normal -0 0 1
    outer loop
      vertex 17.438 -11.962 3
      vertex 20.45 -24.35 3
      vertex 17.575 -11.8853 3
    endloop
  endfacet
  facet normal -0 0 1
    outer loop
      vertex 17.2954 -12.0278 3
      vertex 20.45 -24.35 3
      vertex 17.438 -11.962 3
    endloop
  endfacet
  facet normal -0 0 1
    outer loop
      vertex 17.148 -12.0821 3
      vertex 20.45 -24.35 3
      vertex 17.2954 -12.0278 3
    endloop
  endfacet
  facet normal -0 0 1
    outer loop
      vertex 16.9969 -12.1247 3
      vertex 20.45 -24.35 3
      vertex 17.148 -12.0821 3
    endloop
  endfacet
  facet normal -0 0 1
    outer loop
      vertex 16.8429 -12.1554 3
      vertex 20.45 -24.35 3
      vertex 16.9969 -12.1247 3
    endloop
  endfacet
  facet normal -0 0 1
    outer loop
      vertex 16.6869 -12.1738 3
      vertex 20.45 -24.35 3
      vertex 16.8429 -12.1554 3
    endloop
  endfacet
  facet normal -0 0 1
    outer loop
      vertex 16.53 -12.18 3
      vertex 20.45 -24.35 3
      vertex 16.6869 -12.1738 3
    endloop
  endfacet
  facet normal 0 0 1
    outer loop
      vertex 10.6074 -16.1235 3
      vertex 16.53 -12.18 3
      vertex 10.65 -15.8 3
    endloop
  endfacet
  facet normal 0 0 1
    outer loop
      vertex 16.53 -12.18 3
      vertex 10.6074 -16.1235 3
      vertex 20.45 -24.35 3
    endloop
  endfacet
  facet normal -0 0 1
    outer loop
      vertex 10.4825 -16.425 3
      vertex 20.45 -24.35 3
      vertex 10.6074 -16.1235 3
    endloop
  endfacet
  facet normal -0 0 1
    outer loop
      vertex 10.2839 -16.6839 3
      vertex 20.45 -24.35 3
      vertex 10.4825 -16.425 3
    endloop
  endfacet
  facet normal -0 0 1
    outer loop
      vertex 10.025 -16.8825 3
      vertex 20.45 -24.35 3
      vertex 10.2839 -16.6839 3
    endloop
  endfacet
  facet normal -0 0 1
    outer loop
      vertex 9.72352 -17.0074 3
      vertex 20.45 -24.35 3
      vertex 10.025 -16.8825 3
    endloop
  endfacet
  facet normal -0 0 1
    outer loop
      vertex 9.4 -17.05 3
      vertex 20.45 -24.35 3
      vertex 9.72352 -17.0074 3
    endloop
  endfacet
  facet normal 0 0 1
    outer loop
      vertex 9.07648 -17.0074 3
      vertex 20.45 -24.35 3
      vertex 9.4 -17.05 3
    endloop
  endfacet
  facet normal 0 0 1
    outer loop
      vertex -9.07648 -17.0074 3
      vertex 9.07648 -17.0074 3
      vertex 8.775 -16.8825 3
    endloop
  endfacet
  facet normal -0 0 1
    outer loop
      vertex -8.15 -15.8 3
      vertex 8.19259 -16.1235 3
      vertex 8.15 -15.8 3
    endloop
  endfacet
  facet normal 0 0 1
    outer loop
      vertex -8.19259 -16.1235 3
      vertex 8.19259 -16.1235 3
      vertex -8.15 -15.8 3
    endloop
  endfacet
  facet normal 0 0 1
    outer loop
      vertex 8.19259 -16.1235 3
      vertex -8.19259 -16.1235 3
      vertex 8.31747 -16.425 3
    endloop
  endfacet
  facet normal 0 0 1
    outer loop
      vertex -8.31747 -16.425 3
      vertex 8.31747 -16.425 3
      vertex -8.19259 -16.1235 3
    endloop
  endfacet
  facet normal 0 0 1
    outer loop
      vertex 8.31747 -16.425 3
      vertex -8.31747 -16.425 3
      vertex 8.51612 -16.6839 3
    endloop
  endfacet
  facet normal 0 0 1
    outer loop
      vertex -8.51612 -16.6839 3
      vertex 8.51612 -16.6839 3
      vertex -8.31747 -16.425 3
    endloop
  endfacet
  facet normal 0 0 1
    outer loop
      vertex 8.51612 -16.6839 3
      vertex -8.51612 -16.6839 3
      vertex 8.775 -16.8825 3
    endloop
  endfacet
  facet normal 0 0 1
    outer loop
      vertex -8.775 -16.8825 3
      vertex 8.775 -16.8825 3
      vertex -8.51612 -16.6839 3
    endloop
  endfacet
  facet normal 0 0 1
    outer loop
      vertex -9.07648 -17.0074 3
      vertex 8.775 -16.8825 3
      vertex -8.775 -16.8825 3
    endloop
  endfacet
  facet normal 0 0 1
    outer loop
      vertex 9.07648 -17.0074 3
      vertex -9.07648 -17.0074 3
      vertex 20.45 -24.35 3
    endloop
  endfacet
  facet normal 0 0 1
    outer loop
      vertex -20.45 -24.35 3
      vertex -9.07648 -17.0074 3
      vertex -9.4 -17.05 3
    endloop
  endfacet
  facet normal 0 0 1
    outer loop
      vertex -20.45 -24.35 3
      vertex -9.4 -17.05 3
      vertex -9.72352 -17.0074 3
    endloop
  endfacet
  facet normal 0 0 1
    outer loop
      vertex -16.53 -12.18 3
      vertex -10.6074 -16.1235 3
      vertex -10.65 -15.8 3
    endloop
  endfacet
  facet normal 0 0 1
    outer loop
      vertex -16.53 -12.18 3
      vertex -10.4825 -16.425 3
      vertex -10.6074 -16.1235 3
    endloop
  endfacet
  facet normal 0 0 1
    outer loop
      vertex -20.45 -24.35 3
      vertex -10.4825 -16.425 3
      vertex -16.53 -12.18 3
    endloop
  endfacet
  facet normal 0 0 1
    outer loop
      vertex -10.4825 -16.425 3
      vertex -20.45 -24.35 3
      vertex -10.2839 -16.6839 3
    endloop
  endfacet
  facet normal 0 0 1
    outer loop
      vertex -20.45 -24.35 3
      vertex -16.53 -12.18 3
      vertex -16.6869 -12.1738 3
    endloop
  endfacet
  facet normal 0 0 1
    outer loop
      vertex -20.45 -24.35 3
      vertex -16.6869 -12.1738 3
      vertex -16.8429 -12.1554 3
    endloop
  endfacet
  facet normal 0 0 1
    outer loop
      vertex -20.45 -24.35 3
      vertex -16.8429 -12.1554 3
      vertex -16.9969 -12.1247 3
    endloop
  endfacet
  facet normal 0 0 1
    outer loop
      vertex -20.45 -24.35 3
      vertex -16.9969 -12.1247 3
      vertex -17.148 -12.0821 3
    endloop
  endfacet
  facet normal 0 0 1
    outer loop
      vertex -20.45 -24.35 3
      vertex -17.148 -12.0821 3
      vertex -17.2954 -12.0278 3
    endloop
  endfacet
  facet normal 0 0 1
    outer loop
      vertex -20.45 -24.35 3
      vertex -17.2954 -12.0278 3
      vertex -17.438 -11.962 3
    endloop
  endfacet
  facet normal 0 0 1
    outer loop
      vertex -20.45 -24.35 3
      vertex -17.438 -11.962 3
      vertex -17.575 -11.8853 3
    endloop
  endfacet
  facet normal 0 0 1
    outer loop
      vertex -25.25 11.75 3
      vertex -21.495 24.6447 3
      vertex -21.6256 24.732 3
    endloop
  endfacet
  facet normal 0 0 1
    outer loop
      vertex -9.07648 -17.0074 3
      vertex -20.45 -24.35 3
      vertex 20.45 -24.35 3
    endloop
  endfacet
  facet normal 0 0 1
    outer loop
      vertex -10.025 -16.8825 3
      vertex -20.45 -24.35 3
      vertex -9.72352 -17.0074 3
    endloop
  endfacet
  facet normal 0 0 1
    outer loop
      vertex -10.2839 -16.6839 3
      vertex -20.45 -24.35 3
      vertex -10.025 -16.8825 3
    endloop
  endfacet
  facet normal 0 0 1
    outer loop
      vertex -25.468 -12.658 3
      vertex -18.0508 -11.4789 3
      vertex -25.4022 -12.5154 3
    endloop
  endfacet
  facet normal 0 0 1
    outer loop
      vertex -18.2353 -11.225 3
      vertex -25.3479 -12.368 3
      vertex -18.148 -11.3556 3
    endloop
  endfacet
  facet normal 0 0 1
    outer loop
      vertex -25.3479 -12.368 3
      vertex -18.2353 -11.225 3
      vertex -25.3053 -12.2169 3
    endloop
  endfacet
  facet normal 0 0 1
    outer loop
      vertex -18.312 -11.088 3
      vertex -25.3053 -12.2169 3
      vertex -18.2353 -11.225 3
    endloop
  endfacet
  facet normal 0 0 1
    outer loop
      vertex -25.3053 -12.2169 3
      vertex -18.312 -11.088 3
      vertex -25.2746 -12.0629 3
    endloop
  endfacet
  facet normal 0 0 1
    outer loop
      vertex -18.3778 -10.9454 3
      vertex -25.2746 -12.0629 3
      vertex -18.312 -11.088 3
    endloop
  endfacet
  facet normal 0 0 1
    outer loop
      vertex -25.2746 -12.0629 3
      vertex -18.3778 -10.9454 3
      vertex -25.2562 -11.9069 3
    endloop
  endfacet
  facet normal 0 0 1
    outer loop
      vertex -18.4321 -10.798 3
      vertex -25.2562 -11.9069 3
      vertex -18.3778 -10.9454 3
    endloop
  endfacet
  facet normal 0 0 1
    outer loop
      vertex -25.2562 -11.9069 3
      vertex -18.4321 -10.798 3
      vertex -25.25 -11.75 3
    endloop
  endfacet
  facet normal 0 0 1
    outer loop
      vertex -25.25 -11.75 3
      vertex -18.4321 -10.798 3
      vertex -18.4747 -10.6469 3
    endloop
  endfacet
  facet normal 0 0 1
    outer loop
      vertex -25.25 -11.75 3
      vertex -18.4747 -10.6469 3
      vertex -18.5054 -10.4929 3
    endloop
  endfacet
  facet normal 0 0 1
    outer loop
      vertex -25.25 -11.75 3
      vertex -18.5054 -10.4929 3
      vertex -18.5238 -10.3369 3
    endloop
  endfacet
  facet normal 0 0 1
    outer loop
      vertex -18.2353 11.225 3
      vertex -25.25 11.75 3
      vertex -18.312 11.088 3
    endloop
  endfacet
  facet normal 0 0 1
    outer loop
      vertex -25.25 11.75 3
      vertex -21.6256 24.732 3
      vertex -21.7489 24.8292 3
    endloop
  endfacet
  facet normal 0 0 1
    outer loop
      vertex -17.575 -11.8853 3
      vertex -20.6069 -24.3562 3
      vertex -20.45 -24.35 3
    endloop
  endfacet
  facet normal 0 0 1
    outer loop
      vertex -18.312 11.088 3
      vertex -25.25 11.75 3
      vertex -18.3778 10.9454 3
    endloop
  endfacet
  facet normal 0 0 1
    outer loop
      vertex -18.148 -11.3556 3
      vertex -25.4022 -12.5154 3
      vertex -18.0508 -11.4789 3
    endloop
  endfacet
  facet normal 0 0 1
    outer loop
      vertex -25.25 11.75 3
      vertex -21.7489 24.8292 3
      vertex -21.8642 24.9358 3
    endloop
  endfacet
  facet normal 0 0 1
    outer loop
      vertex -25.4022 -12.5154 3
      vertex -18.148 -11.3556 3
      vertex -25.3479 -12.368 3
    endloop
  endfacet
  facet normal 0 0 1
    outer loop
      vertex -18.3778 10.9454 3
      vertex -25.25 11.75 3
      vertex -18.4321 10.798 3
    endloop
  endfacet
  facet normal 0 0 1
    outer loop
      vertex -18.0508 -11.4789 3
      vertex -25.468 -12.658 3
      vertex -17.9442 -11.5942 3
    endloop
  endfacet
  facet normal 0 0 1
    outer loop
      vertex -25.25 11.75 3
      vertex -21.8642 24.9358 3
      vertex -21.9708 25.0511 3
    endloop
  endfacet
  facet normal 0 0 1
    outer loop
      vertex -25.5447 -12.795 3
      vertex -17.9442 -11.5942 3
      vertex -25.468 -12.658 3
    endloop
  endfacet
  facet normal 0 0 1
    outer loop
      vertex -18.4321 10.798 3
      vertex -25.25 11.75 3
      vertex -18.4747 10.6469 3
    endloop
  endfacet
  facet normal 0 0 1
    outer loop
      vertex -17.9442 -11.5942 3
      vertex -25.5447 -12.795 3
      vertex -17.8289 -11.7008 3
    endloop
  endfacet
  facet normal 0 0 1
    outer loop
      vertex -25.25 11.75 3
      vertex -21.9708 25.0511 3
      vertex -22.068 25.1744 3
    endloop
  endfacet
  facet normal 0 0 1
    outer loop
      vertex -25.632 -12.9256 3
      vertex -17.8289 -11.7008 3
      vertex -25.5447 -12.795 3
    endloop
  endfacet
  facet normal 0 0 1
    outer loop
      vertex -18.4747 10.6469 3
      vertex -25.25 11.75 3
      vertex -18.5054 10.4929 3
    endloop
  endfacet
  facet normal 0 0 1
    outer loop
      vertex -17.8289 -11.7008 3
      vertex -25.632 -12.9256 3
      vertex -17.7056 -11.798 3
    endloop
  endfacet
  facet normal 0 0 1
    outer loop
      vertex -25.25 11.75 3
      vertex -22.068 25.1744 3
      vertex -22.1553 25.305 3
    endloop
  endfacet
  facet normal 0 0 1
    outer loop
      vertex -25.7292 -13.0489 3
      vertex -17.7056 -11.798 3
      vertex -25.632 -12.9256 3
    endloop
  endfacet
  facet normal 0 0 1
    outer loop
      vertex -18.5054 10.4929 3
      vertex -25.25 11.75 3
      vertex -18.5238 10.3369 3
    endloop
  endfacet
  facet normal 0 0 1
    outer loop
      vertex -17.7056 -11.798 3
      vertex -25.7292 -13.0489 3
      vertex -17.575 -11.8853 3
    endloop
  endfacet
  facet normal 0 0 1
    outer loop
      vertex -25.25 11.75 3
      vertex -22.1553 25.305 3
      vertex -22.232 25.442 3
    endloop
  endfacet
  facet normal 0 0 1
    outer loop
      vertex -17.575 -11.8853 3
      vertex -25.7292 -13.0489 3
      vertex -20.6069 -24.3562 3
    endloop
  endfacet
  facet normal 0 0 1
    outer loop
      vertex -25.25 11.75 3
      vertex -22.232 25.442 3
      vertex -22.2978 25.5846 3
    endloop
  endfacet
  facet normal -0 0 1
    outer loop
      vertex -25.8358 -13.1642 3
      vertex -20.6069 -24.3562 3
      vertex -25.7292 -13.0489 3
    endloop
  endfacet
  facet normal 0 0 1
    outer loop
      vertex -18.5238 10.3369 3
      vertex -25.25 11.75 3
      vertex -18.53 10.18 3
    endloop
  endfacet
  facet normal 0 0 1
    outer loop
      vertex -20.6069 -24.3562 3
      vertex -25.8358 -13.1642 3
      vertex -20.7629 -24.3746 3
    endloop
  endfacet
  facet normal 0 0 1
    outer loop
      vertex -18.53 10.18 3
      vertex -25.25 11.75 3
      vertex -18.53 -10.18 3
    endloop
  endfacet
  facet normal -0 0 1
    outer loop
      vertex -25.9511 -13.2708 3
      vertex -20.7629 -24.3746 3
      vertex -25.8358 -13.1642 3
    endloop
  endfacet
  facet normal 0 0 1
    outer loop
      vertex -25.25 -11.75 3
      vertex -18.53 -10.18 3
      vertex -25.25 11.75 3
    endloop
  endfacet
  facet normal 0 0 1
    outer loop
      vertex -25.25 -11.75 3
      vertex -18.5238 -10.3369 3
      vertex -18.53 -10.18 3
    endloop
  endfacet
  facet normal 0 0 1
    outer loop
      vertex -25.25 11.75 3
      vertex -22.2978 25.5846 3
      vertex -22.3521 25.732 3
    endloop
  endfacet
  facet normal 0 0 1
    outer loop
      vertex -20.7629 -24.3746 3
      vertex -25.9511 -13.2708 3
      vertex -20.9169 -24.4053 3
    endloop
  endfacet
  facet normal 0 0 1
    outer loop
      vertex -25.25 11.75 3
      vertex -22.3521 25.732 3
      vertex -22.3947 25.8831 3
    endloop
  endfacet
  facet normal -0 0 1
    outer loop
      vertex -26.0744 -13.368 3
      vertex -20.9169 -24.4053 3
      vertex -25.9511 -13.2708 3
    endloop
  endfacet
  facet normal 0 0 1
    outer loop
      vertex -25.25 11.75 3
      vertex -22.3947 25.8831 3
      vertex -22.4254 26.0371 3
    endloop
  endfacet
  facet normal 0 0 1
    outer loop
      vertex -20.9169 -24.4053 3
      vertex -26.0744 -13.368 3
      vertex -21.068 -24.4479 3
    endloop
  endfacet
  facet normal 0 0 1
    outer loop
      vertex -25.25 11.75 3
      vertex -22.4254 26.0371 3
      vertex -22.4438 26.1931 3
    endloop
  endfacet
  facet normal -0 0 1
    outer loop
      vertex -26.205 -13.4553 3
      vertex -21.068 -24.4479 3
      vertex -26.0744 -13.368 3
    endloop
  endfacet
  facet normal 0 0 1
    outer loop
      vertex -25.25 11.75 3
      vertex -22.4438 26.1931 3
      vertex -22.45 26.35 3
    endloop
  endfacet
  facet normal 0 0 1
    outer loop
      vertex -21.068 -24.4479 3
      vertex -26.205 -13.4553 3
      vertex -21.2154 -24.5022 3
    endloop
  endfacet
  facet normal -0 0 1
    outer loop
      vertex 10.6074 15.4765 3
      vertex 16.53 12.18 3
      vertex 10.65 15.8 3
    endloop
  endfacet
  facet normal -0 0 1
    outer loop
      vertex 10.4825 15.175 3
      vertex 16.53 12.18 3
      vertex 10.6074 15.4765 3
    endloop
  endfacet
  facet normal -0 0 1
    outer loop
      vertex 10.2839 14.9161 3
      vertex 16.53 12.18 3
      vertex 10.4825 15.175 3
    endloop
  endfacet
  facet normal -0 0 1
    outer loop
      vertex 10.025 14.7175 3
      vertex 16.53 12.18 3
      vertex 10.2839 14.9161 3
    endloop
  endfacet
  facet normal -0 0 1
    outer loop
      vertex 9.72352 14.5926 3
      vertex 16.53 12.18 3
      vertex 10.025 14.7175 3
    endloop
  endfacet
  facet normal -0 0 1
    outer loop
      vertex 9.4 14.55 3
      vertex 16.53 12.18 3
      vertex 9.72352 14.5926 3
    endloop
  endfacet
  facet normal 0 0 1
    outer loop
      vertex 9.07648 14.5926 3
      vertex 16.53 12.18 3
      vertex 9.4 14.55 3
    endloop
  endfacet
  facet normal -0 0 1
    outer loop
      vertex -8.15 15.8 3
      vertex 8.19259 15.4765 3
      vertex 8.15 15.8 3
    endloop
  endfacet
  facet normal 0 0 1
    outer loop
      vertex -8.19259 15.4765 3
      vertex 8.19259 15.4765 3
      vertex -8.15 15.8 3
    endloop
  endfacet
  facet normal 0 0 1
    outer loop
      vertex 8.19259 15.4765 3
      vertex -8.19259 15.4765 3
      vertex 8.31747 15.175 3
    endloop
  endfacet
  facet normal 0 0 1
    outer loop
      vertex -8.31747 15.175 3
      vertex 8.31747 15.175 3
      vertex -8.19259 15.4765 3
    endloop
  endfacet
  facet normal 0 0 1
    outer loop
      vertex 8.31747 15.175 3
      vertex -8.31747 15.175 3
      vertex 8.51612 14.9161 3
    endloop
  endfacet
  facet normal 0 0 1
    outer loop
      vertex -8.51612 14.9161 3
      vertex 8.51612 14.9161 3
      vertex -8.31747 15.175 3
    endloop
  endfacet
  facet normal 0 0 1
    outer loop
      vertex 8.51612 14.9161 3
      vertex -8.51612 14.9161 3
      vertex 8.775 14.7175 3
    endloop
  endfacet
  facet normal 0 0 1
    outer loop
      vertex -8.775 14.7175 3
      vertex 8.775 14.7175 3
      vertex -8.51612 14.9161 3
    endloop
  endfacet
  facet normal 0 0 1
    outer loop
      vertex 8.775 14.7175 3
      vertex -8.775 14.7175 3
      vertex 9.07648 14.5926 3
    endloop
  endfacet
  facet normal 0 0 1
    outer loop
      vertex -9.07648 14.5926 3
      vertex 9.07648 14.5926 3
      vertex -8.775 14.7175 3
    endloop
  endfacet
  facet normal 0 0 1
    outer loop
      vertex 9.07648 14.5926 3
      vertex -9.07648 14.5926 3
      vertex 16.53 12.18 3
    endloop
  endfacet
  facet normal 0 0 1
    outer loop
      vertex -16.53 12.18 3
      vertex -9.07648 14.5926 3
      vertex -9.4 14.55 3
    endloop
  endfacet
  facet normal 0 0 1
    outer loop
      vertex -9.07648 14.5926 3
      vertex -16.53 12.18 3
      vertex 16.53 12.18 3
    endloop
  endfacet
  facet normal 0 0 1
    outer loop
      vertex -9.72352 14.5926 3
      vertex -16.53 12.18 3
      vertex -9.4 14.55 3
    endloop
  endfacet
  facet normal 0 0 1
    outer loop
      vertex -10.025 14.7175 3
      vertex -16.53 12.18 3
      vertex -9.72352 14.5926 3
    endloop
  endfacet
  facet normal 0 0 1
    outer loop
      vertex -10.2839 14.9161 3
      vertex -16.53 12.18 3
      vertex -10.025 14.7175 3
    endloop
  endfacet
  facet normal 0 0 1
    outer loop
      vertex -10.4825 15.175 3
      vertex -16.53 12.18 3
      vertex -10.2839 14.9161 3
    endloop
  endfacet
  facet normal 0 0 1
    outer loop
      vertex -10.6074 15.4765 3
      vertex -16.53 12.18 3
      vertex -10.4825 15.175 3
    endloop
  endfacet
  facet normal 0 0 1
    outer loop
      vertex -16.53 12.18 3
      vertex -10.6074 15.4765 3
      vertex -10.65 15.8 3
    endloop
  endfacet
  facet normal 0 0 1
    outer loop
      vertex 59.25 12.25 3
      vertex 77.5 0 3
      vertex 77.2611 6.08058 3
    endloop
  endfacet
  facet normal 0 0 1
    outer loop
      vertex 59.25 12.25 3
      vertex 77.2611 6.08058 3
      vertex 76.5458 12.1237 3
    endloop
  endfacet
  facet normal 0 0 1
    outer loop
      vertex 59.25 -12.25 3
      vertex 77.5 0 3
      vertex 59.25 12.25 3
    endloop
  endfacet
  facet normal -0 0 1
    outer loop
      vertex 59.2438 12.4069 3
      vertex 76.5458 12.1237 3
      vertex 75.3587 18.092 3
    endloop
  endfacet
  facet normal 0 0 1
    outer loop
      vertex 77.5 0 3
      vertex 59.25 -12.25 3
      vertex 77.2611 -6.08058 3
    endloop
  endfacet
  facet normal 0 0 1
    outer loop
      vertex 58.868 13.4256 3
      vertex 75.3587 18.092 3
      vertex 73.7069 23.9488 3
    endloop
  endfacet
  facet normal 0 0 1
    outer loop
      vertex 77.2611 -6.08058 3
      vertex 59.25 -12.25 3
      vertex 76.5458 -12.1237 3
    endloop
  endfacet
  facet normal 0 0 1
    outer loop
      vertex 58.158 14.032 3
      vertex 73.7069 23.9488 3
      vertex 71.6007 29.658 3
    endloop
  endfacet
  facet normal 0 0 1
    outer loop
      vertex 59.2438 -12.4069 3
      vertex 76.5458 -12.1237 3
      vertex 59.25 -12.25 3
    endloop
  endfacet
  facet normal 0 0 1
    outer loop
      vertex 57.4069 14.2438 3
      vertex 71.6007 29.658 3
      vertex 69.053 35.1843 3
    endloop
  endfacet
  facet normal 0 0 1
    outer loop
      vertex 76.5458 -12.1237 3
      vertex 59.2438 -12.4069 3
      vertex 75.3587 -18.092 3
    endloop
  endfacet
  facet normal 0 0 1
    outer loop
      vertex 57.25 14.25 3
      vertex 69.053 35.1843 3
      vertex 66.0796 40.4936 3
    endloop
  endfacet
  facet normal -0 0 1
    outer loop
      vertex 59.2254 -12.5629 3
      vertex 75.3587 -18.092 3
      vertex 59.2438 -12.4069 3
    endloop
  endfacet
  facet normal 0 0 1
    outer loop
      vertex 57.25 14.25 3
      vertex 66.0796 40.4936 3
      vertex 62.6988 45.5534 3
    endloop
  endfacet
  facet normal -0 0 1
    outer loop
      vertex 59.1947 -12.7169 3
      vertex 75.3587 -18.092 3
      vertex 59.2254 -12.5629 3
    endloop
  endfacet
  facet normal -0 0 1
    outer loop
      vertex 59.1521 -12.868 3
      vertex 75.3587 -18.092 3
      vertex 59.1947 -12.7169 3
    endloop
  endfacet
  facet normal 0 0 1
    outer loop
      vertex 76.5458 12.1237 3
      vertex 59.2438 12.4069 3
      vertex 59.25 12.25 3
    endloop
  endfacet
  facet normal 0 0 1
    outer loop
      vertex 75.3587 18.092 3
      vertex 59.2254 12.5629 3
      vertex 59.2438 12.4069 3
    endloop
  endfacet
  facet normal 0 0 1
    outer loop
      vertex 75.3587 18.092 3
      vertex 59.1947 12.7169 3
      vertex 59.2254 12.5629 3
    endloop
  endfacet
  facet normal 0 0 1
    outer loop
      vertex 75.3587 18.092 3
      vertex 59.1521 12.868 3
      vertex 59.1947 12.7169 3
    endloop
  endfacet
  facet normal 0 0 1
    outer loop
      vertex 75.3587 18.092 3
      vertex 59.0978 13.0154 3
      vertex 59.1521 12.868 3
    endloop
  endfacet
  facet normal 0 0 1
    outer loop
      vertex 75.3587 18.092 3
      vertex 59.032 13.158 3
      vertex 59.0978 13.0154 3
    endloop
  endfacet
  facet normal 0 0 1
    outer loop
      vertex 75.3587 18.092 3
      vertex 58.9553 13.295 3
      vertex 59.032 13.158 3
    endloop
  endfacet
  facet normal 0 0 1
    outer loop
      vertex 22.45 26.35 3
      vertex 62.6988 45.5534 3
      vertex 58.9315 50.3322 3
    endloop
  endfacet
  facet normal 0 0 1
    outer loop
      vertex 75.3587 18.092 3
      vertex 58.868 13.4256 3
      vertex 58.9553 13.295 3
    endloop
  endfacet
  facet normal 0 0 1
    outer loop
      vertex 73.7069 23.9488 3
      vertex 58.7708 13.5489 3
      vertex 58.868 13.4256 3
    endloop
  endfacet
  facet normal 0 0 1
    outer loop
      vertex 73.7069 23.9488 3
      vertex 58.6642 13.6642 3
      vertex 58.7708 13.5489 3
    endloop
  endfacet
  facet normal 0 0 1
    outer loop
      vertex 73.7069 23.9488 3
      vertex 58.5489 13.7708 3
      vertex 58.6642 13.6642 3
    endloop
  endfacet
  facet normal 0 0 1
    outer loop
      vertex 73.7069 23.9488 3
      vertex 58.4256 13.868 3
      vertex 58.5489 13.7708 3
    endloop
  endfacet
  facet normal 0 0 1
    outer loop
      vertex 73.7069 23.9488 3
      vertex 58.295 13.9553 3
      vertex 58.4256 13.868 3
    endloop
  endfacet
  facet normal 0 0 1
    outer loop
      vertex 73.7069 23.9488 3
      vertex 58.158 14.032 3
      vertex 58.295 13.9553 3
    endloop
  endfacet
  facet normal 0 0 1
    outer loop
      vertex 71.6007 29.658 3
      vertex 58.0154 14.0978 3
      vertex 58.158 14.032 3
    endloop
  endfacet
  facet normal 0 0 1
    outer loop
      vertex 71.6007 29.658 3
      vertex 57.868 14.1521 3
      vertex 58.0154 14.0978 3
    endloop
  endfacet
  facet normal 0 0 1
    outer loop
      vertex 71.6007 29.658 3
      vertex 57.7169 14.1947 3
      vertex 57.868 14.1521 3
    endloop
  endfacet
  facet normal 0 0 1
    outer loop
      vertex 71.6007 29.658 3
      vertex 57.5629 14.2254 3
      vertex 57.7169 14.1947 3
    endloop
  endfacet
  facet normal 0 0 1
    outer loop
      vertex 71.6007 29.658 3
      vertex 57.4069 14.2438 3
      vertex 57.5629 14.2254 3
    endloop
  endfacet
  facet normal 0 0 1
    outer loop
      vertex 69.053 35.1843 3
      vertex 57.25 14.25 3
      vertex 57.4069 14.2438 3
    endloop
  endfacet
  facet normal 0 0 1
    outer loop
      vertex 22.45 49.65 3
      vertex 58.9315 50.3322 3
      vertex 54.8008 54.8008 3
    endloop
  endfacet
  facet normal 0 0 1
    outer loop
      vertex 22.45 49.65 3
      vertex 54.8008 54.8008 3
      vertex 50.3322 58.9315 3
    endloop
  endfacet
  facet normal 0 0 1
    outer loop
      vertex 22.45 49.65 3
      vertex 50.3322 58.9315 3
      vertex 45.5534 62.6988 3
    endloop
  endfacet
  facet normal 0 0 1
    outer loop
      vertex 22.45 49.65 3
      vertex 45.5534 62.6988 3
      vertex 40.4936 66.0796 3
    endloop
  endfacet
  facet normal 0 0 1
    outer loop
      vertex 22.45 49.65 3
      vertex 40.4936 66.0796 3
      vertex 35.1843 69.053 3
    endloop
  endfacet
  facet normal 0 0 1
    outer loop
      vertex 22.45 26.35 3
      vertex 58.9315 50.3322 3
      vertex 22.45 49.65 3
    endloop
  endfacet
  facet normal 0 0 1
    outer loop
      vertex 62.6988 45.5534 3
      vertex 32.75 14.25 3
      vertex 57.25 14.25 3
    endloop
  endfacet
  facet normal 0 0 1
    outer loop
      vertex 62.6988 45.5534 3
      vertex 22.45 26.35 3
      vertex 32.75 14.25 3
    endloop
  endfacet
  facet normal -0 0 1
    outer loop
      vertex 22.4438 26.1931 3
      vertex 32.75 14.25 3
      vertex 22.45 26.35 3
    endloop
  endfacet
  facet normal -0 0 1
    outer loop
      vertex 22.4254 26.0371 3
      vertex 32.75 14.25 3
      vertex 22.4438 26.1931 3
    endloop
  endfacet
  facet normal 0 0 1
    outer loop
      vertex 32.75 14.25 3
      vertex 22.4254 26.0371 3
      vertex 32.5931 14.2438 3
    endloop
  endfacet
  facet normal -0 0 1
    outer loop
      vertex 22.3947 25.8831 3
      vertex 32.5931 14.2438 3
      vertex 22.4254 26.0371 3
    endloop
  endfacet
  facet normal 0 0 1
    outer loop
      vertex 32.5931 14.2438 3
      vertex 22.3947 25.8831 3
      vertex 32.4371 14.2254 3
    endloop
  endfacet
  facet normal -0 0 1
    outer loop
      vertex 22.3521 25.732 3
      vertex 32.4371 14.2254 3
      vertex 22.3947 25.8831 3
    endloop
  endfacet
  facet normal 0 0 1
    outer loop
      vertex 32.4371 14.2254 3
      vertex 22.3521 25.732 3
      vertex 32.2831 14.1947 3
    endloop
  endfacet
  facet normal -0 0 1
    outer loop
      vertex 22.2978 25.5846 3
      vertex 32.2831 14.1947 3
      vertex 22.3521 25.732 3
    endloop
  endfacet
  facet normal 0 0 1
    outer loop
      vertex 32.2831 14.1947 3
      vertex 22.2978 25.5846 3
      vertex 32.132 14.1521 3
    endloop
  endfacet
  facet normal -0 0 1
    outer loop
      vertex 22.232 25.442 3
      vertex 32.132 14.1521 3
      vertex 22.2978 25.5846 3
    endloop
  endfacet
  facet normal 0 0 1
    outer loop
      vertex 32.132 14.1521 3
      vertex 22.232 25.442 3
      vertex 31.9846 14.0978 3
    endloop
  endfacet
  facet normal -0 0 1
    outer loop
      vertex 22.1553 25.305 3
      vertex 31.9846 14.0978 3
      vertex 22.232 25.442 3
    endloop
  endfacet
  facet normal 0 0 1
    outer loop
      vertex 31.9846 14.0978 3
      vertex 22.1553 25.305 3
      vertex 31.842 14.032 3
    endloop
  endfacet
  facet normal -0 0 1
    outer loop
      vertex 22.068 25.1744 3
      vertex 31.842 14.032 3
      vertex 22.1553 25.305 3
    endloop
  endfacet
  facet normal 0 0 1
    outer loop
      vertex 31.842 14.032 3
      vertex 22.068 25.1744 3
      vertex 31.705 13.9553 3
    endloop
  endfacet
  facet normal -0 0 1
    outer loop
      vertex 21.9708 25.0511 3
      vertex 31.705 13.9553 3
      vertex 22.068 25.1744 3
    endloop
  endfacet
  facet normal 0 0 1
    outer loop
      vertex 31.705 13.9553 3
      vertex 21.9708 25.0511 3
      vertex 31.5744 13.868 3
    endloop
  endfacet
  facet normal 0 0 1
    outer loop
      vertex 31.5744 13.868 3
      vertex 21.8642 24.9358 3
      vertex 31.4511 13.7708 3
    endloop
  endfacet
  facet normal -0 0 1
    outer loop
      vertex 21.8642 24.9358 3
      vertex 31.5744 13.868 3
      vertex 21.9708 25.0511 3
    endloop
  endfacet
  facet normal 0 0 1
    outer loop
      vertex 22.45 49.65 3
      vertex 35.1843 69.053 3
      vertex 29.658 71.6007 3
    endloop
  endfacet
  facet normal -0 0 1
    outer loop
      vertex 59.0978 -13.0154 3
      vertex 75.3587 -18.092 3
      vertex 59.1521 -12.868 3
    endloop
  endfacet
  facet normal -0 0 1
    outer loop
      vertex 59.032 -13.158 3
      vertex 75.3587 -18.092 3
      vertex 59.0978 -13.0154 3
    endloop
  endfacet
  facet normal -0 0 1
    outer loop
      vertex 58.9553 -13.295 3
      vertex 75.3587 -18.092 3
      vertex 59.032 -13.158 3
    endloop
  endfacet
  facet normal -0 0 1
    outer loop
      vertex 58.868 -13.4256 3
      vertex 75.3587 -18.092 3
      vertex 58.9553 -13.295 3
    endloop
  endfacet
  facet normal 0 0 1
    outer loop
      vertex 75.3587 -18.092 3
      vertex 58.868 -13.4256 3
      vertex 73.7069 -23.9488 3
    endloop
  endfacet
  facet normal -0 0 1
    outer loop
      vertex 58.7708 -13.5489 3
      vertex 73.7069 -23.9488 3
      vertex 58.868 -13.4256 3
    endloop
  endfacet
  facet normal -0 0 1
    outer loop
      vertex 58.6642 -13.6642 3
      vertex 73.7069 -23.9488 3
      vertex 58.7708 -13.5489 3
    endloop
  endfacet
  facet normal -0 0 1
    outer loop
      vertex 58.5489 -13.7708 3
      vertex 73.7069 -23.9488 3
      vertex 58.6642 -13.6642 3
    endloop
  endfacet
  facet normal -0 0 1
    outer loop
      vertex 58.4256 -13.868 3
      vertex 73.7069 -23.9488 3
      vertex 58.5489 -13.7708 3
    endloop
  endfacet
  facet normal -0 0 1
    outer loop
      vertex 58.295 -13.9553 3
      vertex 73.7069 -23.9488 3
      vertex 58.4256 -13.868 3
    endloop
  endfacet
  facet normal -0 0 1
    outer loop
      vertex 58.158 -14.032 3
      vertex 73.7069 -23.9488 3
      vertex 58.295 -13.9553 3
    endloop
  endfacet
  facet normal 0 0 1
    outer loop
      vertex 73.7069 -23.9488 3
      vertex 58.158 -14.032 3
      vertex 71.6007 -29.658 3
    endloop
  endfacet
  facet normal -0 0 1
    outer loop
      vertex 58.0154 -14.0978 3
      vertex 71.6007 -29.658 3
      vertex 58.158 -14.032 3
    endloop
  endfacet
  facet normal -0 0 1
    outer loop
      vertex 57.868 -14.1521 3
      vertex 71.6007 -29.658 3
      vertex 58.0154 -14.0978 3
    endloop
  endfacet
  facet normal -0 0 1
    outer loop
      vertex 57.7169 -14.1947 3
      vertex 71.6007 -29.658 3
      vertex 57.868 -14.1521 3
    endloop
  endfacet
  facet normal -0 0 1
    outer loop
      vertex 57.5629 -14.2254 3
      vertex 71.6007 -29.658 3
      vertex 57.7169 -14.1947 3
    endloop
  endfacet
  facet normal -0 0 1
    outer loop
      vertex 57.4069 -14.2438 3
      vertex 71.6007 -29.658 3
      vertex 57.5629 -14.2254 3
    endloop
  endfacet
  facet normal 0 0 1
    outer loop
      vertex 71.6007 -29.658 3
      vertex 57.4069 -14.2438 3
      vertex 69.053 -35.1843 3
    endloop
  endfacet
  facet normal -0 0 1
    outer loop
      vertex 57.25 -14.25 3
      vertex 69.053 -35.1843 3
      vertex 57.4069 -14.2438 3
    endloop
  endfacet
  facet normal 0 0 1
    outer loop
      vertex 69.053 -35.1843 3
      vertex 57.25 -14.25 3
      vertex 66.0796 -40.4936 3
    endloop
  endfacet
  facet normal 0 0 1
    outer loop
      vertex 66.0796 -40.4936 3
      vertex 57.25 -14.25 3
      vertex 62.6988 -45.5534 3
    endloop
  endfacet
  facet normal -0 0 1
    outer loop
      vertex 32.75 -14.25 3
      vertex 62.6988 -45.5534 3
      vertex 57.25 -14.25 3
    endloop
  endfacet
  facet normal 0 0 1
    outer loop
      vertex 62.6988 -45.5534 3
      vertex 32.75 -14.25 3
      vertex 58.9315 -50.3322 3
    endloop
  endfacet
  facet normal 0 0 1
    outer loop
      vertex 58.9315 -50.3322 3
      vertex 32.75 -14.25 3
      vertex 54.8008 -54.8008 3
    endloop
  endfacet
  facet normal 0 0 1
    outer loop
      vertex 54.8008 -54.8008 3
      vertex 32.75 -14.25 3
      vertex 50.3322 -58.9315 3
    endloop
  endfacet
  facet normal 0 0 1
    outer loop
      vertex 50.3322 -58.9315 3
      vertex 32.75 -14.25 3
      vertex 45.5534 -62.6988 3
    endloop
  endfacet
  facet normal 0 0 1
    outer loop
      vertex 32.5931 -14.2438 3
      vertex 45.5534 -62.6988 3
      vertex 32.75 -14.25 3
    endloop
  endfacet
  facet normal 0 0 1
    outer loop
      vertex 32.4371 -14.2254 3
      vertex 45.5534 -62.6988 3
      vertex 32.5931 -14.2438 3
    endloop
  endfacet
  facet normal 0 0 1
    outer loop
      vertex 45.5534 -62.6988 3
      vertex 32.4371 -14.2254 3
      vertex 40.4936 -66.0796 3
    endloop
  endfacet
  facet normal 0 0 1
    outer loop
      vertex 32.2831 -14.1947 3
      vertex 40.4936 -66.0796 3
      vertex 32.4371 -14.2254 3
    endloop
  endfacet
  facet normal 0 0 1
    outer loop
      vertex 32.132 -14.1521 3
      vertex 40.4936 -66.0796 3
      vertex 32.2831 -14.1947 3
    endloop
  endfacet
  facet normal 0 0 1
    outer loop
      vertex 40.4936 -66.0796 3
      vertex 32.132 -14.1521 3
      vertex 35.1843 -69.053 3
    endloop
  endfacet
  facet normal 0 0 1
    outer loop
      vertex 31.9846 -14.0978 3
      vertex 35.1843 -69.053 3
      vertex 32.132 -14.1521 3
    endloop
  endfacet
  facet normal 0 0 1
    outer loop
      vertex 29.658 -71.6007 3
      vertex 31.9846 -14.0978 3
      vertex 31.842 -14.032 3
    endloop
  endfacet
  facet normal 0 0 1
    outer loop
      vertex 29.658 -71.6007 3
      vertex 31.842 -14.032 3
      vertex 31.705 -13.9553 3
    endloop
  endfacet
  facet normal 0 0 1
    outer loop
      vertex 23.9488 -73.7069 3
      vertex 31.705 -13.9553 3
      vertex 31.5744 -13.868 3
    endloop
  endfacet
  facet normal 0 0 1
    outer loop
      vertex 23.9488 -73.7069 3
      vertex 31.5744 -13.868 3
      vertex 31.4511 -13.7708 3
    endloop
  endfacet
  facet normal 0 0 1
    outer loop
      vertex 23.9488 -73.7069 3
      vertex 31.4511 -13.7708 3
      vertex 31.3358 -13.6642 3
    endloop
  endfacet
  facet normal 0 0 1
    outer loop
      vertex 23.9488 -73.7069 3
      vertex 31.3358 -13.6642 3
      vertex 31.2292 -13.5489 3
    endloop
  endfacet
  facet normal 0 0 1
    outer loop
      vertex 23.9488 -73.7069 3
      vertex 31.2292 -13.5489 3
      vertex 31.132 -13.4256 3
    endloop
  endfacet
  facet normal 0 0 1
    outer loop
      vertex 23.9488 -73.7069 3
      vertex 31.132 -13.4256 3
      vertex 31.0447 -13.295 3
    endloop
  endfacet
  facet normal 0 0 1
    outer loop
      vertex 23.9488 -73.7069 3
      vertex 31.0447 -13.295 3
      vertex 30.968 -13.158 3
    endloop
  endfacet
  facet normal 0 0 1
    outer loop
      vertex 23.9488 -73.7069 3
      vertex 30.968 -13.158 3
      vertex 30.9022 -13.0154 3
    endloop
  endfacet
  facet normal 0 0 1
    outer loop
      vertex 23.9488 -73.7069 3
      vertex 30.9022 -13.0154 3
      vertex 30.8479 -12.868 3
    endloop
  endfacet
  facet normal 0 0 1
    outer loop
      vertex 23.9488 -73.7069 3
      vertex 30.8479 -12.868 3
      vertex 30.8053 -12.7169 3
    endloop
  endfacet
  facet normal 0 0 1
    outer loop
      vertex 23.9488 -73.7069 3
      vertex 30.8053 -12.7169 3
      vertex 30.7746 -12.5629 3
    endloop
  endfacet
  facet normal 0 0 1
    outer loop
      vertex 23.9488 -73.7069 3
      vertex 30.7746 -12.5629 3
      vertex 30.7562 -12.4069 3
    endloop
  endfacet
  facet normal 0 0 1
    outer loop
      vertex 31.9846 -14.0978 3
      vertex 29.658 -71.6007 3
      vertex 35.1843 -69.053 3
    endloop
  endfacet
  facet normal -0 0 1
    outer loop
      vertex 21.6256 24.732 3
      vertex 31.3358 13.6642 3
      vertex 21.7489 24.8292 3
    endloop
  endfacet
  facet normal -0 0 1
    outer loop
      vertex 21.7489 24.8292 3
      vertex 31.4511 13.7708 3
      vertex 21.8642 24.9358 3
    endloop
  endfacet
  facet normal 0 0 1
    outer loop
      vertex 20.9169 51.5947 3
      vertex 29.658 71.6007 3
      vertex 23.9488 73.7069 3
    endloop
  endfacet
  facet normal 0 0 1
    outer loop
      vertex 31.4511 13.7708 3
      vertex 21.7489 24.8292 3
      vertex 31.3358 13.6642 3
    endloop
  endfacet
  facet normal 0 0 1
    outer loop
      vertex 31.705 -13.9553 3
      vertex 23.9488 -73.7069 3
      vertex 29.658 -71.6007 3
    endloop
  endfacet
  facet normal 0 0 1
    outer loop
      vertex 29.658 71.6007 3
      vertex 22.4438 49.8069 3
      vertex 22.45 49.65 3
    endloop
  endfacet
  facet normal 0 0 1
    outer loop
      vertex 29.658 71.6007 3
      vertex 22.4254 49.9629 3
      vertex 22.4438 49.8069 3
    endloop
  endfacet
  facet normal 0 0 1
    outer loop
      vertex 29.658 71.6007 3
      vertex 22.3947 50.1169 3
      vertex 22.4254 49.9629 3
    endloop
  endfacet
  facet normal 0 0 1
    outer loop
      vertex 29.658 71.6007 3
      vertex 22.3521 50.268 3
      vertex 22.3947 50.1169 3
    endloop
  endfacet
  facet normal 0 0 1
    outer loop
      vertex 29.658 71.6007 3
      vertex 22.2978 50.4154 3
      vertex 22.3521 50.268 3
    endloop
  endfacet
  facet normal 0 0 1
    outer loop
      vertex 29.658 71.6007 3
      vertex 22.232 50.558 3
      vertex 22.2978 50.4154 3
    endloop
  endfacet
  facet normal 0 0 1
    outer loop
      vertex 29.658 71.6007 3
      vertex 22.1553 50.695 3
      vertex 22.232 50.558 3
    endloop
  endfacet
  facet normal 0 0 1
    outer loop
      vertex 29.658 71.6007 3
      vertex 22.068 50.8256 3
      vertex 22.1553 50.695 3
    endloop
  endfacet
  facet normal 0 0 1
    outer loop
      vertex 29.658 71.6007 3
      vertex 21.9708 50.9489 3
      vertex 22.068 50.8256 3
    endloop
  endfacet
  facet normal 0 0 1
    outer loop
      vertex 29.658 71.6007 3
      vertex 21.8642 51.0642 3
      vertex 21.9708 50.9489 3
    endloop
  endfacet
  facet normal 0 0 1
    outer loop
      vertex 29.658 71.6007 3
      vertex 21.7489 51.1708 3
      vertex 21.8642 51.0642 3
    endloop
  endfacet
  facet normal 0 0 1
    outer loop
      vertex 29.658 71.6007 3
      vertex 21.6256 51.268 3
      vertex 21.7489 51.1708 3
    endloop
  endfacet
  facet normal 0 0 1
    outer loop
      vertex 29.658 71.6007 3
      vertex 21.495 51.3553 3
      vertex 21.6256 51.268 3
    endloop
  endfacet
  facet normal 0 0 1
    outer loop
      vertex 29.658 71.6007 3
      vertex 21.358 51.432 3
      vertex 21.495 51.3553 3
    endloop
  endfacet
  facet normal 0 0 1
    outer loop
      vertex 29.658 71.6007 3
      vertex 21.2154 51.4978 3
      vertex 21.358 51.432 3
    endloop
  endfacet
  facet normal 0 0 1
    outer loop
      vertex 29.658 71.6007 3
      vertex 21.068 51.5521 3
      vertex 21.2154 51.4978 3
    endloop
  endfacet
  facet normal 0 0 1
    outer loop
      vertex 29.658 71.6007 3
      vertex 20.9169 51.5947 3
      vertex 21.068 51.5521 3
    endloop
  endfacet
  facet normal 0 0 1
    outer loop
      vertex 23.9488 73.7069 3
      vertex 20.7629 51.6254 3
      vertex 20.9169 51.5947 3
    endloop
  endfacet
  facet normal 0 0 1
    outer loop
      vertex 23.9488 73.7069 3
      vertex 20.6069 51.6438 3
      vertex 20.7629 51.6254 3
    endloop
  endfacet
  facet normal 0 0 1
    outer loop
      vertex 23.9488 73.7069 3
      vertex 20.45 51.65 3
      vertex 20.6069 51.6438 3
    endloop
  endfacet
  facet normal 0 0 1
    outer loop
      vertex 18.092 75.3587 3
      vertex 20.45 51.65 3
      vertex 23.9488 73.7069 3
    endloop
  endfacet
  facet normal 0 0 1
    outer loop
      vertex 12.1237 76.5458 3
      vertex 20.45 51.65 3
      vertex 18.092 75.3587 3
    endloop
  endfacet
  facet normal 0 0 1
    outer loop
      vertex 6.08058 77.2611 3
      vertex 20.45 51.65 3
      vertex 12.1237 76.5458 3
    endloop
  endfacet
  facet normal 0 0 1
    outer loop
      vertex 0 77.5 3
      vertex 20.45 51.65 3
      vertex 6.08058 77.2611 3
    endloop
  endfacet
  facet normal 0 0 1
    outer loop
      vertex -20.45 51.65 3
      vertex 0 77.5 3
      vertex -6.08058 77.2611 3
    endloop
  endfacet
  facet normal 0 0 1
    outer loop
      vertex -20.45 51.65 3
      vertex -6.08058 77.2611 3
      vertex -12.1237 76.5458 3
    endloop
  endfacet
  facet normal 0 0 1
    outer loop
      vertex -20.45 51.65 3
      vertex -12.1237 76.5458 3
      vertex -18.092 75.3587 3
    endloop
  endfacet
  facet normal 0 0 1
    outer loop
      vertex 0 77.5 3
      vertex -20.45 51.65 3
      vertex 20.45 51.65 3
    endloop
  endfacet
  facet normal -0 0 1
    outer loop
      vertex -23.9488 73.7069 3
      vertex -20.45 51.65 3
      vertex -18.092 75.3587 3
    endloop
  endfacet
  facet normal 0 0 1
    outer loop
      vertex -20.45 51.65 3
      vertex -23.9488 73.7069 3
      vertex -20.6069 51.6438 3
    endloop
  endfacet
  facet normal 0 0 1
    outer loop
      vertex -20.6069 51.6438 3
      vertex -23.9488 73.7069 3
      vertex -20.7629 51.6254 3
    endloop
  endfacet
  facet normal 0 0 1
    outer loop
      vertex -20.7629 51.6254 3
      vertex -23.9488 73.7069 3
      vertex -20.9169 51.5947 3
    endloop
  endfacet
  facet normal 0 0 1
    outer loop
      vertex -20.9169 51.5947 3
      vertex -23.9488 73.7069 3
      vertex -21.068 51.5521 3
    endloop
  endfacet
  facet normal 0 0 1
    outer loop
      vertex -21.068 51.5521 3
      vertex -23.9488 73.7069 3
      vertex -21.2154 51.4978 3
    endloop
  endfacet
  facet normal 0 0 1
    outer loop
      vertex -21.2154 51.4978 3
      vertex -23.9488 73.7069 3
      vertex -21.358 51.432 3
    endloop
  endfacet
  facet normal 0 0 1
    outer loop
      vertex -21.358 51.432 3
      vertex -23.9488 73.7069 3
      vertex -21.495 51.3553 3
    endloop
  endfacet
  facet normal 0 0 1
    outer loop
      vertex -21.495 51.3553 3
      vertex -23.9488 73.7069 3
      vertex -21.6256 51.268 3
    endloop
  endfacet
  facet normal 0 0 1
    outer loop
      vertex -21.6256 51.268 3
      vertex -23.9488 73.7069 3
      vertex -21.7489 51.1708 3
    endloop
  endfacet
  facet normal 0 0 1
    outer loop
      vertex -21.7489 51.1708 3
      vertex -23.9488 73.7069 3
      vertex -21.8642 51.0642 3
    endloop
  endfacet
  facet normal 0 0 1
    outer loop
      vertex -21.8642 51.0642 3
      vertex -23.9488 73.7069 3
      vertex -21.9708 50.9489 3
    endloop
  endfacet
  facet normal 0 0 1
    outer loop
      vertex -21.9708 50.9489 3
      vertex -23.9488 73.7069 3
      vertex -22.068 50.8256 3
    endloop
  endfacet
  facet normal 0 0 1
    outer loop
      vertex -22.068 50.8256 3
      vertex -23.9488 73.7069 3
      vertex -22.1553 50.695 3
    endloop
  endfacet
  facet normal 0 0 1
    outer loop
      vertex -22.1553 50.695 3
      vertex -23.9488 73.7069 3
      vertex -22.232 50.558 3
    endloop
  endfacet
  facet normal 0 0 1
    outer loop
      vertex -22.232 50.558 3
      vertex -23.9488 73.7069 3
      vertex -22.2978 50.4154 3
    endloop
  endfacet
  facet normal 0 0 1
    outer loop
      vertex -22.2978 50.4154 3
      vertex -23.9488 73.7069 3
      vertex -22.3521 50.268 3
    endloop
  endfacet
  facet normal 0 0 1
    outer loop
      vertex -22.3521 50.268 3
      vertex -23.9488 73.7069 3
      vertex -22.3947 50.1169 3
    endloop
  endfacet
  facet normal 0 0 1
    outer loop
      vertex -25.25 11.75 3
      vertex -22.45 49.65 3
      vertex -23.9488 73.7069 3
    endloop
  endfacet
  facet normal 0 0 1
    outer loop
      vertex -22.45 49.65 3
      vertex -25.25 11.75 3
      vertex -22.45 26.35 3
    endloop
  endfacet
  facet normal -0 0 1
    outer loop
      vertex -26.342 -13.532 3
      vertex -21.2154 -24.5022 3
      vertex -26.205 -13.4553 3
    endloop
  endfacet
  facet normal 0 0 1
    outer loop
      vertex -22.4438 49.8069 3
      vertex -23.9488 73.7069 3
      vertex -22.45 49.65 3
    endloop
  endfacet
  facet normal 0 0 1
    outer loop
      vertex -22.4254 49.9629 3
      vertex -23.9488 73.7069 3
      vertex -22.4438 49.8069 3
    endloop
  endfacet
  facet normal 0 0 1
    outer loop
      vertex -22.3947 50.1169 3
      vertex -23.9488 73.7069 3
      vertex -22.4254 49.9629 3
    endloop
  endfacet
  facet normal 0.908141 -0.418665 0
    outer loop
      vertex 69.053 -35.1843 3
      vertex 71.6007 -29.658 0
      vertex 71.6007 -29.658 3
    endloop
  endfacet
  facet normal 0.908141 -0.418665 0
    outer loop
      vertex 71.6007 -29.658 0
      vertex 69.053 -35.1843 3
      vertex 69.053 -35.1843 0
    endloop
  endfacet
  facet normal 0.831473 -0.555565 0
    outer loop
      vertex 62.6988 -45.5534 3
      vertex 66.0796 -40.4936 0
      vertex 66.0796 -40.4936 3
    endloop
  endfacet
  facet normal 0.831473 -0.555565 0
    outer loop
      vertex 66.0796 -40.4936 0
      vertex 62.6988 -45.5534 3
      vertex 62.6988 -45.5534 0
    endloop
  endfacet
  facet normal -0.999229 0.0392587 0
    outer loop
      vertex -77.5 0 0
      vertex -77.2611 6.08058 3
      vertex -77.2611 6.08058 0
    endloop
  endfacet
  facet normal -0.999229 0.0392587 0
    outer loop
      vertex -77.2611 6.08058 3
      vertex -77.5 0 0
      vertex -77.5 0 3
    endloop
  endfacet
  facet normal 0.734325 0.678798 0
    outer loop
      vertex 58.9315 50.3322 3
      vertex 54.8008 54.8008 0
      vertex 54.8008 54.8008 3
    endloop
  endfacet
  facet normal 0.734325 0.678798 0
    outer loop
      vertex 54.8008 54.8008 0
      vertex 58.9315 50.3322 3
      vertex 58.9315 50.3322 0
    endloop
  endfacet
  facet normal -0.117545 0.993068 0
    outer loop
      vertex -6.08058 77.2611 0
      vertex -12.1237 76.5458 3
      vertex -6.08058 77.2611 3
    endloop
  endfacet
  facet normal -0.117545 0.993068 0
    outer loop
      vertex -12.1237 76.5458 3
      vertex -6.08058 77.2611 0
      vertex -12.1237 76.5458 0
    endloop
  endfacet
  facet normal -0.993068 0.117545 0
    outer loop
      vertex -77.2611 6.08058 0
      vertex -76.5458 12.1237 3
      vertex -76.5458 12.1237 0
    endloop
  endfacet
  facet normal -0.993068 0.117545 0
    outer loop
      vertex -76.5458 12.1237 3
      vertex -77.2611 6.08058 0
      vertex -77.2611 6.08058 3
    endloop
  endfacet
  facet normal -0.962455 0.271442 0
    outer loop
      vertex -75.3587 18.092 0
      vertex -73.7069 23.9488 3
      vertex -73.7069 23.9488 0
    endloop
  endfacet
  facet normal -0.962455 0.271442 0
    outer loop
      vertex -73.7069 23.9488 3
      vertex -75.3587 18.092 0
      vertex -75.3587 18.092 3
    endloop
  endfacet
  facet normal -0.195079 0.980787 0
    outer loop
      vertex -12.1237 76.5458 0
      vertex -18.092 75.3587 3
      vertex -12.1237 76.5458 3
    endloop
  endfacet
  facet normal -0.195079 0.980787 0
    outer loop
      vertex -18.092 75.3587 3
      vertex -12.1237 76.5458 0
      vertex -18.092 75.3587 0
    endloop
  endfacet
  facet normal 0.195079 0.980787 -0
    outer loop
      vertex 18.092 75.3587 0
      vertex 12.1237 76.5458 3
      vertex 18.092 75.3587 3
    endloop
  endfacet
  facet normal 0.195079 0.980787 0
    outer loop
      vertex 12.1237 76.5458 3
      vertex 18.092 75.3587 0
      vertex 12.1237 76.5458 0
    endloop
  endfacet
  facet normal 0.678798 -0.734325 0
    outer loop
      vertex 50.3322 -58.9315 0
      vertex 54.8008 -54.8008 3
      vertex 50.3322 -58.9315 3
    endloop
  endfacet
  facet normal 0.678798 -0.734325 0
    outer loop
      vertex 54.8008 -54.8008 3
      vertex 50.3322 -58.9315 0
      vertex 54.8008 -54.8008 0
    endloop
  endfacet
  facet normal -0.117545 -0.993068 0
    outer loop
      vertex -12.1237 -76.5458 0
      vertex -6.08058 -77.2611 3
      vertex -12.1237 -76.5458 3
    endloop
  endfacet
  facet normal -0.117545 -0.993068 -0
    outer loop
      vertex -6.08058 -77.2611 3
      vertex -12.1237 -76.5458 0
      vertex -6.08058 -77.2611 0
    endloop
  endfacet
  facet normal -0.418665 0.908141 0
    outer loop
      vertex -29.658 71.6007 0
      vertex -35.1843 69.053 3
      vertex -29.658 71.6007 3
    endloop
  endfacet
  facet normal -0.418665 0.908141 0
    outer loop
      vertex -35.1843 69.053 3
      vertex -29.658 71.6007 0
      vertex -35.1843 69.053 0
    endloop
  endfacet
  facet normal -0.980787 0.195079 0
    outer loop
      vertex -76.5458 12.1237 0
      vertex -75.3587 18.092 3
      vertex -75.3587 18.092 0
    endloop
  endfacet
  facet normal -0.980787 0.195079 0
    outer loop
      vertex -75.3587 18.092 3
      vertex -76.5458 12.1237 0
      vertex -76.5458 12.1237 3
    endloop
  endfacet
  facet normal 0.619094 0.785317 -0
    outer loop
      vertex 50.3322 58.9315 0
      vertex 45.5534 62.6988 3
      vertex 50.3322 58.9315 3
    endloop
  endfacet
  facet normal 0.619094 0.785317 0
    outer loop
      vertex 45.5534 62.6988 3
      vertex 50.3322 58.9315 0
      vertex 45.5534 62.6988 0
    endloop
  endfacet
  facet normal 0.938193 0.346112 0
    outer loop
      vertex 73.7069 23.9488 3
      vertex 71.6007 29.658 0
      vertex 71.6007 29.658 3
    endloop
  endfacet
  facet normal 0.938193 0.346112 0
    outer loop
      vertex 71.6007 29.658 0
      vertex 73.7069 23.9488 3
      vertex 73.7069 23.9488 0
    endloop
  endfacet
  facet normal 0.271442 0.962455 -0
    outer loop
      vertex 23.9488 73.7069 0
      vertex 18.092 75.3587 3
      vertex 23.9488 73.7069 3
    endloop
  endfacet
  facet normal 0.271442 0.962455 0
    outer loop
      vertex 18.092 75.3587 3
      vertex 23.9488 73.7069 0
      vertex 18.092 75.3587 0
    endloop
  endfacet
  facet normal 0.488627 0.872493 -0
    outer loop
      vertex 40.4936 66.0796 0
      vertex 35.1843 69.053 3
      vertex 40.4936 66.0796 3
    endloop
  endfacet
  facet normal 0.488627 0.872493 0
    outer loop
      vertex 35.1843 69.053 3
      vertex 40.4936 66.0796 0
      vertex 35.1843 69.053 0
    endloop
  endfacet
  facet normal 0.908141 0.418665 0
    outer loop
      vertex 71.6007 29.658 3
      vertex 69.053 35.1843 0
      vertex 69.053 35.1843 3
    endloop
  endfacet
  facet normal 0.908141 0.418665 0
    outer loop
      vertex 69.053 35.1843 0
      vertex 71.6007 29.658 3
      vertex 71.6007 29.658 0
    endloop
  endfacet
  facet normal 0.872493 0.488627 0
    outer loop
      vertex 69.053 35.1843 3
      vertex 66.0796 40.4936 0
      vertex 66.0796 40.4936 3
    endloop
  endfacet
  facet normal 0.872493 0.488627 0
    outer loop
      vertex 66.0796 40.4936 0
      vertex 69.053 35.1843 3
      vertex 69.053 35.1843 0
    endloop
  endfacet
  facet normal 0.555565 0.831473 -0
    outer loop
      vertex 45.5534 62.6988 0
      vertex 40.4936 66.0796 3
      vertex 45.5534 62.6988 3
    endloop
  endfacet
  facet normal 0.555565 0.831473 0
    outer loop
      vertex 40.4936 66.0796 3
      vertex 45.5534 62.6988 0
      vertex 40.4936 66.0796 0
    endloop
  endfacet
  facet normal -0.195079 -0.980787 0
    outer loop
      vertex -18.092 -75.3587 0
      vertex -12.1237 -76.5458 3
      vertex -18.092 -75.3587 3
    endloop
  endfacet
  facet normal -0.195079 -0.980787 -0
    outer loop
      vertex -12.1237 -76.5458 3
      vertex -18.092 -75.3587 0
      vertex -12.1237 -76.5458 0
    endloop
  endfacet
  facet normal -0.0390526 -0.999237 0
    outer loop
      vertex 14 -45 0
      vertex 14.2354 -45.0092 1.9
      vertex 14 -45 1.9
    endloop
  endfacet
  facet normal -0.0390526 -0.999237 -0
    outer loop
      vertex 14.2354 -45.0092 1.9
      vertex 14 -45 0
      vertex 14.2354 -45.0092 0
    endloop
  endfacet
  facet normal -0.0390526 0.999237 0
    outer loop
      vertex 14.2354 -58.9908 0
      vertex 14 -59 3
      vertex 14.2354 -58.9908 3
    endloop
  endfacet
  facet normal -0.0390526 0.999237 0
    outer loop
      vertex 14 -59 3
      vertex 14.2354 -58.9908 0
      vertex 14 -59 0
    endloop
  endfacet
  facet normal 0.271299 -0.962495 0
    outer loop
      vertex -14.927 -45.1468 0
      vertex -14.7003 -45.0829 1.9
      vertex -14.927 -45.1468 1.9
    endloop
  endfacet
  facet normal 0.271299 -0.962495 0
    outer loop
      vertex -14.7003 -45.0829 1.9
      vertex -14.927 -45.1468 0
      vertex -14.7003 -45.0829 0
    endloop
  endfacet
  facet normal 0.0390526 0.999237 -0
    outer loop
      vertex -14 -59 0
      vertex -14.2354 -58.9908 3
      vertex -14 -59 3
    endloop
  endfacet
  facet normal 0.0390526 0.999237 0
    outer loop
      vertex -14.2354 -58.9908 3
      vertex -14 -59 0
      vertex -14.2354 -58.9908 0
    endloop
  endfacet
  facet normal -0.938147 -0.346236 0
    outer loop
      vertex 16.8532 -47.073 0
      vertex 16.7716 -46.8519 1.9
      vertex 16.7716 -46.8519 0
    endloop
  endfacet
  facet normal -0.938147 -0.346236 0
    outer loop
      vertex 16.7716 -46.8519 1.9
      vertex 16.8532 -47.073 0
      vertex 16.8532 -47.073 1.9
    endloop
  endfacet
  facet normal 0 -1 0
    outer loop
      vertex -14 -45 0
      vertex 14 -45 1.9
      vertex -14 -45 1.9
    endloop
  endfacet
  facet normal 0 -1 -0
    outer loop
      vertex 14 -45 1.9
      vertex -14 -45 0
      vertex 14 -45 0
    endloop
  endfacet
  facet normal 0.0390526 -0.999237 0
    outer loop
      vertex -14.2354 -45.0092 0
      vertex -14 -45 1.9
      vertex -14.2354 -45.0092 1.9
    endloop
  endfacet
  facet normal 0.0390526 -0.999237 0
    outer loop
      vertex -14 -45 1.9
      vertex -14.2354 -45.0092 0
      vertex -14 -45 0
    endloop
  endfacet
  facet normal 0.831462 0.555581 0
    outer loop
      vertex -16.427 -57.7634 3
      vertex -16.5579 -57.5675 0
      vertex -16.5579 -57.5675 3
    endloop
  endfacet
  facet normal 0.831462 0.555581 0
    outer loop
      vertex -16.5579 -57.5675 0
      vertex -16.427 -57.7634 3
      vertex -16.427 -57.7634 0
    endloop
  endfacet
  facet normal 0.418627 -0.908158 0
    outer loop
      vertex -15.362 -45.327 0
      vertex -15.1481 -45.2284 1.9
      vertex -15.362 -45.327 1.9
    endloop
  endfacet
  facet normal 0.418627 -0.908158 0
    outer loop
      vertex -15.1481 -45.2284 1.9
      vertex -15.362 -45.327 0
      vertex -15.1481 -45.2284 0
    endloop
  endfacet
  facet normal -0.271299 -0.962495 0
    outer loop
      vertex 14.7003 -45.0829 0
      vertex 14.927 -45.1468 1.9
      vertex 14.7003 -45.0829 1.9
    endloop
  endfacet
  facet normal -0.271299 -0.962495 -0
    outer loop
      vertex 14.927 -45.1468 1.9
      vertex 14.7003 -45.0829 0
      vertex 14.927 -45.1468 0
    endloop
  endfacet
  facet normal 0 1 -0
    outer loop
      vertex 14 -59 0
      vertex -14 -59 3
      vertex 14 -59 3
    endloop
  endfacet
  facet normal 0 1 0
    outer loop
      vertex -14 -59 3
      vertex 14 -59 0
      vertex -14 -59 0
    endloop
  endfacet
  facet normal -0.734364 0.678756 0
    outer loop
      vertex 16.1213 -58.1213 0
      vertex 16.2812 -57.9483 3
      vertex 16.2812 -57.9483 0
    endloop
  endfacet
  facet normal -0.734364 0.678756 0
    outer loop
      vertex 16.2812 -57.9483 3
      vertex 16.1213 -58.1213 0
      vertex 16.1213 -58.1213 3
    endloop
  endfacet
  facet normal 0.999237 0.0390526 0
    outer loop
      vertex -16.9908 -56.2354 3
      vertex -17 -56 0
      vertex -17 -56 3
    endloop
  endfacet
  facet normal 0.999237 0.0390526 0
    outer loop
      vertex -17 -56 0
      vertex -16.9908 -56.2354 3
      vertex -16.9908 -56.2354 0
    endloop
  endfacet
  facet normal 0.962495 -0.271299 0
    outer loop
      vertex -16.9171 -47.2997 1.9
      vertex -16.8532 -47.073 0
      vertex -16.8532 -47.073 1.9
    endloop
  endfacet
  facet normal 0.962495 -0.271299 0
    outer loop
      vertex -16.8532 -47.073 0
      vertex -16.9171 -47.2997 1.9
      vertex -16.9171 -47.2997 0
    endloop
  endfacet
  facet normal 0.999237 -0.0390526 0
    outer loop
      vertex -17 -48 1.9
      vertex -16.9908 -47.7646 0
      vertex -16.9908 -47.7646 1.9
    endloop
  endfacet
  facet normal 0.999237 -0.0390526 0
    outer loop
      vertex -16.9908 -47.7646 0
      vertex -17 -48 1.9
      vertex -17 -48 0
    endloop
  endfacet
  facet normal -0.488668 -0.87247 0
    outer loop
      vertex 15.362 -45.327 0
      vertex 15.5675 -45.4421 1.9
      vertex 15.362 -45.327 1.9
    endloop
  endfacet
  facet normal -0.488668 -0.87247 -0
    outer loop
      vertex 15.5675 -45.4421 1.9
      vertex 15.362 -45.327 0
      vertex 15.5675 -45.4421 0
    endloop
  endfacet
  facet normal 0.346236 0.938147 -0
    outer loop
      vertex -14.927 -58.8532 0
      vertex -15.1481 -58.7716 3
      vertex -14.927 -58.8532 3
    endloop
  endfacet
  facet normal 0.346236 0.938147 0
    outer loop
      vertex -15.1481 -58.7716 3
      vertex -14.927 -58.8532 0
      vertex -15.1481 -58.7716 0
    endloop
  endfacet
  facet normal 0.938147 -0.346236 0
    outer loop
      vertex -16.8532 -47.073 1.9
      vertex -16.7716 -46.8519 0
      vertex -16.7716 -46.8519 1.9
    endloop
  endfacet
  facet normal 0.938147 -0.346236 0
    outer loop
      vertex -16.7716 -46.8519 0
      vertex -16.8532 -47.073 1.9
      vertex -16.8532 -47.073 0
    endloop
  endfacet
  facet normal -0.831462 -0.555581 0
    outer loop
      vertex 16.5579 -46.4325 0
      vertex 16.427 -46.2366 1.9
      vertex 16.427 -46.2366 0
    endloop
  endfacet
  facet normal -0.831462 -0.555581 0
    outer loop
      vertex 16.427 -46.2366 1.9
      vertex 16.5579 -46.4325 0
      vertex 16.5579 -46.4325 1.9
    endloop
  endfacet
  facet normal 1 0 0
    outer loop
      vertex -17 -51.65 3
      vertex -17 -56 3
      vertex -17 -51.65 1.9
    endloop
  endfacet
  facet normal 1 -0 0
    outer loop
      vertex -17 -51.65 1.9
      vertex -17 -48 0
      vertex -17 -48 1.9
    endloop
  endfacet
  facet normal 1 0 0
    outer loop
      vertex -17 -56 0
      vertex -17 -51.65 1.9
      vertex -17 -56 3
    endloop
  endfacet
  facet normal 1 0 0
    outer loop
      vertex -17 -51.65 1.9
      vertex -17 -56 0
      vertex -17 -48 0
    endloop
  endfacet
  facet normal 0.831462 -0.555581 0
    outer loop
      vertex -16.5579 -46.4325 1.9
      vertex -16.427 -46.2366 0
      vertex -16.427 -46.2366 1.9
    endloop
  endfacet
  facet normal 0.831462 -0.555581 0
    outer loop
      vertex -16.427 -46.2366 0
      vertex -16.5579 -46.4325 1.9
      vertex -16.5579 -46.4325 0
    endloop
  endfacet
  facet normal 0.488668 0.87247 -0
    outer loop
      vertex -15.362 -58.673 0
      vertex -15.5675 -58.5579 3
      vertex -15.362 -58.673 3
    endloop
  endfacet
  facet normal 0.488668 0.87247 0
    outer loop
      vertex -15.5675 -58.5579 3
      vertex -15.362 -58.673 0
      vertex -15.5675 -58.5579 0
    endloop
  endfacet
  facet normal 0.980744 -0.1953 0
    outer loop
      vertex -16.9631 -47.5307 1.9
      vertex -16.9171 -47.2997 0
      vertex -16.9171 -47.2997 1.9
    endloop
  endfacet
  facet normal 0.980744 -0.1953 0
    outer loop
      vertex -16.9171 -47.2997 0
      vertex -16.9631 -47.5307 1.9
      vertex -16.9631 -47.5307 0
    endloop
  endfacet
  facet normal 0.785241 0.61919 0
    outer loop
      vertex -16.2812 -57.9483 3
      vertex -16.427 -57.7634 0
      vertex -16.427 -57.7634 3
    endloop
  endfacet
  facet normal 0.785241 0.61919 0
    outer loop
      vertex -16.427 -57.7634 0
      vertex -16.2812 -57.9483 3
      vertex -16.2812 -57.9483 0
    endloop
  endfacet
  facet normal 0.1953 0.980744 -0
    outer loop
      vertex -14.4693 -58.9631 0
      vertex -14.7003 -58.9171 3
      vertex -14.4693 -58.9631 3
    endloop
  endfacet
  facet normal 0.1953 0.980744 0
    outer loop
      vertex -14.7003 -58.9171 3
      vertex -14.4693 -58.9631 0
      vertex -14.7003 -58.9171 0
    endloop
  endfacet
  facet normal 0.61919 -0.785241 0
    outer loop
      vertex -15.9483 -45.7188 0
      vertex -15.7634 -45.573 1.9
      vertex -15.9483 -45.7188 1.9
    endloop
  endfacet
  facet normal 0.61919 -0.785241 0
    outer loop
      vertex -15.7634 -45.573 1.9
      vertex -15.9483 -45.7188 0
      vertex -15.7634 -45.573 0
    endloop
  endfacet
  facet normal -0.418627 0.908158 0
    outer loop
      vertex 15.362 -58.673 0
      vertex 15.1481 -58.7716 3
      vertex 15.362 -58.673 3
    endloop
  endfacet
  facet normal -0.418627 0.908158 0
    outer loop
      vertex 15.1481 -58.7716 3
      vertex 15.362 -58.673 0
      vertex 15.1481 -58.7716 0
    endloop
  endfacet
  facet normal 0.99306 0.117605 0
    outer loop
      vertex -16.9631 -56.4693 3
      vertex -16.9908 -56.2354 0
      vertex -16.9908 -56.2354 3
    endloop
  endfacet
  facet normal 0.99306 0.117605 0
    outer loop
      vertex -16.9908 -56.2354 0
      vertex -16.9631 -56.4693 3
      vertex -16.9631 -56.4693 0
    endloop
  endfacet
  facet normal -0.99306 0.117605 0
    outer loop
      vertex 16.9631 -56.4693 0
      vertex 16.9908 -56.2354 3
      vertex 16.9908 -56.2354 0
    endloop
  endfacet
  facet normal -0.99306 0.117605 0
    outer loop
      vertex 16.9908 -56.2354 3
      vertex 16.9631 -56.4693 0
      vertex 16.9631 -56.4693 3
    endloop
  endfacet
  facet normal -0.734364 -0.678756 0
    outer loop
      vertex 16.2812 -46.0517 0
      vertex 16.1213 -45.8787 1.9
      vertex 16.1213 -45.8787 0
    endloop
  endfacet
  facet normal -0.734364 -0.678756 0
    outer loop
      vertex 16.1213 -45.8787 1.9
      vertex 16.2812 -46.0517 0
      vertex 16.2812 -46.0517 1.9
    endloop
  endfacet
  facet normal 0.117605 0.99306 -0
    outer loop
      vertex -14.2354 -58.9908 0
      vertex -14.4693 -58.9631 3
      vertex -14.2354 -58.9908 3
    endloop
  endfacet
  facet normal 0.117605 0.99306 0
    outer loop
      vertex -14.4693 -58.9631 3
      vertex -14.2354 -58.9908 0
      vertex -14.4693 -58.9631 0
    endloop
  endfacet
  facet normal -0.488668 0.87247 0
    outer loop
      vertex 15.5675 -58.5579 0
      vertex 15.362 -58.673 3
      vertex 15.5675 -58.5579 3
    endloop
  endfacet
  facet normal -0.488668 0.87247 0
    outer loop
      vertex 15.362 -58.673 3
      vertex 15.5675 -58.5579 0
      vertex 15.362 -58.673 0
    endloop
  endfacet
  facet normal -0.418627 -0.908158 0
    outer loop
      vertex 15.1481 -45.2284 0
      vertex 15.362 -45.327 1.9
      vertex 15.1481 -45.2284 1.9
    endloop
  endfacet
  facet normal -0.418627 -0.908158 -0
    outer loop
      vertex 15.362 -45.327 1.9
      vertex 15.1481 -45.2284 0
      vertex 15.362 -45.327 0
    endloop
  endfacet
  facet normal -0.678756 -0.734364 0
    outer loop
      vertex 15.9483 -45.7188 0
      vertex 16.1213 -45.8787 1.9
      vertex 15.9483 -45.7188 1.9
    endloop
  endfacet
  facet normal -0.678756 -0.734364 -0
    outer loop
      vertex 16.1213 -45.8787 1.9
      vertex 15.9483 -45.7188 0
      vertex 16.1213 -45.8787 0
    endloop
  endfacet
  facet normal 0.734364 -0.678756 0
    outer loop
      vertex -16.2812 -46.0517 1.9
      vertex -16.1213 -45.8787 0
      vertex -16.1213 -45.8787 1.9
    endloop
  endfacet
  facet normal 0.734364 -0.678756 0
    outer loop
      vertex -16.1213 -45.8787 0
      vertex -16.2812 -46.0517 1.9
      vertex -16.2812 -46.0517 0
    endloop
  endfacet
  facet normal -0.980744 -0.1953 0
    outer loop
      vertex 16.9631 -47.5307 0
      vertex 16.9171 -47.2997 1.9
      vertex 16.9171 -47.2997 0
    endloop
  endfacet
  facet normal -0.980744 -0.1953 0
    outer loop
      vertex 16.9171 -47.2997 1.9
      vertex 16.9631 -47.5307 0
      vertex 16.9631 -47.5307 1.9
    endloop
  endfacet
  facet normal -0.962495 0.271299 0
    outer loop
      vertex 16.8532 -56.927 0
      vertex 16.9171 -56.7003 3
      vertex 16.9171 -56.7003 0
    endloop
  endfacet
  facet normal -0.962495 0.271299 0
    outer loop
      vertex 16.9171 -56.7003 3
      vertex 16.8532 -56.927 0
      vertex 16.8532 -56.927 3
    endloop
  endfacet
  facet normal 0.418627 0.908158 -0
    outer loop
      vertex -15.1481 -58.7716 0
      vertex -15.362 -58.673 3
      vertex -15.1481 -58.7716 3
    endloop
  endfacet
  facet normal 0.418627 0.908158 0
    outer loop
      vertex -15.362 -58.673 3
      vertex -15.1481 -58.7716 0
      vertex -15.362 -58.673 0
    endloop
  endfacet
  facet normal -0.999237 -0.0390526 0
    outer loop
      vertex 17 -48 0
      vertex 16.9908 -47.7646 1.9
      vertex 16.9908 -47.7646 0
    endloop
  endfacet
  facet normal -0.999237 -0.0390526 0
    outer loop
      vertex 16.9908 -47.7646 1.9
      vertex 17 -48 0
      vertex 17 -48 1.9
    endloop
  endfacet
  facet normal -0.555581 -0.831462 0
    outer loop
      vertex 15.5675 -45.4421 0
      vertex 15.7634 -45.573 1.9
      vertex 15.5675 -45.4421 1.9
    endloop
  endfacet
  facet normal -0.555581 -0.831462 -0
    outer loop
      vertex 15.7634 -45.573 1.9
      vertex 15.5675 -45.4421 0
      vertex 15.7634 -45.573 0
    endloop
  endfacet
  facet normal -0.908158 -0.418627 0
    outer loop
      vertex 16.7716 -46.8519 0
      vertex 16.673 -46.638 1.9
      vertex 16.673 -46.638 0
    endloop
  endfacet
  facet normal -0.908158 -0.418627 0
    outer loop
      vertex 16.673 -46.638 1.9
      vertex 16.7716 -46.8519 0
      vertex 16.7716 -46.8519 1.9
    endloop
  endfacet
  facet normal 0.61919 0.785241 -0
    outer loop
      vertex -15.7634 -58.427 0
      vertex -15.9483 -58.2812 3
      vertex -15.7634 -58.427 3
    endloop
  endfacet
  facet normal 0.61919 0.785241 0
    outer loop
      vertex -15.9483 -58.2812 3
      vertex -15.7634 -58.427 0
      vertex -15.9483 -58.2812 0
    endloop
  endfacet
  facet normal 0.908158 0.418627 0
    outer loop
      vertex -16.673 -57.362 3
      vertex -16.7716 -57.1481 0
      vertex -16.7716 -57.1481 3
    endloop
  endfacet
  facet normal 0.908158 0.418627 0
    outer loop
      vertex -16.7716 -57.1481 0
      vertex -16.673 -57.362 3
      vertex -16.673 -57.362 0
    endloop
  endfacet
  facet normal 0.678756 -0.734364 0
    outer loop
      vertex -16.1213 -45.8787 0
      vertex -15.9483 -45.7188 1.9
      vertex -16.1213 -45.8787 1.9
    endloop
  endfacet
  facet normal 0.678756 -0.734364 0
    outer loop
      vertex -15.9483 -45.7188 1.9
      vertex -16.1213 -45.8787 0
      vertex -15.9483 -45.7188 0
    endloop
  endfacet
  facet normal 0.734364 0.678756 0
    outer loop
      vertex -16.1213 -58.1213 3
      vertex -16.2812 -57.9483 0
      vertex -16.2812 -57.9483 3
    endloop
  endfacet
  facet normal 0.734364 0.678756 0
    outer loop
      vertex -16.2812 -57.9483 0
      vertex -16.1213 -58.1213 3
      vertex -16.1213 -58.1213 0
    endloop
  endfacet
  facet normal -0.346236 -0.938147 0
    outer loop
      vertex 14.927 -45.1468 0
      vertex 15.1481 -45.2284 1.9
      vertex 14.927 -45.1468 1.9
    endloop
  endfacet
  facet normal -0.346236 -0.938147 -0
    outer loop
      vertex 15.1481 -45.2284 1.9
      vertex 14.927 -45.1468 0
      vertex 15.1481 -45.2284 0
    endloop
  endfacet
  facet normal 0.346236 -0.938147 0
    outer loop
      vertex -15.1481 -45.2284 0
      vertex -14.927 -45.1468 1.9
      vertex -15.1481 -45.2284 1.9
    endloop
  endfacet
  facet normal 0.346236 -0.938147 0
    outer loop
      vertex -14.927 -45.1468 1.9
      vertex -15.1481 -45.2284 0
      vertex -14.927 -45.1468 0
    endloop
  endfacet
  facet normal 0.980744 0.1953 0
    outer loop
      vertex -16.9171 -56.7003 3
      vertex -16.9631 -56.4693 0
      vertex -16.9631 -56.4693 3
    endloop
  endfacet
  facet normal 0.980744 0.1953 0
    outer loop
      vertex -16.9631 -56.4693 0
      vertex -16.9171 -56.7003 3
      vertex -16.9171 -56.7003 0
    endloop
  endfacet
  facet normal -0.271299 0.962495 0
    outer loop
      vertex 14.927 -58.8532 0
      vertex 14.7003 -58.9171 3
      vertex 14.927 -58.8532 3
    endloop
  endfacet
  facet normal -0.271299 0.962495 0
    outer loop
      vertex 14.7003 -58.9171 3
      vertex 14.927 -58.8532 0
      vertex 14.7003 -58.9171 0
    endloop
  endfacet
  facet normal 0.117605 -0.99306 0
    outer loop
      vertex -14.4693 -45.0369 0
      vertex -14.2354 -45.0092 1.9
      vertex -14.4693 -45.0369 1.9
    endloop
  endfacet
  facet normal 0.117605 -0.99306 0
    outer loop
      vertex -14.2354 -45.0092 1.9
      vertex -14.4693 -45.0369 0
      vertex -14.2354 -45.0092 0
    endloop
  endfacet
  facet normal -0.61919 -0.785241 0
    outer loop
      vertex 15.7634 -45.573 0
      vertex 15.9483 -45.7188 1.9
      vertex 15.7634 -45.573 1.9
    endloop
  endfacet
  facet normal -0.61919 -0.785241 -0
    outer loop
      vertex 15.9483 -45.7188 1.9
      vertex 15.7634 -45.573 0
      vertex 15.9483 -45.7188 0
    endloop
  endfacet
  facet normal -0.938147 0.346236 0
    outer loop
      vertex 16.7716 -57.1481 0
      vertex 16.8532 -56.927 3
      vertex 16.8532 -56.927 0
    endloop
  endfacet
  facet normal -0.938147 0.346236 0
    outer loop
      vertex 16.8532 -56.927 3
      vertex 16.7716 -57.1481 0
      vertex 16.7716 -57.1481 3
    endloop
  endfacet
  facet normal 0.99306 -0.117605 0
    outer loop
      vertex -16.9908 -47.7646 1.9
      vertex -16.9631 -47.5307 0
      vertex -16.9631 -47.5307 1.9
    endloop
  endfacet
  facet normal 0.99306 -0.117605 0
    outer loop
      vertex -16.9631 -47.5307 0
      vertex -16.9908 -47.7646 1.9
      vertex -16.9908 -47.7646 0
    endloop
  endfacet
  facet normal 0.271299 0.962495 -0
    outer loop
      vertex -14.7003 -58.9171 0
      vertex -14.927 -58.8532 3
      vertex -14.7003 -58.9171 3
    endloop
  endfacet
  facet normal 0.271299 0.962495 0
    outer loop
      vertex -14.927 -58.8532 3
      vertex -14.7003 -58.9171 0
      vertex -14.927 -58.8532 0
    endloop
  endfacet
  facet normal 0.908158 -0.418627 0
    outer loop
      vertex -16.7716 -46.8519 1.9
      vertex -16.673 -46.638 0
      vertex -16.673 -46.638 1.9
    endloop
  endfacet
  facet normal 0.908158 -0.418627 0
    outer loop
      vertex -16.673 -46.638 0
      vertex -16.7716 -46.8519 1.9
      vertex -16.7716 -46.8519 0
    endloop
  endfacet
  facet normal 0.488668 -0.87247 0
    outer loop
      vertex -15.5675 -45.4421 0
      vertex -15.362 -45.327 1.9
      vertex -15.5675 -45.4421 1.9
    endloop
  endfacet
  facet normal 0.488668 -0.87247 0
    outer loop
      vertex -15.362 -45.327 1.9
      vertex -15.5675 -45.4421 0
      vertex -15.362 -45.327 0
    endloop
  endfacet
  facet normal 0.555581 0.831462 -0
    outer loop
      vertex -15.5675 -58.5579 0
      vertex -15.7634 -58.427 3
      vertex -15.5675 -58.5579 3
    endloop
  endfacet
  facet normal 0.555581 0.831462 0
    outer loop
      vertex -15.7634 -58.427 3
      vertex -15.5675 -58.5579 0
      vertex -15.7634 -58.427 0
    endloop
  endfacet
  facet normal 0.87247 -0.488668 0
    outer loop
      vertex -16.673 -46.638 1.9
      vertex -16.5579 -46.4325 0
      vertex -16.5579 -46.4325 1.9
    endloop
  endfacet
  facet normal 0.87247 -0.488668 0
    outer loop
      vertex -16.5579 -46.4325 0
      vertex -16.673 -46.638 1.9
      vertex -16.673 -46.638 0
    endloop
  endfacet
  facet normal -0.980744 0.1953 0
    outer loop
      vertex 16.9171 -56.7003 0
      vertex 16.9631 -56.4693 3
      vertex 16.9631 -56.4693 0
    endloop
  endfacet
  facet normal -0.980744 0.1953 0
    outer loop
      vertex 16.9631 -56.4693 3
      vertex 16.9171 -56.7003 0
      vertex 16.9171 -56.7003 3
    endloop
  endfacet
  facet normal -0.785241 0.61919 0
    outer loop
      vertex 16.2812 -57.9483 0
      vertex 16.427 -57.7634 3
      vertex 16.427 -57.7634 0
    endloop
  endfacet
  facet normal -0.785241 0.61919 0
    outer loop
      vertex 16.427 -57.7634 3
      vertex 16.2812 -57.9483 0
      vertex 16.2812 -57.9483 3
    endloop
  endfacet
  facet normal -0.117605 -0.99306 0
    outer loop
      vertex 14.2354 -45.0092 0
      vertex 14.4693 -45.0369 1.9
      vertex 14.2354 -45.0092 1.9
    endloop
  endfacet
  facet normal -0.117605 -0.99306 -0
    outer loop
      vertex 14.4693 -45.0369 1.9
      vertex 14.2354 -45.0092 0
      vertex 14.4693 -45.0369 0
    endloop
  endfacet
  facet normal -0.908158 0.418627 0
    outer loop
      vertex 16.673 -57.362 0
      vertex 16.7716 -57.1481 3
      vertex 16.7716 -57.1481 0
    endloop
  endfacet
  facet normal -0.908158 0.418627 0
    outer loop
      vertex 16.7716 -57.1481 3
      vertex 16.673 -57.362 0
      vertex 16.673 -57.362 3
    endloop
  endfacet
  facet normal -0.999237 0.0390526 0
    outer loop
      vertex 16.9908 -56.2354 0
      vertex 17 -56 3
      vertex 17 -56 0
    endloop
  endfacet
  facet normal -0.999237 0.0390526 0
    outer loop
      vertex 17 -56 3
      vertex 16.9908 -56.2354 0
      vertex 16.9908 -56.2354 3
    endloop
  endfacet
  facet normal -0.87247 0.488668 0
    outer loop
      vertex 16.5579 -57.5675 0
      vertex 16.673 -57.362 3
      vertex 16.673 -57.362 0
    endloop
  endfacet
  facet normal -0.87247 0.488668 0
    outer loop
      vertex 16.673 -57.362 3
      vertex 16.5579 -57.5675 0
      vertex 16.5579 -57.5675 3
    endloop
  endfacet
  facet normal 0.962495 0.271299 0
    outer loop
      vertex -16.8532 -56.927 3
      vertex -16.9171 -56.7003 0
      vertex -16.9171 -56.7003 3
    endloop
  endfacet
  facet normal 0.962495 0.271299 0
    outer loop
      vertex -16.9171 -56.7003 0
      vertex -16.8532 -56.927 3
      vertex -16.8532 -56.927 0
    endloop
  endfacet
  facet normal -0.1953 -0.980744 0
    outer loop
      vertex 14.4693 -45.0369 0
      vertex 14.7003 -45.0829 1.9
      vertex 14.4693 -45.0369 1.9
    endloop
  endfacet
  facet normal -0.1953 -0.980744 -0
    outer loop
      vertex 14.7003 -45.0829 1.9
      vertex 14.4693 -45.0369 0
      vertex 14.7003 -45.0829 0
    endloop
  endfacet
  facet normal -0.99306 -0.117605 0
    outer loop
      vertex 16.9908 -47.7646 0
      vertex 16.9631 -47.5307 1.9
      vertex 16.9631 -47.5307 0
    endloop
  endfacet
  facet normal -0.99306 -0.117605 0
    outer loop
      vertex 16.9631 -47.5307 1.9
      vertex 16.9908 -47.7646 0
      vertex 16.9908 -47.7646 1.9
    endloop
  endfacet
  facet normal -0.346236 0.938147 0
    outer loop
      vertex 15.1481 -58.7716 0
      vertex 14.927 -58.8532 3
      vertex 15.1481 -58.7716 3
    endloop
  endfacet
  facet normal -0.346236 0.938147 0
    outer loop
      vertex 14.927 -58.8532 3
      vertex 15.1481 -58.7716 0
      vertex 14.927 -58.8532 0
    endloop
  endfacet
  facet normal -0.117605 0.99306 0
    outer loop
      vertex 14.4693 -58.9631 0
      vertex 14.2354 -58.9908 3
      vertex 14.4693 -58.9631 3
    endloop
  endfacet
  facet normal -0.117605 0.99306 0
    outer loop
      vertex 14.2354 -58.9908 3
      vertex 14.4693 -58.9631 0
      vertex 14.2354 -58.9908 0
    endloop
  endfacet
  facet normal 0.1953 -0.980744 0
    outer loop
      vertex -14.7003 -45.0829 0
      vertex -14.4693 -45.0369 1.9
      vertex -14.7003 -45.0829 1.9
    endloop
  endfacet
  facet normal 0.1953 -0.980744 0
    outer loop
      vertex -14.4693 -45.0369 1.9
      vertex -14.7003 -45.0829 0
      vertex -14.4693 -45.0369 0
    endloop
  endfacet
  facet normal 0.938147 0.346236 0
    outer loop
      vertex -16.7716 -57.1481 3
      vertex -16.8532 -56.927 0
      vertex -16.8532 -56.927 3
    endloop
  endfacet
  facet normal 0.938147 0.346236 0
    outer loop
      vertex -16.8532 -56.927 0
      vertex -16.7716 -57.1481 3
      vertex -16.7716 -57.1481 0
    endloop
  endfacet
  facet normal 0.555581 -0.831462 0
    outer loop
      vertex -15.7634 -45.573 0
      vertex -15.5675 -45.4421 1.9
      vertex -15.7634 -45.573 1.9
    endloop
  endfacet
  facet normal 0.555581 -0.831462 0
    outer loop
      vertex -15.5675 -45.4421 1.9
      vertex -15.7634 -45.573 0
      vertex -15.5675 -45.4421 0
    endloop
  endfacet
  facet normal 0.87247 0.488668 0
    outer loop
      vertex -16.5579 -57.5675 3
      vertex -16.673 -57.362 0
      vertex -16.673 -57.362 3
    endloop
  endfacet
  facet normal 0.87247 0.488668 0
    outer loop
      vertex -16.673 -57.362 0
      vertex -16.5579 -57.5675 3
      vertex -16.5579 -57.5675 0
    endloop
  endfacet
  facet normal 0.678756 0.734364 -0
    outer loop
      vertex -15.9483 -58.2812 0
      vertex -16.1213 -58.1213 3
      vertex -15.9483 -58.2812 3
    endloop
  endfacet
  facet normal 0.678756 0.734364 0
    outer loop
      vertex -16.1213 -58.1213 3
      vertex -15.9483 -58.2812 0
      vertex -16.1213 -58.1213 0
    endloop
  endfacet
  facet normal -0.962495 -0.271299 0
    outer loop
      vertex 16.9171 -47.2997 0
      vertex 16.8532 -47.073 1.9
      vertex 16.8532 -47.073 0
    endloop
  endfacet
  facet normal -0.962495 -0.271299 0
    outer loop
      vertex 16.8532 -47.073 1.9
      vertex 16.9171 -47.2997 0
      vertex 16.9171 -47.2997 1.9
    endloop
  endfacet
  facet normal -0.87247 -0.488668 0
    outer loop
      vertex 16.673 -46.638 0
      vertex 16.5579 -46.4325 1.9
      vertex 16.5579 -46.4325 0
    endloop
  endfacet
  facet normal -0.87247 -0.488668 0
    outer loop
      vertex 16.5579 -46.4325 1.9
      vertex 16.673 -46.638 0
      vertex 16.673 -46.638 1.9
    endloop
  endfacet
  facet normal -1 0 0
    outer loop
      vertex 17 -48 0
      vertex 17 -51.65 1.9
      vertex 17 -48 1.9
    endloop
  endfacet
  facet normal -1 0 0
    outer loop
      vertex 17 -56 0
      vertex 17 -51.65 1.9
      vertex 17 -48 0
    endloop
  endfacet
  facet normal -1 0 0
    outer loop
      vertex 17 -56 3
      vertex 17 -51.65 1.9
      vertex 17 -56 0
    endloop
  endfacet
  facet normal -1 0 0
    outer loop
      vertex 17 -51.65 1.9
      vertex 17 -56 3
      vertex 17 -51.65 3
    endloop
  endfacet
  facet normal 0.785241 -0.61919 0
    outer loop
      vertex -16.427 -46.2366 1.9
      vertex -16.2812 -46.0517 0
      vertex -16.2812 -46.0517 1.9
    endloop
  endfacet
  facet normal 0.785241 -0.61919 0
    outer loop
      vertex -16.2812 -46.0517 0
      vertex -16.427 -46.2366 1.9
      vertex -16.427 -46.2366 0
    endloop
  endfacet
  facet normal -0.1953 0.980744 0
    outer loop
      vertex 14.7003 -58.9171 0
      vertex 14.4693 -58.9631 3
      vertex 14.7003 -58.9171 3
    endloop
  endfacet
  facet normal -0.1953 0.980744 0
    outer loop
      vertex 14.4693 -58.9631 3
      vertex 14.7003 -58.9171 0
      vertex 14.4693 -58.9631 0
    endloop
  endfacet
  facet normal -0.785241 -0.61919 0
    outer loop
      vertex 16.427 -46.2366 0
      vertex 16.2812 -46.0517 1.9
      vertex 16.2812 -46.0517 0
    endloop
  endfacet
  facet normal -0.785241 -0.61919 0
    outer loop
      vertex 16.2812 -46.0517 1.9
      vertex 16.427 -46.2366 0
      vertex 16.427 -46.2366 1.9
    endloop
  endfacet
  facet normal -0.831462 0.555581 0
    outer loop
      vertex 16.427 -57.7634 0
      vertex 16.5579 -57.5675 3
      vertex 16.5579 -57.5675 0
    endloop
  endfacet
  facet normal -0.831462 0.555581 0
    outer loop
      vertex 16.5579 -57.5675 3
      vertex 16.427 -57.7634 0
      vertex 16.427 -57.7634 3
    endloop
  endfacet
  facet normal -0.555581 0.831462 0
    outer loop
      vertex 15.7634 -58.427 0
      vertex 15.5675 -58.5579 3
      vertex 15.7634 -58.427 3
    endloop
  endfacet
  facet normal -0.555581 0.831462 0
    outer loop
      vertex 15.5675 -58.5579 3
      vertex 15.7634 -58.427 0
      vertex 15.5675 -58.5579 0
    endloop
  endfacet
  facet normal -0.61919 0.785241 0
    outer loop
      vertex 15.9483 -58.2812 0
      vertex 15.7634 -58.427 3
      vertex 15.9483 -58.2812 3
    endloop
  endfacet
  facet normal -0.61919 0.785241 0
    outer loop
      vertex 15.7634 -58.427 3
      vertex 15.9483 -58.2812 0
      vertex 15.7634 -58.427 0
    endloop
  endfacet
  facet normal -0.678756 0.734364 0
    outer loop
      vertex 16.1213 -58.1213 0
      vertex 15.9483 -58.2812 3
      vertex 16.1213 -58.1213 3
    endloop
  endfacet
  facet normal -0.678756 0.734364 0
    outer loop
      vertex 15.9483 -58.2812 3
      vertex 16.1213 -58.1213 0
      vertex 15.9483 -58.2812 0
    endloop
  endfacet
  facet normal 0.0394848 -0.99922 0
    outer loop
      vertex -62.9069 13.7438 1.9
      vertex -62.75 13.75 3
      vertex -62.9069 13.7438 3
    endloop
  endfacet
  facet normal 0.0394848 -0.99922 0
    outer loop
      vertex -62.75 13.75 3
      vertex -62.9069 13.7438 1.9
      vertex -62.75 13.75 1.9
    endloop
  endfacet
  facet normal -0.0394848 0.99922 0
    outer loop
      vertex -27.0931 -13.7438 1.9
      vertex -27.25 -13.75 3
      vertex -27.0931 -13.7438 3
    endloop
  endfacet
  facet normal -0.0394848 0.99922 0
    outer loop
      vertex -27.25 -13.75 3
      vertex -27.0931 -13.7438 1.9
      vertex -27.25 -13.75 1.9
    endloop
  endfacet
  facet normal 0.619087 0.785323 -0
    outer loop
      vertex -63.9256 -13.368 1.9
      vertex -64.0489 -13.2708 3
      vertex -63.9256 -13.368 3
    endloop
  endfacet
  facet normal 0.619087 0.785323 0
    outer loop
      vertex -64.0489 -13.2708 3
      vertex -63.9256 -13.368 1.9
      vertex -64.0489 -13.2708 1.9
    endloop
  endfacet
  facet normal 0 -1 0
    outer loop
      vertex -62.75 13.75 1.9
      vertex -27.25 13.75 3
      vertex -62.75 13.75 3
    endloop
  endfacet
  facet normal 0 -1 -0
    outer loop
      vertex -27.25 13.75 3
      vertex -62.75 13.75 1.9
      vertex -27.25 13.75 1.9
    endloop
  endfacet
  facet normal 0.96248 0.271354 0
    outer loop
      vertex -64.6521 -12.368 3
      vertex -64.6947 -12.2169 1.9
      vertex -64.6947 -12.2169 3
    endloop
  endfacet
  facet normal 0.96248 0.271354 0
    outer loop
      vertex -64.6947 -12.2169 1.9
      vertex -64.6521 -12.368 3
      vertex -64.6521 -12.368 1.9
    endloop
  endfacet
  facet normal -0.271354 0.96248 0
    outer loop
      vertex -26.632 -13.6521 1.9
      vertex -26.7831 -13.6947 3
      vertex -26.632 -13.6521 3
    endloop
  endfacet
  facet normal -0.271354 0.96248 0
    outer loop
      vertex -26.7831 -13.6947 3
      vertex -26.632 -13.6521 1.9
      vertex -26.7831 -13.6947 1.9
    endloop
  endfacet
  facet normal 0.734266 -0.678862 0
    outer loop
      vertex -64.2708 13.0489 3
      vertex -64.1642 13.1642 1.9
      vertex -64.1642 13.1642 3
    endloop
  endfacet
  facet normal 0.734266 -0.678862 0
    outer loop
      vertex -64.1642 13.1642 1.9
      vertex -64.2708 13.0489 3
      vertex -64.2708 13.0489 1.9
    endloop
  endfacet
  facet normal 0.555728 -0.831364 0
    outer loop
      vertex -63.9256 13.368 1.9
      vertex -63.795 13.4553 3
      vertex -63.9256 13.368 3
    endloop
  endfacet
  facet normal 0.555728 -0.831364 0
    outer loop
      vertex -63.795 13.4553 3
      vertex -63.9256 13.368 1.9
      vertex -63.795 13.4553 1.9
    endloop
  endfacet
  facet normal 1 -0 0
    outer loop
      vertex -64.75 -11.75 3
      vertex -64.75 11.75 1.9
      vertex -64.75 11.75 3
    endloop
  endfacet
  facet normal 1 0 0
    outer loop
      vertex -64.75 11.75 1.9
      vertex -64.75 -11.75 3
      vertex -64.75 -11.75 1.9
    endloop
  endfacet
  facet normal -0.418977 0.907997 0
    outer loop
      vertex -26.342 -13.532 1.9
      vertex -26.4846 -13.5978 3
      vertex -26.342 -13.532 3
    endloop
  endfacet
  facet normal -0.418977 0.907997 0
    outer loop
      vertex -26.4846 -13.5978 3
      vertex -26.342 -13.532 1.9
      vertex -26.4846 -13.5978 1.9
    endloop
  endfacet
  facet normal 0.938354 -0.345676 0
    outer loop
      vertex -64.6521 12.368 3
      vertex -64.5978 12.5154 1.9
      vertex -64.5978 12.5154 3
    endloop
  endfacet
  facet normal 0.938354 -0.345676 0
    outer loop
      vertex -64.5978 12.5154 1.9
      vertex -64.6521 12.368 3
      vertex -64.6521 12.368 1.9
    endloop
  endfacet
  facet normal 0 1 -0
    outer loop
      vertex -27.25 -13.75 1.9
      vertex -62.75 -13.75 3
      vertex -27.25 -13.75 3
    endloop
  endfacet
  facet normal 0 1 0
    outer loop
      vertex -62.75 -13.75 3
      vertex -27.25 -13.75 1.9
      vertex -62.75 -13.75 1.9
    endloop
  endfacet
  facet normal 0.418977 0.907997 -0
    outer loop
      vertex -63.5154 -13.5978 1.9
      vertex -63.658 -13.532 3
      vertex -63.5154 -13.5978 3
    endloop
  endfacet
  facet normal 0.418977 0.907997 0
    outer loop
      vertex -63.658 -13.532 3
      vertex -63.5154 -13.5978 1.9
      vertex -63.658 -13.532 1.9
    endloop
  endfacet
  facet normal 0.0394848 0.99922 -0
    outer loop
      vertex -62.75 -13.75 1.9
      vertex -62.9069 -13.7438 3
      vertex -62.75 -13.75 3
    endloop
  endfacet
  facet normal 0.0394848 0.99922 0
    outer loop
      vertex -62.9069 -13.7438 3
      vertex -62.75 -13.75 1.9
      vertex -62.9069 -13.7438 1.9
    endloop
  endfacet
  facet normal -0.345676 -0.938354 0
    outer loop
      vertex -26.632 13.6521 1.9
      vertex -26.4846 13.5978 3
      vertex -26.632 13.6521 3
    endloop
  endfacet
  facet normal -0.345676 -0.938354 -0
    outer loop
      vertex -26.4846 13.5978 3
      vertex -26.632 13.6521 1.9
      vertex -26.4846 13.5978 1.9
    endloop
  endfacet
  facet normal -0.980703 -0.195504 0
    outer loop
      vertex -25.2746 12.0629 1.9
      vertex -25.3053 12.2169 3
      vertex -25.3053 12.2169 1.9
    endloop
  endfacet
  facet normal -0.980703 -0.195504 0
    outer loop
      vertex -25.3053 12.2169 3
      vertex -25.2746 12.0629 1.9
      vertex -25.2746 12.0629 3
    endloop
  endfacet
  facet normal 0.678862 -0.734266 0
    outer loop
      vertex -64.1642 13.1642 1.9
      vertex -64.0489 13.2708 3
      vertex -64.1642 13.1642 3
    endloop
  endfacet
  facet normal 0.678862 -0.734266 0
    outer loop
      vertex -64.0489 13.2708 3
      vertex -64.1642 13.1642 1.9
      vertex -64.0489 13.2708 1.9
    endloop
  endfacet
  facet normal -0.907997 0.418977 0
    outer loop
      vertex -25.468 -12.658 1.9
      vertex -25.4022 -12.5154 3
      vertex -25.4022 -12.5154 1.9
    endloop
  endfacet
  facet normal -0.907997 0.418977 0
    outer loop
      vertex -25.4022 -12.5154 3
      vertex -25.468 -12.658 1.9
      vertex -25.468 -12.658 3
    endloop
  endfacet
  facet normal 0.980703 -0.195504 0
    outer loop
      vertex -64.7254 12.0629 3
      vertex -64.6947 12.2169 1.9
      vertex -64.6947 12.2169 3
    endloop
  endfacet
  facet normal 0.980703 -0.195504 0
    outer loop
      vertex -64.6947 12.2169 1.9
      vertex -64.7254 12.0629 3
      vertex -64.7254 12.0629 1.9
    endloop
  endfacet
  facet normal 0.345676 -0.938354 0
    outer loop
      vertex -63.5154 13.5978 1.9
      vertex -63.368 13.6521 3
      vertex -63.5154 13.5978 3
    endloop
  endfacet
  facet normal 0.345676 -0.938354 0
    outer loop
      vertex -63.368 13.6521 3
      vertex -63.5154 13.5978 1.9
      vertex -63.368 13.6521 1.9
    endloop
  endfacet
  facet normal -0.785323 0.619087 0
    outer loop
      vertex -25.7292 -13.0489 1.9
      vertex -25.632 -12.9256 3
      vertex -25.632 -12.9256 1.9
    endloop
  endfacet
  facet normal -0.785323 0.619087 0
    outer loop
      vertex -25.632 -12.9256 3
      vertex -25.7292 -13.0489 1.9
      vertex -25.7292 -13.0489 3
    endloop
  endfacet
  facet normal -0.117137 -0.993116 0
    outer loop
      vertex -27.0931 13.7438 1.9
      vertex -26.9371 13.7254 3
      vertex -27.0931 13.7438 3
    endloop
  endfacet
  facet normal -0.117137 -0.993116 -0
    outer loop
      vertex -26.9371 13.7254 3
      vertex -27.0931 13.7438 1.9
      vertex -26.9371 13.7254 1.9
    endloop
  endfacet
  facet normal 0.418977 -0.907997 0
    outer loop
      vertex -63.658 13.532 1.9
      vertex -63.5154 13.5978 3
      vertex -63.658 13.532 3
    endloop
  endfacet
  facet normal 0.418977 -0.907997 0
    outer loop
      vertex -63.5154 13.5978 3
      vertex -63.658 13.532 1.9
      vertex -63.5154 13.5978 1.9
    endloop
  endfacet
  facet normal -0.99922 -0.0394848 0
    outer loop
      vertex -25.25 11.75 1.9
      vertex -25.2562 11.9069 3
      vertex -25.2562 11.9069 1.9
    endloop
  endfacet
  facet normal -0.99922 -0.0394848 0
    outer loop
      vertex -25.2562 11.9069 3
      vertex -25.25 11.75 1.9
      vertex -25.25 11.75 3
    endloop
  endfacet
  facet normal -0.938354 -0.345676 0
    outer loop
      vertex -25.3479 12.368 1.9
      vertex -25.4022 12.5154 3
      vertex -25.4022 12.5154 1.9
    endloop
  endfacet
  facet normal -0.938354 -0.345676 0
    outer loop
      vertex -25.4022 12.5154 3
      vertex -25.3479 12.368 1.9
      vertex -25.3479 12.368 3
    endloop
  endfacet
  facet normal 0.87256 -0.488506 0
    outer loop
      vertex -64.532 12.658 3
      vertex -64.4553 12.795 1.9
      vertex -64.4553 12.795 3
    endloop
  endfacet
  facet normal 0.87256 -0.488506 0
    outer loop
      vertex -64.4553 12.795 1.9
      vertex -64.532 12.658 3
      vertex -64.532 12.658 1.9
    endloop
  endfacet
  facet normal -0.678862 -0.734266 0
    outer loop
      vertex -25.9511 13.2708 1.9
      vertex -25.8358 13.1642 3
      vertex -25.9511 13.2708 3
    endloop
  endfacet
  facet normal -0.678862 -0.734266 -0
    outer loop
      vertex -25.8358 13.1642 3
      vertex -25.9511 13.2708 1.9
      vertex -25.8358 13.1642 1.9
    endloop
  endfacet
  facet normal 0.345676 0.938354 -0
    outer loop
      vertex -63.368 -13.6521 1.9
      vertex -63.5154 -13.5978 3
      vertex -63.368 -13.6521 3
    endloop
  endfacet
  facet normal 0.345676 0.938354 0
    outer loop
      vertex -63.5154 -13.5978 3
      vertex -63.368 -13.6521 1.9
      vertex -63.5154 -13.5978 1.9
    endloop
  endfacet
  facet normal 0.117137 -0.993116 0
    outer loop
      vertex -63.0629 13.7254 1.9
      vertex -62.9069 13.7438 3
      vertex -63.0629 13.7254 3
    endloop
  endfacet
  facet normal 0.117137 -0.993116 0
    outer loop
      vertex -62.9069 13.7438 3
      vertex -63.0629 13.7254 1.9
      vertex -62.9069 13.7438 1.9
    endloop
  endfacet
  facet normal -0.555728 0.831364 0
    outer loop
      vertex -26.0744 -13.368 1.9
      vertex -26.205 -13.4553 3
      vertex -26.0744 -13.368 3
    endloop
  endfacet
  facet normal -0.555728 0.831364 0
    outer loop
      vertex -26.205 -13.4553 3
      vertex -26.0744 -13.368 1.9
      vertex -26.205 -13.4553 1.9
    endloop
  endfacet
  facet normal 0.99922 -0.0394848 0
    outer loop
      vertex -64.75 11.75 3
      vertex -64.7438 11.9069 1.9
      vertex -64.7438 11.9069 3
    endloop
  endfacet
  facet normal 0.99922 -0.0394848 0
    outer loop
      vertex -64.7438 11.9069 1.9
      vertex -64.75 11.75 3
      vertex -64.75 11.75 1.9
    endloop
  endfacet
  facet normal -1 0 0
    outer loop
      vertex -25.25 -11.75 1.9
      vertex -25.25 11.75 3
      vertex -25.25 11.75 1.9
    endloop
  endfacet
  facet normal -1 -0 0
    outer loop
      vertex -25.25 11.75 3
      vertex -25.25 -11.75 1.9
      vertex -25.25 -11.75 3
    endloop
  endfacet
  facet normal 0.555728 0.831364 -0
    outer loop
      vertex -63.795 -13.4553 1.9
      vertex -63.9256 -13.368 3
      vertex -63.795 -13.4553 3
    endloop
  endfacet
  facet normal 0.555728 0.831364 0
    outer loop
      vertex -63.9256 -13.368 3
      vertex -63.795 -13.4553 1.9
      vertex -63.9256 -13.368 1.9
    endloop
  endfacet
  facet normal 0.488506 0.87256 -0
    outer loop
      vertex -63.658 -13.532 1.9
      vertex -63.795 -13.4553 3
      vertex -63.658 -13.532 3
    endloop
  endfacet
  facet normal 0.488506 0.87256 0
    outer loop
      vertex -63.795 -13.4553 3
      vertex -63.658 -13.532 1.9
      vertex -63.795 -13.4553 1.9
    endloop
  endfacet
  facet normal -0.488506 -0.87256 0
    outer loop
      vertex -26.342 13.532 1.9
      vertex -26.205 13.4553 3
      vertex -26.342 13.532 3
    endloop
  endfacet
  facet normal -0.488506 -0.87256 -0
    outer loop
      vertex -26.205 13.4553 3
      vertex -26.342 13.532 1.9
      vertex -26.205 13.4553 1.9
    endloop
  endfacet
  facet normal 0.993116 -0.117137 0
    outer loop
      vertex -64.7438 11.9069 3
      vertex -64.7254 12.0629 1.9
      vertex -64.7254 12.0629 3
    endloop
  endfacet
  facet normal 0.993116 -0.117137 0
    outer loop
      vertex -64.7254 12.0629 1.9
      vertex -64.7438 11.9069 3
      vertex -64.7438 11.9069 1.9
    endloop
  endfacet
  facet normal 0.271354 0.96248 -0
    outer loop
      vertex -63.2169 -13.6947 1.9
      vertex -63.368 -13.6521 3
      vertex -63.2169 -13.6947 3
    endloop
  endfacet
  facet normal 0.271354 0.96248 0
    outer loop
      vertex -63.368 -13.6521 3
      vertex -63.2169 -13.6947 1.9
      vertex -63.368 -13.6521 1.9
    endloop
  endfacet
  facet normal -0.938354 0.345676 0
    outer loop
      vertex -25.4022 -12.5154 1.9
      vertex -25.3479 -12.368 3
      vertex -25.3479 -12.368 1.9
    endloop
  endfacet
  facet normal -0.938354 0.345676 0
    outer loop
      vertex -25.3479 -12.368 3
      vertex -25.4022 -12.5154 1.9
      vertex -25.4022 -12.5154 3
    endloop
  endfacet
  facet normal -0.831364 -0.555728 0
    outer loop
      vertex -25.5447 12.795 1.9
      vertex -25.632 12.9256 3
      vertex -25.632 12.9256 1.9
    endloop
  endfacet
  facet normal -0.831364 -0.555728 0
    outer loop
      vertex -25.632 12.9256 3
      vertex -25.5447 12.795 1.9
      vertex -25.5447 12.795 3
    endloop
  endfacet
  facet normal 0.195504 0.980703 -0
    outer loop
      vertex -63.0629 -13.7254 1.9
      vertex -63.2169 -13.6947 3
      vertex -63.0629 -13.7254 3
    endloop
  endfacet
  facet normal 0.195504 0.980703 0
    outer loop
      vertex -63.2169 -13.6947 3
      vertex -63.0629 -13.7254 1.9
      vertex -63.2169 -13.6947 1.9
    endloop
  endfacet
  facet normal -0.555728 -0.831364 0
    outer loop
      vertex -26.205 13.4553 1.9
      vertex -26.0744 13.368 3
      vertex -26.205 13.4553 3
    endloop
  endfacet
  facet normal -0.555728 -0.831364 -0
    outer loop
      vertex -26.0744 13.368 3
      vertex -26.205 13.4553 1.9
      vertex -26.0744 13.368 1.9
    endloop
  endfacet
  facet normal -0.87256 0.488506 0
    outer loop
      vertex -25.5447 -12.795 1.9
      vertex -25.468 -12.658 3
      vertex -25.468 -12.658 1.9
    endloop
  endfacet
  facet normal -0.87256 0.488506 0
    outer loop
      vertex -25.468 -12.658 3
      vertex -25.5447 -12.795 1.9
      vertex -25.5447 -12.795 3
    endloop
  endfacet
  facet normal -0.418977 -0.907997 0
    outer loop
      vertex -26.4846 13.5978 1.9
      vertex -26.342 13.532 3
      vertex -26.4846 13.5978 3
    endloop
  endfacet
  facet normal -0.418977 -0.907997 -0
    outer loop
      vertex -26.342 13.532 3
      vertex -26.4846 13.5978 1.9
      vertex -26.342 13.532 1.9
    endloop
  endfacet
  facet normal 0.938354 0.345676 0
    outer loop
      vertex -64.5978 -12.5154 3
      vertex -64.6521 -12.368 1.9
      vertex -64.6521 -12.368 3
    endloop
  endfacet
  facet normal 0.938354 0.345676 0
    outer loop
      vertex -64.6521 -12.368 1.9
      vertex -64.5978 -12.5154 3
      vertex -64.5978 -12.5154 1.9
    endloop
  endfacet
  facet normal -0.678862 0.734266 0
    outer loop
      vertex -25.8358 -13.1642 1.9
      vertex -25.9511 -13.2708 3
      vertex -25.8358 -13.1642 3
    endloop
  endfacet
  facet normal -0.678862 0.734266 0
    outer loop
      vertex -25.9511 -13.2708 3
      vertex -25.8358 -13.1642 1.9
      vertex -25.9511 -13.2708 1.9
    endloop
  endfacet
  facet normal -0.195504 -0.980703 0
    outer loop
      vertex -26.9371 13.7254 1.9
      vertex -26.7831 13.6947 3
      vertex -26.9371 13.7254 3
    endloop
  endfacet
  facet normal -0.195504 -0.980703 -0
    outer loop
      vertex -26.7831 13.6947 3
      vertex -26.9371 13.7254 1.9
      vertex -26.7831 13.6947 1.9
    endloop
  endfacet
  facet normal 0.96248 -0.271354 0
    outer loop
      vertex -64.6947 12.2169 3
      vertex -64.6521 12.368 1.9
      vertex -64.6521 12.368 3
    endloop
  endfacet
  facet normal 0.96248 -0.271354 0
    outer loop
      vertex -64.6521 12.368 1.9
      vertex -64.6947 12.2169 3
      vertex -64.6947 12.2169 1.9
    endloop
  endfacet
  facet normal -0.271354 -0.96248 0
    outer loop
      vertex -26.7831 13.6947 1.9
      vertex -26.632 13.6521 3
      vertex -26.7831 13.6947 3
    endloop
  endfacet
  facet normal -0.271354 -0.96248 -0
    outer loop
      vertex -26.632 13.6521 3
      vertex -26.7831 13.6947 1.9
      vertex -26.632 13.6521 1.9
    endloop
  endfacet
  facet normal 0.678862 0.734266 -0
    outer loop
      vertex -64.0489 -13.2708 1.9
      vertex -64.1642 -13.1642 3
      vertex -64.0489 -13.2708 3
    endloop
  endfacet
  facet normal 0.678862 0.734266 0
    outer loop
      vertex -64.1642 -13.1642 3
      vertex -64.0489 -13.2708 1.9
      vertex -64.1642 -13.1642 1.9
    endloop
  endfacet
  facet normal -0.907997 -0.418977 0
    outer loop
      vertex -25.4022 12.5154 1.9
      vertex -25.468 12.658 3
      vertex -25.468 12.658 1.9
    endloop
  endfacet
  facet normal -0.907997 -0.418977 0
    outer loop
      vertex -25.468 12.658 3
      vertex -25.4022 12.5154 1.9
      vertex -25.4022 12.5154 3
    endloop
  endfacet
  facet normal 0.117137 0.993116 -0
    outer loop
      vertex -62.9069 -13.7438 1.9
      vertex -63.0629 -13.7254 3
      vertex -62.9069 -13.7438 3
    endloop
  endfacet
  facet normal 0.117137 0.993116 0
    outer loop
      vertex -63.0629 -13.7254 3
      vertex -62.9069 -13.7438 1.9
      vertex -63.0629 -13.7254 1.9
    endloop
  endfacet
  facet normal -0.96248 0.271354 0
    outer loop
      vertex -25.3479 -12.368 1.9
      vertex -25.3053 -12.2169 3
      vertex -25.3053 -12.2169 1.9
    endloop
  endfacet
  facet normal -0.96248 0.271354 0
    outer loop
      vertex -25.3053 -12.2169 3
      vertex -25.3479 -12.368 1.9
      vertex -25.3479 -12.368 3
    endloop
  endfacet
  facet normal 0.785323 0.619087 0
    outer loop
      vertex -64.2708 -13.0489 3
      vertex -64.368 -12.9256 1.9
      vertex -64.368 -12.9256 3
    endloop
  endfacet
  facet normal 0.785323 0.619087 0
    outer loop
      vertex -64.368 -12.9256 1.9
      vertex -64.2708 -13.0489 3
      vertex -64.2708 -13.0489 1.9
    endloop
  endfacet
  facet normal -0.0394848 -0.99922 0
    outer loop
      vertex -27.25 13.75 1.9
      vertex -27.0931 13.7438 3
      vertex -27.25 13.75 3
    endloop
  endfacet
  facet normal -0.0394848 -0.99922 -0
    outer loop
      vertex -27.0931 13.7438 3
      vertex -27.25 13.75 1.9
      vertex -27.0931 13.7438 1.9
    endloop
  endfacet
  facet normal 0.195504 -0.980703 0
    outer loop
      vertex -63.2169 13.6947 1.9
      vertex -63.0629 13.7254 3
      vertex -63.2169 13.6947 3
    endloop
  endfacet
  facet normal 0.195504 -0.980703 0
    outer loop
      vertex -63.0629 13.7254 3
      vertex -63.2169 13.6947 1.9
      vertex -63.0629 13.7254 1.9
    endloop
  endfacet
  facet normal -0.619087 0.785323 0
    outer loop
      vertex -25.9511 -13.2708 1.9
      vertex -26.0744 -13.368 3
      vertex -25.9511 -13.2708 3
    endloop
  endfacet
  facet normal -0.619087 0.785323 0
    outer loop
      vertex -26.0744 -13.368 3
      vertex -25.9511 -13.2708 1.9
      vertex -26.0744 -13.368 1.9
    endloop
  endfacet
  facet normal -0.117137 0.993116 0
    outer loop
      vertex -26.9371 -13.7254 1.9
      vertex -27.0931 -13.7438 3
      vertex -26.9371 -13.7254 3
    endloop
  endfacet
  facet normal -0.117137 0.993116 0
    outer loop
      vertex -27.0931 -13.7438 3
      vertex -26.9371 -13.7254 1.9
      vertex -27.0931 -13.7438 1.9
    endloop
  endfacet
  facet normal -0.993116 -0.117137 0
    outer loop
      vertex -25.2562 11.9069 1.9
      vertex -25.2746 12.0629 3
      vertex -25.2746 12.0629 1.9
    endloop
  endfacet
  facet normal -0.993116 -0.117137 0
    outer loop
      vertex -25.2746 12.0629 3
      vertex -25.2562 11.9069 1.9
      vertex -25.2562 11.9069 3
    endloop
  endfacet
  facet normal 0.619087 -0.785323 0
    outer loop
      vertex -64.0489 13.2708 1.9
      vertex -63.9256 13.368 3
      vertex -64.0489 13.2708 3
    endloop
  endfacet
  facet normal 0.619087 -0.785323 0
    outer loop
      vertex -63.9256 13.368 3
      vertex -64.0489 13.2708 1.9
      vertex -63.9256 13.368 1.9
    endloop
  endfacet
  facet normal 0.271354 -0.96248 0
    outer loop
      vertex -63.368 13.6521 1.9
      vertex -63.2169 13.6947 3
      vertex -63.368 13.6521 3
    endloop
  endfacet
  facet normal 0.271354 -0.96248 0
    outer loop
      vertex -63.2169 13.6947 3
      vertex -63.368 13.6521 1.9
      vertex -63.2169 13.6947 1.9
    endloop
  endfacet
  facet normal 0.831364 -0.555728 0
    outer loop
      vertex -64.4553 12.795 3
      vertex -64.368 12.9256 1.9
      vertex -64.368 12.9256 3
    endloop
  endfacet
  facet normal 0.831364 -0.555728 0
    outer loop
      vertex -64.368 12.9256 1.9
      vertex -64.4553 12.795 3
      vertex -64.4553 12.795 1.9
    endloop
  endfacet
  facet normal -0.980703 0.195504 0
    outer loop
      vertex -25.3053 -12.2169 1.9
      vertex -25.2746 -12.0629 3
      vertex -25.2746 -12.0629 1.9
    endloop
  endfacet
  facet normal -0.980703 0.195504 0
    outer loop
      vertex -25.2746 -12.0629 3
      vertex -25.3053 -12.2169 1.9
      vertex -25.3053 -12.2169 3
    endloop
  endfacet
  facet normal -0.87256 -0.488506 0
    outer loop
      vertex -25.468 12.658 1.9
      vertex -25.5447 12.795 3
      vertex -25.5447 12.795 1.9
    endloop
  endfacet
  facet normal -0.87256 -0.488506 0
    outer loop
      vertex -25.5447 12.795 3
      vertex -25.468 12.658 1.9
      vertex -25.468 12.658 3
    endloop
  endfacet
  facet normal 0.907997 -0.418977 0
    outer loop
      vertex -64.5978 12.5154 3
      vertex -64.532 12.658 1.9
      vertex -64.532 12.658 3
    endloop
  endfacet
  facet normal 0.907997 -0.418977 0
    outer loop
      vertex -64.532 12.658 1.9
      vertex -64.5978 12.5154 3
      vertex -64.5978 12.5154 1.9
    endloop
  endfacet
  facet normal 0.734266 0.678862 0
    outer loop
      vertex -64.1642 -13.1642 3
      vertex -64.2708 -13.0489 1.9
      vertex -64.2708 -13.0489 3
    endloop
  endfacet
  facet normal 0.734266 0.678862 0
    outer loop
      vertex -64.2708 -13.0489 1.9
      vertex -64.1642 -13.1642 3
      vertex -64.1642 -13.1642 1.9
    endloop
  endfacet
  facet normal -0.345676 0.938354 0
    outer loop
      vertex -26.4846 -13.5978 1.9
      vertex -26.632 -13.6521 3
      vertex -26.4846 -13.5978 3
    endloop
  endfacet
  facet normal -0.345676 0.938354 0
    outer loop
      vertex -26.632 -13.6521 3
      vertex -26.4846 -13.5978 1.9
      vertex -26.632 -13.6521 1.9
    endloop
  endfacet
  facet normal -0.96248 -0.271354 0
    outer loop
      vertex -25.3053 12.2169 1.9
      vertex -25.3479 12.368 3
      vertex -25.3479 12.368 1.9
    endloop
  endfacet
  facet normal -0.96248 -0.271354 0
    outer loop
      vertex -25.3479 12.368 3
      vertex -25.3053 12.2169 1.9
      vertex -25.3053 12.2169 3
    endloop
  endfacet
  facet normal 0.488506 -0.87256 0
    outer loop
      vertex -63.795 13.4553 1.9
      vertex -63.658 13.532 3
      vertex -63.795 13.4553 3
    endloop
  endfacet
  facet normal 0.488506 -0.87256 0
    outer loop
      vertex -63.658 13.532 3
      vertex -63.795 13.4553 1.9
      vertex -63.658 13.532 1.9
    endloop
  endfacet
  facet normal 0.831364 0.555728 0
    outer loop
      vertex -64.368 -12.9256 3
      vertex -64.4553 -12.795 1.9
      vertex -64.4553 -12.795 3
    endloop
  endfacet
  facet normal 0.831364 0.555728 0
    outer loop
      vertex -64.4553 -12.795 1.9
      vertex -64.368 -12.9256 3
      vertex -64.368 -12.9256 1.9
    endloop
  endfacet
  facet normal 0.99922 0.0394848 0
    outer loop
      vertex -64.7438 -11.9069 3
      vertex -64.75 -11.75 1.9
      vertex -64.75 -11.75 3
    endloop
  endfacet
  facet normal 0.99922 0.0394848 0
    outer loop
      vertex -64.75 -11.75 1.9
      vertex -64.7438 -11.9069 3
      vertex -64.7438 -11.9069 1.9
    endloop
  endfacet
  facet normal -0.993116 0.117137 0
    outer loop
      vertex -25.2746 -12.0629 1.9
      vertex -25.2562 -11.9069 3
      vertex -25.2562 -11.9069 1.9
    endloop
  endfacet
  facet normal -0.993116 0.117137 0
    outer loop
      vertex -25.2562 -11.9069 3
      vertex -25.2746 -12.0629 1.9
      vertex -25.2746 -12.0629 3
    endloop
  endfacet
  facet normal -0.99922 0.0394848 0
    outer loop
      vertex -25.2562 -11.9069 1.9
      vertex -25.25 -11.75 3
      vertex -25.25 -11.75 1.9
    endloop
  endfacet
  facet normal -0.99922 0.0394848 0
    outer loop
      vertex -25.25 -11.75 3
      vertex -25.2562 -11.9069 1.9
      vertex -25.2562 -11.9069 3
    endloop
  endfacet
  facet normal -0.488506 0.87256 0
    outer loop
      vertex -26.205 -13.4553 1.9
      vertex -26.342 -13.532 3
      vertex -26.205 -13.4553 3
    endloop
  endfacet
  facet normal -0.488506 0.87256 0
    outer loop
      vertex -26.342 -13.532 3
      vertex -26.205 -13.4553 1.9
      vertex -26.342 -13.532 1.9
    endloop
  endfacet
  facet normal -0.734266 0.678862 0
    outer loop
      vertex -25.8358 -13.1642 1.9
      vertex -25.7292 -13.0489 3
      vertex -25.7292 -13.0489 1.9
    endloop
  endfacet
  facet normal -0.734266 0.678862 0
    outer loop
      vertex -25.7292 -13.0489 3
      vertex -25.8358 -13.1642 1.9
      vertex -25.8358 -13.1642 3
    endloop
  endfacet
  facet normal 0 0 1
    outer loop
      vertex -30.0825 10.375 1.9
      vertex -59.9175 10.375 1.9
      vertex -30.0825 -10.375 1.9
    endloop
  endfacet
  facet normal 0 0 1
    outer loop
      vertex -30.0825 -10.375 1.9
      vertex -59.7926 -10.6765 1.9
      vertex -59.75 -11 1.9
    endloop
  endfacet
  facet normal 0 0 1
    outer loop
      vertex -59.9175 -10.375 1.9
      vertex -30.0825 -10.375 1.9
      vertex -59.9175 10.375 1.9
    endloop
  endfacet
  facet normal 0 0 1
    outer loop
      vertex -30.0825 -10.375 1.9
      vertex -59.9175 -10.375 1.9
      vertex -59.7926 -10.6765 1.9
    endloop
  endfacet
  facet normal -0 0 1
    outer loop
      vertex -60.1161 10.1161 1.9
      vertex -59.9175 -10.375 1.9
      vertex -59.9175 10.375 1.9
    endloop
  endfacet
  facet normal 0 0 1
    outer loop
      vertex -60.1161 10.1161 1.9
      vertex -60.1161 -10.1161 1.9
      vertex -59.9175 -10.375 1.9
    endloop
  endfacet
  facet normal -0 0 1
    outer loop
      vertex -60.375 9.91747 1.9
      vertex -60.1161 -10.1161 1.9
      vertex -60.1161 10.1161 1.9
    endloop
  endfacet
  facet normal 0 0 1
    outer loop
      vertex -60.375 9.91747 1.9
      vertex -60.375 -9.91747 1.9
      vertex -60.1161 -10.1161 1.9
    endloop
  endfacet
  facet normal -0 0 1
    outer loop
      vertex -60.6765 9.79259 1.9
      vertex -60.375 -9.91747 1.9
      vertex -60.375 9.91747 1.9
    endloop
  endfacet
  facet normal 0 0 1
    outer loop
      vertex -60.6765 9.79259 1.9
      vertex -60.6765 -9.79259 1.9
      vertex -60.375 -9.91747 1.9
    endloop
  endfacet
  facet normal -0 0 1
    outer loop
      vertex -61 9.75 1.9
      vertex -60.6765 -9.79259 1.9
      vertex -60.6765 9.79259 1.9
    endloop
  endfacet
  facet normal 0 0 1
    outer loop
      vertex -61 9.75 1.9
      vertex -61 -9.75 1.9
      vertex -60.6765 -9.79259 1.9
    endloop
  endfacet
  facet normal 0 0 1
    outer loop
      vertex -61.3235 9.79259 1.9
      vertex -61 -9.75 1.9
      vertex -61 9.75 1.9
    endloop
  endfacet
  facet normal 0 0 1
    outer loop
      vertex -61.3235 9.79259 1.9
      vertex -61.3235 -9.79259 1.9
      vertex -61 -9.75 1.9
    endloop
  endfacet
  facet normal 0 0 1
    outer loop
      vertex -61.625 9.91747 1.9
      vertex -61.3235 -9.79259 1.9
      vertex -61.3235 9.79259 1.9
    endloop
  endfacet
  facet normal 0 0 1
    outer loop
      vertex -61.625 9.91747 1.9
      vertex -61.625 -9.91747 1.9
      vertex -61.3235 -9.79259 1.9
    endloop
  endfacet
  facet normal 0 0 1
    outer loop
      vertex -61.8839 10.1161 1.9
      vertex -61.625 -9.91747 1.9
      vertex -61.625 9.91747 1.9
    endloop
  endfacet
  facet normal 0 0 1
    outer loop
      vertex -61.8839 10.1161 1.9
      vertex -61.8839 -10.1161 1.9
      vertex -61.625 -9.91747 1.9
    endloop
  endfacet
  facet normal 0 0 1
    outer loop
      vertex -64.75 11.75 1.9
      vertex -61.8839 10.1161 1.9
      vertex -62.0825 10.375 1.9
    endloop
  endfacet
  facet normal 0 0 1
    outer loop
      vertex -61.8839 10.1161 1.9
      vertex -64.75 11.75 1.9
      vertex -61.8839 -10.1161 1.9
    endloop
  endfacet
  facet normal 0 0 1
    outer loop
      vertex -64.75 11.75 1.9
      vertex -62.0825 10.375 1.9
      vertex -62.2074 10.6765 1.9
    endloop
  endfacet
  facet normal 0 0 1
    outer loop
      vertex -64.75 -11.75 1.9
      vertex -61.8839 -10.1161 1.9
      vertex -64.75 11.75 1.9
    endloop
  endfacet
  facet normal 0 0 1
    outer loop
      vertex -64.75 11.75 1.9
      vertex -62.2074 10.6765 1.9
      vertex -62.25 11 1.9
    endloop
  endfacet
  facet normal 0 0 1
    outer loop
      vertex -61.8839 -10.1161 1.9
      vertex -64.75 -11.75 1.9
      vertex -62.0825 -10.375 1.9
    endloop
  endfacet
  facet normal 0 0 1
    outer loop
      vertex -28.1161 10.1161 1.9
      vertex -25.25 11.75 1.9
      vertex -27.9175 10.375 1.9
    endloop
  endfacet
  facet normal 0 0 1
    outer loop
      vertex -25.25 -11.75 1.9
      vertex -27.7926 -10.6765 1.9
      vertex -27.75 -11 1.9
    endloop
  endfacet
  facet normal 0 0 1
    outer loop
      vertex -25.25 11.75 1.9
      vertex -28.1161 10.1161 1.9
      vertex -25.25 -11.75 1.9
    endloop
  endfacet
  facet normal 0 0 1
    outer loop
      vertex -25.25 -11.75 1.9
      vertex -27.9175 -10.375 1.9
      vertex -27.7926 -10.6765 1.9
    endloop
  endfacet
  facet normal -0 0 1
    outer loop
      vertex -28.1161 -10.1161 1.9
      vertex -25.25 -11.75 1.9
      vertex -28.1161 10.1161 1.9
    endloop
  endfacet
  facet normal 0 0 1
    outer loop
      vertex -25.25 -11.75 1.9
      vertex -28.1161 -10.1161 1.9
      vertex -27.9175 -10.375 1.9
    endloop
  endfacet
  facet normal -0 0 1
    outer loop
      vertex -28.375 9.91747 1.9
      vertex -28.1161 -10.1161 1.9
      vertex -28.1161 10.1161 1.9
    endloop
  endfacet
  facet normal 0 0 1
    outer loop
      vertex -28.375 9.91747 1.9
      vertex -28.375 -9.91747 1.9
      vertex -28.1161 -10.1161 1.9
    endloop
  endfacet
  facet normal -0 0 1
    outer loop
      vertex -28.6765 9.79259 1.9
      vertex -28.375 -9.91747 1.9
      vertex -28.375 9.91747 1.9
    endloop
  endfacet
  facet normal 0 0 1
    outer loop
      vertex -28.6765 9.79259 1.9
      vertex -28.6765 -9.79259 1.9
      vertex -28.375 -9.91747 1.9
    endloop
  endfacet
  facet normal -0 0 1
    outer loop
      vertex -29 9.75 1.9
      vertex -28.6765 -9.79259 1.9
      vertex -28.6765 9.79259 1.9
    endloop
  endfacet
  facet normal 0 0 1
    outer loop
      vertex -29 9.75 1.9
      vertex -29 -9.75 1.9
      vertex -28.6765 -9.79259 1.9
    endloop
  endfacet
  facet normal 0 0 1
    outer loop
      vertex -29.3235 9.79259 1.9
      vertex -29 -9.75 1.9
      vertex -29 9.75 1.9
    endloop
  endfacet
  facet normal 0 0 1
    outer loop
      vertex -29.3235 9.79259 1.9
      vertex -29.3235 -9.79259 1.9
      vertex -29 -9.75 1.9
    endloop
  endfacet
  facet normal 0 0 1
    outer loop
      vertex -29.625 9.91747 1.9
      vertex -29.3235 -9.79259 1.9
      vertex -29.3235 9.79259 1.9
    endloop
  endfacet
  facet normal 0 0 1
    outer loop
      vertex -29.625 9.91747 1.9
      vertex -29.625 -9.91747 1.9
      vertex -29.3235 -9.79259 1.9
    endloop
  endfacet
  facet normal 0 0 1
    outer loop
      vertex -29.8839 10.1161 1.9
      vertex -29.625 -9.91747 1.9
      vertex -29.625 9.91747 1.9
    endloop
  endfacet
  facet normal 0 0 1
    outer loop
      vertex -29.8839 10.1161 1.9
      vertex -29.8839 -10.1161 1.9
      vertex -29.625 -9.91747 1.9
    endloop
  endfacet
  facet normal 0 0 1
    outer loop
      vertex -30.0825 10.375 1.9
      vertex -29.8839 -10.1161 1.9
      vertex -29.8839 10.1161 1.9
    endloop
  endfacet
  facet normal 0 0 1
    outer loop
      vertex -30.0825 10.375 1.9
      vertex -30.0825 -10.375 1.9
      vertex -29.8839 -10.1161 1.9
    endloop
  endfacet
  facet normal 0 0 1
    outer loop
      vertex -59.7926 10.6765 1.9
      vertex -30.2074 10.6765 1.9
      vertex -59.75 11 1.9
    endloop
  endfacet
  facet normal 0 0 1
    outer loop
      vertex -30.2074 10.6765 1.9
      vertex -59.7926 10.6765 1.9
      vertex -30.0825 10.375 1.9
    endloop
  endfacet
  facet normal -0 0 1
    outer loop
      vertex -59.75 11 1.9
      vertex -30.2074 10.6765 1.9
      vertex -30.25 11 1.9
    endloop
  endfacet
  facet normal 0 0 1
    outer loop
      vertex -59.9175 10.375 1.9
      vertex -30.0825 10.375 1.9
      vertex -59.7926 10.6765 1.9
    endloop
  endfacet
  facet normal 0 0 1
    outer loop
      vertex -27.7926 11.3235 1.9
      vertex -25.25 11.75 1.9
      vertex -25.2562 11.9069 1.9
    endloop
  endfacet
  facet normal 0 0 1
    outer loop
      vertex -27.7926 10.6765 1.9
      vertex -25.25 11.75 1.9
      vertex -27.75 11 1.9
    endloop
  endfacet
  facet normal 0 0 1
    outer loop
      vertex -27.7926 11.3235 1.9
      vertex -25.2562 11.9069 1.9
      vertex -25.2746 12.0629 1.9
    endloop
  endfacet
  facet normal 0 0 1
    outer loop
      vertex -27.9175 10.375 1.9
      vertex -25.25 11.75 1.9
      vertex -27.7926 10.6765 1.9
    endloop
  endfacet
  facet normal 0 0 1
    outer loop
      vertex -27.7926 11.3235 1.9
      vertex -25.2746 12.0629 1.9
      vertex -25.3053 12.2169 1.9
    endloop
  endfacet
  facet normal -0 0 1
    outer loop
      vertex -27.7926 -11.3235 1.9
      vertex -25.25 -11.75 1.9
      vertex -27.75 -11 1.9
    endloop
  endfacet
  facet normal 0 0 1
    outer loop
      vertex -27.7926 11.3235 1.9
      vertex -25.3053 12.2169 1.9
      vertex -25.3479 12.368 1.9
    endloop
  endfacet
  facet normal 0 0 1
    outer loop
      vertex -25.25 -11.75 1.9
      vertex -27.7926 -11.3235 1.9
      vertex -25.2562 -11.9069 1.9
    endloop
  endfacet
  facet normal 0 0 1
    outer loop
      vertex -27.7926 11.3235 1.9
      vertex -25.3479 12.368 1.9
      vertex -25.4022 12.5154 1.9
    endloop
  endfacet
  facet normal 0 0 1
    outer loop
      vertex -25.2562 -11.9069 1.9
      vertex -27.7926 -11.3235 1.9
      vertex -25.2746 -12.0629 1.9
    endloop
  endfacet
  facet normal 0 0 1
    outer loop
      vertex -27.9175 11.625 1.9
      vertex -25.4022 12.5154 1.9
      vertex -25.468 12.658 1.9
    endloop
  endfacet
  facet normal 0 0 1
    outer loop
      vertex -25.2746 -12.0629 1.9
      vertex -27.7926 -11.3235 1.9
      vertex -25.3053 -12.2169 1.9
    endloop
  endfacet
  facet normal 0 0 1
    outer loop
      vertex -27.9175 11.625 1.9
      vertex -25.468 12.658 1.9
      vertex -25.5447 12.795 1.9
    endloop
  endfacet
  facet normal 0 0 1
    outer loop
      vertex -25.3053 -12.2169 1.9
      vertex -27.7926 -11.3235 1.9
      vertex -25.3479 -12.368 1.9
    endloop
  endfacet
  facet normal 0 0 1
    outer loop
      vertex -27.9175 11.625 1.9
      vertex -25.5447 12.795 1.9
      vertex -25.632 12.9256 1.9
    endloop
  endfacet
  facet normal 0 0 1
    outer loop
      vertex -25.3479 -12.368 1.9
      vertex -27.7926 -11.3235 1.9
      vertex -25.4022 -12.5154 1.9
    endloop
  endfacet
  facet normal 0 0 1
    outer loop
      vertex -27.9175 11.625 1.9
      vertex -25.632 12.9256 1.9
      vertex -25.7292 13.0489 1.9
    endloop
  endfacet
  facet normal -0 0 1
    outer loop
      vertex -27.9175 -11.625 1.9
      vertex -25.4022 -12.5154 1.9
      vertex -27.7926 -11.3235 1.9
    endloop
  endfacet
  facet normal 0 0 1
    outer loop
      vertex -27.9175 11.625 1.9
      vertex -25.7292 13.0489 1.9
      vertex -25.8358 13.1642 1.9
    endloop
  endfacet
  facet normal 0 0 1
    outer loop
      vertex -25.4022 -12.5154 1.9
      vertex -27.9175 -11.625 1.9
      vertex -25.468 -12.658 1.9
    endloop
  endfacet
  facet normal 0 0 1
    outer loop
      vertex -27.9175 11.625 1.9
      vertex -25.8358 13.1642 1.9
      vertex -25.9511 13.2708 1.9
    endloop
  endfacet
  facet normal 0 0 1
    outer loop
      vertex -25.468 -12.658 1.9
      vertex -27.9175 -11.625 1.9
      vertex -25.5447 -12.795 1.9
    endloop
  endfacet
  facet normal 0 0 1
    outer loop
      vertex -27.9175 11.625 1.9
      vertex -25.9511 13.2708 1.9
      vertex -26.0744 13.368 1.9
    endloop
  endfacet
  facet normal 0 0 1
    outer loop
      vertex -25.5447 -12.795 1.9
      vertex -27.9175 -11.625 1.9
      vertex -25.632 -12.9256 1.9
    endloop
  endfacet
  facet normal 0 0 1
    outer loop
      vertex -27.9175 11.625 1.9
      vertex -26.0744 13.368 1.9
      vertex -26.205 13.4553 1.9
    endloop
  endfacet
  facet normal 0 0 1
    outer loop
      vertex -25.632 -12.9256 1.9
      vertex -27.9175 -11.625 1.9
      vertex -25.7292 -13.0489 1.9
    endloop
  endfacet
  facet normal 0 0 1
    outer loop
      vertex -27.9175 11.625 1.9
      vertex -26.205 13.4553 1.9
      vertex -26.342 13.532 1.9
    endloop
  endfacet
  facet normal 0 0 1
    outer loop
      vertex -25.7292 -13.0489 1.9
      vertex -27.9175 -11.625 1.9
      vertex -25.8358 -13.1642 1.9
    endloop
  endfacet
  facet normal 0 0 1
    outer loop
      vertex -27.9175 11.625 1.9
      vertex -26.342 13.532 1.9
      vertex -26.4846 13.5978 1.9
    endloop
  endfacet
  facet normal 0 0 1
    outer loop
      vertex -25.8358 -13.1642 1.9
      vertex -27.9175 -11.625 1.9
      vertex -25.9511 -13.2708 1.9
    endloop
  endfacet
  facet normal 0 0 1
    outer loop
      vertex -27.9175 11.625 1.9
      vertex -26.4846 13.5978 1.9
      vertex -26.632 13.6521 1.9
    endloop
  endfacet
  facet normal 0 0 1
    outer loop
      vertex -25.9511 -13.2708 1.9
      vertex -27.9175 -11.625 1.9
      vertex -26.0744 -13.368 1.9
    endloop
  endfacet
  facet normal 0 0 1
    outer loop
      vertex -27.9175 11.625 1.9
      vertex -26.632 13.6521 1.9
      vertex -26.7831 13.6947 1.9
    endloop
  endfacet
  facet normal 0 0 1
    outer loop
      vertex -26.0744 -13.368 1.9
      vertex -27.9175 -11.625 1.9
      vertex -26.205 -13.4553 1.9
    endloop
  endfacet
  facet normal 0 0 1
    outer loop
      vertex -28.1161 11.8839 1.9
      vertex -26.7831 13.6947 1.9
      vertex -26.9371 13.7254 1.9
    endloop
  endfacet
  facet normal 0 0 1
    outer loop
      vertex -26.205 -13.4553 1.9
      vertex -27.9175 -11.625 1.9
      vertex -26.342 -13.532 1.9
    endloop
  endfacet
  facet normal 0 0 1
    outer loop
      vertex -28.1161 11.8839 1.9
      vertex -26.9371 13.7254 1.9
      vertex -27.0931 13.7438 1.9
    endloop
  endfacet
  facet normal 0 0 1
    outer loop
      vertex -26.342 -13.532 1.9
      vertex -27.9175 -11.625 1.9
      vertex -26.4846 -13.5978 1.9
    endloop
  endfacet
  facet normal 0 0 1
    outer loop
      vertex -28.1161 11.8839 1.9
      vertex -27.0931 13.7438 1.9
      vertex -27.25 13.75 1.9
    endloop
  endfacet
  facet normal 0 0 1
    outer loop
      vertex -26.4846 -13.5978 1.9
      vertex -27.9175 -11.625 1.9
      vertex -26.632 -13.6521 1.9
    endloop
  endfacet
  facet normal 0 0 1
    outer loop
      vertex -26.632 -13.6521 1.9
      vertex -27.9175 -11.625 1.9
      vertex -26.7831 -13.6947 1.9
    endloop
  endfacet
  facet normal 0 0 1
    outer loop
      vertex -25.25 11.75 1.9
      vertex -27.7926 11.3235 1.9
      vertex -27.75 11 1.9
    endloop
  endfacet
  facet normal 0 0 1
    outer loop
      vertex -25.4022 12.5154 1.9
      vertex -27.9175 11.625 1.9
      vertex -27.7926 11.3235 1.9
    endloop
  endfacet
  facet normal 0 0 1
    outer loop
      vertex -26.7831 13.6947 1.9
      vertex -28.1161 11.8839 1.9
      vertex -27.9175 11.625 1.9
    endloop
  endfacet
  facet normal 0 0 1
    outer loop
      vertex -27.25 13.75 1.9
      vertex -28.375 12.0825 1.9
      vertex -28.1161 11.8839 1.9
    endloop
  endfacet
  facet normal 0 0 1
    outer loop
      vertex -27.25 13.75 1.9
      vertex -28.6765 12.2074 1.9
      vertex -28.375 12.0825 1.9
    endloop
  endfacet
  facet normal 0 0 1
    outer loop
      vertex -27.25 13.75 1.9
      vertex -29 12.25 1.9
      vertex -28.6765 12.2074 1.9
    endloop
  endfacet
  facet normal 0 0 1
    outer loop
      vertex -27.25 13.75 1.9
      vertex -29.3235 12.2074 1.9
      vertex -29 12.25 1.9
    endloop
  endfacet
  facet normal 0 0 1
    outer loop
      vertex -27.25 13.75 1.9
      vertex -29.625 12.0825 1.9
      vertex -29.3235 12.2074 1.9
    endloop
  endfacet
  facet normal 0 0 1
    outer loop
      vertex -30.0825 -10.375 1.9
      vertex -59.75 -11 1.9
      vertex -30.2074 -10.6765 1.9
    endloop
  endfacet
  facet normal 0 0 1
    outer loop
      vertex -30.2074 11.3235 1.9
      vertex -59.75 11 1.9
      vertex -30.25 11 1.9
    endloop
  endfacet
  facet normal 0 0 1
    outer loop
      vertex -59.7926 11.3235 1.9
      vertex -30.2074 11.3235 1.9
      vertex -30.0825 11.625 1.9
    endloop
  endfacet
  facet normal 0 0 1
    outer loop
      vertex -59.9175 11.625 1.9
      vertex -30.0825 11.625 1.9
      vertex -29.8839 11.8839 1.9
    endloop
  endfacet
  facet normal 0 0 1
    outer loop
      vertex -60.1161 11.8839 1.9
      vertex -29.8839 11.8839 1.9
      vertex -29.625 12.0825 1.9
    endloop
  endfacet
  facet normal 0 0 1
    outer loop
      vertex -60.375 12.0825 1.9
      vertex -29.625 12.0825 1.9
      vertex -27.25 13.75 1.9
    endloop
  endfacet
  facet normal 0 0 1
    outer loop
      vertex -30.2074 11.3235 1.9
      vertex -59.7926 11.3235 1.9
      vertex -59.75 11 1.9
    endloop
  endfacet
  facet normal 0 0 1
    outer loop
      vertex -30.0825 11.625 1.9
      vertex -59.9175 11.625 1.9
      vertex -59.7926 11.3235 1.9
    endloop
  endfacet
  facet normal 0 0 1
    outer loop
      vertex -29.8839 11.8839 1.9
      vertex -60.1161 11.8839 1.9
      vertex -59.9175 11.625 1.9
    endloop
  endfacet
  facet normal 0 0 1
    outer loop
      vertex -29.625 12.0825 1.9
      vertex -60.375 12.0825 1.9
      vertex -60.1161 11.8839 1.9
    endloop
  endfacet
  facet normal -0 0 1
    outer loop
      vertex -62.75 13.75 1.9
      vertex -60.375 12.0825 1.9
      vertex -27.25 13.75 1.9
    endloop
  endfacet
  facet normal 0 0 1
    outer loop
      vertex -60.375 12.0825 1.9
      vertex -62.75 13.75 1.9
      vertex -60.6765 12.2074 1.9
    endloop
  endfacet
  facet normal 0 0 1
    outer loop
      vertex -61.8839 11.8839 1.9
      vertex -63.2169 13.6947 1.9
      vertex -62.0825 11.625 1.9
    endloop
  endfacet
  facet normal -0 0 1
    outer loop
      vertex -63.2169 13.6947 1.9
      vertex -61.8839 11.8839 1.9
      vertex -63.0629 13.7254 1.9
    endloop
  endfacet
  facet normal -0 0 1
    outer loop
      vertex -63.0629 13.7254 1.9
      vertex -61.8839 11.8839 1.9
      vertex -62.9069 13.7438 1.9
    endloop
  endfacet
  facet normal -0 0 1
    outer loop
      vertex -62.9069 13.7438 1.9
      vertex -61.8839 11.8839 1.9
      vertex -62.75 13.75 1.9
    endloop
  endfacet
  facet normal 0 0 1
    outer loop
      vertex -61.625 12.0825 1.9
      vertex -62.75 13.75 1.9
      vertex -61.8839 11.8839 1.9
    endloop
  endfacet
  facet normal 0 0 1
    outer loop
      vertex -61.3235 12.2074 1.9
      vertex -62.75 13.75 1.9
      vertex -61.625 12.0825 1.9
    endloop
  endfacet
  facet normal 0 0 1
    outer loop
      vertex -61 12.25 1.9
      vertex -62.75 13.75 1.9
      vertex -61.3235 12.2074 1.9
    endloop
  endfacet
  facet normal 0 0 1
    outer loop
      vertex -60.6765 12.2074 1.9
      vertex -62.75 13.75 1.9
      vertex -61 12.25 1.9
    endloop
  endfacet
  facet normal -0 0 1
    outer loop
      vertex -28.1161 -11.8839 1.9
      vertex -26.7831 -13.6947 1.9
      vertex -27.9175 -11.625 1.9
    endloop
  endfacet
  facet normal 0 0 1
    outer loop
      vertex -26.7831 -13.6947 1.9
      vertex -28.1161 -11.8839 1.9
      vertex -26.9371 -13.7254 1.9
    endloop
  endfacet
  facet normal 0 0 1
    outer loop
      vertex -26.9371 -13.7254 1.9
      vertex -28.1161 -11.8839 1.9
      vertex -27.0931 -13.7438 1.9
    endloop
  endfacet
  facet normal 0 0 1
    outer loop
      vertex -27.0931 -13.7438 1.9
      vertex -28.1161 -11.8839 1.9
      vertex -27.25 -13.75 1.9
    endloop
  endfacet
  facet normal -0 0 1
    outer loop
      vertex -28.375 -12.0825 1.9
      vertex -27.25 -13.75 1.9
      vertex -28.1161 -11.8839 1.9
    endloop
  endfacet
  facet normal -0 0 1
    outer loop
      vertex -28.6765 -12.2074 1.9
      vertex -27.25 -13.75 1.9
      vertex -28.375 -12.0825 1.9
    endloop
  endfacet
  facet normal -0 0 1
    outer loop
      vertex -29 -12.25 1.9
      vertex -27.25 -13.75 1.9
      vertex -28.6765 -12.2074 1.9
    endloop
  endfacet
  facet normal 0 0 1
    outer loop
      vertex -29.3235 -12.2074 1.9
      vertex -27.25 -13.75 1.9
      vertex -29 -12.25 1.9
    endloop
  endfacet
  facet normal 0 0 1
    outer loop
      vertex -29.625 -12.0825 1.9
      vertex -27.25 -13.75 1.9
      vertex -29.3235 -12.2074 1.9
    endloop
  endfacet
  facet normal 0 0 1
    outer loop
      vertex -30.2074 -10.6765 1.9
      vertex -59.75 -11 1.9
      vertex -30.25 -11 1.9
    endloop
  endfacet
  facet normal 0 0 1
    outer loop
      vertex -30.25 -11 1.9
      vertex -59.75 -11 1.9
      vertex -30.2074 -11.3235 1.9
    endloop
  endfacet
  facet normal 0 0 1
    outer loop
      vertex -59.7926 -11.3235 1.9
      vertex -30.2074 -11.3235 1.9
      vertex -59.75 -11 1.9
    endloop
  endfacet
  facet normal 0 0 1
    outer loop
      vertex -30.2074 -11.3235 1.9
      vertex -59.7926 -11.3235 1.9
      vertex -30.0825 -11.625 1.9
    endloop
  endfacet
  facet normal 0 0 1
    outer loop
      vertex -59.9175 -11.625 1.9
      vertex -30.0825 -11.625 1.9
      vertex -59.7926 -11.3235 1.9
    endloop
  endfacet
  facet normal 0 0 1
    outer loop
      vertex -30.0825 -11.625 1.9
      vertex -59.9175 -11.625 1.9
      vertex -29.8839 -11.8839 1.9
    endloop
  endfacet
  facet normal 0 0 1
    outer loop
      vertex -60.1161 -11.8839 1.9
      vertex -29.8839 -11.8839 1.9
      vertex -59.9175 -11.625 1.9
    endloop
  endfacet
  facet normal 0 0 1
    outer loop
      vertex -29.8839 -11.8839 1.9
      vertex -60.1161 -11.8839 1.9
      vertex -29.625 -12.0825 1.9
    endloop
  endfacet
  facet normal 0 0 1
    outer loop
      vertex -60.375 -12.0825 1.9
      vertex -29.625 -12.0825 1.9
      vertex -60.1161 -11.8839 1.9
    endloop
  endfacet
  facet normal 0 0 1
    outer loop
      vertex -29.625 -12.0825 1.9
      vertex -60.375 -12.0825 1.9
      vertex -27.25 -13.75 1.9
    endloop
  endfacet
  facet normal 0 0 1
    outer loop
      vertex -62.75 -13.75 1.9
      vertex -60.375 -12.0825 1.9
      vertex -60.6765 -12.2074 1.9
    endloop
  endfacet
  facet normal 0 0 1
    outer loop
      vertex -62.75 -13.75 1.9
      vertex -60.6765 -12.2074 1.9
      vertex -61 -12.25 1.9
    endloop
  endfacet
  facet normal 0 0 1
    outer loop
      vertex -60.375 -12.0825 1.9
      vertex -62.75 -13.75 1.9
      vertex -27.25 -13.75 1.9
    endloop
  endfacet
  facet normal 0 0 1
    outer loop
      vertex -61.3235 -12.2074 1.9
      vertex -62.75 -13.75 1.9
      vertex -61 -12.25 1.9
    endloop
  endfacet
  facet normal 0 0 1
    outer loop
      vertex -61.625 -12.0825 1.9
      vertex -62.75 -13.75 1.9
      vertex -61.3235 -12.2074 1.9
    endloop
  endfacet
  facet normal 0 0 1
    outer loop
      vertex -61.8839 -11.8839 1.9
      vertex -62.75 -13.75 1.9
      vertex -61.625 -12.0825 1.9
    endloop
  endfacet
  facet normal 0 0 1
    outer loop
      vertex -63.2169 -13.6947 1.9
      vertex -61.8839 -11.8839 1.9
      vertex -62.0825 -11.625 1.9
    endloop
  endfacet
  facet normal 0 0 1
    outer loop
      vertex -64.5978 -12.5154 1.9
      vertex -62.0825 -11.625 1.9
      vertex -62.2074 -11.3235 1.9
    endloop
  endfacet
  facet normal 0 0 1
    outer loop
      vertex -64.75 -11.75 1.9
      vertex -62.2074 -11.3235 1.9
      vertex -62.25 -11 1.9
    endloop
  endfacet
  facet normal 0 0 1
    outer loop
      vertex -62.0825 -10.375 1.9
      vertex -64.75 -11.75 1.9
      vertex -62.2074 -10.6765 1.9
    endloop
  endfacet
  facet normal -0 0 1
    outer loop
      vertex -63.368 13.6521 1.9
      vertex -62.0825 11.625 1.9
      vertex -63.2169 13.6947 1.9
    endloop
  endfacet
  facet normal 0 0 1
    outer loop
      vertex -62.2074 -10.6765 1.9
      vertex -64.75 -11.75 1.9
      vertex -62.25 -11 1.9
    endloop
  endfacet
  facet normal -0 0 1
    outer loop
      vertex -63.5154 13.5978 1.9
      vertex -62.0825 11.625 1.9
      vertex -63.368 13.6521 1.9
    endloop
  endfacet
  facet normal 0 0 1
    outer loop
      vertex -62.2074 -11.3235 1.9
      vertex -64.75 -11.75 1.9
      vertex -64.7438 -11.9069 1.9
    endloop
  endfacet
  facet normal -0 0 1
    outer loop
      vertex -63.658 13.532 1.9
      vertex -62.0825 11.625 1.9
      vertex -63.5154 13.5978 1.9
    endloop
  endfacet
  facet normal 0 0 1
    outer loop
      vertex -61.8839 -11.8839 1.9
      vertex -62.9069 -13.7438 1.9
      vertex -62.75 -13.75 1.9
    endloop
  endfacet
  facet normal -0 0 1
    outer loop
      vertex -63.795 13.4553 1.9
      vertex -62.0825 11.625 1.9
      vertex -63.658 13.532 1.9
    endloop
  endfacet
  facet normal 0 0 1
    outer loop
      vertex -61.8839 -11.8839 1.9
      vertex -63.0629 -13.7254 1.9
      vertex -62.9069 -13.7438 1.9
    endloop
  endfacet
  facet normal -0 0 1
    outer loop
      vertex -63.9256 13.368 1.9
      vertex -62.0825 11.625 1.9
      vertex -63.795 13.4553 1.9
    endloop
  endfacet
  facet normal 0 0 1
    outer loop
      vertex -61.8839 -11.8839 1.9
      vertex -63.2169 -13.6947 1.9
      vertex -63.0629 -13.7254 1.9
    endloop
  endfacet
  facet normal -0 0 1
    outer loop
      vertex -64.0489 13.2708 1.9
      vertex -62.0825 11.625 1.9
      vertex -63.9256 13.368 1.9
    endloop
  endfacet
  facet normal 0 0 1
    outer loop
      vertex -62.0825 -11.625 1.9
      vertex -63.368 -13.6521 1.9
      vertex -63.2169 -13.6947 1.9
    endloop
  endfacet
  facet normal -0 0 1
    outer loop
      vertex -64.1642 13.1642 1.9
      vertex -62.0825 11.625 1.9
      vertex -64.0489 13.2708 1.9
    endloop
  endfacet
  facet normal 0 0 1
    outer loop
      vertex -62.0825 -11.625 1.9
      vertex -63.5154 -13.5978 1.9
      vertex -63.368 -13.6521 1.9
    endloop
  endfacet
  facet normal -0 0 1
    outer loop
      vertex -64.2708 13.0489 1.9
      vertex -62.0825 11.625 1.9
      vertex -64.1642 13.1642 1.9
    endloop
  endfacet
  facet normal 0 0 1
    outer loop
      vertex -62.0825 -11.625 1.9
      vertex -63.658 -13.532 1.9
      vertex -63.5154 -13.5978 1.9
    endloop
  endfacet
  facet normal -0 0 1
    outer loop
      vertex -64.368 12.9256 1.9
      vertex -62.0825 11.625 1.9
      vertex -64.2708 13.0489 1.9
    endloop
  endfacet
  facet normal 0 0 1
    outer loop
      vertex -62.0825 -11.625 1.9
      vertex -63.795 -13.4553 1.9
      vertex -63.658 -13.532 1.9
    endloop
  endfacet
  facet normal -0 0 1
    outer loop
      vertex -64.4553 12.795 1.9
      vertex -62.0825 11.625 1.9
      vertex -64.368 12.9256 1.9
    endloop
  endfacet
  facet normal 0 0 1
    outer loop
      vertex -62.0825 -11.625 1.9
      vertex -63.9256 -13.368 1.9
      vertex -63.795 -13.4553 1.9
    endloop
  endfacet
  facet normal -0 0 1
    outer loop
      vertex -64.532 12.658 1.9
      vertex -62.0825 11.625 1.9
      vertex -64.4553 12.795 1.9
    endloop
  endfacet
  facet normal 0 0 1
    outer loop
      vertex -62.0825 -11.625 1.9
      vertex -64.0489 -13.2708 1.9
      vertex -63.9256 -13.368 1.9
    endloop
  endfacet
  facet normal -0 0 1
    outer loop
      vertex -64.5978 12.5154 1.9
      vertex -62.0825 11.625 1.9
      vertex -64.532 12.658 1.9
    endloop
  endfacet
  facet normal 0 0 1
    outer loop
      vertex -62.0825 -11.625 1.9
      vertex -64.1642 -13.1642 1.9
      vertex -64.0489 -13.2708 1.9
    endloop
  endfacet
  facet normal 0 0 1
    outer loop
      vertex -62.0825 11.625 1.9
      vertex -64.5978 12.5154 1.9
      vertex -62.2074 11.3235 1.9
    endloop
  endfacet
  facet normal 0 0 1
    outer loop
      vertex -62.0825 -11.625 1.9
      vertex -64.2708 -13.0489 1.9
      vertex -64.1642 -13.1642 1.9
    endloop
  endfacet
  facet normal -0 0 1
    outer loop
      vertex -64.6521 12.368 1.9
      vertex -62.2074 11.3235 1.9
      vertex -64.5978 12.5154 1.9
    endloop
  endfacet
  facet normal 0 0 1
    outer loop
      vertex -62.0825 -11.625 1.9
      vertex -64.368 -12.9256 1.9
      vertex -64.2708 -13.0489 1.9
    endloop
  endfacet
  facet normal -0 0 1
    outer loop
      vertex -64.6947 12.2169 1.9
      vertex -62.2074 11.3235 1.9
      vertex -64.6521 12.368 1.9
    endloop
  endfacet
  facet normal 0 0 1
    outer loop
      vertex -62.0825 -11.625 1.9
      vertex -64.4553 -12.795 1.9
      vertex -64.368 -12.9256 1.9
    endloop
  endfacet
  facet normal -0 0 1
    outer loop
      vertex -64.7254 12.0629 1.9
      vertex -62.2074 11.3235 1.9
      vertex -64.6947 12.2169 1.9
    endloop
  endfacet
  facet normal 0 0 1
    outer loop
      vertex -62.0825 -11.625 1.9
      vertex -64.532 -12.658 1.9
      vertex -64.4553 -12.795 1.9
    endloop
  endfacet
  facet normal -0 0 1
    outer loop
      vertex -64.7438 11.9069 1.9
      vertex -62.2074 11.3235 1.9
      vertex -64.7254 12.0629 1.9
    endloop
  endfacet
  facet normal 0 0 1
    outer loop
      vertex -62.0825 -11.625 1.9
      vertex -64.5978 -12.5154 1.9
      vertex -64.532 -12.658 1.9
    endloop
  endfacet
  facet normal -0 0 1
    outer loop
      vertex -64.75 11.75 1.9
      vertex -62.2074 11.3235 1.9
      vertex -64.7438 11.9069 1.9
    endloop
  endfacet
  facet normal 0 0 1
    outer loop
      vertex -62.2074 -11.3235 1.9
      vertex -64.6521 -12.368 1.9
      vertex -64.5978 -12.5154 1.9
    endloop
  endfacet
  facet normal 0 0 1
    outer loop
      vertex -62.2074 11.3235 1.9
      vertex -64.75 11.75 1.9
      vertex -62.25 11 1.9
    endloop
  endfacet
  facet normal 0 0 1
    outer loop
      vertex -62.2074 -11.3235 1.9
      vertex -64.6947 -12.2169 1.9
      vertex -64.6521 -12.368 1.9
    endloop
  endfacet
  facet normal 0 0 1
    outer loop
      vertex -62.2074 -11.3235 1.9
      vertex -64.7254 -12.0629 1.9
      vertex -64.6947 -12.2169 1.9
    endloop
  endfacet
  facet normal 0 0 1
    outer loop
      vertex -62.2074 -11.3235 1.9
      vertex -64.7438 -11.9069 1.9
      vertex -64.7254 -12.0629 1.9
    endloop
  endfacet
  facet normal -0.734266 -0.678862 0
    outer loop
      vertex -25.7292 13.0489 1.9
      vertex -25.8358 13.1642 3
      vertex -25.8358 13.1642 1.9
    endloop
  endfacet
  facet normal -0.734266 -0.678862 0
    outer loop
      vertex -25.8358 13.1642 3
      vertex -25.7292 13.0489 1.9
      vertex -25.7292 13.0489 3
    endloop
  endfacet
  facet normal 0.993116 0.117137 0
    outer loop
      vertex -64.7254 -12.0629 3
      vertex -64.7438 -11.9069 1.9
      vertex -64.7438 -11.9069 3
    endloop
  endfacet
  facet normal 0.993116 0.117137 0
    outer loop
      vertex -64.7438 -11.9069 1.9
      vertex -64.7254 -12.0629 3
      vertex -64.7254 -12.0629 1.9
    endloop
  endfacet
  facet normal 0.907997 0.418977 0
    outer loop
      vertex -64.532 -12.658 3
      vertex -64.5978 -12.5154 1.9
      vertex -64.5978 -12.5154 3
    endloop
  endfacet
  facet normal 0.907997 0.418977 0
    outer loop
      vertex -64.5978 -12.5154 1.9
      vertex -64.532 -12.658 3
      vertex -64.532 -12.658 1.9
    endloop
  endfacet
  facet normal 0.87256 0.488506 0
    outer loop
      vertex -64.4553 -12.795 3
      vertex -64.532 -12.658 1.9
      vertex -64.532 -12.658 3
    endloop
  endfacet
  facet normal 0.87256 0.488506 0
    outer loop
      vertex -64.532 -12.658 1.9
      vertex -64.4553 -12.795 3
      vertex -64.4553 -12.795 1.9
    endloop
  endfacet
  facet normal 0.785323 -0.619087 0
    outer loop
      vertex -64.368 12.9256 3
      vertex -64.2708 13.0489 1.9
      vertex -64.2708 13.0489 3
    endloop
  endfacet
  facet normal 0.785323 -0.619087 0
    outer loop
      vertex -64.2708 13.0489 1.9
      vertex -64.368 12.9256 3
      vertex -64.368 12.9256 1.9
    endloop
  endfacet
  facet normal -0.195504 0.980703 0
    outer loop
      vertex -26.7831 -13.6947 1.9
      vertex -26.9371 -13.7254 3
      vertex -26.7831 -13.6947 3
    endloop
  endfacet
  facet normal -0.195504 0.980703 0
    outer loop
      vertex -26.9371 -13.7254 3
      vertex -26.7831 -13.6947 1.9
      vertex -26.9371 -13.7254 1.9
    endloop
  endfacet
  facet normal -0.831364 0.555728 0
    outer loop
      vertex -25.632 -12.9256 1.9
      vertex -25.5447 -12.795 3
      vertex -25.5447 -12.795 1.9
    endloop
  endfacet
  facet normal -0.831364 0.555728 0
    outer loop
      vertex -25.5447 -12.795 3
      vertex -25.632 -12.9256 1.9
      vertex -25.632 -12.9256 3
    endloop
  endfacet
  facet normal -0.785323 -0.619087 0
    outer loop
      vertex -25.632 12.9256 1.9
      vertex -25.7292 13.0489 3
      vertex -25.7292 13.0489 1.9
    endloop
  endfacet
  facet normal -0.785323 -0.619087 0
    outer loop
      vertex -25.7292 13.0489 3
      vertex -25.632 12.9256 1.9
      vertex -25.632 12.9256 3
    endloop
  endfacet
  facet normal 0.980703 0.195504 0
    outer loop
      vertex -64.6947 -12.2169 3
      vertex -64.7254 -12.0629 1.9
      vertex -64.7254 -12.0629 3
    endloop
  endfacet
  facet normal 0.980703 0.195504 0
    outer loop
      vertex -64.7254 -12.0629 1.9
      vertex -64.6947 -12.2169 3
      vertex -64.6947 -12.2169 1.9
    endloop
  endfacet
  facet normal -0.619087 -0.785323 0
    outer loop
      vertex -26.0744 13.368 1.9
      vertex -25.9511 13.2708 3
      vertex -26.0744 13.368 3
    endloop
  endfacet
  facet normal -0.619087 -0.785323 -0
    outer loop
      vertex -25.9511 13.2708 3
      vertex -26.0744 13.368 1.9
      vertex -25.9511 13.2708 1.9
    endloop
  endfacet
  facet normal 0.96248 0.271354 0
    outer loop
      vertex 30.8479 -12.868 3
      vertex 30.8053 -12.7169 1.9
      vertex 30.8053 -12.7169 3
    endloop
  endfacet
  facet normal 0.96248 0.271354 0
    outer loop
      vertex 30.8053 -12.7169 1.9
      vertex 30.8479 -12.868 3
      vertex 30.8479 -12.868 1.9
    endloop
  endfacet
  facet normal -0.0394848 0.99922 0
    outer loop
      vertex 57.4069 -14.2438 1.9
      vertex 57.25 -14.25 3
      vertex 57.4069 -14.2438 3
    endloop
  endfacet
  facet normal -0.0394848 0.99922 0
    outer loop
      vertex 57.25 -14.25 3
      vertex 57.4069 -14.2438 1.9
      vertex 57.25 -14.25 1.9
    endloop
  endfacet
  facet normal -0.785323 -0.619087 0
    outer loop
      vertex 58.868 13.4256 1.9
      vertex 58.7708 13.5489 3
      vertex 58.7708 13.5489 1.9
    endloop
  endfacet
  facet normal -0.785323 -0.619087 0
    outer loop
      vertex 58.7708 13.5489 3
      vertex 58.868 13.4256 1.9
      vertex 58.868 13.4256 3
    endloop
  endfacet
  facet normal 0.785323 -0.619087 0
    outer loop
      vertex 31.132 13.4256 3
      vertex 31.2292 13.5489 1.9
      vertex 31.2292 13.5489 3
    endloop
  endfacet
  facet normal 0.785323 -0.619087 0
    outer loop
      vertex 31.2292 13.5489 1.9
      vertex 31.132 13.4256 3
      vertex 31.132 13.4256 1.9
    endloop
  endfacet
  facet normal -0.99922 0.0394848 0
    outer loop
      vertex 59.2438 -12.4069 1.9
      vertex 59.25 -12.25 3
      vertex 59.25 -12.25 1.9
    endloop
  endfacet
  facet normal -0.99922 0.0394848 0
    outer loop
      vertex 59.25 -12.25 3
      vertex 59.2438 -12.4069 1.9
      vertex 59.2438 -12.4069 3
    endloop
  endfacet
  facet normal 0.734266 -0.678862 0
    outer loop
      vertex 31.2292 13.5489 3
      vertex 31.3358 13.6642 1.9
      vertex 31.3358 13.6642 3
    endloop
  endfacet
  facet normal 0.734266 -0.678862 0
    outer loop
      vertex 31.3358 13.6642 1.9
      vertex 31.2292 13.5489 3
      vertex 31.2292 13.5489 1.9
    endloop
  endfacet
  facet normal -0.993116 0.117137 0
    outer loop
      vertex 59.2254 -12.5629 1.9
      vertex 59.2438 -12.4069 3
      vertex 59.2438 -12.4069 1.9
    endloop
  endfacet
  facet normal -0.993116 0.117137 0
    outer loop
      vertex 59.2438 -12.4069 3
      vertex 59.2254 -12.5629 1.9
      vertex 59.2254 -12.5629 3
    endloop
  endfacet
  facet normal 0 -1 0
    outer loop
      vertex 32.75 14.25 1.9
      vertex 57.25 14.25 3
      vertex 32.75 14.25 3
    endloop
  endfacet
  facet normal 0 -1 -0
    outer loop
      vertex 57.25 14.25 3
      vertex 32.75 14.25 1.9
      vertex 57.25 14.25 1.9
    endloop
  endfacet
  facet normal 0.271354 -0.96248 0
    outer loop
      vertex 32.132 14.1521 1.9
      vertex 32.2831 14.1947 3
      vertex 32.132 14.1521 3
    endloop
  endfacet
  facet normal 0.271354 -0.96248 0
    outer loop
      vertex 32.2831 14.1947 3
      vertex 32.132 14.1521 1.9
      vertex 32.2831 14.1947 1.9
    endloop
  endfacet
  facet normal 0.488506 0.87256 -0
    outer loop
      vertex 31.842 -14.032 1.9
      vertex 31.705 -13.9553 3
      vertex 31.842 -14.032 3
    endloop
  endfacet
  facet normal 0.488506 0.87256 0
    outer loop
      vertex 31.705 -13.9553 3
      vertex 31.842 -14.032 1.9
      vertex 31.705 -13.9553 1.9
    endloop
  endfacet
  facet normal -0.678862 -0.734266 0
    outer loop
      vertex 58.5489 13.7708 1.9
      vertex 58.6642 13.6642 3
      vertex 58.5489 13.7708 3
    endloop
  endfacet
  facet normal -0.678862 -0.734266 -0
    outer loop
      vertex 58.6642 13.6642 3
      vertex 58.5489 13.7708 1.9
      vertex 58.6642 13.6642 1.9
    endloop
  endfacet
  facet normal 0 1 -0
    outer loop
      vertex 57.25 -14.25 1.9
      vertex 32.75 -14.25 3
      vertex 57.25 -14.25 3
    endloop
  endfacet
  facet normal 0 1 0
    outer loop
      vertex 32.75 -14.25 3
      vertex 57.25 -14.25 1.9
      vertex 32.75 -14.25 1.9
    endloop
  endfacet
  facet normal 0.938354 -0.345676 0
    outer loop
      vertex 30.8479 12.868 3
      vertex 30.9022 13.0154 1.9
      vertex 30.9022 13.0154 3
    endloop
  endfacet
  facet normal 0.938354 -0.345676 0
    outer loop
      vertex 30.9022 13.0154 1.9
      vertex 30.8479 12.868 3
      vertex 30.8479 12.868 1.9
    endloop
  endfacet
  facet normal 0.0394848 -0.99922 0
    outer loop
      vertex 32.5931 14.2438 1.9
      vertex 32.75 14.25 3
      vertex 32.5931 14.2438 3
    endloop
  endfacet
  facet normal 0.0394848 -0.99922 0
    outer loop
      vertex 32.75 14.25 3
      vertex 32.5931 14.2438 1.9
      vertex 32.75 14.25 1.9
    endloop
  endfacet
  facet normal 0.993116 0.117137 0
    outer loop
      vertex 30.7746 -12.5629 3
      vertex 30.7562 -12.4069 1.9
      vertex 30.7562 -12.4069 3
    endloop
  endfacet
  facet normal 0.993116 0.117137 0
    outer loop
      vertex 30.7562 -12.4069 1.9
      vertex 30.7746 -12.5629 3
      vertex 30.7746 -12.5629 1.9
    endloop
  endfacet
  facet normal 0.418977 0.907997 -0
    outer loop
      vertex 31.9846 -14.0978 1.9
      vertex 31.842 -14.032 3
      vertex 31.9846 -14.0978 3
    endloop
  endfacet
  facet normal 0.418977 0.907997 0
    outer loop
      vertex 31.842 -14.032 3
      vertex 31.9846 -14.0978 1.9
      vertex 31.842 -14.032 1.9
    endloop
  endfacet
  facet normal -0.619087 -0.785323 0
    outer loop
      vertex 58.4256 13.868 1.9
      vertex 58.5489 13.7708 3
      vertex 58.4256 13.868 3
    endloop
  endfacet
  facet normal -0.619087 -0.785323 -0
    outer loop
      vertex 58.5489 13.7708 3
      vertex 58.4256 13.868 1.9
      vertex 58.5489 13.7708 1.9
    endloop
  endfacet
  facet normal -0.785323 0.619087 0
    outer loop
      vertex 58.7708 -13.5489 1.9
      vertex 58.868 -13.4256 3
      vertex 58.868 -13.4256 1.9
    endloop
  endfacet
  facet normal -0.785323 0.619087 0
    outer loop
      vertex 58.868 -13.4256 3
      vertex 58.7708 -13.5489 1.9
      vertex 58.7708 -13.5489 3
    endloop
  endfacet
  facet normal -0.195504 -0.980703 0
    outer loop
      vertex 57.5629 14.2254 1.9
      vertex 57.7169 14.1947 3
      vertex 57.5629 14.2254 3
    endloop
  endfacet
  facet normal -0.195504 -0.980703 -0
    outer loop
      vertex 57.7169 14.1947 3
      vertex 57.5629 14.2254 1.9
      vertex 57.7169 14.1947 1.9
    endloop
  endfacet
  facet normal -0.678862 0.734266 0
    outer loop
      vertex 58.6642 -13.6642 1.9
      vertex 58.5489 -13.7708 3
      vertex 58.6642 -13.6642 3
    endloop
  endfacet
  facet normal -0.678862 0.734266 0
    outer loop
      vertex 58.5489 -13.7708 3
      vertex 58.6642 -13.6642 1.9
      vertex 58.5489 -13.7708 1.9
    endloop
  endfacet
  facet normal -0.271354 -0.96248 0
    outer loop
      vertex 57.7169 14.1947 1.9
      vertex 57.868 14.1521 3
      vertex 57.7169 14.1947 3
    endloop
  endfacet
  facet normal -0.271354 -0.96248 -0
    outer loop
      vertex 57.868 14.1521 3
      vertex 57.7169 14.1947 1.9
      vertex 57.868 14.1521 1.9
    endloop
  endfacet
  facet normal 0.555728 0.831364 -0
    outer loop
      vertex 31.705 -13.9553 1.9
      vertex 31.5744 -13.868 3
      vertex 31.705 -13.9553 3
    endloop
  endfacet
  facet normal 0.555728 0.831364 0
    outer loop
      vertex 31.5744 -13.868 3
      vertex 31.705 -13.9553 1.9
      vertex 31.5744 -13.868 1.9
    endloop
  endfacet
  facet normal 0.619087 -0.785323 0
    outer loop
      vertex 31.4511 13.7708 1.9
      vertex 31.5744 13.868 3
      vertex 31.4511 13.7708 3
    endloop
  endfacet
  facet normal 0.619087 -0.785323 0
    outer loop
      vertex 31.5744 13.868 3
      vertex 31.4511 13.7708 1.9
      vertex 31.5744 13.868 1.9
    endloop
  endfacet
  facet normal -0.993116 -0.117137 0
    outer loop
      vertex 59.2438 12.4069 1.9
      vertex 59.2254 12.5629 3
      vertex 59.2254 12.5629 1.9
    endloop
  endfacet
  facet normal -0.993116 -0.117137 0
    outer loop
      vertex 59.2254 12.5629 3
      vertex 59.2438 12.4069 1.9
      vertex 59.2438 12.4069 3
    endloop
  endfacet
  facet normal 0.0394848 0.99922 -0
    outer loop
      vertex 32.75 -14.25 1.9
      vertex 32.5931 -14.2438 3
      vertex 32.75 -14.25 3
    endloop
  endfacet
  facet normal 0.0394848 0.99922 0
    outer loop
      vertex 32.5931 -14.2438 3
      vertex 32.75 -14.25 1.9
      vertex 32.5931 -14.2438 1.9
    endloop
  endfacet
  facet normal 0.195504 -0.980703 0
    outer loop
      vertex 32.2831 14.1947 1.9
      vertex 32.4371 14.2254 3
      vertex 32.2831 14.1947 3
    endloop
  endfacet
  facet normal 0.195504 -0.980703 0
    outer loop
      vertex 32.4371 14.2254 3
      vertex 32.2831 14.1947 1.9
      vertex 32.4371 14.2254 1.9
    endloop
  endfacet
  facet normal 0.831364 -0.555728 0
    outer loop
      vertex 31.0447 13.295 3
      vertex 31.132 13.4256 1.9
      vertex 31.132 13.4256 3
    endloop
  endfacet
  facet normal 0.831364 -0.555728 0
    outer loop
      vertex 31.132 13.4256 1.9
      vertex 31.0447 13.295 3
      vertex 31.0447 13.295 1.9
    endloop
  endfacet
  facet normal -0.488506 -0.87256 0
    outer loop
      vertex 58.158 14.032 1.9
      vertex 58.295 13.9553 3
      vertex 58.158 14.032 3
    endloop
  endfacet
  facet normal -0.488506 -0.87256 -0
    outer loop
      vertex 58.295 13.9553 3
      vertex 58.158 14.032 1.9
      vertex 58.295 13.9553 1.9
    endloop
  endfacet
  facet normal 0.96248 -0.271354 0
    outer loop
      vertex 30.8053 12.7169 3
      vertex 30.8479 12.868 1.9
      vertex 30.8479 12.868 3
    endloop
  endfacet
  facet normal 0.96248 -0.271354 0
    outer loop
      vertex 30.8479 12.868 1.9
      vertex 30.8053 12.7169 3
      vertex 30.8053 12.7169 1.9
    endloop
  endfacet
  facet normal 0.99922 0.0394848 0
    outer loop
      vertex 30.7562 -12.4069 3
      vertex 30.75 -12.25 1.9
      vertex 30.75 -12.25 3
    endloop
  endfacet
  facet normal 0.99922 0.0394848 0
    outer loop
      vertex 30.75 -12.25 1.9
      vertex 30.7562 -12.4069 3
      vertex 30.7562 -12.4069 1.9
    endloop
  endfacet
  facet normal -0.418977 -0.907997 0
    outer loop
      vertex 58.0154 14.0978 1.9
      vertex 58.158 14.032 3
      vertex 58.0154 14.0978 3
    endloop
  endfacet
  facet normal -0.418977 -0.907997 -0
    outer loop
      vertex 58.158 14.032 3
      vertex 58.0154 14.0978 1.9
      vertex 58.158 14.032 1.9
    endloop
  endfacet
  facet normal -0.980703 0.195504 0
    outer loop
      vertex 59.1947 -12.7169 1.9
      vertex 59.2254 -12.5629 3
      vertex 59.2254 -12.5629 1.9
    endloop
  endfacet
  facet normal -0.980703 0.195504 0
    outer loop
      vertex 59.2254 -12.5629 3
      vertex 59.1947 -12.7169 1.9
      vertex 59.1947 -12.7169 3
    endloop
  endfacet
  facet normal 0.87256 -0.488506 0
    outer loop
      vertex 30.968 13.158 3
      vertex 31.0447 13.295 1.9
      vertex 31.0447 13.295 3
    endloop
  endfacet
  facet normal 0.87256 -0.488506 0
    outer loop
      vertex 31.0447 13.295 1.9
      vertex 30.968 13.158 3
      vertex 30.968 13.158 1.9
    endloop
  endfacet
  facet normal -0.96248 -0.271354 0
    outer loop
      vertex 59.1947 12.7169 1.9
      vertex 59.1521 12.868 3
      vertex 59.1521 12.868 1.9
    endloop
  endfacet
  facet normal -0.96248 -0.271354 0
    outer loop
      vertex 59.1521 12.868 3
      vertex 59.1947 12.7169 1.9
      vertex 59.1947 12.7169 3
    endloop
  endfacet
  facet normal 0.678862 -0.734266 0
    outer loop
      vertex 31.3358 13.6642 1.9
      vertex 31.4511 13.7708 3
      vertex 31.3358 13.6642 3
    endloop
  endfacet
  facet normal 0.678862 -0.734266 0
    outer loop
      vertex 31.4511 13.7708 3
      vertex 31.3358 13.6642 1.9
      vertex 31.4511 13.7708 1.9
    endloop
  endfacet
  facet normal -0.117137 -0.993116 0
    outer loop
      vertex 57.4069 14.2438 1.9
      vertex 57.5629 14.2254 3
      vertex 57.4069 14.2438 3
    endloop
  endfacet
  facet normal -0.117137 -0.993116 -0
    outer loop
      vertex 57.5629 14.2254 3
      vertex 57.4069 14.2438 1.9
      vertex 57.5629 14.2254 1.9
    endloop
  endfacet
  facet normal 0.195504 0.980703 -0
    outer loop
      vertex 32.4371 -14.2254 1.9
      vertex 32.2831 -14.1947 3
      vertex 32.4371 -14.2254 3
    endloop
  endfacet
  facet normal 0.195504 0.980703 0
    outer loop
      vertex 32.2831 -14.1947 3
      vertex 32.4371 -14.2254 1.9
      vertex 32.2831 -14.1947 1.9
    endloop
  endfacet
  facet normal -0.734266 0.678862 0
    outer loop
      vertex 58.6642 -13.6642 1.9
      vertex 58.7708 -13.5489 3
      vertex 58.7708 -13.5489 1.9
    endloop
  endfacet
  facet normal -0.734266 0.678862 0
    outer loop
      vertex 58.7708 -13.5489 3
      vertex 58.6642 -13.6642 1.9
      vertex 58.6642 -13.6642 3
    endloop
  endfacet
  facet normal 0.907997 0.418977 0
    outer loop
      vertex 30.968 -13.158 3
      vertex 30.9022 -13.0154 1.9
      vertex 30.9022 -13.0154 3
    endloop
  endfacet
  facet normal 0.907997 0.418977 0
    outer loop
      vertex 30.9022 -13.0154 1.9
      vertex 30.968 -13.158 3
      vertex 30.968 -13.158 1.9
    endloop
  endfacet
  facet normal 0.345676 0.938354 -0
    outer loop
      vertex 32.132 -14.1521 1.9
      vertex 31.9846 -14.0978 3
      vertex 32.132 -14.1521 3
    endloop
  endfacet
  facet normal 0.345676 0.938354 0
    outer loop
      vertex 31.9846 -14.0978 3
      vertex 32.132 -14.1521 1.9
      vertex 31.9846 -14.0978 1.9
    endloop
  endfacet
  facet normal 0.734266 0.678862 0
    outer loop
      vertex 31.3358 -13.6642 3
      vertex 31.2292 -13.5489 1.9
      vertex 31.2292 -13.5489 3
    endloop
  endfacet
  facet normal 0.734266 0.678862 0
    outer loop
      vertex 31.2292 -13.5489 1.9
      vertex 31.3358 -13.6642 3
      vertex 31.3358 -13.6642 1.9
    endloop
  endfacet
  facet normal 0.345676 -0.938354 0
    outer loop
      vertex 31.9846 14.0978 1.9
      vertex 32.132 14.1521 3
      vertex 31.9846 14.0978 3
    endloop
  endfacet
  facet normal 0.345676 -0.938354 0
    outer loop
      vertex 32.132 14.1521 3
      vertex 31.9846 14.0978 1.9
      vertex 32.132 14.1521 1.9
    endloop
  endfacet
  facet normal -0.345676 -0.938354 0
    outer loop
      vertex 57.868 14.1521 1.9
      vertex 58.0154 14.0978 3
      vertex 57.868 14.1521 3
    endloop
  endfacet
  facet normal -0.345676 -0.938354 -0
    outer loop
      vertex 58.0154 14.0978 3
      vertex 57.868 14.1521 1.9
      vertex 58.0154 14.0978 1.9
    endloop
  endfacet
  facet normal -0.938354 -0.345676 0
    outer loop
      vertex 59.1521 12.868 1.9
      vertex 59.0978 13.0154 3
      vertex 59.0978 13.0154 1.9
    endloop
  endfacet
  facet normal -0.938354 -0.345676 0
    outer loop
      vertex 59.0978 13.0154 3
      vertex 59.1521 12.868 1.9
      vertex 59.1521 12.868 3
    endloop
  endfacet
  facet normal -0.555728 0.831364 0
    outer loop
      vertex 58.4256 -13.868 1.9
      vertex 58.295 -13.9553 3
      vertex 58.4256 -13.868 3
    endloop
  endfacet
  facet normal -0.555728 0.831364 0
    outer loop
      vertex 58.295 -13.9553 3
      vertex 58.4256 -13.868 1.9
      vertex 58.295 -13.9553 1.9
    endloop
  endfacet
  facet normal -0.418977 0.907997 0
    outer loop
      vertex 58.158 -14.032 1.9
      vertex 58.0154 -14.0978 3
      vertex 58.158 -14.032 3
    endloop
  endfacet
  facet normal -0.418977 0.907997 0
    outer loop
      vertex 58.0154 -14.0978 3
      vertex 58.158 -14.032 1.9
      vertex 58.0154 -14.0978 1.9
    endloop
  endfacet
  facet normal -0.734266 -0.678862 0
    outer loop
      vertex 58.7708 13.5489 1.9
      vertex 58.6642 13.6642 3
      vertex 58.6642 13.6642 1.9
    endloop
  endfacet
  facet normal -0.734266 -0.678862 0
    outer loop
      vertex 58.6642 13.6642 3
      vertex 58.7708 13.5489 1.9
      vertex 58.7708 13.5489 3
    endloop
  endfacet
  facet normal -0.87256 -0.488506 0
    outer loop
      vertex 59.032 13.158 1.9
      vertex 58.9553 13.295 3
      vertex 58.9553 13.295 1.9
    endloop
  endfacet
  facet normal -0.87256 -0.488506 0
    outer loop
      vertex 58.9553 13.295 3
      vertex 59.032 13.158 1.9
      vertex 59.032 13.158 3
    endloop
  endfacet
  facet normal -0.555728 -0.831364 0
    outer loop
      vertex 58.295 13.9553 1.9
      vertex 58.4256 13.868 3
      vertex 58.295 13.9553 3
    endloop
  endfacet
  facet normal -0.555728 -0.831364 -0
    outer loop
      vertex 58.4256 13.868 3
      vertex 58.295 13.9553 1.9
      vertex 58.4256 13.868 1.9
    endloop
  endfacet
  facet normal 0.993116 -0.117137 0
    outer loop
      vertex 30.7562 12.4069 3
      vertex 30.7746 12.5629 1.9
      vertex 30.7746 12.5629 3
    endloop
  endfacet
  facet normal 0.993116 -0.117137 0
    outer loop
      vertex 30.7746 12.5629 1.9
      vertex 30.7562 12.4069 3
      vertex 30.7562 12.4069 1.9
    endloop
  endfacet
  facet normal 0.117137 -0.993116 0
    outer loop
      vertex 32.4371 14.2254 1.9
      vertex 32.5931 14.2438 3
      vertex 32.4371 14.2254 3
    endloop
  endfacet
  facet normal 0.117137 -0.993116 0
    outer loop
      vertex 32.5931 14.2438 3
      vertex 32.4371 14.2254 1.9
      vertex 32.5931 14.2438 1.9
    endloop
  endfacet
  facet normal -1 0 0
    outer loop
      vertex 59.25 -12.25 1.9
      vertex 59.25 12.25 3
      vertex 59.25 12.25 1.9
    endloop
  endfacet
  facet normal -1 -0 0
    outer loop
      vertex 59.25 12.25 3
      vertex 59.25 -12.25 1.9
      vertex 59.25 -12.25 3
    endloop
  endfacet
  facet normal 0.980703 -0.195504 0
    outer loop
      vertex 30.7746 12.5629 3
      vertex 30.8053 12.7169 1.9
      vertex 30.8053 12.7169 3
    endloop
  endfacet
  facet normal 0.980703 -0.195504 0
    outer loop
      vertex 30.8053 12.7169 1.9
      vertex 30.7746 12.5629 3
      vertex 30.7746 12.5629 1.9
    endloop
  endfacet
  facet normal 0.831364 0.555728 0
    outer loop
      vertex 31.132 -13.4256 3
      vertex 31.0447 -13.295 1.9
      vertex 31.0447 -13.295 3
    endloop
  endfacet
  facet normal 0.831364 0.555728 0
    outer loop
      vertex 31.0447 -13.295 1.9
      vertex 31.132 -13.4256 3
      vertex 31.132 -13.4256 1.9
    endloop
  endfacet
  facet normal 0.271354 0.96248 -0
    outer loop
      vertex 32.2831 -14.1947 1.9
      vertex 32.132 -14.1521 3
      vertex 32.2831 -14.1947 3
    endloop
  endfacet
  facet normal 0.271354 0.96248 0
    outer loop
      vertex 32.132 -14.1521 3
      vertex 32.2831 -14.1947 1.9
      vertex 32.132 -14.1521 1.9
    endloop
  endfacet
  facet normal 0.117137 0.993116 -0
    outer loop
      vertex 32.5931 -14.2438 1.9
      vertex 32.4371 -14.2254 3
      vertex 32.5931 -14.2438 3
    endloop
  endfacet
  facet normal 0.117137 0.993116 0
    outer loop
      vertex 32.4371 -14.2254 3
      vertex 32.5931 -14.2438 1.9
      vertex 32.4371 -14.2254 1.9
    endloop
  endfacet
  facet normal -0.99922 -0.0394848 0
    outer loop
      vertex 59.25 12.25 1.9
      vertex 59.2438 12.4069 3
      vertex 59.2438 12.4069 1.9
    endloop
  endfacet
  facet normal -0.99922 -0.0394848 0
    outer loop
      vertex 59.2438 12.4069 3
      vertex 59.25 12.25 1.9
      vertex 59.25 12.25 3
    endloop
  endfacet
  facet normal -0.831364 0.555728 0
    outer loop
      vertex 58.868 -13.4256 1.9
      vertex 58.9553 -13.295 3
      vertex 58.9553 -13.295 1.9
    endloop
  endfacet
  facet normal -0.831364 0.555728 0
    outer loop
      vertex 58.9553 -13.295 3
      vertex 58.868 -13.4256 1.9
      vertex 58.868 -13.4256 3
    endloop
  endfacet
  facet normal 0.87256 0.488506 0
    outer loop
      vertex 31.0447 -13.295 3
      vertex 30.968 -13.158 1.9
      vertex 30.968 -13.158 3
    endloop
  endfacet
  facet normal 0.87256 0.488506 0
    outer loop
      vertex 30.968 -13.158 1.9
      vertex 31.0447 -13.295 3
      vertex 31.0447 -13.295 1.9
    endloop
  endfacet
  facet normal 0.99922 -0.0394848 0
    outer loop
      vertex 30.75 12.25 3
      vertex 30.7562 12.4069 1.9
      vertex 30.7562 12.4069 3
    endloop
  endfacet
  facet normal 0.99922 -0.0394848 0
    outer loop
      vertex 30.7562 12.4069 1.9
      vertex 30.75 12.25 3
      vertex 30.75 12.25 1.9
    endloop
  endfacet
  facet normal 1 -0 0
    outer loop
      vertex 30.75 -12.25 3
      vertex 30.75 12.25 1.9
      vertex 30.75 12.25 3
    endloop
  endfacet
  facet normal 1 0 0
    outer loop
      vertex 30.75 12.25 1.9
      vertex 30.75 -12.25 3
      vertex 30.75 -12.25 1.9
    endloop
  endfacet
  facet normal 0.555728 -0.831364 0
    outer loop
      vertex 31.5744 13.868 1.9
      vertex 31.705 13.9553 3
      vertex 31.5744 13.868 3
    endloop
  endfacet
  facet normal 0.555728 -0.831364 0
    outer loop
      vertex 31.705 13.9553 3
      vertex 31.5744 13.868 1.9
      vertex 31.705 13.9553 1.9
    endloop
  endfacet
  facet normal -0.980703 -0.195504 0
    outer loop
      vertex 59.2254 12.5629 1.9
      vertex 59.1947 12.7169 3
      vertex 59.1947 12.7169 1.9
    endloop
  endfacet
  facet normal -0.980703 -0.195504 0
    outer loop
      vertex 59.1947 12.7169 3
      vertex 59.2254 12.5629 1.9
      vertex 59.2254 12.5629 3
    endloop
  endfacet
  facet normal -0.0394848 -0.99922 0
    outer loop
      vertex 57.25 14.25 1.9
      vertex 57.4069 14.2438 3
      vertex 57.25 14.25 3
    endloop
  endfacet
  facet normal -0.0394848 -0.99922 -0
    outer loop
      vertex 57.4069 14.2438 3
      vertex 57.25 14.25 1.9
      vertex 57.4069 14.2438 1.9
    endloop
  endfacet
  facet normal -0.907997 0.418977 0
    outer loop
      vertex 59.032 -13.158 1.9
      vertex 59.0978 -13.0154 3
      vertex 59.0978 -13.0154 1.9
    endloop
  endfacet
  facet normal -0.907997 0.418977 0
    outer loop
      vertex 59.0978 -13.0154 3
      vertex 59.032 -13.158 1.9
      vertex 59.032 -13.158 3
    endloop
  endfacet
  facet normal -0.345676 0.938354 0
    outer loop
      vertex 58.0154 -14.0978 1.9
      vertex 57.868 -14.1521 3
      vertex 58.0154 -14.0978 3
    endloop
  endfacet
  facet normal -0.345676 0.938354 0
    outer loop
      vertex 57.868 -14.1521 3
      vertex 58.0154 -14.0978 1.9
      vertex 57.868 -14.1521 1.9
    endloop
  endfacet
  facet normal 0.418977 -0.907997 0
    outer loop
      vertex 31.842 14.032 1.9
      vertex 31.9846 14.0978 3
      vertex 31.842 14.032 3
    endloop
  endfacet
  facet normal 0.418977 -0.907997 0
    outer loop
      vertex 31.9846 14.0978 3
      vertex 31.842 14.032 1.9
      vertex 31.9846 14.0978 1.9
    endloop
  endfacet
  facet normal -0.117137 0.993116 0
    outer loop
      vertex 57.5629 -14.2254 1.9
      vertex 57.4069 -14.2438 3
      vertex 57.5629 -14.2254 3
    endloop
  endfacet
  facet normal -0.117137 0.993116 0
    outer loop
      vertex 57.4069 -14.2438 3
      vertex 57.5629 -14.2254 1.9
      vertex 57.4069 -14.2438 1.9
    endloop
  endfacet
  facet normal 0.678862 0.734266 -0
    outer loop
      vertex 31.4511 -13.7708 1.9
      vertex 31.3358 -13.6642 3
      vertex 31.4511 -13.7708 3
    endloop
  endfacet
  facet normal 0.678862 0.734266 0
    outer loop
      vertex 31.3358 -13.6642 3
      vertex 31.4511 -13.7708 1.9
      vertex 31.3358 -13.6642 1.9
    endloop
  endfacet
  facet normal 0.980703 0.195504 0
    outer loop
      vertex 30.8053 -12.7169 3
      vertex 30.7746 -12.5629 1.9
      vertex 30.7746 -12.5629 3
    endloop
  endfacet
  facet normal 0.980703 0.195504 0
    outer loop
      vertex 30.7746 -12.5629 1.9
      vertex 30.8053 -12.7169 3
      vertex 30.8053 -12.7169 1.9
    endloop
  endfacet
  facet normal -0.271354 0.96248 0
    outer loop
      vertex 57.868 -14.1521 1.9
      vertex 57.7169 -14.1947 3
      vertex 57.868 -14.1521 3
    endloop
  endfacet
  facet normal -0.271354 0.96248 0
    outer loop
      vertex 57.7169 -14.1947 3
      vertex 57.868 -14.1521 1.9
      vertex 57.7169 -14.1947 1.9
    endloop
  endfacet
  facet normal -0.87256 0.488506 0
    outer loop
      vertex 58.9553 -13.295 1.9
      vertex 59.032 -13.158 3
      vertex 59.032 -13.158 1.9
    endloop
  endfacet
  facet normal -0.87256 0.488506 0
    outer loop
      vertex 59.032 -13.158 3
      vertex 58.9553 -13.295 1.9
      vertex 58.9553 -13.295 3
    endloop
  endfacet
  facet normal 0.619087 0.785323 -0
    outer loop
      vertex 31.5744 -13.868 1.9
      vertex 31.4511 -13.7708 3
      vertex 31.5744 -13.868 3
    endloop
  endfacet
  facet normal 0.619087 0.785323 0
    outer loop
      vertex 31.4511 -13.7708 3
      vertex 31.5744 -13.868 1.9
      vertex 31.4511 -13.7708 1.9
    endloop
  endfacet
  facet normal 0.785323 0.619087 0
    outer loop
      vertex 31.2292 -13.5489 3
      vertex 31.132 -13.4256 1.9
      vertex 31.132 -13.4256 3
    endloop
  endfacet
  facet normal 0.785323 0.619087 0
    outer loop
      vertex 31.132 -13.4256 1.9
      vertex 31.2292 -13.5489 3
      vertex 31.2292 -13.5489 1.9
    endloop
  endfacet
  facet normal -0.488506 0.87256 0
    outer loop
      vertex 58.295 -13.9553 1.9
      vertex 58.158 -14.032 3
      vertex 58.295 -13.9553 3
    endloop
  endfacet
  facet normal -0.488506 0.87256 0
    outer loop
      vertex 58.158 -14.032 3
      vertex 58.295 -13.9553 1.9
      vertex 58.158 -14.032 1.9
    endloop
  endfacet
  facet normal 0.938354 0.345676 0
    outer loop
      vertex 30.9022 -13.0154 3
      vertex 30.8479 -12.868 1.9
      vertex 30.8479 -12.868 3
    endloop
  endfacet
  facet normal 0.938354 0.345676 0
    outer loop
      vertex 30.8479 -12.868 1.9
      vertex 30.9022 -13.0154 3
      vertex 30.9022 -13.0154 1.9
    endloop
  endfacet
  facet normal 0.907997 -0.418977 0
    outer loop
      vertex 30.9022 13.0154 3
      vertex 30.968 13.158 1.9
      vertex 30.968 13.158 3
    endloop
  endfacet
  facet normal 0.907997 -0.418977 0
    outer loop
      vertex 30.968 13.158 1.9
      vertex 30.9022 13.0154 3
      vertex 30.9022 13.0154 1.9
    endloop
  endfacet
  facet normal -0.831364 -0.555728 0
    outer loop
      vertex 58.9553 13.295 1.9
      vertex 58.868 13.4256 3
      vertex 58.868 13.4256 1.9
    endloop
  endfacet
  facet normal -0.831364 -0.555728 0
    outer loop
      vertex 58.868 13.4256 3
      vertex 58.9553 13.295 1.9
      vertex 58.9553 13.295 3
    endloop
  endfacet
  facet normal 0.488506 -0.87256 0
    outer loop
      vertex 31.705 13.9553 1.9
      vertex 31.842 14.032 3
      vertex 31.705 13.9553 3
    endloop
  endfacet
  facet normal 0.488506 -0.87256 0
    outer loop
      vertex 31.842 14.032 3
      vertex 31.705 13.9553 1.9
      vertex 31.842 14.032 1.9
    endloop
  endfacet
  facet normal -0.96248 0.271354 0
    outer loop
      vertex 59.1521 -12.868 1.9
      vertex 59.1947 -12.7169 3
      vertex 59.1947 -12.7169 1.9
    endloop
  endfacet
  facet normal -0.96248 0.271354 0
    outer loop
      vertex 59.1947 -12.7169 3
      vertex 59.1521 -12.868 1.9
      vertex 59.1521 -12.868 3
    endloop
  endfacet
  facet normal -0.195504 0.980703 0
    outer loop
      vertex 57.7169 -14.1947 1.9
      vertex 57.5629 -14.2254 3
      vertex 57.7169 -14.1947 3
    endloop
  endfacet
  facet normal -0.195504 0.980703 0
    outer loop
      vertex 57.5629 -14.2254 3
      vertex 57.7169 -14.1947 1.9
      vertex 57.5629 -14.2254 1.9
    endloop
  endfacet
  facet normal -0.907997 -0.418977 0
    outer loop
      vertex 59.0978 13.0154 1.9
      vertex 59.032 13.158 3
      vertex 59.032 13.158 1.9
    endloop
  endfacet
  facet normal -0.907997 -0.418977 0
    outer loop
      vertex 59.032 13.158 3
      vertex 59.0978 13.0154 1.9
      vertex 59.0978 13.0154 3
    endloop
  endfacet
  facet normal -0.619087 0.785323 0
    outer loop
      vertex 58.5489 -13.7708 1.9
      vertex 58.4256 -13.868 3
      vertex 58.5489 -13.7708 3
    endloop
  endfacet
  facet normal -0.619087 0.785323 0
    outer loop
      vertex 58.4256 -13.868 3
      vertex 58.5489 -13.7708 1.9
      vertex 58.4256 -13.868 1.9
    endloop
  endfacet
  facet normal -0.938354 0.345676 0
    outer loop
      vertex 59.0978 -13.0154 1.9
      vertex 59.1521 -12.868 3
      vertex 59.1521 -12.868 1.9
    endloop
  endfacet
  facet normal -0.938354 0.345676 0
    outer loop
      vertex 59.1521 -12.868 3
      vertex 59.0978 -13.0154 1.9
      vertex 59.0978 -13.0154 3
    endloop
  endfacet
  facet normal 0 0 1
    outer loop
      vertex 33.8839 11.1161 1.9
      vertex 56.1161 11.1161 1.9
      vertex 34.0825 11.375 1.9
    endloop
  endfacet
  facet normal 0 0 1
    outer loop
      vertex 56.1161 -11.1161 1.9
      vertex 34.2074 -11.6765 1.9
      vertex 34.25 -12 1.9
    endloop
  endfacet
  facet normal 0 0 1
    outer loop
      vertex 56.1161 11.1161 1.9
      vertex 33.8839 11.1161 1.9
      vertex 56.1161 -11.1161 1.9
    endloop
  endfacet
  facet normal 0 0 1
    outer loop
      vertex 56.1161 -11.1161 1.9
      vertex 34.0825 -11.375 1.9
      vertex 34.2074 -11.6765 1.9
    endloop
  endfacet
  facet normal 0 0 1
    outer loop
      vertex 33.8839 -11.1161 1.9
      vertex 56.1161 -11.1161 1.9
      vertex 33.8839 11.1161 1.9
    endloop
  endfacet
  facet normal 0 0 1
    outer loop
      vertex 56.1161 -11.1161 1.9
      vertex 33.8839 -11.1161 1.9
      vertex 34.0825 -11.375 1.9
    endloop
  endfacet
  facet normal -0 0 1
    outer loop
      vertex 33.625 10.9175 1.9
      vertex 33.8839 -11.1161 1.9
      vertex 33.8839 11.1161 1.9
    endloop
  endfacet
  facet normal 0 0 1
    outer loop
      vertex 33.625 10.9175 1.9
      vertex 33.625 -10.9175 1.9
      vertex 33.8839 -11.1161 1.9
    endloop
  endfacet
  facet normal -0 0 1
    outer loop
      vertex 33.3235 10.7926 1.9
      vertex 33.625 -10.9175 1.9
      vertex 33.625 10.9175 1.9
    endloop
  endfacet
  facet normal 0 0 1
    outer loop
      vertex 33.3235 10.7926 1.9
      vertex 33.3235 -10.7926 1.9
      vertex 33.625 -10.9175 1.9
    endloop
  endfacet
  facet normal -0 0 1
    outer loop
      vertex 33 10.75 1.9
      vertex 33.3235 -10.7926 1.9
      vertex 33.3235 10.7926 1.9
    endloop
  endfacet
  facet normal 0 0 1
    outer loop
      vertex 33 10.75 1.9
      vertex 33 -10.75 1.9
      vertex 33.3235 -10.7926 1.9
    endloop
  endfacet
  facet normal 0 0 1
    outer loop
      vertex 32.6765 10.7926 1.9
      vertex 33 -10.75 1.9
      vertex 33 10.75 1.9
    endloop
  endfacet
  facet normal 0 0 1
    outer loop
      vertex 32.6765 10.7926 1.9
      vertex 32.6765 -10.7926 1.9
      vertex 33 -10.75 1.9
    endloop
  endfacet
  facet normal 0 0 1
    outer loop
      vertex 32.375 10.9175 1.9
      vertex 32.6765 -10.7926 1.9
      vertex 32.6765 10.7926 1.9
    endloop
  endfacet
  facet normal 0 0 1
    outer loop
      vertex 32.375 10.9175 1.9
      vertex 32.375 -10.9175 1.9
      vertex 32.6765 -10.7926 1.9
    endloop
  endfacet
  facet normal 0 0 1
    outer loop
      vertex 32.1161 11.1161 1.9
      vertex 32.375 -10.9175 1.9
      vertex 32.375 10.9175 1.9
    endloop
  endfacet
  facet normal 0 0 1
    outer loop
      vertex 32.1161 11.1161 1.9
      vertex 32.1161 -11.1161 1.9
      vertex 32.375 -10.9175 1.9
    endloop
  endfacet
  facet normal 0 0 1
    outer loop
      vertex 30.75 12.25 1.9
      vertex 32.1161 11.1161 1.9
      vertex 31.9175 11.375 1.9
    endloop
  endfacet
  facet normal 0 0 1
    outer loop
      vertex 32.1161 11.1161 1.9
      vertex 30.75 12.25 1.9
      vertex 32.1161 -11.1161 1.9
    endloop
  endfacet
  facet normal 0 0 1
    outer loop
      vertex 30.75 12.25 1.9
      vertex 31.9175 11.375 1.9
      vertex 31.7926 11.6765 1.9
    endloop
  endfacet
  facet normal 0 0 1
    outer loop
      vertex 30.75 -12.25 1.9
      vertex 32.1161 -11.1161 1.9
      vertex 30.75 12.25 1.9
    endloop
  endfacet
  facet normal 0 0 1
    outer loop
      vertex 30.75 12.25 1.9
      vertex 31.7926 11.6765 1.9
      vertex 31.75 12 1.9
    endloop
  endfacet
  facet normal 0 0 1
    outer loop
      vertex 32.1161 -11.1161 1.9
      vertex 30.75 -12.25 1.9
      vertex 31.9175 -11.375 1.9
    endloop
  endfacet
  facet normal 0 0 1
    outer loop
      vertex 57.8839 11.1161 1.9
      vertex 59.25 12.25 1.9
      vertex 58.0825 11.375 1.9
    endloop
  endfacet
  facet normal 0 0 1
    outer loop
      vertex 59.25 -12.25 1.9
      vertex 58.2074 -11.6765 1.9
      vertex 58.25 -12 1.9
    endloop
  endfacet
  facet normal 0 0 1
    outer loop
      vertex 59.25 12.25 1.9
      vertex 57.8839 11.1161 1.9
      vertex 59.25 -12.25 1.9
    endloop
  endfacet
  facet normal 0 0 1
    outer loop
      vertex 59.25 -12.25 1.9
      vertex 58.0825 -11.375 1.9
      vertex 58.2074 -11.6765 1.9
    endloop
  endfacet
  facet normal -0 0 1
    outer loop
      vertex 57.8839 -11.1161 1.9
      vertex 59.25 -12.25 1.9
      vertex 57.8839 11.1161 1.9
    endloop
  endfacet
  facet normal 0 0 1
    outer loop
      vertex 59.25 -12.25 1.9
      vertex 57.8839 -11.1161 1.9
      vertex 58.0825 -11.375 1.9
    endloop
  endfacet
  facet normal -0 0 1
    outer loop
      vertex 57.625 10.9175 1.9
      vertex 57.8839 -11.1161 1.9
      vertex 57.8839 11.1161 1.9
    endloop
  endfacet
  facet normal 0 0 1
    outer loop
      vertex 57.625 10.9175 1.9
      vertex 57.625 -10.9175 1.9
      vertex 57.8839 -11.1161 1.9
    endloop
  endfacet
  facet normal -0 0 1
    outer loop
      vertex 57.3235 10.7926 1.9
      vertex 57.625 -10.9175 1.9
      vertex 57.625 10.9175 1.9
    endloop
  endfacet
  facet normal 0 0 1
    outer loop
      vertex 57.3235 10.7926 1.9
      vertex 57.3235 -10.7926 1.9
      vertex 57.625 -10.9175 1.9
    endloop
  endfacet
  facet normal -0 0 1
    outer loop
      vertex 57 10.75 1.9
      vertex 57.3235 -10.7926 1.9
      vertex 57.3235 10.7926 1.9
    endloop
  endfacet
  facet normal 0 0 1
    outer loop
      vertex 57 10.75 1.9
      vertex 57 -10.75 1.9
      vertex 57.3235 -10.7926 1.9
    endloop
  endfacet
  facet normal 0 0 1
    outer loop
      vertex 56.6765 10.7926 1.9
      vertex 57 -10.75 1.9
      vertex 57 10.75 1.9
    endloop
  endfacet
  facet normal 0 0 1
    outer loop
      vertex 56.6765 10.7926 1.9
      vertex 56.6765 -10.7926 1.9
      vertex 57 -10.75 1.9
    endloop
  endfacet
  facet normal 0 0 1
    outer loop
      vertex 56.375 10.9175 1.9
      vertex 56.6765 -10.7926 1.9
      vertex 56.6765 10.7926 1.9
    endloop
  endfacet
  facet normal 0 0 1
    outer loop
      vertex 56.375 10.9175 1.9
      vertex 56.375 -10.9175 1.9
      vertex 56.6765 -10.7926 1.9
    endloop
  endfacet
  facet normal 0 0 1
    outer loop
      vertex 56.1161 11.1161 1.9
      vertex 56.375 -10.9175 1.9
      vertex 56.375 10.9175 1.9
    endloop
  endfacet
  facet normal 0 0 1
    outer loop
      vertex 56.1161 11.1161 1.9
      vertex 56.1161 -11.1161 1.9
      vertex 56.375 -10.9175 1.9
    endloop
  endfacet
  facet normal 0 0 1
    outer loop
      vertex 55.7926 11.6765 1.9
      vertex 34.2074 11.6765 1.9
      vertex 55.9175 11.375 1.9
    endloop
  endfacet
  facet normal 0 0 1
    outer loop
      vertex 34.0825 11.375 1.9
      vertex 55.9175 11.375 1.9
      vertex 34.2074 11.6765 1.9
    endloop
  endfacet
  facet normal 0 0 1
    outer loop
      vertex 34.2074 11.6765 1.9
      vertex 55.7926 11.6765 1.9
      vertex 34.25 12 1.9
    endloop
  endfacet
  facet normal 0 0 1
    outer loop
      vertex 55.9175 11.375 1.9
      vertex 34.0825 11.375 1.9
      vertex 56.1161 11.1161 1.9
    endloop
  endfacet
  facet normal -0 0 1
    outer loop
      vertex 34.25 12 1.9
      vertex 55.7926 11.6765 1.9
      vertex 55.75 12 1.9
    endloop
  endfacet
  facet normal 0 0 1
    outer loop
      vertex 56.1161 -11.1161 1.9
      vertex 34.25 -12 1.9
      vertex 55.9175 -11.375 1.9
    endloop
  endfacet
  facet normal -0 0 1
    outer loop
      vertex 58.2074 12.3235 1.9
      vertex 59.25 12.25 1.9
      vertex 59.2438 12.4069 1.9
    endloop
  endfacet
  facet normal 0 0 1
    outer loop
      vertex 58.2074 11.6765 1.9
      vertex 59.25 12.25 1.9
      vertex 58.25 12 1.9
    endloop
  endfacet
  facet normal 0 0 1
    outer loop
      vertex 58.2074 12.3235 1.9
      vertex 59.2438 12.4069 1.9
      vertex 59.2254 12.5629 1.9
    endloop
  endfacet
  facet normal 0 0 1
    outer loop
      vertex 58.0825 11.375 1.9
      vertex 59.25 12.25 1.9
      vertex 58.2074 11.6765 1.9
    endloop
  endfacet
  facet normal 0 0 1
    outer loop
      vertex 58.2074 12.3235 1.9
      vertex 59.2254 12.5629 1.9
      vertex 59.1947 12.7169 1.9
    endloop
  endfacet
  facet normal 0 0 1
    outer loop
      vertex 58.2074 -12.3235 1.9
      vertex 59.25 -12.25 1.9
      vertex 58.25 -12 1.9
    endloop
  endfacet
  facet normal 0 0 1
    outer loop
      vertex 58.2074 12.3235 1.9
      vertex 59.1947 12.7169 1.9
      vertex 59.1521 12.868 1.9
    endloop
  endfacet
  facet normal 0 0 1
    outer loop
      vertex 59.25 -12.25 1.9
      vertex 58.2074 -12.3235 1.9
      vertex 59.2438 -12.4069 1.9
    endloop
  endfacet
  facet normal 0 0 1
    outer loop
      vertex 58.0825 12.625 1.9
      vertex 59.1521 12.868 1.9
      vertex 59.0978 13.0154 1.9
    endloop
  endfacet
  facet normal 0 0 1
    outer loop
      vertex 59.2438 -12.4069 1.9
      vertex 58.2074 -12.3235 1.9
      vertex 59.2254 -12.5629 1.9
    endloop
  endfacet
  facet normal 0 0 1
    outer loop
      vertex 58.0825 12.625 1.9
      vertex 59.0978 13.0154 1.9
      vertex 59.032 13.158 1.9
    endloop
  endfacet
  facet normal 0 0 1
    outer loop
      vertex 59.2254 -12.5629 1.9
      vertex 58.2074 -12.3235 1.9
      vertex 59.1947 -12.7169 1.9
    endloop
  endfacet
  facet normal 0 0 1
    outer loop
      vertex 58.0825 12.625 1.9
      vertex 59.032 13.158 1.9
      vertex 58.9553 13.295 1.9
    endloop
  endfacet
  facet normal 0 0 1
    outer loop
      vertex 59.1947 -12.7169 1.9
      vertex 58.2074 -12.3235 1.9
      vertex 59.1521 -12.868 1.9
    endloop
  endfacet
  facet normal 0 0 1
    outer loop
      vertex 58.0825 12.625 1.9
      vertex 58.9553 13.295 1.9
      vertex 58.868 13.4256 1.9
    endloop
  endfacet
  facet normal -0 0 1
    outer loop
      vertex 58.0825 -12.625 1.9
      vertex 59.1521 -12.868 1.9
      vertex 58.2074 -12.3235 1.9
    endloop
  endfacet
  facet normal 0 0 1
    outer loop
      vertex 57.8839 12.8839 1.9
      vertex 58.868 13.4256 1.9
      vertex 58.7708 13.5489 1.9
    endloop
  endfacet
  facet normal 0 0 1
    outer loop
      vertex 59.1521 -12.868 1.9
      vertex 58.0825 -12.625 1.9
      vertex 59.0978 -13.0154 1.9
    endloop
  endfacet
  facet normal 0 0 1
    outer loop
      vertex 57.8839 12.8839 1.9
      vertex 58.7708 13.5489 1.9
      vertex 58.6642 13.6642 1.9
    endloop
  endfacet
  facet normal 0 0 1
    outer loop
      vertex 59.0978 -13.0154 1.9
      vertex 58.0825 -12.625 1.9
      vertex 59.032 -13.158 1.9
    endloop
  endfacet
  facet normal 0 0 1
    outer loop
      vertex 57.8839 12.8839 1.9
      vertex 58.6642 13.6642 1.9
      vertex 58.5489 13.7708 1.9
    endloop
  endfacet
  facet normal 0 0 1
    outer loop
      vertex 59.032 -13.158 1.9
      vertex 58.0825 -12.625 1.9
      vertex 58.9553 -13.295 1.9
    endloop
  endfacet
  facet normal 0 0 1
    outer loop
      vertex 57.8839 12.8839 1.9
      vertex 58.5489 13.7708 1.9
      vertex 58.4256 13.868 1.9
    endloop
  endfacet
  facet normal 0 0 1
    outer loop
      vertex 58.9553 -13.295 1.9
      vertex 58.0825 -12.625 1.9
      vertex 58.868 -13.4256 1.9
    endloop
  endfacet
  facet normal 0 0 1
    outer loop
      vertex 57.625 13.0825 1.9
      vertex 58.4256 13.868 1.9
      vertex 58.295 13.9553 1.9
    endloop
  endfacet
  facet normal -0 0 1
    outer loop
      vertex 57.8839 -12.8839 1.9
      vertex 58.868 -13.4256 1.9
      vertex 58.0825 -12.625 1.9
    endloop
  endfacet
  facet normal 0 0 1
    outer loop
      vertex 58.868 -13.4256 1.9
      vertex 57.8839 -12.8839 1.9
      vertex 58.7708 -13.5489 1.9
    endloop
  endfacet
  facet normal 0 0 1
    outer loop
      vertex 59.25 12.25 1.9
      vertex 58.2074 12.3235 1.9
      vertex 58.25 12 1.9
    endloop
  endfacet
  facet normal 0 0 1
    outer loop
      vertex 57.625 13.0825 1.9
      vertex 58.295 13.9553 1.9
      vertex 58.158 14.032 1.9
    endloop
  endfacet
  facet normal 0 0 1
    outer loop
      vertex 59.1521 12.868 1.9
      vertex 58.0825 12.625 1.9
      vertex 58.2074 12.3235 1.9
    endloop
  endfacet
  facet normal 0 0 1
    outer loop
      vertex 57.625 13.0825 1.9
      vertex 58.158 14.032 1.9
      vertex 58.0154 14.0978 1.9
    endloop
  endfacet
  facet normal 0 0 1
    outer loop
      vertex 58.868 13.4256 1.9
      vertex 57.8839 12.8839 1.9
      vertex 58.0825 12.625 1.9
    endloop
  endfacet
  facet normal 0 0 1
    outer loop
      vertex 57.625 13.0825 1.9
      vertex 58.0154 14.0978 1.9
      vertex 57.868 14.1521 1.9
    endloop
  endfacet
  facet normal 0 0 1
    outer loop
      vertex 57.3235 13.2074 1.9
      vertex 57.868 14.1521 1.9
      vertex 57.7169 14.1947 1.9
    endloop
  endfacet
  facet normal 0 0 1
    outer loop
      vertex 58.4256 13.868 1.9
      vertex 57.625 13.0825 1.9
      vertex 57.8839 12.8839 1.9
    endloop
  endfacet
  facet normal 0 0 1
    outer loop
      vertex 57.3235 13.2074 1.9
      vertex 57.7169 14.1947 1.9
      vertex 57.5629 14.2254 1.9
    endloop
  endfacet
  facet normal 0 0 1
    outer loop
      vertex 57.3235 13.2074 1.9
      vertex 57.5629 14.2254 1.9
      vertex 57.4069 14.2438 1.9
    endloop
  endfacet
  facet normal 0 0 1
    outer loop
      vertex 57.868 14.1521 1.9
      vertex 57.3235 13.2074 1.9
      vertex 57.625 13.0825 1.9
    endloop
  endfacet
  facet normal 0 0 1
    outer loop
      vertex 57.25 14.25 1.9
      vertex 57.3235 13.2074 1.9
      vertex 57.4069 14.2438 1.9
    endloop
  endfacet
  facet normal 0 0 1
    outer loop
      vertex 57.25 14.25 1.9
      vertex 57 13.25 1.9
      vertex 57.3235 13.2074 1.9
    endloop
  endfacet
  facet normal 0 0 1
    outer loop
      vertex 57.25 14.25 1.9
      vertex 56.6765 13.2074 1.9
      vertex 57 13.25 1.9
    endloop
  endfacet
  facet normal 0 0 1
    outer loop
      vertex 57.25 14.25 1.9
      vertex 56.375 13.0825 1.9
      vertex 56.6765 13.2074 1.9
    endloop
  endfacet
  facet normal 0 0 1
    outer loop
      vertex 57.25 14.25 1.9
      vertex 56.1161 12.8839 1.9
      vertex 56.375 13.0825 1.9
    endloop
  endfacet
  facet normal 0 0 1
    outer loop
      vertex 55.9175 -11.375 1.9
      vertex 34.25 -12 1.9
      vertex 55.7926 -11.6765 1.9
    endloop
  endfacet
  facet normal 0 0 1
    outer loop
      vertex 55.7926 12.3235 1.9
      vertex 34.25 12 1.9
      vertex 55.75 12 1.9
    endloop
  endfacet
  facet normal 0 0 1
    outer loop
      vertex 34.2074 12.3235 1.9
      vertex 55.7926 12.3235 1.9
      vertex 55.9175 12.625 1.9
    endloop
  endfacet
  facet normal 0 0 1
    outer loop
      vertex 34.0825 12.625 1.9
      vertex 55.9175 12.625 1.9
      vertex 56.1161 12.8839 1.9
    endloop
  endfacet
  facet normal 0 0 1
    outer loop
      vertex 33.8839 12.8839 1.9
      vertex 56.1161 12.8839 1.9
      vertex 57.25 14.25 1.9
    endloop
  endfacet
  facet normal 0 0 1
    outer loop
      vertex 55.7926 12.3235 1.9
      vertex 34.2074 12.3235 1.9
      vertex 34.25 12 1.9
    endloop
  endfacet
  facet normal 0 0 1
    outer loop
      vertex 55.9175 12.625 1.9
      vertex 34.0825 12.625 1.9
      vertex 34.2074 12.3235 1.9
    endloop
  endfacet
  facet normal 0 0 1
    outer loop
      vertex 56.1161 12.8839 1.9
      vertex 33.8839 12.8839 1.9
      vertex 34.0825 12.625 1.9
    endloop
  endfacet
  facet normal -0 0 1
    outer loop
      vertex 32.75 14.25 1.9
      vertex 33.8839 12.8839 1.9
      vertex 57.25 14.25 1.9
    endloop
  endfacet
  facet normal 0 0 1
    outer loop
      vertex 33.8839 12.8839 1.9
      vertex 32.75 14.25 1.9
      vertex 33.625 13.0825 1.9
    endloop
  endfacet
  facet normal 0 0 1
    outer loop
      vertex 33.625 13.0825 1.9
      vertex 32.75 14.25 1.9
      vertex 33.3235 13.2074 1.9
    endloop
  endfacet
  facet normal 0 0 1
    outer loop
      vertex 33.3235 13.2074 1.9
      vertex 32.75 14.25 1.9
      vertex 33 13.25 1.9
    endloop
  endfacet
  facet normal 0 0 1
    outer loop
      vertex 32.75 14.25 1.9
      vertex 32.6765 13.2074 1.9
      vertex 33 13.25 1.9
    endloop
  endfacet
  facet normal -0 0 1
    outer loop
      vertex 32.5931 14.2438 1.9
      vertex 32.6765 13.2074 1.9
      vertex 32.75 14.25 1.9
    endloop
  endfacet
  facet normal -0 0 1
    outer loop
      vertex 32.4371 14.2254 1.9
      vertex 32.6765 13.2074 1.9
      vertex 32.5931 14.2438 1.9
    endloop
  endfacet
  facet normal -0 0 1
    outer loop
      vertex 32.2831 14.1947 1.9
      vertex 32.6765 13.2074 1.9
      vertex 32.4371 14.2254 1.9
    endloop
  endfacet
  facet normal -0 0 1
    outer loop
      vertex 32.132 14.1521 1.9
      vertex 32.6765 13.2074 1.9
      vertex 32.2831 14.1947 1.9
    endloop
  endfacet
  facet normal 0 0 1
    outer loop
      vertex 32.6765 13.2074 1.9
      vertex 32.132 14.1521 1.9
      vertex 32.375 13.0825 1.9
    endloop
  endfacet
  facet normal -0 0 1
    outer loop
      vertex 31.9846 14.0978 1.9
      vertex 32.375 13.0825 1.9
      vertex 32.132 14.1521 1.9
    endloop
  endfacet
  facet normal -0 0 1
    outer loop
      vertex 31.842 14.032 1.9
      vertex 32.375 13.0825 1.9
      vertex 31.9846 14.0978 1.9
    endloop
  endfacet
  facet normal -0 0 1
    outer loop
      vertex 31.705 13.9553 1.9
      vertex 32.375 13.0825 1.9
      vertex 31.842 14.032 1.9
    endloop
  endfacet
  facet normal -0 0 1
    outer loop
      vertex 31.5744 13.868 1.9
      vertex 32.375 13.0825 1.9
      vertex 31.705 13.9553 1.9
    endloop
  endfacet
  facet normal 0 0 1
    outer loop
      vertex 32.375 13.0825 1.9
      vertex 31.5744 13.868 1.9
      vertex 32.1161 12.8839 1.9
    endloop
  endfacet
  facet normal -0 0 1
    outer loop
      vertex 31.4511 13.7708 1.9
      vertex 32.1161 12.8839 1.9
      vertex 31.5744 13.868 1.9
    endloop
  endfacet
  facet normal -0 0 1
    outer loop
      vertex 31.2292 13.5489 1.9
      vertex 32.1161 12.8839 1.9
      vertex 31.3358 13.6642 1.9
    endloop
  endfacet
  facet normal -0 0 1
    outer loop
      vertex 31.3358 13.6642 1.9
      vertex 32.1161 12.8839 1.9
      vertex 31.4511 13.7708 1.9
    endloop
  endfacet
  facet normal 0 0 1
    outer loop
      vertex 58.7708 -13.5489 1.9
      vertex 57.8839 -12.8839 1.9
      vertex 58.6642 -13.6642 1.9
    endloop
  endfacet
  facet normal 0 0 1
    outer loop
      vertex 58.6642 -13.6642 1.9
      vertex 57.8839 -12.8839 1.9
      vertex 58.5489 -13.7708 1.9
    endloop
  endfacet
  facet normal 0 0 1
    outer loop
      vertex 58.5489 -13.7708 1.9
      vertex 57.8839 -12.8839 1.9
      vertex 58.4256 -13.868 1.9
    endloop
  endfacet
  facet normal -0 0 1
    outer loop
      vertex 57.625 -13.0825 1.9
      vertex 58.4256 -13.868 1.9
      vertex 57.8839 -12.8839 1.9
    endloop
  endfacet
  facet normal 0 0 1
    outer loop
      vertex 58.4256 -13.868 1.9
      vertex 57.625 -13.0825 1.9
      vertex 58.295 -13.9553 1.9
    endloop
  endfacet
  facet normal 0 0 1
    outer loop
      vertex 58.295 -13.9553 1.9
      vertex 57.625 -13.0825 1.9
      vertex 58.158 -14.032 1.9
    endloop
  endfacet
  facet normal 0 0 1
    outer loop
      vertex 58.158 -14.032 1.9
      vertex 57.625 -13.0825 1.9
      vertex 58.0154 -14.0978 1.9
    endloop
  endfacet
  facet normal 0 0 1
    outer loop
      vertex 58.0154 -14.0978 1.9
      vertex 57.625 -13.0825 1.9
      vertex 57.868 -14.1521 1.9
    endloop
  endfacet
  facet normal -0 0 1
    outer loop
      vertex 57.3235 -13.2074 1.9
      vertex 57.868 -14.1521 1.9
      vertex 57.625 -13.0825 1.9
    endloop
  endfacet
  facet normal 0 0 1
    outer loop
      vertex 57.868 -14.1521 1.9
      vertex 57.3235 -13.2074 1.9
      vertex 57.7169 -14.1947 1.9
    endloop
  endfacet
  facet normal 0 0 1
    outer loop
      vertex 57.7169 -14.1947 1.9
      vertex 57.3235 -13.2074 1.9
      vertex 57.5629 -14.2254 1.9
    endloop
  endfacet
  facet normal 0 0 1
    outer loop
      vertex 57.5629 -14.2254 1.9
      vertex 57.3235 -13.2074 1.9
      vertex 57.4069 -14.2438 1.9
    endloop
  endfacet
  facet normal 0 0 1
    outer loop
      vertex 57.3235 -13.2074 1.9
      vertex 57.25 -14.25 1.9
      vertex 57.4069 -14.2438 1.9
    endloop
  endfacet
  facet normal -0 0 1
    outer loop
      vertex 57 -13.25 1.9
      vertex 57.25 -14.25 1.9
      vertex 57.3235 -13.2074 1.9
    endloop
  endfacet
  facet normal 0 0 1
    outer loop
      vertex 56.6765 -13.2074 1.9
      vertex 57.25 -14.25 1.9
      vertex 57 -13.25 1.9
    endloop
  endfacet
  facet normal 0 0 1
    outer loop
      vertex 56.375 -13.0825 1.9
      vertex 57.25 -14.25 1.9
      vertex 56.6765 -13.2074 1.9
    endloop
  endfacet
  facet normal 0 0 1
    outer loop
      vertex 56.1161 -12.8839 1.9
      vertex 57.25 -14.25 1.9
      vertex 56.375 -13.0825 1.9
    endloop
  endfacet
  facet normal 0 0 1
    outer loop
      vertex 55.7926 -11.6765 1.9
      vertex 34.25 -12 1.9
      vertex 55.75 -12 1.9
    endloop
  endfacet
  facet normal 0 0 1
    outer loop
      vertex 55.75 -12 1.9
      vertex 34.25 -12 1.9
      vertex 55.7926 -12.3235 1.9
    endloop
  endfacet
  facet normal 0 0 1
    outer loop
      vertex 34.2074 -12.3235 1.9
      vertex 55.7926 -12.3235 1.9
      vertex 34.25 -12 1.9
    endloop
  endfacet
  facet normal 0 0 1
    outer loop
      vertex 55.7926 -12.3235 1.9
      vertex 34.2074 -12.3235 1.9
      vertex 55.9175 -12.625 1.9
    endloop
  endfacet
  facet normal 0 0 1
    outer loop
      vertex 34.0825 -12.625 1.9
      vertex 55.9175 -12.625 1.9
      vertex 34.2074 -12.3235 1.9
    endloop
  endfacet
  facet normal 0 0 1
    outer loop
      vertex 55.9175 -12.625 1.9
      vertex 34.0825 -12.625 1.9
      vertex 56.1161 -12.8839 1.9
    endloop
  endfacet
  facet normal 0 0 1
    outer loop
      vertex 33.8839 -12.8839 1.9
      vertex 56.1161 -12.8839 1.9
      vertex 34.0825 -12.625 1.9
    endloop
  endfacet
  facet normal 0 0 1
    outer loop
      vertex 56.1161 -12.8839 1.9
      vertex 33.8839 -12.8839 1.9
      vertex 57.25 -14.25 1.9
    endloop
  endfacet
  facet normal 0 0 1
    outer loop
      vertex 32.75 -14.25 1.9
      vertex 33.8839 -12.8839 1.9
      vertex 33.625 -13.0825 1.9
    endloop
  endfacet
  facet normal 0 0 1
    outer loop
      vertex 32.75 -14.25 1.9
      vertex 33.625 -13.0825 1.9
      vertex 33.3235 -13.2074 1.9
    endloop
  endfacet
  facet normal 0 0 1
    outer loop
      vertex 32.75 -14.25 1.9
      vertex 33.3235 -13.2074 1.9
      vertex 33 -13.25 1.9
    endloop
  endfacet
  facet normal 0 0 1
    outer loop
      vertex 33.8839 -12.8839 1.9
      vertex 32.75 -14.25 1.9
      vertex 57.25 -14.25 1.9
    endloop
  endfacet
  facet normal 0 0 1
    outer loop
      vertex 32.6765 -13.2074 1.9
      vertex 32.75 -14.25 1.9
      vertex 33 -13.25 1.9
    endloop
  endfacet
  facet normal 0 0 1
    outer loop
      vertex 32.6765 -13.2074 1.9
      vertex 32.5931 -14.2438 1.9
      vertex 32.75 -14.25 1.9
    endloop
  endfacet
  facet normal 0 0 1
    outer loop
      vertex 32.6765 -13.2074 1.9
      vertex 32.4371 -14.2254 1.9
      vertex 32.5931 -14.2438 1.9
    endloop
  endfacet
  facet normal 0 0 1
    outer loop
      vertex 32.132 -14.1521 1.9
      vertex 32.6765 -13.2074 1.9
      vertex 32.375 -13.0825 1.9
    endloop
  endfacet
  facet normal 0 0 1
    outer loop
      vertex 32.6765 -13.2074 1.9
      vertex 32.2831 -14.1947 1.9
      vertex 32.4371 -14.2254 1.9
    endloop
  endfacet
  facet normal 0 0 1
    outer loop
      vertex 32.6765 -13.2074 1.9
      vertex 32.132 -14.1521 1.9
      vertex 32.2831 -14.1947 1.9
    endloop
  endfacet
  facet normal 0 0 1
    outer loop
      vertex 31.5744 -13.868 1.9
      vertex 32.375 -13.0825 1.9
      vertex 32.1161 -12.8839 1.9
    endloop
  endfacet
  facet normal 0 0 1
    outer loop
      vertex 32.375 -13.0825 1.9
      vertex 31.9846 -14.0978 1.9
      vertex 32.132 -14.1521 1.9
    endloop
  endfacet
  facet normal 0 0 1
    outer loop
      vertex 31.132 -13.4256 1.9
      vertex 32.1161 -12.8839 1.9
      vertex 31.9175 -12.625 1.9
    endloop
  endfacet
  facet normal 0 0 1
    outer loop
      vertex 32.375 -13.0825 1.9
      vertex 31.842 -14.032 1.9
      vertex 31.9846 -14.0978 1.9
    endloop
  endfacet
  facet normal 0 0 1
    outer loop
      vertex 30.8479 -12.868 1.9
      vertex 31.9175 -12.625 1.9
      vertex 31.7926 -12.3235 1.9
    endloop
  endfacet
  facet normal -0 0 1
    outer loop
      vertex 30.75 -12.25 1.9
      vertex 31.7926 -12.3235 1.9
      vertex 31.75 -12 1.9
    endloop
  endfacet
  facet normal 0 0 1
    outer loop
      vertex 32.375 -13.0825 1.9
      vertex 31.705 -13.9553 1.9
      vertex 31.842 -14.032 1.9
    endloop
  endfacet
  facet normal 0 0 1
    outer loop
      vertex 31.9175 -11.375 1.9
      vertex 30.75 -12.25 1.9
      vertex 31.7926 -11.6765 1.9
    endloop
  endfacet
  facet normal -0 0 1
    outer loop
      vertex 31.132 13.4256 1.9
      vertex 32.1161 12.8839 1.9
      vertex 31.2292 13.5489 1.9
    endloop
  endfacet
  facet normal 0 0 1
    outer loop
      vertex 31.7926 -11.6765 1.9
      vertex 30.75 -12.25 1.9
      vertex 31.75 -12 1.9
    endloop
  endfacet
  facet normal 0 0 1
    outer loop
      vertex 32.1161 12.8839 1.9
      vertex 31.132 13.4256 1.9
      vertex 31.9175 12.625 1.9
    endloop
  endfacet
  facet normal 0 0 1
    outer loop
      vertex 31.7926 -12.3235 1.9
      vertex 30.75 -12.25 1.9
      vertex 30.7562 -12.4069 1.9
    endloop
  endfacet
  facet normal -0 0 1
    outer loop
      vertex 31.0447 13.295 1.9
      vertex 31.9175 12.625 1.9
      vertex 31.132 13.4256 1.9
    endloop
  endfacet
  facet normal 0 0 1
    outer loop
      vertex 32.375 -13.0825 1.9
      vertex 31.5744 -13.868 1.9
      vertex 31.705 -13.9553 1.9
    endloop
  endfacet
  facet normal -0 0 1
    outer loop
      vertex 30.968 13.158 1.9
      vertex 31.9175 12.625 1.9
      vertex 31.0447 13.295 1.9
    endloop
  endfacet
  facet normal 0 0 1
    outer loop
      vertex 32.1161 -12.8839 1.9
      vertex 31.4511 -13.7708 1.9
      vertex 31.5744 -13.868 1.9
    endloop
  endfacet
  facet normal -0 0 1
    outer loop
      vertex 30.9022 13.0154 1.9
      vertex 31.9175 12.625 1.9
      vertex 30.968 13.158 1.9
    endloop
  endfacet
  facet normal 0 0 1
    outer loop
      vertex 32.1161 -12.8839 1.9
      vertex 31.3358 -13.6642 1.9
      vertex 31.4511 -13.7708 1.9
    endloop
  endfacet
  facet normal -0 0 1
    outer loop
      vertex 30.8479 12.868 1.9
      vertex 31.9175 12.625 1.9
      vertex 30.9022 13.0154 1.9
    endloop
  endfacet
  facet normal 0 0 1
    outer loop
      vertex 32.1161 -12.8839 1.9
      vertex 31.2292 -13.5489 1.9
      vertex 31.3358 -13.6642 1.9
    endloop
  endfacet
  facet normal 0 0 1
    outer loop
      vertex 31.9175 12.625 1.9
      vertex 30.8479 12.868 1.9
      vertex 31.7926 12.3235 1.9
    endloop
  endfacet
  facet normal 0 0 1
    outer loop
      vertex 32.1161 -12.8839 1.9
      vertex 31.132 -13.4256 1.9
      vertex 31.2292 -13.5489 1.9
    endloop
  endfacet
  facet normal -0 0 1
    outer loop
      vertex 30.8053 12.7169 1.9
      vertex 31.7926 12.3235 1.9
      vertex 30.8479 12.868 1.9
    endloop
  endfacet
  facet normal 0 0 1
    outer loop
      vertex 31.9175 -12.625 1.9
      vertex 31.0447 -13.295 1.9
      vertex 31.132 -13.4256 1.9
    endloop
  endfacet
  facet normal -0 0 1
    outer loop
      vertex 30.7746 12.5629 1.9
      vertex 31.7926 12.3235 1.9
      vertex 30.8053 12.7169 1.9
    endloop
  endfacet
  facet normal 0 0 1
    outer loop
      vertex 31.9175 -12.625 1.9
      vertex 30.968 -13.158 1.9
      vertex 31.0447 -13.295 1.9
    endloop
  endfacet
  facet normal -0 0 1
    outer loop
      vertex 30.7562 12.4069 1.9
      vertex 31.7926 12.3235 1.9
      vertex 30.7746 12.5629 1.9
    endloop
  endfacet
  facet normal 0 0 1
    outer loop
      vertex 31.9175 -12.625 1.9
      vertex 30.9022 -13.0154 1.9
      vertex 30.968 -13.158 1.9
    endloop
  endfacet
  facet normal 0 0 1
    outer loop
      vertex 30.75 12.25 1.9
      vertex 31.7926 12.3235 1.9
      vertex 30.7562 12.4069 1.9
    endloop
  endfacet
  facet normal 0 0 1
    outer loop
      vertex 31.9175 -12.625 1.9
      vertex 30.8479 -12.868 1.9
      vertex 30.9022 -13.0154 1.9
    endloop
  endfacet
  facet normal 0 0 1
    outer loop
      vertex 31.7926 12.3235 1.9
      vertex 30.75 12.25 1.9
      vertex 31.75 12 1.9
    endloop
  endfacet
  facet normal 0 0 1
    outer loop
      vertex 31.7926 -12.3235 1.9
      vertex 30.8053 -12.7169 1.9
      vertex 30.8479 -12.868 1.9
    endloop
  endfacet
  facet normal 0 0 1
    outer loop
      vertex 31.7926 -12.3235 1.9
      vertex 30.7746 -12.5629 1.9
      vertex 30.8053 -12.7169 1.9
    endloop
  endfacet
  facet normal 0 0 1
    outer loop
      vertex 31.7926 -12.3235 1.9
      vertex 30.7562 -12.4069 1.9
      vertex 30.7746 -12.5629 1.9
    endloop
  endfacet
  facet normal -0.0394848 0.99922 0
    outer loop
      vertex 20.6069 24.3562 1.9
      vertex 20.45 24.35 3
      vertex 20.6069 24.3562 3
    endloop
  endfacet
  facet normal -0.0394848 0.99922 0
    outer loop
      vertex 20.45 24.35 3
      vertex 20.6069 24.3562 1.9
      vertex 20.45 24.35 1.9
    endloop
  endfacet
  facet normal 0.195504 -0.980703 0
    outer loop
      vertex -20.9169 51.5947 1.9
      vertex -20.7629 51.6254 3
      vertex -20.9169 51.5947 3
    endloop
  endfacet
  facet normal 0.195504 -0.980703 0
    outer loop
      vertex -20.7629 51.6254 3
      vertex -20.9169 51.5947 1.9
      vertex -20.7629 51.6254 1.9
    endloop
  endfacet
  facet normal 0 1 -0
    outer loop
      vertex 20.45 24.35 1.9
      vertex -20.45 24.35 3
      vertex 20.45 24.35 3
    endloop
  endfacet
  facet normal 0 1 0
    outer loop
      vertex -20.45 24.35 3
      vertex 20.45 24.35 1.9
      vertex -20.45 24.35 1.9
    endloop
  endfacet
  facet normal -1 0 0
    outer loop
      vertex 22.45 26.35 1.9
      vertex 22.45 49.65 3
      vertex 22.45 49.65 1.9
    endloop
  endfacet
  facet normal -1 -0 0
    outer loop
      vertex 22.45 49.65 3
      vertex 22.45 26.35 1.9
      vertex 22.45 26.35 3
    endloop
  endfacet
  facet normal 0 -1 0
    outer loop
      vertex -20.45 51.65 1.9
      vertex 20.45 51.65 3
      vertex -20.45 51.65 3
    endloop
  endfacet
  facet normal 0 -1 -0
    outer loop
      vertex 20.45 51.65 3
      vertex -20.45 51.65 1.9
      vertex 20.45 51.65 1.9
    endloop
  endfacet
  facet normal 0.117137 0.993116 -0
    outer loop
      vertex -20.6069 24.3562 1.9
      vertex -20.7629 24.3746 3
      vertex -20.6069 24.3562 3
    endloop
  endfacet
  facet normal 0.117137 0.993116 0
    outer loop
      vertex -20.7629 24.3746 3
      vertex -20.6069 24.3562 1.9
      vertex -20.7629 24.3746 1.9
    endloop
  endfacet
  facet normal 0.488506 0.87256 -0
    outer loop
      vertex -21.358 24.568 1.9
      vertex -21.495 24.6447 3
      vertex -21.358 24.568 3
    endloop
  endfacet
  facet normal 0.488506 0.87256 0
    outer loop
      vertex -21.495 24.6447 3
      vertex -21.358 24.568 1.9
      vertex -21.495 24.6447 1.9
    endloop
  endfacet
  facet normal 0.271354 0.96248 -0
    outer loop
      vertex -20.9169 24.4053 1.9
      vertex -21.068 24.4479 3
      vertex -20.9169 24.4053 3
    endloop
  endfacet
  facet normal 0.271354 0.96248 0
    outer loop
      vertex -21.068 24.4479 3
      vertex -20.9169 24.4053 1.9
      vertex -21.068 24.4479 1.9
    endloop
  endfacet
  facet normal 0.0394848 -0.99922 0
    outer loop
      vertex -20.6069 51.6438 1.9
      vertex -20.45 51.65 3
      vertex -20.6069 51.6438 3
    endloop
  endfacet
  facet normal 0.0394848 -0.99922 0
    outer loop
      vertex -20.45 51.65 3
      vertex -20.6069 51.6438 1.9
      vertex -20.45 51.65 1.9
    endloop
  endfacet
  facet normal -0.488506 -0.87256 0
    outer loop
      vertex 21.358 51.432 1.9
      vertex 21.495 51.3553 3
      vertex 21.358 51.432 3
    endloop
  endfacet
  facet normal -0.488506 -0.87256 -0
    outer loop
      vertex 21.495 51.3553 3
      vertex 21.358 51.432 1.9
      vertex 21.495 51.3553 1.9
    endloop
  endfacet
  facet normal -0.418977 -0.907997 0
    outer loop
      vertex 21.2154 51.4978 1.9
      vertex 21.358 51.432 3
      vertex 21.2154 51.4978 3
    endloop
  endfacet
  facet normal -0.418977 -0.907997 -0
    outer loop
      vertex 21.358 51.432 3
      vertex 21.2154 51.4978 1.9
      vertex 21.358 51.432 1.9
    endloop
  endfacet
  facet normal 0.678862 0.734266 -0
    outer loop
      vertex -21.7489 24.8292 1.9
      vertex -21.8642 24.9358 3
      vertex -21.7489 24.8292 3
    endloop
  endfacet
  facet normal 0.678862 0.734266 0
    outer loop
      vertex -21.8642 24.9358 3
      vertex -21.7489 24.8292 1.9
      vertex -21.8642 24.9358 1.9
    endloop
  endfacet
  facet normal -0.345676 -0.938354 0
    outer loop
      vertex 21.068 51.5521 1.9
      vertex 21.2154 51.4978 3
      vertex 21.068 51.5521 3
    endloop
  endfacet
  facet normal -0.345676 -0.938354 -0
    outer loop
      vertex 21.2154 51.4978 3
      vertex 21.068 51.5521 1.9
      vertex 21.2154 51.4978 1.9
    endloop
  endfacet
  facet normal 0.619087 0.785323 -0
    outer loop
      vertex -21.6256 24.732 1.9
      vertex -21.7489 24.8292 3
      vertex -21.6256 24.732 3
    endloop
  endfacet
  facet normal 0.619087 0.785323 0
    outer loop
      vertex -21.7489 24.8292 3
      vertex -21.6256 24.732 1.9
      vertex -21.7489 24.8292 1.9
    endloop
  endfacet
  facet normal -0.980703 0.195504 0
    outer loop
      vertex 22.3947 25.8831 1.9
      vertex 22.4254 26.0371 3
      vertex 22.4254 26.0371 1.9
    endloop
  endfacet
  facet normal -0.980703 0.195504 0
    outer loop
      vertex 22.4254 26.0371 3
      vertex 22.3947 25.8831 1.9
      vertex 22.3947 25.8831 3
    endloop
  endfacet
  facet normal 0.271354 -0.96248 0
    outer loop
      vertex -21.068 51.5521 1.9
      vertex -20.9169 51.5947 3
      vertex -21.068 51.5521 3
    endloop
  endfacet
  facet normal 0.271354 -0.96248 0
    outer loop
      vertex -20.9169 51.5947 3
      vertex -21.068 51.5521 1.9
      vertex -20.9169 51.5947 1.9
    endloop
  endfacet
  facet normal -0.678862 0.734266 0
    outer loop
      vertex 21.8642 24.9358 1.9
      vertex 21.7489 24.8292 3
      vertex 21.8642 24.9358 3
    endloop
  endfacet
  facet normal -0.678862 0.734266 0
    outer loop
      vertex 21.7489 24.8292 3
      vertex 21.8642 24.9358 1.9
      vertex 21.7489 24.8292 1.9
    endloop
  endfacet
  facet normal -0.938354 -0.345676 0
    outer loop
      vertex 22.3521 50.268 1.9
      vertex 22.2978 50.4154 3
      vertex 22.2978 50.4154 1.9
    endloop
  endfacet
  facet normal -0.938354 -0.345676 0
    outer loop
      vertex 22.2978 50.4154 3
      vertex 22.3521 50.268 1.9
      vertex 22.3521 50.268 3
    endloop
  endfacet
  facet normal 1 -0 0
    outer loop
      vertex -22.45 26.35 3
      vertex -22.45 49.65 1.9
      vertex -22.45 49.65 3
    endloop
  endfacet
  facet normal 1 0 0
    outer loop
      vertex -22.45 49.65 1.9
      vertex -22.45 26.35 3
      vertex -22.45 26.35 1.9
    endloop
  endfacet
  facet normal 0.418977 0.907997 -0
    outer loop
      vertex -21.2154 24.5022 1.9
      vertex -21.358 24.568 3
      vertex -21.2154 24.5022 3
    endloop
  endfacet
  facet normal 0.418977 0.907997 0
    outer loop
      vertex -21.358 24.568 3
      vertex -21.2154 24.5022 1.9
      vertex -21.358 24.568 1.9
    endloop
  endfacet
  facet normal 0.993116 0.117137 0
    outer loop
      vertex -22.4254 26.0371 3
      vertex -22.4438 26.1931 1.9
      vertex -22.4438 26.1931 3
    endloop
  endfacet
  facet normal 0.993116 0.117137 0
    outer loop
      vertex -22.4438 26.1931 1.9
      vertex -22.4254 26.0371 3
      vertex -22.4254 26.0371 1.9
    endloop
  endfacet
  facet normal -0.619087 -0.785323 0
    outer loop
      vertex 21.6256 51.268 1.9
      vertex 21.7489 51.1708 3
      vertex 21.6256 51.268 3
    endloop
  endfacet
  facet normal -0.619087 -0.785323 -0
    outer loop
      vertex 21.7489 51.1708 3
      vertex 21.6256 51.268 1.9
      vertex 21.7489 51.1708 1.9
    endloop
  endfacet
  facet normal -0.785323 -0.619087 0
    outer loop
      vertex 22.068 50.8256 1.9
      vertex 21.9708 50.9489 3
      vertex 21.9708 50.9489 1.9
    endloop
  endfacet
  facet normal -0.785323 -0.619087 0
    outer loop
      vertex 21.9708 50.9489 3
      vertex 22.068 50.8256 1.9
      vertex 22.068 50.8256 3
    endloop
  endfacet
  facet normal 0 0 1
    outer loop
      vertex 20.45 51.65 1.9
      vertex 22.45 49.65 1.9
      vertex 22.4438 49.8069 1.9
    endloop
  endfacet
  facet normal 0 0 1
    outer loop
      vertex 22.45 49.65 1.9
      vertex 18 40.5 1.9
      vertex 22.45 26.35 1.9
    endloop
  endfacet
  facet normal 0 0 1
    outer loop
      vertex 20.45 51.65 1.9
      vertex 22.4438 49.8069 1.9
      vertex 22.4254 49.9629 1.9
    endloop
  endfacet
  facet normal -0 0 1
    outer loop
      vertex 18 35.5 1.9
      vertex 22.45 26.35 1.9
      vertex 18 40.5 1.9
    endloop
  endfacet
  facet normal 0 0 1
    outer loop
      vertex 20.45 51.65 1.9
      vertex 22.4254 49.9629 1.9
      vertex 22.3947 50.1169 1.9
    endloop
  endfacet
  facet normal -0 0 1
    outer loop
      vertex 17.9969 35.4215 1.9
      vertex 22.45 26.35 1.9
      vertex 18 35.5 1.9
    endloop
  endfacet
  facet normal 0 0 1
    outer loop
      vertex 20.45 51.65 1.9
      vertex 22.3947 50.1169 1.9
      vertex 22.3521 50.268 1.9
    endloop
  endfacet
  facet normal -0 0 1
    outer loop
      vertex 17.9877 35.3436 1.9
      vertex 22.45 26.35 1.9
      vertex 17.9969 35.4215 1.9
    endloop
  endfacet
  facet normal 0 0 1
    outer loop
      vertex 20.45 51.65 1.9
      vertex 22.3521 50.268 1.9
      vertex 22.2978 50.4154 1.9
    endloop
  endfacet
  facet normal -0 0 1
    outer loop
      vertex 17.9724 35.2666 1.9
      vertex 22.45 26.35 1.9
      vertex 17.9877 35.3436 1.9
    endloop
  endfacet
  facet normal 0 0 1
    outer loop
      vertex 20.45 51.65 1.9
      vertex 22.2978 50.4154 1.9
      vertex 22.232 50.558 1.9
    endloop
  endfacet
  facet normal -0 0 1
    outer loop
      vertex 17.951 35.191 1.9
      vertex 22.45 26.35 1.9
      vertex 17.9724 35.2666 1.9
    endloop
  endfacet
  facet normal 0 0 1
    outer loop
      vertex 20.45 51.65 1.9
      vertex 22.232 50.558 1.9
      vertex 22.1553 50.695 1.9
    endloop
  endfacet
  facet normal -0 0 1
    outer loop
      vertex 17.9239 35.1173 1.9
      vertex 22.45 26.35 1.9
      vertex 17.951 35.191 1.9
    endloop
  endfacet
  facet normal 0 0 1
    outer loop
      vertex 20.45 51.65 1.9
      vertex 22.1553 50.695 1.9
      vertex 22.068 50.8256 1.9
    endloop
  endfacet
  facet normal -0 0 1
    outer loop
      vertex 17.891 35.046 1.9
      vertex 22.45 26.35 1.9
      vertex 17.9239 35.1173 1.9
    endloop
  endfacet
  facet normal 0 0 1
    outer loop
      vertex 20.45 51.65 1.9
      vertex 22.068 50.8256 1.9
      vertex 21.9708 50.9489 1.9
    endloop
  endfacet
  facet normal -0 0 1
    outer loop
      vertex 17.8526 34.9775 1.9
      vertex 22.45 26.35 1.9
      vertex 17.891 35.046 1.9
    endloop
  endfacet
  facet normal 0 0 1
    outer loop
      vertex 20.45 51.65 1.9
      vertex 21.9708 50.9489 1.9
      vertex 21.8642 51.0642 1.9
    endloop
  endfacet
  facet normal -0 0 1
    outer loop
      vertex 17.809 34.9122 1.9
      vertex 22.45 26.35 1.9
      vertex 17.8526 34.9775 1.9
    endloop
  endfacet
  facet normal 0 0 1
    outer loop
      vertex 20.45 51.65 1.9
      vertex 21.8642 51.0642 1.9
      vertex 21.7489 51.1708 1.9
    endloop
  endfacet
  facet normal -0 0 1
    outer loop
      vertex 17.7604 34.8506 1.9
      vertex 22.45 26.35 1.9
      vertex 17.809 34.9122 1.9
    endloop
  endfacet
  facet normal 0 0 1
    outer loop
      vertex 20.45 51.65 1.9
      vertex 21.7489 51.1708 1.9
      vertex 21.6256 51.268 1.9
    endloop
  endfacet
  facet normal -0 0 1
    outer loop
      vertex 17.7071 34.7929 1.9
      vertex 22.45 26.35 1.9
      vertex 17.7604 34.8506 1.9
    endloop
  endfacet
  facet normal 0 0 1
    outer loop
      vertex 20.45 51.65 1.9
      vertex 21.6256 51.268 1.9
      vertex 21.495 51.3553 1.9
    endloop
  endfacet
  facet normal -0 0 1
    outer loop
      vertex 17.6494 34.7396 1.9
      vertex 22.45 26.35 1.9
      vertex 17.7071 34.7929 1.9
    endloop
  endfacet
  facet normal 0 0 1
    outer loop
      vertex 20.45 51.65 1.9
      vertex 21.495 51.3553 1.9
      vertex 21.358 51.432 1.9
    endloop
  endfacet
  facet normal -0 0 1
    outer loop
      vertex 17.5878 34.691 1.9
      vertex 22.45 26.35 1.9
      vertex 17.6494 34.7396 1.9
    endloop
  endfacet
  facet normal 0 0 1
    outer loop
      vertex 20.45 51.65 1.9
      vertex 21.358 51.432 1.9
      vertex 21.2154 51.4978 1.9
    endloop
  endfacet
  facet normal -0 0 1
    outer loop
      vertex 17.5225 34.6474 1.9
      vertex 22.45 26.35 1.9
      vertex 17.5878 34.691 1.9
    endloop
  endfacet
  facet normal 0 0 1
    outer loop
      vertex 20.45 51.65 1.9
      vertex 21.2154 51.4978 1.9
      vertex 21.068 51.5521 1.9
    endloop
  endfacet
  facet normal -0 0 1
    outer loop
      vertex 17.454 34.609 1.9
      vertex 22.45 26.35 1.9
      vertex 17.5225 34.6474 1.9
    endloop
  endfacet
  facet normal 0 0 1
    outer loop
      vertex 20.45 51.65 1.9
      vertex 21.068 51.5521 1.9
      vertex 20.9169 51.5947 1.9
    endloop
  endfacet
  facet normal -0 0 1
    outer loop
      vertex 17.3827 34.5761 1.9
      vertex 22.45 26.35 1.9
      vertex 17.454 34.609 1.9
    endloop
  endfacet
  facet normal 0 0 1
    outer loop
      vertex 20.45 51.65 1.9
      vertex 20.9169 51.5947 1.9
      vertex 20.7629 51.6254 1.9
    endloop
  endfacet
  facet normal -0 0 1
    outer loop
      vertex 17.309 34.549 1.9
      vertex 22.45 26.35 1.9
      vertex 17.3827 34.5761 1.9
    endloop
  endfacet
  facet normal 0 0 1
    outer loop
      vertex 20.45 51.65 1.9
      vertex 20.7629 51.6254 1.9
      vertex 20.6069 51.6438 1.9
    endloop
  endfacet
  facet normal -0 0 1
    outer loop
      vertex 17.2334 34.5276 1.9
      vertex 22.45 26.35 1.9
      vertex 17.309 34.549 1.9
    endloop
  endfacet
  facet normal 0 0 1
    outer loop
      vertex 22.45 49.65 1.9
      vertex 20.45 51.65 1.9
      vertex 17.1564 41.4877 1.9
    endloop
  endfacet
  facet normal -0 0 1
    outer loop
      vertex 17.1564 34.5123 1.9
      vertex 22.45 26.35 1.9
      vertex 17.2334 34.5276 1.9
    endloop
  endfacet
  facet normal 0 -0 1
    outer loop
      vertex 20.45 24.35 1.9
      vertex 22.45 26.35 1.9
      vertex 17.1564 34.5123 1.9
    endloop
  endfacet
  facet normal 0 0 1
    outer loop
      vertex 22.45 49.65 1.9
      vertex 17.9969 40.5785 1.9
      vertex 18 40.5 1.9
    endloop
  endfacet
  facet normal 0 0 1
    outer loop
      vertex 22.45 49.65 1.9
      vertex 17.9877 40.6564 1.9
      vertex 17.9969 40.5785 1.9
    endloop
  endfacet
  facet normal 0 0 1
    outer loop
      vertex 22.45 49.65 1.9
      vertex 17.9724 40.7334 1.9
      vertex 17.9877 40.6564 1.9
    endloop
  endfacet
  facet normal 0 0 1
    outer loop
      vertex 22.45 49.65 1.9
      vertex 17.951 40.809 1.9
      vertex 17.9724 40.7334 1.9
    endloop
  endfacet
  facet normal 0 0 1
    outer loop
      vertex 22.45 49.65 1.9
      vertex 17.9239 40.8827 1.9
      vertex 17.951 40.809 1.9
    endloop
  endfacet
  facet normal 0 0 1
    outer loop
      vertex 22.45 49.65 1.9
      vertex 17.891 40.954 1.9
      vertex 17.9239 40.8827 1.9
    endloop
  endfacet
  facet normal 0 0 1
    outer loop
      vertex 22.45 49.65 1.9
      vertex 17.8526 41.0225 1.9
      vertex 17.891 40.954 1.9
    endloop
  endfacet
  facet normal 0 0 1
    outer loop
      vertex 22.45 49.65 1.9
      vertex 17.809 41.0878 1.9
      vertex 17.8526 41.0225 1.9
    endloop
  endfacet
  facet normal 0 0 1
    outer loop
      vertex 22.45 49.65 1.9
      vertex 17.7604 41.1494 1.9
      vertex 17.809 41.0878 1.9
    endloop
  endfacet
  facet normal 0 0 1
    outer loop
      vertex 22.45 49.65 1.9
      vertex 17.7071 41.2071 1.9
      vertex 17.7604 41.1494 1.9
    endloop
  endfacet
  facet normal 0 0 1
    outer loop
      vertex 22.45 49.65 1.9
      vertex 17.6494 41.2604 1.9
      vertex 17.7071 41.2071 1.9
    endloop
  endfacet
  facet normal 0 0 1
    outer loop
      vertex 22.45 49.65 1.9
      vertex 17.5878 41.309 1.9
      vertex 17.6494 41.2604 1.9
    endloop
  endfacet
  facet normal 0 0 1
    outer loop
      vertex 22.45 49.65 1.9
      vertex 17.5225 41.3526 1.9
      vertex 17.5878 41.309 1.9
    endloop
  endfacet
  facet normal 0 0 1
    outer loop
      vertex 22.45 49.65 1.9
      vertex 17.454 41.391 1.9
      vertex 17.5225 41.3526 1.9
    endloop
  endfacet
  facet normal 0 0 1
    outer loop
      vertex 22.45 49.65 1.9
      vertex 17.3827 41.4239 1.9
      vertex 17.454 41.391 1.9
    endloop
  endfacet
  facet normal 0 0 1
    outer loop
      vertex 22.45 49.65 1.9
      vertex 17.309 41.451 1.9
      vertex 17.3827 41.4239 1.9
    endloop
  endfacet
  facet normal 0 0 1
    outer loop
      vertex 22.45 49.65 1.9
      vertex 17.2334 41.4724 1.9
      vertex 17.309 41.451 1.9
    endloop
  endfacet
  facet normal 0 0 1
    outer loop
      vertex 22.45 49.65 1.9
      vertex 17.1564 41.4877 1.9
      vertex 17.2334 41.4724 1.9
    endloop
  endfacet
  facet normal 0 0 1
    outer loop
      vertex 20.45 51.65 1.9
      vertex 17.0785 41.4969 1.9
      vertex 17.1564 41.4877 1.9
    endloop
  endfacet
  facet normal 0 0 1
    outer loop
      vertex 20.45 51.65 1.9
      vertex 17 41.5 1.9
      vertex 17.0785 41.4969 1.9
    endloop
  endfacet
  facet normal 0 0 1
    outer loop
      vertex 20.45 51.65 1.9
      vertex 15 41.5 1.9
      vertex 17 41.5 1.9
    endloop
  endfacet
  facet normal 0 0 1
    outer loop
      vertex 20.45 51.65 1.9
      vertex 14.9215 41.4969 1.9
      vertex 15 41.5 1.9
    endloop
  endfacet
  facet normal 0 0 1
    outer loop
      vertex 20.45 51.65 1.9
      vertex 14.8436 41.4877 1.9
      vertex 14.9215 41.4969 1.9
    endloop
  endfacet
  facet normal 0 0 1
    outer loop
      vertex 20.45 51.65 1.9
      vertex 14.7666 41.4724 1.9
      vertex 14.8436 41.4877 1.9
    endloop
  endfacet
  facet normal 0 0 1
    outer loop
      vertex 20.45 51.65 1.9
      vertex 14.691 41.451 1.9
      vertex 14.7666 41.4724 1.9
    endloop
  endfacet
  facet normal 0 0 1
    outer loop
      vertex 20.45 51.65 1.9
      vertex 14.6173 41.4239 1.9
      vertex 14.691 41.451 1.9
    endloop
  endfacet
  facet normal 0 0 1
    outer loop
      vertex 20.45 51.65 1.9
      vertex 14.546 41.391 1.9
      vertex 14.6173 41.4239 1.9
    endloop
  endfacet
  facet normal 0 0 1
    outer loop
      vertex 20.45 51.65 1.9
      vertex 14.4775 41.3526 1.9
      vertex 14.546 41.391 1.9
    endloop
  endfacet
  facet normal 0 0 1
    outer loop
      vertex 20.45 51.65 1.9
      vertex 14.4122 41.309 1.9
      vertex 14.4775 41.3526 1.9
    endloop
  endfacet
  facet normal 0 0 1
    outer loop
      vertex 20.45 51.65 1.9
      vertex 14.3506 41.2604 1.9
      vertex 14.4122 41.309 1.9
    endloop
  endfacet
  facet normal 0 0 1
    outer loop
      vertex 20.45 51.65 1.9
      vertex 14.2929 41.2071 1.9
      vertex 14.3506 41.2604 1.9
    endloop
  endfacet
  facet normal 0 0 1
    outer loop
      vertex -14.2929 41.2071 1.9
      vertex 14.2929 41.2071 1.9
      vertex 20.45 51.65 1.9
    endloop
  endfacet
  facet normal 0 0 1
    outer loop
      vertex 14.2929 41.2071 1.9
      vertex -14.2929 41.2071 1.9
      vertex 14.2396 41.1494 1.9
    endloop
  endfacet
  facet normal 0 -0 1
    outer loop
      vertex -14.2396 41.1494 1.9
      vertex 14.2396 41.1494 1.9
      vertex -14.2929 41.2071 1.9
    endloop
  endfacet
  facet normal 0 0 1
    outer loop
      vertex 14 40.5 1.9
      vertex -14 40.5 1.9
      vertex 14 35.5 1.9
    endloop
  endfacet
  facet normal 0 0 1
    outer loop
      vertex 14.0031 40.5785 1.9
      vertex -14 40.5 1.9
      vertex 14 40.5 1.9
    endloop
  endfacet
  facet normal 0 0 1
    outer loop
      vertex -14.0031 40.5785 1.9
      vertex 14.0031 40.5785 1.9
      vertex 14.0123 40.6564 1.9
    endloop
  endfacet
  facet normal 0 0 1
    outer loop
      vertex -14.0123 40.6564 1.9
      vertex 14.0123 40.6564 1.9
      vertex 14.0276 40.7334 1.9
    endloop
  endfacet
  facet normal 0 0 1
    outer loop
      vertex -14.0276 40.7334 1.9
      vertex 14.0276 40.7334 1.9
      vertex 14.049 40.809 1.9
    endloop
  endfacet
  facet normal 0 0 1
    outer loop
      vertex -14.049 40.809 1.9
      vertex 14.049 40.809 1.9
      vertex 14.0761 40.8827 1.9
    endloop
  endfacet
  facet normal 0 0 1
    outer loop
      vertex -14.0761 40.8827 1.9
      vertex 14.0761 40.8827 1.9
      vertex 14.109 40.954 1.9
    endloop
  endfacet
  facet normal 0 0 1
    outer loop
      vertex -14.109 40.954 1.9
      vertex 14.109 40.954 1.9
      vertex 14.1474 41.0225 1.9
    endloop
  endfacet
  facet normal 0 0 1
    outer loop
      vertex 14.2396 41.1494 1.9
      vertex -14.2396 41.1494 1.9
      vertex 14.191 41.0878 1.9
    endloop
  endfacet
  facet normal 0 0 1
    outer loop
      vertex 14.0031 40.5785 1.9
      vertex -14.0031 40.5785 1.9
      vertex -14 40.5 1.9
    endloop
  endfacet
  facet normal 0 0 1
    outer loop
      vertex 14.0123 40.6564 1.9
      vertex -14.0123 40.6564 1.9
      vertex -14.0031 40.5785 1.9
    endloop
  endfacet
  facet normal 0 0 1
    outer loop
      vertex 14.0276 40.7334 1.9
      vertex -14.0276 40.7334 1.9
      vertex -14.0123 40.6564 1.9
    endloop
  endfacet
  facet normal 0 0 1
    outer loop
      vertex 14.049 40.809 1.9
      vertex -14.049 40.809 1.9
      vertex -14.0276 40.7334 1.9
    endloop
  endfacet
  facet normal 0 0 1
    outer loop
      vertex 14.0761 40.8827 1.9
      vertex -14.0761 40.8827 1.9
      vertex -14.049 40.809 1.9
    endloop
  endfacet
  facet normal 0 0 1
    outer loop
      vertex 14.109 40.954 1.9
      vertex -14.109 40.954 1.9
      vertex -14.0761 40.8827 1.9
    endloop
  endfacet
  facet normal 0 0 1
    outer loop
      vertex 14.1474 41.0225 1.9
      vertex -14.1474 41.0225 1.9
      vertex -14.109 40.954 1.9
    endloop
  endfacet
  facet normal 0 0 1
    outer loop
      vertex 14.1474 41.0225 1.9
      vertex -14.191 41.0878 1.9
      vertex -14.1474 41.0225 1.9
    endloop
  endfacet
  facet normal 0 0 1
    outer loop
      vertex 14.191 41.0878 1.9
      vertex -14.191 41.0878 1.9
      vertex 14.1474 41.0225 1.9
    endloop
  endfacet
  facet normal 0 -0 1
    outer loop
      vertex -14.191 41.0878 1.9
      vertex 14.191 41.0878 1.9
      vertex -14.2396 41.1494 1.9
    endloop
  endfacet
  facet normal 0 0 1
    outer loop
      vertex 20.45 51.65 1.9
      vertex -14.3506 41.2604 1.9
      vertex -14.2929 41.2071 1.9
    endloop
  endfacet
  facet normal -0 0 1
    outer loop
      vertex -20.45 51.65 1.9
      vertex -14.3506 41.2604 1.9
      vertex 20.45 51.65 1.9
    endloop
  endfacet
  facet normal 0 0 1
    outer loop
      vertex -14.3506 41.2604 1.9
      vertex -20.45 51.65 1.9
      vertex -14.4122 41.309 1.9
    endloop
  endfacet
  facet normal 0 0 1
    outer loop
      vertex -14.4122 41.309 1.9
      vertex -20.45 51.65 1.9
      vertex -14.4775 41.3526 1.9
    endloop
  endfacet
  facet normal 0 0 1
    outer loop
      vertex -14.4775 41.3526 1.9
      vertex -20.45 51.65 1.9
      vertex -14.546 41.391 1.9
    endloop
  endfacet
  facet normal 0 0 1
    outer loop
      vertex -14.546 41.391 1.9
      vertex -20.45 51.65 1.9
      vertex -14.6173 41.4239 1.9
    endloop
  endfacet
  facet normal 0 0 1
    outer loop
      vertex -14.6173 41.4239 1.9
      vertex -20.45 51.65 1.9
      vertex -14.691 41.451 1.9
    endloop
  endfacet
  facet normal 0 0 1
    outer loop
      vertex -14.691 41.451 1.9
      vertex -20.45 51.65 1.9
      vertex -14.7666 41.4724 1.9
    endloop
  endfacet
  facet normal 0 0 1
    outer loop
      vertex -14.7666 41.4724 1.9
      vertex -20.45 51.65 1.9
      vertex -14.8436 41.4877 1.9
    endloop
  endfacet
  facet normal 0 0 1
    outer loop
      vertex -14.8436 41.4877 1.9
      vertex -20.45 51.65 1.9
      vertex -14.9215 41.4969 1.9
    endloop
  endfacet
  facet normal 0 0 1
    outer loop
      vertex -14.9215 41.4969 1.9
      vertex -20.45 51.65 1.9
      vertex -15 41.5 1.9
    endloop
  endfacet
  facet normal 0 0 1
    outer loop
      vertex -15 41.5 1.9
      vertex -20.45 51.65 1.9
      vertex -17 41.5 1.9
    endloop
  endfacet
  facet normal 0 0 1
    outer loop
      vertex -17 41.5 1.9
      vertex -20.45 51.65 1.9
      vertex -17.0785 41.4969 1.9
    endloop
  endfacet
  facet normal 0 0 1
    outer loop
      vertex -17.0785 41.4969 1.9
      vertex -20.45 51.65 1.9
      vertex -17.1564 41.4877 1.9
    endloop
  endfacet
  facet normal 0 0 1
    outer loop
      vertex -17.9969 40.5785 1.9
      vertex -22.45 49.65 1.9
      vertex -18 40.5 1.9
    endloop
  endfacet
  facet normal 0 0 1
    outer loop
      vertex -17.9877 40.6564 1.9
      vertex -22.45 49.65 1.9
      vertex -17.9969 40.5785 1.9
    endloop
  endfacet
  facet normal 0 0 1
    outer loop
      vertex -17.9724 40.7334 1.9
      vertex -22.45 49.65 1.9
      vertex -17.9877 40.6564 1.9
    endloop
  endfacet
  facet normal 0 0 1
    outer loop
      vertex -17.951 40.809 1.9
      vertex -22.45 49.65 1.9
      vertex -17.9724 40.7334 1.9
    endloop
  endfacet
  facet normal 0 0 1
    outer loop
      vertex -17.9239 40.8827 1.9
      vertex -22.45 49.65 1.9
      vertex -17.951 40.809 1.9
    endloop
  endfacet
  facet normal 0 0 1
    outer loop
      vertex -17.891 40.954 1.9
      vertex -22.45 49.65 1.9
      vertex -17.9239 40.8827 1.9
    endloop
  endfacet
  facet normal 0 0 1
    outer loop
      vertex -17.8526 41.0225 1.9
      vertex -22.45 49.65 1.9
      vertex -17.891 40.954 1.9
    endloop
  endfacet
  facet normal 0 0 1
    outer loop
      vertex -17.809 41.0878 1.9
      vertex -22.45 49.65 1.9
      vertex -17.8526 41.0225 1.9
    endloop
  endfacet
  facet normal 0 0 1
    outer loop
      vertex -17.7604 41.1494 1.9
      vertex -22.45 49.65 1.9
      vertex -17.809 41.0878 1.9
    endloop
  endfacet
  facet normal 0 0 1
    outer loop
      vertex -17.7071 41.2071 1.9
      vertex -22.45 49.65 1.9
      vertex -17.7604 41.1494 1.9
    endloop
  endfacet
  facet normal 0 0 1
    outer loop
      vertex -17.6494 41.2604 1.9
      vertex -22.45 49.65 1.9
      vertex -17.7071 41.2071 1.9
    endloop
  endfacet
  facet normal 0 0 1
    outer loop
      vertex -17.5878 41.309 1.9
      vertex -22.45 49.65 1.9
      vertex -17.6494 41.2604 1.9
    endloop
  endfacet
  facet normal 0 0 1
    outer loop
      vertex -17.5225 41.3526 1.9
      vertex -22.45 49.65 1.9
      vertex -17.5878 41.309 1.9
    endloop
  endfacet
  facet normal 0 0 1
    outer loop
      vertex -17.454 41.391 1.9
      vertex -22.45 49.65 1.9
      vertex -17.5225 41.3526 1.9
    endloop
  endfacet
  facet normal 0 0 1
    outer loop
      vertex -17.3827 41.4239 1.9
      vertex -22.45 49.65 1.9
      vertex -17.454 41.391 1.9
    endloop
  endfacet
  facet normal 0 0 1
    outer loop
      vertex -17.309 41.451 1.9
      vertex -22.45 49.65 1.9
      vertex -17.3827 41.4239 1.9
    endloop
  endfacet
  facet normal 0 0 1
    outer loop
      vertex -17.2334 41.4724 1.9
      vertex -22.45 49.65 1.9
      vertex -17.309 41.451 1.9
    endloop
  endfacet
  facet normal 0 0 1
    outer loop
      vertex -17.1564 41.4877 1.9
      vertex -22.45 49.65 1.9
      vertex -17.2334 41.4724 1.9
    endloop
  endfacet
  facet normal -0 0 1
    outer loop
      vertex -22.45 49.65 1.9
      vertex -17.1564 41.4877 1.9
      vertex -20.45 51.65 1.9
    endloop
  endfacet
  facet normal 0 0 1
    outer loop
      vertex 22.45 26.35 1.9
      vertex 20.45 24.35 1.9
      vertex 22.4438 26.1931 1.9
    endloop
  endfacet
  facet normal 0 0 1
    outer loop
      vertex 22.4438 26.1931 1.9
      vertex 20.45 24.35 1.9
      vertex 22.4254 26.0371 1.9
    endloop
  endfacet
  facet normal 0 0 1
    outer loop
      vertex 22.3947 25.8831 1.9
      vertex 20.45 24.35 1.9
      vertex 22.3521 25.732 1.9
    endloop
  endfacet
  facet normal 0 0 1
    outer loop
      vertex 22.3521 25.732 1.9
      vertex 20.45 24.35 1.9
      vertex 22.2978 25.5846 1.9
    endloop
  endfacet
  facet normal 0 0 1
    outer loop
      vertex 22.232 25.442 1.9
      vertex 20.45 24.35 1.9
      vertex 22.1553 25.305 1.9
    endloop
  endfacet
  facet normal 0 0 1
    outer loop
      vertex 22.1553 25.305 1.9
      vertex 20.45 24.35 1.9
      vertex 22.068 25.1744 1.9
    endloop
  endfacet
  facet normal 0 0 1
    outer loop
      vertex 22.068 25.1744 1.9
      vertex 20.45 24.35 1.9
      vertex 21.9708 25.0511 1.9
    endloop
  endfacet
  facet normal 0 0 1
    outer loop
      vertex 21.8642 24.9358 1.9
      vertex 20.45 24.35 1.9
      vertex 21.7489 24.8292 1.9
    endloop
  endfacet
  facet normal 0 0 1
    outer loop
      vertex 21.7489 24.8292 1.9
      vertex 20.45 24.35 1.9
      vertex 21.6256 24.732 1.9
    endloop
  endfacet
  facet normal 0 0 1
    outer loop
      vertex 21.495 24.6447 1.9
      vertex 20.45 24.35 1.9
      vertex 21.358 24.568 1.9
    endloop
  endfacet
  facet normal 0 0 1
    outer loop
      vertex 21.358 24.568 1.9
      vertex 20.45 24.35 1.9
      vertex 21.2154 24.5022 1.9
    endloop
  endfacet
  facet normal 0 0 1
    outer loop
      vertex 21.2154 24.5022 1.9
      vertex 20.45 24.35 1.9
      vertex 21.068 24.4479 1.9
    endloop
  endfacet
  facet normal 0 0 1
    outer loop
      vertex 20.9169 24.4053 1.9
      vertex 20.45 24.35 1.9
      vertex 20.7629 24.3746 1.9
    endloop
  endfacet
  facet normal 0 0 1
    outer loop
      vertex 20.7629 24.3746 1.9
      vertex 20.45 24.35 1.9
      vertex 20.6069 24.3562 1.9
    endloop
  endfacet
  facet normal 0 0 1
    outer loop
      vertex 21.068 24.4479 1.9
      vertex 20.45 24.35 1.9
      vertex 20.9169 24.4053 1.9
    endloop
  endfacet
  facet normal 0 0 1
    outer loop
      vertex 21.6256 24.732 1.9
      vertex 20.45 24.35 1.9
      vertex 21.495 24.6447 1.9
    endloop
  endfacet
  facet normal 0 0 1
    outer loop
      vertex 21.9708 25.0511 1.9
      vertex 20.45 24.35 1.9
      vertex 21.8642 24.9358 1.9
    endloop
  endfacet
  facet normal 0 0 1
    outer loop
      vertex 22.2978 25.5846 1.9
      vertex 20.45 24.35 1.9
      vertex 22.232 25.442 1.9
    endloop
  endfacet
  facet normal 0 0 1
    outer loop
      vertex 22.4254 26.0371 1.9
      vertex 20.45 24.35 1.9
      vertex 22.3947 25.8831 1.9
    endloop
  endfacet
  facet normal -0 0 1
    outer loop
      vertex 17.0785 34.5031 1.9
      vertex 20.45 24.35 1.9
      vertex 17.1564 34.5123 1.9
    endloop
  endfacet
  facet normal -0 0 1
    outer loop
      vertex 17 34.5 1.9
      vertex 20.45 24.35 1.9
      vertex 17.0785 34.5031 1.9
    endloop
  endfacet
  facet normal -0 0 1
    outer loop
      vertex 15 34.5 1.9
      vertex 20.45 24.35 1.9
      vertex 17 34.5 1.9
    endloop
  endfacet
  facet normal 0 0 1
    outer loop
      vertex 14.9215 34.5031 1.9
      vertex 20.45 24.35 1.9
      vertex 15 34.5 1.9
    endloop
  endfacet
  facet normal 0 0 1
    outer loop
      vertex 14.8436 34.5123 1.9
      vertex 20.45 24.35 1.9
      vertex 14.9215 34.5031 1.9
    endloop
  endfacet
  facet normal 0 0 1
    outer loop
      vertex 14.7666 34.5276 1.9
      vertex 20.45 24.35 1.9
      vertex 14.8436 34.5123 1.9
    endloop
  endfacet
  facet normal 0 0 1
    outer loop
      vertex 14.691 34.549 1.9
      vertex 20.45 24.35 1.9
      vertex 14.7666 34.5276 1.9
    endloop
  endfacet
  facet normal 0 0 1
    outer loop
      vertex 14.6173 34.5761 1.9
      vertex 20.45 24.35 1.9
      vertex 14.691 34.549 1.9
    endloop
  endfacet
  facet normal 0 0 1
    outer loop
      vertex 14.546 34.609 1.9
      vertex 20.45 24.35 1.9
      vertex 14.6173 34.5761 1.9
    endloop
  endfacet
  facet normal 0 0 1
    outer loop
      vertex 14.4775 34.6474 1.9
      vertex 20.45 24.35 1.9
      vertex 14.546 34.609 1.9
    endloop
  endfacet
  facet normal 0 0 1
    outer loop
      vertex 14.4122 34.691 1.9
      vertex 20.45 24.35 1.9
      vertex 14.4775 34.6474 1.9
    endloop
  endfacet
  facet normal 0 0 1
    outer loop
      vertex 14.3506 34.7396 1.9
      vertex 20.45 24.35 1.9
      vertex 14.4122 34.691 1.9
    endloop
  endfacet
  facet normal 0 0 1
    outer loop
      vertex 14.2929 34.7929 1.9
      vertex 20.45 24.35 1.9
      vertex 14.3506 34.7396 1.9
    endloop
  endfacet
  facet normal 0 0 1
    outer loop
      vertex -14.2929 34.7929 1.9
      vertex 14.2929 34.7929 1.9
      vertex 14.2396 34.8506 1.9
    endloop
  endfacet
  facet normal 0 0 1
    outer loop
      vertex -14.2396 34.8506 1.9
      vertex 14.2396 34.8506 1.9
      vertex 14.191 34.9122 1.9
    endloop
  endfacet
  facet normal 0 0 1
    outer loop
      vertex -14.191 34.9122 1.9
      vertex 14.191 34.9122 1.9
      vertex 14.1474 34.9775 1.9
    endloop
  endfacet
  facet normal 0 0 1
    outer loop
      vertex -14 35.5 1.9
      vertex 14 35.5 1.9
      vertex -14 40.5 1.9
    endloop
  endfacet
  facet normal 0 0 1
    outer loop
      vertex 14 35.5 1.9
      vertex -14 35.5 1.9
      vertex 14.0031 35.4215 1.9
    endloop
  endfacet
  facet normal 0 0 1
    outer loop
      vertex -14.0031 35.4215 1.9
      vertex 14.0031 35.4215 1.9
      vertex -14 35.5 1.9
    endloop
  endfacet
  facet normal 0 0 1
    outer loop
      vertex 14.0031 35.4215 1.9
      vertex -14.0031 35.4215 1.9
      vertex 14.0123 35.3436 1.9
    endloop
  endfacet
  facet normal 0 0 1
    outer loop
      vertex -14.0123 35.3436 1.9
      vertex 14.0123 35.3436 1.9
      vertex -14.0031 35.4215 1.9
    endloop
  endfacet
  facet normal 0 0 1
    outer loop
      vertex 14.0123 35.3436 1.9
      vertex -14.0123 35.3436 1.9
      vertex 14.0276 35.2666 1.9
    endloop
  endfacet
  facet normal 0 0 1
    outer loop
      vertex -14.0276 35.2666 1.9
      vertex 14.0276 35.2666 1.9
      vertex -14.0123 35.3436 1.9
    endloop
  endfacet
  facet normal 0 0 1
    outer loop
      vertex 14.0276 35.2666 1.9
      vertex -14.0276 35.2666 1.9
      vertex 14.049 35.191 1.9
    endloop
  endfacet
  facet normal 0 0 1
    outer loop
      vertex -14.049 35.191 1.9
      vertex 14.049 35.191 1.9
      vertex -14.0276 35.2666 1.9
    endloop
  endfacet
  facet normal 0 0 1
    outer loop
      vertex 14.049 35.191 1.9
      vertex -14.049 35.191 1.9
      vertex 14.0761 35.1173 1.9
    endloop
  endfacet
  facet normal 0 0 1
    outer loop
      vertex -14.0761 35.1173 1.9
      vertex 14.0761 35.1173 1.9
      vertex -14.049 35.191 1.9
    endloop
  endfacet
  facet normal 0 0 1
    outer loop
      vertex 14.0761 35.1173 1.9
      vertex -14.0761 35.1173 1.9
      vertex 14.109 35.046 1.9
    endloop
  endfacet
  facet normal 0 0 1
    outer loop
      vertex -14.109 35.046 1.9
      vertex 14.109 35.046 1.9
      vertex -14.0761 35.1173 1.9
    endloop
  endfacet
  facet normal 0 0 1
    outer loop
      vertex 14.109 35.046 1.9
      vertex -14.109 35.046 1.9
      vertex 14.1474 34.9775 1.9
    endloop
  endfacet
  facet normal 0 0 1
    outer loop
      vertex -14.1474 34.9775 1.9
      vertex 14.1474 34.9775 1.9
      vertex -14.109 35.046 1.9
    endloop
  endfacet
  facet normal 0 0 1
    outer loop
      vertex -14.191 34.9122 1.9
      vertex 14.1474 34.9775 1.9
      vertex -14.1474 34.9775 1.9
    endloop
  endfacet
  facet normal 0 0 1
    outer loop
      vertex 14.191 34.9122 1.9
      vertex -14.191 34.9122 1.9
      vertex -14.2396 34.8506 1.9
    endloop
  endfacet
  facet normal 0 0 1
    outer loop
      vertex 14.2396 34.8506 1.9
      vertex -14.2396 34.8506 1.9
      vertex -14.2929 34.7929 1.9
    endloop
  endfacet
  facet normal 0 0 1
    outer loop
      vertex 14.2929 34.7929 1.9
      vertex -14.2929 34.7929 1.9
      vertex 20.45 24.35 1.9
    endloop
  endfacet
  facet normal -0 0 1
    outer loop
      vertex -14.3506 34.7396 1.9
      vertex 20.45 24.35 1.9
      vertex -14.2929 34.7929 1.9
    endloop
  endfacet
  facet normal 0 0 1
    outer loop
      vertex -20.45 24.35 1.9
      vertex -14.3506 34.7396 1.9
      vertex -14.4122 34.691 1.9
    endloop
  endfacet
  facet normal 0 0 1
    outer loop
      vertex -20.45 24.35 1.9
      vertex -14.4122 34.691 1.9
      vertex -14.4775 34.6474 1.9
    endloop
  endfacet
  facet normal 0 0 1
    outer loop
      vertex -20.45 24.35 1.9
      vertex -14.4775 34.6474 1.9
      vertex -14.546 34.609 1.9
    endloop
  endfacet
  facet normal 0 0 1
    outer loop
      vertex -20.45 24.35 1.9
      vertex -14.546 34.609 1.9
      vertex -14.6173 34.5761 1.9
    endloop
  endfacet
  facet normal 0 0 1
    outer loop
      vertex -20.45 24.35 1.9
      vertex -14.6173 34.5761 1.9
      vertex -14.691 34.549 1.9
    endloop
  endfacet
  facet normal 0 0 1
    outer loop
      vertex -20.45 24.35 1.9
      vertex -14.691 34.549 1.9
      vertex -14.7666 34.5276 1.9
    endloop
  endfacet
  facet normal 0 0 1
    outer loop
      vertex -20.45 24.35 1.9
      vertex -14.7666 34.5276 1.9
      vertex -14.8436 34.5123 1.9
    endloop
  endfacet
  facet normal 0 0 1
    outer loop
      vertex -20.45 24.35 1.9
      vertex -14.8436 34.5123 1.9
      vertex -14.9215 34.5031 1.9
    endloop
  endfacet
  facet normal 0 0 1
    outer loop
      vertex -20.45 24.35 1.9
      vertex -14.9215 34.5031 1.9
      vertex -15 34.5 1.9
    endloop
  endfacet
  facet normal 0 0 1
    outer loop
      vertex -20.45 24.35 1.9
      vertex -15 34.5 1.9
      vertex -17 34.5 1.9
    endloop
  endfacet
  facet normal 0 0 1
    outer loop
      vertex -20.45 24.35 1.9
      vertex -17 34.5 1.9
      vertex -17.0785 34.5031 1.9
    endloop
  endfacet
  facet normal 0 0 1
    outer loop
      vertex -20.45 24.35 1.9
      vertex -17.0785 34.5031 1.9
      vertex -17.1564 34.5123 1.9
    endloop
  endfacet
  facet normal 0 0 1
    outer loop
      vertex -22.45 26.35 1.9
      vertex -17.1564 34.5123 1.9
      vertex -17.2334 34.5276 1.9
    endloop
  endfacet
  facet normal 0 0 1
    outer loop
      vertex -18 40.5 1.9
      vertex -22.45 49.65 1.9
      vertex -18 35.5 1.9
    endloop
  endfacet
  facet normal 0 0 1
    outer loop
      vertex -22.45 26.35 1.9
      vertex -18 35.5 1.9
      vertex -22.45 49.65 1.9
    endloop
  endfacet
  facet normal 0 0 1
    outer loop
      vertex -14.3506 34.7396 1.9
      vertex -20.45 24.35 1.9
      vertex 20.45 24.35 1.9
    endloop
  endfacet
  facet normal 0 0 1
    outer loop
      vertex -22.45 26.35 1.9
      vertex -17.2334 34.5276 1.9
      vertex -17.309 34.549 1.9
    endloop
  endfacet
  facet normal 0 0 1
    outer loop
      vertex -22.45 26.35 1.9
      vertex -17.309 34.549 1.9
      vertex -17.3827 34.5761 1.9
    endloop
  endfacet
  facet normal 0 0 1
    outer loop
      vertex -22.45 26.35 1.9
      vertex -17.3827 34.5761 1.9
      vertex -17.454 34.609 1.9
    endloop
  endfacet
  facet normal 0 0 1
    outer loop
      vertex -22.45 26.35 1.9
      vertex -17.454 34.609 1.9
      vertex -17.5225 34.6474 1.9
    endloop
  endfacet
  facet normal 0 0 1
    outer loop
      vertex -22.45 26.35 1.9
      vertex -17.5225 34.6474 1.9
      vertex -17.5878 34.691 1.9
    endloop
  endfacet
  facet normal 0 0 1
    outer loop
      vertex -22.45 26.35 1.9
      vertex -17.5878 34.691 1.9
      vertex -17.6494 34.7396 1.9
    endloop
  endfacet
  facet normal 0 0 1
    outer loop
      vertex -22.45 26.35 1.9
      vertex -17.6494 34.7396 1.9
      vertex -17.7071 34.7929 1.9
    endloop
  endfacet
  facet normal 0 0 1
    outer loop
      vertex -22.45 26.35 1.9
      vertex -17.7071 34.7929 1.9
      vertex -17.7604 34.8506 1.9
    endloop
  endfacet
  facet normal 0 0 1
    outer loop
      vertex -22.45 26.35 1.9
      vertex -17.7604 34.8506 1.9
      vertex -17.809 34.9122 1.9
    endloop
  endfacet
  facet normal 0 0 1
    outer loop
      vertex -22.45 26.35 1.9
      vertex -17.809 34.9122 1.9
      vertex -17.8526 34.9775 1.9
    endloop
  endfacet
  facet normal 0 0 1
    outer loop
      vertex -22.45 26.35 1.9
      vertex -17.8526 34.9775 1.9
      vertex -17.891 35.046 1.9
    endloop
  endfacet
  facet normal 0 0 1
    outer loop
      vertex -22.45 26.35 1.9
      vertex -17.891 35.046 1.9
      vertex -17.9239 35.1173 1.9
    endloop
  endfacet
  facet normal 0 0 1
    outer loop
      vertex -22.45 26.35 1.9
      vertex -17.9239 35.1173 1.9
      vertex -17.951 35.191 1.9
    endloop
  endfacet
  facet normal 0 0 1
    outer loop
      vertex -22.45 26.35 1.9
      vertex -17.951 35.191 1.9
      vertex -17.9724 35.2666 1.9
    endloop
  endfacet
  facet normal 0 0 1
    outer loop
      vertex -22.45 26.35 1.9
      vertex -17.9724 35.2666 1.9
      vertex -17.9877 35.3436 1.9
    endloop
  endfacet
  facet normal 0 0 1
    outer loop
      vertex -18 35.5 1.9
      vertex -22.45 26.35 1.9
      vertex -17.9969 35.4215 1.9
    endloop
  endfacet
  facet normal 0 0 1
    outer loop
      vertex -22.45 49.65 1.9
      vertex -20.45 51.65 1.9
      vertex -20.6069 51.6438 1.9
    endloop
  endfacet
  facet normal 0 0 1
    outer loop
      vertex -17.9969 35.4215 1.9
      vertex -22.45 26.35 1.9
      vertex -17.9877 35.3436 1.9
    endloop
  endfacet
  facet normal 0 0 1
    outer loop
      vertex -22.45 49.65 1.9
      vertex -20.6069 51.6438 1.9
      vertex -20.7629 51.6254 1.9
    endloop
  endfacet
  facet normal 0 0 1
    outer loop
      vertex -17.1564 34.5123 1.9
      vertex -22.45 26.35 1.9
      vertex -20.45 24.35 1.9
    endloop
  endfacet
  facet normal 0 0 1
    outer loop
      vertex -22.45 49.65 1.9
      vertex -20.7629 51.6254 1.9
      vertex -20.9169 51.5947 1.9
    endloop
  endfacet
  facet normal 0 0 1
    outer loop
      vertex -20.45 24.35 1.9
      vertex -22.45 26.35 1.9
      vertex -20.6069 24.3562 1.9
    endloop
  endfacet
  facet normal 0 0 1
    outer loop
      vertex -22.45 49.65 1.9
      vertex -20.9169 51.5947 1.9
      vertex -21.068 51.5521 1.9
    endloop
  endfacet
  facet normal 0 0 1
    outer loop
      vertex -20.6069 24.3562 1.9
      vertex -22.45 26.35 1.9
      vertex -20.7629 24.3746 1.9
    endloop
  endfacet
  facet normal 0 0 1
    outer loop
      vertex -22.45 49.65 1.9
      vertex -21.068 51.5521 1.9
      vertex -21.2154 51.4978 1.9
    endloop
  endfacet
  facet normal 0 0 1
    outer loop
      vertex -20.7629 24.3746 1.9
      vertex -22.45 26.35 1.9
      vertex -20.9169 24.4053 1.9
    endloop
  endfacet
  facet normal 0 0 1
    outer loop
      vertex -22.45 49.65 1.9
      vertex -21.2154 51.4978 1.9
      vertex -21.358 51.432 1.9
    endloop
  endfacet
  facet normal 0 0 1
    outer loop
      vertex -20.9169 24.4053 1.9
      vertex -22.45 26.35 1.9
      vertex -21.068 24.4479 1.9
    endloop
  endfacet
  facet normal 0 0 1
    outer loop
      vertex -22.45 49.65 1.9
      vertex -21.358 51.432 1.9
      vertex -21.495 51.3553 1.9
    endloop
  endfacet
  facet normal 0 0 1
    outer loop
      vertex -21.068 24.4479 1.9
      vertex -22.45 26.35 1.9
      vertex -21.2154 24.5022 1.9
    endloop
  endfacet
  facet normal 0 0 1
    outer loop
      vertex -22.45 49.65 1.9
      vertex -21.495 51.3553 1.9
      vertex -21.6256 51.268 1.9
    endloop
  endfacet
  facet normal 0 0 1
    outer loop
      vertex -21.2154 24.5022 1.9
      vertex -22.45 26.35 1.9
      vertex -21.358 24.568 1.9
    endloop
  endfacet
  facet normal 0 0 1
    outer loop
      vertex -22.45 49.65 1.9
      vertex -21.6256 51.268 1.9
      vertex -21.7489 51.1708 1.9
    endloop
  endfacet
  facet normal 0 0 1
    outer loop
      vertex -21.358 24.568 1.9
      vertex -22.45 26.35 1.9
      vertex -21.495 24.6447 1.9
    endloop
  endfacet
  facet normal 0 0 1
    outer loop
      vertex -22.45 49.65 1.9
      vertex -21.7489 51.1708 1.9
      vertex -21.8642 51.0642 1.9
    endloop
  endfacet
  facet normal 0 0 1
    outer loop
      vertex -21.495 24.6447 1.9
      vertex -22.45 26.35 1.9
      vertex -21.6256 24.732 1.9
    endloop
  endfacet
  facet normal 0 0 1
    outer loop
      vertex -22.45 49.65 1.9
      vertex -21.8642 51.0642 1.9
      vertex -21.9708 50.9489 1.9
    endloop
  endfacet
  facet normal 0 0 1
    outer loop
      vertex -21.6256 24.732 1.9
      vertex -22.45 26.35 1.9
      vertex -21.7489 24.8292 1.9
    endloop
  endfacet
  facet normal 0 0 1
    outer loop
      vertex -22.45 49.65 1.9
      vertex -21.9708 50.9489 1.9
      vertex -22.068 50.8256 1.9
    endloop
  endfacet
  facet normal 0 0 1
    outer loop
      vertex -21.7489 24.8292 1.9
      vertex -22.45 26.35 1.9
      vertex -21.8642 24.9358 1.9
    endloop
  endfacet
  facet normal 0 0 1
    outer loop
      vertex -22.45 49.65 1.9
      vertex -22.068 50.8256 1.9
      vertex -22.1553 50.695 1.9
    endloop
  endfacet
  facet normal 0 0 1
    outer loop
      vertex -21.8642 24.9358 1.9
      vertex -22.45 26.35 1.9
      vertex -21.9708 25.0511 1.9
    endloop
  endfacet
  facet normal 0 0 1
    outer loop
      vertex -22.45 49.65 1.9
      vertex -22.1553 50.695 1.9
      vertex -22.232 50.558 1.9
    endloop
  endfacet
  facet normal 0 0 1
    outer loop
      vertex -21.9708 25.0511 1.9
      vertex -22.45 26.35 1.9
      vertex -22.068 25.1744 1.9
    endloop
  endfacet
  facet normal 0 0 1
    outer loop
      vertex -22.45 49.65 1.9
      vertex -22.232 50.558 1.9
      vertex -22.2978 50.4154 1.9
    endloop
  endfacet
  facet normal 0 0 1
    outer loop
      vertex -22.068 25.1744 1.9
      vertex -22.45 26.35 1.9
      vertex -22.1553 25.305 1.9
    endloop
  endfacet
  facet normal 0 0 1
    outer loop
      vertex -22.45 49.65 1.9
      vertex -22.2978 50.4154 1.9
      vertex -22.3521 50.268 1.9
    endloop
  endfacet
  facet normal 0 0 1
    outer loop
      vertex -22.1553 25.305 1.9
      vertex -22.45 26.35 1.9
      vertex -22.232 25.442 1.9
    endloop
  endfacet
  facet normal 0 0 1
    outer loop
      vertex -22.45 49.65 1.9
      vertex -22.3521 50.268 1.9
      vertex -22.3947 50.1169 1.9
    endloop
  endfacet
  facet normal 0 0 1
    outer loop
      vertex -22.232 25.442 1.9
      vertex -22.45 26.35 1.9
      vertex -22.2978 25.5846 1.9
    endloop
  endfacet
  facet normal 0 0 1
    outer loop
      vertex -22.45 49.65 1.9
      vertex -22.3947 50.1169 1.9
      vertex -22.4254 49.9629 1.9
    endloop
  endfacet
  facet normal 0 0 1
    outer loop
      vertex -22.2978 25.5846 1.9
      vertex -22.45 26.35 1.9
      vertex -22.3521 25.732 1.9
    endloop
  endfacet
  facet normal 0 0 1
    outer loop
      vertex -22.45 49.65 1.9
      vertex -22.4254 49.9629 1.9
      vertex -22.4438 49.8069 1.9
    endloop
  endfacet
  facet normal 0 0 1
    outer loop
      vertex -22.3521 25.732 1.9
      vertex -22.45 26.35 1.9
      vertex -22.3947 25.8831 1.9
    endloop
  endfacet
  facet normal 0 0 1
    outer loop
      vertex -22.3947 25.8831 1.9
      vertex -22.45 26.35 1.9
      vertex -22.4254 26.0371 1.9
    endloop
  endfacet
  facet normal 0 0 1
    outer loop
      vertex -22.4254 26.0371 1.9
      vertex -22.45 26.35 1.9
      vertex -22.4438 26.1931 1.9
    endloop
  endfacet
  facet normal 0.195504 0.980703 -0
    outer loop
      vertex -20.7629 24.3746 1.9
      vertex -20.9169 24.4053 3
      vertex -20.7629 24.3746 3
    endloop
  endfacet
  facet normal 0.195504 0.980703 0
    outer loop
      vertex -20.9169 24.4053 3
      vertex -20.7629 24.3746 1.9
      vertex -20.9169 24.4053 1.9
    endloop
  endfacet
  facet normal -0.117137 -0.993116 0
    outer loop
      vertex 20.6069 51.6438 1.9
      vertex 20.7629 51.6254 3
      vertex 20.6069 51.6438 3
    endloop
  endfacet
  facet normal -0.117137 -0.993116 -0
    outer loop
      vertex 20.7629 51.6254 3
      vertex 20.6069 51.6438 1.9
      vertex 20.7629 51.6254 1.9
    endloop
  endfacet
  facet normal -0.619087 0.785323 0
    outer loop
      vertex 21.7489 24.8292 1.9
      vertex 21.6256 24.732 3
      vertex 21.7489 24.8292 3
    endloop
  endfacet
  facet normal -0.619087 0.785323 0
    outer loop
      vertex 21.6256 24.732 3
      vertex 21.7489 24.8292 1.9
      vertex 21.6256 24.732 1.9
    endloop
  endfacet
  facet normal 0.734266 -0.678862 0
    outer loop
      vertex -21.9708 50.9489 3
      vertex -21.8642 51.0642 1.9
      vertex -21.8642 51.0642 3
    endloop
  endfacet
  facet normal 0.734266 -0.678862 0
    outer loop
      vertex -21.8642 51.0642 1.9
      vertex -21.9708 50.9489 3
      vertex -21.9708 50.9489 1.9
    endloop
  endfacet
  facet normal 0.938354 -0.345676 0
    outer loop
      vertex -22.3521 50.268 3
      vertex -22.2978 50.4154 1.9
      vertex -22.2978 50.4154 3
    endloop
  endfacet
  facet normal 0.938354 -0.345676 0
    outer loop
      vertex -22.2978 50.4154 1.9
      vertex -22.3521 50.268 3
      vertex -22.3521 50.268 1.9
    endloop
  endfacet
  facet normal 0.99922 -0.0394848 0
    outer loop
      vertex -22.45 49.65 3
      vertex -22.4438 49.8069 1.9
      vertex -22.4438 49.8069 3
    endloop
  endfacet
  facet normal 0.99922 -0.0394848 0
    outer loop
      vertex -22.4438 49.8069 1.9
      vertex -22.45 49.65 3
      vertex -22.45 49.65 1.9
    endloop
  endfacet
  facet normal 0.345676 0.938354 -0
    outer loop
      vertex -21.068 24.4479 1.9
      vertex -21.2154 24.5022 3
      vertex -21.068 24.4479 3
    endloop
  endfacet
  facet normal 0.345676 0.938354 0
    outer loop
      vertex -21.2154 24.5022 3
      vertex -21.068 24.4479 1.9
      vertex -21.2154 24.5022 1.9
    endloop
  endfacet
  facet normal -0.734266 0.678862 0
    outer loop
      vertex 21.8642 24.9358 1.9
      vertex 21.9708 25.0511 3
      vertex 21.9708 25.0511 1.9
    endloop
  endfacet
  facet normal -0.734266 0.678862 0
    outer loop
      vertex 21.9708 25.0511 3
      vertex 21.8642 24.9358 1.9
      vertex 21.8642 24.9358 3
    endloop
  endfacet
  facet normal 0.619087 -0.785323 0
    outer loop
      vertex -21.7489 51.1708 1.9
      vertex -21.6256 51.268 3
      vertex -21.7489 51.1708 3
    endloop
  endfacet
  facet normal 0.619087 -0.785323 0
    outer loop
      vertex -21.6256 51.268 3
      vertex -21.7489 51.1708 1.9
      vertex -21.6256 51.268 1.9
    endloop
  endfacet
  facet normal -0.938354 0.345676 0
    outer loop
      vertex 22.2978 25.5846 1.9
      vertex 22.3521 25.732 3
      vertex 22.3521 25.732 1.9
    endloop
  endfacet
  facet normal -0.938354 0.345676 0
    outer loop
      vertex 22.3521 25.732 3
      vertex 22.2978 25.5846 1.9
      vertex 22.2978 25.5846 3
    endloop
  endfacet
  facet normal 0.117137 -0.993116 0
    outer loop
      vertex -20.7629 51.6254 1.9
      vertex -20.6069 51.6438 3
      vertex -20.7629 51.6254 3
    endloop
  endfacet
  facet normal 0.117137 -0.993116 0
    outer loop
      vertex -20.6069 51.6438 3
      vertex -20.7629 51.6254 1.9
      vertex -20.6069 51.6438 1.9
    endloop
  endfacet
  facet normal -0.678862 -0.734266 0
    outer loop
      vertex 21.7489 51.1708 1.9
      vertex 21.8642 51.0642 3
      vertex 21.7489 51.1708 3
    endloop
  endfacet
  facet normal -0.678862 -0.734266 -0
    outer loop
      vertex 21.8642 51.0642 3
      vertex 21.7489 51.1708 1.9
      vertex 21.8642 51.0642 1.9
    endloop
  endfacet
  facet normal -0.345676 0.938354 0
    outer loop
      vertex 21.2154 24.5022 1.9
      vertex 21.068 24.4479 3
      vertex 21.2154 24.5022 3
    endloop
  endfacet
  facet normal -0.345676 0.938354 0
    outer loop
      vertex 21.068 24.4479 3
      vertex 21.2154 24.5022 1.9
      vertex 21.068 24.4479 1.9
    endloop
  endfacet
  facet normal 0.980703 -0.195504 0
    outer loop
      vertex -22.4254 49.9629 3
      vertex -22.3947 50.1169 1.9
      vertex -22.3947 50.1169 3
    endloop
  endfacet
  facet normal 0.980703 -0.195504 0
    outer loop
      vertex -22.3947 50.1169 1.9
      vertex -22.4254 49.9629 3
      vertex -22.4254 49.9629 1.9
    endloop
  endfacet
  facet normal -0.117137 0.993116 0
    outer loop
      vertex 20.7629 24.3746 1.9
      vertex 20.6069 24.3562 3
      vertex 20.7629 24.3746 3
    endloop
  endfacet
  facet normal -0.117137 0.993116 0
    outer loop
      vertex 20.6069 24.3562 3
      vertex 20.7629 24.3746 1.9
      vertex 20.6069 24.3562 1.9
    endloop
  endfacet
  facet normal 0.831364 -0.555728 0
    outer loop
      vertex -22.1553 50.695 3
      vertex -22.068 50.8256 1.9
      vertex -22.068 50.8256 3
    endloop
  endfacet
  facet normal 0.831364 -0.555728 0
    outer loop
      vertex -22.068 50.8256 1.9
      vertex -22.1553 50.695 3
      vertex -22.1553 50.695 1.9
    endloop
  endfacet
  facet normal 0.938354 0.345676 0
    outer loop
      vertex -22.2978 25.5846 3
      vertex -22.3521 25.732 1.9
      vertex -22.3521 25.732 3
    endloop
  endfacet
  facet normal 0.938354 0.345676 0
    outer loop
      vertex -22.3521 25.732 1.9
      vertex -22.2978 25.5846 3
      vertex -22.2978 25.5846 1.9
    endloop
  endfacet
  facet normal 0.418977 -0.907997 0
    outer loop
      vertex -21.358 51.432 1.9
      vertex -21.2154 51.4978 3
      vertex -21.358 51.432 3
    endloop
  endfacet
  facet normal 0.418977 -0.907997 0
    outer loop
      vertex -21.2154 51.4978 3
      vertex -21.358 51.432 1.9
      vertex -21.2154 51.4978 1.9
    endloop
  endfacet
  facet normal -0.271354 -0.96248 0
    outer loop
      vertex 20.9169 51.5947 1.9
      vertex 21.068 51.5521 3
      vertex 20.9169 51.5947 3
    endloop
  endfacet
  facet normal -0.271354 -0.96248 -0
    outer loop
      vertex 21.068 51.5521 3
      vertex 20.9169 51.5947 1.9
      vertex 21.068 51.5521 1.9
    endloop
  endfacet
  facet normal 0.555728 -0.831364 0
    outer loop
      vertex -21.6256 51.268 1.9
      vertex -21.495 51.3553 3
      vertex -21.6256 51.268 3
    endloop
  endfacet
  facet normal 0.555728 -0.831364 0
    outer loop
      vertex -21.495 51.3553 3
      vertex -21.6256 51.268 1.9
      vertex -21.495 51.3553 1.9
    endloop
  endfacet
  facet normal 0.87256 -0.488506 0
    outer loop
      vertex -22.232 50.558 3
      vertex -22.1553 50.695 1.9
      vertex -22.1553 50.695 3
    endloop
  endfacet
  facet normal 0.87256 -0.488506 0
    outer loop
      vertex -22.1553 50.695 1.9
      vertex -22.232 50.558 3
      vertex -22.232 50.558 1.9
    endloop
  endfacet
  facet normal 0.555728 0.831364 -0
    outer loop
      vertex -21.495 24.6447 1.9
      vertex -21.6256 24.732 3
      vertex -21.495 24.6447 3
    endloop
  endfacet
  facet normal 0.555728 0.831364 0
    outer loop
      vertex -21.6256 24.732 3
      vertex -21.495 24.6447 1.9
      vertex -21.6256 24.732 1.9
    endloop
  endfacet
  facet normal 0.96248 -0.271354 0
    outer loop
      vertex -22.3947 50.1169 3
      vertex -22.3521 50.268 1.9
      vertex -22.3521 50.268 3
    endloop
  endfacet
  facet normal 0.96248 -0.271354 0
    outer loop
      vertex -22.3521 50.268 1.9
      vertex -22.3947 50.1169 3
      vertex -22.3947 50.1169 1.9
    endloop
  endfacet
  facet normal -0.271354 0.96248 0
    outer loop
      vertex 21.068 24.4479 1.9
      vertex 20.9169 24.4053 3
      vertex 21.068 24.4479 3
    endloop
  endfacet
  facet normal -0.271354 0.96248 0
    outer loop
      vertex 20.9169 24.4053 3
      vertex 21.068 24.4479 1.9
      vertex 20.9169 24.4053 1.9
    endloop
  endfacet
  facet normal 0.0394848 0.99922 -0
    outer loop
      vertex -20.45 24.35 1.9
      vertex -20.6069 24.3562 3
      vertex -20.45 24.35 3
    endloop
  endfacet
  facet normal 0.0394848 0.99922 0
    outer loop
      vertex -20.6069 24.3562 3
      vertex -20.45 24.35 1.9
      vertex -20.6069 24.3562 1.9
    endloop
  endfacet
  facet normal -0.907997 0.418977 0
    outer loop
      vertex 22.232 25.442 1.9
      vertex 22.2978 25.5846 3
      vertex 22.2978 25.5846 1.9
    endloop
  endfacet
  facet normal -0.907997 0.418977 0
    outer loop
      vertex 22.2978 25.5846 3
      vertex 22.232 25.442 1.9
      vertex 22.232 25.442 3
    endloop
  endfacet
  facet normal -0.418977 0.907997 0
    outer loop
      vertex 21.358 24.568 1.9
      vertex 21.2154 24.5022 3
      vertex 21.358 24.568 3
    endloop
  endfacet
  facet normal -0.418977 0.907997 0
    outer loop
      vertex 21.2154 24.5022 3
      vertex 21.358 24.568 1.9
      vertex 21.2154 24.5022 1.9
    endloop
  endfacet
  facet normal 0.734266 0.678862 0
    outer loop
      vertex -21.8642 24.9358 3
      vertex -21.9708 25.0511 1.9
      vertex -21.9708 25.0511 3
    endloop
  endfacet
  facet normal 0.734266 0.678862 0
    outer loop
      vertex -21.9708 25.0511 1.9
      vertex -21.8642 24.9358 3
      vertex -21.8642 24.9358 1.9
    endloop
  endfacet
  facet normal -0.195504 -0.980703 0
    outer loop
      vertex 20.7629 51.6254 1.9
      vertex 20.9169 51.5947 3
      vertex 20.7629 51.6254 3
    endloop
  endfacet
  facet normal -0.195504 -0.980703 -0
    outer loop
      vertex 20.9169 51.5947 3
      vertex 20.7629 51.6254 1.9
      vertex 20.9169 51.5947 1.9
    endloop
  endfacet
  facet normal 0.993116 -0.117137 0
    outer loop
      vertex -22.4438 49.8069 3
      vertex -22.4254 49.9629 1.9
      vertex -22.4254 49.9629 3
    endloop
  endfacet
  facet normal 0.993116 -0.117137 0
    outer loop
      vertex -22.4254 49.9629 1.9
      vertex -22.4438 49.8069 3
      vertex -22.4438 49.8069 1.9
    endloop
  endfacet
  facet normal 0.980703 0.195504 0
    outer loop
      vertex -22.3947 25.8831 3
      vertex -22.4254 26.0371 1.9
      vertex -22.4254 26.0371 3
    endloop
  endfacet
  facet normal 0.980703 0.195504 0
    outer loop
      vertex -22.4254 26.0371 1.9
      vertex -22.3947 25.8831 3
      vertex -22.3947 25.8831 1.9
    endloop
  endfacet
  facet normal 0.345676 -0.938354 0
    outer loop
      vertex -21.2154 51.4978 1.9
      vertex -21.068 51.5521 3
      vertex -21.2154 51.4978 3
    endloop
  endfacet
  facet normal 0.345676 -0.938354 0
    outer loop
      vertex -21.068 51.5521 3
      vertex -21.2154 51.4978 1.9
      vertex -21.068 51.5521 1.9
    endloop
  endfacet
  facet normal -0.734266 -0.678862 0
    outer loop
      vertex 21.9708 50.9489 1.9
      vertex 21.8642 51.0642 3
      vertex 21.8642 51.0642 1.9
    endloop
  endfacet
  facet normal -0.734266 -0.678862 0
    outer loop
      vertex 21.8642 51.0642 3
      vertex 21.9708 50.9489 1.9
      vertex 21.9708 50.9489 3
    endloop
  endfacet
  facet normal -0.831364 -0.555728 0
    outer loop
      vertex 22.1553 50.695 1.9
      vertex 22.068 50.8256 3
      vertex 22.068 50.8256 1.9
    endloop
  endfacet
  facet normal -0.831364 -0.555728 0
    outer loop
      vertex 22.068 50.8256 3
      vertex 22.1553 50.695 1.9
      vertex 22.1553 50.695 3
    endloop
  endfacet
  facet normal 0.907997 -0.418977 0
    outer loop
      vertex -22.2978 50.4154 3
      vertex -22.232 50.558 1.9
      vertex -22.232 50.558 3
    endloop
  endfacet
  facet normal 0.907997 -0.418977 0
    outer loop
      vertex -22.232 50.558 1.9
      vertex -22.2978 50.4154 3
      vertex -22.2978 50.4154 1.9
    endloop
  endfacet
  facet normal 0.96248 0.271354 0
    outer loop
      vertex -22.3521 25.732 3
      vertex -22.3947 25.8831 1.9
      vertex -22.3947 25.8831 3
    endloop
  endfacet
  facet normal 0.96248 0.271354 0
    outer loop
      vertex -22.3947 25.8831 1.9
      vertex -22.3521 25.732 3
      vertex -22.3521 25.732 1.9
    endloop
  endfacet
  facet normal 0.678862 -0.734266 0
    outer loop
      vertex -21.8642 51.0642 1.9
      vertex -21.7489 51.1708 3
      vertex -21.8642 51.0642 3
    endloop
  endfacet
  facet normal 0.678862 -0.734266 0
    outer loop
      vertex -21.7489 51.1708 3
      vertex -21.8642 51.0642 1.9
      vertex -21.7489 51.1708 1.9
    endloop
  endfacet
  facet normal -0.831364 0.555728 0
    outer loop
      vertex 22.068 25.1744 1.9
      vertex 22.1553 25.305 3
      vertex 22.1553 25.305 1.9
    endloop
  endfacet
  facet normal -0.831364 0.555728 0
    outer loop
      vertex 22.1553 25.305 3
      vertex 22.068 25.1744 1.9
      vertex 22.068 25.1744 3
    endloop
  endfacet
  facet normal -0.87256 0.488506 0
    outer loop
      vertex 22.1553 25.305 1.9
      vertex 22.232 25.442 3
      vertex 22.232 25.442 1.9
    endloop
  endfacet
  facet normal -0.87256 0.488506 0
    outer loop
      vertex 22.232 25.442 3
      vertex 22.1553 25.305 1.9
      vertex 22.1553 25.305 3
    endloop
  endfacet
  facet normal 0.87256 0.488506 0
    outer loop
      vertex -22.1553 25.305 3
      vertex -22.232 25.442 1.9
      vertex -22.232 25.442 3
    endloop
  endfacet
  facet normal 0.87256 0.488506 0
    outer loop
      vertex -22.232 25.442 1.9
      vertex -22.1553 25.305 3
      vertex -22.1553 25.305 1.9
    endloop
  endfacet
  facet normal 0.785323 0.619087 0
    outer loop
      vertex -21.9708 25.0511 3
      vertex -22.068 25.1744 1.9
      vertex -22.068 25.1744 3
    endloop
  endfacet
  facet normal 0.785323 0.619087 0
    outer loop
      vertex -22.068 25.1744 1.9
      vertex -21.9708 25.0511 3
      vertex -21.9708 25.0511 1.9
    endloop
  endfacet
  facet normal -0.993116 0.117137 0
    outer loop
      vertex 22.4254 26.0371 1.9
      vertex 22.4438 26.1931 3
      vertex 22.4438 26.1931 1.9
    endloop
  endfacet
  facet normal -0.993116 0.117137 0
    outer loop
      vertex 22.4438 26.1931 3
      vertex 22.4254 26.0371 1.9
      vertex 22.4254 26.0371 3
    endloop
  endfacet
  facet normal -0.99922 0.0394848 0
    outer loop
      vertex 22.4438 26.1931 1.9
      vertex 22.45 26.35 3
      vertex 22.45 26.35 1.9
    endloop
  endfacet
  facet normal -0.99922 0.0394848 0
    outer loop
      vertex 22.45 26.35 3
      vertex 22.4438 26.1931 1.9
      vertex 22.4438 26.1931 3
    endloop
  endfacet
  facet normal 0.488506 -0.87256 0
    outer loop
      vertex -21.495 51.3553 1.9
      vertex -21.358 51.432 3
      vertex -21.495 51.3553 3
    endloop
  endfacet
  facet normal 0.488506 -0.87256 0
    outer loop
      vertex -21.358 51.432 3
      vertex -21.495 51.3553 1.9
      vertex -21.358 51.432 1.9
    endloop
  endfacet
  facet normal -0.0394848 -0.99922 0
    outer loop
      vertex 20.45 51.65 1.9
      vertex 20.6069 51.6438 3
      vertex 20.45 51.65 3
    endloop
  endfacet
  facet normal -0.0394848 -0.99922 -0
    outer loop
      vertex 20.6069 51.6438 3
      vertex 20.45 51.65 1.9
      vertex 20.6069 51.6438 1.9
    endloop
  endfacet
  facet normal 0.785323 -0.619087 0
    outer loop
      vertex -22.068 50.8256 3
      vertex -21.9708 50.9489 1.9
      vertex -21.9708 50.9489 3
    endloop
  endfacet
  facet normal 0.785323 -0.619087 0
    outer loop
      vertex -21.9708 50.9489 1.9
      vertex -22.068 50.8256 3
      vertex -22.068 50.8256 1.9
    endloop
  endfacet
  facet normal -0.907997 -0.418977 0
    outer loop
      vertex 22.2978 50.4154 1.9
      vertex 22.232 50.558 3
      vertex 22.232 50.558 1.9
    endloop
  endfacet
  facet normal -0.907997 -0.418977 0
    outer loop
      vertex 22.232 50.558 3
      vertex 22.2978 50.4154 1.9
      vertex 22.2978 50.4154 3
    endloop
  endfacet
  facet normal 0.831364 0.555728 0
    outer loop
      vertex -22.068 25.1744 3
      vertex -22.1553 25.305 1.9
      vertex -22.1553 25.305 3
    endloop
  endfacet
  facet normal 0.831364 0.555728 0
    outer loop
      vertex -22.1553 25.305 1.9
      vertex -22.068 25.1744 3
      vertex -22.068 25.1744 1.9
    endloop
  endfacet
  facet normal -0.87256 -0.488506 0
    outer loop
      vertex 22.232 50.558 1.9
      vertex 22.1553 50.695 3
      vertex 22.1553 50.695 1.9
    endloop
  endfacet
  facet normal -0.87256 -0.488506 0
    outer loop
      vertex 22.1553 50.695 3
      vertex 22.232 50.558 1.9
      vertex 22.232 50.558 3
    endloop
  endfacet
  facet normal 0.99922 0.0394848 0
    outer loop
      vertex -22.4438 26.1931 3
      vertex -22.45 26.35 1.9
      vertex -22.45 26.35 3
    endloop
  endfacet
  facet normal 0.99922 0.0394848 0
    outer loop
      vertex -22.45 26.35 1.9
      vertex -22.4438 26.1931 3
      vertex -22.4438 26.1931 1.9
    endloop
  endfacet
  facet normal -0.195504 0.980703 0
    outer loop
      vertex 20.9169 24.4053 1.9
      vertex 20.7629 24.3746 3
      vertex 20.9169 24.4053 3
    endloop
  endfacet
  facet normal -0.195504 0.980703 0
    outer loop
      vertex 20.7629 24.3746 3
      vertex 20.9169 24.4053 1.9
      vertex 20.7629 24.3746 1.9
    endloop
  endfacet
  facet normal 0.907997 0.418977 0
    outer loop
      vertex -22.232 25.442 3
      vertex -22.2978 25.5846 1.9
      vertex -22.2978 25.5846 3
    endloop
  endfacet
  facet normal 0.907997 0.418977 0
    outer loop
      vertex -22.2978 25.5846 1.9
      vertex -22.232 25.442 3
      vertex -22.232 25.442 1.9
    endloop
  endfacet
  facet normal -0.980703 -0.195504 0
    outer loop
      vertex 22.4254 49.9629 1.9
      vertex 22.3947 50.1169 3
      vertex 22.3947 50.1169 1.9
    endloop
  endfacet
  facet normal -0.980703 -0.195504 0
    outer loop
      vertex 22.3947 50.1169 3
      vertex 22.4254 49.9629 1.9
      vertex 22.4254 49.9629 3
    endloop
  endfacet
  facet normal -0.99922 -0.0394848 0
    outer loop
      vertex 22.45 49.65 1.9
      vertex 22.4438 49.8069 3
      vertex 22.4438 49.8069 1.9
    endloop
  endfacet
  facet normal -0.99922 -0.0394848 0
    outer loop
      vertex 22.4438 49.8069 3
      vertex 22.45 49.65 1.9
      vertex 22.45 49.65 3
    endloop
  endfacet
  facet normal -0.488506 0.87256 0
    outer loop
      vertex 21.495 24.6447 1.9
      vertex 21.358 24.568 3
      vertex 21.495 24.6447 3
    endloop
  endfacet
  facet normal -0.488506 0.87256 0
    outer loop
      vertex 21.358 24.568 3
      vertex 21.495 24.6447 1.9
      vertex 21.358 24.568 1.9
    endloop
  endfacet
  facet normal -0.555728 -0.831364 0
    outer loop
      vertex 21.495 51.3553 1.9
      vertex 21.6256 51.268 3
      vertex 21.495 51.3553 3
    endloop
  endfacet
  facet normal -0.555728 -0.831364 -0
    outer loop
      vertex 21.6256 51.268 3
      vertex 21.495 51.3553 1.9
      vertex 21.6256 51.268 1.9
    endloop
  endfacet
  facet normal -0.993116 -0.117137 0
    outer loop
      vertex 22.4438 49.8069 1.9
      vertex 22.4254 49.9629 3
      vertex 22.4254 49.9629 1.9
    endloop
  endfacet
  facet normal -0.993116 -0.117137 0
    outer loop
      vertex 22.4254 49.9629 3
      vertex 22.4438 49.8069 1.9
      vertex 22.4438 49.8069 3
    endloop
  endfacet
  facet normal -0.96248 0.271354 0
    outer loop
      vertex 22.3521 25.732 1.9
      vertex 22.3947 25.8831 3
      vertex 22.3947 25.8831 1.9
    endloop
  endfacet
  facet normal -0.96248 0.271354 0
    outer loop
      vertex 22.3947 25.8831 3
      vertex 22.3521 25.732 1.9
      vertex 22.3521 25.732 3
    endloop
  endfacet
  facet normal -0.785323 0.619087 0
    outer loop
      vertex 21.9708 25.0511 1.9
      vertex 22.068 25.1744 3
      vertex 22.068 25.1744 1.9
    endloop
  endfacet
  facet normal -0.785323 0.619087 0
    outer loop
      vertex 22.068 25.1744 3
      vertex 21.9708 25.0511 1.9
      vertex 21.9708 25.0511 3
    endloop
  endfacet
  facet normal -0.555728 0.831364 0
    outer loop
      vertex 21.6256 24.732 1.9
      vertex 21.495 24.6447 3
      vertex 21.6256 24.732 3
    endloop
  endfacet
  facet normal -0.555728 0.831364 0
    outer loop
      vertex 21.495 24.6447 3
      vertex 21.6256 24.732 1.9
      vertex 21.495 24.6447 1.9
    endloop
  endfacet
  facet normal -0.96248 -0.271354 0
    outer loop
      vertex 22.3947 50.1169 1.9
      vertex 22.3521 50.268 3
      vertex 22.3521 50.268 1.9
    endloop
  endfacet
  facet normal -0.96248 -0.271354 0
    outer loop
      vertex 22.3521 50.268 3
      vertex 22.3947 50.1169 1.9
      vertex 22.3947 50.1169 3
    endloop
  endfacet
  facet normal -0.0394848 0.99922 0
    outer loop
      vertex 20.6069 -51.6438 1.9
      vertex 20.45 -51.65 3
      vertex 20.6069 -51.6438 3
    endloop
  endfacet
  facet normal -0.0394848 0.99922 0
    outer loop
      vertex 20.45 -51.65 3
      vertex 20.6069 -51.6438 1.9
      vertex 20.45 -51.65 1.9
    endloop
  endfacet
  facet normal -0.488506 -0.87256 0
    outer loop
      vertex 21.358 -24.568 1.9
      vertex 21.495 -24.6447 3
      vertex 21.358 -24.568 3
    endloop
  endfacet
  facet normal -0.488506 -0.87256 -0
    outer loop
      vertex 21.495 -24.6447 3
      vertex 21.358 -24.568 1.9
      vertex 21.495 -24.6447 1.9
    endloop
  endfacet
  facet normal 0 1 -0
    outer loop
      vertex -17 -51.65 1.9
      vertex -20.45 -51.65 3
      vertex -17 -51.65 3
    endloop
  endfacet
  facet normal 0 1 0
    outer loop
      vertex -20.45 -51.65 3
      vertex -17 -51.65 1.9
      vertex -20.45 -51.65 1.9
    endloop
  endfacet
  facet normal 0 1 -0
    outer loop
      vertex 20.45 -51.65 1.9
      vertex 17 -51.65 3
      vertex 20.45 -51.65 3
    endloop
  endfacet
  facet normal 0 1 0
    outer loop
      vertex 17 -51.65 3
      vertex 20.45 -51.65 1.9
      vertex 17 -51.65 1.9
    endloop
  endfacet
  facet normal 0 -1 0
    outer loop
      vertex -20.45 -24.35 1.9
      vertex 20.45 -24.35 3
      vertex -20.45 -24.35 3
    endloop
  endfacet
  facet normal 0 -1 -0
    outer loop
      vertex 20.45 -24.35 3
      vertex -20.45 -24.35 1.9
      vertex 20.45 -24.35 1.9
    endloop
  endfacet
  facet normal 0.619087 -0.785323 0
    outer loop
      vertex -21.7489 -24.8292 1.9
      vertex -21.6256 -24.732 3
      vertex -21.7489 -24.8292 3
    endloop
  endfacet
  facet normal 0.619087 -0.785323 0
    outer loop
      vertex -21.6256 -24.732 3
      vertex -21.7489 -24.8292 1.9
      vertex -21.6256 -24.732 1.9
    endloop
  endfacet
  facet normal 0.907997 0.418977 0
    outer loop
      vertex -22.232 -50.558 3
      vertex -22.2978 -50.4154 1.9
      vertex -22.2978 -50.4154 3
    endloop
  endfacet
  facet normal 0.907997 0.418977 0
    outer loop
      vertex -22.2978 -50.4154 1.9
      vertex -22.232 -50.558 3
      vertex -22.232 -50.558 1.9
    endloop
  endfacet
  facet normal -0.99922 -0.0394848 0
    outer loop
      vertex 22.45 -26.35 1.9
      vertex 22.4438 -26.1931 3
      vertex 22.4438 -26.1931 1.9
    endloop
  endfacet
  facet normal -0.99922 -0.0394848 0
    outer loop
      vertex 22.4438 -26.1931 3
      vertex 22.45 -26.35 1.9
      vertex 22.45 -26.35 3
    endloop
  endfacet
  facet normal 0.907997 -0.418977 0
    outer loop
      vertex -22.2978 -25.5846 3
      vertex -22.232 -25.442 1.9
      vertex -22.232 -25.442 3
    endloop
  endfacet
  facet normal 0.907997 -0.418977 0
    outer loop
      vertex -22.232 -25.442 1.9
      vertex -22.2978 -25.5846 3
      vertex -22.2978 -25.5846 1.9
    endloop
  endfacet
  facet normal -0.831364 -0.555728 0
    outer loop
      vertex 22.1553 -25.305 1.9
      vertex 22.068 -25.1744 3
      vertex 22.068 -25.1744 1.9
    endloop
  endfacet
  facet normal -0.831364 -0.555728 0
    outer loop
      vertex 22.068 -25.1744 3
      vertex 22.1553 -25.305 1.9
      vertex 22.1553 -25.305 3
    endloop
  endfacet
  facet normal -0.345676 -0.938354 0
    outer loop
      vertex 21.068 -24.4479 1.9
      vertex 21.2154 -24.5022 3
      vertex 21.068 -24.4479 3
    endloop
  endfacet
  facet normal -0.345676 -0.938354 -0
    outer loop
      vertex 21.2154 -24.5022 3
      vertex 21.068 -24.4479 1.9
      vertex 21.2154 -24.5022 1.9
    endloop
  endfacet
  facet normal 0.87256 0.488506 0
    outer loop
      vertex -22.1553 -50.695 3
      vertex -22.232 -50.558 1.9
      vertex -22.232 -50.558 3
    endloop
  endfacet
  facet normal 0.87256 0.488506 0
    outer loop
      vertex -22.232 -50.558 1.9
      vertex -22.1553 -50.695 3
      vertex -22.1553 -50.695 1.9
    endloop
  endfacet
  facet normal 0.734266 -0.678862 0
    outer loop
      vertex -21.9708 -25.0511 3
      vertex -21.8642 -24.9358 1.9
      vertex -21.8642 -24.9358 3
    endloop
  endfacet
  facet normal 0.734266 -0.678862 0
    outer loop
      vertex -21.8642 -24.9358 1.9
      vertex -21.9708 -25.0511 3
      vertex -21.9708 -25.0511 1.9
    endloop
  endfacet
  facet normal 0.271354 -0.96248 0
    outer loop
      vertex -21.068 -24.4479 1.9
      vertex -20.9169 -24.4053 3
      vertex -21.068 -24.4479 3
    endloop
  endfacet
  facet normal 0.271354 -0.96248 0
    outer loop
      vertex -20.9169 -24.4053 3
      vertex -21.068 -24.4479 1.9
      vertex -20.9169 -24.4053 1.9
    endloop
  endfacet
  facet normal 0.993116 -0.117137 0
    outer loop
      vertex -22.4438 -26.1931 3
      vertex -22.4254 -26.0371 1.9
      vertex -22.4254 -26.0371 3
    endloop
  endfacet
  facet normal 0.993116 -0.117137 0
    outer loop
      vertex -22.4254 -26.0371 1.9
      vertex -22.4438 -26.1931 3
      vertex -22.4438 -26.1931 1.9
    endloop
  endfacet
  facet normal 0.418977 0.907997 -0
    outer loop
      vertex -21.2154 -51.4978 1.9
      vertex -21.358 -51.432 3
      vertex -21.2154 -51.4978 3
    endloop
  endfacet
  facet normal 0.418977 0.907997 0
    outer loop
      vertex -21.358 -51.432 3
      vertex -21.2154 -51.4978 1.9
      vertex -21.358 -51.432 1.9
    endloop
  endfacet
  facet normal 0.938354 -0.345676 0
    outer loop
      vertex -22.3521 -25.732 3
      vertex -22.2978 -25.5846 1.9
      vertex -22.2978 -25.5846 3
    endloop
  endfacet
  facet normal 0.938354 -0.345676 0
    outer loop
      vertex -22.2978 -25.5846 1.9
      vertex -22.3521 -25.732 3
      vertex -22.3521 -25.732 1.9
    endloop
  endfacet
  facet normal 0.555728 0.831364 -0
    outer loop
      vertex -21.495 -51.3553 1.9
      vertex -21.6256 -51.268 3
      vertex -21.495 -51.3553 3
    endloop
  endfacet
  facet normal 0.555728 0.831364 0
    outer loop
      vertex -21.6256 -51.268 3
      vertex -21.495 -51.3553 1.9
      vertex -21.6256 -51.268 1.9
    endloop
  endfacet
  facet normal 0.195504 -0.980703 0
    outer loop
      vertex -20.9169 -24.4053 1.9
      vertex -20.7629 -24.3746 3
      vertex -20.9169 -24.4053 3
    endloop
  endfacet
  facet normal 0.195504 -0.980703 0
    outer loop
      vertex -20.7629 -24.3746 3
      vertex -20.9169 -24.4053 1.9
      vertex -20.7629 -24.3746 1.9
    endloop
  endfacet
  facet normal 0.117137 0.993116 -0
    outer loop
      vertex -20.6069 -51.6438 1.9
      vertex -20.7629 -51.6254 3
      vertex -20.6069 -51.6438 3
    endloop
  endfacet
  facet normal 0.117137 0.993116 0
    outer loop
      vertex -20.7629 -51.6254 3
      vertex -20.6069 -51.6438 1.9
      vertex -20.7629 -51.6254 1.9
    endloop
  endfacet
  facet normal -0.678862 -0.734266 0
    outer loop
      vertex 21.7489 -24.8292 1.9
      vertex 21.8642 -24.9358 3
      vertex 21.7489 -24.8292 3
    endloop
  endfacet
  facet normal -0.678862 -0.734266 -0
    outer loop
      vertex 21.8642 -24.9358 3
      vertex 21.7489 -24.8292 1.9
      vertex 21.8642 -24.9358 1.9
    endloop
  endfacet
  facet normal 0.99922 -0.0394848 0
    outer loop
      vertex -22.45 -26.35 3
      vertex -22.4438 -26.1931 1.9
      vertex -22.4438 -26.1931 3
    endloop
  endfacet
  facet normal 0.99922 -0.0394848 0
    outer loop
      vertex -22.4438 -26.1931 1.9
      vertex -22.45 -26.35 3
      vertex -22.45 -26.35 1.9
    endloop
  endfacet
  facet normal 0.0394848 0.99922 -0
    outer loop
      vertex -20.45 -51.65 1.9
      vertex -20.6069 -51.6438 3
      vertex -20.45 -51.65 3
    endloop
  endfacet
  facet normal 0.0394848 0.99922 0
    outer loop
      vertex -20.6069 -51.6438 3
      vertex -20.45 -51.65 1.9
      vertex -20.6069 -51.6438 1.9
    endloop
  endfacet
  facet normal -0.980703 0.195504 0
    outer loop
      vertex 22.3947 -50.1169 1.9
      vertex 22.4254 -49.9629 3
      vertex 22.4254 -49.9629 1.9
    endloop
  endfacet
  facet normal -0.980703 0.195504 0
    outer loop
      vertex 22.4254 -49.9629 3
      vertex 22.3947 -50.1169 1.9
      vertex 22.3947 -50.1169 3
    endloop
  endfacet
  facet normal -0.938354 -0.345676 0
    outer loop
      vertex 22.3521 -25.732 1.9
      vertex 22.2978 -25.5846 3
      vertex 22.2978 -25.5846 1.9
    endloop
  endfacet
  facet normal -0.938354 -0.345676 0
    outer loop
      vertex 22.2978 -25.5846 3
      vertex 22.3521 -25.732 1.9
      vertex 22.3521 -25.732 3
    endloop
  endfacet
  facet normal -0.0394848 -0.99922 0
    outer loop
      vertex 20.45 -24.35 1.9
      vertex 20.6069 -24.3562 3
      vertex 20.45 -24.35 3
    endloop
  endfacet
  facet normal -0.0394848 -0.99922 -0
    outer loop
      vertex 20.6069 -24.3562 3
      vertex 20.45 -24.35 1.9
      vertex 20.6069 -24.3562 1.9
    endloop
  endfacet
  facet normal 1 -0 0
    outer loop
      vertex -22.45 -49.65 3
      vertex -22.45 -26.35 1.9
      vertex -22.45 -26.35 3
    endloop
  endfacet
  facet normal 1 0 0
    outer loop
      vertex -22.45 -26.35 1.9
      vertex -22.45 -49.65 3
      vertex -22.45 -49.65 1.9
    endloop
  endfacet
  facet normal 0.488506 -0.87256 0
    outer loop
      vertex -21.495 -24.6447 1.9
      vertex -21.358 -24.568 3
      vertex -21.495 -24.6447 3
    endloop
  endfacet
  facet normal 0.488506 -0.87256 0
    outer loop
      vertex -21.358 -24.568 3
      vertex -21.495 -24.6447 1.9
      vertex -21.358 -24.568 1.9
    endloop
  endfacet
  facet normal 0.0394848 -0.99922 0
    outer loop
      vertex -20.6069 -24.3562 1.9
      vertex -20.45 -24.35 3
      vertex -20.6069 -24.3562 3
    endloop
  endfacet
  facet normal 0.0394848 -0.99922 0
    outer loop
      vertex -20.45 -24.35 3
      vertex -20.6069 -24.3562 1.9
      vertex -20.45 -24.35 1.9
    endloop
  endfacet
  facet normal 0.195504 0.980703 -0
    outer loop
      vertex -20.7629 -51.6254 1.9
      vertex -20.9169 -51.5947 3
      vertex -20.7629 -51.6254 3
    endloop
  endfacet
  facet normal 0.195504 0.980703 0
    outer loop
      vertex -20.9169 -51.5947 3
      vertex -20.7629 -51.6254 1.9
      vertex -20.9169 -51.5947 1.9
    endloop
  endfacet
  facet normal 0.488506 0.87256 -0
    outer loop
      vertex -21.358 -51.432 1.9
      vertex -21.495 -51.3553 3
      vertex -21.358 -51.432 3
    endloop
  endfacet
  facet normal 0.488506 0.87256 0
    outer loop
      vertex -21.495 -51.3553 3
      vertex -21.358 -51.432 1.9
      vertex -21.495 -51.3553 1.9
    endloop
  endfacet
  facet normal -0.117137 0.993116 0
    outer loop
      vertex 20.7629 -51.6254 1.9
      vertex 20.6069 -51.6438 3
      vertex 20.7629 -51.6254 3
    endloop
  endfacet
  facet normal -0.117137 0.993116 0
    outer loop
      vertex 20.6069 -51.6438 3
      vertex 20.7629 -51.6254 1.9
      vertex 20.6069 -51.6438 1.9
    endloop
  endfacet
  facet normal -1 0 0
    outer loop
      vertex 22.45 -49.65 1.9
      vertex 22.45 -26.35 3
      vertex 22.45 -26.35 1.9
    endloop
  endfacet
  facet normal -1 -0 0
    outer loop
      vertex 22.45 -26.35 3
      vertex 22.45 -49.65 1.9
      vertex 22.45 -49.65 3
    endloop
  endfacet
  facet normal 0.271354 0.96248 -0
    outer loop
      vertex -20.9169 -51.5947 1.9
      vertex -21.068 -51.5521 3
      vertex -20.9169 -51.5947 3
    endloop
  endfacet
  facet normal 0.271354 0.96248 0
    outer loop
      vertex -21.068 -51.5521 3
      vertex -20.9169 -51.5947 1.9
      vertex -21.068 -51.5521 1.9
    endloop
  endfacet
  facet normal 0.345676 0.938354 -0
    outer loop
      vertex -21.068 -51.5521 1.9
      vertex -21.2154 -51.4978 3
      vertex -21.068 -51.5521 3
    endloop
  endfacet
  facet normal 0.345676 0.938354 0
    outer loop
      vertex -21.2154 -51.4978 3
      vertex -21.068 -51.5521 1.9
      vertex -21.2154 -51.4978 1.9
    endloop
  endfacet
  facet normal -0.734266 -0.678862 0
    outer loop
      vertex 21.9708 -25.0511 1.9
      vertex 21.8642 -24.9358 3
      vertex 21.8642 -24.9358 1.9
    endloop
  endfacet
  facet normal -0.734266 -0.678862 0
    outer loop
      vertex 21.8642 -24.9358 3
      vertex 21.9708 -25.0511 1.9
      vertex 21.9708 -25.0511 3
    endloop
  endfacet
  facet normal -0.993116 0.117137 0
    outer loop
      vertex 22.4254 -49.9629 1.9
      vertex 22.4438 -49.8069 3
      vertex 22.4438 -49.8069 1.9
    endloop
  endfacet
  facet normal -0.993116 0.117137 0
    outer loop
      vertex 22.4438 -49.8069 3
      vertex 22.4254 -49.9629 1.9
      vertex 22.4254 -49.9629 3
    endloop
  endfacet
  facet normal 0.785323 0.619087 0
    outer loop
      vertex -21.9708 -50.9489 3
      vertex -22.068 -50.8256 1.9
      vertex -22.068 -50.8256 3
    endloop
  endfacet
  facet normal 0.785323 0.619087 0
    outer loop
      vertex -22.068 -50.8256 1.9
      vertex -21.9708 -50.9489 3
      vertex -21.9708 -50.9489 1.9
    endloop
  endfacet
  facet normal 0.117137 -0.993116 0
    outer loop
      vertex -20.7629 -24.3746 1.9
      vertex -20.6069 -24.3562 3
      vertex -20.7629 -24.3746 3
    endloop
  endfacet
  facet normal 0.117137 -0.993116 0
    outer loop
      vertex -20.6069 -24.3562 3
      vertex -20.7629 -24.3746 1.9
      vertex -20.6069 -24.3562 1.9
    endloop
  endfacet
  facet normal 0.980703 -0.195504 0
    outer loop
      vertex -22.4254 -26.0371 3
      vertex -22.3947 -25.8831 1.9
      vertex -22.3947 -25.8831 3
    endloop
  endfacet
  facet normal 0.980703 -0.195504 0
    outer loop
      vertex -22.3947 -25.8831 1.9
      vertex -22.4254 -26.0371 3
      vertex -22.4254 -26.0371 1.9
    endloop
  endfacet
  facet normal -0.99922 0.0394848 0
    outer loop
      vertex 22.4438 -49.8069 1.9
      vertex 22.45 -49.65 3
      vertex 22.45 -49.65 1.9
    endloop
  endfacet
  facet normal -0.99922 0.0394848 0
    outer loop
      vertex 22.45 -49.65 3
      vertex 22.4438 -49.8069 1.9
      vertex 22.4438 -49.8069 3
    endloop
  endfacet
  facet normal -0.555728 -0.831364 0
    outer loop
      vertex 21.495 -24.6447 1.9
      vertex 21.6256 -24.732 3
      vertex 21.495 -24.6447 3
    endloop
  endfacet
  facet normal -0.555728 -0.831364 -0
    outer loop
      vertex 21.6256 -24.732 3
      vertex 21.495 -24.6447 1.9
      vertex 21.6256 -24.732 1.9
    endloop
  endfacet
  facet normal 0.980703 0.195504 0
    outer loop
      vertex -22.3947 -50.1169 3
      vertex -22.4254 -49.9629 1.9
      vertex -22.4254 -49.9629 3
    endloop
  endfacet
  facet normal 0.980703 0.195504 0
    outer loop
      vertex -22.4254 -49.9629 1.9
      vertex -22.3947 -50.1169 3
      vertex -22.3947 -50.1169 1.9
    endloop
  endfacet
  facet normal 0.96248 -0.271354 0
    outer loop
      vertex -22.3947 -25.8831 3
      vertex -22.3521 -25.732 1.9
      vertex -22.3521 -25.732 3
    endloop
  endfacet
  facet normal 0.96248 -0.271354 0
    outer loop
      vertex -22.3521 -25.732 1.9
      vertex -22.3947 -25.8831 3
      vertex -22.3947 -25.8831 1.9
    endloop
  endfacet
  facet normal -0.418977 -0.907997 0
    outer loop
      vertex 21.2154 -24.5022 1.9
      vertex 21.358 -24.568 3
      vertex 21.2154 -24.5022 3
    endloop
  endfacet
  facet normal -0.418977 -0.907997 -0
    outer loop
      vertex 21.358 -24.568 3
      vertex 21.2154 -24.5022 1.9
      vertex 21.358 -24.568 1.9
    endloop
  endfacet
  facet normal 0.678862 0.734266 -0
    outer loop
      vertex -21.7489 -51.1708 1.9
      vertex -21.8642 -51.0642 3
      vertex -21.7489 -51.1708 3
    endloop
  endfacet
  facet normal 0.678862 0.734266 0
    outer loop
      vertex -21.8642 -51.0642 3
      vertex -21.7489 -51.1708 1.9
      vertex -21.8642 -51.0642 1.9
    endloop
  endfacet
  facet normal 0.345676 -0.938354 0
    outer loop
      vertex -21.2154 -24.5022 1.9
      vertex -21.068 -24.4479 3
      vertex -21.2154 -24.5022 3
    endloop
  endfacet
  facet normal 0.345676 -0.938354 0
    outer loop
      vertex -21.068 -24.4479 3
      vertex -21.2154 -24.5022 1.9
      vertex -21.068 -24.4479 1.9
    endloop
  endfacet
  facet normal 0.418977 -0.907997 0
    outer loop
      vertex -21.358 -24.568 1.9
      vertex -21.2154 -24.5022 3
      vertex -21.358 -24.568 3
    endloop
  endfacet
  facet normal 0.418977 -0.907997 0
    outer loop
      vertex -21.2154 -24.5022 3
      vertex -21.358 -24.568 1.9
      vertex -21.2154 -24.5022 1.9
    endloop
  endfacet
  facet normal 0.555728 -0.831364 0
    outer loop
      vertex -21.6256 -24.732 1.9
      vertex -21.495 -24.6447 3
      vertex -21.6256 -24.732 3
    endloop
  endfacet
  facet normal 0.555728 -0.831364 0
    outer loop
      vertex -21.495 -24.6447 3
      vertex -21.6256 -24.732 1.9
      vertex -21.495 -24.6447 1.9
    endloop
  endfacet
  facet normal 0.785323 -0.619087 0
    outer loop
      vertex -22.068 -25.1744 3
      vertex -21.9708 -25.0511 1.9
      vertex -21.9708 -25.0511 3
    endloop
  endfacet
  facet normal 0.785323 -0.619087 0
    outer loop
      vertex -21.9708 -25.0511 1.9
      vertex -22.068 -25.1744 3
      vertex -22.068 -25.1744 1.9
    endloop
  endfacet
  facet normal -0.195504 -0.980703 0
    outer loop
      vertex 20.7629 -24.3746 1.9
      vertex 20.9169 -24.4053 3
      vertex 20.7629 -24.3746 3
    endloop
  endfacet
  facet normal -0.195504 -0.980703 -0
    outer loop
      vertex 20.9169 -24.4053 3
      vertex 20.7629 -24.3746 1.9
      vertex 20.9169 -24.4053 1.9
    endloop
  endfacet
  facet normal 0.831364 -0.555728 0
    outer loop
      vertex -22.1553 -25.305 3
      vertex -22.068 -25.1744 1.9
      vertex -22.068 -25.1744 3
    endloop
  endfacet
  facet normal 0.831364 -0.555728 0
    outer loop
      vertex -22.068 -25.1744 1.9
      vertex -22.1553 -25.305 3
      vertex -22.1553 -25.305 1.9
    endloop
  endfacet
  facet normal 0.87256 -0.488506 0
    outer loop
      vertex -22.232 -25.442 3
      vertex -22.1553 -25.305 1.9
      vertex -22.1553 -25.305 3
    endloop
  endfacet
  facet normal 0.87256 -0.488506 0
    outer loop
      vertex -22.1553 -25.305 1.9
      vertex -22.232 -25.442 3
      vertex -22.232 -25.442 1.9
    endloop
  endfacet
  facet normal 0.678862 -0.734266 0
    outer loop
      vertex -21.8642 -24.9358 1.9
      vertex -21.7489 -24.8292 3
      vertex -21.8642 -24.9358 3
    endloop
  endfacet
  facet normal 0.678862 -0.734266 0
    outer loop
      vertex -21.7489 -24.8292 3
      vertex -21.8642 -24.9358 1.9
      vertex -21.7489 -24.8292 1.9
    endloop
  endfacet
  facet normal -0.271354 -0.96248 0
    outer loop
      vertex 20.9169 -24.4053 1.9
      vertex 21.068 -24.4479 3
      vertex 20.9169 -24.4053 3
    endloop
  endfacet
  facet normal -0.271354 -0.96248 -0
    outer loop
      vertex 21.068 -24.4479 3
      vertex 20.9169 -24.4053 1.9
      vertex 21.068 -24.4479 1.9
    endloop
  endfacet
  facet normal -0.117137 -0.993116 0
    outer loop
      vertex 20.6069 -24.3562 1.9
      vertex 20.7629 -24.3746 3
      vertex 20.6069 -24.3562 3
    endloop
  endfacet
  facet normal -0.117137 -0.993116 -0
    outer loop
      vertex 20.7629 -24.3746 3
      vertex 20.6069 -24.3562 1.9
      vertex 20.7629 -24.3746 1.9
    endloop
  endfacet
  facet normal -0.907997 0.418977 0
    outer loop
      vertex 22.232 -50.558 1.9
      vertex 22.2978 -50.4154 3
      vertex 22.2978 -50.4154 1.9
    endloop
  endfacet
  facet normal -0.907997 0.418977 0
    outer loop
      vertex 22.2978 -50.4154 3
      vertex 22.232 -50.558 1.9
      vertex 22.232 -50.558 3
    endloop
  endfacet
  facet normal -0.993116 -0.117137 0
    outer loop
      vertex 22.4438 -26.1931 1.9
      vertex 22.4254 -26.0371 3
      vertex 22.4254 -26.0371 1.9
    endloop
  endfacet
  facet normal -0.993116 -0.117137 0
    outer loop
      vertex 22.4254 -26.0371 3
      vertex 22.4438 -26.1931 1.9
      vertex 22.4438 -26.1931 3
    endloop
  endfacet
  facet normal -0.938354 0.345676 0
    outer loop
      vertex 22.2978 -50.4154 1.9
      vertex 22.3521 -50.268 3
      vertex 22.3521 -50.268 1.9
    endloop
  endfacet
  facet normal -0.938354 0.345676 0
    outer loop
      vertex 22.3521 -50.268 3
      vertex 22.2978 -50.4154 1.9
      vertex 22.2978 -50.4154 3
    endloop
  endfacet
  facet normal 0.734266 0.678862 0
    outer loop
      vertex -21.8642 -51.0642 3
      vertex -21.9708 -50.9489 1.9
      vertex -21.9708 -50.9489 3
    endloop
  endfacet
  facet normal 0.734266 0.678862 0
    outer loop
      vertex -21.9708 -50.9489 1.9
      vertex -21.8642 -51.0642 3
      vertex -21.8642 -51.0642 1.9
    endloop
  endfacet
  facet normal 0 0 1
    outer loop
      vertex 22.45 -49.65 1.9
      vertex 16.9908 -47.7646 1.9
      vertex 17 -48 1.9
    endloop
  endfacet
  facet normal 0 0 1
    outer loop
      vertex 17.0785 -41.4969 1.9
      vertex 16.9631 -47.5307 1.9
      vertex 16.9908 -47.7646 1.9
    endloop
  endfacet
  facet normal 0 0 1
    outer loop
      vertex 17.0785 -41.4969 1.9
      vertex 16.9171 -47.2997 1.9
      vertex 16.9631 -47.5307 1.9
    endloop
  endfacet
  facet normal 0 0 1
    outer loop
      vertex 17.0785 -41.4969 1.9
      vertex 16.8532 -47.073 1.9
      vertex 16.9171 -47.2997 1.9
    endloop
  endfacet
  facet normal 0 0 1
    outer loop
      vertex 17.0785 -41.4969 1.9
      vertex 16.7716 -46.8519 1.9
      vertex 16.8532 -47.073 1.9
    endloop
  endfacet
  facet normal 0 0 1
    outer loop
      vertex 17.0785 -41.4969 1.9
      vertex 16.673 -46.638 1.9
      vertex 16.7716 -46.8519 1.9
    endloop
  endfacet
  facet normal 0 0 1
    outer loop
      vertex 17.0785 -41.4969 1.9
      vertex 16.5579 -46.4325 1.9
      vertex 16.673 -46.638 1.9
    endloop
  endfacet
  facet normal 0 0 1
    outer loop
      vertex 17.0785 -41.4969 1.9
      vertex 16.427 -46.2366 1.9
      vertex 16.5579 -46.4325 1.9
    endloop
  endfacet
  facet normal 0 0 1
    outer loop
      vertex 17.0785 -41.4969 1.9
      vertex 16.2812 -46.0517 1.9
      vertex 16.427 -46.2366 1.9
    endloop
  endfacet
  facet normal 0 0 1
    outer loop
      vertex 17.0785 -41.4969 1.9
      vertex 16.1213 -45.8787 1.9
      vertex 16.2812 -46.0517 1.9
    endloop
  endfacet
  facet normal 0 0 1
    outer loop
      vertex 17.0785 -41.4969 1.9
      vertex 15.9483 -45.7188 1.9
      vertex 16.1213 -45.8787 1.9
    endloop
  endfacet
  facet normal 0 0 1
    outer loop
      vertex 17.0785 -41.4969 1.9
      vertex 15.7634 -45.573 1.9
      vertex 15.9483 -45.7188 1.9
    endloop
  endfacet
  facet normal 0 0 1
    outer loop
      vertex 17 -41.5 1.9
      vertex 15.5675 -45.4421 1.9
      vertex 15.7634 -45.573 1.9
    endloop
  endfacet
  facet normal 0 0 1
    outer loop
      vertex 17 -41.5 1.9
      vertex 15.362 -45.327 1.9
      vertex 15.5675 -45.4421 1.9
    endloop
  endfacet
  facet normal 0 0 1
    outer loop
      vertex 17 -41.5 1.9
      vertex 15.1481 -45.2284 1.9
      vertex 15.362 -45.327 1.9
    endloop
  endfacet
  facet normal -0 0 1
    outer loop
      vertex 15 -41.5 1.9
      vertex 15.1481 -45.2284 1.9
      vertex 17 -41.5 1.9
    endloop
  endfacet
  facet normal 0 0 1
    outer loop
      vertex 15 -41.5 1.9
      vertex 14.927 -45.1468 1.9
      vertex 15.1481 -45.2284 1.9
    endloop
  endfacet
  facet normal 0 0 1
    outer loop
      vertex 14.4693 -45.0369 1.9
      vertex 15 -41.5 1.9
      vertex 14.9215 -41.4969 1.9
    endloop
  endfacet
  facet normal 0 0 1
    outer loop
      vertex 14.4693 -45.0369 1.9
      vertex 14.9215 -41.4969 1.9
      vertex 14.8436 -41.4877 1.9
    endloop
  endfacet
  facet normal 0 0 1
    outer loop
      vertex 14.2354 -45.0092 1.9
      vertex 14.8436 -41.4877 1.9
      vertex 14.7666 -41.4724 1.9
    endloop
  endfacet
  facet normal 0 0 1
    outer loop
      vertex 15 -41.5 1.9
      vertex 14.7003 -45.0829 1.9
      vertex 14.927 -45.1468 1.9
    endloop
  endfacet
  facet normal 0 0 1
    outer loop
      vertex 14.2354 -45.0092 1.9
      vertex 14.7666 -41.4724 1.9
      vertex 14.691 -41.451 1.9
    endloop
  endfacet
  facet normal 0 0 1
    outer loop
      vertex 14 -45 1.9
      vertex 14.691 -41.451 1.9
      vertex 14.6173 -41.4239 1.9
    endloop
  endfacet
  facet normal 0 0 1
    outer loop
      vertex 14 -45 1.9
      vertex 14.6173 -41.4239 1.9
      vertex 14.546 -41.391 1.9
    endloop
  endfacet
  facet normal 0 0 1
    outer loop
      vertex 14 -45 1.9
      vertex 14.546 -41.391 1.9
      vertex 14.4775 -41.3526 1.9
    endloop
  endfacet
  facet normal 0 0 1
    outer loop
      vertex 15 -41.5 1.9
      vertex 14.4693 -45.0369 1.9
      vertex 14.7003 -45.0829 1.9
    endloop
  endfacet
  facet normal 0 0 1
    outer loop
      vertex 14 -45 1.9
      vertex 14.4775 -41.3526 1.9
      vertex 14.4122 -41.309 1.9
    endloop
  endfacet
  facet normal 0 0 1
    outer loop
      vertex 14 -45 1.9
      vertex 14.4122 -41.309 1.9
      vertex 14.3506 -41.2604 1.9
    endloop
  endfacet
  facet normal 0 0 1
    outer loop
      vertex 14 -45 1.9
      vertex 14.3506 -41.2604 1.9
      vertex 14.2929 -41.2071 1.9
    endloop
  endfacet
  facet normal 0 0 1
    outer loop
      vertex 14 -45 1.9
      vertex 14.2929 -41.2071 1.9
      vertex 14.2396 -41.1494 1.9
    endloop
  endfacet
  facet normal 0 0 1
    outer loop
      vertex 14.8436 -41.4877 1.9
      vertex 14.2354 -45.0092 1.9
      vertex 14.4693 -45.0369 1.9
    endloop
  endfacet
  facet normal 0 0 1
    outer loop
      vertex 14 -45 1.9
      vertex 14.2396 -41.1494 1.9
      vertex 14.191 -41.0878 1.9
    endloop
  endfacet
  facet normal 0 0 1
    outer loop
      vertex 14 -45 1.9
      vertex 14.191 -41.0878 1.9
      vertex 14.1474 -41.0225 1.9
    endloop
  endfacet
  facet normal 0 0 1
    outer loop
      vertex 14 -45 1.9
      vertex 14.1474 -41.0225 1.9
      vertex 14.109 -40.954 1.9
    endloop
  endfacet
  facet normal 0 0 1
    outer loop
      vertex 14 -45 1.9
      vertex 14.109 -40.954 1.9
      vertex 14.0761 -40.8827 1.9
    endloop
  endfacet
  facet normal 0 0 1
    outer loop
      vertex 14 -45 1.9
      vertex 14.0761 -40.8827 1.9
      vertex 14.049 -40.809 1.9
    endloop
  endfacet
  facet normal 0 0 1
    outer loop
      vertex 14 -45 1.9
      vertex 14.049 -40.809 1.9
      vertex 14.0276 -40.7334 1.9
    endloop
  endfacet
  facet normal 0 0 1
    outer loop
      vertex 14 -45 1.9
      vertex 14.0276 -40.7334 1.9
      vertex 14.0123 -40.6564 1.9
    endloop
  endfacet
  facet normal 0 0 1
    outer loop
      vertex -14.0123 -40.6564 1.9
      vertex 14.0123 -40.6564 1.9
      vertex 14.0031 -40.5785 1.9
    endloop
  endfacet
  facet normal 0 0 1
    outer loop
      vertex 14.691 -41.451 1.9
      vertex 14 -45 1.9
      vertex 14.2354 -45.0092 1.9
    endloop
  endfacet
  facet normal 0 0 1
    outer loop
      vertex -14.0031 -40.5785 1.9
      vertex 14.0031 -40.5785 1.9
      vertex 14 -40.5 1.9
    endloop
  endfacet
  facet normal 0 0 1
    outer loop
      vertex 20.45 -24.35 1.9
      vertex 22.45 -26.35 1.9
      vertex 22.4438 -26.1931 1.9
    endloop
  endfacet
  facet normal 0 0 1
    outer loop
      vertex 22.45 -26.35 1.9
      vertex 18 -35.5 1.9
      vertex 22.45 -49.65 1.9
    endloop
  endfacet
  facet normal 0 0 1
    outer loop
      vertex 20.45 -24.35 1.9
      vertex 22.4438 -26.1931 1.9
      vertex 22.4254 -26.0371 1.9
    endloop
  endfacet
  facet normal -0 0 1
    outer loop
      vertex 18 -40.5 1.9
      vertex 22.45 -49.65 1.9
      vertex 18 -35.5 1.9
    endloop
  endfacet
  facet normal 0 0 1
    outer loop
      vertex 20.45 -24.35 1.9
      vertex 22.4254 -26.0371 1.9
      vertex 22.3947 -25.8831 1.9
    endloop
  endfacet
  facet normal -0 0 1
    outer loop
      vertex 17.9969 -40.5785 1.9
      vertex 22.45 -49.65 1.9
      vertex 18 -40.5 1.9
    endloop
  endfacet
  facet normal 0 0 1
    outer loop
      vertex 20.45 -24.35 1.9
      vertex 22.3947 -25.8831 1.9
      vertex 22.3521 -25.732 1.9
    endloop
  endfacet
  facet normal -0 0 1
    outer loop
      vertex 17.9877 -40.6564 1.9
      vertex 22.45 -49.65 1.9
      vertex 17.9969 -40.5785 1.9
    endloop
  endfacet
  facet normal 0 0 1
    outer loop
      vertex 20.45 -24.35 1.9
      vertex 22.3521 -25.732 1.9
      vertex 22.2978 -25.5846 1.9
    endloop
  endfacet
  facet normal -0 0 1
    outer loop
      vertex 17.9724 -40.7334 1.9
      vertex 22.45 -49.65 1.9
      vertex 17.9877 -40.6564 1.9
    endloop
  endfacet
  facet normal 0 0 1
    outer loop
      vertex 20.45 -24.35 1.9
      vertex 22.2978 -25.5846 1.9
      vertex 22.232 -25.442 1.9
    endloop
  endfacet
  facet normal -0 0 1
    outer loop
      vertex 17.951 -40.809 1.9
      vertex 22.45 -49.65 1.9
      vertex 17.9724 -40.7334 1.9
    endloop
  endfacet
  facet normal 0 0 1
    outer loop
      vertex 20.45 -24.35 1.9
      vertex 22.232 -25.442 1.9
      vertex 22.1553 -25.305 1.9
    endloop
  endfacet
  facet normal -0 0 1
    outer loop
      vertex 17.9239 -40.8827 1.9
      vertex 22.45 -49.65 1.9
      vertex 17.951 -40.809 1.9
    endloop
  endfacet
  facet normal 0 0 1
    outer loop
      vertex 20.45 -24.35 1.9
      vertex 22.1553 -25.305 1.9
      vertex 22.068 -25.1744 1.9
    endloop
  endfacet
  facet normal -0 0 1
    outer loop
      vertex 17.891 -40.954 1.9
      vertex 22.45 -49.65 1.9
      vertex 17.9239 -40.8827 1.9
    endloop
  endfacet
  facet normal 0 0 1
    outer loop
      vertex 20.45 -24.35 1.9
      vertex 22.068 -25.1744 1.9
      vertex 21.9708 -25.0511 1.9
    endloop
  endfacet
  facet normal -0 0 1
    outer loop
      vertex 17.8526 -41.0225 1.9
      vertex 22.45 -49.65 1.9
      vertex 17.891 -40.954 1.9
    endloop
  endfacet
  facet normal 0 0 1
    outer loop
      vertex 20.45 -24.35 1.9
      vertex 21.9708 -25.0511 1.9
      vertex 21.8642 -24.9358 1.9
    endloop
  endfacet
  facet normal -0 0 1
    outer loop
      vertex 17.809 -41.0878 1.9
      vertex 22.45 -49.65 1.9
      vertex 17.8526 -41.0225 1.9
    endloop
  endfacet
  facet normal 0 0 1
    outer loop
      vertex 20.45 -24.35 1.9
      vertex 21.8642 -24.9358 1.9
      vertex 21.7489 -24.8292 1.9
    endloop
  endfacet
  facet normal -0 0 1
    outer loop
      vertex 17.7604 -41.1494 1.9
      vertex 22.45 -49.65 1.9
      vertex 17.809 -41.0878 1.9
    endloop
  endfacet
  facet normal 0 0 1
    outer loop
      vertex 20.45 -24.35 1.9
      vertex 21.7489 -24.8292 1.9
      vertex 21.6256 -24.732 1.9
    endloop
  endfacet
  facet normal -0 0 1
    outer loop
      vertex 17.7071 -41.2071 1.9
      vertex 22.45 -49.65 1.9
      vertex 17.7604 -41.1494 1.9
    endloop
  endfacet
  facet normal 0 0 1
    outer loop
      vertex 20.45 -24.35 1.9
      vertex 21.6256 -24.732 1.9
      vertex 21.495 -24.6447 1.9
    endloop
  endfacet
  facet normal -0 0 1
    outer loop
      vertex 17.6494 -41.2604 1.9
      vertex 22.45 -49.65 1.9
      vertex 17.7071 -41.2071 1.9
    endloop
  endfacet
  facet normal 0 0 1
    outer loop
      vertex 20.45 -24.35 1.9
      vertex 21.495 -24.6447 1.9
      vertex 21.358 -24.568 1.9
    endloop
  endfacet
  facet normal -0 0 1
    outer loop
      vertex 16.9908 -47.7646 1.9
      vertex 22.45 -49.65 1.9
      vertex 17.6494 -41.2604 1.9
    endloop
  endfacet
  facet normal 0 0 1
    outer loop
      vertex 20.45 -24.35 1.9
      vertex 21.358 -24.568 1.9
      vertex 21.2154 -24.5022 1.9
    endloop
  endfacet
  facet normal 0 0 1
    outer loop
      vertex 22.45 -49.65 1.9
      vertex 20.45 -51.65 1.9
      vertex 22.4438 -49.8069 1.9
    endloop
  endfacet
  facet normal 0 0 1
    outer loop
      vertex 20.45 -24.35 1.9
      vertex 21.2154 -24.5022 1.9
      vertex 21.068 -24.4479 1.9
    endloop
  endfacet
  facet normal 0 0 1
    outer loop
      vertex 22.4438 -49.8069 1.9
      vertex 20.45 -51.65 1.9
      vertex 22.4254 -49.9629 1.9
    endloop
  endfacet
  facet normal 0 0 1
    outer loop
      vertex 20.45 -24.35 1.9
      vertex 21.068 -24.4479 1.9
      vertex 20.9169 -24.4053 1.9
    endloop
  endfacet
  facet normal 0 0 1
    outer loop
      vertex 22.4254 -49.9629 1.9
      vertex 20.45 -51.65 1.9
      vertex 22.3947 -50.1169 1.9
    endloop
  endfacet
  facet normal 0 0 1
    outer loop
      vertex 20.45 -24.35 1.9
      vertex 20.9169 -24.4053 1.9
      vertex 20.7629 -24.3746 1.9
    endloop
  endfacet
  facet normal 0 0 1
    outer loop
      vertex 22.3947 -50.1169 1.9
      vertex 20.45 -51.65 1.9
      vertex 22.3521 -50.268 1.9
    endloop
  endfacet
  facet normal 0 0 1
    outer loop
      vertex 20.45 -24.35 1.9
      vertex 20.7629 -24.3746 1.9
      vertex 20.6069 -24.3562 1.9
    endloop
  endfacet
  facet normal 0 0 1
    outer loop
      vertex 22.3521 -50.268 1.9
      vertex 20.45 -51.65 1.9
      vertex 22.2978 -50.4154 1.9
    endloop
  endfacet
  facet normal 0 0 1
    outer loop
      vertex 22.45 -26.35 1.9
      vertex 20.45 -24.35 1.9
      vertex 17.1564 -34.5123 1.9
    endloop
  endfacet
  facet normal 0 0 1
    outer loop
      vertex 22.232 -50.558 1.9
      vertex 20.45 -51.65 1.9
      vertex 22.1553 -50.695 1.9
    endloop
  endfacet
  facet normal 0 0 1
    outer loop
      vertex 22.1553 -50.695 1.9
      vertex 20.45 -51.65 1.9
      vertex 22.068 -50.8256 1.9
    endloop
  endfacet
  facet normal 0 0 1
    outer loop
      vertex 22.45 -26.35 1.9
      vertex 17.9969 -35.4215 1.9
      vertex 18 -35.5 1.9
    endloop
  endfacet
  facet normal 0 0 1
    outer loop
      vertex 22.45 -26.35 1.9
      vertex 17.9877 -35.3436 1.9
      vertex 17.9969 -35.4215 1.9
    endloop
  endfacet
  facet normal 0 0 1
    outer loop
      vertex 22.45 -26.35 1.9
      vertex 17.9724 -35.2666 1.9
      vertex 17.9877 -35.3436 1.9
    endloop
  endfacet
  facet normal 0 0 1
    outer loop
      vertex 22.45 -26.35 1.9
      vertex 17.951 -35.191 1.9
      vertex 17.9724 -35.2666 1.9
    endloop
  endfacet
  facet normal 0 0 1
    outer loop
      vertex 22.45 -26.35 1.9
      vertex 17.9239 -35.1173 1.9
      vertex 17.951 -35.191 1.9
    endloop
  endfacet
  facet normal 0 0 1
    outer loop
      vertex 22.45 -26.35 1.9
      vertex 17.891 -35.046 1.9
      vertex 17.9239 -35.1173 1.9
    endloop
  endfacet
  facet normal 0 0 1
    outer loop
      vertex 22.45 -26.35 1.9
      vertex 17.8526 -34.9775 1.9
      vertex 17.891 -35.046 1.9
    endloop
  endfacet
  facet normal 0 0 1
    outer loop
      vertex 22.45 -26.35 1.9
      vertex 17.809 -34.9122 1.9
      vertex 17.8526 -34.9775 1.9
    endloop
  endfacet
  facet normal 0 0 1
    outer loop
      vertex 22.45 -26.35 1.9
      vertex 17.7604 -34.8506 1.9
      vertex 17.809 -34.9122 1.9
    endloop
  endfacet
  facet normal 0 0 1
    outer loop
      vertex 22.45 -26.35 1.9
      vertex 17.7071 -34.7929 1.9
      vertex 17.7604 -34.8506 1.9
    endloop
  endfacet
  facet normal 0 0 1
    outer loop
      vertex 22.45 -26.35 1.9
      vertex 17.6494 -34.7396 1.9
      vertex 17.7071 -34.7929 1.9
    endloop
  endfacet
  facet normal 0 0 1
    outer loop
      vertex 22.45 -26.35 1.9
      vertex 17.5878 -34.691 1.9
      vertex 17.6494 -34.7396 1.9
    endloop
  endfacet
  facet normal 0 0 1
    outer loop
      vertex 22.45 -26.35 1.9
      vertex 17.5225 -34.6474 1.9
      vertex 17.5878 -34.691 1.9
    endloop
  endfacet
  facet normal 0 0 1
    outer loop
      vertex 22.45 -26.35 1.9
      vertex 17.454 -34.609 1.9
      vertex 17.5225 -34.6474 1.9
    endloop
  endfacet
  facet normal 0 0 1
    outer loop
      vertex 22.45 -26.35 1.9
      vertex 17.3827 -34.5761 1.9
      vertex 17.454 -34.609 1.9
    endloop
  endfacet
  facet normal 0 0 1
    outer loop
      vertex 22.45 -26.35 1.9
      vertex 17.309 -34.549 1.9
      vertex 17.3827 -34.5761 1.9
    endloop
  endfacet
  facet normal 0 0 1
    outer loop
      vertex 22.45 -26.35 1.9
      vertex 17.2334 -34.5276 1.9
      vertex 17.309 -34.549 1.9
    endloop
  endfacet
  facet normal 0 0 1
    outer loop
      vertex 22.45 -26.35 1.9
      vertex 17.1564 -34.5123 1.9
      vertex 17.2334 -34.5276 1.9
    endloop
  endfacet
  facet normal 0 0 1
    outer loop
      vertex 20.45 -24.35 1.9
      vertex 17.0785 -34.5031 1.9
      vertex 17.1564 -34.5123 1.9
    endloop
  endfacet
  facet normal 0 0 1
    outer loop
      vertex 20.45 -24.35 1.9
      vertex 17 -34.5 1.9
      vertex 17.0785 -34.5031 1.9
    endloop
  endfacet
  facet normal 0 0 1
    outer loop
      vertex 20.45 -24.35 1.9
      vertex 15 -34.5 1.9
      vertex 17 -34.5 1.9
    endloop
  endfacet
  facet normal 0 0 1
    outer loop
      vertex 20.45 -24.35 1.9
      vertex 14.9215 -34.5031 1.9
      vertex 15 -34.5 1.9
    endloop
  endfacet
  facet normal 0 0 1
    outer loop
      vertex 20.45 -24.35 1.9
      vertex 14.8436 -34.5123 1.9
      vertex 14.9215 -34.5031 1.9
    endloop
  endfacet
  facet normal 0 0 1
    outer loop
      vertex 20.45 -24.35 1.9
      vertex 14.7666 -34.5276 1.9
      vertex 14.8436 -34.5123 1.9
    endloop
  endfacet
  facet normal 0 0 1
    outer loop
      vertex 20.45 -24.35 1.9
      vertex 14.691 -34.549 1.9
      vertex 14.7666 -34.5276 1.9
    endloop
  endfacet
  facet normal 0 0 1
    outer loop
      vertex 20.45 -24.35 1.9
      vertex 14.6173 -34.5761 1.9
      vertex 14.691 -34.549 1.9
    endloop
  endfacet
  facet normal 0 0 1
    outer loop
      vertex 20.45 -24.35 1.9
      vertex 14.546 -34.609 1.9
      vertex 14.6173 -34.5761 1.9
    endloop
  endfacet
  facet normal 0 0 1
    outer loop
      vertex 20.45 -24.35 1.9
      vertex 14.4775 -34.6474 1.9
      vertex 14.546 -34.609 1.9
    endloop
  endfacet
  facet normal 0 0 1
    outer loop
      vertex 20.45 -24.35 1.9
      vertex 14.4122 -34.691 1.9
      vertex 14.4775 -34.6474 1.9
    endloop
  endfacet
  facet normal 0 0 1
    outer loop
      vertex 20.45 -24.35 1.9
      vertex 14.3506 -34.7396 1.9
      vertex 14.4122 -34.691 1.9
    endloop
  endfacet
  facet normal 0 0 1
    outer loop
      vertex 20.45 -24.35 1.9
      vertex 14.2929 -34.7929 1.9
      vertex 14.3506 -34.7396 1.9
    endloop
  endfacet
  facet normal 0 0 1
    outer loop
      vertex -14.2929 -34.7929 1.9
      vertex 14.2929 -34.7929 1.9
      vertex 20.45 -24.35 1.9
    endloop
  endfacet
  facet normal 0 0 1
    outer loop
      vertex 14.2929 -34.7929 1.9
      vertex -14.2929 -34.7929 1.9
      vertex 14.2396 -34.8506 1.9
    endloop
  endfacet
  facet normal 0 -0 1
    outer loop
      vertex -14.2396 -34.8506 1.9
      vertex 14.2396 -34.8506 1.9
      vertex -14.2929 -34.7929 1.9
    endloop
  endfacet
  facet normal 0 0 1
    outer loop
      vertex -14 -40.5 1.9
      vertex 14 -40.5 1.9
      vertex 14 -35.5 1.9
    endloop
  endfacet
  facet normal 0 0 1
    outer loop
      vertex -14 -40.5 1.9
      vertex 14 -35.5 1.9
      vertex -14 -35.5 1.9
    endloop
  endfacet
  facet normal 0 0 1
    outer loop
      vertex 14.0031 -35.4215 1.9
      vertex -14 -35.5 1.9
      vertex 14 -35.5 1.9
    endloop
  endfacet
  facet normal 0 0 1
    outer loop
      vertex -14.0031 -35.4215 1.9
      vertex 14.0031 -35.4215 1.9
      vertex 14.0123 -35.3436 1.9
    endloop
  endfacet
  facet normal 0 0 1
    outer loop
      vertex -14.0123 -35.3436 1.9
      vertex 14.0123 -35.3436 1.9
      vertex 14.0276 -35.2666 1.9
    endloop
  endfacet
  facet normal 0 0 1
    outer loop
      vertex -14.0276 -35.2666 1.9
      vertex 14.0276 -35.2666 1.9
      vertex 14.049 -35.191 1.9
    endloop
  endfacet
  facet normal 0 0 1
    outer loop
      vertex -14.049 -35.191 1.9
      vertex 14.049 -35.191 1.9
      vertex 14.0761 -35.1173 1.9
    endloop
  endfacet
  facet normal 0 0 1
    outer loop
      vertex -14.0761 -35.1173 1.9
      vertex 14.0761 -35.1173 1.9
      vertex 14.109 -35.046 1.9
    endloop
  endfacet
  facet normal 0 0 1
    outer loop
      vertex -14.109 -35.046 1.9
      vertex 14.109 -35.046 1.9
      vertex 14.1474 -34.9775 1.9
    endloop
  endfacet
  facet normal 0 0 1
    outer loop
      vertex 14.2396 -34.8506 1.9
      vertex -14.2396 -34.8506 1.9
      vertex 14.191 -34.9122 1.9
    endloop
  endfacet
  facet normal 0 0 1
    outer loop
      vertex 14.0031 -35.4215 1.9
      vertex -14.0031 -35.4215 1.9
      vertex -14 -35.5 1.9
    endloop
  endfacet
  facet normal 0 0 1
    outer loop
      vertex 14.0123 -35.3436 1.9
      vertex -14.0123 -35.3436 1.9
      vertex -14.0031 -35.4215 1.9
    endloop
  endfacet
  facet normal 0 0 1
    outer loop
      vertex 14.0276 -35.2666 1.9
      vertex -14.0276 -35.2666 1.9
      vertex -14.0123 -35.3436 1.9
    endloop
  endfacet
  facet normal 0 0 1
    outer loop
      vertex 14.049 -35.191 1.9
      vertex -14.049 -35.191 1.9
      vertex -14.0276 -35.2666 1.9
    endloop
  endfacet
  facet normal 0 0 1
    outer loop
      vertex 14.0761 -35.1173 1.9
      vertex -14.0761 -35.1173 1.9
      vertex -14.049 -35.191 1.9
    endloop
  endfacet
  facet normal 0 0 1
    outer loop
      vertex 14.109 -35.046 1.9
      vertex -14.109 -35.046 1.9
      vertex -14.0761 -35.1173 1.9
    endloop
  endfacet
  facet normal 0 0 1
    outer loop
      vertex 14.1474 -34.9775 1.9
      vertex -14.1474 -34.9775 1.9
      vertex -14.109 -35.046 1.9
    endloop
  endfacet
  facet normal 0 0 1
    outer loop
      vertex 14.1474 -34.9775 1.9
      vertex -14.191 -34.9122 1.9
      vertex -14.1474 -34.9775 1.9
    endloop
  endfacet
  facet normal 0 0 1
    outer loop
      vertex 14.191 -34.9122 1.9
      vertex -14.191 -34.9122 1.9
      vertex 14.1474 -34.9775 1.9
    endloop
  endfacet
  facet normal 0 -0 1
    outer loop
      vertex -14.191 -34.9122 1.9
      vertex 14.191 -34.9122 1.9
      vertex -14.2396 -34.8506 1.9
    endloop
  endfacet
  facet normal 0 0 1
    outer loop
      vertex 20.45 -24.35 1.9
      vertex -14.3506 -34.7396 1.9
      vertex -14.2929 -34.7929 1.9
    endloop
  endfacet
  facet normal -0 0 1
    outer loop
      vertex -20.45 -24.35 1.9
      vertex -14.3506 -34.7396 1.9
      vertex 20.45 -24.35 1.9
    endloop
  endfacet
  facet normal 0 0 1
    outer loop
      vertex -14.3506 -34.7396 1.9
      vertex -20.45 -24.35 1.9
      vertex -14.4122 -34.691 1.9
    endloop
  endfacet
  facet normal 0 0 1
    outer loop
      vertex -14.4122 -34.691 1.9
      vertex -20.45 -24.35 1.9
      vertex -14.4775 -34.6474 1.9
    endloop
  endfacet
  facet normal 0 0 1
    outer loop
      vertex -14.4775 -34.6474 1.9
      vertex -20.45 -24.35 1.9
      vertex -14.546 -34.609 1.9
    endloop
  endfacet
  facet normal 0 0 1
    outer loop
      vertex -14.546 -34.609 1.9
      vertex -20.45 -24.35 1.9
      vertex -14.6173 -34.5761 1.9
    endloop
  endfacet
  facet normal 0 0 1
    outer loop
      vertex -14.6173 -34.5761 1.9
      vertex -20.45 -24.35 1.9
      vertex -14.691 -34.549 1.9
    endloop
  endfacet
  facet normal 0 0 1
    outer loop
      vertex -14.691 -34.549 1.9
      vertex -20.45 -24.35 1.9
      vertex -14.7666 -34.5276 1.9
    endloop
  endfacet
  facet normal 0 0 1
    outer loop
      vertex -14.7666 -34.5276 1.9
      vertex -20.45 -24.35 1.9
      vertex -14.8436 -34.5123 1.9
    endloop
  endfacet
  facet normal 0 0 1
    outer loop
      vertex -14.8436 -34.5123 1.9
      vertex -20.45 -24.35 1.9
      vertex -14.9215 -34.5031 1.9
    endloop
  endfacet
  facet normal 0 0 1
    outer loop
      vertex -14.9215 -34.5031 1.9
      vertex -20.45 -24.35 1.9
      vertex -15 -34.5 1.9
    endloop
  endfacet
  facet normal 0 0 1
    outer loop
      vertex -15 -34.5 1.9
      vertex -20.45 -24.35 1.9
      vertex -17 -34.5 1.9
    endloop
  endfacet
  facet normal 0 0 1
    outer loop
      vertex -17 -34.5 1.9
      vertex -20.45 -24.35 1.9
      vertex -17.0785 -34.5031 1.9
    endloop
  endfacet
  facet normal 0 0 1
    outer loop
      vertex -17.0785 -34.5031 1.9
      vertex -20.45 -24.35 1.9
      vertex -17.1564 -34.5123 1.9
    endloop
  endfacet
  facet normal 0 0 1
    outer loop
      vertex -17.9969 -35.4215 1.9
      vertex -22.45 -26.35 1.9
      vertex -18 -35.5 1.9
    endloop
  endfacet
  facet normal 0 0 1
    outer loop
      vertex -17.9877 -35.3436 1.9
      vertex -22.45 -26.35 1.9
      vertex -17.9969 -35.4215 1.9
    endloop
  endfacet
  facet normal 0 0 1
    outer loop
      vertex -17.9724 -35.2666 1.9
      vertex -22.45 -26.35 1.9
      vertex -17.9877 -35.3436 1.9
    endloop
  endfacet
  facet normal 0 0 1
    outer loop
      vertex -17.951 -35.191 1.9
      vertex -22.45 -26.35 1.9
      vertex -17.9724 -35.2666 1.9
    endloop
  endfacet
  facet normal 0 0 1
    outer loop
      vertex -17.9239 -35.1173 1.9
      vertex -22.45 -26.35 1.9
      vertex -17.951 -35.191 1.9
    endloop
  endfacet
  facet normal 0 0 1
    outer loop
      vertex -17.891 -35.046 1.9
      vertex -22.45 -26.35 1.9
      vertex -17.9239 -35.1173 1.9
    endloop
  endfacet
  facet normal 0 0 1
    outer loop
      vertex -17.8526 -34.9775 1.9
      vertex -22.45 -26.35 1.9
      vertex -17.891 -35.046 1.9
    endloop
  endfacet
  facet normal 0 0 1
    outer loop
      vertex -17.809 -34.9122 1.9
      vertex -22.45 -26.35 1.9
      vertex -17.8526 -34.9775 1.9
    endloop
  endfacet
  facet normal 0 0 1
    outer loop
      vertex -17.7604 -34.8506 1.9
      vertex -22.45 -26.35 1.9
      vertex -17.809 -34.9122 1.9
    endloop
  endfacet
  facet normal 0 0 1
    outer loop
      vertex -17.7071 -34.7929 1.9
      vertex -22.45 -26.35 1.9
      vertex -17.7604 -34.8506 1.9
    endloop
  endfacet
  facet normal 0 0 1
    outer loop
      vertex -17.6494 -34.7396 1.9
      vertex -22.45 -26.35 1.9
      vertex -17.7071 -34.7929 1.9
    endloop
  endfacet
  facet normal 0 0 1
    outer loop
      vertex -17.5878 -34.691 1.9
      vertex -22.45 -26.35 1.9
      vertex -17.6494 -34.7396 1.9
    endloop
  endfacet
  facet normal 0 0 1
    outer loop
      vertex -17.5225 -34.6474 1.9
      vertex -22.45 -26.35 1.9
      vertex -17.5878 -34.691 1.9
    endloop
  endfacet
  facet normal 0 0 1
    outer loop
      vertex -17.454 -34.609 1.9
      vertex -22.45 -26.35 1.9
      vertex -17.5225 -34.6474 1.9
    endloop
  endfacet
  facet normal 0 0 1
    outer loop
      vertex -17.3827 -34.5761 1.9
      vertex -22.45 -26.35 1.9
      vertex -17.454 -34.609 1.9
    endloop
  endfacet
  facet normal 0 0 1
    outer loop
      vertex -17.309 -34.549 1.9
      vertex -22.45 -26.35 1.9
      vertex -17.3827 -34.5761 1.9
    endloop
  endfacet
  facet normal 0 0 1
    outer loop
      vertex -17.2334 -34.5276 1.9
      vertex -22.45 -26.35 1.9
      vertex -17.309 -34.549 1.9
    endloop
  endfacet
  facet normal 0 0 1
    outer loop
      vertex -17.1564 -34.5123 1.9
      vertex -22.45 -26.35 1.9
      vertex -17.2334 -34.5276 1.9
    endloop
  endfacet
  facet normal -0 0 1
    outer loop
      vertex -22.45 -26.35 1.9
      vertex -17.1564 -34.5123 1.9
      vertex -20.45 -24.35 1.9
    endloop
  endfacet
  facet normal 0 0 1
    outer loop
      vertex 22.068 -50.8256 1.9
      vertex 20.45 -51.65 1.9
      vertex 21.9708 -50.9489 1.9
    endloop
  endfacet
  facet normal 0 0 1
    outer loop
      vertex 21.9708 -50.9489 1.9
      vertex 20.45 -51.65 1.9
      vertex 21.8642 -51.0642 1.9
    endloop
  endfacet
  facet normal 0 0 1
    outer loop
      vertex 21.8642 -51.0642 1.9
      vertex 20.45 -51.65 1.9
      vertex 21.7489 -51.1708 1.9
    endloop
  endfacet
  facet normal 0 0 1
    outer loop
      vertex 21.7489 -51.1708 1.9
      vertex 20.45 -51.65 1.9
      vertex 21.6256 -51.268 1.9
    endloop
  endfacet
  facet normal 0 0 1
    outer loop
      vertex 21.495 -51.3553 1.9
      vertex 20.45 -51.65 1.9
      vertex 21.358 -51.432 1.9
    endloop
  endfacet
  facet normal 0 0 1
    outer loop
      vertex 21.358 -51.432 1.9
      vertex 20.45 -51.65 1.9
      vertex 21.2154 -51.4978 1.9
    endloop
  endfacet
  facet normal 0 0 1
    outer loop
      vertex 21.2154 -51.4978 1.9
      vertex 20.45 -51.65 1.9
      vertex 21.068 -51.5521 1.9
    endloop
  endfacet
  facet normal 0 0 1
    outer loop
      vertex 21.068 -51.5521 1.9
      vertex 20.45 -51.65 1.9
      vertex 20.9169 -51.5947 1.9
    endloop
  endfacet
  facet normal 0 0 1
    outer loop
      vertex 20.9169 -51.5947 1.9
      vertex 20.45 -51.65 1.9
      vertex 20.7629 -51.6254 1.9
    endloop
  endfacet
  facet normal 0 0 1
    outer loop
      vertex 21.6256 -51.268 1.9
      vertex 20.45 -51.65 1.9
      vertex 21.495 -51.3553 1.9
    endloop
  endfacet
  facet normal 0 0 1
    outer loop
      vertex 22.2978 -50.4154 1.9
      vertex 20.45 -51.65 1.9
      vertex 22.232 -50.558 1.9
    endloop
  endfacet
  facet normal 0 -0 1
    outer loop
      vertex 20.45 -51.65 1.9
      vertex 22.45 -49.65 1.9
      vertex 17 -48 1.9
    endloop
  endfacet
  facet normal 0 0 1
    outer loop
      vertex 16.9908 -47.7646 1.9
      vertex 17.6494 -41.2604 1.9
      vertex 17.5878 -41.309 1.9
    endloop
  endfacet
  facet normal 0 0 1
    outer loop
      vertex 16.9908 -47.7646 1.9
      vertex 17.5878 -41.309 1.9
      vertex 17.5225 -41.3526 1.9
    endloop
  endfacet
  facet normal 0 0 1
    outer loop
      vertex 16.9908 -47.7646 1.9
      vertex 17.5225 -41.3526 1.9
      vertex 17.454 -41.391 1.9
    endloop
  endfacet
  facet normal 0 0 1
    outer loop
      vertex 16.9908 -47.7646 1.9
      vertex 17.454 -41.391 1.9
      vertex 17.3827 -41.4239 1.9
    endloop
  endfacet
  facet normal 0 0 1
    outer loop
      vertex 16.9908 -47.7646 1.9
      vertex 17.3827 -41.4239 1.9
      vertex 17.309 -41.451 1.9
    endloop
  endfacet
  facet normal 0 0 1
    outer loop
      vertex 16.9908 -47.7646 1.9
      vertex 17.309 -41.451 1.9
      vertex 17.2334 -41.4724 1.9
    endloop
  endfacet
  facet normal 0 0 1
    outer loop
      vertex 16.9908 -47.7646 1.9
      vertex 17.2334 -41.4724 1.9
      vertex 17.1564 -41.4877 1.9
    endloop
  endfacet
  facet normal 0 0 1
    outer loop
      vertex 16.9908 -47.7646 1.9
      vertex 17.1564 -41.4877 1.9
      vertex 17.0785 -41.4969 1.9
    endloop
  endfacet
  facet normal 0 0 1
    outer loop
      vertex 15.7634 -45.573 1.9
      vertex 17.0785 -41.4969 1.9
      vertex 17 -41.5 1.9
    endloop
  endfacet
  facet normal 0 0 1
    outer loop
      vertex 20.7629 -51.6254 1.9
      vertex 20.45 -51.65 1.9
      vertex 20.6069 -51.6438 1.9
    endloop
  endfacet
  facet normal 0 0 1
    outer loop
      vertex 20.45 -51.65 1.9
      vertex 17 -48 1.9
      vertex 17 -51.65 1.9
    endloop
  endfacet
  facet normal 0 0 1
    outer loop
      vertex -14.0031 -40.5785 1.9
      vertex 14 -40.5 1.9
      vertex -14 -40.5 1.9
    endloop
  endfacet
  facet normal 0 0 1
    outer loop
      vertex 14.0031 -40.5785 1.9
      vertex -14.0031 -40.5785 1.9
      vertex -14.0123 -40.6564 1.9
    endloop
  endfacet
  facet normal 0 0 1
    outer loop
      vertex 14.0123 -40.6564 1.9
      vertex -14.0123 -40.6564 1.9
      vertex 14 -45 1.9
    endloop
  endfacet
  facet normal 0 0 1
    outer loop
      vertex 14 -45 1.9
      vertex -14.0123 -40.6564 1.9
      vertex -14 -45 1.9
    endloop
  endfacet
  facet normal -0 0 1
    outer loop
      vertex -14.0276 -40.7334 1.9
      vertex -14 -45 1.9
      vertex -14.0123 -40.6564 1.9
    endloop
  endfacet
  facet normal -0 0 1
    outer loop
      vertex -14.049 -40.809 1.9
      vertex -14 -45 1.9
      vertex -14.0276 -40.7334 1.9
    endloop
  endfacet
  facet normal -0 0 1
    outer loop
      vertex -14.0761 -40.8827 1.9
      vertex -14 -45 1.9
      vertex -14.049 -40.809 1.9
    endloop
  endfacet
  facet normal -0 0 1
    outer loop
      vertex -14.109 -40.954 1.9
      vertex -14 -45 1.9
      vertex -14.0761 -40.8827 1.9
    endloop
  endfacet
  facet normal -0 0 1
    outer loop
      vertex -14.1474 -41.0225 1.9
      vertex -14 -45 1.9
      vertex -14.109 -40.954 1.9
    endloop
  endfacet
  facet normal -0 0 1
    outer loop
      vertex -14.191 -41.0878 1.9
      vertex -14 -45 1.9
      vertex -14.1474 -41.0225 1.9
    endloop
  endfacet
  facet normal -0 0 1
    outer loop
      vertex -14.2396 -41.1494 1.9
      vertex -14 -45 1.9
      vertex -14.191 -41.0878 1.9
    endloop
  endfacet
  facet normal -0 0 1
    outer loop
      vertex -14.2929 -41.2071 1.9
      vertex -14 -45 1.9
      vertex -14.2396 -41.1494 1.9
    endloop
  endfacet
  facet normal -0 0 1
    outer loop
      vertex -14.3506 -41.2604 1.9
      vertex -14 -45 1.9
      vertex -14.2929 -41.2071 1.9
    endloop
  endfacet
  facet normal -0 0 1
    outer loop
      vertex -14.4122 -41.309 1.9
      vertex -14 -45 1.9
      vertex -14.3506 -41.2604 1.9
    endloop
  endfacet
  facet normal -0 0 1
    outer loop
      vertex -14.4775 -41.3526 1.9
      vertex -14 -45 1.9
      vertex -14.4122 -41.309 1.9
    endloop
  endfacet
  facet normal -0 0 1
    outer loop
      vertex -14.546 -41.391 1.9
      vertex -14 -45 1.9
      vertex -14.4775 -41.3526 1.9
    endloop
  endfacet
  facet normal -0 0 1
    outer loop
      vertex -14.6173 -41.4239 1.9
      vertex -14 -45 1.9
      vertex -14.546 -41.391 1.9
    endloop
  endfacet
  facet normal -0 0 1
    outer loop
      vertex -14.691 -41.451 1.9
      vertex -14 -45 1.9
      vertex -14.6173 -41.4239 1.9
    endloop
  endfacet
  facet normal 0 0 1
    outer loop
      vertex -14 -45 1.9
      vertex -14.691 -41.451 1.9
      vertex -14.2354 -45.0092 1.9
    endloop
  endfacet
  facet normal -0 0 1
    outer loop
      vertex -14.7666 -41.4724 1.9
      vertex -14.2354 -45.0092 1.9
      vertex -14.691 -41.451 1.9
    endloop
  endfacet
  facet normal -0 0 1
    outer loop
      vertex -14.8436 -41.4877 1.9
      vertex -14.2354 -45.0092 1.9
      vertex -14.7666 -41.4724 1.9
    endloop
  endfacet
  facet normal 0 0 1
    outer loop
      vertex -14.2354 -45.0092 1.9
      vertex -14.8436 -41.4877 1.9
      vertex -14.4693 -45.0369 1.9
    endloop
  endfacet
  facet normal -0 0 1
    outer loop
      vertex -14.9215 -41.4969 1.9
      vertex -14.4693 -45.0369 1.9
      vertex -14.8436 -41.4877 1.9
    endloop
  endfacet
  facet normal -0 0 1
    outer loop
      vertex -15 -41.5 1.9
      vertex -14.4693 -45.0369 1.9
      vertex -14.9215 -41.4969 1.9
    endloop
  endfacet
  facet normal 0 0 1
    outer loop
      vertex -14.4693 -45.0369 1.9
      vertex -15 -41.5 1.9
      vertex -14.7003 -45.0829 1.9
    endloop
  endfacet
  facet normal 0 0 1
    outer loop
      vertex -14.7003 -45.0829 1.9
      vertex -15 -41.5 1.9
      vertex -14.927 -45.1468 1.9
    endloop
  endfacet
  facet normal 0 0 1
    outer loop
      vertex -15 -41.5 1.9
      vertex -15.1481 -45.2284 1.9
      vertex -14.927 -45.1468 1.9
    endloop
  endfacet
  facet normal -0 0 1
    outer loop
      vertex -17 -41.5 1.9
      vertex -15.1481 -45.2284 1.9
      vertex -15 -41.5 1.9
    endloop
  endfacet
  facet normal 0 0 1
    outer loop
      vertex -15.1481 -45.2284 1.9
      vertex -17 -41.5 1.9
      vertex -15.362 -45.327 1.9
    endloop
  endfacet
  facet normal 0 0 1
    outer loop
      vertex -15.362 -45.327 1.9
      vertex -17 -41.5 1.9
      vertex -15.5675 -45.4421 1.9
    endloop
  endfacet
  facet normal 0 0 1
    outer loop
      vertex -15.5675 -45.4421 1.9
      vertex -17 -41.5 1.9
      vertex -15.7634 -45.573 1.9
    endloop
  endfacet
  facet normal 0 0 1
    outer loop
      vertex -17.0785 -41.4969 1.9
      vertex -15.7634 -45.573 1.9
      vertex -17 -41.5 1.9
    endloop
  endfacet
  facet normal 0 0 1
    outer loop
      vertex -15.7634 -45.573 1.9
      vertex -17.0785 -41.4969 1.9
      vertex -15.9483 -45.7188 1.9
    endloop
  endfacet
  facet normal 0 0 1
    outer loop
      vertex -17.1564 -41.4877 1.9
      vertex -15.9483 -45.7188 1.9
      vertex -17.0785 -41.4969 1.9
    endloop
  endfacet
  facet normal 0 0 1
    outer loop
      vertex -17.2334 -41.4724 1.9
      vertex -15.9483 -45.7188 1.9
      vertex -17.1564 -41.4877 1.9
    endloop
  endfacet
  facet normal 0 0 1
    outer loop
      vertex -15.9483 -45.7188 1.9
      vertex -17.2334 -41.4724 1.9
      vertex -16.1213 -45.8787 1.9
    endloop
  endfacet
  facet normal 0 0 1
    outer loop
      vertex -17.309 -41.451 1.9
      vertex -16.1213 -45.8787 1.9
      vertex -17.2334 -41.4724 1.9
    endloop
  endfacet
  facet normal 0 0 1
    outer loop
      vertex -16.1213 -45.8787 1.9
      vertex -17.309 -41.451 1.9
      vertex -16.2812 -46.0517 1.9
    endloop
  endfacet
  facet normal 0 0 1
    outer loop
      vertex -17.3827 -41.4239 1.9
      vertex -16.2812 -46.0517 1.9
      vertex -17.309 -41.451 1.9
    endloop
  endfacet
  facet normal 0 0 1
    outer loop
      vertex -17.454 -41.391 1.9
      vertex -16.2812 -46.0517 1.9
      vertex -17.3827 -41.4239 1.9
    endloop
  endfacet
  facet normal 0 0 1
    outer loop
      vertex -16.2812 -46.0517 1.9
      vertex -17.454 -41.391 1.9
      vertex -16.427 -46.2366 1.9
    endloop
  endfacet
  facet normal 0 0 1
    outer loop
      vertex -17.5225 -41.3526 1.9
      vertex -16.427 -46.2366 1.9
      vertex -17.454 -41.391 1.9
    endloop
  endfacet
  facet normal 0 0 1
    outer loop
      vertex -16.427 -46.2366 1.9
      vertex -17.5225 -41.3526 1.9
      vertex -16.5579 -46.4325 1.9
    endloop
  endfacet
  facet normal 0 0 1
    outer loop
      vertex -17.5878 -41.309 1.9
      vertex -16.5579 -46.4325 1.9
      vertex -17.5225 -41.3526 1.9
    endloop
  endfacet
  facet normal 0 0 1
    outer loop
      vertex -17.6494 -41.2604 1.9
      vertex -16.5579 -46.4325 1.9
      vertex -17.5878 -41.309 1.9
    endloop
  endfacet
  facet normal 0 0 1
    outer loop
      vertex -16.5579 -46.4325 1.9
      vertex -17.6494 -41.2604 1.9
      vertex -16.673 -46.638 1.9
    endloop
  endfacet
  facet normal 0 0 1
    outer loop
      vertex -17.7071 -41.2071 1.9
      vertex -16.673 -46.638 1.9
      vertex -17.6494 -41.2604 1.9
    endloop
  endfacet
  facet normal 0 0 1
    outer loop
      vertex -16.673 -46.638 1.9
      vertex -17.7071 -41.2071 1.9
      vertex -16.7716 -46.8519 1.9
    endloop
  endfacet
  facet normal 0 0 1
    outer loop
      vertex -22.45 -49.65 1.9
      vertex -16.7716 -46.8519 1.9
      vertex -17.7071 -41.2071 1.9
    endloop
  endfacet
  facet normal 0 0 1
    outer loop
      vertex -16.7716 -46.8519 1.9
      vertex -22.45 -49.65 1.9
      vertex -16.8532 -47.073 1.9
    endloop
  endfacet
  facet normal 0 0 1
    outer loop
      vertex -16.8532 -47.073 1.9
      vertex -22.45 -49.65 1.9
      vertex -16.9171 -47.2997 1.9
    endloop
  endfacet
  facet normal 0 0 1
    outer loop
      vertex -16.9631 -47.5307 1.9
      vertex -22.45 -49.65 1.9
      vertex -16.9908 -47.7646 1.9
    endloop
  endfacet
  facet normal 0 0 1
    outer loop
      vertex -16.9908 -47.7646 1.9
      vertex -22.45 -49.65 1.9
      vertex -17 -48 1.9
    endloop
  endfacet
  facet normal 0 0 1
    outer loop
      vertex -16.9171 -47.2997 1.9
      vertex -22.45 -49.65 1.9
      vertex -16.9631 -47.5307 1.9
    endloop
  endfacet
  facet normal 0 0 1
    outer loop
      vertex -22.45 -49.65 1.9
      vertex -17.7071 -41.2071 1.9
      vertex -17.7604 -41.1494 1.9
    endloop
  endfacet
  facet normal 0 0 1
    outer loop
      vertex -22.45 -49.65 1.9
      vertex -17.7604 -41.1494 1.9
      vertex -17.809 -41.0878 1.9
    endloop
  endfacet
  facet normal 0 0 1
    outer loop
      vertex -22.45 -49.65 1.9
      vertex -17.809 -41.0878 1.9
      vertex -17.8526 -41.0225 1.9
    endloop
  endfacet
  facet normal 0 0 1
    outer loop
      vertex -22.45 -49.65 1.9
      vertex -17.8526 -41.0225 1.9
      vertex -17.891 -40.954 1.9
    endloop
  endfacet
  facet normal 0 0 1
    outer loop
      vertex -22.45 -49.65 1.9
      vertex -17.891 -40.954 1.9
      vertex -17.9239 -40.8827 1.9
    endloop
  endfacet
  facet normal 0 0 1
    outer loop
      vertex -22.45 -49.65 1.9
      vertex -17.9239 -40.8827 1.9
      vertex -17.951 -40.809 1.9
    endloop
  endfacet
  facet normal 0 0 1
    outer loop
      vertex -22.45 -49.65 1.9
      vertex -17.951 -40.809 1.9
      vertex -17.9724 -40.7334 1.9
    endloop
  endfacet
  facet normal 0 0 1
    outer loop
      vertex -22.45 -49.65 1.9
      vertex -17.9724 -40.7334 1.9
      vertex -17.9877 -40.6564 1.9
    endloop
  endfacet
  facet normal 0 0 1
    outer loop
      vertex -22.45 -49.65 1.9
      vertex -17.9877 -40.6564 1.9
      vertex -17.9969 -40.5785 1.9
    endloop
  endfacet
  facet normal 0 0 1
    outer loop
      vertex -18 -35.5 1.9
      vertex -22.45 -26.35 1.9
      vertex -18 -40.5 1.9
    endloop
  endfacet
  facet normal 0 0 1
    outer loop
      vertex -22.45 -49.65 1.9
      vertex -18 -40.5 1.9
      vertex -22.45 -26.35 1.9
    endloop
  endfacet
  facet normal 0 0 1
    outer loop
      vertex -18 -40.5 1.9
      vertex -22.45 -49.65 1.9
      vertex -17.9969 -40.5785 1.9
    endloop
  endfacet
  facet normal 0 0 1
    outer loop
      vertex -22.45 -26.35 1.9
      vertex -20.45 -24.35 1.9
      vertex -20.6069 -24.3562 1.9
    endloop
  endfacet
  facet normal 0 -0 1
    outer loop
      vertex -20.45 -51.65 1.9
      vertex -17 -48 1.9
      vertex -22.45 -49.65 1.9
    endloop
  endfacet
  facet normal 0 0 1
    outer loop
      vertex -22.45 -26.35 1.9
      vertex -20.6069 -24.3562 1.9
      vertex -20.7629 -24.3746 1.9
    endloop
  endfacet
  facet normal 0 0 1
    outer loop
      vertex -17 -48 1.9
      vertex -20.45 -51.65 1.9
      vertex -17 -51.65 1.9
    endloop
  endfacet
  facet normal 0 0 1
    outer loop
      vertex -22.45 -26.35 1.9
      vertex -20.7629 -24.3746 1.9
      vertex -20.9169 -24.4053 1.9
    endloop
  endfacet
  facet normal 0 0 1
    outer loop
      vertex -20.45 -51.65 1.9
      vertex -22.45 -49.65 1.9
      vertex -20.6069 -51.6438 1.9
    endloop
  endfacet
  facet normal 0 0 1
    outer loop
      vertex -22.45 -26.35 1.9
      vertex -20.9169 -24.4053 1.9
      vertex -21.068 -24.4479 1.9
    endloop
  endfacet
  facet normal 0 0 1
    outer loop
      vertex -20.6069 -51.6438 1.9
      vertex -22.45 -49.65 1.9
      vertex -20.7629 -51.6254 1.9
    endloop
  endfacet
  facet normal 0 0 1
    outer loop
      vertex -22.45 -26.35 1.9
      vertex -21.068 -24.4479 1.9
      vertex -21.2154 -24.5022 1.9
    endloop
  endfacet
  facet normal 0 0 1
    outer loop
      vertex -20.7629 -51.6254 1.9
      vertex -22.45 -49.65 1.9
      vertex -20.9169 -51.5947 1.9
    endloop
  endfacet
  facet normal 0 0 1
    outer loop
      vertex -22.45 -26.35 1.9
      vertex -21.2154 -24.5022 1.9
      vertex -21.358 -24.568 1.9
    endloop
  endfacet
  facet normal 0 0 1
    outer loop
      vertex -20.9169 -51.5947 1.9
      vertex -22.45 -49.65 1.9
      vertex -21.068 -51.5521 1.9
    endloop
  endfacet
  facet normal 0 0 1
    outer loop
      vertex -22.45 -26.35 1.9
      vertex -21.358 -24.568 1.9
      vertex -21.495 -24.6447 1.9
    endloop
  endfacet
  facet normal 0 0 1
    outer loop
      vertex -21.068 -51.5521 1.9
      vertex -22.45 -49.65 1.9
      vertex -21.2154 -51.4978 1.9
    endloop
  endfacet
  facet normal 0 0 1
    outer loop
      vertex -22.45 -26.35 1.9
      vertex -21.495 -24.6447 1.9
      vertex -21.6256 -24.732 1.9
    endloop
  endfacet
  facet normal 0 0 1
    outer loop
      vertex -21.2154 -51.4978 1.9
      vertex -22.45 -49.65 1.9
      vertex -21.358 -51.432 1.9
    endloop
  endfacet
  facet normal 0 0 1
    outer loop
      vertex -22.45 -26.35 1.9
      vertex -21.6256 -24.732 1.9
      vertex -21.7489 -24.8292 1.9
    endloop
  endfacet
  facet normal 0 0 1
    outer loop
      vertex -21.358 -51.432 1.9
      vertex -22.45 -49.65 1.9
      vertex -21.495 -51.3553 1.9
    endloop
  endfacet
  facet normal 0 0 1
    outer loop
      vertex -22.45 -26.35 1.9
      vertex -21.7489 -24.8292 1.9
      vertex -21.8642 -24.9358 1.9
    endloop
  endfacet
  facet normal 0 0 1
    outer loop
      vertex -21.495 -51.3553 1.9
      vertex -22.45 -49.65 1.9
      vertex -21.6256 -51.268 1.9
    endloop
  endfacet
  facet normal 0 0 1
    outer loop
      vertex -22.45 -26.35 1.9
      vertex -21.8642 -24.9358 1.9
      vertex -21.9708 -25.0511 1.9
    endloop
  endfacet
  facet normal 0 0 1
    outer loop
      vertex -21.6256 -51.268 1.9
      vertex -22.45 -49.65 1.9
      vertex -21.7489 -51.1708 1.9
    endloop
  endfacet
  facet normal 0 0 1
    outer loop
      vertex -22.45 -26.35 1.9
      vertex -21.9708 -25.0511 1.9
      vertex -22.068 -25.1744 1.9
    endloop
  endfacet
  facet normal 0 0 1
    outer loop
      vertex -21.7489 -51.1708 1.9
      vertex -22.45 -49.65 1.9
      vertex -21.8642 -51.0642 1.9
    endloop
  endfacet
  facet normal 0 0 1
    outer loop
      vertex -22.45 -26.35 1.9
      vertex -22.068 -25.1744 1.9
      vertex -22.1553 -25.305 1.9
    endloop
  endfacet
  facet normal 0 0 1
    outer loop
      vertex -21.8642 -51.0642 1.9
      vertex -22.45 -49.65 1.9
      vertex -21.9708 -50.9489 1.9
    endloop
  endfacet
  facet normal 0 0 1
    outer loop
      vertex -22.45 -26.35 1.9
      vertex -22.1553 -25.305 1.9
      vertex -22.232 -25.442 1.9
    endloop
  endfacet
  facet normal 0 0 1
    outer loop
      vertex -21.9708 -50.9489 1.9
      vertex -22.45 -49.65 1.9
      vertex -22.068 -50.8256 1.9
    endloop
  endfacet
  facet normal 0 0 1
    outer loop
      vertex -22.45 -26.35 1.9
      vertex -22.232 -25.442 1.9
      vertex -22.2978 -25.5846 1.9
    endloop
  endfacet
  facet normal 0 0 1
    outer loop
      vertex -22.068 -50.8256 1.9
      vertex -22.45 -49.65 1.9
      vertex -22.1553 -50.695 1.9
    endloop
  endfacet
  facet normal 0 0 1
    outer loop
      vertex -22.45 -26.35 1.9
      vertex -22.2978 -25.5846 1.9
      vertex -22.3521 -25.732 1.9
    endloop
  endfacet
  facet normal 0 0 1
    outer loop
      vertex -22.1553 -50.695 1.9
      vertex -22.45 -49.65 1.9
      vertex -22.232 -50.558 1.9
    endloop
  endfacet
  facet normal 0 0 1
    outer loop
      vertex -22.45 -26.35 1.9
      vertex -22.3521 -25.732 1.9
      vertex -22.3947 -25.8831 1.9
    endloop
  endfacet
  facet normal 0 0 1
    outer loop
      vertex -22.232 -50.558 1.9
      vertex -22.45 -49.65 1.9
      vertex -22.2978 -50.4154 1.9
    endloop
  endfacet
  facet normal 0 0 1
    outer loop
      vertex -22.45 -26.35 1.9
      vertex -22.3947 -25.8831 1.9
      vertex -22.4254 -26.0371 1.9
    endloop
  endfacet
  facet normal 0 0 1
    outer loop
      vertex -22.2978 -50.4154 1.9
      vertex -22.45 -49.65 1.9
      vertex -22.3521 -50.268 1.9
    endloop
  endfacet
  facet normal 0 0 1
    outer loop
      vertex -22.45 -26.35 1.9
      vertex -22.4254 -26.0371 1.9
      vertex -22.4438 -26.1931 1.9
    endloop
  endfacet
  facet normal 0 0 1
    outer loop
      vertex -22.3521 -50.268 1.9
      vertex -22.45 -49.65 1.9
      vertex -22.3947 -50.1169 1.9
    endloop
  endfacet
  facet normal 0 0 1
    outer loop
      vertex -22.3947 -50.1169 1.9
      vertex -22.45 -49.65 1.9
      vertex -22.4254 -49.9629 1.9
    endloop
  endfacet
  facet normal 0 0 1
    outer loop
      vertex -22.4254 -49.9629 1.9
      vertex -22.45 -49.65 1.9
      vertex -22.4438 -49.8069 1.9
    endloop
  endfacet
  facet normal 0.99922 0.0394848 0
    outer loop
      vertex -22.4438 -49.8069 3
      vertex -22.45 -49.65 1.9
      vertex -22.45 -49.65 3
    endloop
  endfacet
  facet normal 0.99922 0.0394848 0
    outer loop
      vertex -22.45 -49.65 1.9
      vertex -22.4438 -49.8069 3
      vertex -22.4438 -49.8069 1.9
    endloop
  endfacet
  facet normal -0.619087 -0.785323 0
    outer loop
      vertex 21.6256 -24.732 1.9
      vertex 21.7489 -24.8292 3
      vertex 21.6256 -24.732 3
    endloop
  endfacet
  facet normal -0.619087 -0.785323 -0
    outer loop
      vertex 21.7489 -24.8292 3
      vertex 21.6256 -24.732 1.9
      vertex 21.7489 -24.8292 1.9
    endloop
  endfacet
  facet normal -0.418977 0.907997 0
    outer loop
      vertex 21.358 -51.432 1.9
      vertex 21.2154 -51.4978 3
      vertex 21.358 -51.432 3
    endloop
  endfacet
  facet normal -0.418977 0.907997 0
    outer loop
      vertex 21.2154 -51.4978 3
      vertex 21.358 -51.432 1.9
      vertex 21.2154 -51.4978 1.9
    endloop
  endfacet
  facet normal 0.831364 0.555728 0
    outer loop
      vertex -22.068 -50.8256 3
      vertex -22.1553 -50.695 1.9
      vertex -22.1553 -50.695 3
    endloop
  endfacet
  facet normal 0.831364 0.555728 0
    outer loop
      vertex -22.1553 -50.695 1.9
      vertex -22.068 -50.8256 3
      vertex -22.068 -50.8256 1.9
    endloop
  endfacet
  facet normal -0.678862 0.734266 0
    outer loop
      vertex 21.8642 -51.0642 1.9
      vertex 21.7489 -51.1708 3
      vertex 21.8642 -51.0642 3
    endloop
  endfacet
  facet normal -0.678862 0.734266 0
    outer loop
      vertex 21.7489 -51.1708 3
      vertex 21.8642 -51.0642 1.9
      vertex 21.7489 -51.1708 1.9
    endloop
  endfacet
  facet normal 0.619087 0.785323 -0
    outer loop
      vertex -21.6256 -51.268 1.9
      vertex -21.7489 -51.1708 3
      vertex -21.6256 -51.268 3
    endloop
  endfacet
  facet normal 0.619087 0.785323 0
    outer loop
      vertex -21.7489 -51.1708 3
      vertex -21.6256 -51.268 1.9
      vertex -21.7489 -51.1708 1.9
    endloop
  endfacet
  facet normal -0.87256 0.488506 0
    outer loop
      vertex 22.1553 -50.695 1.9
      vertex 22.232 -50.558 3
      vertex 22.232 -50.558 1.9
    endloop
  endfacet
  facet normal -0.87256 0.488506 0
    outer loop
      vertex 22.232 -50.558 3
      vertex 22.1553 -50.695 1.9
      vertex 22.1553 -50.695 3
    endloop
  endfacet
  facet normal -0.345676 0.938354 0
    outer loop
      vertex 21.2154 -51.4978 1.9
      vertex 21.068 -51.5521 3
      vertex 21.2154 -51.4978 3
    endloop
  endfacet
  facet normal -0.345676 0.938354 0
    outer loop
      vertex 21.068 -51.5521 3
      vertex 21.2154 -51.4978 1.9
      vertex 21.068 -51.5521 1.9
    endloop
  endfacet
  facet normal -0.619087 0.785323 0
    outer loop
      vertex 21.7489 -51.1708 1.9
      vertex 21.6256 -51.268 3
      vertex 21.7489 -51.1708 3
    endloop
  endfacet
  facet normal -0.619087 0.785323 0
    outer loop
      vertex 21.6256 -51.268 3
      vertex 21.7489 -51.1708 1.9
      vertex 21.6256 -51.268 1.9
    endloop
  endfacet
  facet normal -0.980703 -0.195504 0
    outer loop
      vertex 22.4254 -26.0371 1.9
      vertex 22.3947 -25.8831 3
      vertex 22.3947 -25.8831 1.9
    endloop
  endfacet
  facet normal -0.980703 -0.195504 0
    outer loop
      vertex 22.3947 -25.8831 3
      vertex 22.4254 -26.0371 1.9
      vertex 22.4254 -26.0371 3
    endloop
  endfacet
  facet normal -0.96248 -0.271354 0
    outer loop
      vertex 22.3947 -25.8831 1.9
      vertex 22.3521 -25.732 3
      vertex 22.3521 -25.732 1.9
    endloop
  endfacet
  facet normal -0.96248 -0.271354 0
    outer loop
      vertex 22.3521 -25.732 3
      vertex 22.3947 -25.8831 1.9
      vertex 22.3947 -25.8831 3
    endloop
  endfacet
  facet normal -0.271354 0.96248 0
    outer loop
      vertex 21.068 -51.5521 1.9
      vertex 20.9169 -51.5947 3
      vertex 21.068 -51.5521 3
    endloop
  endfacet
  facet normal -0.271354 0.96248 0
    outer loop
      vertex 20.9169 -51.5947 3
      vertex 21.068 -51.5521 1.9
      vertex 20.9169 -51.5947 1.9
    endloop
  endfacet
  facet normal -0.87256 -0.488506 0
    outer loop
      vertex 22.232 -25.442 1.9
      vertex 22.1553 -25.305 3
      vertex 22.1553 -25.305 1.9
    endloop
  endfacet
  facet normal -0.87256 -0.488506 0
    outer loop
      vertex 22.1553 -25.305 3
      vertex 22.232 -25.442 1.9
      vertex 22.232 -25.442 3
    endloop
  endfacet
  facet normal -0.195504 0.980703 0
    outer loop
      vertex 20.9169 -51.5947 1.9
      vertex 20.7629 -51.6254 3
      vertex 20.9169 -51.5947 3
    endloop
  endfacet
  facet normal -0.195504 0.980703 0
    outer loop
      vertex 20.7629 -51.6254 3
      vertex 20.9169 -51.5947 1.9
      vertex 20.7629 -51.6254 1.9
    endloop
  endfacet
  facet normal 0.938354 0.345676 0
    outer loop
      vertex -22.2978 -50.4154 3
      vertex -22.3521 -50.268 1.9
      vertex -22.3521 -50.268 3
    endloop
  endfacet
  facet normal 0.938354 0.345676 0
    outer loop
      vertex -22.3521 -50.268 1.9
      vertex -22.2978 -50.4154 3
      vertex -22.2978 -50.4154 1.9
    endloop
  endfacet
  facet normal -0.555728 0.831364 0
    outer loop
      vertex 21.6256 -51.268 1.9
      vertex 21.495 -51.3553 3
      vertex 21.6256 -51.268 3
    endloop
  endfacet
  facet normal -0.555728 0.831364 0
    outer loop
      vertex 21.495 -51.3553 3
      vertex 21.6256 -51.268 1.9
      vertex 21.495 -51.3553 1.9
    endloop
  endfacet
  facet normal -0.907997 -0.418977 0
    outer loop
      vertex 22.2978 -25.5846 1.9
      vertex 22.232 -25.442 3
      vertex 22.232 -25.442 1.9
    endloop
  endfacet
  facet normal -0.907997 -0.418977 0
    outer loop
      vertex 22.232 -25.442 3
      vertex 22.2978 -25.5846 1.9
      vertex 22.2978 -25.5846 3
    endloop
  endfacet
  facet normal -0.734266 0.678862 0
    outer loop
      vertex 21.8642 -51.0642 1.9
      vertex 21.9708 -50.9489 3
      vertex 21.9708 -50.9489 1.9
    endloop
  endfacet
  facet normal -0.734266 0.678862 0
    outer loop
      vertex 21.9708 -50.9489 3
      vertex 21.8642 -51.0642 1.9
      vertex 21.8642 -51.0642 3
    endloop
  endfacet
  facet normal -0.488506 0.87256 0
    outer loop
      vertex 21.495 -51.3553 1.9
      vertex 21.358 -51.432 3
      vertex 21.495 -51.3553 3
    endloop
  endfacet
  facet normal -0.488506 0.87256 0
    outer loop
      vertex 21.358 -51.432 3
      vertex 21.495 -51.3553 1.9
      vertex 21.358 -51.432 1.9
    endloop
  endfacet
  facet normal 0.96248 0.271354 0
    outer loop
      vertex -22.3521 -50.268 3
      vertex -22.3947 -50.1169 1.9
      vertex -22.3947 -50.1169 3
    endloop
  endfacet
  facet normal 0.96248 0.271354 0
    outer loop
      vertex -22.3947 -50.1169 1.9
      vertex -22.3521 -50.268 3
      vertex -22.3521 -50.268 1.9
    endloop
  endfacet
  facet normal -0.785323 -0.619087 0
    outer loop
      vertex 22.068 -25.1744 1.9
      vertex 21.9708 -25.0511 3
      vertex 21.9708 -25.0511 1.9
    endloop
  endfacet
  facet normal -0.785323 -0.619087 0
    outer loop
      vertex 21.9708 -25.0511 3
      vertex 22.068 -25.1744 1.9
      vertex 22.068 -25.1744 3
    endloop
  endfacet
  facet normal 0.993116 0.117137 0
    outer loop
      vertex -22.4254 -49.9629 3
      vertex -22.4438 -49.8069 1.9
      vertex -22.4438 -49.8069 3
    endloop
  endfacet
  facet normal 0.993116 0.117137 0
    outer loop
      vertex -22.4438 -49.8069 1.9
      vertex -22.4254 -49.9629 3
      vertex -22.4254 -49.9629 1.9
    endloop
  endfacet
  facet normal -0.96248 0.271354 0
    outer loop
      vertex 22.3521 -50.268 1.9
      vertex 22.3947 -50.1169 3
      vertex 22.3947 -50.1169 1.9
    endloop
  endfacet
  facet normal -0.96248 0.271354 0
    outer loop
      vertex 22.3947 -50.1169 3
      vertex 22.3521 -50.268 1.9
      vertex 22.3521 -50.268 3
    endloop
  endfacet
  facet normal -0.831364 0.555728 0
    outer loop
      vertex 22.068 -50.8256 1.9
      vertex 22.1553 -50.695 3
      vertex 22.1553 -50.695 1.9
    endloop
  endfacet
  facet normal -0.831364 0.555728 0
    outer loop
      vertex 22.1553 -50.695 3
      vertex 22.068 -50.8256 1.9
      vertex 22.068 -50.8256 3
    endloop
  endfacet
  facet normal -0.785323 0.619087 0
    outer loop
      vertex 21.9708 -50.9489 1.9
      vertex 22.068 -50.8256 3
      vertex 22.068 -50.8256 1.9
    endloop
  endfacet
  facet normal -0.785323 0.619087 0
    outer loop
      vertex 22.068 -50.8256 3
      vertex 21.9708 -50.9489 1.9
      vertex 21.9708 -50.9489 3
    endloop
  endfacet
  facet normal 0.117137 0.993116 -0
    outer loop
      vertex -16.6869 -12.1738 1.9
      vertex -16.8429 -12.1554 3
      vertex -16.6869 -12.1738 3
    endloop
  endfacet
  facet normal 0.117137 0.993116 0
    outer loop
      vertex -16.8429 -12.1554 3
      vertex -16.6869 -12.1738 1.9
      vertex -16.8429 -12.1554 1.9
    endloop
  endfacet
  facet normal -0.0394848 0.99922 0
    outer loop
      vertex 16.6869 -12.1738 1.9
      vertex 16.53 -12.18 3
      vertex 16.6869 -12.1738 3
    endloop
  endfacet
  facet normal -0.0394848 0.99922 0
    outer loop
      vertex 16.53 -12.18 3
      vertex 16.6869 -12.1738 1.9
      vertex 16.53 -12.18 1.9
    endloop
  endfacet
  facet normal 0.0394848 -0.99922 0
    outer loop
      vertex -16.6869 12.1738 1.9
      vertex -16.53 12.18 3
      vertex -16.6869 12.1738 3
    endloop
  endfacet
  facet normal 0.0394848 -0.99922 0
    outer loop
      vertex -16.53 12.18 3
      vertex -16.6869 12.1738 1.9
      vertex -16.53 12.18 1.9
    endloop
  endfacet
  facet normal -0.345676 -0.938354 0
    outer loop
      vertex 17.148 12.0821 1.9
      vertex 17.2954 12.0278 3
      vertex 17.148 12.0821 3
    endloop
  endfacet
  facet normal -0.345676 -0.938354 -0
    outer loop
      vertex 17.2954 12.0278 3
      vertex 17.148 12.0821 1.9
      vertex 17.2954 12.0278 1.9
    endloop
  endfacet
  facet normal 0 -1 0
    outer loop
      vertex -16.53 12.18 1.9
      vertex 16.53 12.18 3
      vertex -16.53 12.18 3
    endloop
  endfacet
  facet normal 0 -1 -0
    outer loop
      vertex 16.53 12.18 3
      vertex -16.53 12.18 1.9
      vertex 16.53 12.18 1.9
    endloop
  endfacet
  facet normal 0.907997 -0.418977 0
    outer loop
      vertex -18.3778 10.9454 3
      vertex -18.312 11.088 1.9
      vertex -18.312 11.088 3
    endloop
  endfacet
  facet normal 0.907997 -0.418977 0
    outer loop
      vertex -18.312 11.088 1.9
      vertex -18.3778 10.9454 3
      vertex -18.3778 10.9454 1.9
    endloop
  endfacet
  facet normal -0.96248 -0.271354 0
    outer loop
      vertex 18.4747 10.6469 1.9
      vertex 18.4321 10.798 3
      vertex 18.4321 10.798 1.9
    endloop
  endfacet
  facet normal -0.96248 -0.271354 0
    outer loop
      vertex 18.4321 10.798 3
      vertex 18.4747 10.6469 1.9
      vertex 18.4747 10.6469 3
    endloop
  endfacet
  facet normal 0.734266 0.678862 0
    outer loop
      vertex -17.9442 -11.5942 3
      vertex -18.0508 -11.4789 1.9
      vertex -18.0508 -11.4789 3
    endloop
  endfacet
  facet normal 0.734266 0.678862 0
    outer loop
      vertex -18.0508 -11.4789 1.9
      vertex -17.9442 -11.5942 3
      vertex -17.9442 -11.5942 1.9
    endloop
  endfacet
  facet normal 0.938354 -0.345676 0
    outer loop
      vertex -18.4321 10.798 3
      vertex -18.3778 10.9454 1.9
      vertex -18.3778 10.9454 3
    endloop
  endfacet
  facet normal 0.938354 -0.345676 0
    outer loop
      vertex -18.3778 10.9454 1.9
      vertex -18.4321 10.798 3
      vertex -18.4321 10.798 1.9
    endloop
  endfacet
  facet normal 0 1 -0
    outer loop
      vertex 16.53 -12.18 1.9
      vertex -16.53 -12.18 3
      vertex 16.53 -12.18 3
    endloop
  endfacet
  facet normal 0 1 0
    outer loop
      vertex -16.53 -12.18 3
      vertex 16.53 -12.18 1.9
      vertex -16.53 -12.18 1.9
    endloop
  endfacet
  facet normal 0.345676 -0.938354 0
    outer loop
      vertex -17.2954 12.0278 1.9
      vertex -17.148 12.0821 3
      vertex -17.2954 12.0278 3
    endloop
  endfacet
  facet normal 0.345676 -0.938354 0
    outer loop
      vertex -17.148 12.0821 3
      vertex -17.2954 12.0278 1.9
      vertex -17.148 12.0821 1.9
    endloop
  endfacet
  facet normal 0.271354 -0.96248 0
    outer loop
      vertex -17.148 12.0821 1.9
      vertex -16.9969 12.1247 3
      vertex -17.148 12.0821 3
    endloop
  endfacet
  facet normal 0.271354 -0.96248 0
    outer loop
      vertex -16.9969 12.1247 3
      vertex -17.148 12.0821 1.9
      vertex -16.9969 12.1247 1.9
    endloop
  endfacet
  facet normal -0.488506 -0.87256 0
    outer loop
      vertex 17.438 11.962 1.9
      vertex 17.575 11.8853 3
      vertex 17.438 11.962 3
    endloop
  endfacet
  facet normal -0.488506 -0.87256 -0
    outer loop
      vertex 17.575 11.8853 3
      vertex 17.438 11.962 1.9
      vertex 17.575 11.8853 1.9
    endloop
  endfacet
  facet normal 0.87256 0.488506 0
    outer loop
      vertex -18.2353 -11.225 3
      vertex -18.312 -11.088 1.9
      vertex -18.312 -11.088 3
    endloop
  endfacet
  facet normal 0.87256 0.488506 0
    outer loop
      vertex -18.312 -11.088 1.9
      vertex -18.2353 -11.225 3
      vertex -18.2353 -11.225 1.9
    endloop
  endfacet
  facet normal 0.99922 0.0394848 0
    outer loop
      vertex -18.5238 -10.3369 3
      vertex -18.53 -10.18 1.9
      vertex -18.53 -10.18 3
    endloop
  endfacet
  facet normal 0.99922 0.0394848 0
    outer loop
      vertex -18.53 -10.18 1.9
      vertex -18.5238 -10.3369 3
      vertex -18.5238 -10.3369 1.9
    endloop
  endfacet
  facet normal 0.980703 -0.195504 0
    outer loop
      vertex -18.5054 10.4929 3
      vertex -18.4747 10.6469 1.9
      vertex -18.4747 10.6469 3
    endloop
  endfacet
  facet normal 0.980703 -0.195504 0
    outer loop
      vertex -18.4747 10.6469 1.9
      vertex -18.5054 10.4929 3
      vertex -18.5054 10.4929 1.9
    endloop
  endfacet
  facet normal 0.555728 0.831364 -0
    outer loop
      vertex -17.575 -11.8853 1.9
      vertex -17.7056 -11.798 3
      vertex -17.575 -11.8853 3
    endloop
  endfacet
  facet normal 0.555728 0.831364 0
    outer loop
      vertex -17.7056 -11.798 3
      vertex -17.575 -11.8853 1.9
      vertex -17.7056 -11.798 1.9
    endloop
  endfacet
  facet normal 0.678862 0.734266 -0
    outer loop
      vertex -17.8289 -11.7008 1.9
      vertex -17.9442 -11.5942 3
      vertex -17.8289 -11.7008 3
    endloop
  endfacet
  facet normal 0.678862 0.734266 0
    outer loop
      vertex -17.9442 -11.5942 3
      vertex -17.8289 -11.7008 1.9
      vertex -17.9442 -11.5942 1.9
    endloop
  endfacet
  facet normal -0.678862 0.734266 0
    outer loop
      vertex 17.9442 -11.5942 1.9
      vertex 17.8289 -11.7008 3
      vertex 17.9442 -11.5942 3
    endloop
  endfacet
  facet normal -0.678862 0.734266 0
    outer loop
      vertex 17.8289 -11.7008 3
      vertex 17.9442 -11.5942 1.9
      vertex 17.8289 -11.7008 1.9
    endloop
  endfacet
  facet normal -0.418977 0.907997 0
    outer loop
      vertex 17.438 -11.962 1.9
      vertex 17.2954 -12.0278 3
      vertex 17.438 -11.962 3
    endloop
  endfacet
  facet normal -0.418977 0.907997 0
    outer loop
      vertex 17.2954 -12.0278 3
      vertex 17.438 -11.962 1.9
      vertex 17.2954 -12.0278 1.9
    endloop
  endfacet
  facet normal -0.195504 -0.980703 0
    outer loop
      vertex 16.8429 12.1554 1.9
      vertex 16.9969 12.1247 3
      vertex 16.8429 12.1554 3
    endloop
  endfacet
  facet normal -0.195504 -0.980703 -0
    outer loop
      vertex 16.9969 12.1247 3
      vertex 16.8429 12.1554 1.9
      vertex 16.9969 12.1247 1.9
    endloop
  endfacet
  facet normal 0.993116 -0.117137 0
    outer loop
      vertex -18.5238 10.3369 3
      vertex -18.5054 10.4929 1.9
      vertex -18.5054 10.4929 3
    endloop
  endfacet
  facet normal 0.993116 -0.117137 0
    outer loop
      vertex -18.5054 10.4929 1.9
      vertex -18.5238 10.3369 3
      vertex -18.5238 10.3369 1.9
    endloop
  endfacet
  facet normal 0.96248 0.271354 0
    outer loop
      vertex -18.4321 -10.798 3
      vertex -18.4747 -10.6469 1.9
      vertex -18.4747 -10.6469 3
    endloop
  endfacet
  facet normal 0.96248 0.271354 0
    outer loop
      vertex -18.4747 -10.6469 1.9
      vertex -18.4321 -10.798 3
      vertex -18.4321 -10.798 1.9
    endloop
  endfacet
  facet normal 0.96248 -0.271354 0
    outer loop
      vertex -18.4747 10.6469 3
      vertex -18.4321 10.798 1.9
      vertex -18.4321 10.798 3
    endloop
  endfacet
  facet normal 0.96248 -0.271354 0
    outer loop
      vertex -18.4321 10.798 1.9
      vertex -18.4747 10.6469 3
      vertex -18.4747 10.6469 1.9
    endloop
  endfacet
  facet normal 0.619087 0.785323 -0
    outer loop
      vertex -17.7056 -11.798 1.9
      vertex -17.8289 -11.7008 3
      vertex -17.7056 -11.798 3
    endloop
  endfacet
  facet normal 0.619087 0.785323 0
    outer loop
      vertex -17.8289 -11.7008 3
      vertex -17.7056 -11.798 1.9
      vertex -17.8289 -11.7008 1.9
    endloop
  endfacet
  facet normal 0.678862 -0.734266 0
    outer loop
      vertex -17.9442 11.5942 1.9
      vertex -17.8289 11.7008 3
      vertex -17.9442 11.5942 3
    endloop
  endfacet
  facet normal 0.678862 -0.734266 0
    outer loop
      vertex -17.8289 11.7008 3
      vertex -17.9442 11.5942 1.9
      vertex -17.8289 11.7008 1.9
    endloop
  endfacet
  facet normal -1 0 0
    outer loop
      vertex 18.53 -10.18 1.9
      vertex 18.53 10.18 3
      vertex 18.53 10.18 1.9
    endloop
  endfacet
  facet normal -1 -0 0
    outer loop
      vertex 18.53 10.18 3
      vertex 18.53 -10.18 1.9
      vertex 18.53 -10.18 3
    endloop
  endfacet
  facet normal -0.619087 0.785323 0
    outer loop
      vertex 17.8289 -11.7008 1.9
      vertex 17.7056 -11.798 3
      vertex 17.8289 -11.7008 3
    endloop
  endfacet
  facet normal -0.619087 0.785323 0
    outer loop
      vertex 17.7056 -11.798 3
      vertex 17.8289 -11.7008 1.9
      vertex 17.7056 -11.798 1.9
    endloop
  endfacet
  facet normal 0.488506 0.87256 -0
    outer loop
      vertex -17.438 -11.962 1.9
      vertex -17.575 -11.8853 3
      vertex -17.438 -11.962 3
    endloop
  endfacet
  facet normal 0.488506 0.87256 0
    outer loop
      vertex -17.575 -11.8853 3
      vertex -17.438 -11.962 1.9
      vertex -17.575 -11.8853 1.9
    endloop
  endfacet
  facet normal 0.993116 0.117137 0
    outer loop
      vertex -18.5054 -10.4929 3
      vertex -18.5238 -10.3369 1.9
      vertex -18.5238 -10.3369 3
    endloop
  endfacet
  facet normal 0.993116 0.117137 0
    outer loop
      vertex -18.5238 -10.3369 1.9
      vertex -18.5054 -10.4929 3
      vertex -18.5054 -10.4929 1.9
    endloop
  endfacet
  facet normal -0.0394848 -0.99922 0
    outer loop
      vertex 16.53 12.18 1.9
      vertex 16.6869 12.1738 3
      vertex 16.53 12.18 3
    endloop
  endfacet
  facet normal -0.0394848 -0.99922 -0
    outer loop
      vertex 16.6869 12.1738 3
      vertex 16.53 12.18 1.9
      vertex 16.6869 12.1738 1.9
    endloop
  endfacet
  facet normal 0.345676 0.938354 -0
    outer loop
      vertex -17.148 -12.0821 1.9
      vertex -17.2954 -12.0278 3
      vertex -17.148 -12.0821 3
    endloop
  endfacet
  facet normal 0.345676 0.938354 0
    outer loop
      vertex -17.2954 -12.0278 3
      vertex -17.148 -12.0821 1.9
      vertex -17.2954 -12.0278 1.9
    endloop
  endfacet
  facet normal 0.734266 -0.678862 0
    outer loop
      vertex -18.0508 11.4789 3
      vertex -17.9442 11.5942 1.9
      vertex -17.9442 11.5942 3
    endloop
  endfacet
  facet normal 0.734266 -0.678862 0
    outer loop
      vertex -17.9442 11.5942 1.9
      vertex -18.0508 11.4789 3
      vertex -18.0508 11.4789 1.9
    endloop
  endfacet
  facet normal 0.938354 0.345676 0
    outer loop
      vertex -18.3778 -10.9454 3
      vertex -18.4321 -10.798 1.9
      vertex -18.4321 -10.798 3
    endloop
  endfacet
  facet normal 0.938354 0.345676 0
    outer loop
      vertex -18.4321 -10.798 1.9
      vertex -18.3778 -10.9454 3
      vertex -18.3778 -10.9454 1.9
    endloop
  endfacet
  facet normal 0.271354 0.96248 -0
    outer loop
      vertex -16.9969 -12.1247 1.9
      vertex -17.148 -12.0821 3
      vertex -16.9969 -12.1247 3
    endloop
  endfacet
  facet normal 0.271354 0.96248 0
    outer loop
      vertex -17.148 -12.0821 3
      vertex -16.9969 -12.1247 1.9
      vertex -17.148 -12.0821 1.9
    endloop
  endfacet
  facet normal -0.993116 0.117137 0
    outer loop
      vertex 18.5054 -10.4929 1.9
      vertex 18.5238 -10.3369 3
      vertex 18.5238 -10.3369 1.9
    endloop
  endfacet
  facet normal -0.993116 0.117137 0
    outer loop
      vertex 18.5238 -10.3369 3
      vertex 18.5054 -10.4929 1.9
      vertex 18.5054 -10.4929 3
    endloop
  endfacet
  facet normal -0.99922 0.0394848 0
    outer loop
      vertex 18.5238 -10.3369 1.9
      vertex 18.53 -10.18 3
      vertex 18.53 -10.18 1.9
    endloop
  endfacet
  facet normal -0.99922 0.0394848 0
    outer loop
      vertex 18.53 -10.18 3
      vertex 18.5238 -10.3369 1.9
      vertex 18.5238 -10.3369 3
    endloop
  endfacet
  facet normal 0.195504 0.980703 -0
    outer loop
      vertex -16.8429 -12.1554 1.9
      vertex -16.9969 -12.1247 3
      vertex -16.8429 -12.1554 3
    endloop
  endfacet
  facet normal 0.195504 0.980703 0
    outer loop
      vertex -16.9969 -12.1247 3
      vertex -16.8429 -12.1554 1.9
      vertex -16.9969 -12.1247 1.9
    endloop
  endfacet
  facet normal -0.555728 -0.831364 0
    outer loop
      vertex 17.575 11.8853 1.9
      vertex 17.7056 11.798 3
      vertex 17.575 11.8853 3
    endloop
  endfacet
  facet normal -0.555728 -0.831364 -0
    outer loop
      vertex 17.7056 11.798 3
      vertex 17.575 11.8853 1.9
      vertex 17.7056 11.798 1.9
    endloop
  endfacet
  facet normal -0.488506 0.87256 0
    outer loop
      vertex 17.575 -11.8853 1.9
      vertex 17.438 -11.962 3
      vertex 17.575 -11.8853 3
    endloop
  endfacet
  facet normal -0.488506 0.87256 0
    outer loop
      vertex 17.438 -11.962 3
      vertex 17.575 -11.8853 1.9
      vertex 17.438 -11.962 1.9
    endloop
  endfacet
  facet normal -0.418977 -0.907997 0
    outer loop
      vertex 17.2954 12.0278 1.9
      vertex 17.438 11.962 3
      vertex 17.2954 12.0278 3
    endloop
  endfacet
  facet normal -0.418977 -0.907997 -0
    outer loop
      vertex 17.438 11.962 3
      vertex 17.2954 12.0278 1.9
      vertex 17.438 11.962 1.9
    endloop
  endfacet
  facet normal 0.0394848 0.99922 -0
    outer loop
      vertex -16.53 -12.18 1.9
      vertex -16.6869 -12.1738 3
      vertex -16.53 -12.18 3
    endloop
  endfacet
  facet normal 0.0394848 0.99922 0
    outer loop
      vertex -16.6869 -12.1738 3
      vertex -16.53 -12.18 1.9
      vertex -16.6869 -12.1738 1.9
    endloop
  endfacet
  facet normal 0.418977 0.907997 -0
    outer loop
      vertex -17.2954 -12.0278 1.9
      vertex -17.438 -11.962 3
      vertex -17.2954 -12.0278 3
    endloop
  endfacet
  facet normal 0.418977 0.907997 0
    outer loop
      vertex -17.438 -11.962 3
      vertex -17.2954 -12.0278 1.9
      vertex -17.438 -11.962 1.9
    endloop
  endfacet
  facet normal 0.488506 -0.87256 0
    outer loop
      vertex -17.575 11.8853 1.9
      vertex -17.438 11.962 3
      vertex -17.575 11.8853 3
    endloop
  endfacet
  facet normal 0.488506 -0.87256 0
    outer loop
      vertex -17.438 11.962 3
      vertex -17.575 11.8853 1.9
      vertex -17.438 11.962 1.9
    endloop
  endfacet
  facet normal 0.117137 -0.993116 0
    outer loop
      vertex -16.8429 12.1554 1.9
      vertex -16.6869 12.1738 3
      vertex -16.8429 12.1554 3
    endloop
  endfacet
  facet normal 0.117137 -0.993116 0
    outer loop
      vertex -16.6869 12.1738 3
      vertex -16.8429 12.1554 1.9
      vertex -16.6869 12.1738 1.9
    endloop
  endfacet
  facet normal -0.117137 -0.993116 0
    outer loop
      vertex 16.6869 12.1738 1.9
      vertex 16.8429 12.1554 3
      vertex 16.6869 12.1738 3
    endloop
  endfacet
  facet normal -0.117137 -0.993116 -0
    outer loop
      vertex 16.8429 12.1554 3
      vertex 16.6869 12.1738 1.9
      vertex 16.8429 12.1554 1.9
    endloop
  endfacet
  facet normal 0.907997 0.418977 0
    outer loop
      vertex -18.312 -11.088 3
      vertex -18.3778 -10.9454 1.9
      vertex -18.3778 -10.9454 3
    endloop
  endfacet
  facet normal 0.907997 0.418977 0
    outer loop
      vertex -18.3778 -10.9454 1.9
      vertex -18.312 -11.088 3
      vertex -18.312 -11.088 1.9
    endloop
  endfacet
  facet normal -0.271354 -0.96248 0
    outer loop
      vertex 16.9969 12.1247 1.9
      vertex 17.148 12.0821 3
      vertex 16.9969 12.1247 3
    endloop
  endfacet
  facet normal -0.271354 -0.96248 -0
    outer loop
      vertex 17.148 12.0821 3
      vertex 16.9969 12.1247 1.9
      vertex 17.148 12.0821 1.9
    endloop
  endfacet
  facet normal 0.555728 -0.831364 0
    outer loop
      vertex -17.7056 11.798 1.9
      vertex -17.575 11.8853 3
      vertex -17.7056 11.798 3
    endloop
  endfacet
  facet normal 0.555728 -0.831364 0
    outer loop
      vertex -17.575 11.8853 3
      vertex -17.7056 11.798 1.9
      vertex -17.575 11.8853 1.9
    endloop
  endfacet
  facet normal 0.980703 0.195504 0
    outer loop
      vertex -18.4747 -10.6469 3
      vertex -18.5054 -10.4929 1.9
      vertex -18.5054 -10.4929 3
    endloop
  endfacet
  facet normal 0.980703 0.195504 0
    outer loop
      vertex -18.5054 -10.4929 1.9
      vertex -18.4747 -10.6469 3
      vertex -18.4747 -10.6469 1.9
    endloop
  endfacet
  facet normal 0.99922 -0.0394848 0
    outer loop
      vertex -18.53 10.18 3
      vertex -18.5238 10.3369 1.9
      vertex -18.5238 10.3369 3
    endloop
  endfacet
  facet normal 0.99922 -0.0394848 0
    outer loop
      vertex -18.5238 10.3369 1.9
      vertex -18.53 10.18 3
      vertex -18.53 10.18 1.9
    endloop
  endfacet
  facet normal 0.87256 -0.488506 0
    outer loop
      vertex -18.312 11.088 3
      vertex -18.2353 11.225 1.9
      vertex -18.2353 11.225 3
    endloop
  endfacet
  facet normal 0.87256 -0.488506 0
    outer loop
      vertex -18.2353 11.225 1.9
      vertex -18.312 11.088 3
      vertex -18.312 11.088 1.9
    endloop
  endfacet
  facet normal 1 -0 0
    outer loop
      vertex -18.53 -10.18 3
      vertex -18.53 10.18 1.9
      vertex -18.53 10.18 3
    endloop
  endfacet
  facet normal 1 0 0
    outer loop
      vertex -18.53 10.18 1.9
      vertex -18.53 -10.18 3
      vertex -18.53 -10.18 1.9
    endloop
  endfacet
  facet normal -0.831364 0.555728 0
    outer loop
      vertex 18.148 -11.3556 1.9
      vertex 18.2353 -11.225 3
      vertex 18.2353 -11.225 1.9
    endloop
  endfacet
  facet normal -0.831364 0.555728 0
    outer loop
      vertex 18.2353 -11.225 3
      vertex 18.148 -11.3556 1.9
      vertex 18.148 -11.3556 3
    endloop
  endfacet
  facet normal -0.555728 0.831364 0
    outer loop
      vertex 17.7056 -11.798 1.9
      vertex 17.575 -11.8853 3
      vertex 17.7056 -11.798 3
    endloop
  endfacet
  facet normal -0.555728 0.831364 0
    outer loop
      vertex 17.575 -11.8853 3
      vertex 17.7056 -11.798 1.9
      vertex 17.575 -11.8853 1.9
    endloop
  endfacet
  facet normal -0.734266 0.678862 0
    outer loop
      vertex 17.9442 -11.5942 1.9
      vertex 18.0508 -11.4789 3
      vertex 18.0508 -11.4789 1.9
    endloop
  endfacet
  facet normal -0.734266 0.678862 0
    outer loop
      vertex 18.0508 -11.4789 3
      vertex 17.9442 -11.5942 1.9
      vertex 17.9442 -11.5942 3
    endloop
  endfacet
  facet normal 0.195504 -0.980703 0
    outer loop
      vertex -16.9969 12.1247 1.9
      vertex -16.8429 12.1554 3
      vertex -16.9969 12.1247 3
    endloop
  endfacet
  facet normal 0.195504 -0.980703 0
    outer loop
      vertex -16.8429 12.1554 3
      vertex -16.9969 12.1247 1.9
      vertex -16.8429 12.1554 1.9
    endloop
  endfacet
  facet normal 0.619087 -0.785323 0
    outer loop
      vertex -17.8289 11.7008 1.9
      vertex -17.7056 11.798 3
      vertex -17.8289 11.7008 3
    endloop
  endfacet
  facet normal 0.619087 -0.785323 0
    outer loop
      vertex -17.7056 11.798 3
      vertex -17.8289 11.7008 1.9
      vertex -17.7056 11.798 1.9
    endloop
  endfacet
  facet normal 0 0 1
    outer loop
      vertex 16.53 12.18 1.9
      vertex 18.53 10.18 1.9
      vertex 18.5238 10.3369 1.9
    endloop
  endfacet
  facet normal 0 0 1
    outer loop
      vertex 18.53 10.18 1.9
      vertex 16.53 12.18 1.9
      vertex 18.53 -10.18 1.9
    endloop
  endfacet
  facet normal 0 0 1
    outer loop
      vertex 16.53 12.18 1.9
      vertex 18.5238 10.3369 1.9
      vertex 18.5054 10.4929 1.9
    endloop
  endfacet
  facet normal 0 0 1
    outer loop
      vertex 16.53 -12.18 1.9
      vertex 18.53 -10.18 1.9
      vertex 16.53 12.18 1.9
    endloop
  endfacet
  facet normal 0 0 1
    outer loop
      vertex 16.53 12.18 1.9
      vertex 18.5054 10.4929 1.9
      vertex 18.4747 10.6469 1.9
    endloop
  endfacet
  facet normal 0 0 1
    outer loop
      vertex 18.53 -10.18 1.9
      vertex 16.53 -12.18 1.9
      vertex 18.5238 -10.3369 1.9
    endloop
  endfacet
  facet normal 0 0 1
    outer loop
      vertex 16.53 12.18 1.9
      vertex 18.4747 10.6469 1.9
      vertex 18.4321 10.798 1.9
    endloop
  endfacet
  facet normal 0 0 1
    outer loop
      vertex 18.5238 -10.3369 1.9
      vertex 16.53 -12.18 1.9
      vertex 18.5054 -10.4929 1.9
    endloop
  endfacet
  facet normal 0 0 1
    outer loop
      vertex 16.53 12.18 1.9
      vertex 18.4321 10.798 1.9
      vertex 18.3778 10.9454 1.9
    endloop
  endfacet
  facet normal 0 0 1
    outer loop
      vertex 18.5054 -10.4929 1.9
      vertex 16.53 -12.18 1.9
      vertex 18.4747 -10.6469 1.9
    endloop
  endfacet
  facet normal 0 0 1
    outer loop
      vertex 16.53 12.18 1.9
      vertex 18.3778 10.9454 1.9
      vertex 18.312 11.088 1.9
    endloop
  endfacet
  facet normal 0 0 1
    outer loop
      vertex 18.4747 -10.6469 1.9
      vertex 16.53 -12.18 1.9
      vertex 18.4321 -10.798 1.9
    endloop
  endfacet
  facet normal 0 0 1
    outer loop
      vertex 16.53 12.18 1.9
      vertex 18.312 11.088 1.9
      vertex 18.2353 11.225 1.9
    endloop
  endfacet
  facet normal 0 0 1
    outer loop
      vertex 18.4321 -10.798 1.9
      vertex 16.53 -12.18 1.9
      vertex 18.3778 -10.9454 1.9
    endloop
  endfacet
  facet normal 0 0 1
    outer loop
      vertex 16.53 12.18 1.9
      vertex 18.2353 11.225 1.9
      vertex 18.148 11.3556 1.9
    endloop
  endfacet
  facet normal 0 0 1
    outer loop
      vertex 18.3778 -10.9454 1.9
      vertex 16.53 -12.18 1.9
      vertex 18.312 -11.088 1.9
    endloop
  endfacet
  facet normal 0 0 1
    outer loop
      vertex 16.53 12.18 1.9
      vertex 18.148 11.3556 1.9
      vertex 18.0508 11.4789 1.9
    endloop
  endfacet
  facet normal 0 0 1
    outer loop
      vertex 18.312 -11.088 1.9
      vertex 16.53 -12.18 1.9
      vertex 18.2353 -11.225 1.9
    endloop
  endfacet
  facet normal 0 0 1
    outer loop
      vertex 16.53 12.18 1.9
      vertex 18.0508 11.4789 1.9
      vertex 17.9442 11.5942 1.9
    endloop
  endfacet
  facet normal 0 0 1
    outer loop
      vertex 18.2353 -11.225 1.9
      vertex 16.53 -12.18 1.9
      vertex 18.148 -11.3556 1.9
    endloop
  endfacet
  facet normal 0 0 1
    outer loop
      vertex 16.53 12.18 1.9
      vertex 17.9442 11.5942 1.9
      vertex 17.8289 11.7008 1.9
    endloop
  endfacet
  facet normal 0 0 1
    outer loop
      vertex 18.148 -11.3556 1.9
      vertex 16.53 -12.18 1.9
      vertex 18.0508 -11.4789 1.9
    endloop
  endfacet
  facet normal 0 0 1
    outer loop
      vertex 16.53 12.18 1.9
      vertex 17.8289 11.7008 1.9
      vertex 17.7056 11.798 1.9
    endloop
  endfacet
  facet normal 0 0 1
    outer loop
      vertex 18.0508 -11.4789 1.9
      vertex 16.53 -12.18 1.9
      vertex 17.9442 -11.5942 1.9
    endloop
  endfacet
  facet normal 0 0 1
    outer loop
      vertex 16.53 12.18 1.9
      vertex 17.7056 11.798 1.9
      vertex 17.575 11.8853 1.9
    endloop
  endfacet
  facet normal 0 0 1
    outer loop
      vertex 17.9442 -11.5942 1.9
      vertex 16.53 -12.18 1.9
      vertex 17.8289 -11.7008 1.9
    endloop
  endfacet
  facet normal 0 0 1
    outer loop
      vertex 16.53 12.18 1.9
      vertex 17.575 11.8853 1.9
      vertex 17.438 11.962 1.9
    endloop
  endfacet
  facet normal 0 0 1
    outer loop
      vertex 17.8289 -11.7008 1.9
      vertex 16.53 -12.18 1.9
      vertex 17.7056 -11.798 1.9
    endloop
  endfacet
  facet normal 0 0 1
    outer loop
      vertex 16.53 12.18 1.9
      vertex 17.438 11.962 1.9
      vertex 17.2954 12.0278 1.9
    endloop
  endfacet
  facet normal 0 0 1
    outer loop
      vertex 17.7056 -11.798 1.9
      vertex 16.53 -12.18 1.9
      vertex 17.575 -11.8853 1.9
    endloop
  endfacet
  facet normal 0 0 1
    outer loop
      vertex 16.53 12.18 1.9
      vertex 17.2954 12.0278 1.9
      vertex 17.148 12.0821 1.9
    endloop
  endfacet
  facet normal 0 0 1
    outer loop
      vertex 17.575 -11.8853 1.9
      vertex 16.53 -12.18 1.9
      vertex 17.438 -11.962 1.9
    endloop
  endfacet
  facet normal 0 0 1
    outer loop
      vertex 16.53 12.18 1.9
      vertex 17.148 12.0821 1.9
      vertex 16.9969 12.1247 1.9
    endloop
  endfacet
  facet normal 0 0 1
    outer loop
      vertex 17.438 -11.962 1.9
      vertex 16.53 -12.18 1.9
      vertex 17.2954 -12.0278 1.9
    endloop
  endfacet
  facet normal 0 0 1
    outer loop
      vertex 16.53 12.18 1.9
      vertex 16.9969 12.1247 1.9
      vertex 16.8429 12.1554 1.9
    endloop
  endfacet
  facet normal 0 0 1
    outer loop
      vertex 17.2954 -12.0278 1.9
      vertex 16.53 -12.18 1.9
      vertex 17.148 -12.0821 1.9
    endloop
  endfacet
  facet normal 0 0 1
    outer loop
      vertex 16.53 12.18 1.9
      vertex 16.8429 12.1554 1.9
      vertex 16.6869 12.1738 1.9
    endloop
  endfacet
  facet normal 0 0 1
    outer loop
      vertex 17.148 -12.0821 1.9
      vertex 16.53 -12.18 1.9
      vertex 16.9969 -12.1247 1.9
    endloop
  endfacet
  facet normal 0 0 1
    outer loop
      vertex 16.9969 -12.1247 1.9
      vertex 16.53 -12.18 1.9
      vertex 16.8429 -12.1554 1.9
    endloop
  endfacet
  facet normal 0 0 1
    outer loop
      vertex 16.8429 -12.1554 1.9
      vertex 16.53 -12.18 1.9
      vertex 16.6869 -12.1738 1.9
    endloop
  endfacet
  facet normal -0 0 1
    outer loop
      vertex -16.53 12.18 1.9
      vertex 16.53 -12.18 1.9
      vertex 16.53 12.18 1.9
    endloop
  endfacet
  facet normal 0 0 1
    outer loop
      vertex -16.53 12.18 1.9
      vertex -16.53 -12.18 1.9
      vertex 16.53 -12.18 1.9
    endloop
  endfacet
  facet normal 0 0 1
    outer loop
      vertex -18.53 10.18 1.9
      vertex -16.53 12.18 1.9
      vertex -16.6869 12.1738 1.9
    endloop
  endfacet
  facet normal 0 0 1
    outer loop
      vertex -16.53 12.18 1.9
      vertex -18.53 10.18 1.9
      vertex -16.53 -12.18 1.9
    endloop
  endfacet
  facet normal 0 0 1
    outer loop
      vertex -18.53 10.18 1.9
      vertex -16.6869 12.1738 1.9
      vertex -16.8429 12.1554 1.9
    endloop
  endfacet
  facet normal -0 0 1
    outer loop
      vertex -18.53 -10.18 1.9
      vertex -16.53 -12.18 1.9
      vertex -18.53 10.18 1.9
    endloop
  endfacet
  facet normal 0 0 1
    outer loop
      vertex -18.53 10.18 1.9
      vertex -16.8429 12.1554 1.9
      vertex -16.9969 12.1247 1.9
    endloop
  endfacet
  facet normal 0 0 1
    outer loop
      vertex -16.53 -12.18 1.9
      vertex -18.53 -10.18 1.9
      vertex -16.6869 -12.1738 1.9
    endloop
  endfacet
  facet normal 0 0 1
    outer loop
      vertex -18.53 10.18 1.9
      vertex -16.9969 12.1247 1.9
      vertex -17.148 12.0821 1.9
    endloop
  endfacet
  facet normal 0 0 1
    outer loop
      vertex -16.6869 -12.1738 1.9
      vertex -18.53 -10.18 1.9
      vertex -16.8429 -12.1554 1.9
    endloop
  endfacet
  facet normal 0 0 1
    outer loop
      vertex -18.53 10.18 1.9
      vertex -17.148 12.0821 1.9
      vertex -17.2954 12.0278 1.9
    endloop
  endfacet
  facet normal 0 0 1
    outer loop
      vertex -16.8429 -12.1554 1.9
      vertex -18.53 -10.18 1.9
      vertex -16.9969 -12.1247 1.9
    endloop
  endfacet
  facet normal 0 0 1
    outer loop
      vertex -18.53 10.18 1.9
      vertex -17.2954 12.0278 1.9
      vertex -17.438 11.962 1.9
    endloop
  endfacet
  facet normal 0 0 1
    outer loop
      vertex -16.9969 -12.1247 1.9
      vertex -18.53 -10.18 1.9
      vertex -17.148 -12.0821 1.9
    endloop
  endfacet
  facet normal 0 0 1
    outer loop
      vertex -18.53 10.18 1.9
      vertex -17.438 11.962 1.9
      vertex -17.575 11.8853 1.9
    endloop
  endfacet
  facet normal 0 0 1
    outer loop
      vertex -17.148 -12.0821 1.9
      vertex -18.53 -10.18 1.9
      vertex -17.2954 -12.0278 1.9
    endloop
  endfacet
  facet normal 0 0 1
    outer loop
      vertex -18.53 10.18 1.9
      vertex -17.575 11.8853 1.9
      vertex -17.7056 11.798 1.9
    endloop
  endfacet
  facet normal 0 0 1
    outer loop
      vertex -17.2954 -12.0278 1.9
      vertex -18.53 -10.18 1.9
      vertex -17.438 -11.962 1.9
    endloop
  endfacet
  facet normal 0 0 1
    outer loop
      vertex -18.53 10.18 1.9
      vertex -17.7056 11.798 1.9
      vertex -17.8289 11.7008 1.9
    endloop
  endfacet
  facet normal 0 0 1
    outer loop
      vertex -17.438 -11.962 1.9
      vertex -18.53 -10.18 1.9
      vertex -17.575 -11.8853 1.9
    endloop
  endfacet
  facet normal 0 0 1
    outer loop
      vertex -18.53 10.18 1.9
      vertex -17.8289 11.7008 1.9
      vertex -17.9442 11.5942 1.9
    endloop
  endfacet
  facet normal 0 0 1
    outer loop
      vertex -17.575 -11.8853 1.9
      vertex -18.53 -10.18 1.9
      vertex -17.7056 -11.798 1.9
    endloop
  endfacet
  facet normal 0 0 1
    outer loop
      vertex -18.53 10.18 1.9
      vertex -17.9442 11.5942 1.9
      vertex -18.0508 11.4789 1.9
    endloop
  endfacet
  facet normal 0 0 1
    outer loop
      vertex -17.7056 -11.798 1.9
      vertex -18.53 -10.18 1.9
      vertex -17.8289 -11.7008 1.9
    endloop
  endfacet
  facet normal 0 0 1
    outer loop
      vertex -18.53 10.18 1.9
      vertex -18.0508 11.4789 1.9
      vertex -18.148 11.3556 1.9
    endloop
  endfacet
  facet normal 0 0 1
    outer loop
      vertex -17.8289 -11.7008 1.9
      vertex -18.53 -10.18 1.9
      vertex -17.9442 -11.5942 1.9
    endloop
  endfacet
  facet normal 0 0 1
    outer loop
      vertex -18.53 10.18 1.9
      vertex -18.148 11.3556 1.9
      vertex -18.2353 11.225 1.9
    endloop
  endfacet
  facet normal 0 0 1
    outer loop
      vertex -17.9442 -11.5942 1.9
      vertex -18.53 -10.18 1.9
      vertex -18.0508 -11.4789 1.9
    endloop
  endfacet
  facet normal 0 0 1
    outer loop
      vertex -18.53 10.18 1.9
      vertex -18.2353 11.225 1.9
      vertex -18.312 11.088 1.9
    endloop
  endfacet
  facet normal 0 0 1
    outer loop
      vertex -18.0508 -11.4789 1.9
      vertex -18.53 -10.18 1.9
      vertex -18.148 -11.3556 1.9
    endloop
  endfacet
  facet normal 0 0 1
    outer loop
      vertex -18.53 10.18 1.9
      vertex -18.312 11.088 1.9
      vertex -18.3778 10.9454 1.9
    endloop
  endfacet
  facet normal 0 0 1
    outer loop
      vertex -18.148 -11.3556 1.9
      vertex -18.53 -10.18 1.9
      vertex -18.2353 -11.225 1.9
    endloop
  endfacet
  facet normal 0 0 1
    outer loop
      vertex -18.53 10.18 1.9
      vertex -18.3778 10.9454 1.9
      vertex -18.4321 10.798 1.9
    endloop
  endfacet
  facet normal 0 0 1
    outer loop
      vertex -18.2353 -11.225 1.9
      vertex -18.53 -10.18 1.9
      vertex -18.312 -11.088 1.9
    endloop
  endfacet
  facet normal 0 0 1
    outer loop
      vertex -18.53 10.18 1.9
      vertex -18.4321 10.798 1.9
      vertex -18.4747 10.6469 1.9
    endloop
  endfacet
  facet normal 0 0 1
    outer loop
      vertex -18.312 -11.088 1.9
      vertex -18.53 -10.18 1.9
      vertex -18.3778 -10.9454 1.9
    endloop
  endfacet
  facet normal 0 0 1
    outer loop
      vertex -18.53 10.18 1.9
      vertex -18.4747 10.6469 1.9
      vertex -18.5054 10.4929 1.9
    endloop
  endfacet
  facet normal 0 0 1
    outer loop
      vertex -18.3778 -10.9454 1.9
      vertex -18.53 -10.18 1.9
      vertex -18.4321 -10.798 1.9
    endloop
  endfacet
  facet normal 0 0 1
    outer loop
      vertex -18.53 10.18 1.9
      vertex -18.5054 10.4929 1.9
      vertex -18.5238 10.3369 1.9
    endloop
  endfacet
  facet normal 0 0 1
    outer loop
      vertex -18.4321 -10.798 1.9
      vertex -18.53 -10.18 1.9
      vertex -18.4747 -10.6469 1.9
    endloop
  endfacet
  facet normal 0 0 1
    outer loop
      vertex -18.4747 -10.6469 1.9
      vertex -18.53 -10.18 1.9
      vertex -18.5054 -10.4929 1.9
    endloop
  endfacet
  facet normal 0 0 1
    outer loop
      vertex -18.5054 -10.4929 1.9
      vertex -18.53 -10.18 1.9
      vertex -18.5238 -10.3369 1.9
    endloop
  endfacet
  facet normal -0.117137 0.993116 0
    outer loop
      vertex 16.8429 -12.1554 1.9
      vertex 16.6869 -12.1738 3
      vertex 16.8429 -12.1554 3
    endloop
  endfacet
  facet normal -0.117137 0.993116 0
    outer loop
      vertex 16.6869 -12.1738 3
      vertex 16.8429 -12.1554 1.9
      vertex 16.6869 -12.1738 1.9
    endloop
  endfacet
  facet normal -0.734266 -0.678862 0
    outer loop
      vertex 18.0508 11.4789 1.9
      vertex 17.9442 11.5942 3
      vertex 17.9442 11.5942 1.9
    endloop
  endfacet
  facet normal -0.734266 -0.678862 0
    outer loop
      vertex 17.9442 11.5942 3
      vertex 18.0508 11.4789 1.9
      vertex 18.0508 11.4789 3
    endloop
  endfacet
  facet normal 0.785323 0.619087 0
    outer loop
      vertex -18.0508 -11.4789 3
      vertex -18.148 -11.3556 1.9
      vertex -18.148 -11.3556 3
    endloop
  endfacet
  facet normal 0.785323 0.619087 0
    outer loop
      vertex -18.148 -11.3556 1.9
      vertex -18.0508 -11.4789 3
      vertex -18.0508 -11.4789 1.9
    endloop
  endfacet
  facet normal 0.831364 0.555728 0
    outer loop
      vertex -18.148 -11.3556 3
      vertex -18.2353 -11.225 1.9
      vertex -18.2353 -11.225 3
    endloop
  endfacet
  facet normal 0.831364 0.555728 0
    outer loop
      vertex -18.2353 -11.225 1.9
      vertex -18.148 -11.3556 3
      vertex -18.148 -11.3556 1.9
    endloop
  endfacet
  facet normal -0.907997 -0.418977 0
    outer loop
      vertex 18.3778 10.9454 1.9
      vertex 18.312 11.088 3
      vertex 18.312 11.088 1.9
    endloop
  endfacet
  facet normal -0.907997 -0.418977 0
    outer loop
      vertex 18.312 11.088 3
      vertex 18.3778 10.9454 1.9
      vertex 18.3778 10.9454 3
    endloop
  endfacet
  facet normal -0.96248 0.271354 0
    outer loop
      vertex 18.4321 -10.798 1.9
      vertex 18.4747 -10.6469 3
      vertex 18.4747 -10.6469 1.9
    endloop
  endfacet
  facet normal -0.96248 0.271354 0
    outer loop
      vertex 18.4747 -10.6469 3
      vertex 18.4321 -10.798 1.9
      vertex 18.4321 -10.798 3
    endloop
  endfacet
  facet normal -0.87256 -0.488506 0
    outer loop
      vertex 18.312 11.088 1.9
      vertex 18.2353 11.225 3
      vertex 18.2353 11.225 1.9
    endloop
  endfacet
  facet normal -0.87256 -0.488506 0
    outer loop
      vertex 18.2353 11.225 3
      vertex 18.312 11.088 1.9
      vertex 18.312 11.088 3
    endloop
  endfacet
  facet normal -0.619087 -0.785323 0
    outer loop
      vertex 17.7056 11.798 1.9
      vertex 17.8289 11.7008 3
      vertex 17.7056 11.798 3
    endloop
  endfacet
  facet normal -0.619087 -0.785323 -0
    outer loop
      vertex 17.8289 11.7008 3
      vertex 17.7056 11.798 1.9
      vertex 17.8289 11.7008 1.9
    endloop
  endfacet
  facet normal 0.418977 -0.907997 0
    outer loop
      vertex -17.438 11.962 1.9
      vertex -17.2954 12.0278 3
      vertex -17.438 11.962 3
    endloop
  endfacet
  facet normal 0.418977 -0.907997 0
    outer loop
      vertex -17.2954 12.0278 3
      vertex -17.438 11.962 1.9
      vertex -17.2954 12.0278 1.9
    endloop
  endfacet
  facet normal -0.345676 0.938354 0
    outer loop
      vertex 17.2954 -12.0278 1.9
      vertex 17.148 -12.0821 3
      vertex 17.2954 -12.0278 3
    endloop
  endfacet
  facet normal -0.345676 0.938354 0
    outer loop
      vertex 17.148 -12.0821 3
      vertex 17.2954 -12.0278 1.9
      vertex 17.148 -12.0821 1.9
    endloop
  endfacet
  facet normal -0.99922 -0.0394848 0
    outer loop
      vertex 18.53 10.18 1.9
      vertex 18.5238 10.3369 3
      vertex 18.5238 10.3369 1.9
    endloop
  endfacet
  facet normal -0.99922 -0.0394848 0
    outer loop
      vertex 18.5238 10.3369 3
      vertex 18.53 10.18 1.9
      vertex 18.53 10.18 3
    endloop
  endfacet
  facet normal -0.785323 0.619087 0
    outer loop
      vertex 18.0508 -11.4789 1.9
      vertex 18.148 -11.3556 3
      vertex 18.148 -11.3556 1.9
    endloop
  endfacet
  facet normal -0.785323 0.619087 0
    outer loop
      vertex 18.148 -11.3556 3
      vertex 18.0508 -11.4789 1.9
      vertex 18.0508 -11.4789 3
    endloop
  endfacet
  facet normal -0.938354 0.345676 0
    outer loop
      vertex 18.3778 -10.9454 1.9
      vertex 18.4321 -10.798 3
      vertex 18.4321 -10.798 1.9
    endloop
  endfacet
  facet normal -0.938354 0.345676 0
    outer loop
      vertex 18.4321 -10.798 3
      vertex 18.3778 -10.9454 1.9
      vertex 18.3778 -10.9454 3
    endloop
  endfacet
  facet normal -0.271354 0.96248 0
    outer loop
      vertex 17.148 -12.0821 1.9
      vertex 16.9969 -12.1247 3
      vertex 17.148 -12.0821 3
    endloop
  endfacet
  facet normal -0.271354 0.96248 0
    outer loop
      vertex 16.9969 -12.1247 3
      vertex 17.148 -12.0821 1.9
      vertex 16.9969 -12.1247 1.9
    endloop
  endfacet
  facet normal -0.993116 -0.117137 0
    outer loop
      vertex 18.5238 10.3369 1.9
      vertex 18.5054 10.4929 3
      vertex 18.5054 10.4929 1.9
    endloop
  endfacet
  facet normal -0.993116 -0.117137 0
    outer loop
      vertex 18.5054 10.4929 3
      vertex 18.5238 10.3369 1.9
      vertex 18.5238 10.3369 3
    endloop
  endfacet
  facet normal -0.907997 0.418977 0
    outer loop
      vertex 18.312 -11.088 1.9
      vertex 18.3778 -10.9454 3
      vertex 18.3778 -10.9454 1.9
    endloop
  endfacet
  facet normal -0.907997 0.418977 0
    outer loop
      vertex 18.3778 -10.9454 3
      vertex 18.312 -11.088 1.9
      vertex 18.312 -11.088 3
    endloop
  endfacet
  facet normal 0.785323 -0.619087 0
    outer loop
      vertex -18.148 11.3556 3
      vertex -18.0508 11.4789 1.9
      vertex -18.0508 11.4789 3
    endloop
  endfacet
  facet normal 0.785323 -0.619087 0
    outer loop
      vertex -18.0508 11.4789 1.9
      vertex -18.148 11.3556 3
      vertex -18.148 11.3556 1.9
    endloop
  endfacet
  facet normal -0.980703 0.195504 0
    outer loop
      vertex 18.4747 -10.6469 1.9
      vertex 18.5054 -10.4929 3
      vertex 18.5054 -10.4929 1.9
    endloop
  endfacet
  facet normal -0.980703 0.195504 0
    outer loop
      vertex 18.5054 -10.4929 3
      vertex 18.4747 -10.6469 1.9
      vertex 18.4747 -10.6469 3
    endloop
  endfacet
  facet normal -0.87256 0.488506 0
    outer loop
      vertex 18.2353 -11.225 1.9
      vertex 18.312 -11.088 3
      vertex 18.312 -11.088 1.9
    endloop
  endfacet
  facet normal -0.87256 0.488506 0
    outer loop
      vertex 18.312 -11.088 3
      vertex 18.2353 -11.225 1.9
      vertex 18.2353 -11.225 3
    endloop
  endfacet
  facet normal -0.195504 0.980703 0
    outer loop
      vertex 16.9969 -12.1247 1.9
      vertex 16.8429 -12.1554 3
      vertex 16.9969 -12.1247 3
    endloop
  endfacet
  facet normal -0.195504 0.980703 0
    outer loop
      vertex 16.8429 -12.1554 3
      vertex 16.9969 -12.1247 1.9
      vertex 16.8429 -12.1554 1.9
    endloop
  endfacet
  facet normal -0.785323 -0.619087 0
    outer loop
      vertex 18.148 11.3556 1.9
      vertex 18.0508 11.4789 3
      vertex 18.0508 11.4789 1.9
    endloop
  endfacet
  facet normal -0.785323 -0.619087 0
    outer loop
      vertex 18.0508 11.4789 3
      vertex 18.148 11.3556 1.9
      vertex 18.148 11.3556 3
    endloop
  endfacet
  facet normal -0.831364 -0.555728 0
    outer loop
      vertex 18.2353 11.225 1.9
      vertex 18.148 11.3556 3
      vertex 18.148 11.3556 1.9
    endloop
  endfacet
  facet normal -0.831364 -0.555728 0
    outer loop
      vertex 18.148 11.3556 3
      vertex 18.2353 11.225 1.9
      vertex 18.2353 11.225 3
    endloop
  endfacet
  facet normal -0.678862 -0.734266 0
    outer loop
      vertex 17.8289 11.7008 1.9
      vertex 17.9442 11.5942 3
      vertex 17.8289 11.7008 3
    endloop
  endfacet
  facet normal -0.678862 -0.734266 -0
    outer loop
      vertex 17.9442 11.5942 3
      vertex 17.8289 11.7008 1.9
      vertex 17.9442 11.5942 1.9
    endloop
  endfacet
  facet normal 0.831364 -0.555728 0
    outer loop
      vertex -18.2353 11.225 3
      vertex -18.148 11.3556 1.9
      vertex -18.148 11.3556 3
    endloop
  endfacet
  facet normal 0.831364 -0.555728 0
    outer loop
      vertex -18.148 11.3556 1.9
      vertex -18.2353 11.225 3
      vertex -18.2353 11.225 1.9
    endloop
  endfacet
  facet normal -0.980703 -0.195504 0
    outer loop
      vertex 18.5054 10.4929 1.9
      vertex 18.4747 10.6469 3
      vertex 18.4747 10.6469 1.9
    endloop
  endfacet
  facet normal -0.980703 -0.195504 0
    outer loop
      vertex 18.4747 10.6469 3
      vertex 18.5054 10.4929 1.9
      vertex 18.5054 10.4929 3
    endloop
  endfacet
  facet normal -0.938354 -0.345676 0
    outer loop
      vertex 18.4321 10.798 1.9
      vertex 18.3778 10.9454 3
      vertex 18.3778 10.9454 1.9
    endloop
  endfacet
  facet normal -0.938354 -0.345676 0
    outer loop
      vertex 18.3778 10.9454 3
      vertex 18.4321 10.798 1.9
      vertex 18.4321 10.798 3
    endloop
  endfacet
endsolid OpenSCAD_Model
