solid OpenSCAD_Model
  facet normal 0.509042 -0.860742 0
    outer loop
      vertex 44.9958 -81.847 0
      vertex 50.0462 -78.8602 32
      vertex 44.9958 -81.847 32
    endloop
  endfacet
  facet normal 0.509042 -0.860742 0
    outer loop
      vertex 50.0462 -78.8602 32
      vertex 44.9958 -81.847 0
      vertex 50.0462 -78.8602 0
    endloop
  endfacet
  facet normal 0.995562 0.0941114 0
    outer loop
      vertex 93.2157 5.86463 32
      vertex 92.6635 11.7061 0
      vertex 92.6635 11.7061 32
    endloop
  endfacet
  facet normal 0.995562 0.0941114 0
    outer loop
      vertex 92.6635 11.7061 0
      vertex 93.2157 5.86463 32
      vertex 93.2157 5.86463 0
    endloop
  endfacet
  facet normal 0.999507 0.0314102 0
    outer loop
      vertex 93.2965 3.29349 13.2072
      vertex 93.2157 5.86463 0
      vertex 93.2157 5.86463 32
    endloop
  endfacet
  facet normal 0.999502 0.0315455 2.63544e-05
    outer loop
      vertex 93.2157 5.86463 0
      vertex 93.2965 3.29349 13.2072
      vertex 93.2963 3.3 13
    endloop
  endfacet
  facet normal 0.999515 0.0311359 3.75644e-05
    outer loop
      vertex 93.2157 5.86463 32
      vertex 93.2971 3.27398 13.4136
      vertex 93.2965 3.29349 13.2072
    endloop
  endfacet
  facet normal 0.999516 0.0310945 4.33489e-05
    outer loop
      vertex 93.2157 5.86463 32
      vertex 93.2981 3.24155 13.6184
      vertex 93.2971 3.27398 13.4136
    endloop
  endfacet
  facet normal 0.999473 0.0324648 -0.000152387
    outer loop
      vertex 93.2157 5.86463 32
      vertex 93.2996 3.19632 13.8207
      vertex 93.2981 3.24155 13.6184
    endloop
  endfacet
  facet normal 0.999513 0.031217 3.0934e-05
    outer loop
      vertex 93.2157 5.86463 32
      vertex 93.3014 3.13849 14.0198
      vertex 93.2996 3.19632 13.8207
    endloop
  endfacet
  facet normal 0.999509 0.031343 1.18108e-05
    outer loop
      vertex 93.2157 5.86463 32
      vertex 93.3036 3.06826 14.2148
      vertex 93.3014 3.13849 14.0198
    endloop
  endfacet
  facet normal 0.999503 0.0315255 -1.68995e-05
    outer loop
      vertex 93.2157 5.86463 32
      vertex 93.3062 2.98593 14.4051
      vertex 93.3036 3.06826 14.2148
    endloop
  endfacet
  facet normal 0.999521 0.0309491 7.74999e-05
    outer loop
      vertex 93.2157 5.86463 32
      vertex 93.3091 2.89181 14.5898
      vertex 93.3062 2.98593 14.4051
    endloop
  endfacet
  facet normal 0.99951 0.0312884 1.95018e-05
    outer loop
      vertex 93.2157 5.86463 32
      vertex 93.3124 2.78628 14.7682
      vertex 93.3091 2.89181 14.5898
    endloop
  endfacet
  facet normal 0.999498 0.0316673 -4.82492e-05
    outer loop
      vertex 93.2157 5.86463 32
      vertex 93.3161 2.66976 14.9397
      vertex 93.3124 2.78628 14.7682
    endloop
  endfacet
  facet normal 0.999505 0.0314528 -8.04158e-06
    outer loop
      vertex 93.2157 5.86463 32
      vertex 93.3201 2.54269 15.1035
      vertex 93.3161 2.66976 14.9397
    endloop
  endfacet
  facet normal 0.999508 0.031362 9.82748e-06
    outer loop
      vertex 93.2157 5.86463 32
      vertex 93.3244 2.4056 15.259
      vertex 93.3201 2.54269 15.1035
    endloop
  endfacet
  facet normal 0.999508 0.0313705 8.06067e-06
    outer loop
      vertex 93.2157 5.86463 32
      vertex 93.329 2.259 15.4056
      vertex 93.3244 2.4056 15.259
    endloop
  endfacet
  facet normal 0.999504 0.0314815 -1.60704e-05
    outer loop
      vertex 93.2157 5.86463 32
      vertex 93.3339 2.1035 15.5427
      vertex 93.329 2.259 15.4056
    endloop
  endfacet
  facet normal 0.999514 0.0311626 5.68672e-05
    outer loop
      vertex 93.2157 5.86463 32
      vertex 93.339 1.93969 15.6698
      vertex 93.3339 2.1035 15.5427
    endloop
  endfacet
  facet normal 0.999505 0.0314674 -1.64653e-05
    outer loop
      vertex 93.2157 5.86463 32
      vertex 93.3444 1.76823 15.7863
      vertex 93.339 1.93969 15.6698
    endloop
  endfacet
  facet normal 0.999508 0.0313722 7.63094e-06
    outer loop
      vertex 93.2157 5.86463 32
      vertex 93.35 1.58979 15.8918
      vertex 93.3444 1.76823 15.7863
    endloop
  endfacet
  facet normal 0.999507 0.0313855 4.09063e-06
    outer loop
      vertex 93.2157 5.86463 32
      vertex 93.3558 1.40507 15.9859
      vertex 93.35 1.58979 15.8918
    endloop
  endfacet
  facet normal 0.999504 0.0315072 -2.98401e-05
    outer loop
      vertex 93.2157 5.86463 32
      vertex 93.3618 1.21481 16.0683
      vertex 93.3558 1.40507 15.9859
    endloop
  endfacet
  facet normal 0.999496 0.0317359 -9.66575e-05
    outer loop
      vertex 93.2157 5.86463 32
      vertex 93.368 1.01976 16.1385
      vertex 93.3618 1.21481 16.0683
    endloop
  endfacet
  facet normal 0.999515 0.0311513 8.20763e-05
    outer loop
      vertex 93.2157 5.86463 32
      vertex 93.3742 0.820676 16.1963
      vertex 93.368 1.01976 16.1385
    endloop
  endfacet
  facet normal 0.999507 0.0314102 -6.13265e-07
    outer loop
      vertex 93.4 0 32
      vertex 93.3742 0.820676 16.1963
      vertex 93.2157 5.86463 32
    endloop
  endfacet
  facet normal 0.9995 0.0316198 1.02857e-05
    outer loop
      vertex 93.3742 0.820676 16.1963
      vertex 93.4 0 32
      vertex 93.3806 0.618358 16.2415
    endloop
  endfacet
  facet normal 0.999512 0.0312403 -4.62364e-06
    outer loop
      vertex 93.3806 0.618358 16.2415
      vertex 93.4 0 32
      vertex 93.387 0.413599 16.274
    endloop
  endfacet
  facet normal 0.999504 0.0314783 1.64345e-06
    outer loop
      vertex 93.387 0.413599 16.274
      vertex 93.4 0 32
      vertex 93.3935 0.207209 16.2935
    endloop
  endfacet
  facet normal 0.999508 0.0313539 0
    outer loop
      vertex 93.3935 0.207209 16.2935
      vertex 93.4 0 32
      vertex 93.4 0 16.3
    endloop
  endfacet
  facet normal 0.99951 0.0313152 -1.91133e-05
    outer loop
      vertex 93.2965 3.29349 12.7928
      vertex 93.2157 5.86463 0
      vertex 93.2963 3.3 13
    endloop
  endfacet
  facet normal 0.999513 0.0311955 -4.31999e-05
    outer loop
      vertex 93.2971 3.27398 12.5864
      vertex 93.2157 5.86463 0
      vertex 93.2965 3.29349 12.7928
    endloop
  endfacet
  facet normal 0.999515 0.0311512 -5.2334e-05
    outer loop
      vertex 93.2981 3.24155 12.3816
      vertex 93.2157 5.86463 0
      vertex 93.2971 3.27398 12.5864
    endloop
  endfacet
  facet normal 0.999478 0.0322954 0.000190305
    outer loop
      vertex 93.2996 3.19632 12.1793
      vertex 93.2157 5.86463 0
      vertex 93.2981 3.24155 12.3816
    endloop
  endfacet
  facet normal 0.999512 0.0312469 -3.96208e-05
    outer loop
      vertex 93.3014 3.13849 11.9802
      vertex 93.2157 5.86463 0
      vertex 93.2996 3.19632 12.1793
    endloop
  endfacet
  facet normal 0.999508 0.0313531 -1.54356e-05
    outer loop
      vertex 93.3036 3.06826 11.7852
      vertex 93.2157 5.86463 0
      vertex 93.3014 3.13849 11.9802
    endloop
  endfacet
  facet normal 0.999503 0.0315126 2.24559e-05
    outer loop
      vertex 93.3062 2.98593 11.5949
      vertex 93.2157 5.86463 0
      vertex 93.3036 3.06826 11.7852
    endloop
  endfacet
  facet normal 0.999519 0.0310019 -0.000104466
    outer loop
      vertex 93.3091 2.89181 11.4102
      vertex 93.2157 5.86463 0
      vertex 93.3062 2.98593 11.5949
    endloop
  endfacet
  facet normal 0.99951 0.0313004 -2.6621e-05
    outer loop
      vertex 93.3124 2.78628 11.2318
      vertex 93.2157 5.86463 0
      vertex 93.3091 2.89181 11.4102
    endloop
  endfacet
  facet normal 0.999499 0.0316403 6.66151e-05
    outer loop
      vertex 93.3161 2.66976 11.0603
      vertex 93.2157 5.86463 0
      vertex 93.3124 2.78628 11.2318
    endloop
  endfacet
  facet normal 0.999505 0.0314487 1.12204e-05
    outer loop
      vertex 93.3201 2.54269 10.8965
      vertex 93.2157 5.86463 0
      vertex 93.3161 2.66976 11.0603
    endloop
  endfacet
  facet normal 0.999508 0.0313665 -1.38484e-05
    outer loop
      vertex 93.3244 2.4056 10.741
      vertex 93.2157 5.86463 0
      vertex 93.3201 2.54269 10.8965
    endloop
  endfacet
  facet normal 0.999508 0.0313739 -1.14666e-05
    outer loop
      vertex 93.329 2.259 10.5944
      vertex 93.2157 5.86463 0
      vertex 93.3244 2.4056 10.741
    endloop
  endfacet
  facet normal 0.999505 0.0314753 2.3071e-05
    outer loop
      vertex 93.3339 2.1035 10.4573
      vertex 93.2157 5.86463 0
      vertex 93.329 2.259 10.5944
    endloop
  endfacet
  facet normal 0.999514 0.0311824 -8.23766e-05
    outer loop
      vertex 93.339 1.93969 10.3302
      vertex 93.2157 5.86463 0
      vertex 93.3339 2.1035 10.4573
    endloop
  endfacet
  facet normal 0.999505 0.0314623 2.40665e-05
    outer loop
      vertex 93.3444 1.76823 10.2137
      vertex 93.2157 5.86463 0
      vertex 93.339 1.93969 10.3302
    endloop
  endfacet
  facet normal 0.999508 0.0313743 -1.12545e-05
    outer loop
      vertex 93.35 1.58979 10.1082
      vertex 93.2157 5.86463 0
      vertex 93.3444 1.76823 10.2137
    endloop
  endfacet
  facet normal 0.999507 0.0313865 -6.08834e-06
    outer loop
      vertex 93.3558 1.40507 10.0141
      vertex 93.2157 5.86463 0
      vertex 93.35 1.58979 10.1082
    endloop
  endfacet
  facet normal 0.999504 0.0315007 4.48318e-05
    outer loop
      vertex 93.3618 1.21481 9.93174
      vertex 93.2157 5.86463 0
      vertex 93.3558 1.40507 10.0141
    endloop
  endfacet
  facet normal 0.999497 0.0317179 0.000146621
    outer loop
      vertex 93.368 1.01976 9.86151
      vertex 93.2157 5.86463 0
      vertex 93.3618 1.21481 9.93174
    endloop
  endfacet
  facet normal 0.999516 0.0311202 2.52865e-05
    outer loop
      vertex 93.4 0 0
      vertex 93.368 1.01976 9.86151
      vertex 93.3742 0.820676 9.80367
    endloop
  endfacet
  facet normal 0.9995 0.0316213 -1.67009e-05
    outer loop
      vertex 93.4 0 0
      vertex 93.3742 0.820676 9.80367
      vertex 93.3806 0.618358 9.75845
    endloop
  endfacet
  facet normal 0.999512 0.0312398 7.49524e-06
    outer loop
      vertex 93.4 0 0
      vertex 93.3806 0.618358 9.75845
      vertex 93.387 0.413599 9.72602
    endloop
  endfacet
  facet normal 0.999504 0.0314784 -2.66138e-06
    outer loop
      vertex 93.4 0 0
      vertex 93.387 0.413599 9.72602
      vertex 93.3935 0.207209 9.70651
    endloop
  endfacet
  facet normal 0.999508 0.0313539 -0
    outer loop
      vertex 93.4 0 0
      vertex 93.3935 0.207209 9.70651
      vertex 93.4 0 9.7
    endloop
  endfacet
  facet normal 0.999507 0.0314102 -4.72858e-06
    outer loop
      vertex 93.368 1.01976 9.86151
      vertex 93.4 0 0
      vertex 93.2157 5.86463 0
    endloop
  endfacet
  facet normal 0.987688 0.156437 0
    outer loop
      vertex 92.6635 11.7061 32
      vertex 91.7456 17.5014 0
      vertex 91.7456 17.5014 32
    endloop
  endfacet
  facet normal 0.987688 0.156437 0
    outer loop
      vertex 91.7456 17.5014 0
      vertex 92.6635 11.7061 32
      vertex 92.6635 11.7061 0
    endloop
  endfacet
  facet normal 0.975919 0.218134 0
    outer loop
      vertex 91.7456 17.5014 32
      vertex 90.4657 23.2276 0
      vertex 90.4657 23.2276 32
    endloop
  endfacet
  facet normal 0.975919 0.218134 0
    outer loop
      vertex 90.4657 23.2276 0
      vertex 91.7456 17.5014 32
      vertex 91.7456 17.5014 0
    endloop
  endfacet
  facet normal -0.827083 0.56208 0
    outer loop
      vertex -78.8602 50.0462 0
      vertex -75.5622 54.8991 32
      vertex -75.5622 54.8991 0
    endloop
  endfacet
  facet normal -0.827083 0.56208 0
    outer loop
      vertex -75.5622 54.8991 32
      vertex -78.8602 50.0462 0
      vertex -78.8602 50.0462 32
    endloop
  endfacet
  facet normal -0.960294 -0.278991 0
    outer loop
      vertex -88.8287 -28.8622 0
      vertex -90.4657 -23.2276 32
      vertex -90.4657 -23.2276 0
    endloop
  endfacet
  facet normal -0.960294 -0.278991 0
    outer loop
      vertex -90.4657 -23.2276 32
      vertex -88.8287 -28.8622 0
      vertex -88.8287 -28.8622 32
    endloop
  endfacet
  facet normal 0.891006 -0.453991 0
    outer loop
      vertex 81.847 -44.9958 32
      vertex 84.5108 -39.7678 0
      vertex 84.5108 -39.7678 32
    endloop
  endfacet
  facet normal 0.891006 -0.453991 0
    outer loop
      vertex 84.5108 -39.7678 0
      vertex 81.847 -44.9958 32
      vertex 81.847 -44.9958 0
    endloop
  endfacet
  facet normal -0.453991 -0.891006 0
    outer loop
      vertex -44.9958 -81.847 0
      vertex -39.7678 -84.5108 32
      vertex -44.9958 -81.847 32
    endloop
  endfacet
  facet normal -0.453991 -0.891006 -0
    outer loop
      vertex -39.7678 -84.5108 32
      vertex -44.9958 -81.847 0
      vertex -39.7678 -84.5108 0
    endloop
  endfacet
  facet normal -0.156437 -0.987688 0
    outer loop
      vertex -17.5014 -91.7456 0
      vertex -11.7061 -92.6635 32
      vertex -17.5014 -91.7456 32
    endloop
  endfacet
  facet normal -0.156437 -0.987688 -0
    outer loop
      vertex -11.7061 -92.6635 32
      vertex -17.5014 -91.7456 0
      vertex -11.7061 -92.6635 0
    endloop
  endfacet
  facet normal 0.661305 0.750117 -0
    outer loop
      vertex 63.9367 68.0857 0
      vertex 59.5354 71.9659 32
      vertex 63.9367 68.0857 32
    endloop
  endfacet
  facet normal 0.661305 0.750117 0
    outer loop
      vertex 59.5354 71.9659 32
      vertex 63.9367 68.0857 0
      vertex 59.5354 71.9659 0
    endloop
  endfacet
  facet normal 0.960294 0.278991 0
    outer loop
      vertex 90.4657 23.2276 32
      vertex 88.8287 28.8622 0
      vertex 88.8287 28.8622 32
    endloop
  endfacet
  facet normal 0.960294 0.278991 0
    outer loop
      vertex 88.8287 28.8622 0
      vertex 90.4657 23.2276 32
      vertex 90.4657 23.2276 0
    endloop
  endfacet
  facet normal 0.56208 -0.827083 0
    outer loop
      vertex 50.0462 -78.8602 0
      vertex 54.8991 -75.5622 32
      vertex 50.0462 -78.8602 32
    endloop
  endfacet
  facet normal 0.56208 -0.827083 0
    outer loop
      vertex 54.8991 -75.5622 32
      vertex 50.0462 -78.8602 0
      vertex 54.8991 -75.5622 0
    endloop
  endfacet
  facet normal -0.995562 -0.0941114 0
    outer loop
      vertex -92.6635 -11.7061 0
      vertex -93.2157 -5.86463 32
      vertex -93.2157 -5.86463 0
    endloop
  endfacet
  facet normal -0.995562 -0.0941114 0
    outer loop
      vertex -93.2157 -5.86463 32
      vertex -92.6635 -11.7061 0
      vertex -92.6635 -11.7061 32
    endloop
  endfacet
  facet normal 0.0941114 0.995562 -0
    outer loop
      vertex 11.7061 92.6635 0
      vertex 5.86463 93.2157 32
      vertex 11.7061 92.6635 32
    endloop
  endfacet
  facet normal 0.0941114 0.995562 0
    outer loop
      vertex 5.86463 93.2157 32
      vertex 11.7061 92.6635 0
      vertex 5.86463 93.2157 0
    endloop
  endfacet
  facet normal 0.790154 -0.612909 0
    outer loop
      vertex 71.9659 -59.5354 32
      vertex 75.5622 -54.8991 0
      vertex 75.5622 -54.8991 32
    endloop
  endfacet
  facet normal 0.790154 -0.612909 0
    outer loop
      vertex 75.5622 -54.8991 0
      vertex 71.9659 -59.5354 32
      vertex 71.9659 -59.5354 0
    endloop
  endfacet
  facet normal -0.707107 -0.707107 0
    outer loop
      vertex -63.9367 -68.0857 0
      vertex -68.0857 -63.9367 32
      vertex -68.0857 -63.9367 0
    endloop
  endfacet
  facet normal -0.707107 -0.707107 0
    outer loop
      vertex -68.0857 -63.9367 32
      vertex -63.9367 -68.0857 0
      vertex -63.9367 -68.0857 32
    endloop
  endfacet
  facet normal -0.338747 -0.940877 0
    outer loop
      vertex -34.3828 -86.8411 0
      vertex -28.8622 -88.8287 32
      vertex -34.3828 -86.8411 32
    endloop
  endfacet
  facet normal -0.338747 -0.940877 -0
    outer loop
      vertex -28.8622 -88.8287 32
      vertex -34.3828 -86.8411 0
      vertex -28.8622 -88.8287 0
    endloop
  endfacet
  facet normal -0.218134 0.975919 0
    outer loop
      vertex -17.5014 91.7456 0
      vertex -23.2276 90.4657 32
      vertex -17.5014 91.7456 32
    endloop
  endfacet
  facet normal -0.218134 0.975919 0
    outer loop
      vertex -23.2276 90.4657 32
      vertex -17.5014 91.7456 0
      vertex -23.2276 90.4657 0
    endloop
  endfacet
  facet normal -0.917754 0.397148 0
    outer loop
      vertex -86.8411 34.3828 0
      vertex -84.5108 39.7678 32
      vertex -84.5108 39.7678 0
    endloop
  endfacet
  facet normal -0.917754 0.397148 0
    outer loop
      vertex -84.5108 39.7678 32
      vertex -86.8411 34.3828 0
      vertex -86.8411 34.3828 32
    endloop
  endfacet
  facet normal 0.707107 -0.707107 0
    outer loop
      vertex 63.9367 -68.0857 32
      vertex 68.0857 -63.9367 0
      vertex 68.0857 -63.9367 32
    endloop
  endfacet
  facet normal 0.707107 -0.707107 0
    outer loop
      vertex 68.0857 -63.9367 0
      vertex 63.9367 -68.0857 32
      vertex 63.9367 -68.0857 0
    endloop
  endfacet
  facet normal -0.999502 0.0315455 2.63544e-05
    outer loop
      vertex -93.2965 3.29349 13.2072
      vertex -93.2157 5.86463 0
      vertex -93.2963 3.3 13
    endloop
  endfacet
  facet normal -0.99951 0.0313152 -1.91133e-05
    outer loop
      vertex -93.2157 5.86463 0
      vertex -93.2965 3.29349 12.7928
      vertex -93.2963 3.3 13
    endloop
  endfacet
  facet normal -0.999513 0.0311955 -4.31999e-05
    outer loop
      vertex -93.2157 5.86463 0
      vertex -93.2971 3.27398 12.5864
      vertex -93.2965 3.29349 12.7928
    endloop
  endfacet
  facet normal -0.999515 0.0311512 -5.2334e-05
    outer loop
      vertex -93.2157 5.86463 0
      vertex -93.2981 3.24155 12.3816
      vertex -93.2971 3.27398 12.5864
    endloop
  endfacet
  facet normal -0.999478 0.0322954 0.000190305
    outer loop
      vertex -93.2157 5.86463 0
      vertex -93.2996 3.19632 12.1793
      vertex -93.2981 3.24155 12.3816
    endloop
  endfacet
  facet normal -0.999512 0.0312469 -3.96208e-05
    outer loop
      vertex -93.2157 5.86463 0
      vertex -93.3014 3.13849 11.9802
      vertex -93.2996 3.19632 12.1793
    endloop
  endfacet
  facet normal -0.999508 0.0313531 -1.54356e-05
    outer loop
      vertex -93.2157 5.86463 0
      vertex -93.3036 3.06826 11.7852
      vertex -93.3014 3.13849 11.9802
    endloop
  endfacet
  facet normal -0.999503 0.0315126 2.24559e-05
    outer loop
      vertex -93.2157 5.86463 0
      vertex -93.3062 2.98593 11.5949
      vertex -93.3036 3.06826 11.7852
    endloop
  endfacet
  facet normal -0.999519 0.0310019 -0.000104466
    outer loop
      vertex -93.2157 5.86463 0
      vertex -93.3091 2.89181 11.4102
      vertex -93.3062 2.98593 11.5949
    endloop
  endfacet
  facet normal -0.99951 0.0313004 -2.6621e-05
    outer loop
      vertex -93.2157 5.86463 0
      vertex -93.3124 2.78628 11.2318
      vertex -93.3091 2.89181 11.4102
    endloop
  endfacet
  facet normal -0.999499 0.0316403 6.66151e-05
    outer loop
      vertex -93.2157 5.86463 0
      vertex -93.3161 2.66976 11.0603
      vertex -93.3124 2.78628 11.2318
    endloop
  endfacet
  facet normal -0.999505 0.0314487 1.12204e-05
    outer loop
      vertex -93.2157 5.86463 0
      vertex -93.3201 2.54269 10.8965
      vertex -93.3161 2.66976 11.0603
    endloop
  endfacet
  facet normal -0.999508 0.0313665 -1.38484e-05
    outer loop
      vertex -93.2157 5.86463 0
      vertex -93.3244 2.4056 10.741
      vertex -93.3201 2.54269 10.8965
    endloop
  endfacet
  facet normal -0.999508 0.0313739 -1.14666e-05
    outer loop
      vertex -93.2157 5.86463 0
      vertex -93.329 2.259 10.5944
      vertex -93.3244 2.4056 10.741
    endloop
  endfacet
  facet normal -0.999505 0.0314753 2.3071e-05
    outer loop
      vertex -93.2157 5.86463 0
      vertex -93.3339 2.1035 10.4573
      vertex -93.329 2.259 10.5944
    endloop
  endfacet
  facet normal -0.999514 0.0311824 -8.23766e-05
    outer loop
      vertex -93.2157 5.86463 0
      vertex -93.339 1.93969 10.3302
      vertex -93.3339 2.1035 10.4573
    endloop
  endfacet
  facet normal -0.999505 0.0314623 2.40665e-05
    outer loop
      vertex -93.2157 5.86463 0
      vertex -93.3444 1.76823 10.2137
      vertex -93.339 1.93969 10.3302
    endloop
  endfacet
  facet normal -0.999508 0.0313743 -1.12545e-05
    outer loop
      vertex -93.2157 5.86463 0
      vertex -93.35 1.58979 10.1082
      vertex -93.3444 1.76823 10.2137
    endloop
  endfacet
  facet normal -0.999507 0.0313865 -6.08834e-06
    outer loop
      vertex -93.2157 5.86463 0
      vertex -93.3558 1.40507 10.0141
      vertex -93.35 1.58979 10.1082
    endloop
  endfacet
  facet normal -0.999504 0.0315007 4.48318e-05
    outer loop
      vertex -93.2157 5.86463 0
      vertex -93.3618 1.21481 9.93174
      vertex -93.3558 1.40507 10.0141
    endloop
  endfacet
  facet normal -0.999497 0.0317179 0.000146621
    outer loop
      vertex -93.2157 5.86463 0
      vertex -93.368 1.01976 9.86151
      vertex -93.3618 1.21481 9.93174
    endloop
  endfacet
  facet normal -0.999507 0.0314102 -4.72858e-06
    outer loop
      vertex -93.4 0 0
      vertex -93.368 1.01976 9.86151
      vertex -93.2157 5.86463 0
    endloop
  endfacet
  facet normal -0.999516 0.0311202 2.52865e-05
    outer loop
      vertex -93.368 1.01976 9.86151
      vertex -93.4 0 0
      vertex -93.3742 0.820676 9.80367
    endloop
  endfacet
  facet normal -0.9995 0.0316213 -1.67009e-05
    outer loop
      vertex -93.3742 0.820676 9.80367
      vertex -93.4 0 0
      vertex -93.3806 0.618358 9.75845
    endloop
  endfacet
  facet normal -0.999512 0.0312398 7.49524e-06
    outer loop
      vertex -93.3806 0.618358 9.75845
      vertex -93.4 0 0
      vertex -93.387 0.413599 9.72602
    endloop
  endfacet
  facet normal -0.999504 0.0314784 -2.66138e-06
    outer loop
      vertex -93.387 0.413599 9.72602
      vertex -93.4 0 0
      vertex -93.3935 0.207209 9.70651
    endloop
  endfacet
  facet normal -0.999508 0.0313539 0
    outer loop
      vertex -93.3935 0.207209 9.70651
      vertex -93.4 0 0
      vertex -93.4 0 9.7
    endloop
  endfacet
  facet normal -0.999507 0.0314102 0
    outer loop
      vertex -93.2157 5.86463 0
      vertex -93.2965 3.29349 13.2072
      vertex -93.2157 5.86463 32
    endloop
  endfacet
  facet normal -0.999515 0.0311359 3.75644e-05
    outer loop
      vertex -93.2971 3.27398 13.4136
      vertex -93.2157 5.86463 32
      vertex -93.2965 3.29349 13.2072
    endloop
  endfacet
  facet normal -0.999516 0.0310945 4.33489e-05
    outer loop
      vertex -93.2981 3.24155 13.6184
      vertex -93.2157 5.86463 32
      vertex -93.2971 3.27398 13.4136
    endloop
  endfacet
  facet normal -0.999473 0.0324648 -0.000152387
    outer loop
      vertex -93.2996 3.19632 13.8207
      vertex -93.2157 5.86463 32
      vertex -93.2981 3.24155 13.6184
    endloop
  endfacet
  facet normal -0.999513 0.031217 3.0934e-05
    outer loop
      vertex -93.3014 3.13849 14.0198
      vertex -93.2157 5.86463 32
      vertex -93.2996 3.19632 13.8207
    endloop
  endfacet
  facet normal -0.999509 0.031343 1.18108e-05
    outer loop
      vertex -93.3036 3.06826 14.2148
      vertex -93.2157 5.86463 32
      vertex -93.3014 3.13849 14.0198
    endloop
  endfacet
  facet normal -0.999503 0.0315255 -1.68995e-05
    outer loop
      vertex -93.3062 2.98593 14.4051
      vertex -93.2157 5.86463 32
      vertex -93.3036 3.06826 14.2148
    endloop
  endfacet
  facet normal -0.999521 0.0309491 7.74999e-05
    outer loop
      vertex -93.3091 2.89181 14.5898
      vertex -93.2157 5.86463 32
      vertex -93.3062 2.98593 14.4051
    endloop
  endfacet
  facet normal -0.99951 0.0312884 1.95018e-05
    outer loop
      vertex -93.3124 2.78628 14.7682
      vertex -93.2157 5.86463 32
      vertex -93.3091 2.89181 14.5898
    endloop
  endfacet
  facet normal -0.999498 0.0316673 -4.82492e-05
    outer loop
      vertex -93.3161 2.66976 14.9397
      vertex -93.2157 5.86463 32
      vertex -93.3124 2.78628 14.7682
    endloop
  endfacet
  facet normal -0.999505 0.0314528 -8.04158e-06
    outer loop
      vertex -93.3201 2.54269 15.1035
      vertex -93.2157 5.86463 32
      vertex -93.3161 2.66976 14.9397
    endloop
  endfacet
  facet normal -0.999508 0.031362 9.82748e-06
    outer loop
      vertex -93.3244 2.4056 15.259
      vertex -93.2157 5.86463 32
      vertex -93.3201 2.54269 15.1035
    endloop
  endfacet
  facet normal -0.999508 0.0313705 8.06067e-06
    outer loop
      vertex -93.329 2.259 15.4056
      vertex -93.2157 5.86463 32
      vertex -93.3244 2.4056 15.259
    endloop
  endfacet
  facet normal -0.999504 0.0314815 -1.60704e-05
    outer loop
      vertex -93.3339 2.1035 15.5427
      vertex -93.2157 5.86463 32
      vertex -93.329 2.259 15.4056
    endloop
  endfacet
  facet normal -0.999514 0.0311626 5.68672e-05
    outer loop
      vertex -93.339 1.93969 15.6698
      vertex -93.2157 5.86463 32
      vertex -93.3339 2.1035 15.5427
    endloop
  endfacet
  facet normal -0.999505 0.0314674 -1.64653e-05
    outer loop
      vertex -93.3444 1.76823 15.7863
      vertex -93.2157 5.86463 32
      vertex -93.339 1.93969 15.6698
    endloop
  endfacet
  facet normal -0.999508 0.0313722 7.63094e-06
    outer loop
      vertex -93.35 1.58979 15.8918
      vertex -93.2157 5.86463 32
      vertex -93.3444 1.76823 15.7863
    endloop
  endfacet
  facet normal -0.999507 0.0313855 4.09063e-06
    outer loop
      vertex -93.3558 1.40507 15.9859
      vertex -93.2157 5.86463 32
      vertex -93.35 1.58979 15.8918
    endloop
  endfacet
  facet normal -0.999504 0.0315072 -2.98401e-05
    outer loop
      vertex -93.3618 1.21481 16.0683
      vertex -93.2157 5.86463 32
      vertex -93.3558 1.40507 15.9859
    endloop
  endfacet
  facet normal -0.999496 0.0317359 -9.66575e-05
    outer loop
      vertex -93.368 1.01976 16.1385
      vertex -93.2157 5.86463 32
      vertex -93.3618 1.21481 16.0683
    endloop
  endfacet
  facet normal -0.999515 0.0311513 8.20763e-05
    outer loop
      vertex -93.3742 0.820676 16.1963
      vertex -93.2157 5.86463 32
      vertex -93.368 1.01976 16.1385
    endloop
  endfacet
  facet normal -0.9995 0.0316198 1.02857e-05
    outer loop
      vertex -93.4 0 32
      vertex -93.3742 0.820676 16.1963
      vertex -93.3806 0.618358 16.2415
    endloop
  endfacet
  facet normal -0.999512 0.0312403 -4.62364e-06
    outer loop
      vertex -93.4 0 32
      vertex -93.3806 0.618358 16.2415
      vertex -93.387 0.413599 16.274
    endloop
  endfacet
  facet normal -0.999504 0.0314783 1.64345e-06
    outer loop
      vertex -93.4 0 32
      vertex -93.387 0.413599 16.274
      vertex -93.3935 0.207209 16.2935
    endloop
  endfacet
  facet normal -0.999508 0.0313539 0
    outer loop
      vertex -93.4 0 32
      vertex -93.3935 0.207209 16.2935
      vertex -93.4 0 16.3
    endloop
  endfacet
  facet normal -0.999507 0.0314102 -6.13265e-07
    outer loop
      vertex -93.3742 0.820676 16.1963
      vertex -93.4 0 32
      vertex -93.2157 5.86463 32
    endloop
  endfacet
  facet normal 0.56208 0.827083 -0
    outer loop
      vertex 54.8991 75.5622 0
      vertex 50.0462 78.8602 32
      vertex 54.8991 75.5622 32
    endloop
  endfacet
  facet normal 0.56208 0.827083 0
    outer loop
      vertex 50.0462 78.8602 32
      vertex 54.8991 75.5622 0
      vertex 50.0462 78.8602 0
    endloop
  endfacet
  facet normal 0.397148 -0.917754 0
    outer loop
      vertex 34.3828 -86.8411 0
      vertex 39.7678 -84.5108 32
      vertex 34.3828 -86.8411 32
    endloop
  endfacet
  facet normal 0.397148 -0.917754 0
    outer loop
      vertex 39.7678 -84.5108 32
      vertex 34.3828 -86.8411 0
      vertex 39.7678 -84.5108 0
    endloop
  endfacet
  facet normal 0.0314102 -0.999507 0
    outer loop
      vertex 0 -93.4 0
      vertex 5.86463 -93.2157 32
      vertex 0 -93.4 32
    endloop
  endfacet
  facet normal 0.0314102 -0.999507 0
    outer loop
      vertex 5.86463 -93.2157 32
      vertex 0 -93.4 0
      vertex 5.86463 -93.2157 0
    endloop
  endfacet
  facet normal -0.56208 0.827083 0
    outer loop
      vertex -50.0462 78.8602 0
      vertex -54.8991 75.5622 32
      vertex -50.0462 78.8602 32
    endloop
  endfacet
  facet normal -0.56208 0.827083 0
    outer loop
      vertex -54.8991 75.5622 32
      vertex -50.0462 78.8602 0
      vertex -54.8991 75.5622 0
    endloop
  endfacet
  facet normal -0.917754 -0.397148 0
    outer loop
      vertex -84.5108 -39.7678 0
      vertex -86.8411 -34.3828 32
      vertex -86.8411 -34.3828 0
    endloop
  endfacet
  facet normal -0.917754 -0.397148 0
    outer loop
      vertex -86.8411 -34.3828 32
      vertex -84.5108 -39.7678 0
      vertex -84.5108 -39.7678 32
    endloop
  endfacet
  facet normal -0.218134 -0.975919 0
    outer loop
      vertex -23.2276 -90.4657 0
      vertex -17.5014 -91.7456 32
      vertex -23.2276 -90.4657 32
    endloop
  endfacet
  facet normal -0.218134 -0.975919 -0
    outer loop
      vertex -17.5014 -91.7456 32
      vertex -23.2276 -90.4657 0
      vertex -17.5014 -91.7456 0
    endloop
  endfacet
  facet normal 0.960294 -0.278991 0
    outer loop
      vertex 88.8287 -28.8622 32
      vertex 90.4657 -23.2276 0
      vertex 90.4657 -23.2276 32
    endloop
  endfacet
  facet normal 0.960294 -0.278991 0
    outer loop
      vertex 90.4657 -23.2276 0
      vertex 88.8287 -28.8622 32
      vertex 88.8287 -28.8622 0
    endloop
  endfacet
  facet normal 0.999508 -0.0313539 0
    outer loop
      vertex 93.4 0 32
      vertex 93.3935 -0.207209 16.2935
      vertex 93.4 0 16.3
    endloop
  endfacet
  facet normal 0.999504 -0.0314783 1.64345e-06
    outer loop
      vertex 93.4 0 32
      vertex 93.387 -0.413599 16.274
      vertex 93.3935 -0.207209 16.2935
    endloop
  endfacet
  facet normal 0.999512 -0.0312403 -4.62364e-06
    outer loop
      vertex 93.4 0 32
      vertex 93.3806 -0.618358 16.2415
      vertex 93.387 -0.413599 16.274
    endloop
  endfacet
  facet normal 0.9995 -0.0316198 1.02857e-05
    outer loop
      vertex 93.4 0 32
      vertex 93.3742 -0.820676 16.1963
      vertex 93.3806 -0.618358 16.2415
    endloop
  endfacet
  facet normal 0.999507 -0.0314102 -6.13265e-07
    outer loop
      vertex 93.2157 -5.86463 32
      vertex 93.3742 -0.820676 16.1963
      vertex 93.4 0 32
    endloop
  endfacet
  facet normal 0.999515 -0.0311513 8.20763e-05
    outer loop
      vertex 93.3742 -0.820676 16.1963
      vertex 93.2157 -5.86463 32
      vertex 93.368 -1.01976 16.1385
    endloop
  endfacet
  facet normal 0.999496 -0.0317359 -9.66575e-05
    outer loop
      vertex 93.368 -1.01976 16.1385
      vertex 93.2157 -5.86463 32
      vertex 93.3618 -1.21481 16.0683
    endloop
  endfacet
  facet normal 0.999504 -0.0315072 -2.98401e-05
    outer loop
      vertex 93.3618 -1.21481 16.0683
      vertex 93.2157 -5.86463 32
      vertex 93.3558 -1.40507 15.9859
    endloop
  endfacet
  facet normal 0.999507 -0.0313855 4.09063e-06
    outer loop
      vertex 93.3558 -1.40507 15.9859
      vertex 93.2157 -5.86463 32
      vertex 93.35 -1.58979 15.8918
    endloop
  endfacet
  facet normal 0.999508 -0.0313722 7.63094e-06
    outer loop
      vertex 93.35 -1.58979 15.8918
      vertex 93.2157 -5.86463 32
      vertex 93.3444 -1.76823 15.7863
    endloop
  endfacet
  facet normal 0.999505 -0.0314674 -1.64653e-05
    outer loop
      vertex 93.3444 -1.76823 15.7863
      vertex 93.2157 -5.86463 32
      vertex 93.339 -1.93969 15.6698
    endloop
  endfacet
  facet normal 0.999514 -0.0311626 5.68672e-05
    outer loop
      vertex 93.339 -1.93969 15.6698
      vertex 93.2157 -5.86463 32
      vertex 93.3339 -2.1035 15.5427
    endloop
  endfacet
  facet normal 0.999504 -0.0314815 -1.60704e-05
    outer loop
      vertex 93.3339 -2.1035 15.5427
      vertex 93.2157 -5.86463 32
      vertex 93.329 -2.259 15.4056
    endloop
  endfacet
  facet normal 0.999508 -0.0313705 8.06067e-06
    outer loop
      vertex 93.329 -2.259 15.4056
      vertex 93.2157 -5.86463 32
      vertex 93.3244 -2.4056 15.259
    endloop
  endfacet
  facet normal 0.999508 -0.031362 9.82748e-06
    outer loop
      vertex 93.3244 -2.4056 15.259
      vertex 93.2157 -5.86463 32
      vertex 93.3201 -2.54269 15.1035
    endloop
  endfacet
  facet normal 0.999505 -0.0314528 -8.04158e-06
    outer loop
      vertex 93.3201 -2.54269 15.1035
      vertex 93.2157 -5.86463 32
      vertex 93.3161 -2.66976 14.9397
    endloop
  endfacet
  facet normal 0.999498 -0.0316673 -4.82492e-05
    outer loop
      vertex 93.3161 -2.66976 14.9397
      vertex 93.2157 -5.86463 32
      vertex 93.3124 -2.78628 14.7682
    endloop
  endfacet
  facet normal 0.99951 -0.0312884 1.95018e-05
    outer loop
      vertex 93.3124 -2.78628 14.7682
      vertex 93.2157 -5.86463 32
      vertex 93.3091 -2.89181 14.5898
    endloop
  endfacet
  facet normal 0.999521 -0.0309491 7.74999e-05
    outer loop
      vertex 93.3091 -2.89181 14.5898
      vertex 93.2157 -5.86463 32
      vertex 93.3062 -2.98593 14.4051
    endloop
  endfacet
  facet normal 0.999503 -0.0315255 -1.68995e-05
    outer loop
      vertex 93.3062 -2.98593 14.4051
      vertex 93.2157 -5.86463 32
      vertex 93.3036 -3.06826 14.2148
    endloop
  endfacet
  facet normal 0.999509 -0.031343 1.18108e-05
    outer loop
      vertex 93.3036 -3.06826 14.2148
      vertex 93.2157 -5.86463 32
      vertex 93.3014 -3.13849 14.0198
    endloop
  endfacet
  facet normal 0.999513 -0.031217 3.0934e-05
    outer loop
      vertex 93.3014 -3.13849 14.0198
      vertex 93.2157 -5.86463 32
      vertex 93.2996 -3.19632 13.8207
    endloop
  endfacet
  facet normal 0.999507 -0.0314102 0
    outer loop
      vertex 93.2157 -5.86463 0
      vertex 93.2965 -3.29349 13.2072
      vertex 93.2157 -5.86463 32
    endloop
  endfacet
  facet normal 0.999515 -0.0311359 3.75644e-05
    outer loop
      vertex 93.2971 -3.27398 13.4136
      vertex 93.2157 -5.86463 32
      vertex 93.2965 -3.29349 13.2072
    endloop
  endfacet
  facet normal 0.999516 -0.0310945 4.33489e-05
    outer loop
      vertex 93.2981 -3.24155 13.6184
      vertex 93.2157 -5.86463 32
      vertex 93.2971 -3.27398 13.4136
    endloop
  endfacet
  facet normal 0.999473 -0.0324648 -0.000152387
    outer loop
      vertex 93.2996 -3.19632 13.8207
      vertex 93.2157 -5.86463 32
      vertex 93.2981 -3.24155 13.6184
    endloop
  endfacet
  facet normal 0.999508 -0.0313539 0
    outer loop
      vertex 93.3935 -0.207209 9.70651
      vertex 93.4 0 0
      vertex 93.4 0 9.7
    endloop
  endfacet
  facet normal 0.999504 -0.0314784 -2.66138e-06
    outer loop
      vertex 93.387 -0.413599 9.72602
      vertex 93.4 0 0
      vertex 93.3935 -0.207209 9.70651
    endloop
  endfacet
  facet normal 0.999512 -0.0312398 7.49524e-06
    outer loop
      vertex 93.3806 -0.618358 9.75845
      vertex 93.4 0 0
      vertex 93.387 -0.413599 9.72602
    endloop
  endfacet
  facet normal 0.9995 -0.0316213 -1.67009e-05
    outer loop
      vertex 93.3742 -0.820676 9.80367
      vertex 93.4 0 0
      vertex 93.3806 -0.618358 9.75845
    endloop
  endfacet
  facet normal 0.999516 -0.0311202 2.52865e-05
    outer loop
      vertex 93.368 -1.01976 9.86151
      vertex 93.4 0 0
      vertex 93.3742 -0.820676 9.80367
    endloop
  endfacet
  facet normal 0.999497 -0.0317179 0.000146621
    outer loop
      vertex 93.2157 -5.86463 0
      vertex 93.368 -1.01976 9.86151
      vertex 93.3618 -1.21481 9.93174
    endloop
  endfacet
  facet normal 0.999504 -0.0315007 4.48318e-05
    outer loop
      vertex 93.2157 -5.86463 0
      vertex 93.3618 -1.21481 9.93174
      vertex 93.3558 -1.40507 10.0141
    endloop
  endfacet
  facet normal 0.999507 -0.0313865 -6.08834e-06
    outer loop
      vertex 93.2157 -5.86463 0
      vertex 93.3558 -1.40507 10.0141
      vertex 93.35 -1.58979 10.1082
    endloop
  endfacet
  facet normal 0.999508 -0.0313743 -1.12545e-05
    outer loop
      vertex 93.2157 -5.86463 0
      vertex 93.35 -1.58979 10.1082
      vertex 93.3444 -1.76823 10.2137
    endloop
  endfacet
  facet normal 0.999505 -0.0314623 2.40665e-05
    outer loop
      vertex 93.2157 -5.86463 0
      vertex 93.3444 -1.76823 10.2137
      vertex 93.339 -1.93969 10.3302
    endloop
  endfacet
  facet normal 0.999514 -0.0311824 -8.23766e-05
    outer loop
      vertex 93.2157 -5.86463 0
      vertex 93.339 -1.93969 10.3302
      vertex 93.3339 -2.1035 10.4573
    endloop
  endfacet
  facet normal 0.999505 -0.0314753 2.3071e-05
    outer loop
      vertex 93.2157 -5.86463 0
      vertex 93.3339 -2.1035 10.4573
      vertex 93.329 -2.259 10.5944
    endloop
  endfacet
  facet normal 0.999508 -0.0313739 -1.14666e-05
    outer loop
      vertex 93.2157 -5.86463 0
      vertex 93.329 -2.259 10.5944
      vertex 93.3244 -2.4056 10.741
    endloop
  endfacet
  facet normal 0.999508 -0.0313665 -1.38484e-05
    outer loop
      vertex 93.2157 -5.86463 0
      vertex 93.3244 -2.4056 10.741
      vertex 93.3201 -2.54269 10.8965
    endloop
  endfacet
  facet normal 0.999505 -0.0314487 1.12204e-05
    outer loop
      vertex 93.2157 -5.86463 0
      vertex 93.3201 -2.54269 10.8965
      vertex 93.3161 -2.66976 11.0603
    endloop
  endfacet
  facet normal 0.999499 -0.0316403 6.66151e-05
    outer loop
      vertex 93.2157 -5.86463 0
      vertex 93.3161 -2.66976 11.0603
      vertex 93.3124 -2.78628 11.2318
    endloop
  endfacet
  facet normal 0.99951 -0.0313004 -2.6621e-05
    outer loop
      vertex 93.2157 -5.86463 0
      vertex 93.3124 -2.78628 11.2318
      vertex 93.3091 -2.89181 11.4102
    endloop
  endfacet
  facet normal 0.999519 -0.0310019 -0.000104466
    outer loop
      vertex 93.2157 -5.86463 0
      vertex 93.3091 -2.89181 11.4102
      vertex 93.3062 -2.98593 11.5949
    endloop
  endfacet
  facet normal 0.999503 -0.0315126 2.24559e-05
    outer loop
      vertex 93.2157 -5.86463 0
      vertex 93.3062 -2.98593 11.5949
      vertex 93.3036 -3.06826 11.7852
    endloop
  endfacet
  facet normal 0.999508 -0.0313531 -1.54356e-05
    outer loop
      vertex 93.2157 -5.86463 0
      vertex 93.3036 -3.06826 11.7852
      vertex 93.3014 -3.13849 11.9802
    endloop
  endfacet
  facet normal 0.999512 -0.0312469 -3.96208e-05
    outer loop
      vertex 93.2157 -5.86463 0
      vertex 93.3014 -3.13849 11.9802
      vertex 93.2996 -3.19632 12.1793
    endloop
  endfacet
  facet normal 0.999502 -0.0315455 2.63544e-05
    outer loop
      vertex 93.2965 -3.29349 13.2072
      vertex 93.2157 -5.86463 0
      vertex 93.2963 -3.3 13
    endloop
  endfacet
  facet normal 0.99951 -0.0313152 -1.91133e-05
    outer loop
      vertex 93.2963 -3.3 13
      vertex 93.2157 -5.86463 0
      vertex 93.2965 -3.29349 12.7928
    endloop
  endfacet
  facet normal 0.999507 -0.0314102 -4.72858e-06
    outer loop
      vertex 93.368 -1.01976 9.86151
      vertex 93.2157 -5.86463 0
      vertex 93.4 0 0
    endloop
  endfacet
  facet normal 0.999478 -0.0322954 0.000190305
    outer loop
      vertex 93.2981 -3.24155 12.3816
      vertex 93.2157 -5.86463 0
      vertex 93.2996 -3.19632 12.1793
    endloop
  endfacet
  facet normal 0.999515 -0.0311512 -5.2334e-05
    outer loop
      vertex 93.2971 -3.27398 12.5864
      vertex 93.2157 -5.86463 0
      vertex 93.2981 -3.24155 12.3816
    endloop
  endfacet
  facet normal 0.999513 -0.0311955 -4.31999e-05
    outer loop
      vertex 93.2965 -3.29349 12.7928
      vertex 93.2157 -5.86463 0
      vertex 93.2971 -3.27398 12.5864
    endloop
  endfacet
  facet normal 0.0941114 -0.995562 0
    outer loop
      vertex 5.86463 -93.2157 0
      vertex 11.7061 -92.6635 32
      vertex 5.86463 -93.2157 32
    endloop
  endfacet
  facet normal 0.0941114 -0.995562 0
    outer loop
      vertex 11.7061 -92.6635 32
      vertex 5.86463 -93.2157 0
      vertex 11.7061 -92.6635 0
    endloop
  endfacet
  facet normal 0.975919 -0.218134 0
    outer loop
      vertex 90.4657 -23.2276 32
      vertex 91.7456 -17.5014 0
      vertex 91.7456 -17.5014 32
    endloop
  endfacet
  facet normal 0.975919 -0.218134 0
    outer loop
      vertex 91.7456 -17.5014 0
      vertex 90.4657 -23.2276 32
      vertex 90.4657 -23.2276 0
    endloop
  endfacet
  facet normal -0.397148 0.917754 0
    outer loop
      vertex -34.3828 86.8411 0
      vertex -39.7678 84.5108 32
      vertex -34.3828 86.8411 32
    endloop
  endfacet
  facet normal -0.397148 0.917754 0
    outer loop
      vertex -39.7678 84.5108 32
      vertex -34.3828 86.8411 0
      vertex -39.7678 84.5108 0
    endloop
  endfacet
  facet normal 0.860742 -0.509042 0
    outer loop
      vertex 78.8602 -50.0462 32
      vertex 81.847 -44.9958 0
      vertex 81.847 -44.9958 32
    endloop
  endfacet
  facet normal 0.860742 -0.509042 0
    outer loop
      vertex 81.847 -44.9958 0
      vertex 78.8602 -50.0462 32
      vertex 78.8602 -50.0462 0
    endloop
  endfacet
  facet normal -0.0941114 0.995562 0
    outer loop
      vertex -5.86463 93.2157 0
      vertex -11.7061 92.6635 32
      vertex -5.86463 93.2157 32
    endloop
  endfacet
  facet normal -0.0941114 0.995562 0
    outer loop
      vertex -11.7061 92.6635 32
      vertex -5.86463 93.2157 0
      vertex -11.7061 92.6635 0
    endloop
  endfacet
  facet normal 0.612909 -0.790154 0
    outer loop
      vertex 54.8991 -75.5622 0
      vertex 59.5354 -71.9659 32
      vertex 54.8991 -75.5622 32
    endloop
  endfacet
  facet normal 0.612909 -0.790154 0
    outer loop
      vertex 59.5354 -71.9659 32
      vertex 54.8991 -75.5622 0
      vertex 59.5354 -71.9659 0
    endloop
  endfacet
  facet normal -0.612909 0.790154 0
    outer loop
      vertex -54.8991 75.5622 0
      vertex -59.5354 71.9659 32
      vertex -54.8991 75.5622 32
    endloop
  endfacet
  facet normal -0.612909 0.790154 0
    outer loop
      vertex -59.5354 71.9659 32
      vertex -54.8991 75.5622 0
      vertex -59.5354 71.9659 0
    endloop
  endfacet
  facet normal 0.891006 0.453991 0
    outer loop
      vertex 84.5108 39.7678 32
      vertex 81.847 44.9958 0
      vertex 81.847 44.9958 32
    endloop
  endfacet
  facet normal 0.891006 0.453991 0
    outer loop
      vertex 81.847 44.9958 0
      vertex 84.5108 39.7678 32
      vertex 84.5108 39.7678 0
    endloop
  endfacet
  facet normal -0.156437 0.987688 0
    outer loop
      vertex -11.7061 92.6635 0
      vertex -17.5014 91.7456 32
      vertex -11.7061 92.6635 32
    endloop
  endfacet
  facet normal -0.156437 0.987688 0
    outer loop
      vertex -17.5014 91.7456 32
      vertex -11.7061 92.6635 0
      vertex -17.5014 91.7456 0
    endloop
  endfacet
  facet normal -0.960294 0.278991 0
    outer loop
      vertex -90.4657 23.2276 0
      vertex -88.8287 28.8622 32
      vertex -88.8287 28.8622 0
    endloop
  endfacet
  facet normal -0.960294 0.278991 0
    outer loop
      vertex -88.8287 28.8622 32
      vertex -90.4657 23.2276 0
      vertex -90.4657 23.2276 32
    endloop
  endfacet
  facet normal 0.917754 -0.397148 0
    outer loop
      vertex 84.5108 -39.7678 32
      vertex 86.8411 -34.3828 0
      vertex 86.8411 -34.3828 32
    endloop
  endfacet
  facet normal 0.917754 -0.397148 0
    outer loop
      vertex 86.8411 -34.3828 0
      vertex 84.5108 -39.7678 32
      vertex 84.5108 -39.7678 0
    endloop
  endfacet
  facet normal 0.338747 0.940877 -0
    outer loop
      vertex 34.3828 86.8411 0
      vertex 28.8622 88.8287 32
      vertex 34.3828 86.8411 32
    endloop
  endfacet
  facet normal 0.338747 0.940877 0
    outer loop
      vertex 28.8622 88.8287 32
      vertex 34.3828 86.8411 0
      vertex 28.8622 88.8287 0
    endloop
  endfacet
  facet normal -0.999508 -0.0313539 0
    outer loop
      vertex -93.4 0 0
      vertex -93.3935 -0.207209 9.70651
      vertex -93.4 0 9.7
    endloop
  endfacet
  facet normal -0.999504 -0.0314784 -2.66138e-06
    outer loop
      vertex -93.4 0 0
      vertex -93.387 -0.413599 9.72602
      vertex -93.3935 -0.207209 9.70651
    endloop
  endfacet
  facet normal -0.999512 -0.0312398 7.49524e-06
    outer loop
      vertex -93.4 0 0
      vertex -93.3806 -0.618358 9.75845
      vertex -93.387 -0.413599 9.72602
    endloop
  endfacet
  facet normal -0.9995 -0.0316213 -1.67009e-05
    outer loop
      vertex -93.4 0 0
      vertex -93.3742 -0.820676 9.80367
      vertex -93.3806 -0.618358 9.75845
    endloop
  endfacet
  facet normal -0.999516 -0.0311202 2.52865e-05
    outer loop
      vertex -93.4 0 0
      vertex -93.368 -1.01976 9.86151
      vertex -93.3742 -0.820676 9.80367
    endloop
  endfacet
  facet normal -0.999507 -0.0314102 -4.72858e-06
    outer loop
      vertex -93.2157 -5.86463 0
      vertex -93.368 -1.01976 9.86151
      vertex -93.4 0 0
    endloop
  endfacet
  facet normal -0.999497 -0.0317179 0.000146621
    outer loop
      vertex -93.368 -1.01976 9.86151
      vertex -93.2157 -5.86463 0
      vertex -93.3618 -1.21481 9.93174
    endloop
  endfacet
  facet normal -0.999504 -0.0315007 4.48318e-05
    outer loop
      vertex -93.3618 -1.21481 9.93174
      vertex -93.2157 -5.86463 0
      vertex -93.3558 -1.40507 10.0141
    endloop
  endfacet
  facet normal -0.999507 -0.0313865 -6.08834e-06
    outer loop
      vertex -93.3558 -1.40507 10.0141
      vertex -93.2157 -5.86463 0
      vertex -93.35 -1.58979 10.1082
    endloop
  endfacet
  facet normal -0.999508 -0.0313743 -1.12545e-05
    outer loop
      vertex -93.35 -1.58979 10.1082
      vertex -93.2157 -5.86463 0
      vertex -93.3444 -1.76823 10.2137
    endloop
  endfacet
  facet normal -0.999505 -0.0314623 2.40665e-05
    outer loop
      vertex -93.3444 -1.76823 10.2137
      vertex -93.2157 -5.86463 0
      vertex -93.339 -1.93969 10.3302
    endloop
  endfacet
  facet normal -0.999514 -0.0311824 -8.23766e-05
    outer loop
      vertex -93.339 -1.93969 10.3302
      vertex -93.2157 -5.86463 0
      vertex -93.3339 -2.1035 10.4573
    endloop
  endfacet
  facet normal -0.999505 -0.0314753 2.3071e-05
    outer loop
      vertex -93.3339 -2.1035 10.4573
      vertex -93.2157 -5.86463 0
      vertex -93.329 -2.259 10.5944
    endloop
  endfacet
  facet normal -0.999508 -0.0313739 -1.14666e-05
    outer loop
      vertex -93.329 -2.259 10.5944
      vertex -93.2157 -5.86463 0
      vertex -93.3244 -2.4056 10.741
    endloop
  endfacet
  facet normal -0.999508 -0.0313665 -1.38484e-05
    outer loop
      vertex -93.3244 -2.4056 10.741
      vertex -93.2157 -5.86463 0
      vertex -93.3201 -2.54269 10.8965
    endloop
  endfacet
  facet normal -0.999505 -0.0314487 1.12204e-05
    outer loop
      vertex -93.3201 -2.54269 10.8965
      vertex -93.2157 -5.86463 0
      vertex -93.3161 -2.66976 11.0603
    endloop
  endfacet
  facet normal -0.999499 -0.0316403 6.66151e-05
    outer loop
      vertex -93.3161 -2.66976 11.0603
      vertex -93.2157 -5.86463 0
      vertex -93.3124 -2.78628 11.2318
    endloop
  endfacet
  facet normal -0.99951 -0.0313004 -2.6621e-05
    outer loop
      vertex -93.3124 -2.78628 11.2318
      vertex -93.2157 -5.86463 0
      vertex -93.3091 -2.89181 11.4102
    endloop
  endfacet
  facet normal -0.999519 -0.0310019 -0.000104466
    outer loop
      vertex -93.3091 -2.89181 11.4102
      vertex -93.2157 -5.86463 0
      vertex -93.3062 -2.98593 11.5949
    endloop
  endfacet
  facet normal -0.999503 -0.0315126 2.24559e-05
    outer loop
      vertex -93.3062 -2.98593 11.5949
      vertex -93.2157 -5.86463 0
      vertex -93.3036 -3.06826 11.7852
    endloop
  endfacet
  facet normal -0.999508 -0.0313531 -1.54356e-05
    outer loop
      vertex -93.3036 -3.06826 11.7852
      vertex -93.2157 -5.86463 0
      vertex -93.3014 -3.13849 11.9802
    endloop
  endfacet
  facet normal -0.99951 -0.0313152 -1.91133e-05
    outer loop
      vertex -93.2965 -3.29349 12.7928
      vertex -93.2157 -5.86463 0
      vertex -93.2963 -3.3 13
    endloop
  endfacet
  facet normal -0.999513 -0.0311955 -4.31999e-05
    outer loop
      vertex -93.2971 -3.27398 12.5864
      vertex -93.2157 -5.86463 0
      vertex -93.2965 -3.29349 12.7928
    endloop
  endfacet
  facet normal -0.999515 -0.0311512 -5.2334e-05
    outer loop
      vertex -93.2981 -3.24155 12.3816
      vertex -93.2157 -5.86463 0
      vertex -93.2971 -3.27398 12.5864
    endloop
  endfacet
  facet normal -0.999478 -0.0322954 0.000190305
    outer loop
      vertex -93.2996 -3.19632 12.1793
      vertex -93.2157 -5.86463 0
      vertex -93.2981 -3.24155 12.3816
    endloop
  endfacet
  facet normal -0.999512 -0.0312469 -3.96208e-05
    outer loop
      vertex -93.3014 -3.13849 11.9802
      vertex -93.2157 -5.86463 0
      vertex -93.2996 -3.19632 12.1793
    endloop
  endfacet
  facet normal -0.999508 -0.0313539 0
    outer loop
      vertex -93.3935 -0.207209 16.2935
      vertex -93.4 0 32
      vertex -93.4 0 16.3
    endloop
  endfacet
  facet normal -0.999504 -0.0314783 1.64345e-06
    outer loop
      vertex -93.387 -0.413599 16.274
      vertex -93.4 0 32
      vertex -93.3935 -0.207209 16.2935
    endloop
  endfacet
  facet normal -0.999512 -0.0312403 -4.62364e-06
    outer loop
      vertex -93.3806 -0.618358 16.2415
      vertex -93.4 0 32
      vertex -93.387 -0.413599 16.274
    endloop
  endfacet
  facet normal -0.9995 -0.0316198 1.02857e-05
    outer loop
      vertex -93.3742 -0.820676 16.1963
      vertex -93.4 0 32
      vertex -93.3806 -0.618358 16.2415
    endloop
  endfacet
  facet normal -0.999515 -0.0311513 8.20763e-05
    outer loop
      vertex -93.2157 -5.86463 32
      vertex -93.3742 -0.820676 16.1963
      vertex -93.368 -1.01976 16.1385
    endloop
  endfacet
  facet normal -0.999496 -0.0317359 -9.66575e-05
    outer loop
      vertex -93.2157 -5.86463 32
      vertex -93.368 -1.01976 16.1385
      vertex -93.3618 -1.21481 16.0683
    endloop
  endfacet
  facet normal -0.999504 -0.0315072 -2.98401e-05
    outer loop
      vertex -93.2157 -5.86463 32
      vertex -93.3618 -1.21481 16.0683
      vertex -93.3558 -1.40507 15.9859
    endloop
  endfacet
  facet normal -0.999507 -0.0313855 4.09063e-06
    outer loop
      vertex -93.2157 -5.86463 32
      vertex -93.3558 -1.40507 15.9859
      vertex -93.35 -1.58979 15.8918
    endloop
  endfacet
  facet normal -0.999508 -0.0313722 7.63094e-06
    outer loop
      vertex -93.2157 -5.86463 32
      vertex -93.35 -1.58979 15.8918
      vertex -93.3444 -1.76823 15.7863
    endloop
  endfacet
  facet normal -0.999505 -0.0314674 -1.64653e-05
    outer loop
      vertex -93.2157 -5.86463 32
      vertex -93.3444 -1.76823 15.7863
      vertex -93.339 -1.93969 15.6698
    endloop
  endfacet
  facet normal -0.999514 -0.0311626 5.68672e-05
    outer loop
      vertex -93.2157 -5.86463 32
      vertex -93.339 -1.93969 15.6698
      vertex -93.3339 -2.1035 15.5427
    endloop
  endfacet
  facet normal -0.999504 -0.0314815 -1.60704e-05
    outer loop
      vertex -93.2157 -5.86463 32
      vertex -93.3339 -2.1035 15.5427
      vertex -93.329 -2.259 15.4056
    endloop
  endfacet
  facet normal -0.999508 -0.0313705 8.06067e-06
    outer loop
      vertex -93.2157 -5.86463 32
      vertex -93.329 -2.259 15.4056
      vertex -93.3244 -2.4056 15.259
    endloop
  endfacet
  facet normal -0.999508 -0.031362 9.82748e-06
    outer loop
      vertex -93.2157 -5.86463 32
      vertex -93.3244 -2.4056 15.259
      vertex -93.3201 -2.54269 15.1035
    endloop
  endfacet
  facet normal -0.999505 -0.0314528 -8.04158e-06
    outer loop
      vertex -93.2157 -5.86463 32
      vertex -93.3201 -2.54269 15.1035
      vertex -93.3161 -2.66976 14.9397
    endloop
  endfacet
  facet normal -0.999498 -0.0316673 -4.82492e-05
    outer loop
      vertex -93.2157 -5.86463 32
      vertex -93.3161 -2.66976 14.9397
      vertex -93.3124 -2.78628 14.7682
    endloop
  endfacet
  facet normal -0.99951 -0.0312884 1.95018e-05
    outer loop
      vertex -93.2157 -5.86463 32
      vertex -93.3124 -2.78628 14.7682
      vertex -93.3091 -2.89181 14.5898
    endloop
  endfacet
  facet normal -0.999521 -0.0309491 7.74999e-05
    outer loop
      vertex -93.2157 -5.86463 32
      vertex -93.3091 -2.89181 14.5898
      vertex -93.3062 -2.98593 14.4051
    endloop
  endfacet
  facet normal -0.999503 -0.0315255 -1.68995e-05
    outer loop
      vertex -93.2157 -5.86463 32
      vertex -93.3062 -2.98593 14.4051
      vertex -93.3036 -3.06826 14.2148
    endloop
  endfacet
  facet normal -0.999509 -0.031343 1.18108e-05
    outer loop
      vertex -93.2157 -5.86463 32
      vertex -93.3036 -3.06826 14.2148
      vertex -93.3014 -3.13849 14.0198
    endloop
  endfacet
  facet normal -0.999513 -0.031217 3.0934e-05
    outer loop
      vertex -93.2157 -5.86463 32
      vertex -93.3014 -3.13849 14.0198
      vertex -93.2996 -3.19632 13.8207
    endloop
  endfacet
  facet normal -0.999473 -0.0324648 -0.000152387
    outer loop
      vertex -93.2157 -5.86463 32
      vertex -93.2996 -3.19632 13.8207
      vertex -93.2981 -3.24155 13.6184
    endloop
  endfacet
  facet normal -0.999502 -0.0315455 2.63544e-05
    outer loop
      vertex -93.2157 -5.86463 0
      vertex -93.2965 -3.29349 13.2072
      vertex -93.2963 -3.3 13
    endloop
  endfacet
  facet normal -0.999507 -0.0314102 -0
    outer loop
      vertex -93.2157 -5.86463 32
      vertex -93.2965 -3.29349 13.2072
      vertex -93.2157 -5.86463 0
    endloop
  endfacet
  facet normal -0.999515 -0.0311359 3.75644e-05
    outer loop
      vertex -93.2965 -3.29349 13.2072
      vertex -93.2157 -5.86463 32
      vertex -93.2971 -3.27398 13.4136
    endloop
  endfacet
  facet normal -0.999516 -0.0310945 4.33489e-05
    outer loop
      vertex -93.2971 -3.27398 13.4136
      vertex -93.2157 -5.86463 32
      vertex -93.2981 -3.24155 13.6184
    endloop
  endfacet
  facet normal -0.999507 -0.0314102 -6.13265e-07
    outer loop
      vertex -93.3742 -0.820676 16.1963
      vertex -93.2157 -5.86463 32
      vertex -93.4 0 32
    endloop
  endfacet
  facet normal 0.278991 0.960294 -0
    outer loop
      vertex 28.8622 88.8287 0
      vertex 23.2276 90.4657 32
      vertex 28.8622 88.8287 32
    endloop
  endfacet
  facet normal 0.278991 0.960294 0
    outer loop
      vertex 23.2276 90.4657 32
      vertex 28.8622 88.8287 0
      vertex 23.2276 90.4657 0
    endloop
  endfacet
  facet normal 0.940877 -0.338747 0
    outer loop
      vertex 86.8411 -34.3828 32
      vertex 88.8287 -28.8622 0
      vertex 88.8287 -28.8622 32
    endloop
  endfacet
  facet normal 0.940877 -0.338747 0
    outer loop
      vertex 88.8287 -28.8622 0
      vertex 86.8411 -34.3828 32
      vertex 86.8411 -34.3828 0
    endloop
  endfacet
  facet normal 0.453991 -0.891006 0
    outer loop
      vertex 39.7678 -84.5108 0
      vertex 44.9958 -81.847 32
      vertex 39.7678 -84.5108 32
    endloop
  endfacet
  facet normal 0.453991 -0.891006 0
    outer loop
      vertex 44.9958 -81.847 32
      vertex 39.7678 -84.5108 0
      vertex 44.9958 -81.847 0
    endloop
  endfacet
  facet normal 0.707107 0.707107 0
    outer loop
      vertex 68.0857 63.9367 32
      vertex 63.9367 68.0857 0
      vertex 63.9367 68.0857 32
    endloop
  endfacet
  facet normal 0.707107 0.707107 0
    outer loop
      vertex 63.9367 68.0857 0
      vertex 68.0857 63.9367 32
      vertex 68.0857 63.9367 0
    endloop
  endfacet
  facet normal -0.891006 0.453991 0
    outer loop
      vertex -84.5108 39.7678 0
      vertex -81.847 44.9958 32
      vertex -81.847 44.9958 0
    endloop
  endfacet
  facet normal -0.891006 0.453991 0
    outer loop
      vertex -81.847 44.9958 32
      vertex -84.5108 39.7678 0
      vertex -84.5108 39.7678 32
    endloop
  endfacet
  facet normal 0.612909 0.790154 -0
    outer loop
      vertex 59.5354 71.9659 0
      vertex 54.8991 75.5622 32
      vertex 59.5354 71.9659 32
    endloop
  endfacet
  facet normal 0.612909 0.790154 0
    outer loop
      vertex 54.8991 75.5622 32
      vertex 59.5354 71.9659 0
      vertex 54.8991 75.5622 0
    endloop
  endfacet
  facet normal 0 0 1
    outer loop
      vertex 23 0 3
      vertex 87.5 0 3
      vertex 87.3273 5.49417 3
    endloop
  endfacet
  facet normal 0 0 1
    outer loop
      vertex 22.9546 1.44418 3
      vertex 87.3273 5.49417 3
      vertex 86.81 10.9667 3
    endloop
  endfacet
  facet normal 0 0 1
    outer loop
      vertex 87.5 0 3
      vertex 23 0 3
      vertex 87.3273 -5.49417 3
    endloop
  endfacet
  facet normal 0 0 1
    outer loop
      vertex 22.8186 2.88266 3
      vertex 86.81 10.9667 3
      vertex 85.9501 16.3959 3
    endloop
  endfacet
  facet normal -0 0 1
    outer loop
      vertex 22.9546 -1.44418 3
      vertex 87.3273 -5.49417 3
      vertex 23 0 3
    endloop
  endfacet
  facet normal 0 0 1
    outer loop
      vertex 22.5926 4.30977 3
      vertex 85.9501 16.3959 3
      vertex 84.751 21.7604 3
    endloop
  endfacet
  facet normal 0 0 1
    outer loop
      vertex 87.3273 -5.49417 3
      vertex 22.9546 -1.44418 3
      vertex 86.81 -10.9667 3
    endloop
  endfacet
  facet normal 0 0 1
    outer loop
      vertex 22.2774 5.71987 3
      vertex 84.751 21.7604 3
      vertex 83.2174 27.039 3
    endloop
  endfacet
  facet normal -0 0 1
    outer loop
      vertex 22.8186 -2.88266 3
      vertex 86.81 -10.9667 3
      vertex 22.9546 -1.44418 3
    endloop
  endfacet
  facet normal 0 0 1
    outer loop
      vertex 21.8743 7.10739 3
      vertex 83.2174 27.039 3
      vertex 81.3554 32.2109 3
    endloop
  endfacet
  facet normal 0 0 1
    outer loop
      vertex 86.81 -10.9667 3
      vertex 22.8186 -2.88266 3
      vertex 85.9501 -16.3959 3
    endloop
  endfacet
  facet normal 0 0 1
    outer loop
      vertex 21.3849 8.46686 3
      vertex 81.3554 32.2109 3
      vertex 79.1724 37.2557 3
    endloop
  endfacet
  facet normal -0 0 1
    outer loop
      vertex 22.5926 -4.30977 3
      vertex 85.9501 -16.3959 3
      vertex 22.8186 -2.88266 3
    endloop
  endfacet
  facet normal 0 0 1
    outer loop
      vertex 20.811 9.79292 3
      vertex 79.1724 37.2557 3
      vertex 76.6768 42.1534 3
    endloop
  endfacet
  facet normal 0 0 1
    outer loop
      vertex 85.9501 -16.3959 3
      vertex 22.5926 -4.30977 3
      vertex 84.751 -21.7604 3
    endloop
  endfacet
  facet normal 0 0 1
    outer loop
      vertex 20.1551 11.0803 3
      vertex 76.6768 42.1534 3
      vertex 73.8787 46.8848 3
    endloop
  endfacet
  facet normal -0 0 1
    outer loop
      vertex 22.2774 -5.71987 3
      vertex 84.751 -21.7604 3
      vertex 22.5926 -4.30977 3
    endloop
  endfacet
  facet normal 0 0 1
    outer loop
      vertex 19.4195 12.324 3
      vertex 73.8787 46.8848 3
      vertex 70.789 51.4312 3
    endloop
  endfacet
  facet normal 0 0 1
    outer loop
      vertex 84.751 -21.7604 3
      vertex 22.2774 -5.71987 3
      vertex 83.2174 -27.039 3
    endloop
  endfacet
  facet normal 0 0 1
    outer loop
      vertex 18.6074 13.5191 3
      vertex 70.789 51.4312 3
      vertex 67.4199 55.7746 3
    endloop
  endfacet
  facet normal -0 0 1
    outer loop
      vertex 21.8743 -7.10739 3
      vertex 83.2174 -27.039 3
      vertex 22.2774 -5.71987 3
    endloop
  endfacet
  facet normal 0 0 1
    outer loop
      vertex 17.7218 14.6608 3
      vertex 67.4199 55.7746 3
      vertex 63.7848 59.8979 3
    endloop
  endfacet
  facet normal 0 0 1
    outer loop
      vertex 83.2174 -27.039 3
      vertex 21.8743 -7.10739 3
      vertex 81.3554 -32.2109 3
    endloop
  endfacet
  facet normal 0 0 1
    outer loop
      vertex 16.7663 15.7446 3
      vertex 63.7848 59.8979 3
      vertex 59.8979 63.7848 3
    endloop
  endfacet
  facet normal -0 0 1
    outer loop
      vertex 21.3849 -8.46686 3
      vertex 81.3554 -32.2109 3
      vertex 21.8743 -7.10739 3
    endloop
  endfacet
  facet normal 0 0 1
    outer loop
      vertex 15.7446 16.7663 3
      vertex 59.8979 63.7848 3
      vertex 55.7746 67.4199 3
    endloop
  endfacet
  facet normal 0 0 1
    outer loop
      vertex 81.3554 -32.2109 3
      vertex 21.3849 -8.46686 3
      vertex 79.1724 -37.2557 3
    endloop
  endfacet
  facet normal 0 0 1
    outer loop
      vertex 14.6608 17.7218 3
      vertex 55.7746 67.4199 3
      vertex 51.4312 70.789 3
    endloop
  endfacet
  facet normal -0 0 1
    outer loop
      vertex 20.811 -9.79292 3
      vertex 79.1724 -37.2557 3
      vertex 21.3849 -8.46686 3
    endloop
  endfacet
  facet normal 0 0 1
    outer loop
      vertex 13.5191 18.6074 3
      vertex 51.4312 70.789 3
      vertex 46.8848 73.8787 3
    endloop
  endfacet
  facet normal 0 0 1
    outer loop
      vertex 79.1724 -37.2557 3
      vertex 20.811 -9.79292 3
      vertex 76.6768 -42.1534 3
    endloop
  endfacet
  facet normal 0 0 1
    outer loop
      vertex 12.324 19.4195 3
      vertex 46.8848 73.8787 3
      vertex 42.1534 76.6768 3
    endloop
  endfacet
  facet normal -0 0 1
    outer loop
      vertex 20.1551 -11.0803 3
      vertex 76.6768 -42.1534 3
      vertex 20.811 -9.79292 3
    endloop
  endfacet
  facet normal 0 0 1
    outer loop
      vertex 11.0803 20.1551 3
      vertex 42.1534 76.6768 3
      vertex 37.2557 79.1724 3
    endloop
  endfacet
  facet normal 0 0 1
    outer loop
      vertex 76.6768 -42.1534 3
      vertex 20.1551 -11.0803 3
      vertex 73.8787 -46.8848 3
    endloop
  endfacet
  facet normal 0 0 1
    outer loop
      vertex 9.79292 20.811 3
      vertex 37.2557 79.1724 3
      vertex 32.2109 81.3554 3
    endloop
  endfacet
  facet normal -0 0 1
    outer loop
      vertex 19.4195 -12.324 3
      vertex 73.8787 -46.8848 3
      vertex 20.1551 -11.0803 3
    endloop
  endfacet
  facet normal 0 0 1
    outer loop
      vertex 8.46686 21.3849 3
      vertex 32.2109 81.3554 3
      vertex 27.039 83.2174 3
    endloop
  endfacet
  facet normal 0 0 1
    outer loop
      vertex 73.8787 -46.8848 3
      vertex 19.4195 -12.324 3
      vertex 70.789 -51.4312 3
    endloop
  endfacet
  facet normal -0 0 1
    outer loop
      vertex 18.6074 -13.5191 3
      vertex 70.789 -51.4312 3
      vertex 19.4195 -12.324 3
    endloop
  endfacet
  facet normal 0 0 1
    outer loop
      vertex 87.3273 5.49417 3
      vertex 22.9546 1.44418 3
      vertex 23 0 3
    endloop
  endfacet
  facet normal 0 0 1
    outer loop
      vertex 86.81 10.9667 3
      vertex 22.8186 2.88266 3
      vertex 22.9546 1.44418 3
    endloop
  endfacet
  facet normal 0 0 1
    outer loop
      vertex 85.9501 16.3959 3
      vertex 22.5926 4.30977 3
      vertex 22.8186 2.88266 3
    endloop
  endfacet
  facet normal 0 0 1
    outer loop
      vertex 84.751 21.7604 3
      vertex 22.2774 5.71987 3
      vertex 22.5926 4.30977 3
    endloop
  endfacet
  facet normal 0 0 1
    outer loop
      vertex 83.2174 27.039 3
      vertex 21.8743 7.10739 3
      vertex 22.2774 5.71987 3
    endloop
  endfacet
  facet normal 0 0 1
    outer loop
      vertex 7.10739 21.8743 3
      vertex 27.039 83.2174 3
      vertex 21.7604 84.751 3
    endloop
  endfacet
  facet normal 0 0 1
    outer loop
      vertex 81.3554 32.2109 3
      vertex 21.3849 8.46686 3
      vertex 21.8743 7.10739 3
    endloop
  endfacet
  facet normal 0 0 1
    outer loop
      vertex 79.1724 37.2557 3
      vertex 20.811 9.79292 3
      vertex 21.3849 8.46686 3
    endloop
  endfacet
  facet normal 0 0 1
    outer loop
      vertex 76.6768 42.1534 3
      vertex 20.1551 11.0803 3
      vertex 20.811 9.79292 3
    endloop
  endfacet
  facet normal 0 0 1
    outer loop
      vertex 73.8787 46.8848 3
      vertex 19.4195 12.324 3
      vertex 20.1551 11.0803 3
    endloop
  endfacet
  facet normal 0 0 1
    outer loop
      vertex 70.789 51.4312 3
      vertex 18.6074 13.5191 3
      vertex 19.4195 12.324 3
    endloop
  endfacet
  facet normal 0 0 1
    outer loop
      vertex 67.4199 55.7746 3
      vertex 17.7218 14.6608 3
      vertex 18.6074 13.5191 3
    endloop
  endfacet
  facet normal 0 0 1
    outer loop
      vertex 63.7848 59.8979 3
      vertex 16.7663 15.7446 3
      vertex 17.7218 14.6608 3
    endloop
  endfacet
  facet normal 0 0 1
    outer loop
      vertex 5.71987 22.2774 3
      vertex 21.7604 84.751 3
      vertex 16.3959 85.9501 3
    endloop
  endfacet
  facet normal 0 0 1
    outer loop
      vertex 59.8979 63.7848 3
      vertex 15.7446 16.7663 3
      vertex 16.7663 15.7446 3
    endloop
  endfacet
  facet normal 0 0 1
    outer loop
      vertex 55.7746 67.4199 3
      vertex 14.6608 17.7218 3
      vertex 15.7446 16.7663 3
    endloop
  endfacet
  facet normal 0 0 1
    outer loop
      vertex 51.4312 70.789 3
      vertex 13.5191 18.6074 3
      vertex 14.6608 17.7218 3
    endloop
  endfacet
  facet normal 0 0 1
    outer loop
      vertex 46.8848 73.8787 3
      vertex 12.324 19.4195 3
      vertex 13.5191 18.6074 3
    endloop
  endfacet
  facet normal 0 0 1
    outer loop
      vertex 42.1534 76.6768 3
      vertex 11.0803 20.1551 3
      vertex 12.324 19.4195 3
    endloop
  endfacet
  facet normal 0 0 1
    outer loop
      vertex 4.30977 22.5926 3
      vertex 16.3959 85.9501 3
      vertex 10.9667 86.81 3
    endloop
  endfacet
  facet normal 0 0 1
    outer loop
      vertex 37.2557 79.1724 3
      vertex 9.79292 20.811 3
      vertex 11.0803 20.1551 3
    endloop
  endfacet
  facet normal 0 0 1
    outer loop
      vertex 32.2109 81.3554 3
      vertex 8.46686 21.3849 3
      vertex 9.79292 20.811 3
    endloop
  endfacet
  facet normal 0 0 1
    outer loop
      vertex 27.039 83.2174 3
      vertex 7.10739 21.8743 3
      vertex 8.46686 21.3849 3
    endloop
  endfacet
  facet normal 0 0 1
    outer loop
      vertex 21.7604 84.751 3
      vertex 5.71987 22.2774 3
      vertex 7.10739 21.8743 3
    endloop
  endfacet
  facet normal 0 0 1
    outer loop
      vertex 2.88266 22.8186 3
      vertex 10.9667 86.81 3
      vertex 5.49417 87.3273 3
    endloop
  endfacet
  facet normal 0 0 1
    outer loop
      vertex 16.3959 85.9501 3
      vertex 4.30977 22.5926 3
      vertex 5.71987 22.2774 3
    endloop
  endfacet
  facet normal 0 0 1
    outer loop
      vertex 10.9667 86.81 3
      vertex 2.88266 22.8186 3
      vertex 4.30977 22.5926 3
    endloop
  endfacet
  facet normal 0 0 1
    outer loop
      vertex 5.49417 87.3273 3
      vertex 1.44418 22.9546 3
      vertex 2.88266 22.8186 3
    endloop
  endfacet
  facet normal 0 0 1
    outer loop
      vertex 0 87.5 3
      vertex 1.44418 22.9546 3
      vertex 5.49417 87.3273 3
    endloop
  endfacet
  facet normal 0 0 1
    outer loop
      vertex 0 87.5 3
      vertex 0 23 3
      vertex 1.44418 22.9546 3
    endloop
  endfacet
  facet normal 0 0 1
    outer loop
      vertex 0 87.5 3
      vertex -1.44418 22.9546 3
      vertex 0 23 3
    endloop
  endfacet
  facet normal -0 0 1
    outer loop
      vertex -5.49417 87.3273 3
      vertex -1.44418 22.9546 3
      vertex 0 87.5 3
    endloop
  endfacet
  facet normal 0 0 1
    outer loop
      vertex -1.44418 22.9546 3
      vertex -5.49417 87.3273 3
      vertex -2.88266 22.8186 3
    endloop
  endfacet
  facet normal -0 0 1
    outer loop
      vertex -10.9667 86.81 3
      vertex -2.88266 22.8186 3
      vertex -5.49417 87.3273 3
    endloop
  endfacet
  facet normal 0 0 1
    outer loop
      vertex -2.88266 22.8186 3
      vertex -10.9667 86.81 3
      vertex -4.30977 22.5926 3
    endloop
  endfacet
  facet normal -0 0 1
    outer loop
      vertex -16.3959 85.9501 3
      vertex -4.30977 22.5926 3
      vertex -10.9667 86.81 3
    endloop
  endfacet
  facet normal 0 0 1
    outer loop
      vertex -4.30977 22.5926 3
      vertex -16.3959 85.9501 3
      vertex -5.71987 22.2774 3
    endloop
  endfacet
  facet normal -0 0 1
    outer loop
      vertex -21.7604 84.751 3
      vertex -5.71987 22.2774 3
      vertex -16.3959 85.9501 3
    endloop
  endfacet
  facet normal 0 0 1
    outer loop
      vertex -5.71987 22.2774 3
      vertex -21.7604 84.751 3
      vertex -7.10739 21.8743 3
    endloop
  endfacet
  facet normal -0 0 1
    outer loop
      vertex -27.039 83.2174 3
      vertex -7.10739 21.8743 3
      vertex -21.7604 84.751 3
    endloop
  endfacet
  facet normal 0 0 1
    outer loop
      vertex -7.10739 21.8743 3
      vertex -27.039 83.2174 3
      vertex -8.46686 21.3849 3
    endloop
  endfacet
  facet normal -0 0 1
    outer loop
      vertex -32.2109 81.3554 3
      vertex -8.46686 21.3849 3
      vertex -27.039 83.2174 3
    endloop
  endfacet
  facet normal 0 0 1
    outer loop
      vertex -8.46686 21.3849 3
      vertex -32.2109 81.3554 3
      vertex -9.79292 20.811 3
    endloop
  endfacet
  facet normal -0 0 1
    outer loop
      vertex -37.2557 79.1724 3
      vertex -9.79292 20.811 3
      vertex -32.2109 81.3554 3
    endloop
  endfacet
  facet normal 0 0 1
    outer loop
      vertex -9.79292 20.811 3
      vertex -37.2557 79.1724 3
      vertex -11.0803 20.1551 3
    endloop
  endfacet
  facet normal -0 0 1
    outer loop
      vertex -42.1534 76.6768 3
      vertex -11.0803 20.1551 3
      vertex -37.2557 79.1724 3
    endloop
  endfacet
  facet normal 0 0 1
    outer loop
      vertex -11.0803 20.1551 3
      vertex -42.1534 76.6768 3
      vertex -12.324 19.4195 3
    endloop
  endfacet
  facet normal -0 0 1
    outer loop
      vertex -46.8848 73.8787 3
      vertex -12.324 19.4195 3
      vertex -42.1534 76.6768 3
    endloop
  endfacet
  facet normal 0 0 1
    outer loop
      vertex -12.324 19.4195 3
      vertex -46.8848 73.8787 3
      vertex -13.5191 18.6074 3
    endloop
  endfacet
  facet normal -0 0 1
    outer loop
      vertex -51.4312 70.789 3
      vertex -13.5191 18.6074 3
      vertex -46.8848 73.8787 3
    endloop
  endfacet
  facet normal 0 0 1
    outer loop
      vertex -13.5191 18.6074 3
      vertex -51.4312 70.789 3
      vertex -14.6608 17.7218 3
    endloop
  endfacet
  facet normal -0 0 1
    outer loop
      vertex -55.7746 67.4199 3
      vertex -14.6608 17.7218 3
      vertex -51.4312 70.789 3
    endloop
  endfacet
  facet normal 0 0 1
    outer loop
      vertex -14.6608 17.7218 3
      vertex -55.7746 67.4199 3
      vertex -15.7446 16.7663 3
    endloop
  endfacet
  facet normal -0 0 1
    outer loop
      vertex -59.8979 63.7848 3
      vertex -15.7446 16.7663 3
      vertex -55.7746 67.4199 3
    endloop
  endfacet
  facet normal 0 0 1
    outer loop
      vertex -15.7446 16.7663 3
      vertex -59.8979 63.7848 3
      vertex -16.7663 15.7446 3
    endloop
  endfacet
  facet normal -0 0 1
    outer loop
      vertex -63.7848 59.8979 3
      vertex -16.7663 15.7446 3
      vertex -59.8979 63.7848 3
    endloop
  endfacet
  facet normal 0 0 1
    outer loop
      vertex -16.7663 15.7446 3
      vertex -63.7848 59.8979 3
      vertex -17.7218 14.6608 3
    endloop
  endfacet
  facet normal -0 0 1
    outer loop
      vertex -67.4199 55.7746 3
      vertex -17.7218 14.6608 3
      vertex -63.7848 59.8979 3
    endloop
  endfacet
  facet normal 0 0 1
    outer loop
      vertex -17.7218 14.6608 3
      vertex -67.4199 55.7746 3
      vertex -18.6074 13.5191 3
    endloop
  endfacet
  facet normal -0 0 1
    outer loop
      vertex -70.789 51.4312 3
      vertex -18.6074 13.5191 3
      vertex -67.4199 55.7746 3
    endloop
  endfacet
  facet normal 0 0 1
    outer loop
      vertex 70.789 -51.4312 3
      vertex 18.6074 -13.5191 3
      vertex 67.4199 -55.7746 3
    endloop
  endfacet
  facet normal -0 0 1
    outer loop
      vertex 17.7218 -14.6608 3
      vertex 67.4199 -55.7746 3
      vertex 18.6074 -13.5191 3
    endloop
  endfacet
  facet normal 0 0 1
    outer loop
      vertex 67.4199 -55.7746 3
      vertex 17.7218 -14.6608 3
      vertex 63.7848 -59.8979 3
    endloop
  endfacet
  facet normal -0 0 1
    outer loop
      vertex 16.7663 -15.7446 3
      vertex 63.7848 -59.8979 3
      vertex 17.7218 -14.6608 3
    endloop
  endfacet
  facet normal 0 0 1
    outer loop
      vertex 63.7848 -59.8979 3
      vertex 16.7663 -15.7446 3
      vertex 59.8979 -63.7848 3
    endloop
  endfacet
  facet normal -0 0 1
    outer loop
      vertex 15.7446 -16.7663 3
      vertex 59.8979 -63.7848 3
      vertex 16.7663 -15.7446 3
    endloop
  endfacet
  facet normal 0 0 1
    outer loop
      vertex 59.8979 -63.7848 3
      vertex 15.7446 -16.7663 3
      vertex 55.7746 -67.4199 3
    endloop
  endfacet
  facet normal -0 0 1
    outer loop
      vertex 14.6608 -17.7218 3
      vertex 55.7746 -67.4199 3
      vertex 15.7446 -16.7663 3
    endloop
  endfacet
  facet normal 0 0 1
    outer loop
      vertex 55.7746 -67.4199 3
      vertex 14.6608 -17.7218 3
      vertex 51.4312 -70.789 3
    endloop
  endfacet
  facet normal -0 0 1
    outer loop
      vertex 13.5191 -18.6074 3
      vertex 51.4312 -70.789 3
      vertex 14.6608 -17.7218 3
    endloop
  endfacet
  facet normal 0 0 1
    outer loop
      vertex 51.4312 -70.789 3
      vertex 13.5191 -18.6074 3
      vertex 46.8848 -73.8787 3
    endloop
  endfacet
  facet normal -0 0 1
    outer loop
      vertex 12.324 -19.4195 3
      vertex 46.8848 -73.8787 3
      vertex 13.5191 -18.6074 3
    endloop
  endfacet
  facet normal 0 0 1
    outer loop
      vertex 46.8848 -73.8787 3
      vertex 12.324 -19.4195 3
      vertex 42.1534 -76.6768 3
    endloop
  endfacet
  facet normal -0 0 1
    outer loop
      vertex 11.0803 -20.1551 3
      vertex 42.1534 -76.6768 3
      vertex 12.324 -19.4195 3
    endloop
  endfacet
  facet normal 0 0 1
    outer loop
      vertex 42.1534 -76.6768 3
      vertex 11.0803 -20.1551 3
      vertex 37.2557 -79.1724 3
    endloop
  endfacet
  facet normal -0 0 1
    outer loop
      vertex 9.79292 -20.811 3
      vertex 37.2557 -79.1724 3
      vertex 11.0803 -20.1551 3
    endloop
  endfacet
  facet normal 0 0 1
    outer loop
      vertex 37.2557 -79.1724 3
      vertex 9.79292 -20.811 3
      vertex 32.2109 -81.3554 3
    endloop
  endfacet
  facet normal -0 0 1
    outer loop
      vertex 8.46686 -21.3849 3
      vertex 32.2109 -81.3554 3
      vertex 9.79292 -20.811 3
    endloop
  endfacet
  facet normal 0 0 1
    outer loop
      vertex 32.2109 -81.3554 3
      vertex 8.46686 -21.3849 3
      vertex 27.039 -83.2174 3
    endloop
  endfacet
  facet normal -0 0 1
    outer loop
      vertex 7.10739 -21.8743 3
      vertex 27.039 -83.2174 3
      vertex 8.46686 -21.3849 3
    endloop
  endfacet
  facet normal 0 0 1
    outer loop
      vertex 27.039 -83.2174 3
      vertex 7.10739 -21.8743 3
      vertex 21.7604 -84.751 3
    endloop
  endfacet
  facet normal -0 0 1
    outer loop
      vertex 5.71987 -22.2774 3
      vertex 21.7604 -84.751 3
      vertex 7.10739 -21.8743 3
    endloop
  endfacet
  facet normal 0 0 1
    outer loop
      vertex 21.7604 -84.751 3
      vertex 5.71987 -22.2774 3
      vertex 16.3959 -85.9501 3
    endloop
  endfacet
  facet normal -0 0 1
    outer loop
      vertex 4.30977 -22.5926 3
      vertex 16.3959 -85.9501 3
      vertex 5.71987 -22.2774 3
    endloop
  endfacet
  facet normal 0 0 1
    outer loop
      vertex 16.3959 -85.9501 3
      vertex 4.30977 -22.5926 3
      vertex 10.9667 -86.81 3
    endloop
  endfacet
  facet normal -0 0 1
    outer loop
      vertex 2.88266 -22.8186 3
      vertex 10.9667 -86.81 3
      vertex 4.30977 -22.5926 3
    endloop
  endfacet
  facet normal 0 0 1
    outer loop
      vertex 10.9667 -86.81 3
      vertex 2.88266 -22.8186 3
      vertex 5.49417 -87.3273 3
    endloop
  endfacet
  facet normal -0 0 1
    outer loop
      vertex 1.44418 -22.9546 3
      vertex 5.49417 -87.3273 3
      vertex 2.88266 -22.8186 3
    endloop
  endfacet
  facet normal -0 0 1
    outer loop
      vertex 0 -23 3
      vertex 5.49417 -87.3273 3
      vertex 1.44418 -22.9546 3
    endloop
  endfacet
  facet normal 0 0 1
    outer loop
      vertex 0 -23 3
      vertex 0 -87.5 3
      vertex 5.49417 -87.3273 3
    endloop
  endfacet
  facet normal 0 0 1
    outer loop
      vertex -1.44418 -22.9546 3
      vertex 0 -87.5 3
      vertex 0 -23 3
    endloop
  endfacet
  facet normal 0 0 1
    outer loop
      vertex -5.49417 -87.3273 3
      vertex -1.44418 -22.9546 3
      vertex -2.88266 -22.8186 3
    endloop
  endfacet
  facet normal 0 0 1
    outer loop
      vertex -10.9667 -86.81 3
      vertex -2.88266 -22.8186 3
      vertex -4.30977 -22.5926 3
    endloop
  endfacet
  facet normal 0 0 1
    outer loop
      vertex -1.44418 -22.9546 3
      vertex -5.49417 -87.3273 3
      vertex 0 -87.5 3
    endloop
  endfacet
  facet normal 0 0 1
    outer loop
      vertex -16.3959 -85.9501 3
      vertex -4.30977 -22.5926 3
      vertex -5.71987 -22.2774 3
    endloop
  endfacet
  facet normal 0 0 1
    outer loop
      vertex -21.7604 -84.751 3
      vertex -5.71987 -22.2774 3
      vertex -7.10739 -21.8743 3
    endloop
  endfacet
  facet normal 0 0 1
    outer loop
      vertex -27.039 -83.2174 3
      vertex -7.10739 -21.8743 3
      vertex -8.46686 -21.3849 3
    endloop
  endfacet
  facet normal 0 0 1
    outer loop
      vertex -32.2109 -81.3554 3
      vertex -8.46686 -21.3849 3
      vertex -9.79292 -20.811 3
    endloop
  endfacet
  facet normal 0 0 1
    outer loop
      vertex -2.88266 -22.8186 3
      vertex -10.9667 -86.81 3
      vertex -5.49417 -87.3273 3
    endloop
  endfacet
  facet normal 0 0 1
    outer loop
      vertex -37.2557 -79.1724 3
      vertex -9.79292 -20.811 3
      vertex -11.0803 -20.1551 3
    endloop
  endfacet
  facet normal 0 0 1
    outer loop
      vertex -42.1534 -76.6768 3
      vertex -11.0803 -20.1551 3
      vertex -12.324 -19.4195 3
    endloop
  endfacet
  facet normal 0 0 1
    outer loop
      vertex -46.8848 -73.8787 3
      vertex -12.324 -19.4195 3
      vertex -13.5191 -18.6074 3
    endloop
  endfacet
  facet normal 0 0 1
    outer loop
      vertex -51.4312 -70.789 3
      vertex -13.5191 -18.6074 3
      vertex -14.6608 -17.7218 3
    endloop
  endfacet
  facet normal 0 0 1
    outer loop
      vertex -55.7746 -67.4199 3
      vertex -14.6608 -17.7218 3
      vertex -15.7446 -16.7663 3
    endloop
  endfacet
  facet normal 0 0 1
    outer loop
      vertex -4.30977 -22.5926 3
      vertex -16.3959 -85.9501 3
      vertex -10.9667 -86.81 3
    endloop
  endfacet
  facet normal 0 0 1
    outer loop
      vertex -59.8979 -63.7848 3
      vertex -15.7446 -16.7663 3
      vertex -16.7663 -15.7446 3
    endloop
  endfacet
  facet normal 0 0 1
    outer loop
      vertex -63.7848 -59.8979 3
      vertex -16.7663 -15.7446 3
      vertex -17.7218 -14.6608 3
    endloop
  endfacet
  facet normal 0 0 1
    outer loop
      vertex -67.4199 -55.7746 3
      vertex -17.7218 -14.6608 3
      vertex -18.6074 -13.5191 3
    endloop
  endfacet
  facet normal 0 0 1
    outer loop
      vertex -70.789 -51.4312 3
      vertex -18.6074 -13.5191 3
      vertex -19.4195 -12.324 3
    endloop
  endfacet
  facet normal 0 0 1
    outer loop
      vertex -73.8787 -46.8848 3
      vertex -19.4195 -12.324 3
      vertex -20.1551 -11.0803 3
    endloop
  endfacet
  facet normal 0 0 1
    outer loop
      vertex -76.6768 -42.1534 3
      vertex -20.1551 -11.0803 3
      vertex -20.811 -9.79292 3
    endloop
  endfacet
  facet normal 0 0 1
    outer loop
      vertex -79.1724 -37.2557 3
      vertex -20.811 -9.79292 3
      vertex -21.3849 -8.46686 3
    endloop
  endfacet
  facet normal 0 0 1
    outer loop
      vertex -5.71987 -22.2774 3
      vertex -21.7604 -84.751 3
      vertex -16.3959 -85.9501 3
    endloop
  endfacet
  facet normal 0 0 1
    outer loop
      vertex -81.3554 -32.2109 3
      vertex -21.3849 -8.46686 3
      vertex -21.8743 -7.10739 3
    endloop
  endfacet
  facet normal 0 0 1
    outer loop
      vertex -83.2174 -27.039 3
      vertex -21.8743 -7.10739 3
      vertex -22.2774 -5.71987 3
    endloop
  endfacet
  facet normal 0 0 1
    outer loop
      vertex -84.751 -21.7604 3
      vertex -22.2774 -5.71987 3
      vertex -22.5926 -4.30977 3
    endloop
  endfacet
  facet normal 0 0 1
    outer loop
      vertex -85.9501 -16.3959 3
      vertex -22.5926 -4.30977 3
      vertex -22.8186 -2.88266 3
    endloop
  endfacet
  facet normal 0 0 1
    outer loop
      vertex -86.81 -10.9667 3
      vertex -22.8186 -2.88266 3
      vertex -22.9546 -1.44418 3
    endloop
  endfacet
  facet normal 0 0 1
    outer loop
      vertex -87.3273 -5.49417 3
      vertex -22.9546 -1.44418 3
      vertex -23 0 3
    endloop
  endfacet
  facet normal 0 0 1
    outer loop
      vertex -18.6074 13.5191 3
      vertex -70.789 51.4312 3
      vertex -19.4195 12.324 3
    endloop
  endfacet
  facet normal 0 0 1
    outer loop
      vertex -7.10739 -21.8743 3
      vertex -27.039 -83.2174 3
      vertex -21.7604 -84.751 3
    endloop
  endfacet
  facet normal -0 0 1
    outer loop
      vertex -73.8787 46.8848 3
      vertex -19.4195 12.324 3
      vertex -70.789 51.4312 3
    endloop
  endfacet
  facet normal 0 0 1
    outer loop
      vertex -8.46686 -21.3849 3
      vertex -32.2109 -81.3554 3
      vertex -27.039 -83.2174 3
    endloop
  endfacet
  facet normal 0 0 1
    outer loop
      vertex -19.4195 12.324 3
      vertex -73.8787 46.8848 3
      vertex -20.1551 11.0803 3
    endloop
  endfacet
  facet normal 0 0 1
    outer loop
      vertex -9.79292 -20.811 3
      vertex -37.2557 -79.1724 3
      vertex -32.2109 -81.3554 3
    endloop
  endfacet
  facet normal -0 0 1
    outer loop
      vertex -76.6768 42.1534 3
      vertex -20.1551 11.0803 3
      vertex -73.8787 46.8848 3
    endloop
  endfacet
  facet normal 0 0 1
    outer loop
      vertex -11.0803 -20.1551 3
      vertex -42.1534 -76.6768 3
      vertex -37.2557 -79.1724 3
    endloop
  endfacet
  facet normal 0 0 1
    outer loop
      vertex -20.1551 11.0803 3
      vertex -76.6768 42.1534 3
      vertex -20.811 9.79292 3
    endloop
  endfacet
  facet normal 0 0 1
    outer loop
      vertex -12.324 -19.4195 3
      vertex -46.8848 -73.8787 3
      vertex -42.1534 -76.6768 3
    endloop
  endfacet
  facet normal -0 0 1
    outer loop
      vertex -79.1724 37.2557 3
      vertex -20.811 9.79292 3
      vertex -76.6768 42.1534 3
    endloop
  endfacet
  facet normal 0 0 1
    outer loop
      vertex -13.5191 -18.6074 3
      vertex -51.4312 -70.789 3
      vertex -46.8848 -73.8787 3
    endloop
  endfacet
  facet normal 0 0 1
    outer loop
      vertex -20.811 9.79292 3
      vertex -79.1724 37.2557 3
      vertex -21.3849 8.46686 3
    endloop
  endfacet
  facet normal 0 0 1
    outer loop
      vertex -14.6608 -17.7218 3
      vertex -55.7746 -67.4199 3
      vertex -51.4312 -70.789 3
    endloop
  endfacet
  facet normal -0 0 1
    outer loop
      vertex -81.3554 32.2109 3
      vertex -21.3849 8.46686 3
      vertex -79.1724 37.2557 3
    endloop
  endfacet
  facet normal 0 0 1
    outer loop
      vertex -15.7446 -16.7663 3
      vertex -59.8979 -63.7848 3
      vertex -55.7746 -67.4199 3
    endloop
  endfacet
  facet normal 0 0 1
    outer loop
      vertex -21.3849 8.46686 3
      vertex -81.3554 32.2109 3
      vertex -21.8743 7.10739 3
    endloop
  endfacet
  facet normal 0 0 1
    outer loop
      vertex -16.7663 -15.7446 3
      vertex -63.7848 -59.8979 3
      vertex -59.8979 -63.7848 3
    endloop
  endfacet
  facet normal -0 0 1
    outer loop
      vertex -83.2174 27.039 3
      vertex -21.8743 7.10739 3
      vertex -81.3554 32.2109 3
    endloop
  endfacet
  facet normal 0 0 1
    outer loop
      vertex -17.7218 -14.6608 3
      vertex -67.4199 -55.7746 3
      vertex -63.7848 -59.8979 3
    endloop
  endfacet
  facet normal 0 0 1
    outer loop
      vertex -21.8743 7.10739 3
      vertex -83.2174 27.039 3
      vertex -22.2774 5.71987 3
    endloop
  endfacet
  facet normal 0 0 1
    outer loop
      vertex -18.6074 -13.5191 3
      vertex -70.789 -51.4312 3
      vertex -67.4199 -55.7746 3
    endloop
  endfacet
  facet normal -0 0 1
    outer loop
      vertex -84.751 21.7604 3
      vertex -22.2774 5.71987 3
      vertex -83.2174 27.039 3
    endloop
  endfacet
  facet normal 0 0 1
    outer loop
      vertex -19.4195 -12.324 3
      vertex -73.8787 -46.8848 3
      vertex -70.789 -51.4312 3
    endloop
  endfacet
  facet normal 0 0 1
    outer loop
      vertex -22.2774 5.71987 3
      vertex -84.751 21.7604 3
      vertex -22.5926 4.30977 3
    endloop
  endfacet
  facet normal 0 0 1
    outer loop
      vertex -20.1551 -11.0803 3
      vertex -76.6768 -42.1534 3
      vertex -73.8787 -46.8848 3
    endloop
  endfacet
  facet normal -0 0 1
    outer loop
      vertex -85.9501 16.3959 3
      vertex -22.5926 4.30977 3
      vertex -84.751 21.7604 3
    endloop
  endfacet
  facet normal 0 0 1
    outer loop
      vertex -20.811 -9.79292 3
      vertex -79.1724 -37.2557 3
      vertex -76.6768 -42.1534 3
    endloop
  endfacet
  facet normal 0 0 1
    outer loop
      vertex -22.5926 4.30977 3
      vertex -85.9501 16.3959 3
      vertex -22.8186 2.88266 3
    endloop
  endfacet
  facet normal 0 0 1
    outer loop
      vertex -21.3849 -8.46686 3
      vertex -81.3554 -32.2109 3
      vertex -79.1724 -37.2557 3
    endloop
  endfacet
  facet normal -0 0 1
    outer loop
      vertex -86.81 10.9667 3
      vertex -22.8186 2.88266 3
      vertex -85.9501 16.3959 3
    endloop
  endfacet
  facet normal 0 0 1
    outer loop
      vertex -21.8743 -7.10739 3
      vertex -83.2174 -27.039 3
      vertex -81.3554 -32.2109 3
    endloop
  endfacet
  facet normal 0 0 1
    outer loop
      vertex -22.8186 2.88266 3
      vertex -86.81 10.9667 3
      vertex -22.9546 1.44418 3
    endloop
  endfacet
  facet normal 0 0 1
    outer loop
      vertex -22.2774 -5.71987 3
      vertex -84.751 -21.7604 3
      vertex -83.2174 -27.039 3
    endloop
  endfacet
  facet normal -0 0 1
    outer loop
      vertex -87.3273 5.49417 3
      vertex -22.9546 1.44418 3
      vertex -86.81 10.9667 3
    endloop
  endfacet
  facet normal 0 0 1
    outer loop
      vertex -22.5926 -4.30977 3
      vertex -85.9501 -16.3959 3
      vertex -84.751 -21.7604 3
    endloop
  endfacet
  facet normal 0 0 1
    outer loop
      vertex -22.9546 1.44418 3
      vertex -87.3273 5.49417 3
      vertex -23 0 3
    endloop
  endfacet
  facet normal 0 0 1
    outer loop
      vertex -22.8186 -2.88266 3
      vertex -86.81 -10.9667 3
      vertex -85.9501 -16.3959 3
    endloop
  endfacet
  facet normal 0 0 1
    outer loop
      vertex -87.5 0 3
      vertex -23 0 3
      vertex -87.3273 5.49417 3
    endloop
  endfacet
  facet normal 0 0 1
    outer loop
      vertex -22.9546 -1.44418 3
      vertex -87.3273 -5.49417 3
      vertex -86.81 -10.9667 3
    endloop
  endfacet
  facet normal 0 0 1
    outer loop
      vertex -23 0 3
      vertex -87.5 0 3
      vertex -87.3273 -5.49417 3
    endloop
  endfacet
  facet normal 0.917754 0.397148 0
    outer loop
      vertex 86.8411 34.3828 32
      vertex 84.5108 39.7678 0
      vertex 84.5108 39.7678 32
    endloop
  endfacet
  facet normal 0.917754 0.397148 0
    outer loop
      vertex 84.5108 39.7678 0
      vertex 86.8411 34.3828 32
      vertex 86.8411 34.3828 0
    endloop
  endfacet
  facet normal -0.661305 0.750117 0
    outer loop
      vertex -59.5354 71.9659 0
      vertex -63.9367 68.0857 32
      vertex -59.5354 71.9659 32
    endloop
  endfacet
  facet normal -0.661305 0.750117 0
    outer loop
      vertex -63.9367 68.0857 32
      vertex -59.5354 71.9659 0
      vertex -63.9367 68.0857 0
    endloop
  endfacet
  facet normal -0.453991 0.891006 0
    outer loop
      vertex -39.7678 84.5108 0
      vertex -44.9958 81.847 32
      vertex -39.7678 84.5108 32
    endloop
  endfacet
  facet normal -0.453991 0.891006 0
    outer loop
      vertex -44.9958 81.847 32
      vertex -39.7678 84.5108 0
      vertex -44.9958 81.847 0
    endloop
  endfacet
  facet normal 0.750117 0.661305 0
    outer loop
      vertex 71.9659 59.5354 32
      vertex 68.0857 63.9367 0
      vertex 68.0857 63.9367 32
    endloop
  endfacet
  facet normal 0.750117 0.661305 0
    outer loop
      vertex 68.0857 63.9367 0
      vertex 71.9659 59.5354 32
      vertex 71.9659 59.5354 0
    endloop
  endfacet
  facet normal 0 0 1
    outer loop
      vertex 87.5 0 32
      vertex 93.4 0 32
      vertex 93.2157 5.86463 32
    endloop
  endfacet
  facet normal 0 0 1
    outer loop
      vertex 87.3273 5.49417 32
      vertex 93.2157 5.86463 32
      vertex 92.6635 11.7061 32
    endloop
  endfacet
  facet normal 0 0 1
    outer loop
      vertex 93.4 0 32
      vertex 87.5 0 32
      vertex 93.2157 -5.86463 32
    endloop
  endfacet
  facet normal 0 0 1
    outer loop
      vertex 86.81 10.9667 32
      vertex 92.6635 11.7061 32
      vertex 91.7456 17.5014 32
    endloop
  endfacet
  facet normal -0 0 1
    outer loop
      vertex 87.3273 -5.49417 32
      vertex 93.2157 -5.86463 32
      vertex 87.5 0 32
    endloop
  endfacet
  facet normal 0 0 1
    outer loop
      vertex 85.9501 16.3959 32
      vertex 91.7456 17.5014 32
      vertex 90.4657 23.2276 32
    endloop
  endfacet
  facet normal 0 0 1
    outer loop
      vertex 93.2157 -5.86463 32
      vertex 87.3273 -5.49417 32
      vertex 92.6635 -11.7061 32
    endloop
  endfacet
  facet normal 0 0 1
    outer loop
      vertex 84.751 21.7604 32
      vertex 90.4657 23.2276 32
      vertex 88.8287 28.8622 32
    endloop
  endfacet
  facet normal -0 0 1
    outer loop
      vertex 86.81 -10.9667 32
      vertex 92.6635 -11.7061 32
      vertex 87.3273 -5.49417 32
    endloop
  endfacet
  facet normal 0 0 1
    outer loop
      vertex 92.6635 -11.7061 32
      vertex 86.81 -10.9667 32
      vertex 91.7456 -17.5014 32
    endloop
  endfacet
  facet normal 0 0 1
    outer loop
      vertex 93.2157 5.86463 32
      vertex 87.3273 5.49417 32
      vertex 87.5 0 32
    endloop
  endfacet
  facet normal 0 0 1
    outer loop
      vertex 83.2174 27.039 32
      vertex 88.8287 28.8622 32
      vertex 86.8411 34.3828 32
    endloop
  endfacet
  facet normal 0 0 1
    outer loop
      vertex 92.6635 11.7061 32
      vertex 86.81 10.9667 32
      vertex 87.3273 5.49417 32
    endloop
  endfacet
  facet normal 0 0 1
    outer loop
      vertex 91.7456 17.5014 32
      vertex 85.9501 16.3959 32
      vertex 86.81 10.9667 32
    endloop
  endfacet
  facet normal 0 0 1
    outer loop
      vertex 90.4657 23.2276 32
      vertex 84.751 21.7604 32
      vertex 85.9501 16.3959 32
    endloop
  endfacet
  facet normal 0 0 1
    outer loop
      vertex 81.3554 32.2109 32
      vertex 86.8411 34.3828 32
      vertex 84.5108 39.7678 32
    endloop
  endfacet
  facet normal 0 0 1
    outer loop
      vertex 88.8287 28.8622 32
      vertex 83.2174 27.039 32
      vertex 84.751 21.7604 32
    endloop
  endfacet
  facet normal 0 0 1
    outer loop
      vertex 79.1724 37.2557 32
      vertex 84.5108 39.7678 32
      vertex 81.847 44.9958 32
    endloop
  endfacet
  facet normal 0 0 1
    outer loop
      vertex 86.8411 34.3828 32
      vertex 81.3554 32.2109 32
      vertex 83.2174 27.039 32
    endloop
  endfacet
  facet normal 0 0 1
    outer loop
      vertex 84.5108 39.7678 32
      vertex 79.1724 37.2557 32
      vertex 81.3554 32.2109 32
    endloop
  endfacet
  facet normal 0 0 1
    outer loop
      vertex 76.6768 42.1534 32
      vertex 81.847 44.9958 32
      vertex 78.8602 50.0462 32
    endloop
  endfacet
  facet normal 0 0 1
    outer loop
      vertex 81.847 44.9958 32
      vertex 76.6768 42.1534 32
      vertex 79.1724 37.2557 32
    endloop
  endfacet
  facet normal 0 0 1
    outer loop
      vertex 73.8787 46.8848 32
      vertex 78.8602 50.0462 32
      vertex 75.5622 54.8991 32
    endloop
  endfacet
  facet normal 0 0 1
    outer loop
      vertex 78.8602 50.0462 32
      vertex 73.8787 46.8848 32
      vertex 76.6768 42.1534 32
    endloop
  endfacet
  facet normal 0 0 1
    outer loop
      vertex 70.789 51.4312 32
      vertex 75.5622 54.8991 32
      vertex 71.9659 59.5354 32
    endloop
  endfacet
  facet normal 0 0 1
    outer loop
      vertex 75.5622 54.8991 32
      vertex 70.789 51.4312 32
      vertex 73.8787 46.8848 32
    endloop
  endfacet
  facet normal 0 0 1
    outer loop
      vertex 67.4199 55.7746 32
      vertex 71.9659 59.5354 32
      vertex 68.0857 63.9367 32
    endloop
  endfacet
  facet normal 0 0 1
    outer loop
      vertex 71.9659 59.5354 32
      vertex 67.4199 55.7746 32
      vertex 70.789 51.4312 32
    endloop
  endfacet
  facet normal 0 0 1
    outer loop
      vertex 63.7848 59.8979 32
      vertex 68.0857 63.9367 32
      vertex 63.9367 68.0857 32
    endloop
  endfacet
  facet normal 0 0 1
    outer loop
      vertex 68.0857 63.9367 32
      vertex 63.7848 59.8979 32
      vertex 67.4199 55.7746 32
    endloop
  endfacet
  facet normal 0 0 1
    outer loop
      vertex 63.9367 68.0857 32
      vertex 59.8979 63.7848 32
      vertex 63.7848 59.8979 32
    endloop
  endfacet
  facet normal 0 0 1
    outer loop
      vertex 59.5354 71.9659 32
      vertex 59.8979 63.7848 32
      vertex 63.9367 68.0857 32
    endloop
  endfacet
  facet normal 0 0 1
    outer loop
      vertex 59.5354 71.9659 32
      vertex 55.7746 67.4199 32
      vertex 59.8979 63.7848 32
    endloop
  endfacet
  facet normal 0 0 1
    outer loop
      vertex 54.8991 75.5622 32
      vertex 55.7746 67.4199 32
      vertex 59.5354 71.9659 32
    endloop
  endfacet
  facet normal 0 0 1
    outer loop
      vertex 54.8991 75.5622 32
      vertex 51.4312 70.789 32
      vertex 55.7746 67.4199 32
    endloop
  endfacet
  facet normal 0 0 1
    outer loop
      vertex 50.0462 78.8602 32
      vertex 51.4312 70.789 32
      vertex 54.8991 75.5622 32
    endloop
  endfacet
  facet normal 0 0 1
    outer loop
      vertex 50.0462 78.8602 32
      vertex 46.8848 73.8787 32
      vertex 51.4312 70.789 32
    endloop
  endfacet
  facet normal 0 0 1
    outer loop
      vertex 44.9958 81.847 32
      vertex 46.8848 73.8787 32
      vertex 50.0462 78.8602 32
    endloop
  endfacet
  facet normal 0 0 1
    outer loop
      vertex 44.9958 81.847 32
      vertex 42.1534 76.6768 32
      vertex 46.8848 73.8787 32
    endloop
  endfacet
  facet normal 0 0 1
    outer loop
      vertex 39.7678 84.5108 32
      vertex 42.1534 76.6768 32
      vertex 44.9958 81.847 32
    endloop
  endfacet
  facet normal 0 0 1
    outer loop
      vertex 39.7678 84.5108 32
      vertex 37.2557 79.1724 32
      vertex 42.1534 76.6768 32
    endloop
  endfacet
  facet normal 0 0 1
    outer loop
      vertex 34.3828 86.8411 32
      vertex 37.2557 79.1724 32
      vertex 39.7678 84.5108 32
    endloop
  endfacet
  facet normal 0 0 1
    outer loop
      vertex 34.3828 86.8411 32
      vertex 32.2109 81.3554 32
      vertex 37.2557 79.1724 32
    endloop
  endfacet
  facet normal 0 0 1
    outer loop
      vertex 28.8622 88.8287 32
      vertex 32.2109 81.3554 32
      vertex 34.3828 86.8411 32
    endloop
  endfacet
  facet normal 0 0 1
    outer loop
      vertex 28.8622 88.8287 32
      vertex 27.039 83.2174 32
      vertex 32.2109 81.3554 32
    endloop
  endfacet
  facet normal 0 0 1
    outer loop
      vertex 23.2276 90.4657 32
      vertex 27.039 83.2174 32
      vertex 28.8622 88.8287 32
    endloop
  endfacet
  facet normal 0 0 1
    outer loop
      vertex 23.2276 90.4657 32
      vertex 21.7604 84.751 32
      vertex 27.039 83.2174 32
    endloop
  endfacet
  facet normal 0 0 1
    outer loop
      vertex 17.5014 91.7456 32
      vertex 21.7604 84.751 32
      vertex 23.2276 90.4657 32
    endloop
  endfacet
  facet normal 0 0 1
    outer loop
      vertex 17.5014 91.7456 32
      vertex 16.3959 85.9501 32
      vertex 21.7604 84.751 32
    endloop
  endfacet
  facet normal 0 0 1
    outer loop
      vertex 11.7061 92.6635 32
      vertex 16.3959 85.9501 32
      vertex 17.5014 91.7456 32
    endloop
  endfacet
  facet normal 0 0 1
    outer loop
      vertex 11.7061 92.6635 32
      vertex 10.9667 86.81 32
      vertex 16.3959 85.9501 32
    endloop
  endfacet
  facet normal 0 0 1
    outer loop
      vertex 5.86463 93.2157 32
      vertex 10.9667 86.81 32
      vertex 11.7061 92.6635 32
    endloop
  endfacet
  facet normal 0 0 1
    outer loop
      vertex 5.86463 93.2157 32
      vertex 5.49417 87.3273 32
      vertex 10.9667 86.81 32
    endloop
  endfacet
  facet normal 0 0 1
    outer loop
      vertex 0 93.4 32
      vertex 5.49417 87.3273 32
      vertex 5.86463 93.2157 32
    endloop
  endfacet
  facet normal 0 0 1
    outer loop
      vertex 0 93.4 32
      vertex 0 87.5 32
      vertex 5.49417 87.3273 32
    endloop
  endfacet
  facet normal 0 0 1
    outer loop
      vertex 0 93.4 32
      vertex -5.49417 87.3273 32
      vertex 0 87.5 32
    endloop
  endfacet
  facet normal -0 0 1
    outer loop
      vertex -5.86463 93.2157 32
      vertex -5.49417 87.3273 32
      vertex 0 93.4 32
    endloop
  endfacet
  facet normal 0 0 1
    outer loop
      vertex -5.86463 93.2157 32
      vertex -10.9667 86.81 32
      vertex -5.49417 87.3273 32
    endloop
  endfacet
  facet normal -0 0 1
    outer loop
      vertex -11.7061 92.6635 32
      vertex -10.9667 86.81 32
      vertex -5.86463 93.2157 32
    endloop
  endfacet
  facet normal 0 0 1
    outer loop
      vertex -11.7061 92.6635 32
      vertex -16.3959 85.9501 32
      vertex -10.9667 86.81 32
    endloop
  endfacet
  facet normal -0 0 1
    outer loop
      vertex -17.5014 91.7456 32
      vertex -16.3959 85.9501 32
      vertex -11.7061 92.6635 32
    endloop
  endfacet
  facet normal 0 0 1
    outer loop
      vertex -17.5014 91.7456 32
      vertex -21.7604 84.751 32
      vertex -16.3959 85.9501 32
    endloop
  endfacet
  facet normal -0 0 1
    outer loop
      vertex -23.2276 90.4657 32
      vertex -21.7604 84.751 32
      vertex -17.5014 91.7456 32
    endloop
  endfacet
  facet normal 0 0 1
    outer loop
      vertex -23.2276 90.4657 32
      vertex -27.039 83.2174 32
      vertex -21.7604 84.751 32
    endloop
  endfacet
  facet normal -0 0 1
    outer loop
      vertex -28.8622 88.8287 32
      vertex -27.039 83.2174 32
      vertex -23.2276 90.4657 32
    endloop
  endfacet
  facet normal 0 0 1
    outer loop
      vertex -28.8622 88.8287 32
      vertex -32.2109 81.3554 32
      vertex -27.039 83.2174 32
    endloop
  endfacet
  facet normal -0 0 1
    outer loop
      vertex -34.3828 86.8411 32
      vertex -32.2109 81.3554 32
      vertex -28.8622 88.8287 32
    endloop
  endfacet
  facet normal 0 0 1
    outer loop
      vertex -34.3828 86.8411 32
      vertex -37.2557 79.1724 32
      vertex -32.2109 81.3554 32
    endloop
  endfacet
  facet normal -0 0 1
    outer loop
      vertex -39.7678 84.5108 32
      vertex -37.2557 79.1724 32
      vertex -34.3828 86.8411 32
    endloop
  endfacet
  facet normal 0 0 1
    outer loop
      vertex -39.7678 84.5108 32
      vertex -42.1534 76.6768 32
      vertex -37.2557 79.1724 32
    endloop
  endfacet
  facet normal -0 0 1
    outer loop
      vertex -44.9958 81.847 32
      vertex -42.1534 76.6768 32
      vertex -39.7678 84.5108 32
    endloop
  endfacet
  facet normal 0 0 1
    outer loop
      vertex -44.9958 81.847 32
      vertex -46.8848 73.8787 32
      vertex -42.1534 76.6768 32
    endloop
  endfacet
  facet normal -0 0 1
    outer loop
      vertex -50.0462 78.8602 32
      vertex -46.8848 73.8787 32
      vertex -44.9958 81.847 32
    endloop
  endfacet
  facet normal 0 0 1
    outer loop
      vertex -50.0462 78.8602 32
      vertex -51.4312 70.789 32
      vertex -46.8848 73.8787 32
    endloop
  endfacet
  facet normal -0 0 1
    outer loop
      vertex -54.8991 75.5622 32
      vertex -51.4312 70.789 32
      vertex -50.0462 78.8602 32
    endloop
  endfacet
  facet normal 0 0 1
    outer loop
      vertex -54.8991 75.5622 32
      vertex -55.7746 67.4199 32
      vertex -51.4312 70.789 32
    endloop
  endfacet
  facet normal -0 0 1
    outer loop
      vertex -59.5354 71.9659 32
      vertex -55.7746 67.4199 32
      vertex -54.8991 75.5622 32
    endloop
  endfacet
  facet normal 0 0 1
    outer loop
      vertex -59.5354 71.9659 32
      vertex -59.8979 63.7848 32
      vertex -55.7746 67.4199 32
    endloop
  endfacet
  facet normal -0 0 1
    outer loop
      vertex -63.9367 68.0857 32
      vertex -59.8979 63.7848 32
      vertex -59.5354 71.9659 32
    endloop
  endfacet
  facet normal 0 0 1
    outer loop
      vertex -59.8979 63.7848 32
      vertex -63.9367 68.0857 32
      vertex -63.7848 59.8979 32
    endloop
  endfacet
  facet normal -0 0 1
    outer loop
      vertex -68.0857 63.9367 32
      vertex -63.7848 59.8979 32
      vertex -63.9367 68.0857 32
    endloop
  endfacet
  facet normal 0 0 1
    outer loop
      vertex -63.7848 59.8979 32
      vertex -68.0857 63.9367 32
      vertex -67.4199 55.7746 32
    endloop
  endfacet
  facet normal -0 0 1
    outer loop
      vertex -71.9659 59.5354 32
      vertex -67.4199 55.7746 32
      vertex -68.0857 63.9367 32
    endloop
  endfacet
  facet normal 0 0 1
    outer loop
      vertex -67.4199 55.7746 32
      vertex -71.9659 59.5354 32
      vertex -70.789 51.4312 32
    endloop
  endfacet
  facet normal -0 0 1
    outer loop
      vertex -75.5622 54.8991 32
      vertex -70.789 51.4312 32
      vertex -71.9659 59.5354 32
    endloop
  endfacet
  facet normal 0 0 1
    outer loop
      vertex -70.789 51.4312 32
      vertex -75.5622 54.8991 32
      vertex -73.8787 46.8848 32
    endloop
  endfacet
  facet normal -0 0 1
    outer loop
      vertex -78.8602 50.0462 32
      vertex -73.8787 46.8848 32
      vertex -75.5622 54.8991 32
    endloop
  endfacet
  facet normal 0 0 1
    outer loop
      vertex -73.8787 46.8848 32
      vertex -78.8602 50.0462 32
      vertex -76.6768 42.1534 32
    endloop
  endfacet
  facet normal -0 0 1
    outer loop
      vertex -81.847 44.9958 32
      vertex -76.6768 42.1534 32
      vertex -78.8602 50.0462 32
    endloop
  endfacet
  facet normal 0 0 1
    outer loop
      vertex -76.6768 42.1534 32
      vertex -81.847 44.9958 32
      vertex -79.1724 37.2557 32
    endloop
  endfacet
  facet normal -0 0 1
    outer loop
      vertex -84.5108 39.7678 32
      vertex -79.1724 37.2557 32
      vertex -81.847 44.9958 32
    endloop
  endfacet
  facet normal 0 0 1
    outer loop
      vertex -79.1724 37.2557 32
      vertex -84.5108 39.7678 32
      vertex -81.3554 32.2109 32
    endloop
  endfacet
  facet normal -0 0 1
    outer loop
      vertex -86.8411 34.3828 32
      vertex -81.3554 32.2109 32
      vertex -84.5108 39.7678 32
    endloop
  endfacet
  facet normal 0 0 1
    outer loop
      vertex -81.3554 32.2109 32
      vertex -86.8411 34.3828 32
      vertex -83.2174 27.039 32
    endloop
  endfacet
  facet normal -0 0 1
    outer loop
      vertex -88.8287 28.8622 32
      vertex -83.2174 27.039 32
      vertex -86.8411 34.3828 32
    endloop
  endfacet
  facet normal 0 0 1
    outer loop
      vertex -83.2174 27.039 32
      vertex -88.8287 28.8622 32
      vertex -84.751 21.7604 32
    endloop
  endfacet
  facet normal -0 0 1
    outer loop
      vertex -90.4657 23.2276 32
      vertex -84.751 21.7604 32
      vertex -88.8287 28.8622 32
    endloop
  endfacet
  facet normal 0 0 1
    outer loop
      vertex -84.751 21.7604 32
      vertex -90.4657 23.2276 32
      vertex -85.9501 16.3959 32
    endloop
  endfacet
  facet normal -0 0 1
    outer loop
      vertex -91.7456 17.5014 32
      vertex -85.9501 16.3959 32
      vertex -90.4657 23.2276 32
    endloop
  endfacet
  facet normal 0 0 1
    outer loop
      vertex -85.9501 16.3959 32
      vertex -91.7456 17.5014 32
      vertex -86.81 10.9667 32
    endloop
  endfacet
  facet normal -0 0 1
    outer loop
      vertex 85.9501 -16.3959 32
      vertex 91.7456 -17.5014 32
      vertex 86.81 -10.9667 32
    endloop
  endfacet
  facet normal 0 0 1
    outer loop
      vertex 91.7456 -17.5014 32
      vertex 85.9501 -16.3959 32
      vertex 90.4657 -23.2276 32
    endloop
  endfacet
  facet normal -0 0 1
    outer loop
      vertex 84.751 -21.7604 32
      vertex 90.4657 -23.2276 32
      vertex 85.9501 -16.3959 32
    endloop
  endfacet
  facet normal 0 0 1
    outer loop
      vertex 90.4657 -23.2276 32
      vertex 84.751 -21.7604 32
      vertex 88.8287 -28.8622 32
    endloop
  endfacet
  facet normal -0 0 1
    outer loop
      vertex 83.2174 -27.039 32
      vertex 88.8287 -28.8622 32
      vertex 84.751 -21.7604 32
    endloop
  endfacet
  facet normal 0 0 1
    outer loop
      vertex 88.8287 -28.8622 32
      vertex 83.2174 -27.039 32
      vertex 86.8411 -34.3828 32
    endloop
  endfacet
  facet normal -0 0 1
    outer loop
      vertex 81.3554 -32.2109 32
      vertex 86.8411 -34.3828 32
      vertex 83.2174 -27.039 32
    endloop
  endfacet
  facet normal 0 0 1
    outer loop
      vertex 86.8411 -34.3828 32
      vertex 81.3554 -32.2109 32
      vertex 84.5108 -39.7678 32
    endloop
  endfacet
  facet normal -0 0 1
    outer loop
      vertex 79.1724 -37.2557 32
      vertex 84.5108 -39.7678 32
      vertex 81.3554 -32.2109 32
    endloop
  endfacet
  facet normal 0 0 1
    outer loop
      vertex 84.5108 -39.7678 32
      vertex 79.1724 -37.2557 32
      vertex 81.847 -44.9958 32
    endloop
  endfacet
  facet normal -0 0 1
    outer loop
      vertex 76.6768 -42.1534 32
      vertex 81.847 -44.9958 32
      vertex 79.1724 -37.2557 32
    endloop
  endfacet
  facet normal 0 0 1
    outer loop
      vertex 81.847 -44.9958 32
      vertex 76.6768 -42.1534 32
      vertex 78.8602 -50.0462 32
    endloop
  endfacet
  facet normal -0 0 1
    outer loop
      vertex 73.8787 -46.8848 32
      vertex 78.8602 -50.0462 32
      vertex 76.6768 -42.1534 32
    endloop
  endfacet
  facet normal 0 0 1
    outer loop
      vertex 78.8602 -50.0462 32
      vertex 73.8787 -46.8848 32
      vertex 75.5622 -54.8991 32
    endloop
  endfacet
  facet normal -0 0 1
    outer loop
      vertex 70.789 -51.4312 32
      vertex 75.5622 -54.8991 32
      vertex 73.8787 -46.8848 32
    endloop
  endfacet
  facet normal 0 0 1
    outer loop
      vertex 75.5622 -54.8991 32
      vertex 70.789 -51.4312 32
      vertex 71.9659 -59.5354 32
    endloop
  endfacet
  facet normal -0 0 1
    outer loop
      vertex 67.4199 -55.7746 32
      vertex 71.9659 -59.5354 32
      vertex 70.789 -51.4312 32
    endloop
  endfacet
  facet normal 0 0 1
    outer loop
      vertex 71.9659 -59.5354 32
      vertex 67.4199 -55.7746 32
      vertex 68.0857 -63.9367 32
    endloop
  endfacet
  facet normal -0 0 1
    outer loop
      vertex 63.7848 -59.8979 32
      vertex 68.0857 -63.9367 32
      vertex 67.4199 -55.7746 32
    endloop
  endfacet
  facet normal 0 0 1
    outer loop
      vertex 68.0857 -63.9367 32
      vertex 63.7848 -59.8979 32
      vertex 63.9367 -68.0857 32
    endloop
  endfacet
  facet normal -0 0 1
    outer loop
      vertex 59.8979 -63.7848 32
      vertex 63.9367 -68.0857 32
      vertex 63.7848 -59.8979 32
    endloop
  endfacet
  facet normal 0 0 1
    outer loop
      vertex 59.8979 -63.7848 32
      vertex 59.5354 -71.9659 32
      vertex 63.9367 -68.0857 32
    endloop
  endfacet
  facet normal -0 0 1
    outer loop
      vertex 55.7746 -67.4199 32
      vertex 59.5354 -71.9659 32
      vertex 59.8979 -63.7848 32
    endloop
  endfacet
  facet normal 0 0 1
    outer loop
      vertex 55.7746 -67.4199 32
      vertex 54.8991 -75.5622 32
      vertex 59.5354 -71.9659 32
    endloop
  endfacet
  facet normal -0 0 1
    outer loop
      vertex 51.4312 -70.789 32
      vertex 54.8991 -75.5622 32
      vertex 55.7746 -67.4199 32
    endloop
  endfacet
  facet normal 0 0 1
    outer loop
      vertex 51.4312 -70.789 32
      vertex 50.0462 -78.8602 32
      vertex 54.8991 -75.5622 32
    endloop
  endfacet
  facet normal -0 0 1
    outer loop
      vertex 46.8848 -73.8787 32
      vertex 50.0462 -78.8602 32
      vertex 51.4312 -70.789 32
    endloop
  endfacet
  facet normal 0 0 1
    outer loop
      vertex 46.8848 -73.8787 32
      vertex 44.9958 -81.847 32
      vertex 50.0462 -78.8602 32
    endloop
  endfacet
  facet normal -0 0 1
    outer loop
      vertex 42.1534 -76.6768 32
      vertex 44.9958 -81.847 32
      vertex 46.8848 -73.8787 32
    endloop
  endfacet
  facet normal 0 0 1
    outer loop
      vertex 42.1534 -76.6768 32
      vertex 39.7678 -84.5108 32
      vertex 44.9958 -81.847 32
    endloop
  endfacet
  facet normal -0 0 1
    outer loop
      vertex 37.2557 -79.1724 32
      vertex 39.7678 -84.5108 32
      vertex 42.1534 -76.6768 32
    endloop
  endfacet
  facet normal 0 0 1
    outer loop
      vertex 37.2557 -79.1724 32
      vertex 34.3828 -86.8411 32
      vertex 39.7678 -84.5108 32
    endloop
  endfacet
  facet normal -0 0 1
    outer loop
      vertex 32.2109 -81.3554 32
      vertex 34.3828 -86.8411 32
      vertex 37.2557 -79.1724 32
    endloop
  endfacet
  facet normal 0 0 1
    outer loop
      vertex 32.2109 -81.3554 32
      vertex 28.8622 -88.8287 32
      vertex 34.3828 -86.8411 32
    endloop
  endfacet
  facet normal -0 0 1
    outer loop
      vertex 27.039 -83.2174 32
      vertex 28.8622 -88.8287 32
      vertex 32.2109 -81.3554 32
    endloop
  endfacet
  facet normal 0 0 1
    outer loop
      vertex 27.039 -83.2174 32
      vertex 23.2276 -90.4657 32
      vertex 28.8622 -88.8287 32
    endloop
  endfacet
  facet normal -0 0 1
    outer loop
      vertex 21.7604 -84.751 32
      vertex 23.2276 -90.4657 32
      vertex 27.039 -83.2174 32
    endloop
  endfacet
  facet normal 0 0 1
    outer loop
      vertex 21.7604 -84.751 32
      vertex 17.5014 -91.7456 32
      vertex 23.2276 -90.4657 32
    endloop
  endfacet
  facet normal -0 0 1
    outer loop
      vertex 16.3959 -85.9501 32
      vertex 17.5014 -91.7456 32
      vertex 21.7604 -84.751 32
    endloop
  endfacet
  facet normal 0 0 1
    outer loop
      vertex 16.3959 -85.9501 32
      vertex 11.7061 -92.6635 32
      vertex 17.5014 -91.7456 32
    endloop
  endfacet
  facet normal -0 0 1
    outer loop
      vertex 10.9667 -86.81 32
      vertex 11.7061 -92.6635 32
      vertex 16.3959 -85.9501 32
    endloop
  endfacet
  facet normal 0 0 1
    outer loop
      vertex 10.9667 -86.81 32
      vertex 5.86463 -93.2157 32
      vertex 11.7061 -92.6635 32
    endloop
  endfacet
  facet normal -0 0 1
    outer loop
      vertex 5.49417 -87.3273 32
      vertex 5.86463 -93.2157 32
      vertex 10.9667 -86.81 32
    endloop
  endfacet
  facet normal -0 0 1
    outer loop
      vertex 0 -87.5 32
      vertex 5.86463 -93.2157 32
      vertex 5.49417 -87.3273 32
    endloop
  endfacet
  facet normal 0 0 1
    outer loop
      vertex 0 -87.5 32
      vertex 0 -93.4 32
      vertex 5.86463 -93.2157 32
    endloop
  endfacet
  facet normal 0 0 1
    outer loop
      vertex -5.49417 -87.3273 32
      vertex 0 -93.4 32
      vertex 0 -87.5 32
    endloop
  endfacet
  facet normal 0 0 1
    outer loop
      vertex -5.49417 -87.3273 32
      vertex -5.86463 -93.2157 32
      vertex 0 -93.4 32
    endloop
  endfacet
  facet normal 0 0 1
    outer loop
      vertex -10.9667 -86.81 32
      vertex -5.86463 -93.2157 32
      vertex -5.49417 -87.3273 32
    endloop
  endfacet
  facet normal 0 0 1
    outer loop
      vertex -10.9667 -86.81 32
      vertex -11.7061 -92.6635 32
      vertex -5.86463 -93.2157 32
    endloop
  endfacet
  facet normal 0 0 1
    outer loop
      vertex -16.3959 -85.9501 32
      vertex -11.7061 -92.6635 32
      vertex -10.9667 -86.81 32
    endloop
  endfacet
  facet normal 0 0 1
    outer loop
      vertex -16.3959 -85.9501 32
      vertex -17.5014 -91.7456 32
      vertex -11.7061 -92.6635 32
    endloop
  endfacet
  facet normal 0 0 1
    outer loop
      vertex -21.7604 -84.751 32
      vertex -17.5014 -91.7456 32
      vertex -16.3959 -85.9501 32
    endloop
  endfacet
  facet normal 0 0 1
    outer loop
      vertex -21.7604 -84.751 32
      vertex -23.2276 -90.4657 32
      vertex -17.5014 -91.7456 32
    endloop
  endfacet
  facet normal 0 0 1
    outer loop
      vertex -27.039 -83.2174 32
      vertex -23.2276 -90.4657 32
      vertex -21.7604 -84.751 32
    endloop
  endfacet
  facet normal 0 0 1
    outer loop
      vertex -27.039 -83.2174 32
      vertex -28.8622 -88.8287 32
      vertex -23.2276 -90.4657 32
    endloop
  endfacet
  facet normal 0 0 1
    outer loop
      vertex -32.2109 -81.3554 32
      vertex -28.8622 -88.8287 32
      vertex -27.039 -83.2174 32
    endloop
  endfacet
  facet normal 0 0 1
    outer loop
      vertex -32.2109 -81.3554 32
      vertex -34.3828 -86.8411 32
      vertex -28.8622 -88.8287 32
    endloop
  endfacet
  facet normal 0 0 1
    outer loop
      vertex -37.2557 -79.1724 32
      vertex -34.3828 -86.8411 32
      vertex -32.2109 -81.3554 32
    endloop
  endfacet
  facet normal 0 0 1
    outer loop
      vertex -37.2557 -79.1724 32
      vertex -39.7678 -84.5108 32
      vertex -34.3828 -86.8411 32
    endloop
  endfacet
  facet normal 0 0 1
    outer loop
      vertex -42.1534 -76.6768 32
      vertex -39.7678 -84.5108 32
      vertex -37.2557 -79.1724 32
    endloop
  endfacet
  facet normal 0 0 1
    outer loop
      vertex -42.1534 -76.6768 32
      vertex -44.9958 -81.847 32
      vertex -39.7678 -84.5108 32
    endloop
  endfacet
  facet normal 0 0 1
    outer loop
      vertex -46.8848 -73.8787 32
      vertex -44.9958 -81.847 32
      vertex -42.1534 -76.6768 32
    endloop
  endfacet
  facet normal 0 0 1
    outer loop
      vertex -46.8848 -73.8787 32
      vertex -50.0462 -78.8602 32
      vertex -44.9958 -81.847 32
    endloop
  endfacet
  facet normal 0 0 1
    outer loop
      vertex -51.4312 -70.789 32
      vertex -50.0462 -78.8602 32
      vertex -46.8848 -73.8787 32
    endloop
  endfacet
  facet normal 0 0 1
    outer loop
      vertex -51.4312 -70.789 32
      vertex -54.8991 -75.5622 32
      vertex -50.0462 -78.8602 32
    endloop
  endfacet
  facet normal 0 0 1
    outer loop
      vertex -55.7746 -67.4199 32
      vertex -54.8991 -75.5622 32
      vertex -51.4312 -70.789 32
    endloop
  endfacet
  facet normal 0 0 1
    outer loop
      vertex -55.7746 -67.4199 32
      vertex -59.5354 -71.9659 32
      vertex -54.8991 -75.5622 32
    endloop
  endfacet
  facet normal 0 0 1
    outer loop
      vertex -59.8979 -63.7848 32
      vertex -59.5354 -71.9659 32
      vertex -55.7746 -67.4199 32
    endloop
  endfacet
  facet normal 0 0 1
    outer loop
      vertex -63.9367 -68.0857 32
      vertex -59.8979 -63.7848 32
      vertex -63.7848 -59.8979 32
    endloop
  endfacet
  facet normal 0 0 1
    outer loop
      vertex -59.8979 -63.7848 32
      vertex -63.9367 -68.0857 32
      vertex -59.5354 -71.9659 32
    endloop
  endfacet
  facet normal 0 0 1
    outer loop
      vertex -68.0857 -63.9367 32
      vertex -63.7848 -59.8979 32
      vertex -67.4199 -55.7746 32
    endloop
  endfacet
  facet normal 0 0 1
    outer loop
      vertex -63.7848 -59.8979 32
      vertex -68.0857 -63.9367 32
      vertex -63.9367 -68.0857 32
    endloop
  endfacet
  facet normal 0 0 1
    outer loop
      vertex -71.9659 -59.5354 32
      vertex -67.4199 -55.7746 32
      vertex -70.789 -51.4312 32
    endloop
  endfacet
  facet normal 0 0 1
    outer loop
      vertex -67.4199 -55.7746 32
      vertex -71.9659 -59.5354 32
      vertex -68.0857 -63.9367 32
    endloop
  endfacet
  facet normal 0 0 1
    outer loop
      vertex -75.5622 -54.8991 32
      vertex -70.789 -51.4312 32
      vertex -73.8787 -46.8848 32
    endloop
  endfacet
  facet normal 0 0 1
    outer loop
      vertex -70.789 -51.4312 32
      vertex -75.5622 -54.8991 32
      vertex -71.9659 -59.5354 32
    endloop
  endfacet
  facet normal 0 0 1
    outer loop
      vertex -78.8602 -50.0462 32
      vertex -73.8787 -46.8848 32
      vertex -76.6768 -42.1534 32
    endloop
  endfacet
  facet normal 0 0 1
    outer loop
      vertex -73.8787 -46.8848 32
      vertex -78.8602 -50.0462 32
      vertex -75.5622 -54.8991 32
    endloop
  endfacet
  facet normal 0 0 1
    outer loop
      vertex -81.847 -44.9958 32
      vertex -76.6768 -42.1534 32
      vertex -79.1724 -37.2557 32
    endloop
  endfacet
  facet normal 0 0 1
    outer loop
      vertex -84.5108 -39.7678 32
      vertex -79.1724 -37.2557 32
      vertex -81.3554 -32.2109 32
    endloop
  endfacet
  facet normal 0 0 1
    outer loop
      vertex -76.6768 -42.1534 32
      vertex -81.847 -44.9958 32
      vertex -78.8602 -50.0462 32
    endloop
  endfacet
  facet normal 0 0 1
    outer loop
      vertex -86.8411 -34.3828 32
      vertex -81.3554 -32.2109 32
      vertex -83.2174 -27.039 32
    endloop
  endfacet
  facet normal 0 0 1
    outer loop
      vertex -79.1724 -37.2557 32
      vertex -84.5108 -39.7678 32
      vertex -81.847 -44.9958 32
    endloop
  endfacet
  facet normal 0 0 1
    outer loop
      vertex -88.8287 -28.8622 32
      vertex -83.2174 -27.039 32
      vertex -84.751 -21.7604 32
    endloop
  endfacet
  facet normal 0 0 1
    outer loop
      vertex -90.4657 -23.2276 32
      vertex -84.751 -21.7604 32
      vertex -85.9501 -16.3959 32
    endloop
  endfacet
  facet normal 0 0 1
    outer loop
      vertex -91.7456 -17.5014 32
      vertex -85.9501 -16.3959 32
      vertex -86.81 -10.9667 32
    endloop
  endfacet
  facet normal 0 0 1
    outer loop
      vertex -81.3554 -32.2109 32
      vertex -86.8411 -34.3828 32
      vertex -84.5108 -39.7678 32
    endloop
  endfacet
  facet normal 0 0 1
    outer loop
      vertex -92.6635 -11.7061 32
      vertex -86.81 -10.9667 32
      vertex -87.3273 -5.49417 32
    endloop
  endfacet
  facet normal 0 0 1
    outer loop
      vertex -93.2157 -5.86463 32
      vertex -87.3273 -5.49417 32
      vertex -87.5 0 32
    endloop
  endfacet
  facet normal -0 0 1
    outer loop
      vertex -92.6635 11.7061 32
      vertex -86.81 10.9667 32
      vertex -91.7456 17.5014 32
    endloop
  endfacet
  facet normal 0 0 1
    outer loop
      vertex -83.2174 -27.039 32
      vertex -88.8287 -28.8622 32
      vertex -86.8411 -34.3828 32
    endloop
  endfacet
  facet normal 0 0 1
    outer loop
      vertex -86.81 10.9667 32
      vertex -92.6635 11.7061 32
      vertex -87.3273 5.49417 32
    endloop
  endfacet
  facet normal 0 0 1
    outer loop
      vertex -84.751 -21.7604 32
      vertex -90.4657 -23.2276 32
      vertex -88.8287 -28.8622 32
    endloop
  endfacet
  facet normal -0 0 1
    outer loop
      vertex -93.2157 5.86463 32
      vertex -87.3273 5.49417 32
      vertex -92.6635 11.7061 32
    endloop
  endfacet
  facet normal 0 0 1
    outer loop
      vertex -85.9501 -16.3959 32
      vertex -91.7456 -17.5014 32
      vertex -90.4657 -23.2276 32
    endloop
  endfacet
  facet normal 0 0 1
    outer loop
      vertex -87.3273 5.49417 32
      vertex -93.2157 5.86463 32
      vertex -87.5 0 32
    endloop
  endfacet
  facet normal 0 0 1
    outer loop
      vertex -86.81 -10.9667 32
      vertex -92.6635 -11.7061 32
      vertex -91.7456 -17.5014 32
    endloop
  endfacet
  facet normal 0 0 1
    outer loop
      vertex -93.4 0 32
      vertex -87.5 0 32
      vertex -93.2157 5.86463 32
    endloop
  endfacet
  facet normal 0 0 1
    outer loop
      vertex -87.3273 -5.49417 32
      vertex -93.2157 -5.86463 32
      vertex -92.6635 -11.7061 32
    endloop
  endfacet
  facet normal 0 0 1
    outer loop
      vertex -87.5 0 32
      vertex -93.4 0 32
      vertex -93.2157 -5.86463 32
    endloop
  endfacet
  facet normal 0.218134 -0.975919 0
    outer loop
      vertex 17.5014 -91.7456 0
      vertex 23.2276 -90.4657 32
      vertex 17.5014 -91.7456 32
    endloop
  endfacet
  facet normal 0.218134 -0.975919 0
    outer loop
      vertex 23.2276 -90.4657 32
      vertex 17.5014 -91.7456 0
      vertex 23.2276 -90.4657 0
    endloop
  endfacet
  facet normal 0.860742 0.509042 0
    outer loop
      vertex 81.847 44.9958 32
      vertex 78.8602 50.0462 0
      vertex 78.8602 50.0462 32
    endloop
  endfacet
  facet normal 0.860742 0.509042 0
    outer loop
      vertex 78.8602 50.0462 0
      vertex 81.847 44.9958 32
      vertex 81.847 44.9958 0
    endloop
  endfacet
  facet normal 0.750117 -0.661305 0
    outer loop
      vertex 68.0857 -63.9367 32
      vertex 71.9659 -59.5354 0
      vertex 71.9659 -59.5354 32
    endloop
  endfacet
  facet normal 0.750117 -0.661305 0
    outer loop
      vertex 71.9659 -59.5354 0
      vertex 68.0857 -63.9367 32
      vertex 68.0857 -63.9367 0
    endloop
  endfacet
  facet normal 0.218134 0.975919 -0
    outer loop
      vertex 23.2276 90.4657 0
      vertex 17.5014 91.7456 32
      vertex 23.2276 90.4657 32
    endloop
  endfacet
  facet normal 0.218134 0.975919 0
    outer loop
      vertex 17.5014 91.7456 32
      vertex 23.2276 90.4657 0
      vertex 17.5014 91.7456 0
    endloop
  endfacet
  facet normal -0.975919 -0.218134 0
    outer loop
      vertex -90.4657 -23.2276 0
      vertex -91.7456 -17.5014 32
      vertex -91.7456 -17.5014 0
    endloop
  endfacet
  facet normal -0.975919 -0.218134 0
    outer loop
      vertex -91.7456 -17.5014 32
      vertex -90.4657 -23.2276 0
      vertex -90.4657 -23.2276 32
    endloop
  endfacet
  facet normal 0.453991 0.891006 -0
    outer loop
      vertex 44.9958 81.847 0
      vertex 39.7678 84.5108 32
      vertex 44.9958 81.847 32
    endloop
  endfacet
  facet normal 0.453991 0.891006 0
    outer loop
      vertex 39.7678 84.5108 32
      vertex 44.9958 81.847 0
      vertex 39.7678 84.5108 0
    endloop
  endfacet
  facet normal 0.338747 -0.940877 0
    outer loop
      vertex 28.8622 -88.8287 0
      vertex 34.3828 -86.8411 32
      vertex 28.8622 -88.8287 32
    endloop
  endfacet
  facet normal 0.338747 -0.940877 0
    outer loop
      vertex 34.3828 -86.8411 32
      vertex 28.8622 -88.8287 0
      vertex 34.3828 -86.8411 0
    endloop
  endfacet
  facet normal 0.509042 0.860742 -0
    outer loop
      vertex 50.0462 78.8602 0
      vertex 44.9958 81.847 32
      vertex 50.0462 78.8602 32
    endloop
  endfacet
  facet normal 0.509042 0.860742 0
    outer loop
      vertex 44.9958 81.847 32
      vertex 50.0462 78.8602 0
      vertex 44.9958 81.847 0
    endloop
  endfacet
  facet normal -0.661305 -0.750117 0
    outer loop
      vertex -63.9367 -68.0857 0
      vertex -59.5354 -71.9659 32
      vertex -63.9367 -68.0857 32
    endloop
  endfacet
  facet normal -0.661305 -0.750117 -0
    outer loop
      vertex -59.5354 -71.9659 32
      vertex -63.9367 -68.0857 0
      vertex -59.5354 -71.9659 0
    endloop
  endfacet
  facet normal 0.156437 0.987688 -0
    outer loop
      vertex 17.5014 91.7456 0
      vertex 11.7061 92.6635 32
      vertex 17.5014 91.7456 32
    endloop
  endfacet
  facet normal 0.156437 0.987688 0
    outer loop
      vertex 11.7061 92.6635 32
      vertex 17.5014 91.7456 0
      vertex 11.7061 92.6635 0
    endloop
  endfacet
  facet normal 0.940877 0.338747 0
    outer loop
      vertex 88.8287 28.8622 32
      vertex 86.8411 34.3828 0
      vertex 86.8411 34.3828 32
    endloop
  endfacet
  facet normal 0.940877 0.338747 0
    outer loop
      vertex 86.8411 34.3828 0
      vertex 88.8287 28.8622 32
      vertex 88.8287 28.8622 0
    endloop
  endfacet
  facet normal -0.940877 -0.338747 0
    outer loop
      vertex -86.8411 -34.3828 0
      vertex -88.8287 -28.8622 32
      vertex -88.8287 -28.8622 0
    endloop
  endfacet
  facet normal -0.940877 -0.338747 0
    outer loop
      vertex -88.8287 -28.8622 32
      vertex -86.8411 -34.3828 0
      vertex -86.8411 -34.3828 32
    endloop
  endfacet
  facet normal -0.940877 0.338747 0
    outer loop
      vertex -88.8287 28.8622 0
      vertex -86.8411 34.3828 32
      vertex -86.8411 34.3828 0
    endloop
  endfacet
  facet normal -0.940877 0.338747 0
    outer loop
      vertex -86.8411 34.3828 32
      vertex -88.8287 28.8622 0
      vertex -88.8287 28.8622 32
    endloop
  endfacet
  facet normal -0.790154 -0.612909 0
    outer loop
      vertex -71.9659 -59.5354 0
      vertex -75.5622 -54.8991 32
      vertex -75.5622 -54.8991 0
    endloop
  endfacet
  facet normal -0.790154 -0.612909 0
    outer loop
      vertex -75.5622 -54.8991 32
      vertex -71.9659 -59.5354 0
      vertex -71.9659 -59.5354 32
    endloop
  endfacet
  facet normal 0.827083 0.56208 0
    outer loop
      vertex 78.8602 50.0462 32
      vertex 75.5622 54.8991 0
      vertex 75.5622 54.8991 32
    endloop
  endfacet
  facet normal 0.827083 0.56208 0
    outer loop
      vertex 75.5622 54.8991 0
      vertex 78.8602 50.0462 32
      vertex 78.8602 50.0462 0
    endloop
  endfacet
  facet normal 0.995562 -0.0941114 0
    outer loop
      vertex 92.6635 -11.7061 32
      vertex 93.2157 -5.86463 0
      vertex 93.2157 -5.86463 32
    endloop
  endfacet
  facet normal 0.995562 -0.0941114 0
    outer loop
      vertex 93.2157 -5.86463 0
      vertex 92.6635 -11.7061 32
      vertex 92.6635 -11.7061 0
    endloop
  endfacet
  facet normal 0.987688 -0.156437 0
    outer loop
      vertex 91.7456 -17.5014 32
      vertex 92.6635 -11.7061 0
      vertex 92.6635 -11.7061 32
    endloop
  endfacet
  facet normal 0.987688 -0.156437 0
    outer loop
      vertex 92.6635 -11.7061 0
      vertex 91.7456 -17.5014 32
      vertex 91.7456 -17.5014 0
    endloop
  endfacet
  facet normal -0.338747 0.940877 0
    outer loop
      vertex -28.8622 88.8287 0
      vertex -34.3828 86.8411 32
      vertex -28.8622 88.8287 32
    endloop
  endfacet
  facet normal -0.338747 0.940877 0
    outer loop
      vertex -34.3828 86.8411 32
      vertex -28.8622 88.8287 0
      vertex -34.3828 86.8411 0
    endloop
  endfacet
  facet normal -0.987688 -0.156437 0
    outer loop
      vertex -91.7456 -17.5014 0
      vertex -92.6635 -11.7061 32
      vertex -92.6635 -11.7061 0
    endloop
  endfacet
  facet normal -0.987688 -0.156437 0
    outer loop
      vertex -92.6635 -11.7061 32
      vertex -91.7456 -17.5014 0
      vertex -91.7456 -17.5014 32
    endloop
  endfacet
  facet normal -0.975919 0.218134 0
    outer loop
      vertex -91.7456 17.5014 0
      vertex -90.4657 23.2276 32
      vertex -90.4657 23.2276 0
    endloop
  endfacet
  facet normal -0.975919 0.218134 0
    outer loop
      vertex -90.4657 23.2276 32
      vertex -91.7456 17.5014 0
      vertex -91.7456 17.5014 32
    endloop
  endfacet
  facet normal -0.707107 0.707107 0
    outer loop
      vertex -68.0857 63.9367 0
      vertex -63.9367 68.0857 32
      vertex -63.9367 68.0857 0
    endloop
  endfacet
  facet normal -0.707107 0.707107 0
    outer loop
      vertex -63.9367 68.0857 32
      vertex -68.0857 63.9367 0
      vertex -68.0857 63.9367 32
    endloop
  endfacet
  facet normal 0.397148 0.917754 -0
    outer loop
      vertex 39.7678 84.5108 0
      vertex 34.3828 86.8411 32
      vertex 39.7678 84.5108 32
    endloop
  endfacet
  facet normal 0.397148 0.917754 0
    outer loop
      vertex 34.3828 86.8411 32
      vertex 39.7678 84.5108 0
      vertex 34.3828 86.8411 0
    endloop
  endfacet
  facet normal -0.0941114 -0.995562 0
    outer loop
      vertex -11.7061 -92.6635 0
      vertex -5.86463 -93.2157 32
      vertex -11.7061 -92.6635 32
    endloop
  endfacet
  facet normal -0.0941114 -0.995562 -0
    outer loop
      vertex -5.86463 -93.2157 32
      vertex -11.7061 -92.6635 0
      vertex -5.86463 -93.2157 0
    endloop
  endfacet
  facet normal 0.661305 -0.750117 0
    outer loop
      vertex 59.5354 -71.9659 0
      vertex 63.9367 -68.0857 32
      vertex 59.5354 -71.9659 32
    endloop
  endfacet
  facet normal 0.661305 -0.750117 0
    outer loop
      vertex 63.9367 -68.0857 32
      vertex 59.5354 -71.9659 0
      vertex 63.9367 -68.0857 0
    endloop
  endfacet
  facet normal -0.827083 -0.56208 0
    outer loop
      vertex -75.5622 -54.8991 0
      vertex -78.8602 -50.0462 32
      vertex -78.8602 -50.0462 0
    endloop
  endfacet
  facet normal -0.827083 -0.56208 0
    outer loop
      vertex -78.8602 -50.0462 32
      vertex -75.5622 -54.8991 0
      vertex -75.5622 -54.8991 32
    endloop
  endfacet
  facet normal -0.860742 0.509042 0
    outer loop
      vertex -81.847 44.9958 0
      vertex -78.8602 50.0462 32
      vertex -78.8602 50.0462 0
    endloop
  endfacet
  facet normal -0.860742 0.509042 0
    outer loop
      vertex -78.8602 50.0462 32
      vertex -81.847 44.9958 0
      vertex -81.847 44.9958 32
    endloop
  endfacet
  facet normal -0.750117 -0.661305 0
    outer loop
      vertex -68.0857 -63.9367 0
      vertex -71.9659 -59.5354 32
      vertex -71.9659 -59.5354 0
    endloop
  endfacet
  facet normal -0.750117 -0.661305 0
    outer loop
      vertex -71.9659 -59.5354 32
      vertex -68.0857 -63.9367 0
      vertex -68.0857 -63.9367 32
    endloop
  endfacet
  facet normal -0.0314102 0.999507 0
    outer loop
      vertex 0 93.4 0
      vertex -5.86463 93.2157 32
      vertex 0 93.4 32
    endloop
  endfacet
  facet normal -0.0314102 0.999507 0
    outer loop
      vertex -5.86463 93.2157 32
      vertex 0 93.4 0
      vertex -5.86463 93.2157 0
    endloop
  endfacet
  facet normal 0.0314102 0.999507 -0
    outer loop
      vertex 5.86463 93.2157 0
      vertex 0 93.4 32
      vertex 5.86463 93.2157 32
    endloop
  endfacet
  facet normal 0.0314102 0.999507 0
    outer loop
      vertex 0 93.4 32
      vertex 5.86463 93.2157 0
      vertex 0 93.4 0
    endloop
  endfacet
  facet normal -0.509042 -0.860742 0
    outer loop
      vertex -50.0462 -78.8602 0
      vertex -44.9958 -81.847 32
      vertex -50.0462 -78.8602 32
    endloop
  endfacet
  facet normal -0.509042 -0.860742 -0
    outer loop
      vertex -44.9958 -81.847 32
      vertex -50.0462 -78.8602 0
      vertex -44.9958 -81.847 0
    endloop
  endfacet
  facet normal -0.891006 -0.453991 0
    outer loop
      vertex -81.847 -44.9958 0
      vertex -84.5108 -39.7678 32
      vertex -84.5108 -39.7678 0
    endloop
  endfacet
  facet normal -0.891006 -0.453991 0
    outer loop
      vertex -84.5108 -39.7678 32
      vertex -81.847 -44.9958 0
      vertex -81.847 -44.9958 32
    endloop
  endfacet
  facet normal 0.827083 -0.56208 0
    outer loop
      vertex 75.5622 -54.8991 32
      vertex 78.8602 -50.0462 0
      vertex 78.8602 -50.0462 32
    endloop
  endfacet
  facet normal 0.827083 -0.56208 0
    outer loop
      vertex 78.8602 -50.0462 0
      vertex 75.5622 -54.8991 32
      vertex 75.5622 -54.8991 0
    endloop
  endfacet
  facet normal -0.509042 0.860742 0
    outer loop
      vertex -44.9958 81.847 0
      vertex -50.0462 78.8602 32
      vertex -44.9958 81.847 32
    endloop
  endfacet
  facet normal -0.509042 0.860742 0
    outer loop
      vertex -50.0462 78.8602 32
      vertex -44.9958 81.847 0
      vertex -50.0462 78.8602 0
    endloop
  endfacet
  facet normal -0.278991 0.960294 0
    outer loop
      vertex -23.2276 90.4657 0
      vertex -28.8622 88.8287 32
      vertex -23.2276 90.4657 32
    endloop
  endfacet
  facet normal -0.278991 0.960294 0
    outer loop
      vertex -28.8622 88.8287 32
      vertex -23.2276 90.4657 0
      vertex -28.8622 88.8287 0
    endloop
  endfacet
  facet normal 0.278991 -0.960294 0
    outer loop
      vertex 23.2276 -90.4657 0
      vertex 28.8622 -88.8287 32
      vertex 23.2276 -90.4657 32
    endloop
  endfacet
  facet normal 0.278991 -0.960294 0
    outer loop
      vertex 28.8622 -88.8287 32
      vertex 23.2276 -90.4657 0
      vertex 28.8622 -88.8287 0
    endloop
  endfacet
  facet normal -0.987688 0.156437 0
    outer loop
      vertex -92.6635 11.7061 0
      vertex -91.7456 17.5014 32
      vertex -91.7456 17.5014 0
    endloop
  endfacet
  facet normal -0.987688 0.156437 0
    outer loop
      vertex -91.7456 17.5014 32
      vertex -92.6635 11.7061 0
      vertex -92.6635 11.7061 32
    endloop
  endfacet
  facet normal -0.995562 0.0941114 0
    outer loop
      vertex -93.2157 5.86463 0
      vertex -92.6635 11.7061 32
      vertex -92.6635 11.7061 0
    endloop
  endfacet
  facet normal -0.995562 0.0941114 0
    outer loop
      vertex -92.6635 11.7061 32
      vertex -93.2157 5.86463 0
      vertex -93.2157 5.86463 32
    endloop
  endfacet
  facet normal -0.860742 -0.509042 0
    outer loop
      vertex -78.8602 -50.0462 0
      vertex -81.847 -44.9958 32
      vertex -81.847 -44.9958 0
    endloop
  endfacet
  facet normal -0.860742 -0.509042 0
    outer loop
      vertex -81.847 -44.9958 32
      vertex -78.8602 -50.0462 0
      vertex -78.8602 -50.0462 32
    endloop
  endfacet
  facet normal 0.156437 -0.987688 0
    outer loop
      vertex 11.7061 -92.6635 0
      vertex 17.5014 -91.7456 32
      vertex 11.7061 -92.6635 32
    endloop
  endfacet
  facet normal 0.156437 -0.987688 0
    outer loop
      vertex 17.5014 -91.7456 32
      vertex 11.7061 -92.6635 0
      vertex 17.5014 -91.7456 0
    endloop
  endfacet
  facet normal -0.0314102 -0.999507 0
    outer loop
      vertex -5.86463 -93.2157 0
      vertex 0 -93.4 32
      vertex -5.86463 -93.2157 32
    endloop
  endfacet
  facet normal -0.0314102 -0.999507 -0
    outer loop
      vertex 0 -93.4 32
      vertex -5.86463 -93.2157 0
      vertex 0 -93.4 0
    endloop
  endfacet
  facet normal 0.790154 0.612909 0
    outer loop
      vertex 75.5622 54.8991 32
      vertex 71.9659 59.5354 0
      vertex 71.9659 59.5354 32
    endloop
  endfacet
  facet normal 0.790154 0.612909 0
    outer loop
      vertex 71.9659 59.5354 0
      vertex 75.5622 54.8991 32
      vertex 75.5622 54.8991 0
    endloop
  endfacet
  facet normal -0.790154 0.612909 0
    outer loop
      vertex -75.5622 54.8991 0
      vertex -71.9659 59.5354 32
      vertex -71.9659 59.5354 0
    endloop
  endfacet
  facet normal -0.790154 0.612909 0
    outer loop
      vertex -71.9659 59.5354 32
      vertex -75.5622 54.8991 0
      vertex -75.5622 54.8991 32
    endloop
  endfacet
  facet normal -0.612909 -0.790154 0
    outer loop
      vertex -59.5354 -71.9659 0
      vertex -54.8991 -75.5622 32
      vertex -59.5354 -71.9659 32
    endloop
  endfacet
  facet normal -0.612909 -0.790154 -0
    outer loop
      vertex -54.8991 -75.5622 32
      vertex -59.5354 -71.9659 0
      vertex -54.8991 -75.5622 0
    endloop
  endfacet
  facet normal -0.278991 -0.960294 0
    outer loop
      vertex -28.8622 -88.8287 0
      vertex -23.2276 -90.4657 32
      vertex -28.8622 -88.8287 32
    endloop
  endfacet
  facet normal -0.278991 -0.960294 -0
    outer loop
      vertex -23.2276 -90.4657 32
      vertex -28.8622 -88.8287 0
      vertex -23.2276 -90.4657 0
    endloop
  endfacet
  facet normal -0.750117 0.661305 0
    outer loop
      vertex -71.9659 59.5354 0
      vertex -68.0857 63.9367 32
      vertex -68.0857 63.9367 0
    endloop
  endfacet
  facet normal -0.750117 0.661305 0
    outer loop
      vertex -68.0857 63.9367 32
      vertex -71.9659 59.5354 0
      vertex -71.9659 59.5354 32
    endloop
  endfacet
  facet normal -0.397148 -0.917754 0
    outer loop
      vertex -39.7678 -84.5108 0
      vertex -34.3828 -86.8411 32
      vertex -39.7678 -84.5108 32
    endloop
  endfacet
  facet normal -0.397148 -0.917754 -0
    outer loop
      vertex -34.3828 -86.8411 32
      vertex -39.7678 -84.5108 0
      vertex -34.3828 -86.8411 0
    endloop
  endfacet
  facet normal -0.56208 -0.827083 0
    outer loop
      vertex -54.8991 -75.5622 0
      vertex -50.0462 -78.8602 32
      vertex -54.8991 -75.5622 32
    endloop
  endfacet
  facet normal -0.56208 -0.827083 -0
    outer loop
      vertex -50.0462 -78.8602 32
      vertex -54.8991 -75.5622 0
      vertex -50.0462 -78.8602 0
    endloop
  endfacet
  facet normal 0.218142 0.975917 -0
    outer loop
      vertex -16.3959 -85.9501 3
      vertex -21.7604 -84.751 32
      vertex -16.3959 -85.9501 32
    endloop
  endfacet
  facet normal 0.218142 0.975917 0
    outer loop
      vertex -21.7604 -84.751 32
      vertex -16.3959 -85.9501 3
      vertex -21.7604 -84.751 3
    endloop
  endfacet
  facet normal -0.995562 -0.0941072 0
    outer loop
      vertex 87.3273 5.49417 3
      vertex 86.81 10.9667 32
      vertex 86.81 10.9667 3
    endloop
  endfacet
  facet normal -0.995562 -0.0941072 0
    outer loop
      vertex 86.81 10.9667 32
      vertex 87.3273 5.49417 3
      vertex 87.3273 5.49417 32
    endloop
  endfacet
  facet normal -0.999502 -0.0315524 -2.65725e-05
    outer loop
      vertex 87.3965 3.29349 13.2072
      vertex 87.3273 5.49417 3
      vertex 87.3963 3.3 13
    endloop
  endfacet
  facet normal -0.999509 -0.0313408 1.99159e-05
    outer loop
      vertex 87.3273 5.49417 3
      vertex 87.3965 3.29349 12.7928
      vertex 87.3963 3.3 13
    endloop
  endfacet
  facet normal -0.999512 -0.0312249 4.59795e-05
    outer loop
      vertex 87.3273 5.49417 3
      vertex 87.3971 3.27398 12.5864
      vertex 87.3965 3.29349 12.7928
    endloop
  endfacet
  facet normal -0.999514 -0.0311787 5.66927e-05
    outer loop
      vertex 87.3273 5.49417 3
      vertex 87.3981 3.24155 12.3816
      vertex 87.3971 3.27398 12.5864
    endloop
  endfacet
  facet normal -0.99948 -0.0322493 -0.000200622
    outer loop
      vertex 87.3273 5.49417 3
      vertex 87.3996 3.19632 12.1793
      vertex 87.3981 3.24155 12.3816
    endloop
  endfacet
  facet normal -0.999511 -0.0312671 4.54874e-05
    outer loop
      vertex 87.3273 5.49417 3
      vertex 87.4014 3.13849 11.9802
      vertex 87.3996 3.19632 12.1793
    endloop
  endfacet
  facet normal -0.999508 -0.0313651 1.97575e-05
    outer loop
      vertex 87.3273 5.49417 3
      vertex 87.4036 3.06826 11.7852
      vertex 87.4014 3.13849 11.9802
    endloop
  endfacet
  facet normal -0.999503 -0.0315147 -2.15828e-05
    outer loop
      vertex 87.3273 5.49417 3
      vertex 87.4062 2.98593 11.5949
      vertex 87.4036 3.06826 11.7852
    endloop
  endfacet
  facet normal -0.999518 -0.0310315 0.000119553
    outer loop
      vertex 87.3273 5.49417 3
      vertex 87.4091 2.89181 11.4102
      vertex 87.4062 2.98593 11.5949
    endloop
  endfacet
  facet normal -0.99951 -0.0313111 3.2952e-05
    outer loop
      vertex 87.3273 5.49417 3
      vertex 87.4124 2.78628 11.2318
      vertex 87.4091 2.89181 11.4102
    endloop
  endfacet
  facet normal -0.9995 -0.0316315 -7.25564e-05
    outer loop
      vertex 87.3273 5.49417 3
      vertex 87.4161 2.66976 11.0603
      vertex 87.4124 2.78628 11.2318
    endloop
  endfacet
  facet normal -0.999505 -0.0314512 -9.29284e-06
    outer loop
      vertex 87.3273 5.49417 3
      vertex 87.4201 2.54269 10.8965
      vertex 87.4161 2.66976 11.0603
    endloop
  endfacet
  facet normal -0.999508 -0.0313733 1.98334e-05
    outer loop
      vertex 87.3273 5.49417 3
      vertex 87.4244 2.4056 10.741
      vertex 87.4201 2.54269 10.8965
    endloop
  endfacet
  facet normal -0.999508 -0.0313797 1.7274e-05
    outer loop
      vertex 87.3273 5.49417 3
      vertex 87.429 2.259 10.5944
      vertex 87.4244 2.4056 10.741
    endloop
  endfacet
  facet normal -0.999505 -0.031475 -2.33702e-05
    outer loop
      vertex 87.3273 5.49417 3
      vertex 87.4339 2.1035 10.4573
      vertex 87.429 2.259 10.5944
    endloop
  endfacet
  facet normal -0.999513 -0.0311981 0.000102658
    outer loop
      vertex 87.3273 5.49417 3
      vertex 87.439 1.93969 10.3302
      vertex 87.4339 2.1035 10.4573
    endloop
  endfacet
  facet normal -0.999505 -0.0314615 -2.5189e-05
    outer loop
      vertex 87.3273 5.49417 3
      vertex 87.4444 1.76823 10.2137
      vertex 87.439 1.93969 10.3302
    endloop
  endfacet
  facet normal -0.999508 -0.0313782 1.78809e-05
    outer loop
      vertex 87.3273 5.49417 3
      vertex 87.45 1.58979 10.1082
      vertex 87.4444 1.76823 10.2137
    endloop
  endfacet
  facet normal -0.999507 -0.0313894 1.17412e-05
    outer loop
      vertex 87.3273 5.49417 3
      vertex 87.4558 1.40507 10.0141
      vertex 87.45 1.58979 10.1082
    endloop
  endfacet
  facet normal -0.999504 -0.0314978 -5.15456e-05
    outer loop
      vertex 87.3273 5.49417 3
      vertex 87.4618 1.21481 9.93174
      vertex 87.4558 1.40507 10.0141
    endloop
  endfacet
  facet normal -0.999506 -0.0314178 -2.08926e-06
    outer loop
      vertex 87.5 0 3
      vertex 87.4618 1.21481 9.93174
      vertex 87.3273 5.49417 3
    endloop
  endfacet
  facet normal -0.999494 -0.0317936 6.38429e-05
    outer loop
      vertex 87.4618 1.21481 9.93174
      vertex 87.5 0 3
      vertex 87.468 1.01976 9.86151
    endloop
  endfacet
  facet normal -0.999516 -0.0311168 -3.68412e-05
    outer loop
      vertex 87.468 1.01976 9.86151
      vertex 87.5 0 3
      vertex 87.4742 0.820676 9.80367
    endloop
  endfacet
  facet normal -0.9995 -0.031623 2.4269e-05
    outer loop
      vertex 87.4742 0.820676 9.80367
      vertex 87.5 0 3
      vertex 87.4806 0.618358 9.75845
    endloop
  endfacet
  facet normal -0.999512 -0.0312393 -1.08712e-05
    outer loop
      vertex 87.4806 0.618358 9.75845
      vertex 87.5 0 3
      vertex 87.487 0.413599 9.72602
    endloop
  endfacet
  facet normal -0.999504 -0.0314785 3.85538e-06
    outer loop
      vertex 87.487 0.413599 9.72602
      vertex 87.5 0 3
      vertex 87.4935 0.207209 9.70651
    endloop
  endfacet
  facet normal -0.999508 -0.0313539 0
    outer loop
      vertex 87.4935 0.207209 9.70651
      vertex 87.5 0 3
      vertex 87.5 0 9.7
    endloop
  endfacet
  facet normal -0.999506 -0.0314293 0
    outer loop
      vertex 87.3273 5.49417 3
      vertex 87.3965 3.29349 13.2072
      vertex 87.3273 5.49417 32
    endloop
  endfacet
  facet normal -0.999516 -0.0311209 -3.61442e-05
    outer loop
      vertex 87.3971 3.27398 13.4136
      vertex 87.3273 5.49417 32
      vertex 87.3965 3.29349 13.2072
    endloop
  endfacet
  facet normal -0.999517 -0.03108 -4.10449e-05
    outer loop
      vertex 87.3981 3.24155 13.6184
      vertex 87.3273 5.49417 32
      vertex 87.3971 3.27398 13.4136
    endloop
  endfacet
  facet normal -0.999471 -0.0325328 0.00013717
    outer loop
      vertex 87.3996 3.19632 13.8207
      vertex 87.3273 5.49417 32
      vertex 87.3981 3.24155 13.6184
    endloop
  endfacet
  facet normal -0.999513 -0.0312131 -2.97964e-05
    outer loop
      vertex 87.4014 3.13849 14.0198
      vertex 87.3273 5.49417 32
      vertex 87.3996 3.19632 13.8207
    endloop
  endfacet
  facet normal -0.999509 -0.031345 -1.25058e-05
    outer loop
      vertex 87.4036 3.06826 14.2148
      vertex 87.3273 5.49417 32
      vertex 87.4014 3.13849 14.0198
    endloop
  endfacet
  facet normal -0.999503 -0.0315338 1.32791e-05
    outer loop
      vertex 87.4062 2.98593 14.4051
      vertex 87.3273 5.49417 32
      vertex 87.4036 3.06826 14.2148
    endloop
  endfacet
  facet normal -0.999521 -0.0309378 -7.17684e-05
    outer loop
      vertex 87.4091 2.89181 14.5898
      vertex 87.3273 5.49417 32
      vertex 87.4062 2.98593 14.4051
    endloop
  endfacet
  facet normal -0.99951 -0.0312881 -1.93539e-05
    outer loop
      vertex 87.4124 2.78628 14.7682
      vertex 87.3273 5.49417 32
      vertex 87.4091 2.89181 14.5898
    endloop
  endfacet
  facet normal -0.999498 -0.0316768 4.17794e-05
    outer loop
      vertex 87.4161 2.66976 14.9397
      vertex 87.3273 5.49417 32
      vertex 87.4124 2.78628 14.7682
    endloop
  endfacet
  facet normal -0.999505 -0.0314564 5.25269e-06
    outer loop
      vertex 87.4201 2.54269 15.1035
      vertex 87.3273 5.49417 32
      vertex 87.4161 2.66976 14.9397
    endloop
  endfacet
  facet normal -0.999508 -0.0313633 -1.10161e-05
    outer loop
      vertex 87.4244 2.4056 15.259
      vertex 87.3273 5.49417 32
      vertex 87.4201 2.54269 15.1035
    endloop
  endfacet
  facet normal -0.999508 -0.0313719 -9.4339e-06
    outer loop
      vertex 87.429 2.259 15.4056
      vertex 87.3273 5.49417 32
      vertex 87.4244 2.4056 15.259
    endloop
  endfacet
  facet normal -0.999504 -0.0314846 1.25544e-05
    outer loop
      vertex 87.4339 2.1035 15.5427
      vertex 87.3273 5.49417 32
      vertex 87.429 2.259 15.4056
    endloop
  endfacet
  facet normal -0.999514 -0.0311606 -5.42552e-05
    outer loop
      vertex 87.439 1.93969 15.6698
      vertex 87.3273 5.49417 32
      vertex 87.4339 2.1035 15.5427
    endloop
  endfacet
  facet normal -0.999505 -0.0314697 1.30953e-05
    outer loop
      vertex 87.4444 1.76823 15.7863
      vertex 87.3273 5.49417 32
      vertex 87.439 1.93969 15.6698
    endloop
  endfacet
  facet normal -0.999508 -0.0313731 -9.14268e-06
    outer loop
      vertex 87.45 1.58979 15.8918
      vertex 87.3273 5.49417 32
      vertex 87.4444 1.76823 15.7863
    endloop
  endfacet
  facet normal -0.999507 -0.0313864 -5.90213e-06
    outer loop
      vertex 87.4558 1.40507 15.9859
      vertex 87.3273 5.49417 32
      vertex 87.45 1.58979 15.8918
    endloop
  endfacet
  facet normal -0.999503 -0.0315091 2.54588e-05
    outer loop
      vertex 87.4618 1.21481 16.0683
      vertex 87.3273 5.49417 32
      vertex 87.4558 1.40507 15.9859
    endloop
  endfacet
  facet normal -0.999496 -0.0317393 8.73435e-05
    outer loop
      vertex 87.468 1.01976 16.1385
      vertex 87.3273 5.49417 32
      vertex 87.4618 1.21481 16.0683
    endloop
  endfacet
  facet normal -0.999515 -0.0311504 -7.89271e-05
    outer loop
      vertex 87.4742 0.820676 16.1963
      vertex 87.3273 5.49417 32
      vertex 87.468 1.01976 16.1385
    endloop
  endfacet
  facet normal -0.9995 -0.0316198 -1.02857e-05
    outer loop
      vertex 87.5 0 32
      vertex 87.4742 0.820676 16.1963
      vertex 87.4806 0.618358 16.2415
    endloop
  endfacet
  facet normal -0.999512 -0.0312403 4.62364e-06
    outer loop
      vertex 87.5 0 32
      vertex 87.4806 0.618358 16.2415
      vertex 87.487 0.413599 16.274
    endloop
  endfacet
  facet normal -0.999504 -0.0314783 -1.64345e-06
    outer loop
      vertex 87.5 0 32
      vertex 87.487 0.413599 16.274
      vertex 87.4935 0.207209 16.2935
    endloop
  endfacet
  facet normal -0.999508 -0.0313539 -0
    outer loop
      vertex 87.5 0 32
      vertex 87.4935 0.207209 16.2935
      vertex 87.5 0 16.3
    endloop
  endfacet
  facet normal -0.999506 -0.0314178 2.16882e-07
    outer loop
      vertex 87.4742 0.820676 16.1963
      vertex 87.5 0 32
      vertex 87.3273 5.49417 32
    endloop
  endfacet
  facet normal -0.987688 -0.156434 0
    outer loop
      vertex 86.81 10.9667 3
      vertex 85.9501 16.3959 32
      vertex 85.9501 16.3959 3
    endloop
  endfacet
  facet normal -0.987688 -0.156434 0
    outer loop
      vertex 85.9501 16.3959 32
      vertex 86.81 10.9667 3
      vertex 86.81 10.9667 32
    endloop
  endfacet
  facet normal 0.999508 0.0313539 0
    outer loop
      vertex -87.5 0 32
      vertex -87.4935 -0.207209 16.2935
      vertex -87.5 0 16.3
    endloop
  endfacet
  facet normal 0.999504 0.0314783 -1.64345e-06
    outer loop
      vertex -87.5 0 32
      vertex -87.487 -0.413599 16.274
      vertex -87.4935 -0.207209 16.2935
    endloop
  endfacet
  facet normal 0.999512 0.0312403 4.62364e-06
    outer loop
      vertex -87.5 0 32
      vertex -87.4806 -0.618358 16.2415
      vertex -87.487 -0.413599 16.274
    endloop
  endfacet
  facet normal 0.9995 0.0316198 -1.02857e-05
    outer loop
      vertex -87.5 0 32
      vertex -87.4742 -0.820676 16.1963
      vertex -87.4806 -0.618358 16.2415
    endloop
  endfacet
  facet normal 0.999506 0.0314178 2.16882e-07
    outer loop
      vertex -87.3273 -5.49417 32
      vertex -87.4742 -0.820676 16.1963
      vertex -87.5 0 32
    endloop
  endfacet
  facet normal 0.999515 0.0311504 -7.89271e-05
    outer loop
      vertex -87.4742 -0.820676 16.1963
      vertex -87.3273 -5.49417 32
      vertex -87.468 -1.01976 16.1385
    endloop
  endfacet
  facet normal 0.999496 0.0317393 8.73435e-05
    outer loop
      vertex -87.468 -1.01976 16.1385
      vertex -87.3273 -5.49417 32
      vertex -87.4618 -1.21481 16.0683
    endloop
  endfacet
  facet normal 0.999503 0.0315091 2.54588e-05
    outer loop
      vertex -87.4618 -1.21481 16.0683
      vertex -87.3273 -5.49417 32
      vertex -87.4558 -1.40507 15.9859
    endloop
  endfacet
  facet normal 0.999507 0.0313864 -5.90213e-06
    outer loop
      vertex -87.4558 -1.40507 15.9859
      vertex -87.3273 -5.49417 32
      vertex -87.45 -1.58979 15.8918
    endloop
  endfacet
  facet normal 0.999508 0.0313731 -9.14268e-06
    outer loop
      vertex -87.45 -1.58979 15.8918
      vertex -87.3273 -5.49417 32
      vertex -87.4444 -1.76823 15.7863
    endloop
  endfacet
  facet normal 0.999505 0.0314697 1.30953e-05
    outer loop
      vertex -87.4444 -1.76823 15.7863
      vertex -87.3273 -5.49417 32
      vertex -87.439 -1.93969 15.6698
    endloop
  endfacet
  facet normal 0.999514 0.0311606 -5.42552e-05
    outer loop
      vertex -87.439 -1.93969 15.6698
      vertex -87.3273 -5.49417 32
      vertex -87.4339 -2.1035 15.5427
    endloop
  endfacet
  facet normal 0.999504 0.0314846 1.25544e-05
    outer loop
      vertex -87.4339 -2.1035 15.5427
      vertex -87.3273 -5.49417 32
      vertex -87.429 -2.259 15.4056
    endloop
  endfacet
  facet normal 0.999508 0.0313719 -9.4339e-06
    outer loop
      vertex -87.429 -2.259 15.4056
      vertex -87.3273 -5.49417 32
      vertex -87.4244 -2.4056 15.259
    endloop
  endfacet
  facet normal 0.999508 0.0313633 -1.10161e-05
    outer loop
      vertex -87.4244 -2.4056 15.259
      vertex -87.3273 -5.49417 32
      vertex -87.4201 -2.54269 15.1035
    endloop
  endfacet
  facet normal 0.999505 0.0314564 5.25269e-06
    outer loop
      vertex -87.4201 -2.54269 15.1035
      vertex -87.3273 -5.49417 32
      vertex -87.4161 -2.66976 14.9397
    endloop
  endfacet
  facet normal 0.999498 0.0316768 4.17794e-05
    outer loop
      vertex -87.4161 -2.66976 14.9397
      vertex -87.3273 -5.49417 32
      vertex -87.4124 -2.78628 14.7682
    endloop
  endfacet
  facet normal 0.99951 0.0312881 -1.93539e-05
    outer loop
      vertex -87.4124 -2.78628 14.7682
      vertex -87.3273 -5.49417 32
      vertex -87.4091 -2.89181 14.5898
    endloop
  endfacet
  facet normal 0.999521 0.0309378 -7.17684e-05
    outer loop
      vertex -87.4091 -2.89181 14.5898
      vertex -87.3273 -5.49417 32
      vertex -87.4062 -2.98593 14.4051
    endloop
  endfacet
  facet normal 0.999503 0.0315338 1.32791e-05
    outer loop
      vertex -87.4062 -2.98593 14.4051
      vertex -87.3273 -5.49417 32
      vertex -87.4036 -3.06826 14.2148
    endloop
  endfacet
  facet normal 0.999509 0.031345 -1.25058e-05
    outer loop
      vertex -87.4036 -3.06826 14.2148
      vertex -87.3273 -5.49417 32
      vertex -87.4014 -3.13849 14.0198
    endloop
  endfacet
  facet normal 0.999513 0.0312131 -2.97964e-05
    outer loop
      vertex -87.4014 -3.13849 14.0198
      vertex -87.3273 -5.49417 32
      vertex -87.3996 -3.19632 13.8207
    endloop
  endfacet
  facet normal 0.999506 0.0314293 -0
    outer loop
      vertex -87.3273 -5.49417 3
      vertex -87.3965 -3.29349 13.2072
      vertex -87.3273 -5.49417 32
    endloop
  endfacet
  facet normal 0.999516 0.0311209 -3.61442e-05
    outer loop
      vertex -87.3971 -3.27398 13.4136
      vertex -87.3273 -5.49417 32
      vertex -87.3965 -3.29349 13.2072
    endloop
  endfacet
  facet normal 0.999517 0.03108 -4.10449e-05
    outer loop
      vertex -87.3981 -3.24155 13.6184
      vertex -87.3273 -5.49417 32
      vertex -87.3971 -3.27398 13.4136
    endloop
  endfacet
  facet normal 0.999471 0.0325328 0.00013717
    outer loop
      vertex -87.3996 -3.19632 13.8207
      vertex -87.3273 -5.49417 32
      vertex -87.3981 -3.24155 13.6184
    endloop
  endfacet
  facet normal 0.999508 0.0313539 0
    outer loop
      vertex -87.4935 -0.207209 9.70651
      vertex -87.5 0 3
      vertex -87.5 0 9.7
    endloop
  endfacet
  facet normal 0.999504 0.0314785 3.85538e-06
    outer loop
      vertex -87.487 -0.413599 9.72602
      vertex -87.5 0 3
      vertex -87.4935 -0.207209 9.70651
    endloop
  endfacet
  facet normal 0.999512 0.0312393 -1.08712e-05
    outer loop
      vertex -87.4806 -0.618358 9.75845
      vertex -87.5 0 3
      vertex -87.487 -0.413599 9.72602
    endloop
  endfacet
  facet normal 0.9995 0.031623 2.4269e-05
    outer loop
      vertex -87.4742 -0.820676 9.80367
      vertex -87.5 0 3
      vertex -87.4806 -0.618358 9.75845
    endloop
  endfacet
  facet normal 0.999516 0.0311168 -3.68412e-05
    outer loop
      vertex -87.468 -1.01976 9.86151
      vertex -87.5 0 3
      vertex -87.4742 -0.820676 9.80367
    endloop
  endfacet
  facet normal 0.999494 0.0317936 6.38429e-05
    outer loop
      vertex -87.4618 -1.21481 9.93174
      vertex -87.5 0 3
      vertex -87.468 -1.01976 9.86151
    endloop
  endfacet
  facet normal 0.999504 0.0314978 -5.15456e-05
    outer loop
      vertex -87.3273 -5.49417 3
      vertex -87.4618 -1.21481 9.93174
      vertex -87.4558 -1.40507 10.0141
    endloop
  endfacet
  facet normal 0.999507 0.0313894 1.17412e-05
    outer loop
      vertex -87.3273 -5.49417 3
      vertex -87.4558 -1.40507 10.0141
      vertex -87.45 -1.58979 10.1082
    endloop
  endfacet
  facet normal 0.999508 0.0313782 1.78809e-05
    outer loop
      vertex -87.3273 -5.49417 3
      vertex -87.45 -1.58979 10.1082
      vertex -87.4444 -1.76823 10.2137
    endloop
  endfacet
  facet normal 0.999505 0.0314615 -2.5189e-05
    outer loop
      vertex -87.3273 -5.49417 3
      vertex -87.4444 -1.76823 10.2137
      vertex -87.439 -1.93969 10.3302
    endloop
  endfacet
  facet normal 0.999513 0.0311981 0.000102658
    outer loop
      vertex -87.3273 -5.49417 3
      vertex -87.439 -1.93969 10.3302
      vertex -87.4339 -2.1035 10.4573
    endloop
  endfacet
  facet normal 0.999505 0.031475 -2.33702e-05
    outer loop
      vertex -87.3273 -5.49417 3
      vertex -87.4339 -2.1035 10.4573
      vertex -87.429 -2.259 10.5944
    endloop
  endfacet
  facet normal 0.999508 0.0313797 1.7274e-05
    outer loop
      vertex -87.3273 -5.49417 3
      vertex -87.429 -2.259 10.5944
      vertex -87.4244 -2.4056 10.741
    endloop
  endfacet
  facet normal 0.999508 0.0313733 1.98334e-05
    outer loop
      vertex -87.3273 -5.49417 3
      vertex -87.4244 -2.4056 10.741
      vertex -87.4201 -2.54269 10.8965
    endloop
  endfacet
  facet normal 0.999505 0.0314512 -9.29284e-06
    outer loop
      vertex -87.3273 -5.49417 3
      vertex -87.4201 -2.54269 10.8965
      vertex -87.4161 -2.66976 11.0603
    endloop
  endfacet
  facet normal 0.9995 0.0316315 -7.25564e-05
    outer loop
      vertex -87.3273 -5.49417 3
      vertex -87.4161 -2.66976 11.0603
      vertex -87.4124 -2.78628 11.2318
    endloop
  endfacet
  facet normal 0.99951 0.0313111 3.2952e-05
    outer loop
      vertex -87.3273 -5.49417 3
      vertex -87.4124 -2.78628 11.2318
      vertex -87.4091 -2.89181 11.4102
    endloop
  endfacet
  facet normal 0.999518 0.0310315 0.000119553
    outer loop
      vertex -87.3273 -5.49417 3
      vertex -87.4091 -2.89181 11.4102
      vertex -87.4062 -2.98593 11.5949
    endloop
  endfacet
  facet normal 0.999503 0.0315147 -2.15828e-05
    outer loop
      vertex -87.3273 -5.49417 3
      vertex -87.4062 -2.98593 11.5949
      vertex -87.4036 -3.06826 11.7852
    endloop
  endfacet
  facet normal 0.999508 0.0313651 1.97575e-05
    outer loop
      vertex -87.3273 -5.49417 3
      vertex -87.4036 -3.06826 11.7852
      vertex -87.4014 -3.13849 11.9802
    endloop
  endfacet
  facet normal 0.999502 0.0315524 -2.65725e-05
    outer loop
      vertex -87.3965 -3.29349 13.2072
      vertex -87.3273 -5.49417 3
      vertex -87.3963 -3.3 13
    endloop
  endfacet
  facet normal 0.999509 0.0313408 1.99159e-05
    outer loop
      vertex -87.3963 -3.3 13
      vertex -87.3273 -5.49417 3
      vertex -87.3965 -3.29349 12.7928
    endloop
  endfacet
  facet normal 0.999506 0.0314178 -2.08926e-06
    outer loop
      vertex -87.4618 -1.21481 9.93174
      vertex -87.3273 -5.49417 3
      vertex -87.5 0 3
    endloop
  endfacet
  facet normal 0.999511 0.0312671 4.54874e-05
    outer loop
      vertex -87.3996 -3.19632 12.1793
      vertex -87.3273 -5.49417 3
      vertex -87.4014 -3.13849 11.9802
    endloop
  endfacet
  facet normal 0.99948 0.0322493 -0.000200622
    outer loop
      vertex -87.3981 -3.24155 12.3816
      vertex -87.3273 -5.49417 3
      vertex -87.3996 -3.19632 12.1793
    endloop
  endfacet
  facet normal 0.999514 0.0311787 5.66927e-05
    outer loop
      vertex -87.3971 -3.27398 12.5864
      vertex -87.3273 -5.49417 3
      vertex -87.3981 -3.24155 12.3816
    endloop
  endfacet
  facet normal 0.999512 0.0312249 4.59795e-05
    outer loop
      vertex -87.3965 -3.29349 12.7928
      vertex -87.3273 -5.49417 3
      vertex -87.3971 -3.27398 12.5864
    endloop
  endfacet
  facet normal -0.218142 -0.975917 0
    outer loop
      vertex 16.3959 85.9501 3
      vertex 21.7604 84.751 32
      vertex 16.3959 85.9501 32
    endloop
  endfacet
  facet normal -0.218142 -0.975917 -0
    outer loop
      vertex 21.7604 84.751 32
      vertex 16.3959 85.9501 3
      vertex 21.7604 84.751 3
    endloop
  endfacet
  facet normal 0.0314178 0.999506 -0
    outer loop
      vertex 0 -87.5 3
      vertex -5.49417 -87.3273 32
      vertex 0 -87.5 32
    endloop
  endfacet
  facet normal 0.0314178 0.999506 0
    outer loop
      vertex -5.49417 -87.3273 32
      vertex 0 -87.5 3
      vertex -5.49417 -87.3273 3
    endloop
  endfacet
  facet normal -0.218142 0.975917 0
    outer loop
      vertex 21.7604 -84.751 3
      vertex 16.3959 -85.9501 32
      vertex 21.7604 -84.751 32
    endloop
  endfacet
  facet normal -0.218142 0.975917 0
    outer loop
      vertex 16.3959 -85.9501 32
      vertex 21.7604 -84.751 3
      vertex 16.3959 -85.9501 3
    endloop
  endfacet
  facet normal 0.218142 -0.975917 0
    outer loop
      vertex -21.7604 84.751 3
      vertex -16.3959 85.9501 32
      vertex -21.7604 84.751 32
    endloop
  endfacet
  facet normal 0.218142 -0.975917 0
    outer loop
      vertex -16.3959 85.9501 32
      vertex -21.7604 84.751 3
      vertex -16.3959 85.9501 3
    endloop
  endfacet
  facet normal -0.278995 -0.960292 0
    outer loop
      vertex 21.7604 84.751 3
      vertex 27.039 83.2174 32
      vertex 21.7604 84.751 32
    endloop
  endfacet
  facet normal -0.278995 -0.960292 -0
    outer loop
      vertex 27.039 83.2174 32
      vertex 21.7604 84.751 3
      vertex 27.039 83.2174 3
    endloop
  endfacet
  facet normal -0.890999 0.454005 0
    outer loop
      vertex 76.6768 -42.1534 3
      vertex 79.1724 -37.2557 32
      vertex 79.1724 -37.2557 3
    endloop
  endfacet
  facet normal -0.890999 0.454005 0
    outer loop
      vertex 79.1724 -37.2557 32
      vertex 76.6768 -42.1534 3
      vertex 76.6768 -42.1534 32
    endloop
  endfacet
  facet normal 0.156434 -0.987688 0
    outer loop
      vertex -16.3959 85.9501 3
      vertex -10.9667 86.81 32
      vertex -16.3959 85.9501 32
    endloop
  endfacet
  facet normal 0.156434 -0.987688 0
    outer loop
      vertex -10.9667 86.81 32
      vertex -16.3959 85.9501 3
      vertex -10.9667 86.81 3
    endloop
  endfacet
  facet normal -0.999508 0.0313539 0
    outer loop
      vertex 87.5 0 3
      vertex 87.4935 -0.207209 9.70651
      vertex 87.5 0 9.7
    endloop
  endfacet
  facet normal -0.999504 0.0314785 3.85538e-06
    outer loop
      vertex 87.5 0 3
      vertex 87.487 -0.413599 9.72602
      vertex 87.4935 -0.207209 9.70651
    endloop
  endfacet
  facet normal -0.999512 0.0312393 -1.08712e-05
    outer loop
      vertex 87.5 0 3
      vertex 87.4806 -0.618358 9.75845
      vertex 87.487 -0.413599 9.72602
    endloop
  endfacet
  facet normal -0.9995 0.031623 2.4269e-05
    outer loop
      vertex 87.5 0 3
      vertex 87.4742 -0.820676 9.80367
      vertex 87.4806 -0.618358 9.75845
    endloop
  endfacet
  facet normal -0.999516 0.0311168 -3.68412e-05
    outer loop
      vertex 87.5 0 3
      vertex 87.468 -1.01976 9.86151
      vertex 87.4742 -0.820676 9.80367
    endloop
  endfacet
  facet normal -0.999494 0.0317936 6.38429e-05
    outer loop
      vertex 87.5 0 3
      vertex 87.4618 -1.21481 9.93174
      vertex 87.468 -1.01976 9.86151
    endloop
  endfacet
  facet normal -0.999506 0.0314178 -2.08926e-06
    outer loop
      vertex 87.3273 -5.49417 3
      vertex 87.4618 -1.21481 9.93174
      vertex 87.5 0 3
    endloop
  endfacet
  facet normal -0.999504 0.0314978 -5.15456e-05
    outer loop
      vertex 87.4618 -1.21481 9.93174
      vertex 87.3273 -5.49417 3
      vertex 87.4558 -1.40507 10.0141
    endloop
  endfacet
  facet normal -0.999507 0.0313894 1.17412e-05
    outer loop
      vertex 87.4558 -1.40507 10.0141
      vertex 87.3273 -5.49417 3
      vertex 87.45 -1.58979 10.1082
    endloop
  endfacet
  facet normal -0.999508 0.0313782 1.78809e-05
    outer loop
      vertex 87.45 -1.58979 10.1082
      vertex 87.3273 -5.49417 3
      vertex 87.4444 -1.76823 10.2137
    endloop
  endfacet
  facet normal -0.999505 0.0314615 -2.5189e-05
    outer loop
      vertex 87.4444 -1.76823 10.2137
      vertex 87.3273 -5.49417 3
      vertex 87.439 -1.93969 10.3302
    endloop
  endfacet
  facet normal -0.999513 0.0311981 0.000102658
    outer loop
      vertex 87.439 -1.93969 10.3302
      vertex 87.3273 -5.49417 3
      vertex 87.4339 -2.1035 10.4573
    endloop
  endfacet
  facet normal -0.999505 0.031475 -2.33702e-05
    outer loop
      vertex 87.4339 -2.1035 10.4573
      vertex 87.3273 -5.49417 3
      vertex 87.429 -2.259 10.5944
    endloop
  endfacet
  facet normal -0.999508 0.0313797 1.7274e-05
    outer loop
      vertex 87.429 -2.259 10.5944
      vertex 87.3273 -5.49417 3
      vertex 87.4244 -2.4056 10.741
    endloop
  endfacet
  facet normal -0.999508 0.0313733 1.98334e-05
    outer loop
      vertex 87.4244 -2.4056 10.741
      vertex 87.3273 -5.49417 3
      vertex 87.4201 -2.54269 10.8965
    endloop
  endfacet
  facet normal -0.999505 0.0314512 -9.29284e-06
    outer loop
      vertex 87.4201 -2.54269 10.8965
      vertex 87.3273 -5.49417 3
      vertex 87.4161 -2.66976 11.0603
    endloop
  endfacet
  facet normal -0.9995 0.0316315 -7.25564e-05
    outer loop
      vertex 87.4161 -2.66976 11.0603
      vertex 87.3273 -5.49417 3
      vertex 87.4124 -2.78628 11.2318
    endloop
  endfacet
  facet normal -0.99951 0.0313111 3.2952e-05
    outer loop
      vertex 87.4124 -2.78628 11.2318
      vertex 87.3273 -5.49417 3
      vertex 87.4091 -2.89181 11.4102
    endloop
  endfacet
  facet normal -0.999518 0.0310315 0.000119553
    outer loop
      vertex 87.4091 -2.89181 11.4102
      vertex 87.3273 -5.49417 3
      vertex 87.4062 -2.98593 11.5949
    endloop
  endfacet
  facet normal -0.999503 0.0315147 -2.15828e-05
    outer loop
      vertex 87.4062 -2.98593 11.5949
      vertex 87.3273 -5.49417 3
      vertex 87.4036 -3.06826 11.7852
    endloop
  endfacet
  facet normal -0.999509 0.0313408 1.99159e-05
    outer loop
      vertex 87.3965 -3.29349 12.7928
      vertex 87.3273 -5.49417 3
      vertex 87.3963 -3.3 13
    endloop
  endfacet
  facet normal -0.999512 0.0312249 4.59795e-05
    outer loop
      vertex 87.3971 -3.27398 12.5864
      vertex 87.3273 -5.49417 3
      vertex 87.3965 -3.29349 12.7928
    endloop
  endfacet
  facet normal -0.999514 0.0311787 5.66927e-05
    outer loop
      vertex 87.3981 -3.24155 12.3816
      vertex 87.3273 -5.49417 3
      vertex 87.3971 -3.27398 12.5864
    endloop
  endfacet
  facet normal -0.99948 0.0322493 -0.000200622
    outer loop
      vertex 87.3996 -3.19632 12.1793
      vertex 87.3273 -5.49417 3
      vertex 87.3981 -3.24155 12.3816
    endloop
  endfacet
  facet normal -0.999511 0.0312671 4.54874e-05
    outer loop
      vertex 87.4014 -3.13849 11.9802
      vertex 87.3273 -5.49417 3
      vertex 87.3996 -3.19632 12.1793
    endloop
  endfacet
  facet normal -0.999508 0.0313651 1.97575e-05
    outer loop
      vertex 87.4036 -3.06826 11.7852
      vertex 87.3273 -5.49417 3
      vertex 87.4014 -3.13849 11.9802
    endloop
  endfacet
  facet normal -0.999508 0.0313539 0
    outer loop
      vertex 87.4935 -0.207209 16.2935
      vertex 87.5 0 32
      vertex 87.5 0 16.3
    endloop
  endfacet
  facet normal -0.999504 0.0314783 -1.64345e-06
    outer loop
      vertex 87.487 -0.413599 16.274
      vertex 87.5 0 32
      vertex 87.4935 -0.207209 16.2935
    endloop
  endfacet
  facet normal -0.999512 0.0312403 4.62364e-06
    outer loop
      vertex 87.4806 -0.618358 16.2415
      vertex 87.5 0 32
      vertex 87.487 -0.413599 16.274
    endloop
  endfacet
  facet normal -0.9995 0.0316198 -1.02857e-05
    outer loop
      vertex 87.4742 -0.820676 16.1963
      vertex 87.5 0 32
      vertex 87.4806 -0.618358 16.2415
    endloop
  endfacet
  facet normal -0.999515 0.0311504 -7.89271e-05
    outer loop
      vertex 87.3273 -5.49417 32
      vertex 87.4742 -0.820676 16.1963
      vertex 87.468 -1.01976 16.1385
    endloop
  endfacet
  facet normal -0.999496 0.0317393 8.73435e-05
    outer loop
      vertex 87.3273 -5.49417 32
      vertex 87.468 -1.01976 16.1385
      vertex 87.4618 -1.21481 16.0683
    endloop
  endfacet
  facet normal -0.999503 0.0315091 2.54588e-05
    outer loop
      vertex 87.3273 -5.49417 32
      vertex 87.4618 -1.21481 16.0683
      vertex 87.4558 -1.40507 15.9859
    endloop
  endfacet
  facet normal -0.999507 0.0313864 -5.90213e-06
    outer loop
      vertex 87.3273 -5.49417 32
      vertex 87.4558 -1.40507 15.9859
      vertex 87.45 -1.58979 15.8918
    endloop
  endfacet
  facet normal -0.999508 0.0313731 -9.14268e-06
    outer loop
      vertex 87.3273 -5.49417 32
      vertex 87.45 -1.58979 15.8918
      vertex 87.4444 -1.76823 15.7863
    endloop
  endfacet
  facet normal -0.999505 0.0314697 1.30953e-05
    outer loop
      vertex 87.3273 -5.49417 32
      vertex 87.4444 -1.76823 15.7863
      vertex 87.439 -1.93969 15.6698
    endloop
  endfacet
  facet normal -0.999514 0.0311606 -5.42552e-05
    outer loop
      vertex 87.3273 -5.49417 32
      vertex 87.439 -1.93969 15.6698
      vertex 87.4339 -2.1035 15.5427
    endloop
  endfacet
  facet normal -0.999504 0.0314846 1.25544e-05
    outer loop
      vertex 87.3273 -5.49417 32
      vertex 87.4339 -2.1035 15.5427
      vertex 87.429 -2.259 15.4056
    endloop
  endfacet
  facet normal -0.999508 0.0313719 -9.4339e-06
    outer loop
      vertex 87.3273 -5.49417 32
      vertex 87.429 -2.259 15.4056
      vertex 87.4244 -2.4056 15.259
    endloop
  endfacet
  facet normal -0.999508 0.0313633 -1.10161e-05
    outer loop
      vertex 87.3273 -5.49417 32
      vertex 87.4244 -2.4056 15.259
      vertex 87.4201 -2.54269 15.1035
    endloop
  endfacet
  facet normal -0.999505 0.0314564 5.25269e-06
    outer loop
      vertex 87.3273 -5.49417 32
      vertex 87.4201 -2.54269 15.1035
      vertex 87.4161 -2.66976 14.9397
    endloop
  endfacet
  facet normal -0.999498 0.0316768 4.17794e-05
    outer loop
      vertex 87.3273 -5.49417 32
      vertex 87.4161 -2.66976 14.9397
      vertex 87.4124 -2.78628 14.7682
    endloop
  endfacet
  facet normal -0.99951 0.0312881 -1.93539e-05
    outer loop
      vertex 87.3273 -5.49417 32
      vertex 87.4124 -2.78628 14.7682
      vertex 87.4091 -2.89181 14.5898
    endloop
  endfacet
  facet normal -0.999521 0.0309378 -7.17684e-05
    outer loop
      vertex 87.3273 -5.49417 32
      vertex 87.4091 -2.89181 14.5898
      vertex 87.4062 -2.98593 14.4051
    endloop
  endfacet
  facet normal -0.999503 0.0315338 1.32791e-05
    outer loop
      vertex 87.3273 -5.49417 32
      vertex 87.4062 -2.98593 14.4051
      vertex 87.4036 -3.06826 14.2148
    endloop
  endfacet
  facet normal -0.999509 0.031345 -1.25058e-05
    outer loop
      vertex 87.3273 -5.49417 32
      vertex 87.4036 -3.06826 14.2148
      vertex 87.4014 -3.13849 14.0198
    endloop
  endfacet
  facet normal -0.999513 0.0312131 -2.97964e-05
    outer loop
      vertex 87.3273 -5.49417 32
      vertex 87.4014 -3.13849 14.0198
      vertex 87.3996 -3.19632 13.8207
    endloop
  endfacet
  facet normal -0.999471 0.0325328 0.00013717
    outer loop
      vertex 87.3273 -5.49417 32
      vertex 87.3996 -3.19632 13.8207
      vertex 87.3981 -3.24155 13.6184
    endloop
  endfacet
  facet normal -0.999502 0.0315524 -2.65725e-05
    outer loop
      vertex 87.3273 -5.49417 3
      vertex 87.3965 -3.29349 13.2072
      vertex 87.3963 -3.3 13
    endloop
  endfacet
  facet normal -0.999489 0.0319682 -0.000116313
    outer loop
      vertex 87.3273 -5.49417 3
      vertex 87.3971 -3.27398 13.4136
      vertex 87.3965 -3.29349 13.2072
    endloop
  endfacet
  facet normal -0.999506 0.0314232 0
    outer loop
      vertex 87.3273 -5.49417 32
      vertex 87.3971 -3.27398 13.4136
      vertex 87.3273 -5.49417 3
    endloop
  endfacet
  facet normal -0.999517 0.03108 -4.10449e-05
    outer loop
      vertex 87.3971 -3.27398 13.4136
      vertex 87.3273 -5.49417 32
      vertex 87.3981 -3.24155 13.6184
    endloop
  endfacet
  facet normal -0.999506 0.0314178 2.16882e-07
    outer loop
      vertex 87.4742 -0.820676 16.1963
      vertex 87.3273 -5.49417 32
      vertex 87.5 0 32
    endloop
  endfacet
  facet normal -0.940881 0.338738 0
    outer loop
      vertex 81.3554 -32.2109 3
      vertex 83.2174 -27.039 32
      vertex 83.2174 -27.039 3
    endloop
  endfacet
  facet normal -0.940881 0.338738 0
    outer loop
      vertex 83.2174 -27.039 32
      vertex 81.3554 -32.2109 3
      vertex 81.3554 -32.2109 32
    endloop
  endfacet
  facet normal -0.827083 0.56208 0
    outer loop
      vertex 70.789 -51.4312 3
      vertex 73.8787 -46.8848 32
      vertex 73.8787 -46.8848 3
    endloop
  endfacet
  facet normal -0.827083 0.56208 0
    outer loop
      vertex 73.8787 -46.8848 32
      vertex 70.789 -51.4312 3
      vertex 70.789 -51.4312 32
    endloop
  endfacet
  facet normal 0.509036 -0.860745 0
    outer loop
      vertex -46.8848 73.8787 3
      vertex -42.1534 76.6768 32
      vertex -46.8848 73.8787 32
    endloop
  endfacet
  facet normal 0.509036 -0.860745 0
    outer loop
      vertex -42.1534 76.6768 32
      vertex -46.8848 73.8787 3
      vertex -42.1534 76.6768 3
    endloop
  endfacet
  facet normal -0.338738 0.940881 0
    outer loop
      vertex 32.2109 -81.3554 3
      vertex 27.039 -83.2174 32
      vertex 32.2109 -81.3554 32
    endloop
  endfacet
  facet normal -0.338738 0.940881 0
    outer loop
      vertex 27.039 -83.2174 32
      vertex 32.2109 -81.3554 3
      vertex 27.039 -83.2174 3
    endloop
  endfacet
  facet normal 0.0941072 -0.995562 0
    outer loop
      vertex -10.9667 86.81 3
      vertex -5.49417 87.3273 32
      vertex -10.9667 86.81 32
    endloop
  endfacet
  facet normal 0.0941072 -0.995562 0
    outer loop
      vertex -5.49417 87.3273 32
      vertex -10.9667 86.81 3
      vertex -5.49417 87.3273 3
    endloop
  endfacet
  facet normal -0.509036 0.860745 0
    outer loop
      vertex 46.8848 -73.8787 3
      vertex 42.1534 -76.6768 32
      vertex 46.8848 -73.8787 32
    endloop
  endfacet
  facet normal -0.509036 0.860745 0
    outer loop
      vertex 42.1534 -76.6768 32
      vertex 46.8848 -73.8787 3
      vertex 42.1534 -76.6768 3
    endloop
  endfacet
  facet normal -0.750118 0.661304 0
    outer loop
      vertex 63.7848 -59.8979 3
      vertex 67.4199 -55.7746 32
      vertex 67.4199 -55.7746 3
    endloop
  endfacet
  facet normal -0.750118 0.661304 0
    outer loop
      vertex 67.4199 -55.7746 32
      vertex 63.7848 -59.8979 3
      vertex 63.7848 -59.8979 32
    endloop
  endfacet
  facet normal -0.890999 -0.454005 0
    outer loop
      vertex 79.1724 37.2557 3
      vertex 76.6768 42.1534 32
      vertex 76.6768 42.1534 3
    endloop
  endfacet
  facet normal -0.890999 -0.454005 0
    outer loop
      vertex 76.6768 42.1534 32
      vertex 79.1724 37.2557 3
      vertex 79.1724 37.2557 32
    endloop
  endfacet
  facet normal -0.975917 -0.218142 0
    outer loop
      vertex 85.9501 16.3959 3
      vertex 84.751 21.7604 32
      vertex 84.751 21.7604 3
    endloop
  endfacet
  facet normal -0.975917 -0.218142 0
    outer loop
      vertex 84.751 21.7604 32
      vertex 85.9501 16.3959 3
      vertex 85.9501 16.3959 32
    endloop
  endfacet
  facet normal -0.960292 0.278995 0
    outer loop
      vertex 83.2174 -27.039 3
      vertex 84.751 -21.7604 32
      vertex 84.751 -21.7604 3
    endloop
  endfacet
  facet normal -0.960292 0.278995 0
    outer loop
      vertex 84.751 -21.7604 32
      vertex 83.2174 -27.039 3
      vertex 83.2174 -27.039 32
    endloop
  endfacet
  facet normal -0.454005 -0.890999 0
    outer loop
      vertex 37.2557 79.1724 3
      vertex 42.1534 76.6768 32
      vertex 37.2557 79.1724 32
    endloop
  endfacet
  facet normal -0.454005 -0.890999 -0
    outer loop
      vertex 42.1534 76.6768 32
      vertex 37.2557 79.1724 3
      vertex 42.1534 76.6768 3
    endloop
  endfacet
  facet normal 0.975917 0.218142 0
    outer loop
      vertex -84.751 -21.7604 32
      vertex -85.9501 -16.3959 3
      vertex -85.9501 -16.3959 32
    endloop
  endfacet
  facet normal 0.975917 0.218142 0
    outer loop
      vertex -85.9501 -16.3959 3
      vertex -84.751 -21.7604 32
      vertex -84.751 -21.7604 3
    endloop
  endfacet
  facet normal 0.278995 -0.960292 0
    outer loop
      vertex -27.039 83.2174 3
      vertex -21.7604 84.751 32
      vertex -27.039 83.2174 32
    endloop
  endfacet
  facet normal 0.278995 -0.960292 0
    outer loop
      vertex -21.7604 84.751 32
      vertex -27.039 83.2174 3
      vertex -21.7604 84.751 3
    endloop
  endfacet
  facet normal 0.995562 0.0941072 0
    outer loop
      vertex -86.81 -10.9667 32
      vertex -87.3273 -5.49417 3
      vertex -87.3273 -5.49417 32
    endloop
  endfacet
  facet normal 0.995562 0.0941072 0
    outer loop
      vertex -87.3273 -5.49417 3
      vertex -86.81 -10.9667 32
      vertex -86.81 -10.9667 3
    endloop
  endfacet
  facet normal 0.509036 0.860745 -0
    outer loop
      vertex -42.1534 -76.6768 3
      vertex -46.8848 -73.8787 32
      vertex -42.1534 -76.6768 32
    endloop
  endfacet
  facet normal 0.509036 0.860745 0
    outer loop
      vertex -46.8848 -73.8787 32
      vertex -42.1534 -76.6768 3
      vertex -46.8848 -73.8787 3
    endloop
  endfacet
  facet normal -0.827083 -0.56208 0
    outer loop
      vertex 73.8787 46.8848 3
      vertex 70.789 51.4312 32
      vertex 70.789 51.4312 3
    endloop
  endfacet
  facet normal -0.827083 -0.56208 0
    outer loop
      vertex 70.789 51.4312 32
      vertex 73.8787 46.8848 3
      vertex 73.8787 46.8848 32
    endloop
  endfacet
  facet normal -0.0941072 -0.995562 0
    outer loop
      vertex 5.49417 87.3273 3
      vertex 10.9667 86.81 32
      vertex 5.49417 87.3273 32
    endloop
  endfacet
  facet normal -0.0941072 -0.995562 -0
    outer loop
      vertex 10.9667 86.81 32
      vertex 5.49417 87.3273 3
      vertex 10.9667 86.81 3
    endloop
  endfacet
  facet normal -0.960292 -0.278995 0
    outer loop
      vertex 84.751 21.7604 3
      vertex 83.2174 27.039 32
      vertex 83.2174 27.039 3
    endloop
  endfacet
  facet normal -0.960292 -0.278995 0
    outer loop
      vertex 83.2174 27.039 32
      vertex 84.751 21.7604 3
      vertex 84.751 21.7604 32
    endloop
  endfacet
  facet normal -0.509036 -0.860745 0
    outer loop
      vertex 42.1534 76.6768 3
      vertex 46.8848 73.8787 32
      vertex 42.1534 76.6768 32
    endloop
  endfacet
  facet normal -0.509036 -0.860745 -0
    outer loop
      vertex 46.8848 73.8787 32
      vertex 42.1534 76.6768 3
      vertex 46.8848 73.8787 3
    endloop
  endfacet
  facet normal 0.56208 -0.827083 0
    outer loop
      vertex -51.4312 70.789 3
      vertex -46.8848 73.8787 32
      vertex -51.4312 70.789 32
    endloop
  endfacet
  facet normal 0.56208 -0.827083 0
    outer loop
      vertex -46.8848 73.8787 32
      vertex -51.4312 70.789 3
      vertex -46.8848 73.8787 3
    endloop
  endfacet
  facet normal -0.661304 -0.750118 0
    outer loop
      vertex 55.7746 67.4199 3
      vertex 59.8979 63.7848 32
      vertex 55.7746 67.4199 32
    endloop
  endfacet
  facet normal -0.661304 -0.750118 -0
    outer loop
      vertex 59.8979 63.7848 32
      vertex 55.7746 67.4199 3
      vertex 59.8979 63.7848 3
    endloop
  endfacet
  facet normal -0.975917 0.218142 0
    outer loop
      vertex 84.751 -21.7604 3
      vertex 85.9501 -16.3959 32
      vertex 85.9501 -16.3959 3
    endloop
  endfacet
  facet normal -0.975917 0.218142 0
    outer loop
      vertex 85.9501 -16.3959 32
      vertex 84.751 -21.7604 3
      vertex 84.751 -21.7604 32
    endloop
  endfacet
  facet normal 0.338738 0.940881 -0
    outer loop
      vertex -27.039 -83.2174 3
      vertex -32.2109 -81.3554 32
      vertex -27.039 -83.2174 32
    endloop
  endfacet
  facet normal 0.338738 0.940881 0
    outer loop
      vertex -32.2109 -81.3554 32
      vertex -27.039 -83.2174 3
      vertex -32.2109 -81.3554 3
    endloop
  endfacet
  facet normal -0.987688 0.156434 0
    outer loop
      vertex 85.9501 -16.3959 3
      vertex 86.81 -10.9667 32
      vertex 86.81 -10.9667 3
    endloop
  endfacet
  facet normal -0.987688 0.156434 0
    outer loop
      vertex 86.81 -10.9667 32
      vertex 85.9501 -16.3959 3
      vertex 85.9501 -16.3959 32
    endloop
  endfacet
  facet normal -0.0314178 0.999506 0
    outer loop
      vertex 5.49417 -87.3273 3
      vertex 0 -87.5 32
      vertex 5.49417 -87.3273 32
    endloop
  endfacet
  facet normal -0.0314178 0.999506 0
    outer loop
      vertex 0 -87.5 32
      vertex 5.49417 -87.3273 3
      vertex 0 -87.5 3
    endloop
  endfacet
  facet normal -0.91776 -0.397136 0
    outer loop
      vertex 81.3554 32.2109 3
      vertex 79.1724 37.2557 32
      vertex 79.1724 37.2557 3
    endloop
  endfacet
  facet normal -0.91776 -0.397136 0
    outer loop
      vertex 79.1724 37.2557 32
      vertex 81.3554 32.2109 3
      vertex 81.3554 32.2109 32
    endloop
  endfacet
  facet normal 0.0941072 0.995562 -0
    outer loop
      vertex -5.49417 -87.3273 3
      vertex -10.9667 -86.81 32
      vertex -5.49417 -87.3273 32
    endloop
  endfacet
  facet normal 0.0941072 0.995562 0
    outer loop
      vertex -10.9667 -86.81 32
      vertex -5.49417 -87.3273 3
      vertex -10.9667 -86.81 3
    endloop
  endfacet
  facet normal 0.278995 0.960292 -0
    outer loop
      vertex -21.7604 -84.751 3
      vertex -27.039 -83.2174 32
      vertex -21.7604 -84.751 32
    endloop
  endfacet
  facet normal 0.278995 0.960292 0
    outer loop
      vertex -27.039 -83.2174 32
      vertex -21.7604 -84.751 3
      vertex -27.039 -83.2174 3
    endloop
  endfacet
  facet normal -0.860745 0.509036 0
    outer loop
      vertex 73.8787 -46.8848 3
      vertex 76.6768 -42.1534 32
      vertex 76.6768 -42.1534 3
    endloop
  endfacet
  facet normal -0.860745 0.509036 0
    outer loop
      vertex 76.6768 -42.1534 32
      vertex 73.8787 -46.8848 3
      vertex 73.8787 -46.8848 32
    endloop
  endfacet
  facet normal 0.91776 0.397136 0
    outer loop
      vertex -79.1724 -37.2557 32
      vertex -81.3554 -32.2109 3
      vertex -81.3554 -32.2109 32
    endloop
  endfacet
  facet normal 0.91776 0.397136 0
    outer loop
      vertex -81.3554 -32.2109 3
      vertex -79.1724 -37.2557 32
      vertex -79.1724 -37.2557 3
    endloop
  endfacet
  facet normal 0.661304 -0.750118 0
    outer loop
      vertex -59.8979 63.7848 3
      vertex -55.7746 67.4199 32
      vertex -59.8979 63.7848 32
    endloop
  endfacet
  facet normal 0.661304 -0.750118 0
    outer loop
      vertex -55.7746 67.4199 32
      vertex -59.8979 63.7848 3
      vertex -55.7746 67.4199 3
    endloop
  endfacet
  facet normal 0.338738 -0.940881 0
    outer loop
      vertex -32.2109 81.3554 3
      vertex -27.039 83.2174 32
      vertex -32.2109 81.3554 32
    endloop
  endfacet
  facet normal 0.338738 -0.940881 0
    outer loop
      vertex -27.039 83.2174 32
      vertex -32.2109 81.3554 3
      vertex -27.039 83.2174 3
    endloop
  endfacet
  facet normal -0.91776 0.397136 0
    outer loop
      vertex 79.1724 -37.2557 3
      vertex 81.3554 -32.2109 32
      vertex 81.3554 -32.2109 3
    endloop
  endfacet
  facet normal -0.91776 0.397136 0
    outer loop
      vertex 81.3554 -32.2109 32
      vertex 79.1724 -37.2557 3
      vertex 79.1724 -37.2557 32
    endloop
  endfacet
  facet normal 0.454005 -0.890999 0
    outer loop
      vertex -42.1534 76.6768 3
      vertex -37.2557 79.1724 32
      vertex -42.1534 76.6768 32
    endloop
  endfacet
  facet normal 0.454005 -0.890999 0
    outer loop
      vertex -37.2557 79.1724 32
      vertex -42.1534 76.6768 3
      vertex -37.2557 79.1724 3
    endloop
  endfacet
  facet normal 0.827083 -0.56208 0
    outer loop
      vertex -73.8787 46.8848 32
      vertex -70.789 51.4312 3
      vertex -70.789 51.4312 32
    endloop
  endfacet
  facet normal 0.827083 -0.56208 0
    outer loop
      vertex -70.789 51.4312 3
      vertex -73.8787 46.8848 32
      vertex -73.8787 46.8848 3
    endloop
  endfacet
  facet normal 0.612909 0.790154 -0
    outer loop
      vertex -51.4312 -70.789 3
      vertex -55.7746 -67.4199 32
      vertex -51.4312 -70.789 32
    endloop
  endfacet
  facet normal 0.612909 0.790154 0
    outer loop
      vertex -55.7746 -67.4199 32
      vertex -51.4312 -70.789 3
      vertex -55.7746 -67.4199 3
    endloop
  endfacet
  facet normal 0.890999 -0.454005 0
    outer loop
      vertex -79.1724 37.2557 32
      vertex -76.6768 42.1534 3
      vertex -76.6768 42.1534 32
    endloop
  endfacet
  facet normal 0.890999 -0.454005 0
    outer loop
      vertex -76.6768 42.1534 3
      vertex -79.1724 37.2557 32
      vertex -79.1724 37.2557 3
    endloop
  endfacet
  facet normal 0.860745 0.509036 0
    outer loop
      vertex -73.8787 -46.8848 32
      vertex -76.6768 -42.1534 3
      vertex -76.6768 -42.1534 32
    endloop
  endfacet
  facet normal 0.860745 0.509036 0
    outer loop
      vertex -76.6768 -42.1534 3
      vertex -73.8787 -46.8848 32
      vertex -73.8787 -46.8848 3
    endloop
  endfacet
  facet normal -0.790154 -0.612909 0
    outer loop
      vertex 70.789 51.4312 3
      vertex 67.4199 55.7746 32
      vertex 67.4199 55.7746 3
    endloop
  endfacet
  facet normal -0.790154 -0.612909 0
    outer loop
      vertex 67.4199 55.7746 32
      vertex 70.789 51.4312 3
      vertex 70.789 51.4312 32
    endloop
  endfacet
  facet normal 0.960292 -0.278995 0
    outer loop
      vertex -84.751 21.7604 32
      vertex -83.2174 27.039 3
      vertex -83.2174 27.039 32
    endloop
  endfacet
  facet normal 0.960292 -0.278995 0
    outer loop
      vertex -83.2174 27.039 3
      vertex -84.751 21.7604 32
      vertex -84.751 21.7604 3
    endloop
  endfacet
  facet normal 0.940881 -0.338738 0
    outer loop
      vertex -83.2174 27.039 32
      vertex -81.3554 32.2109 3
      vertex -81.3554 32.2109 32
    endloop
  endfacet
  facet normal 0.940881 -0.338738 0
    outer loop
      vertex -81.3554 32.2109 3
      vertex -83.2174 27.039 32
      vertex -83.2174 27.039 3
    endloop
  endfacet
  facet normal 0.0314178 -0.999506 0
    outer loop
      vertex -5.49417 87.3273 3
      vertex 0 87.5 32
      vertex -5.49417 87.3273 32
    endloop
  endfacet
  facet normal 0.0314178 -0.999506 0
    outer loop
      vertex 0 87.5 32
      vertex -5.49417 87.3273 3
      vertex 0 87.5 3
    endloop
  endfacet
  facet normal -0.0314178 -0.999506 0
    outer loop
      vertex 0 87.5 3
      vertex 5.49417 87.3273 32
      vertex 0 87.5 32
    endloop
  endfacet
  facet normal -0.0314178 -0.999506 -0
    outer loop
      vertex 5.49417 87.3273 32
      vertex 0 87.5 3
      vertex 5.49417 87.3273 3
    endloop
  endfacet
  facet normal -0.612909 -0.790154 0
    outer loop
      vertex 51.4312 70.789 3
      vertex 55.7746 67.4199 32
      vertex 51.4312 70.789 32
    endloop
  endfacet
  facet normal -0.612909 -0.790154 -0
    outer loop
      vertex 55.7746 67.4199 32
      vertex 51.4312 70.789 3
      vertex 55.7746 67.4199 3
    endloop
  endfacet
  facet normal -0.0941072 0.995562 0
    outer loop
      vertex 10.9667 -86.81 3
      vertex 5.49417 -87.3273 32
      vertex 10.9667 -86.81 32
    endloop
  endfacet
  facet normal -0.0941072 0.995562 0
    outer loop
      vertex 5.49417 -87.3273 32
      vertex 10.9667 -86.81 3
      vertex 5.49417 -87.3273 3
    endloop
  endfacet
  facet normal -0.995562 0.0941072 0
    outer loop
      vertex 86.81 -10.9667 3
      vertex 87.3273 -5.49417 32
      vertex 87.3273 -5.49417 3
    endloop
  endfacet
  facet normal -0.995562 0.0941072 0
    outer loop
      vertex 87.3273 -5.49417 32
      vertex 86.81 -10.9667 3
      vertex 86.81 -10.9667 32
    endloop
  endfacet
  facet normal -0.397136 -0.91776 0
    outer loop
      vertex 32.2109 81.3554 3
      vertex 37.2557 79.1724 32
      vertex 32.2109 81.3554 32
    endloop
  endfacet
  facet normal -0.397136 -0.91776 -0
    outer loop
      vertex 37.2557 79.1724 32
      vertex 32.2109 81.3554 3
      vertex 37.2557 79.1724 3
    endloop
  endfacet
  facet normal 0.750118 0.661304 0
    outer loop
      vertex -63.7848 -59.8979 32
      vertex -67.4199 -55.7746 3
      vertex -67.4199 -55.7746 32
    endloop
  endfacet
  facet normal 0.750118 0.661304 0
    outer loop
      vertex -67.4199 -55.7746 3
      vertex -63.7848 -59.8979 32
      vertex -63.7848 -59.8979 3
    endloop
  endfacet
  facet normal 0.987688 -0.156434 0
    outer loop
      vertex -86.81 10.9667 32
      vertex -85.9501 16.3959 3
      vertex -85.9501 16.3959 32
    endloop
  endfacet
  facet normal 0.987688 -0.156434 0
    outer loop
      vertex -85.9501 16.3959 3
      vertex -86.81 10.9667 32
      vertex -86.81 10.9667 3
    endloop
  endfacet
  facet normal 0.707107 -0.707107 0
    outer loop
      vertex -63.7848 59.8979 32
      vertex -59.8979 63.7848 3
      vertex -59.8979 63.7848 32
    endloop
  endfacet
  facet normal 0.707107 -0.707107 0
    outer loop
      vertex -59.8979 63.7848 3
      vertex -63.7848 59.8979 32
      vertex -63.7848 59.8979 3
    endloop
  endfacet
  facet normal 0.661304 0.750118 -0
    outer loop
      vertex -55.7746 -67.4199 3
      vertex -59.8979 -63.7848 32
      vertex -55.7746 -67.4199 32
    endloop
  endfacet
  facet normal 0.661304 0.750118 0
    outer loop
      vertex -59.8979 -63.7848 32
      vertex -55.7746 -67.4199 3
      vertex -59.8979 -63.7848 3
    endloop
  endfacet
  facet normal -0.56208 -0.827083 0
    outer loop
      vertex 46.8848 73.8787 3
      vertex 51.4312 70.789 32
      vertex 46.8848 73.8787 32
    endloop
  endfacet
  facet normal -0.56208 -0.827083 -0
    outer loop
      vertex 51.4312 70.789 32
      vertex 46.8848 73.8787 3
      vertex 51.4312 70.789 3
    endloop
  endfacet
  facet normal -0.707107 -0.707107 0
    outer loop
      vertex 63.7848 59.8979 3
      vertex 59.8979 63.7848 32
      vertex 59.8979 63.7848 3
    endloop
  endfacet
  facet normal -0.707107 -0.707107 0
    outer loop
      vertex 59.8979 63.7848 32
      vertex 63.7848 59.8979 3
      vertex 63.7848 59.8979 32
    endloop
  endfacet
  facet normal 0.975917 -0.218142 0
    outer loop
      vertex -85.9501 16.3959 32
      vertex -84.751 21.7604 3
      vertex -84.751 21.7604 32
    endloop
  endfacet
  facet normal 0.975917 -0.218142 0
    outer loop
      vertex -84.751 21.7604 3
      vertex -85.9501 16.3959 32
      vertex -85.9501 16.3959 3
    endloop
  endfacet
  facet normal -0.156434 0.987688 0
    outer loop
      vertex 16.3959 -85.9501 3
      vertex 10.9667 -86.81 32
      vertex 16.3959 -85.9501 32
    endloop
  endfacet
  facet normal -0.156434 0.987688 0
    outer loop
      vertex 10.9667 -86.81 32
      vertex 16.3959 -85.9501 3
      vertex 10.9667 -86.81 3
    endloop
  endfacet
  facet normal -0.860745 -0.509036 0
    outer loop
      vertex 76.6768 42.1534 3
      vertex 73.8787 46.8848 32
      vertex 73.8787 46.8848 3
    endloop
  endfacet
  facet normal -0.860745 -0.509036 0
    outer loop
      vertex 73.8787 46.8848 32
      vertex 76.6768 42.1534 3
      vertex 76.6768 42.1534 32
    endloop
  endfacet
  facet normal -0.156434 -0.987688 0
    outer loop
      vertex 10.9667 86.81 3
      vertex 16.3959 85.9501 32
      vertex 10.9667 86.81 32
    endloop
  endfacet
  facet normal -0.156434 -0.987688 -0
    outer loop
      vertex 16.3959 85.9501 32
      vertex 10.9667 86.81 3
      vertex 16.3959 85.9501 3
    endloop
  endfacet
  facet normal -0.940881 -0.338738 0
    outer loop
      vertex 83.2174 27.039 3
      vertex 81.3554 32.2109 32
      vertex 81.3554 32.2109 3
    endloop
  endfacet
  facet normal -0.940881 -0.338738 0
    outer loop
      vertex 81.3554 32.2109 32
      vertex 83.2174 27.039 3
      vertex 83.2174 27.039 32
    endloop
  endfacet
  facet normal 0.397136 0.91776 -0
    outer loop
      vertex -32.2109 -81.3554 3
      vertex -37.2557 -79.1724 32
      vertex -32.2109 -81.3554 32
    endloop
  endfacet
  facet normal 0.397136 0.91776 0
    outer loop
      vertex -37.2557 -79.1724 32
      vertex -32.2109 -81.3554 3
      vertex -37.2557 -79.1724 3
    endloop
  endfacet
  facet normal -0.278995 0.960292 0
    outer loop
      vertex 27.039 -83.2174 3
      vertex 21.7604 -84.751 32
      vertex 27.039 -83.2174 32
    endloop
  endfacet
  facet normal -0.278995 0.960292 0
    outer loop
      vertex 21.7604 -84.751 32
      vertex 27.039 -83.2174 3
      vertex 21.7604 -84.751 3
    endloop
  endfacet
  facet normal 0.397136 -0.91776 0
    outer loop
      vertex -37.2557 79.1724 3
      vertex -32.2109 81.3554 32
      vertex -37.2557 79.1724 32
    endloop
  endfacet
  facet normal 0.397136 -0.91776 0
    outer loop
      vertex -32.2109 81.3554 32
      vertex -37.2557 79.1724 3
      vertex -32.2109 81.3554 3
    endloop
  endfacet
  facet normal 0.827083 0.56208 0
    outer loop
      vertex -70.789 -51.4312 32
      vertex -73.8787 -46.8848 3
      vertex -73.8787 -46.8848 32
    endloop
  endfacet
  facet normal 0.827083 0.56208 0
    outer loop
      vertex -73.8787 -46.8848 3
      vertex -70.789 -51.4312 32
      vertex -70.789 -51.4312 3
    endloop
  endfacet
  facet normal -0.790154 0.612909 0
    outer loop
      vertex 67.4199 -55.7746 3
      vertex 70.789 -51.4312 32
      vertex 70.789 -51.4312 3
    endloop
  endfacet
  facet normal -0.790154 0.612909 0
    outer loop
      vertex 70.789 -51.4312 32
      vertex 67.4199 -55.7746 3
      vertex 67.4199 -55.7746 32
    endloop
  endfacet
  facet normal 0.940881 0.338738 0
    outer loop
      vertex -81.3554 -32.2109 32
      vertex -83.2174 -27.039 3
      vertex -83.2174 -27.039 32
    endloop
  endfacet
  facet normal 0.940881 0.338738 0
    outer loop
      vertex -83.2174 -27.039 3
      vertex -81.3554 -32.2109 32
      vertex -81.3554 -32.2109 3
    endloop
  endfacet
  facet normal -0.750118 -0.661304 0
    outer loop
      vertex 67.4199 55.7746 3
      vertex 63.7848 59.8979 32
      vertex 63.7848 59.8979 3
    endloop
  endfacet
  facet normal -0.750118 -0.661304 0
    outer loop
      vertex 63.7848 59.8979 32
      vertex 67.4199 55.7746 3
      vertex 67.4199 55.7746 32
    endloop
  endfacet
  facet normal 0.987688 0.156434 0
    outer loop
      vertex -85.9501 -16.3959 32
      vertex -86.81 -10.9667 3
      vertex -86.81 -10.9667 32
    endloop
  endfacet
  facet normal 0.987688 0.156434 0
    outer loop
      vertex -86.81 -10.9667 3
      vertex -85.9501 -16.3959 32
      vertex -85.9501 -16.3959 3
    endloop
  endfacet
  facet normal 0.999506 -0.0314293 0
    outer loop
      vertex -87.3965 3.29349 13.2072
      vertex -87.3273 5.49417 3
      vertex -87.3273 5.49417 32
    endloop
  endfacet
  facet normal 0.999502 -0.0315524 -2.65725e-05
    outer loop
      vertex -87.3273 5.49417 3
      vertex -87.3965 3.29349 13.2072
      vertex -87.3963 3.3 13
    endloop
  endfacet
  facet normal 0.999516 -0.0311209 -3.61442e-05
    outer loop
      vertex -87.3273 5.49417 32
      vertex -87.3971 3.27398 13.4136
      vertex -87.3965 3.29349 13.2072
    endloop
  endfacet
  facet normal 0.999517 -0.03108 -4.10449e-05
    outer loop
      vertex -87.3273 5.49417 32
      vertex -87.3981 3.24155 13.6184
      vertex -87.3971 3.27398 13.4136
    endloop
  endfacet
  facet normal 0.999471 -0.0325328 0.00013717
    outer loop
      vertex -87.3273 5.49417 32
      vertex -87.3996 3.19632 13.8207
      vertex -87.3981 3.24155 13.6184
    endloop
  endfacet
  facet normal 0.999513 -0.0312131 -2.97964e-05
    outer loop
      vertex -87.3273 5.49417 32
      vertex -87.4014 3.13849 14.0198
      vertex -87.3996 3.19632 13.8207
    endloop
  endfacet
  facet normal 0.999509 -0.031345 -1.25058e-05
    outer loop
      vertex -87.3273 5.49417 32
      vertex -87.4036 3.06826 14.2148
      vertex -87.4014 3.13849 14.0198
    endloop
  endfacet
  facet normal 0.999503 -0.0315338 1.32791e-05
    outer loop
      vertex -87.3273 5.49417 32
      vertex -87.4062 2.98593 14.4051
      vertex -87.4036 3.06826 14.2148
    endloop
  endfacet
  facet normal 0.999521 -0.0309378 -7.17684e-05
    outer loop
      vertex -87.3273 5.49417 32
      vertex -87.4091 2.89181 14.5898
      vertex -87.4062 2.98593 14.4051
    endloop
  endfacet
  facet normal 0.99951 -0.0312881 -1.93539e-05
    outer loop
      vertex -87.3273 5.49417 32
      vertex -87.4124 2.78628 14.7682
      vertex -87.4091 2.89181 14.5898
    endloop
  endfacet
  facet normal 0.999498 -0.0316768 4.17794e-05
    outer loop
      vertex -87.3273 5.49417 32
      vertex -87.4161 2.66976 14.9397
      vertex -87.4124 2.78628 14.7682
    endloop
  endfacet
  facet normal 0.999505 -0.0314564 5.25269e-06
    outer loop
      vertex -87.3273 5.49417 32
      vertex -87.4201 2.54269 15.1035
      vertex -87.4161 2.66976 14.9397
    endloop
  endfacet
  facet normal 0.999508 -0.0313633 -1.10161e-05
    outer loop
      vertex -87.3273 5.49417 32
      vertex -87.4244 2.4056 15.259
      vertex -87.4201 2.54269 15.1035
    endloop
  endfacet
  facet normal 0.999508 -0.0313719 -9.4339e-06
    outer loop
      vertex -87.3273 5.49417 32
      vertex -87.429 2.259 15.4056
      vertex -87.4244 2.4056 15.259
    endloop
  endfacet
  facet normal 0.999504 -0.0314846 1.25544e-05
    outer loop
      vertex -87.3273 5.49417 32
      vertex -87.4339 2.1035 15.5427
      vertex -87.429 2.259 15.4056
    endloop
  endfacet
  facet normal 0.999514 -0.0311606 -5.42552e-05
    outer loop
      vertex -87.3273 5.49417 32
      vertex -87.439 1.93969 15.6698
      vertex -87.4339 2.1035 15.5427
    endloop
  endfacet
  facet normal 0.999505 -0.0314697 1.30953e-05
    outer loop
      vertex -87.3273 5.49417 32
      vertex -87.4444 1.76823 15.7863
      vertex -87.439 1.93969 15.6698
    endloop
  endfacet
  facet normal 0.999508 -0.0313731 -9.14268e-06
    outer loop
      vertex -87.3273 5.49417 32
      vertex -87.45 1.58979 15.8918
      vertex -87.4444 1.76823 15.7863
    endloop
  endfacet
  facet normal 0.999507 -0.0313864 -5.90213e-06
    outer loop
      vertex -87.3273 5.49417 32
      vertex -87.4558 1.40507 15.9859
      vertex -87.45 1.58979 15.8918
    endloop
  endfacet
  facet normal 0.999503 -0.0315091 2.54588e-05
    outer loop
      vertex -87.3273 5.49417 32
      vertex -87.4618 1.21481 16.0683
      vertex -87.4558 1.40507 15.9859
    endloop
  endfacet
  facet normal 0.999496 -0.0317393 8.73435e-05
    outer loop
      vertex -87.3273 5.49417 32
      vertex -87.468 1.01976 16.1385
      vertex -87.4618 1.21481 16.0683
    endloop
  endfacet
  facet normal 0.999515 -0.0311504 -7.89271e-05
    outer loop
      vertex -87.3273 5.49417 32
      vertex -87.4742 0.820676 16.1963
      vertex -87.468 1.01976 16.1385
    endloop
  endfacet
  facet normal 0.999506 -0.0314178 2.16882e-07
    outer loop
      vertex -87.5 0 32
      vertex -87.4742 0.820676 16.1963
      vertex -87.3273 5.49417 32
    endloop
  endfacet
  facet normal 0.9995 -0.0316198 -1.02857e-05
    outer loop
      vertex -87.4742 0.820676 16.1963
      vertex -87.5 0 32
      vertex -87.4806 0.618358 16.2415
    endloop
  endfacet
  facet normal 0.999512 -0.0312403 4.62364e-06
    outer loop
      vertex -87.4806 0.618358 16.2415
      vertex -87.5 0 32
      vertex -87.487 0.413599 16.274
    endloop
  endfacet
  facet normal 0.999504 -0.0314783 -1.64345e-06
    outer loop
      vertex -87.487 0.413599 16.274
      vertex -87.5 0 32
      vertex -87.4935 0.207209 16.2935
    endloop
  endfacet
  facet normal 0.999508 -0.0313539 0
    outer loop
      vertex -87.4935 0.207209 16.2935
      vertex -87.5 0 32
      vertex -87.5 0 16.3
    endloop
  endfacet
  facet normal 0.999509 -0.0313408 1.99159e-05
    outer loop
      vertex -87.3965 3.29349 12.7928
      vertex -87.3273 5.49417 3
      vertex -87.3963 3.3 13
    endloop
  endfacet
  facet normal 0.999512 -0.0312249 4.59795e-05
    outer loop
      vertex -87.3971 3.27398 12.5864
      vertex -87.3273 5.49417 3
      vertex -87.3965 3.29349 12.7928
    endloop
  endfacet
  facet normal 0.999514 -0.0311787 5.66927e-05
    outer loop
      vertex -87.3981 3.24155 12.3816
      vertex -87.3273 5.49417 3
      vertex -87.3971 3.27398 12.5864
    endloop
  endfacet
  facet normal 0.99948 -0.0322493 -0.000200622
    outer loop
      vertex -87.3996 3.19632 12.1793
      vertex -87.3273 5.49417 3
      vertex -87.3981 3.24155 12.3816
    endloop
  endfacet
  facet normal 0.999511 -0.0312671 4.54874e-05
    outer loop
      vertex -87.4014 3.13849 11.9802
      vertex -87.3273 5.49417 3
      vertex -87.3996 3.19632 12.1793
    endloop
  endfacet
  facet normal 0.999508 -0.0313651 1.97575e-05
    outer loop
      vertex -87.4036 3.06826 11.7852
      vertex -87.3273 5.49417 3
      vertex -87.4014 3.13849 11.9802
    endloop
  endfacet
  facet normal 0.999503 -0.0315147 -2.15828e-05
    outer loop
      vertex -87.4062 2.98593 11.5949
      vertex -87.3273 5.49417 3
      vertex -87.4036 3.06826 11.7852
    endloop
  endfacet
  facet normal 0.999518 -0.0310315 0.000119553
    outer loop
      vertex -87.4091 2.89181 11.4102
      vertex -87.3273 5.49417 3
      vertex -87.4062 2.98593 11.5949
    endloop
  endfacet
  facet normal 0.99951 -0.0313111 3.2952e-05
    outer loop
      vertex -87.4124 2.78628 11.2318
      vertex -87.3273 5.49417 3
      vertex -87.4091 2.89181 11.4102
    endloop
  endfacet
  facet normal 0.9995 -0.0316315 -7.25564e-05
    outer loop
      vertex -87.4161 2.66976 11.0603
      vertex -87.3273 5.49417 3
      vertex -87.4124 2.78628 11.2318
    endloop
  endfacet
  facet normal 0.999505 -0.0314512 -9.29284e-06
    outer loop
      vertex -87.4201 2.54269 10.8965
      vertex -87.3273 5.49417 3
      vertex -87.4161 2.66976 11.0603
    endloop
  endfacet
  facet normal 0.999508 -0.0313733 1.98334e-05
    outer loop
      vertex -87.4244 2.4056 10.741
      vertex -87.3273 5.49417 3
      vertex -87.4201 2.54269 10.8965
    endloop
  endfacet
  facet normal 0.999508 -0.0313797 1.7274e-05
    outer loop
      vertex -87.429 2.259 10.5944
      vertex -87.3273 5.49417 3
      vertex -87.4244 2.4056 10.741
    endloop
  endfacet
  facet normal 0.999505 -0.031475 -2.33702e-05
    outer loop
      vertex -87.4339 2.1035 10.4573
      vertex -87.3273 5.49417 3
      vertex -87.429 2.259 10.5944
    endloop
  endfacet
  facet normal 0.999513 -0.0311981 0.000102658
    outer loop
      vertex -87.439 1.93969 10.3302
      vertex -87.3273 5.49417 3
      vertex -87.4339 2.1035 10.4573
    endloop
  endfacet
  facet normal 0.999505 -0.0314615 -2.5189e-05
    outer loop
      vertex -87.4444 1.76823 10.2137
      vertex -87.3273 5.49417 3
      vertex -87.439 1.93969 10.3302
    endloop
  endfacet
  facet normal 0.999508 -0.0313782 1.78809e-05
    outer loop
      vertex -87.45 1.58979 10.1082
      vertex -87.3273 5.49417 3
      vertex -87.4444 1.76823 10.2137
    endloop
  endfacet
  facet normal 0.999507 -0.0313894 1.17412e-05
    outer loop
      vertex -87.4558 1.40507 10.0141
      vertex -87.3273 5.49417 3
      vertex -87.45 1.58979 10.1082
    endloop
  endfacet
  facet normal 0.999504 -0.0314978 -5.15456e-05
    outer loop
      vertex -87.4618 1.21481 9.93174
      vertex -87.3273 5.49417 3
      vertex -87.4558 1.40507 10.0141
    endloop
  endfacet
  facet normal 0.999494 -0.0317936 6.38429e-05
    outer loop
      vertex -87.5 0 3
      vertex -87.4618 1.21481 9.93174
      vertex -87.468 1.01976 9.86151
    endloop
  endfacet
  facet normal 0.999516 -0.0311168 -3.68412e-05
    outer loop
      vertex -87.5 0 3
      vertex -87.468 1.01976 9.86151
      vertex -87.4742 0.820676 9.80367
    endloop
  endfacet
  facet normal 0.9995 -0.031623 2.4269e-05
    outer loop
      vertex -87.5 0 3
      vertex -87.4742 0.820676 9.80367
      vertex -87.4806 0.618358 9.75845
    endloop
  endfacet
  facet normal 0.999512 -0.0312393 -1.08712e-05
    outer loop
      vertex -87.5 0 3
      vertex -87.4806 0.618358 9.75845
      vertex -87.487 0.413599 9.72602
    endloop
  endfacet
  facet normal 0.999504 -0.0314785 3.85538e-06
    outer loop
      vertex -87.5 0 3
      vertex -87.487 0.413599 9.72602
      vertex -87.4935 0.207209 9.70651
    endloop
  endfacet
  facet normal 0.999508 -0.0313539 0
    outer loop
      vertex -87.5 0 3
      vertex -87.4935 0.207209 9.70651
      vertex -87.5 0 9.7
    endloop
  endfacet
  facet normal 0.999506 -0.0314178 -2.08926e-06
    outer loop
      vertex -87.4618 1.21481 9.93174
      vertex -87.5 0 3
      vertex -87.3273 5.49417 3
    endloop
  endfacet
  facet normal -0.56208 0.827083 0
    outer loop
      vertex 51.4312 -70.789 3
      vertex 46.8848 -73.8787 32
      vertex 51.4312 -70.789 32
    endloop
  endfacet
  facet normal -0.56208 0.827083 0
    outer loop
      vertex 46.8848 -73.8787 32
      vertex 51.4312 -70.789 3
      vertex 46.8848 -73.8787 3
    endloop
  endfacet
  facet normal -0.707107 0.707107 0
    outer loop
      vertex 59.8979 -63.7848 3
      vertex 63.7848 -59.8979 32
      vertex 63.7848 -59.8979 3
    endloop
  endfacet
  facet normal -0.707107 0.707107 0
    outer loop
      vertex 63.7848 -59.8979 32
      vertex 59.8979 -63.7848 3
      vertex 59.8979 -63.7848 32
    endloop
  endfacet
  facet normal 0.960292 0.278995 0
    outer loop
      vertex -83.2174 -27.039 32
      vertex -84.751 -21.7604 3
      vertex -84.751 -21.7604 32
    endloop
  endfacet
  facet normal 0.960292 0.278995 0
    outer loop
      vertex -84.751 -21.7604 3
      vertex -83.2174 -27.039 32
      vertex -83.2174 -27.039 3
    endloop
  endfacet
  facet normal 0.860745 -0.509036 0
    outer loop
      vertex -76.6768 42.1534 32
      vertex -73.8787 46.8848 3
      vertex -73.8787 46.8848 32
    endloop
  endfacet
  facet normal 0.860745 -0.509036 0
    outer loop
      vertex -73.8787 46.8848 3
      vertex -76.6768 42.1534 32
      vertex -76.6768 42.1534 3
    endloop
  endfacet
  facet normal -0.397136 0.91776 0
    outer loop
      vertex 37.2557 -79.1724 3
      vertex 32.2109 -81.3554 32
      vertex 37.2557 -79.1724 32
    endloop
  endfacet
  facet normal -0.397136 0.91776 0
    outer loop
      vertex 32.2109 -81.3554 32
      vertex 37.2557 -79.1724 3
      vertex 32.2109 -81.3554 3
    endloop
  endfacet
  facet normal -0.612909 0.790154 0
    outer loop
      vertex 55.7746 -67.4199 3
      vertex 51.4312 -70.789 32
      vertex 55.7746 -67.4199 32
    endloop
  endfacet
  facet normal -0.612909 0.790154 0
    outer loop
      vertex 51.4312 -70.789 32
      vertex 55.7746 -67.4199 3
      vertex 51.4312 -70.789 3
    endloop
  endfacet
  facet normal -0.454005 0.890999 0
    outer loop
      vertex 42.1534 -76.6768 3
      vertex 37.2557 -79.1724 32
      vertex 42.1534 -76.6768 32
    endloop
  endfacet
  facet normal -0.454005 0.890999 0
    outer loop
      vertex 37.2557 -79.1724 32
      vertex 42.1534 -76.6768 3
      vertex 37.2557 -79.1724 3
    endloop
  endfacet
  facet normal 0.156434 0.987688 -0
    outer loop
      vertex -10.9667 -86.81 3
      vertex -16.3959 -85.9501 32
      vertex -10.9667 -86.81 32
    endloop
  endfacet
  facet normal 0.156434 0.987688 0
    outer loop
      vertex -16.3959 -85.9501 32
      vertex -10.9667 -86.81 3
      vertex -16.3959 -85.9501 3
    endloop
  endfacet
  facet normal 0.707107 0.707107 0
    outer loop
      vertex -59.8979 -63.7848 32
      vertex -63.7848 -59.8979 3
      vertex -63.7848 -59.8979 32
    endloop
  endfacet
  facet normal 0.707107 0.707107 0
    outer loop
      vertex -63.7848 -59.8979 3
      vertex -59.8979 -63.7848 32
      vertex -59.8979 -63.7848 3
    endloop
  endfacet
  facet normal 0.750118 -0.661304 0
    outer loop
      vertex -67.4199 55.7746 32
      vertex -63.7848 59.8979 3
      vertex -63.7848 59.8979 32
    endloop
  endfacet
  facet normal 0.750118 -0.661304 0
    outer loop
      vertex -63.7848 59.8979 3
      vertex -67.4199 55.7746 32
      vertex -67.4199 55.7746 3
    endloop
  endfacet
  facet normal -0.338738 -0.940881 0
    outer loop
      vertex 27.039 83.2174 3
      vertex 32.2109 81.3554 32
      vertex 27.039 83.2174 32
    endloop
  endfacet
  facet normal -0.338738 -0.940881 -0
    outer loop
      vertex 32.2109 81.3554 32
      vertex 27.039 83.2174 3
      vertex 32.2109 81.3554 3
    endloop
  endfacet
  facet normal 0.790154 -0.612909 0
    outer loop
      vertex -70.789 51.4312 32
      vertex -67.4199 55.7746 3
      vertex -67.4199 55.7746 32
    endloop
  endfacet
  facet normal 0.790154 -0.612909 0
    outer loop
      vertex -67.4199 55.7746 3
      vertex -70.789 51.4312 32
      vertex -70.789 51.4312 3
    endloop
  endfacet
  facet normal 0.890999 0.454005 0
    outer loop
      vertex -76.6768 -42.1534 32
      vertex -79.1724 -37.2557 3
      vertex -79.1724 -37.2557 32
    endloop
  endfacet
  facet normal 0.890999 0.454005 0
    outer loop
      vertex -79.1724 -37.2557 3
      vertex -76.6768 -42.1534 32
      vertex -76.6768 -42.1534 3
    endloop
  endfacet
  facet normal 0.91776 -0.397136 0
    outer loop
      vertex -81.3554 32.2109 32
      vertex -79.1724 37.2557 3
      vertex -79.1724 37.2557 32
    endloop
  endfacet
  facet normal 0.91776 -0.397136 0
    outer loop
      vertex -79.1724 37.2557 3
      vertex -81.3554 32.2109 32
      vertex -81.3554 32.2109 3
    endloop
  endfacet
  facet normal 0.612909 -0.790154 0
    outer loop
      vertex -55.7746 67.4199 3
      vertex -51.4312 70.789 32
      vertex -55.7746 67.4199 32
    endloop
  endfacet
  facet normal 0.612909 -0.790154 0
    outer loop
      vertex -51.4312 70.789 32
      vertex -55.7746 67.4199 3
      vertex -51.4312 70.789 3
    endloop
  endfacet
  facet normal 0.995562 -0.0941072 0
    outer loop
      vertex -87.3273 5.49417 32
      vertex -86.81 10.9667 3
      vertex -86.81 10.9667 32
    endloop
  endfacet
  facet normal 0.995562 -0.0941072 0
    outer loop
      vertex -86.81 10.9667 3
      vertex -87.3273 5.49417 32
      vertex -87.3273 5.49417 3
    endloop
  endfacet
  facet normal 0.790154 0.612909 0
    outer loop
      vertex -67.4199 -55.7746 32
      vertex -70.789 -51.4312 3
      vertex -70.789 -51.4312 32
    endloop
  endfacet
  facet normal 0.790154 0.612909 0
    outer loop
      vertex -70.789 -51.4312 3
      vertex -67.4199 -55.7746 32
      vertex -67.4199 -55.7746 3
    endloop
  endfacet
  facet normal 0.56208 0.827083 -0
    outer loop
      vertex -46.8848 -73.8787 3
      vertex -51.4312 -70.789 32
      vertex -46.8848 -73.8787 32
    endloop
  endfacet
  facet normal 0.56208 0.827083 0
    outer loop
      vertex -51.4312 -70.789 32
      vertex -46.8848 -73.8787 3
      vertex -51.4312 -70.789 3
    endloop
  endfacet
  facet normal -0.661304 0.750118 0
    outer loop
      vertex 59.8979 -63.7848 3
      vertex 55.7746 -67.4199 32
      vertex 59.8979 -63.7848 32
    endloop
  endfacet
  facet normal -0.661304 0.750118 0
    outer loop
      vertex 55.7746 -67.4199 32
      vertex 59.8979 -63.7848 3
      vertex 55.7746 -67.4199 3
    endloop
  endfacet
  facet normal 0.454005 0.890999 -0
    outer loop
      vertex -37.2557 -79.1724 3
      vertex -42.1534 -76.6768 32
      vertex -37.2557 -79.1724 32
    endloop
  endfacet
  facet normal 0.454005 0.890999 0
    outer loop
      vertex -42.1534 -76.6768 32
      vertex -37.2557 -79.1724 3
      vertex -42.1534 -76.6768 3
    endloop
  endfacet
  facet normal 0 0 -1
    outer loop
      vertex 3.3 0 0
      vertex 93.4 0 0
      vertex 93.2157 -5.86463 0
    endloop
  endfacet
  facet normal 0 0 -1
    outer loop
      vertex 3.29349 -0.207209 0
      vertex 93.2157 -5.86463 0
      vertex 92.6635 -11.7061 0
    endloop
  endfacet
  facet normal 0 0 -1
    outer loop
      vertex 93.4 0 0
      vertex 3.3 0 0
      vertex 93.2157 5.86463 0
    endloop
  endfacet
  facet normal 0 0 -1
    outer loop
      vertex 3.27398 -0.413599 0
      vertex 92.6635 -11.7061 0
      vertex 91.7456 -17.5014 0
    endloop
  endfacet
  facet normal 0 0 -1
    outer loop
      vertex 3.29349 0.207209 0
      vertex 93.2157 5.86463 0
      vertex 3.3 0 0
    endloop
  endfacet
  facet normal 0 0 -1
    outer loop
      vertex 3.24155 -0.618358 0
      vertex 91.7456 -17.5014 0
      vertex 90.4657 -23.2276 0
    endloop
  endfacet
  facet normal -0 0 -1
    outer loop
      vertex 93.2157 5.86463 0
      vertex 3.29349 0.207209 0
      vertex 92.6635 11.7061 0
    endloop
  endfacet
  facet normal 0 0 -1
    outer loop
      vertex 3.19632 -0.820676 0
      vertex 90.4657 -23.2276 0
      vertex 88.8287 -28.8622 0
    endloop
  endfacet
  facet normal 0 0 -1
    outer loop
      vertex 3.27398 0.413599 0
      vertex 92.6635 11.7061 0
      vertex 3.29349 0.207209 0
    endloop
  endfacet
  facet normal 0 0 -1
    outer loop
      vertex 3.13849 -1.01976 0
      vertex 88.8287 -28.8622 0
      vertex 86.8411 -34.3828 0
    endloop
  endfacet
  facet normal -0 0 -1
    outer loop
      vertex 92.6635 11.7061 0
      vertex 3.27398 0.413599 0
      vertex 91.7456 17.5014 0
    endloop
  endfacet
  facet normal 0 0 -1
    outer loop
      vertex 3.06826 -1.21481 0
      vertex 86.8411 -34.3828 0
      vertex 84.5108 -39.7678 0
    endloop
  endfacet
  facet normal 0 0 -1
    outer loop
      vertex 3.24155 0.618358 0
      vertex 91.7456 17.5014 0
      vertex 3.27398 0.413599 0
    endloop
  endfacet
  facet normal 0 0 -1
    outer loop
      vertex 2.98593 -1.40507 0
      vertex 84.5108 -39.7678 0
      vertex 81.847 -44.9958 0
    endloop
  endfacet
  facet normal -0 0 -1
    outer loop
      vertex 91.7456 17.5014 0
      vertex 3.24155 0.618358 0
      vertex 90.4657 23.2276 0
    endloop
  endfacet
  facet normal 0 0 -1
    outer loop
      vertex 2.89181 -1.58979 0
      vertex 81.847 -44.9958 0
      vertex 78.8602 -50.0462 0
    endloop
  endfacet
  facet normal 0 0 -1
    outer loop
      vertex 3.19632 0.820676 0
      vertex 90.4657 23.2276 0
      vertex 3.24155 0.618358 0
    endloop
  endfacet
  facet normal 0 0 -1
    outer loop
      vertex 2.78628 -1.76823 0
      vertex 78.8602 -50.0462 0
      vertex 75.5622 -54.8991 0
    endloop
  endfacet
  facet normal -0 0 -1
    outer loop
      vertex 90.4657 23.2276 0
      vertex 3.19632 0.820676 0
      vertex 88.8287 28.8622 0
    endloop
  endfacet
  facet normal 0 0 -1
    outer loop
      vertex 2.66976 -1.93969 0
      vertex 75.5622 -54.8991 0
      vertex 71.9659 -59.5354 0
    endloop
  endfacet
  facet normal 0 0 -1
    outer loop
      vertex 3.13849 1.01976 0
      vertex 88.8287 28.8622 0
      vertex 3.19632 0.820676 0
    endloop
  endfacet
  facet normal 0 0 -1
    outer loop
      vertex 2.54269 -2.1035 0
      vertex 71.9659 -59.5354 0
      vertex 68.0857 -63.9367 0
    endloop
  endfacet
  facet normal -0 0 -1
    outer loop
      vertex 88.8287 28.8622 0
      vertex 3.13849 1.01976 0
      vertex 86.8411 34.3828 0
    endloop
  endfacet
  facet normal 0 0 -1
    outer loop
      vertex 2.4056 -2.259 0
      vertex 68.0857 -63.9367 0
      vertex 63.9367 -68.0857 0
    endloop
  endfacet
  facet normal 0 0 -1
    outer loop
      vertex 3.06826 1.21481 0
      vertex 86.8411 34.3828 0
      vertex 3.13849 1.01976 0
    endloop
  endfacet
  facet normal 0 0 -1
    outer loop
      vertex 2.259 -2.4056 0
      vertex 63.9367 -68.0857 0
      vertex 59.5354 -71.9659 0
    endloop
  endfacet
  facet normal -0 0 -1
    outer loop
      vertex 86.8411 34.3828 0
      vertex 3.06826 1.21481 0
      vertex 84.5108 39.7678 0
    endloop
  endfacet
  facet normal 0 0 -1
    outer loop
      vertex 2.1035 -2.54269 0
      vertex 59.5354 -71.9659 0
      vertex 54.8991 -75.5622 0
    endloop
  endfacet
  facet normal 0 0 -1
    outer loop
      vertex 2.98593 1.40507 0
      vertex 84.5108 39.7678 0
      vertex 3.06826 1.21481 0
    endloop
  endfacet
  facet normal 0 0 -1
    outer loop
      vertex 1.93969 -2.66976 0
      vertex 54.8991 -75.5622 0
      vertex 50.0462 -78.8602 0
    endloop
  endfacet
  facet normal -0 0 -1
    outer loop
      vertex 84.5108 39.7678 0
      vertex 2.98593 1.40507 0
      vertex 81.847 44.9958 0
    endloop
  endfacet
  facet normal 0 0 -1
    outer loop
      vertex 1.76823 -2.78628 0
      vertex 50.0462 -78.8602 0
      vertex 44.9958 -81.847 0
    endloop
  endfacet
  facet normal 0 0 -1
    outer loop
      vertex 2.89181 1.58979 0
      vertex 81.847 44.9958 0
      vertex 2.98593 1.40507 0
    endloop
  endfacet
  facet normal 0 0 -1
    outer loop
      vertex 1.58979 -2.89181 0
      vertex 44.9958 -81.847 0
      vertex 39.7678 -84.5108 0
    endloop
  endfacet
  facet normal -0 0 -1
    outer loop
      vertex 81.847 44.9958 0
      vertex 2.89181 1.58979 0
      vertex 78.8602 50.0462 0
    endloop
  endfacet
  facet normal 0 0 -1
    outer loop
      vertex 1.40507 -2.98593 0
      vertex 39.7678 -84.5108 0
      vertex 34.3828 -86.8411 0
    endloop
  endfacet
  facet normal 0 0 -1
    outer loop
      vertex 2.78628 1.76823 0
      vertex 78.8602 50.0462 0
      vertex 2.89181 1.58979 0
    endloop
  endfacet
  facet normal 0 0 -1
    outer loop
      vertex 1.21481 -3.06826 0
      vertex 34.3828 -86.8411 0
      vertex 28.8622 -88.8287 0
    endloop
  endfacet
  facet normal -0 0 -1
    outer loop
      vertex 78.8602 50.0462 0
      vertex 2.78628 1.76823 0
      vertex 75.5622 54.8991 0
    endloop
  endfacet
  facet normal 0 0 -1
    outer loop
      vertex 1.01976 -3.13849 0
      vertex 28.8622 -88.8287 0
      vertex 23.2276 -90.4657 0
    endloop
  endfacet
  facet normal 0 0 -1
    outer loop
      vertex 2.66976 1.93969 0
      vertex 75.5622 54.8991 0
      vertex 2.78628 1.76823 0
    endloop
  endfacet
  facet normal 0 0 -1
    outer loop
      vertex 0.820676 -3.19632 0
      vertex 23.2276 -90.4657 0
      vertex 17.5014 -91.7456 0
    endloop
  endfacet
  facet normal -0 0 -1
    outer loop
      vertex 75.5622 54.8991 0
      vertex 2.66976 1.93969 0
      vertex 71.9659 59.5354 0
    endloop
  endfacet
  facet normal 0 0 -1
    outer loop
      vertex 0.618358 -3.24155 0
      vertex 17.5014 -91.7456 0
      vertex 11.7061 -92.6635 0
    endloop
  endfacet
  facet normal 0 0 -1
    outer loop
      vertex 2.54269 2.1035 0
      vertex 71.9659 59.5354 0
      vertex 2.66976 1.93969 0
    endloop
  endfacet
  facet normal 0 0 -1
    outer loop
      vertex 0.413599 -3.27398 0
      vertex 11.7061 -92.6635 0
      vertex 5.86463 -93.2157 0
    endloop
  endfacet
  facet normal -0 0 -1
    outer loop
      vertex 71.9659 59.5354 0
      vertex 2.54269 2.1035 0
      vertex 68.0857 63.9367 0
    endloop
  endfacet
  facet normal 0 0 -1
    outer loop
      vertex 2.4056 2.259 0
      vertex 68.0857 63.9367 0
      vertex 2.54269 2.1035 0
    endloop
  endfacet
  facet normal 0 0 -1
    outer loop
      vertex 93.2157 -5.86463 0
      vertex 3.29349 -0.207209 0
      vertex 3.3 0 0
    endloop
  endfacet
  facet normal 0 0 -1
    outer loop
      vertex 92.6635 -11.7061 0
      vertex 3.27398 -0.413599 0
      vertex 3.29349 -0.207209 0
    endloop
  endfacet
  facet normal 0 0 -1
    outer loop
      vertex 91.7456 -17.5014 0
      vertex 3.24155 -0.618358 0
      vertex 3.27398 -0.413599 0
    endloop
  endfacet
  facet normal 0 0 -1
    outer loop
      vertex 90.4657 -23.2276 0
      vertex 3.19632 -0.820676 0
      vertex 3.24155 -0.618358 0
    endloop
  endfacet
  facet normal 0 0 -1
    outer loop
      vertex 88.8287 -28.8622 0
      vertex 3.13849 -1.01976 0
      vertex 3.19632 -0.820676 0
    endloop
  endfacet
  facet normal 0 0 -1
    outer loop
      vertex 86.8411 -34.3828 0
      vertex 3.06826 -1.21481 0
      vertex 3.13849 -1.01976 0
    endloop
  endfacet
  facet normal 0 0 -1
    outer loop
      vertex 84.5108 -39.7678 0
      vertex 2.98593 -1.40507 0
      vertex 3.06826 -1.21481 0
    endloop
  endfacet
  facet normal 0 0 -1
    outer loop
      vertex 81.847 -44.9958 0
      vertex 2.89181 -1.58979 0
      vertex 2.98593 -1.40507 0
    endloop
  endfacet
  facet normal 0 0 -1
    outer loop
      vertex 78.8602 -50.0462 0
      vertex 2.78628 -1.76823 0
      vertex 2.89181 -1.58979 0
    endloop
  endfacet
  facet normal 0 0 -1
    outer loop
      vertex 75.5622 -54.8991 0
      vertex 2.66976 -1.93969 0
      vertex 2.78628 -1.76823 0
    endloop
  endfacet
  facet normal 0 0 -1
    outer loop
      vertex 71.9659 -59.5354 0
      vertex 2.54269 -2.1035 0
      vertex 2.66976 -1.93969 0
    endloop
  endfacet
  facet normal 0 0 -1
    outer loop
      vertex 68.0857 -63.9367 0
      vertex 2.4056 -2.259 0
      vertex 2.54269 -2.1035 0
    endloop
  endfacet
  facet normal 0 0 -1
    outer loop
      vertex 63.9367 -68.0857 0
      vertex 2.259 -2.4056 0
      vertex 2.4056 -2.259 0
    endloop
  endfacet
  facet normal 0 0 -1
    outer loop
      vertex 59.5354 -71.9659 0
      vertex 2.1035 -2.54269 0
      vertex 2.259 -2.4056 0
    endloop
  endfacet
  facet normal 0 0 -1
    outer loop
      vertex 54.8991 -75.5622 0
      vertex 1.93969 -2.66976 0
      vertex 2.1035 -2.54269 0
    endloop
  endfacet
  facet normal 0 0 -1
    outer loop
      vertex 50.0462 -78.8602 0
      vertex 1.76823 -2.78628 0
      vertex 1.93969 -2.66976 0
    endloop
  endfacet
  facet normal 0 0 -1
    outer loop
      vertex 44.9958 -81.847 0
      vertex 1.58979 -2.89181 0
      vertex 1.76823 -2.78628 0
    endloop
  endfacet
  facet normal 0 0 -1
    outer loop
      vertex 39.7678 -84.5108 0
      vertex 1.40507 -2.98593 0
      vertex 1.58979 -2.89181 0
    endloop
  endfacet
  facet normal 0 0 -1
    outer loop
      vertex 34.3828 -86.8411 0
      vertex 1.21481 -3.06826 0
      vertex 1.40507 -2.98593 0
    endloop
  endfacet
  facet normal 0 0 -1
    outer loop
      vertex 28.8622 -88.8287 0
      vertex 1.01976 -3.13849 0
      vertex 1.21481 -3.06826 0
    endloop
  endfacet
  facet normal 0 0 -1
    outer loop
      vertex 23.2276 -90.4657 0
      vertex 0.820676 -3.19632 0
      vertex 1.01976 -3.13849 0
    endloop
  endfacet
  facet normal 0 0 -1
    outer loop
      vertex 17.5014 -91.7456 0
      vertex 0.618358 -3.24155 0
      vertex 0.820676 -3.19632 0
    endloop
  endfacet
  facet normal 0 0 -1
    outer loop
      vertex 11.7061 -92.6635 0
      vertex 0.413599 -3.27398 0
      vertex 0.618358 -3.24155 0
    endloop
  endfacet
  facet normal 0 0 -1
    outer loop
      vertex 5.86463 -93.2157 0
      vertex 0.207209 -3.29349 0
      vertex 0.413599 -3.27398 0
    endloop
  endfacet
  facet normal 0 0 -1
    outer loop
      vertex 0 -93.4 0
      vertex 0.207209 -3.29349 0
      vertex 5.86463 -93.2157 0
    endloop
  endfacet
  facet normal 0 0 -1
    outer loop
      vertex 0 -93.4 0
      vertex 0 -3.3 0
      vertex 0.207209 -3.29349 0
    endloop
  endfacet
  facet normal 0 0 -1
    outer loop
      vertex 0 -93.4 0
      vertex -0.207209 -3.29349 0
      vertex 0 -3.3 0
    endloop
  endfacet
  facet normal 0 0 -1
    outer loop
      vertex -5.86463 -93.2157 0
      vertex -0.207209 -3.29349 0
      vertex 0 -93.4 0
    endloop
  endfacet
  facet normal -0 0 -1
    outer loop
      vertex -0.207209 -3.29349 0
      vertex -5.86463 -93.2157 0
      vertex -0.413599 -3.27398 0
    endloop
  endfacet
  facet normal 0 0 -1
    outer loop
      vertex -11.7061 -92.6635 0
      vertex -0.413599 -3.27398 0
      vertex -5.86463 -93.2157 0
    endloop
  endfacet
  facet normal -0 0 -1
    outer loop
      vertex -0.413599 -3.27398 0
      vertex -11.7061 -92.6635 0
      vertex -0.618358 -3.24155 0
    endloop
  endfacet
  facet normal 0 0 -1
    outer loop
      vertex -17.5014 -91.7456 0
      vertex -0.618358 -3.24155 0
      vertex -11.7061 -92.6635 0
    endloop
  endfacet
  facet normal -0 0 -1
    outer loop
      vertex -0.618358 -3.24155 0
      vertex -17.5014 -91.7456 0
      vertex -0.820676 -3.19632 0
    endloop
  endfacet
  facet normal 0 0 -1
    outer loop
      vertex -23.2276 -90.4657 0
      vertex -0.820676 -3.19632 0
      vertex -17.5014 -91.7456 0
    endloop
  endfacet
  facet normal -0 0 -1
    outer loop
      vertex -0.820676 -3.19632 0
      vertex -23.2276 -90.4657 0
      vertex -1.01976 -3.13849 0
    endloop
  endfacet
  facet normal 0 0 -1
    outer loop
      vertex -28.8622 -88.8287 0
      vertex -1.01976 -3.13849 0
      vertex -23.2276 -90.4657 0
    endloop
  endfacet
  facet normal -0 0 -1
    outer loop
      vertex -1.01976 -3.13849 0
      vertex -28.8622 -88.8287 0
      vertex -1.21481 -3.06826 0
    endloop
  endfacet
  facet normal 0 0 -1
    outer loop
      vertex -34.3828 -86.8411 0
      vertex -1.21481 -3.06826 0
      vertex -28.8622 -88.8287 0
    endloop
  endfacet
  facet normal -0 0 -1
    outer loop
      vertex -1.21481 -3.06826 0
      vertex -34.3828 -86.8411 0
      vertex -1.40507 -2.98593 0
    endloop
  endfacet
  facet normal 0 0 -1
    outer loop
      vertex -39.7678 -84.5108 0
      vertex -1.40507 -2.98593 0
      vertex -34.3828 -86.8411 0
    endloop
  endfacet
  facet normal -0 0 -1
    outer loop
      vertex -1.40507 -2.98593 0
      vertex -39.7678 -84.5108 0
      vertex -1.58979 -2.89181 0
    endloop
  endfacet
  facet normal 0 0 -1
    outer loop
      vertex -44.9958 -81.847 0
      vertex -1.58979 -2.89181 0
      vertex -39.7678 -84.5108 0
    endloop
  endfacet
  facet normal -0 0 -1
    outer loop
      vertex -1.58979 -2.89181 0
      vertex -44.9958 -81.847 0
      vertex -1.76823 -2.78628 0
    endloop
  endfacet
  facet normal 0 0 -1
    outer loop
      vertex -50.0462 -78.8602 0
      vertex -1.76823 -2.78628 0
      vertex -44.9958 -81.847 0
    endloop
  endfacet
  facet normal -0 0 -1
    outer loop
      vertex -1.76823 -2.78628 0
      vertex -50.0462 -78.8602 0
      vertex -1.93969 -2.66976 0
    endloop
  endfacet
  facet normal 0 0 -1
    outer loop
      vertex -54.8991 -75.5622 0
      vertex -1.93969 -2.66976 0
      vertex -50.0462 -78.8602 0
    endloop
  endfacet
  facet normal -0 0 -1
    outer loop
      vertex -1.93969 -2.66976 0
      vertex -54.8991 -75.5622 0
      vertex -2.1035 -2.54269 0
    endloop
  endfacet
  facet normal 0 0 -1
    outer loop
      vertex -59.5354 -71.9659 0
      vertex -2.1035 -2.54269 0
      vertex -54.8991 -75.5622 0
    endloop
  endfacet
  facet normal -0 0 -1
    outer loop
      vertex -2.1035 -2.54269 0
      vertex -59.5354 -71.9659 0
      vertex -2.259 -2.4056 0
    endloop
  endfacet
  facet normal 0 0 -1
    outer loop
      vertex -63.9367 -68.0857 0
      vertex -2.259 -2.4056 0
      vertex -59.5354 -71.9659 0
    endloop
  endfacet
  facet normal 0 0 -1
    outer loop
      vertex -68.0857 -63.9367 0
      vertex -2.4056 -2.259 0
      vertex -63.9367 -68.0857 0
    endloop
  endfacet
  facet normal -0 0 -1
    outer loop
      vertex -2.259 -2.4056 0
      vertex -63.9367 -68.0857 0
      vertex -2.4056 -2.259 0
    endloop
  endfacet
  facet normal -0 0 -1
    outer loop
      vertex 68.0857 63.9367 0
      vertex 2.4056 2.259 0
      vertex 63.9367 68.0857 0
    endloop
  endfacet
  facet normal 0 0 -1
    outer loop
      vertex 2.259 2.4056 0
      vertex 63.9367 68.0857 0
      vertex 2.4056 2.259 0
    endloop
  endfacet
  facet normal -0 0 -1
    outer loop
      vertex 63.9367 68.0857 0
      vertex 2.259 2.4056 0
      vertex 59.5354 71.9659 0
    endloop
  endfacet
  facet normal 0 0 -1
    outer loop
      vertex 2.1035 2.54269 0
      vertex 59.5354 71.9659 0
      vertex 2.259 2.4056 0
    endloop
  endfacet
  facet normal -0 0 -1
    outer loop
      vertex 59.5354 71.9659 0
      vertex 2.1035 2.54269 0
      vertex 54.8991 75.5622 0
    endloop
  endfacet
  facet normal 0 0 -1
    outer loop
      vertex 1.93969 2.66976 0
      vertex 54.8991 75.5622 0
      vertex 2.1035 2.54269 0
    endloop
  endfacet
  facet normal -0 0 -1
    outer loop
      vertex 54.8991 75.5622 0
      vertex 1.93969 2.66976 0
      vertex 50.0462 78.8602 0
    endloop
  endfacet
  facet normal 0 0 -1
    outer loop
      vertex 1.76823 2.78628 0
      vertex 50.0462 78.8602 0
      vertex 1.93969 2.66976 0
    endloop
  endfacet
  facet normal -0 0 -1
    outer loop
      vertex 50.0462 78.8602 0
      vertex 1.76823 2.78628 0
      vertex 44.9958 81.847 0
    endloop
  endfacet
  facet normal 0 0 -1
    outer loop
      vertex 1.58979 2.89181 0
      vertex 44.9958 81.847 0
      vertex 1.76823 2.78628 0
    endloop
  endfacet
  facet normal -0 0 -1
    outer loop
      vertex 44.9958 81.847 0
      vertex 1.58979 2.89181 0
      vertex 39.7678 84.5108 0
    endloop
  endfacet
  facet normal 0 0 -1
    outer loop
      vertex 1.40507 2.98593 0
      vertex 39.7678 84.5108 0
      vertex 1.58979 2.89181 0
    endloop
  endfacet
  facet normal -0 0 -1
    outer loop
      vertex 39.7678 84.5108 0
      vertex 1.40507 2.98593 0
      vertex 34.3828 86.8411 0
    endloop
  endfacet
  facet normal 0 0 -1
    outer loop
      vertex 1.21481 3.06826 0
      vertex 34.3828 86.8411 0
      vertex 1.40507 2.98593 0
    endloop
  endfacet
  facet normal -0 0 -1
    outer loop
      vertex 34.3828 86.8411 0
      vertex 1.21481 3.06826 0
      vertex 28.8622 88.8287 0
    endloop
  endfacet
  facet normal 0 0 -1
    outer loop
      vertex 1.01976 3.13849 0
      vertex 28.8622 88.8287 0
      vertex 1.21481 3.06826 0
    endloop
  endfacet
  facet normal -0 0 -1
    outer loop
      vertex 28.8622 88.8287 0
      vertex 1.01976 3.13849 0
      vertex 23.2276 90.4657 0
    endloop
  endfacet
  facet normal 0 0 -1
    outer loop
      vertex 0.820676 3.19632 0
      vertex 23.2276 90.4657 0
      vertex 1.01976 3.13849 0
    endloop
  endfacet
  facet normal -0 0 -1
    outer loop
      vertex 23.2276 90.4657 0
      vertex 0.820676 3.19632 0
      vertex 17.5014 91.7456 0
    endloop
  endfacet
  facet normal 0 0 -1
    outer loop
      vertex 0.618358 3.24155 0
      vertex 17.5014 91.7456 0
      vertex 0.820676 3.19632 0
    endloop
  endfacet
  facet normal -0 0 -1
    outer loop
      vertex 17.5014 91.7456 0
      vertex 0.618358 3.24155 0
      vertex 11.7061 92.6635 0
    endloop
  endfacet
  facet normal 0 0 -1
    outer loop
      vertex 0.413599 3.27398 0
      vertex 11.7061 92.6635 0
      vertex 0.618358 3.24155 0
    endloop
  endfacet
  facet normal -0 0 -1
    outer loop
      vertex 11.7061 92.6635 0
      vertex 0.413599 3.27398 0
      vertex 5.86463 93.2157 0
    endloop
  endfacet
  facet normal 0 0 -1
    outer loop
      vertex 0.207209 3.29349 0
      vertex 5.86463 93.2157 0
      vertex 0.413599 3.27398 0
    endloop
  endfacet
  facet normal 0 0 -1
    outer loop
      vertex 0 3.3 0
      vertex 5.86463 93.2157 0
      vertex 0.207209 3.29349 0
    endloop
  endfacet
  facet normal 0 0 -1
    outer loop
      vertex 0 3.3 0
      vertex 0 93.4 0
      vertex 5.86463 93.2157 0
    endloop
  endfacet
  facet normal 0 0 -1
    outer loop
      vertex -0.207209 3.29349 0
      vertex 0 93.4 0
      vertex 0 3.3 0
    endloop
  endfacet
  facet normal 0 0 -1
    outer loop
      vertex -5.86463 93.2157 0
      vertex -0.207209 3.29349 0
      vertex -0.413599 3.27398 0
    endloop
  endfacet
  facet normal 0 0 -1
    outer loop
      vertex -11.7061 92.6635 0
      vertex -0.413599 3.27398 0
      vertex -0.618358 3.24155 0
    endloop
  endfacet
  facet normal 0 0 -1
    outer loop
      vertex -17.5014 91.7456 0
      vertex -0.618358 3.24155 0
      vertex -0.820676 3.19632 0
    endloop
  endfacet
  facet normal 0 0 -1
    outer loop
      vertex -23.2276 90.4657 0
      vertex -0.820676 3.19632 0
      vertex -1.01976 3.13849 0
    endloop
  endfacet
  facet normal 0 0 -1
    outer loop
      vertex -28.8622 88.8287 0
      vertex -1.01976 3.13849 0
      vertex -1.21481 3.06826 0
    endloop
  endfacet
  facet normal 0 0 -1
    outer loop
      vertex -34.3828 86.8411 0
      vertex -1.21481 3.06826 0
      vertex -1.40507 2.98593 0
    endloop
  endfacet
  facet normal 0 0 -1
    outer loop
      vertex -39.7678 84.5108 0
      vertex -1.40507 2.98593 0
      vertex -1.58979 2.89181 0
    endloop
  endfacet
  facet normal 0 0 -1
    outer loop
      vertex -44.9958 81.847 0
      vertex -1.58979 2.89181 0
      vertex -1.76823 2.78628 0
    endloop
  endfacet
  facet normal 0 0 -1
    outer loop
      vertex -50.0462 78.8602 0
      vertex -1.76823 2.78628 0
      vertex -1.93969 2.66976 0
    endloop
  endfacet
  facet normal 0 0 -1
    outer loop
      vertex -54.8991 75.5622 0
      vertex -1.93969 2.66976 0
      vertex -2.1035 2.54269 0
    endloop
  endfacet
  facet normal 0 0 -1
    outer loop
      vertex -59.5354 71.9659 0
      vertex -2.1035 2.54269 0
      vertex -2.259 2.4056 0
    endloop
  endfacet
  facet normal 0 0 -1
    outer loop
      vertex -63.9367 68.0857 0
      vertex -2.259 2.4056 0
      vertex -2.4056 2.259 0
    endloop
  endfacet
  facet normal 0 0 -1
    outer loop
      vertex -68.0857 63.9367 0
      vertex -2.4056 2.259 0
      vertex -2.54269 2.1035 0
    endloop
  endfacet
  facet normal 0 0 -1
    outer loop
      vertex -71.9659 59.5354 0
      vertex -2.54269 2.1035 0
      vertex -2.66976 1.93969 0
    endloop
  endfacet
  facet normal 0 0 -1
    outer loop
      vertex -75.5622 54.8991 0
      vertex -2.66976 1.93969 0
      vertex -2.78628 1.76823 0
    endloop
  endfacet
  facet normal 0 0 -1
    outer loop
      vertex -78.8602 50.0462 0
      vertex -2.78628 1.76823 0
      vertex -2.89181 1.58979 0
    endloop
  endfacet
  facet normal 0 0 -1
    outer loop
      vertex -81.847 44.9958 0
      vertex -2.89181 1.58979 0
      vertex -2.98593 1.40507 0
    endloop
  endfacet
  facet normal 0 0 -1
    outer loop
      vertex -84.5108 39.7678 0
      vertex -2.98593 1.40507 0
      vertex -3.06826 1.21481 0
    endloop
  endfacet
  facet normal 0 0 -1
    outer loop
      vertex -86.8411 34.3828 0
      vertex -3.06826 1.21481 0
      vertex -3.13849 1.01976 0
    endloop
  endfacet
  facet normal 0 0 -1
    outer loop
      vertex -88.8287 28.8622 0
      vertex -3.13849 1.01976 0
      vertex -3.19632 0.820676 0
    endloop
  endfacet
  facet normal 0 0 -1
    outer loop
      vertex -90.4657 23.2276 0
      vertex -3.19632 0.820676 0
      vertex -3.24155 0.618358 0
    endloop
  endfacet
  facet normal 0 0 -1
    outer loop
      vertex -91.7456 17.5014 0
      vertex -3.24155 0.618358 0
      vertex -3.27398 0.413599 0
    endloop
  endfacet
  facet normal 0 0 -1
    outer loop
      vertex -92.6635 11.7061 0
      vertex -3.27398 0.413599 0
      vertex -3.29349 0.207209 0
    endloop
  endfacet
  facet normal 0 0 -1
    outer loop
      vertex -0.207209 3.29349 0
      vertex -5.86463 93.2157 0
      vertex 0 93.4 0
    endloop
  endfacet
  facet normal 0 0 -1
    outer loop
      vertex -93.2157 5.86463 0
      vertex -3.29349 0.207209 0
      vertex -3.3 0 0
    endloop
  endfacet
  facet normal -0 0 -1
    outer loop
      vertex -2.4056 -2.259 0
      vertex -68.0857 -63.9367 0
      vertex -2.54269 -2.1035 0
    endloop
  endfacet
  facet normal 0 0 -1
    outer loop
      vertex -71.9659 -59.5354 0
      vertex -2.54269 -2.1035 0
      vertex -68.0857 -63.9367 0
    endloop
  endfacet
  facet normal 0 0 -1
    outer loop
      vertex -0.413599 3.27398 0
      vertex -11.7061 92.6635 0
      vertex -5.86463 93.2157 0
    endloop
  endfacet
  facet normal -0 0 -1
    outer loop
      vertex -2.54269 -2.1035 0
      vertex -71.9659 -59.5354 0
      vertex -2.66976 -1.93969 0
    endloop
  endfacet
  facet normal 0 0 -1
    outer loop
      vertex -0.618358 3.24155 0
      vertex -17.5014 91.7456 0
      vertex -11.7061 92.6635 0
    endloop
  endfacet
  facet normal 0 0 -1
    outer loop
      vertex -75.5622 -54.8991 0
      vertex -2.66976 -1.93969 0
      vertex -71.9659 -59.5354 0
    endloop
  endfacet
  facet normal 0 0 -1
    outer loop
      vertex -0.820676 3.19632 0
      vertex -23.2276 90.4657 0
      vertex -17.5014 91.7456 0
    endloop
  endfacet
  facet normal -0 0 -1
    outer loop
      vertex -2.66976 -1.93969 0
      vertex -75.5622 -54.8991 0
      vertex -2.78628 -1.76823 0
    endloop
  endfacet
  facet normal 0 0 -1
    outer loop
      vertex -1.01976 3.13849 0
      vertex -28.8622 88.8287 0
      vertex -23.2276 90.4657 0
    endloop
  endfacet
  facet normal 0 0 -1
    outer loop
      vertex -78.8602 -50.0462 0
      vertex -2.78628 -1.76823 0
      vertex -75.5622 -54.8991 0
    endloop
  endfacet
  facet normal 0 0 -1
    outer loop
      vertex -1.21481 3.06826 0
      vertex -34.3828 86.8411 0
      vertex -28.8622 88.8287 0
    endloop
  endfacet
  facet normal -0 0 -1
    outer loop
      vertex -2.78628 -1.76823 0
      vertex -78.8602 -50.0462 0
      vertex -2.89181 -1.58979 0
    endloop
  endfacet
  facet normal 0 0 -1
    outer loop
      vertex -1.40507 2.98593 0
      vertex -39.7678 84.5108 0
      vertex -34.3828 86.8411 0
    endloop
  endfacet
  facet normal 0 0 -1
    outer loop
      vertex -81.847 -44.9958 0
      vertex -2.89181 -1.58979 0
      vertex -78.8602 -50.0462 0
    endloop
  endfacet
  facet normal 0 0 -1
    outer loop
      vertex -1.58979 2.89181 0
      vertex -44.9958 81.847 0
      vertex -39.7678 84.5108 0
    endloop
  endfacet
  facet normal -0 0 -1
    outer loop
      vertex -2.89181 -1.58979 0
      vertex -81.847 -44.9958 0
      vertex -2.98593 -1.40507 0
    endloop
  endfacet
  facet normal 0 0 -1
    outer loop
      vertex -1.76823 2.78628 0
      vertex -50.0462 78.8602 0
      vertex -44.9958 81.847 0
    endloop
  endfacet
  facet normal 0 0 -1
    outer loop
      vertex -84.5108 -39.7678 0
      vertex -2.98593 -1.40507 0
      vertex -81.847 -44.9958 0
    endloop
  endfacet
  facet normal 0 0 -1
    outer loop
      vertex -1.93969 2.66976 0
      vertex -54.8991 75.5622 0
      vertex -50.0462 78.8602 0
    endloop
  endfacet
  facet normal -0 0 -1
    outer loop
      vertex -2.98593 -1.40507 0
      vertex -84.5108 -39.7678 0
      vertex -3.06826 -1.21481 0
    endloop
  endfacet
  facet normal 0 0 -1
    outer loop
      vertex -2.1035 2.54269 0
      vertex -59.5354 71.9659 0
      vertex -54.8991 75.5622 0
    endloop
  endfacet
  facet normal 0 0 -1
    outer loop
      vertex -86.8411 -34.3828 0
      vertex -3.06826 -1.21481 0
      vertex -84.5108 -39.7678 0
    endloop
  endfacet
  facet normal 0 0 -1
    outer loop
      vertex -2.259 2.4056 0
      vertex -63.9367 68.0857 0
      vertex -59.5354 71.9659 0
    endloop
  endfacet
  facet normal -0 0 -1
    outer loop
      vertex -3.06826 -1.21481 0
      vertex -86.8411 -34.3828 0
      vertex -3.13849 -1.01976 0
    endloop
  endfacet
  facet normal 0 0 -1
    outer loop
      vertex -2.4056 2.259 0
      vertex -68.0857 63.9367 0
      vertex -63.9367 68.0857 0
    endloop
  endfacet
  facet normal 0 0 -1
    outer loop
      vertex -88.8287 -28.8622 0
      vertex -3.13849 -1.01976 0
      vertex -86.8411 -34.3828 0
    endloop
  endfacet
  facet normal 0 0 -1
    outer loop
      vertex -2.54269 2.1035 0
      vertex -71.9659 59.5354 0
      vertex -68.0857 63.9367 0
    endloop
  endfacet
  facet normal -0 0 -1
    outer loop
      vertex -3.13849 -1.01976 0
      vertex -88.8287 -28.8622 0
      vertex -3.19632 -0.820676 0
    endloop
  endfacet
  facet normal 0 0 -1
    outer loop
      vertex -2.66976 1.93969 0
      vertex -75.5622 54.8991 0
      vertex -71.9659 59.5354 0
    endloop
  endfacet
  facet normal 0 0 -1
    outer loop
      vertex -90.4657 -23.2276 0
      vertex -3.19632 -0.820676 0
      vertex -88.8287 -28.8622 0
    endloop
  endfacet
  facet normal 0 0 -1
    outer loop
      vertex -2.78628 1.76823 0
      vertex -78.8602 50.0462 0
      vertex -75.5622 54.8991 0
    endloop
  endfacet
  facet normal -0 0 -1
    outer loop
      vertex -3.19632 -0.820676 0
      vertex -90.4657 -23.2276 0
      vertex -3.24155 -0.618358 0
    endloop
  endfacet
  facet normal 0 0 -1
    outer loop
      vertex -2.89181 1.58979 0
      vertex -81.847 44.9958 0
      vertex -78.8602 50.0462 0
    endloop
  endfacet
  facet normal 0 0 -1
    outer loop
      vertex -91.7456 -17.5014 0
      vertex -3.24155 -0.618358 0
      vertex -90.4657 -23.2276 0
    endloop
  endfacet
  facet normal 0 0 -1
    outer loop
      vertex -2.98593 1.40507 0
      vertex -84.5108 39.7678 0
      vertex -81.847 44.9958 0
    endloop
  endfacet
  facet normal -0 0 -1
    outer loop
      vertex -3.24155 -0.618358 0
      vertex -91.7456 -17.5014 0
      vertex -3.27398 -0.413599 0
    endloop
  endfacet
  facet normal 0 0 -1
    outer loop
      vertex -3.06826 1.21481 0
      vertex -86.8411 34.3828 0
      vertex -84.5108 39.7678 0
    endloop
  endfacet
  facet normal 0 0 -1
    outer loop
      vertex -92.6635 -11.7061 0
      vertex -3.27398 -0.413599 0
      vertex -91.7456 -17.5014 0
    endloop
  endfacet
  facet normal 0 0 -1
    outer loop
      vertex -3.13849 1.01976 0
      vertex -88.8287 28.8622 0
      vertex -86.8411 34.3828 0
    endloop
  endfacet
  facet normal -0 0 -1
    outer loop
      vertex -3.27398 -0.413599 0
      vertex -92.6635 -11.7061 0
      vertex -3.29349 -0.207209 0
    endloop
  endfacet
  facet normal 0 0 -1
    outer loop
      vertex -3.19632 0.820676 0
      vertex -90.4657 23.2276 0
      vertex -88.8287 28.8622 0
    endloop
  endfacet
  facet normal 0 0 -1
    outer loop
      vertex -93.2157 -5.86463 0
      vertex -3.29349 -0.207209 0
      vertex -92.6635 -11.7061 0
    endloop
  endfacet
  facet normal 0 0 -1
    outer loop
      vertex -3.24155 0.618358 0
      vertex -91.7456 17.5014 0
      vertex -90.4657 23.2276 0
    endloop
  endfacet
  facet normal -0 0 -1
    outer loop
      vertex -3.29349 -0.207209 0
      vertex -93.2157 -5.86463 0
      vertex -3.3 0 0
    endloop
  endfacet
  facet normal 0 0 -1
    outer loop
      vertex -3.27398 0.413599 0
      vertex -92.6635 11.7061 0
      vertex -91.7456 17.5014 0
    endloop
  endfacet
  facet normal 0 0 -1
    outer loop
      vertex -93.4 0 0
      vertex -3.3 0 0
      vertex -93.2157 -5.86463 0
    endloop
  endfacet
  facet normal 0 0 -1
    outer loop
      vertex -3.29349 0.207209 0
      vertex -93.2157 5.86463 0
      vertex -92.6635 11.7061 0
    endloop
  endfacet
  facet normal 0 0 -1
    outer loop
      vertex -3.3 0 0
      vertex -93.4 0 0
      vertex -93.2157 5.86463 0
    endloop
  endfacet
  facet normal -0.338714 -0.940889 0
    outer loop
      vertex -8.46686 -21.3849 3
      vertex -7.10739 -21.8743 13
      vertex -8.46686 -21.3849 13
    endloop
  endfacet
  facet normal -0.338714 -0.940889 -0
    outer loop
      vertex -7.10739 -21.8743 13
      vertex -8.46686 -21.3849 3
      vertex -7.10739 -21.8743 3
    endloop
  endfacet
  facet normal 0.99556 0.0941245 0
    outer loop
      vertex 22.9546 1.44418 13
      vertex 22.8186 2.88266 3
      vertex 22.8186 2.88266 13
    endloop
  endfacet
  facet normal 0.99556 0.0941245 0
    outer loop
      vertex 22.8186 2.88266 3
      vertex 22.9546 1.44418 13
      vertex 22.9546 1.44418 3
    endloop
  endfacet
  facet normal 0.999506 0.031421 0
    outer loop
      vertex 23 0 13
      vertex 22.9546 1.44418 3
      vertex 22.9546 1.44418 13
    endloop
  endfacet
  facet normal 0.999506 0.031421 0
    outer loop
      vertex 22.9546 1.44418 3
      vertex 23 0 13
      vertex 23 0 3
    endloop
  endfacet
  facet normal 0.987692 0.156413 0
    outer loop
      vertex 22.8186 2.88266 13
      vertex 22.5926 4.30977 3
      vertex 22.5926 4.30977 13
    endloop
  endfacet
  facet normal 0.987692 0.156413 0
    outer loop
      vertex 22.5926 4.30977 3
      vertex 22.8186 2.88266 13
      vertex 22.8186 2.88266 3
    endloop
  endfacet
  facet normal 0.999506 -0.031421 0
    outer loop
      vertex 22.9546 -1.44418 13
      vertex 23 0 3
      vertex 23 0 13
    endloop
  endfacet
  facet normal 0.999506 -0.031421 0
    outer loop
      vertex 23 0 3
      vertex 22.9546 -1.44418 13
      vertex 22.9546 -1.44418 3
    endloop
  endfacet
  facet normal -0.827109 -0.562041 0
    outer loop
      vertex -18.6074 -13.5191 3
      vertex -19.4195 -12.324 13
      vertex -19.4195 -12.324 3
    endloop
  endfacet
  facet normal -0.827109 -0.562041 0
    outer loop
      vertex -19.4195 -12.324 13
      vertex -18.6074 -13.5191 3
      vertex -18.6074 -13.5191 13
    endloop
  endfacet
  facet normal -0.960296 -0.278984 0
    outer loop
      vertex -21.8743 -7.10739 3
      vertex -22.2774 -5.71987 13
      vertex -22.2774 -5.71987 3
    endloop
  endfacet
  facet normal -0.960296 -0.278984 0
    outer loop
      vertex -22.2774 -5.71987 13
      vertex -21.8743 -7.10739 3
      vertex -21.8743 -7.10739 13
    endloop
  endfacet
  facet normal 0.790153 0.61291 0
    outer loop
      vertex 18.6074 13.5191 13
      vertex 17.7218 14.6608 3
      vertex 17.7218 14.6608 13
    endloop
  endfacet
  facet normal 0.790153 0.61291 0
    outer loop
      vertex 17.7218 14.6608 3
      vertex 18.6074 13.5191 13
      vertex 18.6074 13.5191 3
    endloop
  endfacet
  facet normal 0.860718 -0.509081 0
    outer loop
      vertex 19.4195 -12.324 13
      vertex 20.1551 -11.0803 3
      vertex 20.1551 -11.0803 13
    endloop
  endfacet
  facet normal 0.860718 -0.509081 0
    outer loop
      vertex 20.1551 -11.0803 3
      vertex 19.4195 -12.324 13
      vertex 19.4195 -12.324 3
    endloop
  endfacet
  facet normal 0.218147 0.975916 -0
    outer loop
      vertex 5.71987 22.2774 3
      vertex 4.30977 22.5926 13
      vertex 5.71987 22.2774 13
    endloop
  endfacet
  facet normal 0.218147 0.975916 0
    outer loop
      vertex 4.30977 22.5926 13
      vertex 5.71987 22.2774 3
      vertex 4.30977 22.5926 3
    endloop
  endfacet
  facet normal -0.960296 0.278984 0
    outer loop
      vertex -22.2774 5.71987 3
      vertex -21.8743 7.10739 13
      vertex -21.8743 7.10739 3
    endloop
  endfacet
  facet normal -0.960296 0.278984 0
    outer loop
      vertex -21.8743 7.10739 13
      vertex -22.2774 5.71987 3
      vertex -22.2774 5.71987 13
    endloop
  endfacet
  facet normal 0.661313 0.75011 -0
    outer loop
      vertex 15.7446 16.7663 3
      vertex 14.6608 17.7218 13
      vertex 15.7446 16.7663 13
    endloop
  endfacet
  facet normal 0.661313 0.75011 0
    outer loop
      vertex 14.6608 17.7218 13
      vertex 15.7446 16.7663 3
      vertex 14.6608 17.7218 3
    endloop
  endfacet
  facet normal 0.790153 -0.61291 0
    outer loop
      vertex 17.7218 -14.6608 13
      vertex 18.6074 -13.5191 3
      vertex 18.6074 -13.5191 13
    endloop
  endfacet
  facet normal 0.790153 -0.61291 0
    outer loop
      vertex 18.6074 -13.5191 3
      vertex 17.7218 -14.6608 13
      vertex 17.7218 -14.6608 3
    endloop
  endfacet
  facet normal 0.917739 0.397184 0
    outer loop
      vertex 21.3849 8.46686 13
      vertex 20.811 9.79292 3
      vertex 20.811 9.79292 13
    endloop
  endfacet
  facet normal 0.917739 0.397184 0
    outer loop
      vertex 20.811 9.79292 3
      vertex 21.3849 8.46686 13
      vertex 21.3849 8.46686 3
    endloop
  endfacet
  facet normal -0.0941245 0.99556 0
    outer loop
      vertex -1.44418 22.9546 3
      vertex -2.88266 22.8186 13
      vertex -1.44418 22.9546 13
    endloop
  endfacet
  facet normal -0.0941245 0.99556 0
    outer loop
      vertex -2.88266 22.8186 13
      vertex -1.44418 22.9546 3
      vertex -2.88266 22.8186 3
    endloop
  endfacet
  facet normal 0.960296 -0.278984 0
    outer loop
      vertex 21.8743 -7.10739 13
      vertex 22.2774 -5.71987 3
      vertex 22.2774 -5.71987 13
    endloop
  endfacet
  facet normal 0.960296 -0.278984 0
    outer loop
      vertex 22.2774 -5.71987 3
      vertex 21.8743 -7.10739 13
      vertex 21.8743 -7.10739 3
    endloop
  endfacet
  facet normal 0.827109 0.562041 0
    outer loop
      vertex 19.4195 12.324 13
      vertex 18.6074 13.5191 3
      vertex 18.6074 13.5191 13
    endloop
  endfacet
  facet normal 0.827109 0.562041 0
    outer loop
      vertex 18.6074 13.5191 3
      vertex 19.4195 12.324 13
      vertex 19.4195 12.324 3
    endloop
  endfacet
  facet normal -0.661313 0.75011 0
    outer loop
      vertex -14.6608 17.7218 3
      vertex -15.7446 16.7663 13
      vertex -14.6608 17.7218 13
    endloop
  endfacet
  facet normal -0.661313 0.75011 0
    outer loop
      vertex -15.7446 16.7663 13
      vertex -14.6608 17.7218 3
      vertex -15.7446 16.7663 3
    endloop
  endfacet
  facet normal -0.509081 0.860718 0
    outer loop
      vertex -11.0803 20.1551 3
      vertex -12.324 19.4195 13
      vertex -11.0803 20.1551 13
    endloop
  endfacet
  facet normal -0.509081 0.860718 0
    outer loop
      vertex -12.324 19.4195 13
      vertex -11.0803 20.1551 3
      vertex -12.324 19.4195 3
    endloop
  endfacet
  facet normal -0.218147 -0.975916 0
    outer loop
      vertex -5.71987 -22.2774 3
      vertex -4.30977 -22.5926 13
      vertex -5.71987 -22.2774 13
    endloop
  endfacet
  facet normal -0.218147 -0.975916 -0
    outer loop
      vertex -4.30977 -22.5926 13
      vertex -5.71987 -22.2774 3
      vertex -4.30977 -22.5926 3
    endloop
  endfacet
  facet normal -0.790153 0.61291 0
    outer loop
      vertex -18.6074 13.5191 3
      vertex -17.7218 14.6608 13
      vertex -17.7218 14.6608 3
    endloop
  endfacet
  facet normal -0.790153 0.61291 0
    outer loop
      vertex -17.7218 14.6608 13
      vertex -18.6074 13.5191 3
      vertex -18.6074 13.5191 13
    endloop
  endfacet
  facet normal -0.940889 -0.338714 0
    outer loop
      vertex -21.3849 -8.46686 3
      vertex -21.8743 -7.10739 13
      vertex -21.8743 -7.10739 3
    endloop
  endfacet
  facet normal -0.940889 -0.338714 0
    outer loop
      vertex -21.8743 -7.10739 13
      vertex -21.3849 -8.46686 3
      vertex -21.3849 -8.46686 13
    endloop
  endfacet
  facet normal 0.397184 -0.917739 0
    outer loop
      vertex 8.46686 -21.3849 3
      vertex 9.79292 -20.811 13
      vertex 8.46686 -21.3849 13
    endloop
  endfacet
  facet normal 0.397184 -0.917739 0
    outer loop
      vertex 9.79292 -20.811 13
      vertex 8.46686 -21.3849 3
      vertex 9.79292 -20.811 3
    endloop
  endfacet
  facet normal -0.156413 -0.987692 0
    outer loop
      vertex -4.30977 -22.5926 3
      vertex -2.88266 -22.8186 13
      vertex -4.30977 -22.5926 13
    endloop
  endfacet
  facet normal -0.156413 -0.987692 -0
    outer loop
      vertex -2.88266 -22.8186 13
      vertex -4.30977 -22.5926 3
      vertex -2.88266 -22.8186 3
    endloop
  endfacet
  facet normal -0.338714 0.940889 0
    outer loop
      vertex -7.10739 21.8743 3
      vertex -8.46686 21.3849 13
      vertex -7.10739 21.8743 13
    endloop
  endfacet
  facet normal -0.338714 0.940889 0
    outer loop
      vertex -8.46686 21.3849 13
      vertex -7.10739 21.8743 3
      vertex -8.46686 21.3849 3
    endloop
  endfacet
  facet normal -0.987692 0.156413 0
    outer loop
      vertex -22.8186 2.88266 3
      vertex -22.5926 4.30977 13
      vertex -22.5926 4.30977 3
    endloop
  endfacet
  facet normal -0.987692 0.156413 0
    outer loop
      vertex -22.5926 4.30977 13
      vertex -22.8186 2.88266 3
      vertex -22.8186 2.88266 13
    endloop
  endfacet
  facet normal -0.278984 -0.960296 0
    outer loop
      vertex -7.10739 -21.8743 3
      vertex -5.71987 -22.2774 13
      vertex -7.10739 -21.8743 13
    endloop
  endfacet
  facet normal -0.278984 -0.960296 -0
    outer loop
      vertex -5.71987 -22.2774 13
      vertex -7.10739 -21.8743 3
      vertex -5.71987 -22.2774 3
    endloop
  endfacet
  facet normal 0.975916 0.218147 0
    outer loop
      vertex 22.5926 4.30977 13
      vertex 22.2774 5.71987 3
      vertex 22.2774 5.71987 13
    endloop
  endfacet
  facet normal 0.975916 0.218147 0
    outer loop
      vertex 22.2774 5.71987 3
      vertex 22.5926 4.30977 13
      vertex 22.5926 4.30977 3
    endloop
  endfacet
  facet normal -0.562041 -0.827109 0
    outer loop
      vertex -13.5191 -18.6074 3
      vertex -12.324 -19.4195 13
      vertex -13.5191 -18.6074 13
    endloop
  endfacet
  facet normal -0.562041 -0.827109 -0
    outer loop
      vertex -12.324 -19.4195 13
      vertex -13.5191 -18.6074 3
      vertex -12.324 -19.4195 3
    endloop
  endfacet
  facet normal 0.917739 -0.397184 0
    outer loop
      vertex 20.811 -9.79292 13
      vertex 21.3849 -8.46686 3
      vertex 21.3849 -8.46686 13
    endloop
  endfacet
  facet normal 0.917739 -0.397184 0
    outer loop
      vertex 21.3849 -8.46686 3
      vertex 20.811 -9.79292 13
      vertex 20.811 -9.79292 3
    endloop
  endfacet
  facet normal 0.61291 0.790153 -0
    outer loop
      vertex 14.6608 17.7218 3
      vertex 13.5191 18.6074 13
      vertex 14.6608 17.7218 13
    endloop
  endfacet
  facet normal 0.61291 0.790153 0
    outer loop
      vertex 13.5191 18.6074 13
      vertex 14.6608 17.7218 3
      vertex 13.5191 18.6074 3
    endloop
  endfacet
  facet normal -0.661313 -0.75011 0
    outer loop
      vertex -15.7446 -16.7663 3
      vertex -14.6608 -17.7218 13
      vertex -15.7446 -16.7663 13
    endloop
  endfacet
  facet normal -0.661313 -0.75011 -0
    outer loop
      vertex -14.6608 -17.7218 13
      vertex -15.7446 -16.7663 3
      vertex -14.6608 -17.7218 3
    endloop
  endfacet
  facet normal -0.707107 0.707107 0
    outer loop
      vertex -16.7663 15.7446 3
      vertex -15.7446 16.7663 13
      vertex -15.7446 16.7663 3
    endloop
  endfacet
  facet normal -0.707107 0.707107 0
    outer loop
      vertex -15.7446 16.7663 13
      vertex -16.7663 15.7446 3
      vertex -16.7663 15.7446 13
    endloop
  endfacet
  facet normal 0.453961 -0.891021 0
    outer loop
      vertex 9.79292 -20.811 3
      vertex 11.0803 -20.1551 13
      vertex 9.79292 -20.811 13
    endloop
  endfacet
  facet normal 0.453961 -0.891021 0
    outer loop
      vertex 11.0803 -20.1551 13
      vertex 9.79292 -20.811 3
      vertex 11.0803 -20.1551 3
    endloop
  endfacet
  facet normal 0.891021 0.453961 0
    outer loop
      vertex 20.811 9.79292 13
      vertex 20.1551 11.0803 3
      vertex 20.1551 11.0803 13
    endloop
  endfacet
  facet normal 0.891021 0.453961 0
    outer loop
      vertex 20.1551 11.0803 3
      vertex 20.811 9.79292 13
      vertex 20.811 9.79292 3
    endloop
  endfacet
  facet normal 0.61291 -0.790153 0
    outer loop
      vertex 13.5191 -18.6074 3
      vertex 14.6608 -17.7218 13
      vertex 13.5191 -18.6074 13
    endloop
  endfacet
  facet normal 0.61291 -0.790153 0
    outer loop
      vertex 14.6608 -17.7218 13
      vertex 13.5191 -18.6074 3
      vertex 14.6608 -17.7218 3
    endloop
  endfacet
  facet normal 0.397184 0.917739 -0
    outer loop
      vertex 9.79292 20.811 3
      vertex 8.46686 21.3849 13
      vertex 9.79292 20.811 13
    endloop
  endfacet
  facet normal 0.397184 0.917739 0
    outer loop
      vertex 8.46686 21.3849 13
      vertex 9.79292 20.811 3
      vertex 8.46686 21.3849 3
    endloop
  endfacet
  facet normal -0.827109 0.562041 0
    outer loop
      vertex -19.4195 12.324 3
      vertex -18.6074 13.5191 13
      vertex -18.6074 13.5191 3
    endloop
  endfacet
  facet normal -0.827109 0.562041 0
    outer loop
      vertex -18.6074 13.5191 13
      vertex -19.4195 12.324 3
      vertex -19.4195 12.324 13
    endloop
  endfacet
  facet normal 0.278984 0.960296 -0
    outer loop
      vertex 7.10739 21.8743 3
      vertex 5.71987 22.2774 13
      vertex 7.10739 21.8743 13
    endloop
  endfacet
  facet normal 0.278984 0.960296 0
    outer loop
      vertex 5.71987 22.2774 13
      vertex 7.10739 21.8743 3
      vertex 5.71987 22.2774 3
    endloop
  endfacet
  facet normal -0.0941245 -0.99556 0
    outer loop
      vertex -2.88266 -22.8186 3
      vertex -1.44418 -22.9546 13
      vertex -2.88266 -22.8186 13
    endloop
  endfacet
  facet normal -0.0941245 -0.99556 -0
    outer loop
      vertex -1.44418 -22.9546 13
      vertex -2.88266 -22.8186 3
      vertex -1.44418 -22.9546 3
    endloop
  endfacet
  facet normal 0.031421 0.999506 -0
    outer loop
      vertex 1.44418 22.9546 3
      vertex 0 23 13
      vertex 1.44418 22.9546 13
    endloop
  endfacet
  facet normal 0.031421 0.999506 0
    outer loop
      vertex 0 23 13
      vertex 1.44418 22.9546 3
      vertex 0 23 3
    endloop
  endfacet
  facet normal -0.562041 0.827109 0
    outer loop
      vertex -12.324 19.4195 3
      vertex -13.5191 18.6074 13
      vertex -12.324 19.4195 13
    endloop
  endfacet
  facet normal -0.562041 0.827109 0
    outer loop
      vertex -13.5191 18.6074 13
      vertex -12.324 19.4195 3
      vertex -13.5191 18.6074 3
    endloop
  endfacet
  facet normal -0.61291 -0.790153 0
    outer loop
      vertex -14.6608 -17.7218 3
      vertex -13.5191 -18.6074 13
      vertex -14.6608 -17.7218 13
    endloop
  endfacet
  facet normal -0.61291 -0.790153 -0
    outer loop
      vertex -13.5191 -18.6074 13
      vertex -14.6608 -17.7218 3
      vertex -13.5191 -18.6074 3
    endloop
  endfacet
  facet normal 0.960296 0.278984 0
    outer loop
      vertex 22.2774 5.71987 13
      vertex 21.8743 7.10739 3
      vertex 21.8743 7.10739 13
    endloop
  endfacet
  facet normal 0.960296 0.278984 0
    outer loop
      vertex 21.8743 7.10739 3
      vertex 22.2774 5.71987 13
      vertex 22.2774 5.71987 3
    endloop
  endfacet
  facet normal 0.562041 0.827109 -0
    outer loop
      vertex 13.5191 18.6074 3
      vertex 12.324 19.4195 13
      vertex 13.5191 18.6074 13
    endloop
  endfacet
  facet normal 0.562041 0.827109 0
    outer loop
      vertex 12.324 19.4195 13
      vertex 13.5191 18.6074 3
      vertex 12.324 19.4195 3
    endloop
  endfacet
  facet normal -0.278984 0.960296 0
    outer loop
      vertex -5.71987 22.2774 3
      vertex -7.10739 21.8743 13
      vertex -5.71987 22.2774 13
    endloop
  endfacet
  facet normal -0.278984 0.960296 0
    outer loop
      vertex -7.10739 21.8743 13
      vertex -5.71987 22.2774 3
      vertex -7.10739 21.8743 3
    endloop
  endfacet
  facet normal 0.940889 -0.338714 0
    outer loop
      vertex 21.3849 -8.46686 13
      vertex 21.8743 -7.10739 3
      vertex 21.8743 -7.10739 13
    endloop
  endfacet
  facet normal 0.940889 -0.338714 0
    outer loop
      vertex 21.8743 -7.10739 3
      vertex 21.3849 -8.46686 13
      vertex 21.3849 -8.46686 3
    endloop
  endfacet
  facet normal -0.031421 0.999506 0
    outer loop
      vertex 0 23 3
      vertex -1.44418 22.9546 13
      vertex 0 23 13
    endloop
  endfacet
  facet normal -0.031421 0.999506 0
    outer loop
      vertex -1.44418 22.9546 13
      vertex 0 23 3
      vertex -1.44418 22.9546 3
    endloop
  endfacet
  facet normal 0.975916 -0.218147 0
    outer loop
      vertex 22.2774 -5.71987 13
      vertex 22.5926 -4.30977 3
      vertex 22.5926 -4.30977 13
    endloop
  endfacet
  facet normal 0.975916 -0.218147 0
    outer loop
      vertex 22.5926 -4.30977 3
      vertex 22.2774 -5.71987 13
      vertex 22.2774 -5.71987 3
    endloop
  endfacet
  facet normal 0.156413 -0.987692 0
    outer loop
      vertex 2.88266 -22.8186 3
      vertex 4.30977 -22.5926 13
      vertex 2.88266 -22.8186 13
    endloop
  endfacet
  facet normal 0.156413 -0.987692 0
    outer loop
      vertex 4.30977 -22.5926 13
      vertex 2.88266 -22.8186 3
      vertex 4.30977 -22.5926 3
    endloop
  endfacet
  facet normal -0.218147 0.975916 0
    outer loop
      vertex -4.30977 22.5926 3
      vertex -5.71987 22.2774 13
      vertex -4.30977 22.5926 13
    endloop
  endfacet
  facet normal -0.218147 0.975916 0
    outer loop
      vertex -5.71987 22.2774 13
      vertex -4.30977 22.5926 3
      vertex -5.71987 22.2774 3
    endloop
  endfacet
  facet normal 0.0941245 0.99556 -0
    outer loop
      vertex 2.88266 22.8186 3
      vertex 1.44418 22.9546 13
      vertex 2.88266 22.8186 13
    endloop
  endfacet
  facet normal 0.0941245 0.99556 0
    outer loop
      vertex 1.44418 22.9546 13
      vertex 2.88266 22.8186 3
      vertex 1.44418 22.9546 3
    endloop
  endfacet
  facet normal 0.987692 -0.156413 0
    outer loop
      vertex 22.5926 -4.30977 13
      vertex 22.8186 -2.88266 3
      vertex 22.8186 -2.88266 13
    endloop
  endfacet
  facet normal 0.987692 -0.156413 0
    outer loop
      vertex 22.8186 -2.88266 3
      vertex 22.5926 -4.30977 13
      vertex 22.5926 -4.30977 3
    endloop
  endfacet
  facet normal 0.509081 0.860718 -0
    outer loop
      vertex 12.324 19.4195 3
      vertex 11.0803 20.1551 13
      vertex 12.324 19.4195 13
    endloop
  endfacet
  facet normal 0.509081 0.860718 0
    outer loop
      vertex 11.0803 20.1551 13
      vertex 12.324 19.4195 3
      vertex 11.0803 20.1551 3
    endloop
  endfacet
  facet normal 0.031421 -0.999506 0
    outer loop
      vertex 0 -23 3
      vertex 1.44418 -22.9546 13
      vertex 0 -23 13
    endloop
  endfacet
  facet normal 0.031421 -0.999506 0
    outer loop
      vertex 1.44418 -22.9546 13
      vertex 0 -23 3
      vertex 1.44418 -22.9546 3
    endloop
  endfacet
  facet normal 0.827109 -0.562041 0
    outer loop
      vertex 18.6074 -13.5191 13
      vertex 19.4195 -12.324 3
      vertex 19.4195 -12.324 13
    endloop
  endfacet
  facet normal 0.827109 -0.562041 0
    outer loop
      vertex 19.4195 -12.324 3
      vertex 18.6074 -13.5191 13
      vertex 18.6074 -13.5191 3
    endloop
  endfacet
  facet normal -0.99556 -0.0941245 0
    outer loop
      vertex -22.8186 -2.88266 3
      vertex -22.9546 -1.44418 13
      vertex -22.9546 -1.44418 3
    endloop
  endfacet
  facet normal -0.99556 -0.0941245 0
    outer loop
      vertex -22.9546 -1.44418 13
      vertex -22.8186 -2.88266 3
      vertex -22.8186 -2.88266 13
    endloop
  endfacet
  facet normal 0.860718 0.509081 0
    outer loop
      vertex 20.1551 11.0803 13
      vertex 19.4195 12.324 3
      vertex 19.4195 12.324 13
    endloop
  endfacet
  facet normal 0.860718 0.509081 0
    outer loop
      vertex 19.4195 12.324 3
      vertex 20.1551 11.0803 13
      vertex 20.1551 11.0803 3
    endloop
  endfacet
  facet normal -0.975916 0.218147 0
    outer loop
      vertex -22.5926 4.30977 3
      vertex -22.2774 5.71987 13
      vertex -22.2774 5.71987 3
    endloop
  endfacet
  facet normal -0.975916 0.218147 0
    outer loop
      vertex -22.2774 5.71987 13
      vertex -22.5926 4.30977 3
      vertex -22.5926 4.30977 13
    endloop
  endfacet
  facet normal 0.338714 -0.940889 0
    outer loop
      vertex 7.10739 -21.8743 3
      vertex 8.46686 -21.3849 13
      vertex 7.10739 -21.8743 13
    endloop
  endfacet
  facet normal 0.338714 -0.940889 0
    outer loop
      vertex 8.46686 -21.3849 13
      vertex 7.10739 -21.8743 3
      vertex 8.46686 -21.3849 3
    endloop
  endfacet
  facet normal 0.278984 -0.960296 0
    outer loop
      vertex 5.71987 -22.2774 3
      vertex 7.10739 -21.8743 13
      vertex 5.71987 -22.2774 13
    endloop
  endfacet
  facet normal 0.278984 -0.960296 0
    outer loop
      vertex 7.10739 -21.8743 13
      vertex 5.71987 -22.2774 3
      vertex 7.10739 -21.8743 3
    endloop
  endfacet
  facet normal 0 0 1
    outer loop
      vertex 3.3 0 13
      vertex 23 0 13
      vertex 22.9546 1.44418 13
    endloop
  endfacet
  facet normal 0 0 1
    outer loop
      vertex 3.29349 0.207209 13
      vertex 22.9546 1.44418 13
      vertex 22.8186 2.88266 13
    endloop
  endfacet
  facet normal 0 0 1
    outer loop
      vertex 23 0 13
      vertex 3.3 0 13
      vertex 22.9546 -1.44418 13
    endloop
  endfacet
  facet normal 0 0 1
    outer loop
      vertex 3.27398 0.413599 13
      vertex 22.8186 2.88266 13
      vertex 22.5926 4.30977 13
    endloop
  endfacet
  facet normal -0 0 1
    outer loop
      vertex 3.29349 -0.207209 13
      vertex 22.9546 -1.44418 13
      vertex 3.3 0 13
    endloop
  endfacet
  facet normal 0 0 1
    outer loop
      vertex 3.24155 0.618358 13
      vertex 22.5926 4.30977 13
      vertex 22.2774 5.71987 13
    endloop
  endfacet
  facet normal 0 0 1
    outer loop
      vertex 22.9546 -1.44418 13
      vertex 3.29349 -0.207209 13
      vertex 22.8186 -2.88266 13
    endloop
  endfacet
  facet normal 0 0 1
    outer loop
      vertex 3.19632 0.820676 13
      vertex 22.2774 5.71987 13
      vertex 21.8743 7.10739 13
    endloop
  endfacet
  facet normal -0 0 1
    outer loop
      vertex 3.27398 -0.413599 13
      vertex 22.8186 -2.88266 13
      vertex 3.29349 -0.207209 13
    endloop
  endfacet
  facet normal 0 0 1
    outer loop
      vertex 3.13849 1.01976 13
      vertex 21.8743 7.10739 13
      vertex 21.3849 8.46686 13
    endloop
  endfacet
  facet normal 0 0 1
    outer loop
      vertex 22.8186 -2.88266 13
      vertex 3.27398 -0.413599 13
      vertex 22.5926 -4.30977 13
    endloop
  endfacet
  facet normal 0 0 1
    outer loop
      vertex 3.06826 1.21481 13
      vertex 21.3849 8.46686 13
      vertex 20.811 9.79292 13
    endloop
  endfacet
  facet normal -0 0 1
    outer loop
      vertex 3.24155 -0.618358 13
      vertex 22.5926 -4.30977 13
      vertex 3.27398 -0.413599 13
    endloop
  endfacet
  facet normal 0 0 1
    outer loop
      vertex 2.98593 1.40507 13
      vertex 20.811 9.79292 13
      vertex 20.1551 11.0803 13
    endloop
  endfacet
  facet normal 0 0 1
    outer loop
      vertex 22.5926 -4.30977 13
      vertex 3.24155 -0.618358 13
      vertex 22.2774 -5.71987 13
    endloop
  endfacet
  facet normal 0 0 1
    outer loop
      vertex 2.89181 1.58979 13
      vertex 20.1551 11.0803 13
      vertex 19.4195 12.324 13
    endloop
  endfacet
  facet normal -0 0 1
    outer loop
      vertex 3.19632 -0.820676 13
      vertex 22.2774 -5.71987 13
      vertex 3.24155 -0.618358 13
    endloop
  endfacet
  facet normal 0 0 1
    outer loop
      vertex 2.78628 1.76823 13
      vertex 19.4195 12.324 13
      vertex 18.6074 13.5191 13
    endloop
  endfacet
  facet normal 0 0 1
    outer loop
      vertex 22.2774 -5.71987 13
      vertex 3.19632 -0.820676 13
      vertex 21.8743 -7.10739 13
    endloop
  endfacet
  facet normal 0 0 1
    outer loop
      vertex 2.66976 1.93969 13
      vertex 18.6074 13.5191 13
      vertex 17.7218 14.6608 13
    endloop
  endfacet
  facet normal -0 0 1
    outer loop
      vertex 3.13849 -1.01976 13
      vertex 21.8743 -7.10739 13
      vertex 3.19632 -0.820676 13
    endloop
  endfacet
  facet normal 0 0 1
    outer loop
      vertex 2.54269 2.1035 13
      vertex 17.7218 14.6608 13
      vertex 16.7663 15.7446 13
    endloop
  endfacet
  facet normal 0 0 1
    outer loop
      vertex 21.8743 -7.10739 13
      vertex 3.13849 -1.01976 13
      vertex 21.3849 -8.46686 13
    endloop
  endfacet
  facet normal 0 0 1
    outer loop
      vertex 2.4056 2.259 13
      vertex 16.7663 15.7446 13
      vertex 15.7446 16.7663 13
    endloop
  endfacet
  facet normal -0 0 1
    outer loop
      vertex 3.06826 -1.21481 13
      vertex 21.3849 -8.46686 13
      vertex 3.13849 -1.01976 13
    endloop
  endfacet
  facet normal 0 0 1
    outer loop
      vertex 2.259 2.4056 13
      vertex 15.7446 16.7663 13
      vertex 14.6608 17.7218 13
    endloop
  endfacet
  facet normal 0 0 1
    outer loop
      vertex 21.3849 -8.46686 13
      vertex 3.06826 -1.21481 13
      vertex 20.811 -9.79292 13
    endloop
  endfacet
  facet normal 0 0 1
    outer loop
      vertex 2.1035 2.54269 13
      vertex 14.6608 17.7218 13
      vertex 13.5191 18.6074 13
    endloop
  endfacet
  facet normal -0 0 1
    outer loop
      vertex 2.98593 -1.40507 13
      vertex 20.811 -9.79292 13
      vertex 3.06826 -1.21481 13
    endloop
  endfacet
  facet normal 0 0 1
    outer loop
      vertex 1.93969 2.66976 13
      vertex 13.5191 18.6074 13
      vertex 12.324 19.4195 13
    endloop
  endfacet
  facet normal 0 0 1
    outer loop
      vertex 20.811 -9.79292 13
      vertex 2.98593 -1.40507 13
      vertex 20.1551 -11.0803 13
    endloop
  endfacet
  facet normal 0 0 1
    outer loop
      vertex 1.76823 2.78628 13
      vertex 12.324 19.4195 13
      vertex 11.0803 20.1551 13
    endloop
  endfacet
  facet normal -0 0 1
    outer loop
      vertex 2.89181 -1.58979 13
      vertex 20.1551 -11.0803 13
      vertex 2.98593 -1.40507 13
    endloop
  endfacet
  facet normal 0 0 1
    outer loop
      vertex 1.58979 2.89181 13
      vertex 11.0803 20.1551 13
      vertex 9.79292 20.811 13
    endloop
  endfacet
  facet normal 0 0 1
    outer loop
      vertex 20.1551 -11.0803 13
      vertex 2.89181 -1.58979 13
      vertex 19.4195 -12.324 13
    endloop
  endfacet
  facet normal 0 0 1
    outer loop
      vertex 1.40507 2.98593 13
      vertex 9.79292 20.811 13
      vertex 8.46686 21.3849 13
    endloop
  endfacet
  facet normal -0 0 1
    outer loop
      vertex 2.78628 -1.76823 13
      vertex 19.4195 -12.324 13
      vertex 2.89181 -1.58979 13
    endloop
  endfacet
  facet normal 0 0 1
    outer loop
      vertex 1.21481 3.06826 13
      vertex 8.46686 21.3849 13
      vertex 7.10739 21.8743 13
    endloop
  endfacet
  facet normal 0 0 1
    outer loop
      vertex 19.4195 -12.324 13
      vertex 2.78628 -1.76823 13
      vertex 18.6074 -13.5191 13
    endloop
  endfacet
  facet normal 0 0 1
    outer loop
      vertex 1.01976 3.13849 13
      vertex 7.10739 21.8743 13
      vertex 5.71987 22.2774 13
    endloop
  endfacet
  facet normal -0 0 1
    outer loop
      vertex 2.66976 -1.93969 13
      vertex 18.6074 -13.5191 13
      vertex 2.78628 -1.76823 13
    endloop
  endfacet
  facet normal 0 0 1
    outer loop
      vertex 0.820676 3.19632 13
      vertex 5.71987 22.2774 13
      vertex 4.30977 22.5926 13
    endloop
  endfacet
  facet normal 0 0 1
    outer loop
      vertex 18.6074 -13.5191 13
      vertex 2.66976 -1.93969 13
      vertex 17.7218 -14.6608 13
    endloop
  endfacet
  facet normal -0 0 1
    outer loop
      vertex 2.54269 -2.1035 13
      vertex 17.7218 -14.6608 13
      vertex 2.66976 -1.93969 13
    endloop
  endfacet
  facet normal 0 0 1
    outer loop
      vertex 22.9546 1.44418 13
      vertex 3.29349 0.207209 13
      vertex 3.3 0 13
    endloop
  endfacet
  facet normal 0 0 1
    outer loop
      vertex 22.8186 2.88266 13
      vertex 3.27398 0.413599 13
      vertex 3.29349 0.207209 13
    endloop
  endfacet
  facet normal 0 0 1
    outer loop
      vertex 22.5926 4.30977 13
      vertex 3.24155 0.618358 13
      vertex 3.27398 0.413599 13
    endloop
  endfacet
  facet normal 0 0 1
    outer loop
      vertex 22.2774 5.71987 13
      vertex 3.19632 0.820676 13
      vertex 3.24155 0.618358 13
    endloop
  endfacet
  facet normal 0 0 1
    outer loop
      vertex 21.8743 7.10739 13
      vertex 3.13849 1.01976 13
      vertex 3.19632 0.820676 13
    endloop
  endfacet
  facet normal 0 0 1
    outer loop
      vertex 21.3849 8.46686 13
      vertex 3.06826 1.21481 13
      vertex 3.13849 1.01976 13
    endloop
  endfacet
  facet normal 0 0 1
    outer loop
      vertex 20.811 9.79292 13
      vertex 2.98593 1.40507 13
      vertex 3.06826 1.21481 13
    endloop
  endfacet
  facet normal 0 0 1
    outer loop
      vertex 20.1551 11.0803 13
      vertex 2.89181 1.58979 13
      vertex 2.98593 1.40507 13
    endloop
  endfacet
  facet normal 0 0 1
    outer loop
      vertex 0.618358 3.24155 13
      vertex 4.30977 22.5926 13
      vertex 2.88266 22.8186 13
    endloop
  endfacet
  facet normal 0 0 1
    outer loop
      vertex 19.4195 12.324 13
      vertex 2.78628 1.76823 13
      vertex 2.89181 1.58979 13
    endloop
  endfacet
  facet normal 0 0 1
    outer loop
      vertex 18.6074 13.5191 13
      vertex 2.66976 1.93969 13
      vertex 2.78628 1.76823 13
    endloop
  endfacet
  facet normal 0 0 1
    outer loop
      vertex 17.7218 14.6608 13
      vertex 2.54269 2.1035 13
      vertex 2.66976 1.93969 13
    endloop
  endfacet
  facet normal 0 0 1
    outer loop
      vertex 16.7663 15.7446 13
      vertex 2.4056 2.259 13
      vertex 2.54269 2.1035 13
    endloop
  endfacet
  facet normal 0 0 1
    outer loop
      vertex 15.7446 16.7663 13
      vertex 2.259 2.4056 13
      vertex 2.4056 2.259 13
    endloop
  endfacet
  facet normal 0 0 1
    outer loop
      vertex 14.6608 17.7218 13
      vertex 2.1035 2.54269 13
      vertex 2.259 2.4056 13
    endloop
  endfacet
  facet normal 0 0 1
    outer loop
      vertex 13.5191 18.6074 13
      vertex 1.93969 2.66976 13
      vertex 2.1035 2.54269 13
    endloop
  endfacet
  facet normal 0 0 1
    outer loop
      vertex 12.324 19.4195 13
      vertex 1.76823 2.78628 13
      vertex 1.93969 2.66976 13
    endloop
  endfacet
  facet normal 0 0 1
    outer loop
      vertex 11.0803 20.1551 13
      vertex 1.58979 2.89181 13
      vertex 1.76823 2.78628 13
    endloop
  endfacet
  facet normal 0 0 1
    outer loop
      vertex 0.413599 3.27398 13
      vertex 2.88266 22.8186 13
      vertex 1.44418 22.9546 13
    endloop
  endfacet
  facet normal 0 0 1
    outer loop
      vertex 9.79292 20.811 13
      vertex 1.40507 2.98593 13
      vertex 1.58979 2.89181 13
    endloop
  endfacet
  facet normal 0 0 1
    outer loop
      vertex 8.46686 21.3849 13
      vertex 1.21481 3.06826 13
      vertex 1.40507 2.98593 13
    endloop
  endfacet
  facet normal 0 0 1
    outer loop
      vertex 7.10739 21.8743 13
      vertex 1.01976 3.13849 13
      vertex 1.21481 3.06826 13
    endloop
  endfacet
  facet normal 0 0 1
    outer loop
      vertex 5.71987 22.2774 13
      vertex 0.820676 3.19632 13
      vertex 1.01976 3.13849 13
    endloop
  endfacet
  facet normal 0 0 1
    outer loop
      vertex 4.30977 22.5926 13
      vertex 0.618358 3.24155 13
      vertex 0.820676 3.19632 13
    endloop
  endfacet
  facet normal 0 0 1
    outer loop
      vertex 2.88266 22.8186 13
      vertex 0.413599 3.27398 13
      vertex 0.618358 3.24155 13
    endloop
  endfacet
  facet normal 0 0 1
    outer loop
      vertex 1.44418 22.9546 13
      vertex 0.207209 3.29349 13
      vertex 0.413599 3.27398 13
    endloop
  endfacet
  facet normal 0 0 1
    outer loop
      vertex 0 23 13
      vertex 0.207209 3.29349 13
      vertex 1.44418 22.9546 13
    endloop
  endfacet
  facet normal 0 0 1
    outer loop
      vertex 0 23 13
      vertex 0 3.3 13
      vertex 0.207209 3.29349 13
    endloop
  endfacet
  facet normal 0 0 1
    outer loop
      vertex 0 23 13
      vertex -0.207209 3.29349 13
      vertex 0 3.3 13
    endloop
  endfacet
  facet normal -0 0 1
    outer loop
      vertex -1.44418 22.9546 13
      vertex -0.207209 3.29349 13
      vertex 0 23 13
    endloop
  endfacet
  facet normal 0 0 1
    outer loop
      vertex -0.207209 3.29349 13
      vertex -1.44418 22.9546 13
      vertex -0.413599 3.27398 13
    endloop
  endfacet
  facet normal -0 0 1
    outer loop
      vertex -2.88266 22.8186 13
      vertex -0.413599 3.27398 13
      vertex -1.44418 22.9546 13
    endloop
  endfacet
  facet normal 0 0 1
    outer loop
      vertex -0.413599 3.27398 13
      vertex -2.88266 22.8186 13
      vertex -0.618358 3.24155 13
    endloop
  endfacet
  facet normal -0 0 1
    outer loop
      vertex -4.30977 22.5926 13
      vertex -0.618358 3.24155 13
      vertex -2.88266 22.8186 13
    endloop
  endfacet
  facet normal 0 0 1
    outer loop
      vertex -0.618358 3.24155 13
      vertex -4.30977 22.5926 13
      vertex -0.820676 3.19632 13
    endloop
  endfacet
  facet normal -0 0 1
    outer loop
      vertex -5.71987 22.2774 13
      vertex -0.820676 3.19632 13
      vertex -4.30977 22.5926 13
    endloop
  endfacet
  facet normal 0 0 1
    outer loop
      vertex -0.820676 3.19632 13
      vertex -5.71987 22.2774 13
      vertex -1.01976 3.13849 13
    endloop
  endfacet
  facet normal -0 0 1
    outer loop
      vertex -7.10739 21.8743 13
      vertex -1.01976 3.13849 13
      vertex -5.71987 22.2774 13
    endloop
  endfacet
  facet normal 0 0 1
    outer loop
      vertex -1.01976 3.13849 13
      vertex -7.10739 21.8743 13
      vertex -1.21481 3.06826 13
    endloop
  endfacet
  facet normal -0 0 1
    outer loop
      vertex -8.46686 21.3849 13
      vertex -1.21481 3.06826 13
      vertex -7.10739 21.8743 13
    endloop
  endfacet
  facet normal 0 0 1
    outer loop
      vertex -1.21481 3.06826 13
      vertex -8.46686 21.3849 13
      vertex -1.40507 2.98593 13
    endloop
  endfacet
  facet normal -0 0 1
    outer loop
      vertex -9.79292 20.811 13
      vertex -1.40507 2.98593 13
      vertex -8.46686 21.3849 13
    endloop
  endfacet
  facet normal 0 0 1
    outer loop
      vertex -1.40507 2.98593 13
      vertex -9.79292 20.811 13
      vertex -1.58979 2.89181 13
    endloop
  endfacet
  facet normal -0 0 1
    outer loop
      vertex -11.0803 20.1551 13
      vertex -1.58979 2.89181 13
      vertex -9.79292 20.811 13
    endloop
  endfacet
  facet normal 0 0 1
    outer loop
      vertex -1.58979 2.89181 13
      vertex -11.0803 20.1551 13
      vertex -1.76823 2.78628 13
    endloop
  endfacet
  facet normal -0 0 1
    outer loop
      vertex -12.324 19.4195 13
      vertex -1.76823 2.78628 13
      vertex -11.0803 20.1551 13
    endloop
  endfacet
  facet normal 0 0 1
    outer loop
      vertex -1.76823 2.78628 13
      vertex -12.324 19.4195 13
      vertex -1.93969 2.66976 13
    endloop
  endfacet
  facet normal -0 0 1
    outer loop
      vertex -13.5191 18.6074 13
      vertex -1.93969 2.66976 13
      vertex -12.324 19.4195 13
    endloop
  endfacet
  facet normal 0 0 1
    outer loop
      vertex -1.93969 2.66976 13
      vertex -13.5191 18.6074 13
      vertex -2.1035 2.54269 13
    endloop
  endfacet
  facet normal -0 0 1
    outer loop
      vertex -14.6608 17.7218 13
      vertex -2.1035 2.54269 13
      vertex -13.5191 18.6074 13
    endloop
  endfacet
  facet normal 0 0 1
    outer loop
      vertex -2.1035 2.54269 13
      vertex -14.6608 17.7218 13
      vertex -2.259 2.4056 13
    endloop
  endfacet
  facet normal -0 0 1
    outer loop
      vertex -15.7446 16.7663 13
      vertex -2.259 2.4056 13
      vertex -14.6608 17.7218 13
    endloop
  endfacet
  facet normal 0 0 1
    outer loop
      vertex -2.259 2.4056 13
      vertex -15.7446 16.7663 13
      vertex -2.4056 2.259 13
    endloop
  endfacet
  facet normal -0 0 1
    outer loop
      vertex -16.7663 15.7446 13
      vertex -2.4056 2.259 13
      vertex -15.7446 16.7663 13
    endloop
  endfacet
  facet normal 0 0 1
    outer loop
      vertex -2.4056 2.259 13
      vertex -16.7663 15.7446 13
      vertex -2.54269 2.1035 13
    endloop
  endfacet
  facet normal -0 0 1
    outer loop
      vertex -17.7218 14.6608 13
      vertex -2.54269 2.1035 13
      vertex -16.7663 15.7446 13
    endloop
  endfacet
  facet normal 0 0 1
    outer loop
      vertex 17.7218 -14.6608 13
      vertex 2.54269 -2.1035 13
      vertex 16.7663 -15.7446 13
    endloop
  endfacet
  facet normal -0 0 1
    outer loop
      vertex 2.4056 -2.259 13
      vertex 16.7663 -15.7446 13
      vertex 2.54269 -2.1035 13
    endloop
  endfacet
  facet normal 0 0 1
    outer loop
      vertex 16.7663 -15.7446 13
      vertex 2.4056 -2.259 13
      vertex 15.7446 -16.7663 13
    endloop
  endfacet
  facet normal -0 0 1
    outer loop
      vertex 2.259 -2.4056 13
      vertex 15.7446 -16.7663 13
      vertex 2.4056 -2.259 13
    endloop
  endfacet
  facet normal 0 0 1
    outer loop
      vertex 15.7446 -16.7663 13
      vertex 2.259 -2.4056 13
      vertex 14.6608 -17.7218 13
    endloop
  endfacet
  facet normal -0 0 1
    outer loop
      vertex 2.1035 -2.54269 13
      vertex 14.6608 -17.7218 13
      vertex 2.259 -2.4056 13
    endloop
  endfacet
  facet normal 0 0 1
    outer loop
      vertex 14.6608 -17.7218 13
      vertex 2.1035 -2.54269 13
      vertex 13.5191 -18.6074 13
    endloop
  endfacet
  facet normal -0 0 1
    outer loop
      vertex 1.93969 -2.66976 13
      vertex 13.5191 -18.6074 13
      vertex 2.1035 -2.54269 13
    endloop
  endfacet
  facet normal 0 0 1
    outer loop
      vertex 13.5191 -18.6074 13
      vertex 1.93969 -2.66976 13
      vertex 12.324 -19.4195 13
    endloop
  endfacet
  facet normal -0 0 1
    outer loop
      vertex 1.76823 -2.78628 13
      vertex 12.324 -19.4195 13
      vertex 1.93969 -2.66976 13
    endloop
  endfacet
  facet normal 0 0 1
    outer loop
      vertex 12.324 -19.4195 13
      vertex 1.76823 -2.78628 13
      vertex 11.0803 -20.1551 13
    endloop
  endfacet
  facet normal -0 0 1
    outer loop
      vertex 1.58979 -2.89181 13
      vertex 11.0803 -20.1551 13
      vertex 1.76823 -2.78628 13
    endloop
  endfacet
  facet normal 0 0 1
    outer loop
      vertex 11.0803 -20.1551 13
      vertex 1.58979 -2.89181 13
      vertex 9.79292 -20.811 13
    endloop
  endfacet
  facet normal -0 0 1
    outer loop
      vertex 1.40507 -2.98593 13
      vertex 9.79292 -20.811 13
      vertex 1.58979 -2.89181 13
    endloop
  endfacet
  facet normal 0 0 1
    outer loop
      vertex 9.79292 -20.811 13
      vertex 1.40507 -2.98593 13
      vertex 8.46686 -21.3849 13
    endloop
  endfacet
  facet normal -0 0 1
    outer loop
      vertex 1.21481 -3.06826 13
      vertex 8.46686 -21.3849 13
      vertex 1.40507 -2.98593 13
    endloop
  endfacet
  facet normal 0 0 1
    outer loop
      vertex 8.46686 -21.3849 13
      vertex 1.21481 -3.06826 13
      vertex 7.10739 -21.8743 13
    endloop
  endfacet
  facet normal -0 0 1
    outer loop
      vertex 1.01976 -3.13849 13
      vertex 7.10739 -21.8743 13
      vertex 1.21481 -3.06826 13
    endloop
  endfacet
  facet normal 0 0 1
    outer loop
      vertex 7.10739 -21.8743 13
      vertex 1.01976 -3.13849 13
      vertex 5.71987 -22.2774 13
    endloop
  endfacet
  facet normal -0 0 1
    outer loop
      vertex 0.820676 -3.19632 13
      vertex 5.71987 -22.2774 13
      vertex 1.01976 -3.13849 13
    endloop
  endfacet
  facet normal 0 0 1
    outer loop
      vertex 5.71987 -22.2774 13
      vertex 0.820676 -3.19632 13
      vertex 4.30977 -22.5926 13
    endloop
  endfacet
  facet normal -0 0 1
    outer loop
      vertex 0.618358 -3.24155 13
      vertex 4.30977 -22.5926 13
      vertex 0.820676 -3.19632 13
    endloop
  endfacet
  facet normal 0 0 1
    outer loop
      vertex 4.30977 -22.5926 13
      vertex 0.618358 -3.24155 13
      vertex 2.88266 -22.8186 13
    endloop
  endfacet
  facet normal -0 0 1
    outer loop
      vertex 0.413599 -3.27398 13
      vertex 2.88266 -22.8186 13
      vertex 0.618358 -3.24155 13
    endloop
  endfacet
  facet normal 0 0 1
    outer loop
      vertex 2.88266 -22.8186 13
      vertex 0.413599 -3.27398 13
      vertex 1.44418 -22.9546 13
    endloop
  endfacet
  facet normal -0 0 1
    outer loop
      vertex 0.207209 -3.29349 13
      vertex 1.44418 -22.9546 13
      vertex 0.413599 -3.27398 13
    endloop
  endfacet
  facet normal -0 0 1
    outer loop
      vertex 0 -3.3 13
      vertex 1.44418 -22.9546 13
      vertex 0.207209 -3.29349 13
    endloop
  endfacet
  facet normal 0 0 1
    outer loop
      vertex 0 -3.3 13
      vertex 0 -23 13
      vertex 1.44418 -22.9546 13
    endloop
  endfacet
  facet normal 0 0 1
    outer loop
      vertex -0.207209 -3.29349 13
      vertex 0 -23 13
      vertex 0 -3.3 13
    endloop
  endfacet
  facet normal 0 0 1
    outer loop
      vertex -1.44418 -22.9546 13
      vertex -0.207209 -3.29349 13
      vertex -0.413599 -3.27398 13
    endloop
  endfacet
  facet normal 0 0 1
    outer loop
      vertex -2.88266 -22.8186 13
      vertex -0.413599 -3.27398 13
      vertex -0.618358 -3.24155 13
    endloop
  endfacet
  facet normal 0 0 1
    outer loop
      vertex -4.30977 -22.5926 13
      vertex -0.618358 -3.24155 13
      vertex -0.820676 -3.19632 13
    endloop
  endfacet
  facet normal 0 0 1
    outer loop
      vertex -5.71987 -22.2774 13
      vertex -0.820676 -3.19632 13
      vertex -1.01976 -3.13849 13
    endloop
  endfacet
  facet normal 0 0 1
    outer loop
      vertex -7.10739 -21.8743 13
      vertex -1.01976 -3.13849 13
      vertex -1.21481 -3.06826 13
    endloop
  endfacet
  facet normal 0 0 1
    outer loop
      vertex -8.46686 -21.3849 13
      vertex -1.21481 -3.06826 13
      vertex -1.40507 -2.98593 13
    endloop
  endfacet
  facet normal 0 0 1
    outer loop
      vertex -0.207209 -3.29349 13
      vertex -1.44418 -22.9546 13
      vertex 0 -23 13
    endloop
  endfacet
  facet normal 0 0 1
    outer loop
      vertex -9.79292 -20.811 13
      vertex -1.40507 -2.98593 13
      vertex -1.58979 -2.89181 13
    endloop
  endfacet
  facet normal 0 0 1
    outer loop
      vertex -11.0803 -20.1551 13
      vertex -1.58979 -2.89181 13
      vertex -1.76823 -2.78628 13
    endloop
  endfacet
  facet normal 0 0 1
    outer loop
      vertex -12.324 -19.4195 13
      vertex -1.76823 -2.78628 13
      vertex -1.93969 -2.66976 13
    endloop
  endfacet
  facet normal 0 0 1
    outer loop
      vertex -13.5191 -18.6074 13
      vertex -1.93969 -2.66976 13
      vertex -2.1035 -2.54269 13
    endloop
  endfacet
  facet normal 0 0 1
    outer loop
      vertex -14.6608 -17.7218 13
      vertex -2.1035 -2.54269 13
      vertex -2.259 -2.4056 13
    endloop
  endfacet
  facet normal 0 0 1
    outer loop
      vertex -15.7446 -16.7663 13
      vertex -2.259 -2.4056 13
      vertex -2.4056 -2.259 13
    endloop
  endfacet
  facet normal 0 0 1
    outer loop
      vertex -16.7663 -15.7446 13
      vertex -2.4056 -2.259 13
      vertex -2.54269 -2.1035 13
    endloop
  endfacet
  facet normal 0 0 1
    outer loop
      vertex -17.7218 -14.6608 13
      vertex -2.54269 -2.1035 13
      vertex -2.66976 -1.93969 13
    endloop
  endfacet
  facet normal 0 0 1
    outer loop
      vertex -18.6074 -13.5191 13
      vertex -2.66976 -1.93969 13
      vertex -2.78628 -1.76823 13
    endloop
  endfacet
  facet normal 0 0 1
    outer loop
      vertex -0.413599 -3.27398 13
      vertex -2.88266 -22.8186 13
      vertex -1.44418 -22.9546 13
    endloop
  endfacet
  facet normal 0 0 1
    outer loop
      vertex -19.4195 -12.324 13
      vertex -2.78628 -1.76823 13
      vertex -2.89181 -1.58979 13
    endloop
  endfacet
  facet normal 0 0 1
    outer loop
      vertex -20.1551 -11.0803 13
      vertex -2.89181 -1.58979 13
      vertex -2.98593 -1.40507 13
    endloop
  endfacet
  facet normal 0 0 1
    outer loop
      vertex -20.811 -9.79292 13
      vertex -2.98593 -1.40507 13
      vertex -3.06826 -1.21481 13
    endloop
  endfacet
  facet normal 0 0 1
    outer loop
      vertex -21.3849 -8.46686 13
      vertex -3.06826 -1.21481 13
      vertex -3.13849 -1.01976 13
    endloop
  endfacet
  facet normal 0 0 1
    outer loop
      vertex -21.8743 -7.10739 13
      vertex -3.13849 -1.01976 13
      vertex -3.19632 -0.820676 13
    endloop
  endfacet
  facet normal 0 0 1
    outer loop
      vertex -22.2774 -5.71987 13
      vertex -3.19632 -0.820676 13
      vertex -3.24155 -0.618358 13
    endloop
  endfacet
  facet normal 0 0 1
    outer loop
      vertex -22.5926 -4.30977 13
      vertex -3.24155 -0.618358 13
      vertex -3.27398 -0.413599 13
    endloop
  endfacet
  facet normal 0 0 1
    outer loop
      vertex -22.8186 -2.88266 13
      vertex -3.27398 -0.413599 13
      vertex -3.29349 -0.207209 13
    endloop
  endfacet
  facet normal 0 0 1
    outer loop
      vertex -22.9546 -1.44418 13
      vertex -3.29349 -0.207209 13
      vertex -3.3 0 13
    endloop
  endfacet
  facet normal 0 0 1
    outer loop
      vertex -2.54269 2.1035 13
      vertex -17.7218 14.6608 13
      vertex -2.66976 1.93969 13
    endloop
  endfacet
  facet normal 0 0 1
    outer loop
      vertex -0.618358 -3.24155 13
      vertex -4.30977 -22.5926 13
      vertex -2.88266 -22.8186 13
    endloop
  endfacet
  facet normal -0 0 1
    outer loop
      vertex -18.6074 13.5191 13
      vertex -2.66976 1.93969 13
      vertex -17.7218 14.6608 13
    endloop
  endfacet
  facet normal 0 0 1
    outer loop
      vertex -0.820676 -3.19632 13
      vertex -5.71987 -22.2774 13
      vertex -4.30977 -22.5926 13
    endloop
  endfacet
  facet normal 0 0 1
    outer loop
      vertex -2.66976 1.93969 13
      vertex -18.6074 13.5191 13
      vertex -2.78628 1.76823 13
    endloop
  endfacet
  facet normal 0 0 1
    outer loop
      vertex -1.01976 -3.13849 13
      vertex -7.10739 -21.8743 13
      vertex -5.71987 -22.2774 13
    endloop
  endfacet
  facet normal -0 0 1
    outer loop
      vertex -19.4195 12.324 13
      vertex -2.78628 1.76823 13
      vertex -18.6074 13.5191 13
    endloop
  endfacet
  facet normal 0 0 1
    outer loop
      vertex -1.21481 -3.06826 13
      vertex -8.46686 -21.3849 13
      vertex -7.10739 -21.8743 13
    endloop
  endfacet
  facet normal 0 0 1
    outer loop
      vertex -2.78628 1.76823 13
      vertex -19.4195 12.324 13
      vertex -2.89181 1.58979 13
    endloop
  endfacet
  facet normal 0 0 1
    outer loop
      vertex -1.40507 -2.98593 13
      vertex -9.79292 -20.811 13
      vertex -8.46686 -21.3849 13
    endloop
  endfacet
  facet normal -0 0 1
    outer loop
      vertex -20.1551 11.0803 13
      vertex -2.89181 1.58979 13
      vertex -19.4195 12.324 13
    endloop
  endfacet
  facet normal 0 0 1
    outer loop
      vertex -1.58979 -2.89181 13
      vertex -11.0803 -20.1551 13
      vertex -9.79292 -20.811 13
    endloop
  endfacet
  facet normal 0 0 1
    outer loop
      vertex -2.89181 1.58979 13
      vertex -20.1551 11.0803 13
      vertex -2.98593 1.40507 13
    endloop
  endfacet
  facet normal 0 0 1
    outer loop
      vertex -1.76823 -2.78628 13
      vertex -12.324 -19.4195 13
      vertex -11.0803 -20.1551 13
    endloop
  endfacet
  facet normal -0 0 1
    outer loop
      vertex -20.811 9.79292 13
      vertex -2.98593 1.40507 13
      vertex -20.1551 11.0803 13
    endloop
  endfacet
  facet normal 0 0 1
    outer loop
      vertex -1.93969 -2.66976 13
      vertex -13.5191 -18.6074 13
      vertex -12.324 -19.4195 13
    endloop
  endfacet
  facet normal 0 0 1
    outer loop
      vertex -2.98593 1.40507 13
      vertex -20.811 9.79292 13
      vertex -3.06826 1.21481 13
    endloop
  endfacet
  facet normal 0 0 1
    outer loop
      vertex -2.1035 -2.54269 13
      vertex -14.6608 -17.7218 13
      vertex -13.5191 -18.6074 13
    endloop
  endfacet
  facet normal -0 0 1
    outer loop
      vertex -21.3849 8.46686 13
      vertex -3.06826 1.21481 13
      vertex -20.811 9.79292 13
    endloop
  endfacet
  facet normal 0 0 1
    outer loop
      vertex -2.259 -2.4056 13
      vertex -15.7446 -16.7663 13
      vertex -14.6608 -17.7218 13
    endloop
  endfacet
  facet normal 0 0 1
    outer loop
      vertex -3.06826 1.21481 13
      vertex -21.3849 8.46686 13
      vertex -3.13849 1.01976 13
    endloop
  endfacet
  facet normal 0 0 1
    outer loop
      vertex -2.4056 -2.259 13
      vertex -16.7663 -15.7446 13
      vertex -15.7446 -16.7663 13
    endloop
  endfacet
  facet normal -0 0 1
    outer loop
      vertex -21.8743 7.10739 13
      vertex -3.13849 1.01976 13
      vertex -21.3849 8.46686 13
    endloop
  endfacet
  facet normal 0 0 1
    outer loop
      vertex -2.54269 -2.1035 13
      vertex -17.7218 -14.6608 13
      vertex -16.7663 -15.7446 13
    endloop
  endfacet
  facet normal 0 0 1
    outer loop
      vertex -3.13849 1.01976 13
      vertex -21.8743 7.10739 13
      vertex -3.19632 0.820676 13
    endloop
  endfacet
  facet normal 0 0 1
    outer loop
      vertex -2.66976 -1.93969 13
      vertex -18.6074 -13.5191 13
      vertex -17.7218 -14.6608 13
    endloop
  endfacet
  facet normal -0 0 1
    outer loop
      vertex -22.2774 5.71987 13
      vertex -3.19632 0.820676 13
      vertex -21.8743 7.10739 13
    endloop
  endfacet
  facet normal 0 0 1
    outer loop
      vertex -2.78628 -1.76823 13
      vertex -19.4195 -12.324 13
      vertex -18.6074 -13.5191 13
    endloop
  endfacet
  facet normal 0 0 1
    outer loop
      vertex -3.19632 0.820676 13
      vertex -22.2774 5.71987 13
      vertex -3.24155 0.618358 13
    endloop
  endfacet
  facet normal 0 0 1
    outer loop
      vertex -2.89181 -1.58979 13
      vertex -20.1551 -11.0803 13
      vertex -19.4195 -12.324 13
    endloop
  endfacet
  facet normal -0 0 1
    outer loop
      vertex -22.5926 4.30977 13
      vertex -3.24155 0.618358 13
      vertex -22.2774 5.71987 13
    endloop
  endfacet
  facet normal 0 0 1
    outer loop
      vertex -2.98593 -1.40507 13
      vertex -20.811 -9.79292 13
      vertex -20.1551 -11.0803 13
    endloop
  endfacet
  facet normal 0 0 1
    outer loop
      vertex -3.24155 0.618358 13
      vertex -22.5926 4.30977 13
      vertex -3.27398 0.413599 13
    endloop
  endfacet
  facet normal 0 0 1
    outer loop
      vertex -3.06826 -1.21481 13
      vertex -21.3849 -8.46686 13
      vertex -20.811 -9.79292 13
    endloop
  endfacet
  facet normal -0 0 1
    outer loop
      vertex -22.8186 2.88266 13
      vertex -3.27398 0.413599 13
      vertex -22.5926 4.30977 13
    endloop
  endfacet
  facet normal 0 0 1
    outer loop
      vertex -3.13849 -1.01976 13
      vertex -21.8743 -7.10739 13
      vertex -21.3849 -8.46686 13
    endloop
  endfacet
  facet normal 0 0 1
    outer loop
      vertex -3.27398 0.413599 13
      vertex -22.8186 2.88266 13
      vertex -3.29349 0.207209 13
    endloop
  endfacet
  facet normal 0 0 1
    outer loop
      vertex -3.19632 -0.820676 13
      vertex -22.2774 -5.71987 13
      vertex -21.8743 -7.10739 13
    endloop
  endfacet
  facet normal -0 0 1
    outer loop
      vertex -22.9546 1.44418 13
      vertex -3.29349 0.207209 13
      vertex -22.8186 2.88266 13
    endloop
  endfacet
  facet normal 0 0 1
    outer loop
      vertex -3.24155 -0.618358 13
      vertex -22.5926 -4.30977 13
      vertex -22.2774 -5.71987 13
    endloop
  endfacet
  facet normal 0 0 1
    outer loop
      vertex -3.29349 0.207209 13
      vertex -22.9546 1.44418 13
      vertex -3.3 0 13
    endloop
  endfacet
  facet normal 0 0 1
    outer loop
      vertex -3.27398 -0.413599 13
      vertex -22.8186 -2.88266 13
      vertex -22.5926 -4.30977 13
    endloop
  endfacet
  facet normal 0 0 1
    outer loop
      vertex -23 0 13
      vertex -3.3 0 13
      vertex -22.9546 1.44418 13
    endloop
  endfacet
  facet normal 0 0 1
    outer loop
      vertex -3.29349 -0.207209 13
      vertex -22.9546 -1.44418 13
      vertex -22.8186 -2.88266 13
    endloop
  endfacet
  facet normal 0 0 1
    outer loop
      vertex -3.3 0 13
      vertex -23 0 13
      vertex -22.9546 -1.44418 13
    endloop
  endfacet
  facet normal -0.031421 -0.999506 0
    outer loop
      vertex -1.44418 -22.9546 3
      vertex 0 -23 13
      vertex -1.44418 -22.9546 13
    endloop
  endfacet
  facet normal -0.031421 -0.999506 -0
    outer loop
      vertex 0 -23 13
      vertex -1.44418 -22.9546 3
      vertex 0 -23 3
    endloop
  endfacet
  facet normal 0.661313 -0.75011 0
    outer loop
      vertex 14.6608 -17.7218 3
      vertex 15.7446 -16.7663 13
      vertex 14.6608 -17.7218 13
    endloop
  endfacet
  facet normal 0.661313 -0.75011 0
    outer loop
      vertex 15.7446 -16.7663 13
      vertex 14.6608 -17.7218 3
      vertex 15.7446 -16.7663 3
    endloop
  endfacet
  facet normal 0.707107 -0.707107 0
    outer loop
      vertex 15.7446 -16.7663 13
      vertex 16.7663 -15.7446 3
      vertex 16.7663 -15.7446 13
    endloop
  endfacet
  facet normal 0.707107 -0.707107 0
    outer loop
      vertex 16.7663 -15.7446 3
      vertex 15.7446 -16.7663 13
      vertex 15.7446 -16.7663 3
    endloop
  endfacet
  facet normal -0.75011 -0.661313 0
    outer loop
      vertex -16.7663 -15.7446 3
      vertex -17.7218 -14.6608 13
      vertex -17.7218 -14.6608 3
    endloop
  endfacet
  facet normal -0.75011 -0.661313 0
    outer loop
      vertex -17.7218 -14.6608 13
      vertex -16.7663 -15.7446 3
      vertex -16.7663 -15.7446 13
    endloop
  endfacet
  facet normal -0.397184 0.917739 0
    outer loop
      vertex -8.46686 21.3849 3
      vertex -9.79292 20.811 13
      vertex -8.46686 21.3849 13
    endloop
  endfacet
  facet normal -0.397184 0.917739 0
    outer loop
      vertex -9.79292 20.811 13
      vertex -8.46686 21.3849 3
      vertex -9.79292 20.811 3
    endloop
  endfacet
  facet normal -0.860718 0.509081 0
    outer loop
      vertex -20.1551 11.0803 3
      vertex -19.4195 12.324 13
      vertex -19.4195 12.324 3
    endloop
  endfacet
  facet normal -0.860718 0.509081 0
    outer loop
      vertex -19.4195 12.324 13
      vertex -20.1551 11.0803 3
      vertex -20.1551 11.0803 13
    endloop
  endfacet
  facet normal -0.999506 -0.031421 0
    outer loop
      vertex -22.9546 -1.44418 3
      vertex -23 0 13
      vertex -23 0 3
    endloop
  endfacet
  facet normal -0.999506 -0.031421 0
    outer loop
      vertex -23 0 13
      vertex -22.9546 -1.44418 3
      vertex -22.9546 -1.44418 13
    endloop
  endfacet
  facet normal -0.397184 -0.917739 0
    outer loop
      vertex -9.79292 -20.811 3
      vertex -8.46686 -21.3849 13
      vertex -9.79292 -20.811 13
    endloop
  endfacet
  facet normal -0.397184 -0.917739 -0
    outer loop
      vertex -8.46686 -21.3849 13
      vertex -9.79292 -20.811 3
      vertex -8.46686 -21.3849 3
    endloop
  endfacet
  facet normal 0.707107 0.707107 0
    outer loop
      vertex 16.7663 15.7446 13
      vertex 15.7446 16.7663 3
      vertex 15.7446 16.7663 13
    endloop
  endfacet
  facet normal 0.707107 0.707107 0
    outer loop
      vertex 15.7446 16.7663 3
      vertex 16.7663 15.7446 13
      vertex 16.7663 15.7446 3
    endloop
  endfacet
  facet normal -0.975916 -0.218147 0
    outer loop
      vertex -22.2774 -5.71987 3
      vertex -22.5926 -4.30977 13
      vertex -22.5926 -4.30977 3
    endloop
  endfacet
  facet normal -0.975916 -0.218147 0
    outer loop
      vertex -22.5926 -4.30977 13
      vertex -22.2774 -5.71987 3
      vertex -22.2774 -5.71987 13
    endloop
  endfacet
  facet normal 0.156413 0.987692 -0
    outer loop
      vertex 4.30977 22.5926 3
      vertex 2.88266 22.8186 13
      vertex 4.30977 22.5926 13
    endloop
  endfacet
  facet normal 0.156413 0.987692 0
    outer loop
      vertex 2.88266 22.8186 13
      vertex 4.30977 22.5926 3
      vertex 2.88266 22.8186 3
    endloop
  endfacet
  facet normal 0.99556 -0.0941245 0
    outer loop
      vertex 22.8186 -2.88266 13
      vertex 22.9546 -1.44418 3
      vertex 22.9546 -1.44418 13
    endloop
  endfacet
  facet normal 0.99556 -0.0941245 0
    outer loop
      vertex 22.9546 -1.44418 3
      vertex 22.8186 -2.88266 13
      vertex 22.8186 -2.88266 3
    endloop
  endfacet
  facet normal 0.75011 0.661313 0
    outer loop
      vertex 17.7218 14.6608 13
      vertex 16.7663 15.7446 3
      vertex 16.7663 15.7446 13
    endloop
  endfacet
  facet normal 0.75011 0.661313 0
    outer loop
      vertex 16.7663 15.7446 3
      vertex 17.7218 14.6608 13
      vertex 17.7218 14.6608 3
    endloop
  endfacet
  facet normal 0.562041 -0.827109 0
    outer loop
      vertex 12.324 -19.4195 3
      vertex 13.5191 -18.6074 13
      vertex 12.324 -19.4195 13
    endloop
  endfacet
  facet normal 0.562041 -0.827109 0
    outer loop
      vertex 13.5191 -18.6074 13
      vertex 12.324 -19.4195 3
      vertex 13.5191 -18.6074 3
    endloop
  endfacet
  facet normal 0.218147 -0.975916 0
    outer loop
      vertex 4.30977 -22.5926 3
      vertex 5.71987 -22.2774 13
      vertex 4.30977 -22.5926 13
    endloop
  endfacet
  facet normal 0.218147 -0.975916 0
    outer loop
      vertex 5.71987 -22.2774 13
      vertex 4.30977 -22.5926 3
      vertex 5.71987 -22.2774 3
    endloop
  endfacet
  facet normal 0.75011 -0.661313 0
    outer loop
      vertex 16.7663 -15.7446 13
      vertex 17.7218 -14.6608 3
      vertex 17.7218 -14.6608 13
    endloop
  endfacet
  facet normal 0.75011 -0.661313 0
    outer loop
      vertex 17.7218 -14.6608 3
      vertex 16.7663 -15.7446 13
      vertex 16.7663 -15.7446 3
    endloop
  endfacet
  facet normal 0.509081 -0.860718 0
    outer loop
      vertex 11.0803 -20.1551 3
      vertex 12.324 -19.4195 13
      vertex 11.0803 -20.1551 13
    endloop
  endfacet
  facet normal 0.509081 -0.860718 0
    outer loop
      vertex 12.324 -19.4195 13
      vertex 11.0803 -20.1551 3
      vertex 12.324 -19.4195 3
    endloop
  endfacet
  facet normal -0.707107 -0.707107 0
    outer loop
      vertex -15.7446 -16.7663 3
      vertex -16.7663 -15.7446 13
      vertex -16.7663 -15.7446 3
    endloop
  endfacet
  facet normal -0.707107 -0.707107 0
    outer loop
      vertex -16.7663 -15.7446 13
      vertex -15.7446 -16.7663 3
      vertex -15.7446 -16.7663 13
    endloop
  endfacet
  facet normal 0.453961 0.891021 -0
    outer loop
      vertex 11.0803 20.1551 3
      vertex 9.79292 20.811 13
      vertex 11.0803 20.1551 13
    endloop
  endfacet
  facet normal 0.453961 0.891021 0
    outer loop
      vertex 9.79292 20.811 13
      vertex 11.0803 20.1551 3
      vertex 9.79292 20.811 3
    endloop
  endfacet
  facet normal -0.61291 0.790153 0
    outer loop
      vertex -13.5191 18.6074 3
      vertex -14.6608 17.7218 13
      vertex -13.5191 18.6074 13
    endloop
  endfacet
  facet normal -0.61291 0.790153 0
    outer loop
      vertex -14.6608 17.7218 13
      vertex -13.5191 18.6074 3
      vertex -14.6608 17.7218 3
    endloop
  endfacet
  facet normal -0.860718 -0.509081 0
    outer loop
      vertex -19.4195 -12.324 3
      vertex -20.1551 -11.0803 13
      vertex -20.1551 -11.0803 3
    endloop
  endfacet
  facet normal -0.860718 -0.509081 0
    outer loop
      vertex -20.1551 -11.0803 13
      vertex -19.4195 -12.324 3
      vertex -19.4195 -12.324 13
    endloop
  endfacet
  facet normal 0.940889 0.338714 0
    outer loop
      vertex 21.8743 7.10739 13
      vertex 21.3849 8.46686 3
      vertex 21.3849 8.46686 13
    endloop
  endfacet
  facet normal 0.940889 0.338714 0
    outer loop
      vertex 21.3849 8.46686 3
      vertex 21.8743 7.10739 13
      vertex 21.8743 7.10739 3
    endloop
  endfacet
  facet normal -0.156413 0.987692 0
    outer loop
      vertex -2.88266 22.8186 3
      vertex -4.30977 22.5926 13
      vertex -2.88266 22.8186 13
    endloop
  endfacet
  facet normal -0.156413 0.987692 0
    outer loop
      vertex -4.30977 22.5926 13
      vertex -2.88266 22.8186 3
      vertex -4.30977 22.5926 3
    endloop
  endfacet
  facet normal 0.891021 -0.453961 0
    outer loop
      vertex 20.1551 -11.0803 13
      vertex 20.811 -9.79292 3
      vertex 20.811 -9.79292 13
    endloop
  endfacet
  facet normal 0.891021 -0.453961 0
    outer loop
      vertex 20.811 -9.79292 3
      vertex 20.1551 -11.0803 13
      vertex 20.1551 -11.0803 3
    endloop
  endfacet
  facet normal -0.987692 -0.156413 0
    outer loop
      vertex -22.5926 -4.30977 3
      vertex -22.8186 -2.88266 13
      vertex -22.8186 -2.88266 3
    endloop
  endfacet
  facet normal -0.987692 -0.156413 0
    outer loop
      vertex -22.8186 -2.88266 13
      vertex -22.5926 -4.30977 3
      vertex -22.5926 -4.30977 13
    endloop
  endfacet
  facet normal 0.0941245 -0.99556 0
    outer loop
      vertex 1.44418 -22.9546 3
      vertex 2.88266 -22.8186 13
      vertex 1.44418 -22.9546 13
    endloop
  endfacet
  facet normal 0.0941245 -0.99556 0
    outer loop
      vertex 2.88266 -22.8186 13
      vertex 1.44418 -22.9546 3
      vertex 2.88266 -22.8186 3
    endloop
  endfacet
  facet normal -0.999506 0.031421 0
    outer loop
      vertex -23 0 3
      vertex -22.9546 1.44418 13
      vertex -22.9546 1.44418 3
    endloop
  endfacet
  facet normal -0.999506 0.031421 0
    outer loop
      vertex -22.9546 1.44418 13
      vertex -23 0 3
      vertex -23 0 13
    endloop
  endfacet
  facet normal -0.940889 0.338714 0
    outer loop
      vertex -21.8743 7.10739 3
      vertex -21.3849 8.46686 13
      vertex -21.3849 8.46686 3
    endloop
  endfacet
  facet normal -0.940889 0.338714 0
    outer loop
      vertex -21.3849 8.46686 13
      vertex -21.8743 7.10739 3
      vertex -21.8743 7.10739 13
    endloop
  endfacet
  facet normal -0.790153 -0.61291 0
    outer loop
      vertex -17.7218 -14.6608 3
      vertex -18.6074 -13.5191 13
      vertex -18.6074 -13.5191 3
    endloop
  endfacet
  facet normal -0.790153 -0.61291 0
    outer loop
      vertex -18.6074 -13.5191 13
      vertex -17.7218 -14.6608 3
      vertex -17.7218 -14.6608 13
    endloop
  endfacet
  facet normal 0.338714 0.940889 -0
    outer loop
      vertex 8.46686 21.3849 3
      vertex 7.10739 21.8743 13
      vertex 8.46686 21.3849 13
    endloop
  endfacet
  facet normal 0.338714 0.940889 0
    outer loop
      vertex 7.10739 21.8743 13
      vertex 8.46686 21.3849 3
      vertex 7.10739 21.8743 3
    endloop
  endfacet
  facet normal -0.509081 -0.860718 0
    outer loop
      vertex -12.324 -19.4195 3
      vertex -11.0803 -20.1551 13
      vertex -12.324 -19.4195 13
    endloop
  endfacet
  facet normal -0.509081 -0.860718 -0
    outer loop
      vertex -11.0803 -20.1551 13
      vertex -12.324 -19.4195 3
      vertex -11.0803 -20.1551 3
    endloop
  endfacet
  facet normal -0.75011 0.661313 0
    outer loop
      vertex -17.7218 14.6608 3
      vertex -16.7663 15.7446 13
      vertex -16.7663 15.7446 3
    endloop
  endfacet
  facet normal -0.75011 0.661313 0
    outer loop
      vertex -16.7663 15.7446 13
      vertex -17.7218 14.6608 3
      vertex -17.7218 14.6608 13
    endloop
  endfacet
  facet normal -0.453961 0.891021 0
    outer loop
      vertex -9.79292 20.811 3
      vertex -11.0803 20.1551 13
      vertex -9.79292 20.811 13
    endloop
  endfacet
  facet normal -0.453961 0.891021 0
    outer loop
      vertex -11.0803 20.1551 13
      vertex -9.79292 20.811 3
      vertex -11.0803 20.1551 3
    endloop
  endfacet
  facet normal -0.891021 0.453961 0
    outer loop
      vertex -20.811 9.79292 3
      vertex -20.1551 11.0803 13
      vertex -20.1551 11.0803 3
    endloop
  endfacet
  facet normal -0.891021 0.453961 0
    outer loop
      vertex -20.1551 11.0803 13
      vertex -20.811 9.79292 3
      vertex -20.811 9.79292 13
    endloop
  endfacet
  facet normal -0.99556 0.0941245 0
    outer loop
      vertex -22.9546 1.44418 3
      vertex -22.8186 2.88266 13
      vertex -22.8186 2.88266 3
    endloop
  endfacet
  facet normal -0.99556 0.0941245 0
    outer loop
      vertex -22.8186 2.88266 13
      vertex -22.9546 1.44418 3
      vertex -22.9546 1.44418 13
    endloop
  endfacet
  facet normal -0.917739 0.397184 0
    outer loop
      vertex -21.3849 8.46686 3
      vertex -20.811 9.79292 13
      vertex -20.811 9.79292 3
    endloop
  endfacet
  facet normal -0.917739 0.397184 0
    outer loop
      vertex -20.811 9.79292 13
      vertex -21.3849 8.46686 3
      vertex -21.3849 8.46686 13
    endloop
  endfacet
  facet normal -0.453961 -0.891021 0
    outer loop
      vertex -11.0803 -20.1551 3
      vertex -9.79292 -20.811 13
      vertex -11.0803 -20.1551 13
    endloop
  endfacet
  facet normal -0.453961 -0.891021 -0
    outer loop
      vertex -9.79292 -20.811 13
      vertex -11.0803 -20.1551 3
      vertex -9.79292 -20.811 3
    endloop
  endfacet
  facet normal -0.891021 -0.453961 0
    outer loop
      vertex -20.1551 -11.0803 3
      vertex -20.811 -9.79292 13
      vertex -20.811 -9.79292 3
    endloop
  endfacet
  facet normal -0.891021 -0.453961 0
    outer loop
      vertex -20.811 -9.79292 13
      vertex -20.1551 -11.0803 3
      vertex -20.1551 -11.0803 13
    endloop
  endfacet
  facet normal -0.917739 -0.397184 0
    outer loop
      vertex -20.811 -9.79292 3
      vertex -21.3849 -8.46686 13
      vertex -21.3849 -8.46686 3
    endloop
  endfacet
  facet normal -0.917739 -0.397184 0
    outer loop
      vertex -21.3849 -8.46686 13
      vertex -20.811 -9.79292 3
      vertex -20.811 -9.79292 13
    endloop
  endfacet
  facet normal -0 -0.790123 -0.612948
    outer loop
      vertex 93.3161 2.66976 14.9397
      vertex 87.4201 2.54269 15.1035
      vertex 87.4161 2.66976 14.9397
    endloop
  endfacet
  facet normal 0 -0.790123 -0.612948
    outer loop
      vertex 87.4201 2.54269 15.1035
      vertex 93.3161 2.66976 14.9397
      vertex 93.3201 2.54269 15.1035
    endloop
  endfacet
  facet normal 0 0.397421 -0.917637
    outer loop
      vertex 93.3558 -1.40507 15.9859
      vertex 87.4618 -1.21481 16.0683
      vertex 93.3618 -1.21481 16.0683
    endloop
  endfacet
  facet normal 0 0.397421 -0.917637
    outer loop
      vertex 87.4618 -1.21481 16.0683
      vertex 93.3558 -1.40507 15.9859
      vertex 87.4558 -1.40507 15.9859
    endloop
  endfacet
  facet normal 0 -0.91779 0.397066
    outer loop
      vertex 87.4062 2.98593 11.5949
      vertex 93.3036 3.06826 11.7852
      vertex 87.4036 3.06826 11.7852
    endloop
  endfacet
  facet normal 0 -0.91779 0.397066
    outer loop
      vertex 93.3036 3.06826 11.7852
      vertex 87.4062 2.98593 11.5949
      vertex 93.3062 2.98593 11.5949
    endloop
  endfacet
  facet normal -0 0.156431 0.987689
    outer loop
      vertex 87.487 -0.413599 9.72602
      vertex 93.3806 -0.618358 9.75845
      vertex 93.387 -0.413599 9.72602
    endloop
  endfacet
  facet normal 0 0.156431 0.987689
    outer loop
      vertex 93.3806 -0.618358 9.75845
      vertex 87.487 -0.413599 9.72602
      vertex 87.4806 -0.618358 9.75845
    endloop
  endfacet
  facet normal 0 -0.661334 -0.750091
    outer loop
      vertex 87.4339 2.1035 15.5427
      vertex 93.329 2.259 15.4056
      vertex 93.3339 2.1035 15.5427
    endloop
  endfacet
  facet normal -0 -0.661334 -0.750091
    outer loop
      vertex 93.329 2.259 15.4056
      vertex 87.4339 2.1035 15.5427
      vertex 87.429 2.259 15.4056
    endloop
  endfacet
  facet normal 0 -0.562004 0.827135
    outer loop
      vertex 93.339 1.93969 10.3302
      vertex 87.4444 1.76823 10.2137
      vertex 93.3444 1.76823 10.2137
    endloop
  endfacet
  facet normal 0 -0.562004 0.827135
    outer loop
      vertex 87.4444 1.76823 10.2137
      vertex 93.339 1.93969 10.3302
      vertex 87.439 1.93969 10.3302
    endloop
  endfacet
  facet normal 0 -0.86069 0.509129
    outer loop
      vertex 87.4124 2.78628 11.2318
      vertex 93.3091 2.89181 11.4102
      vertex 87.4091 2.89181 11.4102
    endloop
  endfacet
  facet normal 0 -0.86069 0.509129
    outer loop
      vertex 93.3091 2.89181 11.4102
      vertex 87.4124 2.78628 11.2318
      vertex 93.3124 2.78628 11.2318
    endloop
  endfacet
  facet normal 0 -0.987694 -0.156401
    outer loop
      vertex 87.3971 3.27398 13.4136
      vertex 93.2981 3.24155 13.6184
      vertex 87.3981 3.24155 13.6184
    endloop
  endfacet
  facet normal 0 -0.987694 -0.156401
    outer loop
      vertex 93.2981 3.24155 13.6184
      vertex 87.3971 3.27398 13.4136
      vertex 93.2971 3.27398 13.4136
    endloop
  endfacet
  facet normal 0 -0.0314021 0.999507
    outer loop
      vertex 93.3935 0.207209 9.70651
      vertex 87.5 0 9.7
      vertex 93.4 0 9.7
    endloop
  endfacet
  facet normal 0 -0.0314021 0.999507
    outer loop
      vertex 87.5 0 9.7
      vertex 93.3935 0.207209 9.70651
      vertex 87.4935 0.207209 9.70651
    endloop
  endfacet
  facet normal -0 0.218127 0.97592
    outer loop
      vertex 87.4806 -0.618358 9.75845
      vertex 93.3742 -0.820676 9.80367
      vertex 93.3806 -0.618358 9.75845
    endloop
  endfacet
  facet normal 0 0.218127 0.97592
    outer loop
      vertex 93.3742 -0.820676 9.80367
      vertex 87.4806 -0.618358 9.75845
      vertex 87.4742 -0.820676 9.80367
    endloop
  endfacet
  facet normal -0 -0.86069 -0.509129
    outer loop
      vertex 93.3091 2.89181 14.5898
      vertex 87.4124 2.78628 14.7682
      vertex 87.4091 2.89181 14.5898
    endloop
  endfacet
  facet normal 0 -0.86069 -0.509129
    outer loop
      vertex 87.4124 2.78628 14.7682
      vertex 93.3091 2.89181 14.5898
      vertex 93.3124 2.78628 14.7682
    endloop
  endfacet
  facet normal 0 0.86069 -0.509129
    outer loop
      vertex 93.3091 -2.89181 14.5898
      vertex 87.4124 -2.78628 14.7682
      vertex 93.3124 -2.78628 14.7682
    endloop
  endfacet
  facet normal 0 0.86069 -0.509129
    outer loop
      vertex 87.4124 -2.78628 14.7682
      vertex 93.3091 -2.89181 14.5898
      vertex 87.4091 -2.89181 14.5898
    endloop
  endfacet
  facet normal 0 -0.707107 0.707107
    outer loop
      vertex 87.429 2.259 10.5944
      vertex 93.3244 2.4056 10.741
      vertex 87.4244 2.4056 10.741
    endloop
  endfacet
  facet normal 0 -0.707107 0.707107
    outer loop
      vertex 93.3244 2.4056 10.741
      vertex 87.429 2.259 10.5944
      vertex 93.329 2.259 10.5944
    endloop
  endfacet
  facet normal 0 0.338643 -0.940915
    outer loop
      vertex 93.3618 -1.21481 16.0683
      vertex 87.468 -1.01976 16.1385
      vertex 93.368 -1.01976 16.1385
    endloop
  endfacet
  facet normal 0 0.338643 -0.940915
    outer loop
      vertex 87.468 -1.01976 16.1385
      vertex 93.3618 -1.21481 16.0683
      vertex 87.4618 -1.21481 16.0683
    endloop
  endfacet
  facet normal -0 0.790123 0.612948
    outer loop
      vertex 87.4201 -2.54269 10.8965
      vertex 93.3161 -2.66976 11.0603
      vertex 93.3201 -2.54269 10.8965
    endloop
  endfacet
  facet normal 0 0.790123 0.612948
    outer loop
      vertex 93.3161 -2.66976 11.0603
      vertex 87.4201 -2.54269 10.8965
      vertex 87.4161 -2.66976 11.0603
    endloop
  endfacet
  facet normal 0 0.987694 -0.156401
    outer loop
      vertex 93.2971 -3.27398 13.4136
      vertex 87.3981 -3.24155 13.6184
      vertex 93.2981 -3.24155 13.6184
    endloop
  endfacet
  facet normal 0 0.987694 -0.156401
    outer loop
      vertex 87.3981 -3.24155 13.6184
      vertex 93.2971 -3.27398 13.4136
      vertex 87.3971 -3.27398 13.4136
    endloop
  endfacet
  facet normal -0 0.86069 0.509129
    outer loop
      vertex 87.4124 -2.78628 11.2318
      vertex 93.3091 -2.89181 11.4102
      vertex 93.3124 -2.78628 11.2318
    endloop
  endfacet
  facet normal 0 0.86069 0.509129
    outer loop
      vertex 93.3091 -2.89181 11.4102
      vertex 87.4124 -2.78628 11.2318
      vertex 87.4091 -2.89181 11.4102
    endloop
  endfacet
  facet normal 0 -0.613015 -0.790071
    outer loop
      vertex 87.439 1.93969 15.6698
      vertex 93.3339 2.1035 15.5427
      vertex 93.339 1.93969 15.6698
    endloop
  endfacet
  facet normal -0 -0.613015 -0.790071
    outer loop
      vertex 93.3339 2.1035 15.5427
      vertex 87.439 1.93969 15.6698
      vertex 87.4339 2.1035 15.5427
    endloop
  endfacet
  facet normal 0 0.999507 0.0314034
    outer loop
      vertex 93.2965 -3.29349 12.7928
      vertex 87.3963 -3.3 13
      vertex 93.2963 -3.3 13
    endloop
  endfacet
  facet normal 0 0.999507 0.0314034
    outer loop
      vertex 87.3963 -3.3 13
      vertex 93.2965 -3.29349 12.7928
      vertex 87.3965 -3.29349 12.7928
    endloop
  endfacet
  facet normal -0 0.0314021 0.999507
    outer loop
      vertex 87.5 0 9.7
      vertex 93.3935 -0.207209 9.70651
      vertex 93.4 0 9.7
    endloop
  endfacet
  facet normal 0 0.0314021 0.999507
    outer loop
      vertex 93.3935 -0.207209 9.70651
      vertex 87.5 0 9.7
      vertex 87.4935 -0.207209 9.70651
    endloop
  endfacet
  facet normal 0 0.995562 0.0941057
    outer loop
      vertex 93.2971 -3.27398 12.5864
      vertex 87.3965 -3.29349 12.7928
      vertex 93.2965 -3.29349 12.7928
    endloop
  endfacet
  facet normal 0 0.995562 0.0941057
    outer loop
      vertex 87.3965 -3.29349 12.7928
      vertex 93.2971 -3.27398 12.5864
      vertex 87.3971 -3.27398 12.5864
    endloop
  endfacet
  facet normal 0 -0.397258 0.917707
    outer loop
      vertex 93.3558 1.40507 10.0141
      vertex 87.4618 1.21481 9.93174
      vertex 93.3618 1.21481 9.93174
    endloop
  endfacet
  facet normal 0 -0.397258 0.917707
    outer loop
      vertex 87.4618 1.21481 9.93174
      vertex 93.3558 1.40507 10.0141
      vertex 87.4558 1.40507 10.0141
    endloop
  endfacet
  facet normal 0 -0.278994 0.960293
    outer loop
      vertex 93.368 1.01976 9.86151
      vertex 87.4742 0.820676 9.80367
      vertex 93.3742 0.820676 9.80367
    endloop
  endfacet
  facet normal 0 -0.278994 0.960293
    outer loop
      vertex 87.4742 0.820676 9.80367
      vertex 93.368 1.01976 9.86151
      vertex 87.468 1.01976 9.86151
    endloop
  endfacet
  facet normal 0 -0.613015 0.790071
    outer loop
      vertex 93.3339 2.1035 10.4573
      vertex 87.439 1.93969 10.3302
      vertex 93.339 1.93969 10.3302
    endloop
  endfacet
  facet normal 0 -0.613015 0.790071
    outer loop
      vertex 87.439 1.93969 10.3302
      vertex 93.3339 2.1035 10.4573
      vertex 87.4339 2.1035 10.4573
    endloop
  endfacet
  facet normal -0 0.397258 0.917707
    outer loop
      vertex 87.4618 -1.21481 9.93174
      vertex 93.3558 -1.40507 10.0141
      vertex 93.3618 -1.21481 9.93174
    endloop
  endfacet
  facet normal 0 0.397258 0.917707
    outer loop
      vertex 93.3558 -1.40507 10.0141
      vertex 87.4618 -1.21481 9.93174
      vertex 87.4558 -1.40507 10.0141
    endloop
  endfacet
  facet normal 0 -0.827151 0.56198
    outer loop
      vertex 87.4161 2.66976 11.0603
      vertex 93.3124 2.78628 11.2318
      vertex 87.4124 2.78628 11.2318
    endloop
  endfacet
  facet normal 0 -0.827151 0.56198
    outer loop
      vertex 93.3124 2.78628 11.2318
      vertex 87.4161 2.66976 11.0603
      vertex 93.3161 2.66976 11.0603
    endloop
  endfacet
  facet normal -0 -0.827151 -0.56198
    outer loop
      vertex 93.3124 2.78628 14.7682
      vertex 87.4161 2.66976 14.9397
      vertex 87.4124 2.78628 14.7682
    endloop
  endfacet
  facet normal 0 -0.827151 -0.56198
    outer loop
      vertex 87.4161 2.66976 14.9397
      vertex 93.3124 2.78628 14.7682
      vertex 93.3161 2.66976 14.9397
    endloop
  endfacet
  facet normal -0 0.890986 0.454031
    outer loop
      vertex 87.4091 -2.89181 11.4102
      vertex 93.3062 -2.98593 11.5949
      vertex 93.3091 -2.89181 11.4102
    endloop
  endfacet
  facet normal 0 0.890986 0.454031
    outer loop
      vertex 93.3062 -2.98593 11.5949
      vertex 87.4091 -2.89181 11.4102
      vertex 87.4062 -2.98593 11.5949
    endloop
  endfacet
  facet normal 0 -0.975906 0.218192
    outer loop
      vertex 87.3996 3.19632 12.1793
      vertex 93.2981 3.24155 12.3816
      vertex 87.3981 3.24155 12.3816
    endloop
  endfacet
  facet normal 0 -0.975906 0.218192
    outer loop
      vertex 93.2981 3.24155 12.3816
      vertex 87.3996 3.19632 12.1793
      vertex 93.2996 3.19632 12.1793
    endloop
  endfacet
  facet normal 0 -0.0941102 0.995562
    outer loop
      vertex 93.387 0.413599 9.72602
      vertex 87.4935 0.207209 9.70651
      vertex 93.3935 0.207209 9.70651
    endloop
  endfacet
  facet normal 0 -0.0941102 0.995562
    outer loop
      vertex 87.4935 0.207209 9.70651
      vertex 93.387 0.413599 9.72602
      vertex 87.487 0.413599 9.72602
    endloop
  endfacet
  facet normal 0 -0.890986 0.454031
    outer loop
      vertex 87.4091 2.89181 11.4102
      vertex 93.3062 2.98593 11.5949
      vertex 87.4062 2.98593 11.5949
    endloop
  endfacet
  facet normal 0 -0.890986 0.454031
    outer loop
      vertex 93.3062 2.98593 11.5949
      vertex 87.4091 2.89181 11.4102
      vertex 93.3091 2.89181 11.4102
    endloop
  endfacet
  facet normal 0 -0.960312 0.278929
    outer loop
      vertex 87.4014 3.13849 11.9802
      vertex 93.2996 3.19632 12.1793
      vertex 87.3996 3.19632 12.1793
    endloop
  endfacet
  facet normal 0 -0.960312 0.278929
    outer loop
      vertex 93.2996 3.19632 12.1793
      vertex 87.4014 3.13849 11.9802
      vertex 93.3014 3.13849 11.9802
    endloop
  endfacet
  facet normal -0 0.91779 0.397066
    outer loop
      vertex 87.4062 -2.98593 11.5949
      vertex 93.3036 -3.06826 11.7852
      vertex 93.3062 -2.98593 11.5949
    endloop
  endfacet
  facet normal 0 0.91779 0.397066
    outer loop
      vertex 93.3036 -3.06826 11.7852
      vertex 87.4062 -2.98593 11.5949
      vertex 87.4036 -3.06826 11.7852
    endloop
  endfacet
  facet normal 0 -0.999507 0.0314034
    outer loop
      vertex 87.3965 3.29349 12.7928
      vertex 93.2963 3.3 13
      vertex 87.3963 3.3 13
    endloop
  endfacet
  facet normal 0 -0.999507 0.0314034
    outer loop
      vertex 93.2963 3.3 13
      vertex 87.3965 3.29349 12.7928
      vertex 93.2965 3.29349 12.7928
    endloop
  endfacet
  facet normal -0 0.453916 0.891045
    outer loop
      vertex 87.4558 -1.40507 10.0141
      vertex 93.35 -1.58979 10.1082
      vertex 93.3558 -1.40507 10.0141
    endloop
  endfacet
  facet normal 0 0.453916 0.891045
    outer loop
      vertex 93.35 -1.58979 10.1082
      vertex 87.4558 -1.40507 10.0141
      vertex 87.45 -1.58979 10.1082
    endloop
  endfacet
  facet normal 0 -0.156761 -0.987637
    outer loop
      vertex 87.487 0.413599 16.274
      vertex 93.3806 0.618358 16.2415
      vertex 93.387 0.413599 16.274
    endloop
  endfacet
  facet normal -0 -0.156761 -0.987637
    outer loop
      vertex 93.3806 0.618358 16.2415
      vertex 87.487 0.413599 16.274
      vertex 87.4806 0.618358 16.2415
    endloop
  endfacet
  facet normal 0 0.975906 -0.218192
    outer loop
      vertex 93.2981 -3.24155 13.6184
      vertex 87.3996 -3.19632 13.8207
      vertex 93.2996 -3.19632 13.8207
    endloop
  endfacet
  facet normal 0 0.975906 -0.218192
    outer loop
      vertex 87.3996 -3.19632 13.8207
      vertex 93.2981 -3.24155 13.6184
      vertex 87.3981 -3.24155 13.6184
    endloop
  endfacet
  facet normal 0 0.987694 0.156401
    outer loop
      vertex 93.2981 -3.24155 12.3816
      vertex 87.3971 -3.27398 12.5864
      vertex 93.2971 -3.27398 12.5864
    endloop
  endfacet
  facet normal 0 0.987694 0.156401
    outer loop
      vertex 87.3971 -3.27398 12.5864
      vertex 93.2981 -3.24155 12.3816
      vertex 87.3981 -3.24155 12.3816
    endloop
  endfacet
  facet normal 0 0.790123 -0.612948
    outer loop
      vertex 93.3161 -2.66976 14.9397
      vertex 87.4201 -2.54269 15.1035
      vertex 93.3201 -2.54269 15.1035
    endloop
  endfacet
  facet normal 0 0.790123 -0.612948
    outer loop
      vertex 87.4201 -2.54269 15.1035
      vertex 93.3161 -2.66976 14.9397
      vertex 87.4161 -2.66976 14.9397
    endloop
  endfacet
  facet normal -0 0.338771 0.940869
    outer loop
      vertex 87.468 -1.01976 9.86151
      vertex 93.3618 -1.21481 9.93174
      vertex 93.368 -1.01976 9.86151
    endloop
  endfacet
  facet normal 0 0.338771 0.940869
    outer loop
      vertex 93.3618 -1.21481 9.93174
      vertex 87.468 -1.01976 9.86151
      vertex 87.4618 -1.21481 9.93174
    endloop
  endfacet
  facet normal 0 -0.940841 0.338848
    outer loop
      vertex 87.4036 3.06826 11.7852
      vertex 93.3014 3.13849 11.9802
      vertex 87.4014 3.13849 11.9802
    endloop
  endfacet
  facet normal 0 -0.940841 0.338848
    outer loop
      vertex 93.3014 3.13849 11.9802
      vertex 87.4036 3.06826 11.7852
      vertex 93.3036 3.06826 11.7852
    endloop
  endfacet
  facet normal 0 -0.508937 0.860804
    outer loop
      vertex 93.3444 1.76823 10.2137
      vertex 87.45 1.58979 10.1082
      vertex 93.35 1.58979 10.1082
    endloop
  endfacet
  facet normal 0 -0.508937 0.860804
    outer loop
      vertex 87.45 1.58979 10.1082
      vertex 93.3444 1.76823 10.2137
      vertex 87.4444 1.76823 10.2137
    endloop
  endfacet
  facet normal -0 0.707107 0.707107
    outer loop
      vertex 87.429 -2.259 10.5944
      vertex 93.3244 -2.4056 10.741
      vertex 93.329 -2.259 10.5944
    endloop
  endfacet
  facet normal 0 0.707107 0.707107
    outer loop
      vertex 93.3244 -2.4056 10.741
      vertex 87.429 -2.259 10.5944
      vertex 87.4244 -2.4056 10.741
    endloop
  endfacet
  facet normal -0 0.613015 0.790071
    outer loop
      vertex 87.439 -1.93969 10.3302
      vertex 93.3339 -2.1035 10.4573
      vertex 93.339 -1.93969 10.3302
    endloop
  endfacet
  facet normal 0 0.613015 0.790071
    outer loop
      vertex 93.3339 -2.1035 10.4573
      vertex 87.439 -1.93969 10.3302
      vertex 87.4339 -2.1035 10.4573
    endloop
  endfacet
  facet normal 0 -0.790123 0.612948
    outer loop
      vertex 87.4201 2.54269 10.8965
      vertex 93.3161 2.66976 11.0603
      vertex 87.4161 2.66976 11.0603
    endloop
  endfacet
  facet normal 0 -0.790123 0.612948
    outer loop
      vertex 93.3161 2.66976 11.0603
      vertex 87.4201 2.54269 10.8965
      vertex 93.3201 2.54269 10.8965
    endloop
  endfacet
  facet normal -0 0.562004 0.827135
    outer loop
      vertex 87.4444 -1.76823 10.2137
      vertex 93.339 -1.93969 10.3302
      vertex 93.3444 -1.76823 10.2137
    endloop
  endfacet
  facet normal 0 0.562004 0.827135
    outer loop
      vertex 93.339 -1.93969 10.3302
      vertex 87.4444 -1.76823 10.2137
      vertex 87.439 -1.93969 10.3302
    endloop
  endfacet
  facet normal -0 0.0941102 0.995562
    outer loop
      vertex 87.4935 -0.207209 9.70651
      vertex 93.387 -0.413599 9.72602
      vertex 93.3935 -0.207209 9.70651
    endloop
  endfacet
  facet normal 0 0.0941102 0.995562
    outer loop
      vertex 93.387 -0.413599 9.72602
      vertex 87.4935 -0.207209 9.70651
      vertex 87.487 -0.413599 9.72602
    endloop
  endfacet
  facet normal 0 -0.0313539 -0.999508
    outer loop
      vertex 87.5 0 16.3
      vertex 93.3935 0.207209 16.2935
      vertex 93.4 0 16.3
    endloop
  endfacet
  facet normal -0 -0.0313539 -0.999508
    outer loop
      vertex 93.3935 0.207209 16.2935
      vertex 87.5 0 16.3
      vertex 87.4935 0.207209 16.2935
    endloop
  endfacet
  facet normal -0 -0.91779 -0.397066
    outer loop
      vertex 93.3036 3.06826 14.2148
      vertex 87.4062 2.98593 14.4051
      vertex 87.4036 3.06826 14.2148
    endloop
  endfacet
  facet normal 0 -0.91779 -0.397066
    outer loop
      vertex 87.4062 2.98593 14.4051
      vertex 93.3036 3.06826 14.2148
      vertex 93.3062 2.98593 14.4051
    endloop
  endfacet
  facet normal 0 0.890986 -0.454031
    outer loop
      vertex 93.3062 -2.98593 14.4051
      vertex 87.4091 -2.89181 14.5898
      vertex 93.3091 -2.89181 14.5898
    endloop
  endfacet
  facet normal 0 0.890986 -0.454031
    outer loop
      vertex 87.4091 -2.89181 14.5898
      vertex 93.3062 -2.98593 14.4051
      vertex 87.4062 -2.98593 14.4051
    endloop
  endfacet
  facet normal 0 -0.453916 0.891045
    outer loop
      vertex 93.35 1.58979 10.1082
      vertex 87.4558 1.40507 10.0141
      vertex 93.3558 1.40507 10.0141
    endloop
  endfacet
  facet normal 0 -0.453916 0.891045
    outer loop
      vertex 87.4558 1.40507 10.0141
      vertex 93.35 1.58979 10.1082
      vertex 87.45 1.58979 10.1082
    endloop
  endfacet
  facet normal 0 -0.562004 -0.827135
    outer loop
      vertex 87.4444 1.76823 15.7863
      vertex 93.339 1.93969 15.6698
      vertex 93.3444 1.76823 15.7863
    endloop
  endfacet
  facet normal -0 -0.562004 -0.827135
    outer loop
      vertex 93.339 1.93969 15.6698
      vertex 87.4444 1.76823 15.7863
      vertex 87.439 1.93969 15.6698
    endloop
  endfacet
  facet normal 0 0.0313539 -0.999508
    outer loop
      vertex 93.3935 -0.207209 16.2935
      vertex 87.5 0 16.3
      vertex 93.4 0 16.3
    endloop
  endfacet
  facet normal 0 0.0313539 -0.999508
    outer loop
      vertex 87.5 0 16.3
      vertex 93.3935 -0.207209 16.2935
      vertex 87.4935 -0.207209 16.2935
    endloop
  endfacet
  facet normal 0 0.562004 -0.827135
    outer loop
      vertex 93.339 -1.93969 15.6698
      vertex 87.4444 -1.76823 15.7863
      vertex 93.3444 -1.76823 15.7863
    endloop
  endfacet
  facet normal 0 0.562004 -0.827135
    outer loop
      vertex 87.4444 -1.76823 15.7863
      vertex 93.339 -1.93969 15.6698
      vertex 87.439 -1.93969 15.6698
    endloop
  endfacet
  facet normal 0 -0.453916 -0.891045
    outer loop
      vertex 87.4558 1.40507 15.9859
      vertex 93.35 1.58979 15.8918
      vertex 93.3558 1.40507 15.9859
    endloop
  endfacet
  facet normal -0 -0.453916 -0.891045
    outer loop
      vertex 93.35 1.58979 15.8918
      vertex 87.4558 1.40507 15.9859
      vertex 87.45 1.58979 15.8918
    endloop
  endfacet
  facet normal 0 -0.338643 -0.940915
    outer loop
      vertex 87.468 1.01976 16.1385
      vertex 93.3618 1.21481 16.0683
      vertex 93.368 1.01976 16.1385
    endloop
  endfacet
  facet normal -0 -0.338643 -0.940915
    outer loop
      vertex 93.3618 1.21481 16.0683
      vertex 87.468 1.01976 16.1385
      vertex 87.4618 1.21481 16.0683
    endloop
  endfacet
  facet normal 0 -0.218036 -0.975941
    outer loop
      vertex 87.4806 0.618358 16.2415
      vertex 93.3742 0.820676 16.1963
      vertex 93.3806 0.618358 16.2415
    endloop
  endfacet
  facet normal -0 -0.218036 -0.975941
    outer loop
      vertex 93.3742 0.820676 16.1963
      vertex 87.4806 0.618358 16.2415
      vertex 87.4742 0.820676 16.1963
    endloop
  endfacet
  facet normal 0 -0.995562 -0.0941057
    outer loop
      vertex 87.3965 3.29349 13.2072
      vertex 93.2971 3.27398 13.4136
      vertex 87.3971 3.27398 13.4136
    endloop
  endfacet
  facet normal 0 -0.995562 -0.0941057
    outer loop
      vertex 93.2971 3.27398 13.4136
      vertex 87.3965 3.29349 13.2072
      vertex 93.2965 3.29349 13.2072
    endloop
  endfacet
  facet normal -0 -0.707107 -0.707107
    outer loop
      vertex 93.3244 2.4056 15.259
      vertex 87.429 2.259 15.4056
      vertex 87.4244 2.4056 15.259
    endloop
  endfacet
  facet normal 0 -0.707107 -0.707107
    outer loop
      vertex 87.429 2.259 15.4056
      vertex 93.3244 2.4056 15.259
      vertex 93.329 2.259 15.4056
    endloop
  endfacet
  facet normal -0 0.278994 0.960293
    outer loop
      vertex 87.4742 -0.820676 9.80367
      vertex 93.368 -1.01976 9.86151
      vertex 93.3742 -0.820676 9.80367
    endloop
  endfacet
  facet normal 0 0.278994 0.960293
    outer loop
      vertex 93.368 -1.01976 9.86151
      vertex 87.4742 -0.820676 9.80367
      vertex 87.468 -1.01976 9.86151
    endloop
  endfacet
  facet normal -0 -0.750115 -0.661307
    outer loop
      vertex 93.3201 2.54269 15.1035
      vertex 87.4244 2.4056 15.259
      vertex 87.4201 2.54269 15.1035
    endloop
  endfacet
  facet normal 0 -0.750115 -0.661307
    outer loop
      vertex 87.4244 2.4056 15.259
      vertex 93.3201 2.54269 15.1035
      vertex 93.3244 2.4056 15.259
    endloop
  endfacet
  facet normal -0 0.750115 0.661307
    outer loop
      vertex 87.4244 -2.4056 10.741
      vertex 93.3201 -2.54269 10.8965
      vertex 93.3244 -2.4056 10.741
    endloop
  endfacet
  facet normal 0 0.750115 0.661307
    outer loop
      vertex 93.3201 -2.54269 10.8965
      vertex 87.4244 -2.4056 10.741
      vertex 87.4201 -2.54269 10.8965
    endloop
  endfacet
  facet normal 0 -0.0940624 -0.995566
    outer loop
      vertex 87.4935 0.207209 16.2935
      vertex 93.387 0.413599 16.274
      vertex 93.3935 0.207209 16.2935
    endloop
  endfacet
  facet normal -0 -0.0940624 -0.995566
    outer loop
      vertex 93.387 0.413599 16.274
      vertex 87.4935 0.207209 16.2935
      vertex 87.487 0.413599 16.274
    endloop
  endfacet
  facet normal 0 -0.995562 0.0941057
    outer loop
      vertex 87.3971 3.27398 12.5864
      vertex 93.2965 3.29349 12.7928
      vertex 87.3965 3.29349 12.7928
    endloop
  endfacet
  facet normal 0 -0.995562 0.0941057
    outer loop
      vertex 93.2965 3.29349 12.7928
      vertex 87.3971 3.27398 12.5864
      vertex 93.2971 3.27398 12.5864
    endloop
  endfacet
  facet normal 0 -0.218127 0.97592
    outer loop
      vertex 93.3742 0.820676 9.80367
      vertex 87.4806 0.618358 9.75845
      vertex 93.3806 0.618358 9.75845
    endloop
  endfacet
  facet normal 0 -0.218127 0.97592
    outer loop
      vertex 87.4806 0.618358 9.75845
      vertex 93.3742 0.820676 9.80367
      vertex 87.4742 0.820676 9.80367
    endloop
  endfacet
  facet normal 0 -0.278817 -0.960344
    outer loop
      vertex 87.4742 0.820676 16.1963
      vertex 93.368 1.01976 16.1385
      vertex 93.3742 0.820676 16.1963
    endloop
  endfacet
  facet normal -0 -0.278817 -0.960344
    outer loop
      vertex 93.368 1.01976 16.1385
      vertex 87.4742 0.820676 16.1963
      vertex 87.468 1.01976 16.1385
    endloop
  endfacet
  facet normal 0 -0.999507 -0.0314034
    outer loop
      vertex 87.3963 3.3 13
      vertex 93.2965 3.29349 13.2072
      vertex 87.3965 3.29349 13.2072
    endloop
  endfacet
  facet normal 0 -0.999507 -0.0314034
    outer loop
      vertex 93.2965 3.29349 13.2072
      vertex 87.3963 3.3 13
      vertex 93.2963 3.3 13
    endloop
  endfacet
  facet normal 0 0.218036 -0.975941
    outer loop
      vertex 93.3742 -0.820676 16.1963
      vertex 87.4806 -0.618358 16.2415
      vertex 93.3806 -0.618358 16.2415
    endloop
  endfacet
  facet normal 0 0.218036 -0.975941
    outer loop
      vertex 87.4806 -0.618358 16.2415
      vertex 93.3742 -0.820676 16.1963
      vertex 87.4742 -0.820676 16.1963
    endloop
  endfacet
  facet normal -0 0.960312 0.278929
    outer loop
      vertex 87.4014 -3.13849 11.9802
      vertex 93.2996 -3.19632 12.1793
      vertex 93.3014 -3.13849 11.9802
    endloop
  endfacet
  facet normal 0 0.960312 0.278929
    outer loop
      vertex 93.2996 -3.19632 12.1793
      vertex 87.4014 -3.13849 11.9802
      vertex 87.3996 -3.19632 12.1793
    endloop
  endfacet
  facet normal 0 0.707107 -0.707107
    outer loop
      vertex 93.3244 -2.4056 15.259
      vertex 87.429 -2.259 15.4056
      vertex 93.329 -2.259 15.4056
    endloop
  endfacet
  facet normal 0 0.707107 -0.707107
    outer loop
      vertex 87.429 -2.259 15.4056
      vertex 93.3244 -2.4056 15.259
      vertex 87.4244 -2.4056 15.259
    endloop
  endfacet
  facet normal 0 -0.397421 -0.917637
    outer loop
      vertex 87.4618 1.21481 16.0683
      vertex 93.3558 1.40507 15.9859
      vertex 93.3618 1.21481 16.0683
    endloop
  endfacet
  facet normal -0 -0.397421 -0.917637
    outer loop
      vertex 93.3558 1.40507 15.9859
      vertex 87.4618 1.21481 16.0683
      vertex 87.4558 1.40507 15.9859
    endloop
  endfacet
  facet normal -0 -0.890986 -0.454031
    outer loop
      vertex 93.3062 2.98593 14.4051
      vertex 87.4091 2.89181 14.5898
      vertex 87.4062 2.98593 14.4051
    endloop
  endfacet
  facet normal 0 -0.890986 -0.454031
    outer loop
      vertex 87.4091 2.89181 14.5898
      vertex 93.3062 2.98593 14.4051
      vertex 93.3091 2.89181 14.5898
    endloop
  endfacet
  facet normal 0 0.661334 -0.750091
    outer loop
      vertex 93.329 -2.259 15.4056
      vertex 87.4339 -2.1035 15.5427
      vertex 93.3339 -2.1035 15.5427
    endloop
  endfacet
  facet normal 0 0.661334 -0.750091
    outer loop
      vertex 87.4339 -2.1035 15.5427
      vertex 93.329 -2.259 15.4056
      vertex 87.429 -2.259 15.4056
    endloop
  endfacet
  facet normal -0 -0.975906 -0.218192
    outer loop
      vertex 93.2981 3.24155 13.6184
      vertex 87.3996 3.19632 13.8207
      vertex 87.3981 3.24155 13.6184
    endloop
  endfacet
  facet normal 0 -0.975906 -0.218192
    outer loop
      vertex 87.3996 3.19632 13.8207
      vertex 93.2981 3.24155 13.6184
      vertex 93.2996 3.19632 13.8207
    endloop
  endfacet
  facet normal 0 -0.338771 0.940869
    outer loop
      vertex 93.3618 1.21481 9.93174
      vertex 87.468 1.01976 9.86151
      vertex 93.368 1.01976 9.86151
    endloop
  endfacet
  facet normal 0 -0.338771 0.940869
    outer loop
      vertex 87.468 1.01976 9.86151
      vertex 93.3618 1.21481 9.93174
      vertex 87.4618 1.21481 9.93174
    endloop
  endfacet
  facet normal 0 -0.156431 0.987689
    outer loop
      vertex 93.3806 0.618358 9.75845
      vertex 87.487 0.413599 9.72602
      vertex 93.387 0.413599 9.72602
    endloop
  endfacet
  facet normal 0 -0.156431 0.987689
    outer loop
      vertex 87.487 0.413599 9.72602
      vertex 93.3806 0.618358 9.75845
      vertex 87.4806 0.618358 9.75845
    endloop
  endfacet
  facet normal 0 -0.661334 0.750091
    outer loop
      vertex 93.329 2.259 10.5944
      vertex 87.4339 2.1035 10.4573
      vertex 93.3339 2.1035 10.4573
    endloop
  endfacet
  facet normal 0 -0.661334 0.750091
    outer loop
      vertex 87.4339 2.1035 10.4573
      vertex 93.329 2.259 10.5944
      vertex 87.429 2.259 10.5944
    endloop
  endfacet
  facet normal 0 0.995562 -0.0941057
    outer loop
      vertex 93.2965 -3.29349 13.2072
      vertex 87.3971 -3.27398 13.4136
      vertex 93.2971 -3.27398 13.4136
    endloop
  endfacet
  facet normal 0 0.995562 -0.0941057
    outer loop
      vertex 87.3971 -3.27398 13.4136
      vertex 93.2965 -3.29349 13.2072
      vertex 87.3965 -3.29349 13.2072
    endloop
  endfacet
  facet normal 0 0.613015 -0.790071
    outer loop
      vertex 93.3339 -2.1035 15.5427
      vertex 87.439 -1.93969 15.6698
      vertex 93.339 -1.93969 15.6698
    endloop
  endfacet
  facet normal 0 0.613015 -0.790071
    outer loop
      vertex 87.439 -1.93969 15.6698
      vertex 93.3339 -2.1035 15.5427
      vertex 87.4339 -2.1035 15.5427
    endloop
  endfacet
  facet normal -0 -0.940841 -0.338848
    outer loop
      vertex 93.3014 3.13849 14.0198
      vertex 87.4036 3.06826 14.2148
      vertex 87.4014 3.13849 14.0198
    endloop
  endfacet
  facet normal 0 -0.940841 -0.338848
    outer loop
      vertex 87.4036 3.06826 14.2148
      vertex 93.3014 3.13849 14.0198
      vertex 93.3036 3.06826 14.2148
    endloop
  endfacet
  facet normal 0 0.453916 -0.891045
    outer loop
      vertex 93.35 -1.58979 15.8918
      vertex 87.4558 -1.40507 15.9859
      vertex 93.3558 -1.40507 15.9859
    endloop
  endfacet
  facet normal 0 0.453916 -0.891045
    outer loop
      vertex 87.4558 -1.40507 15.9859
      vertex 93.35 -1.58979 15.8918
      vertex 87.45 -1.58979 15.8918
    endloop
  endfacet
  facet normal -0 0.827151 0.56198
    outer loop
      vertex 87.4161 -2.66976 11.0603
      vertex 93.3124 -2.78628 11.2318
      vertex 93.3161 -2.66976 11.0603
    endloop
  endfacet
  facet normal 0 0.827151 0.56198
    outer loop
      vertex 93.3124 -2.78628 11.2318
      vertex 87.4161 -2.66976 11.0603
      vertex 87.4124 -2.78628 11.2318
    endloop
  endfacet
  facet normal -0 0.661334 0.750091
    outer loop
      vertex 87.4339 -2.1035 10.4573
      vertex 93.329 -2.259 10.5944
      vertex 93.3339 -2.1035 10.4573
    endloop
  endfacet
  facet normal 0 0.661334 0.750091
    outer loop
      vertex 93.329 -2.259 10.5944
      vertex 87.4339 -2.1035 10.4573
      vertex 87.429 -2.259 10.5944
    endloop
  endfacet
  facet normal -0 0.975906 0.218192
    outer loop
      vertex 87.3996 -3.19632 12.1793
      vertex 93.2981 -3.24155 12.3816
      vertex 93.2996 -3.19632 12.1793
    endloop
  endfacet
  facet normal 0 0.975906 0.218192
    outer loop
      vertex 93.2981 -3.24155 12.3816
      vertex 87.3996 -3.19632 12.1793
      vertex 87.3981 -3.24155 12.3816
    endloop
  endfacet
  facet normal -0 0.940841 0.338848
    outer loop
      vertex 87.4036 -3.06826 11.7852
      vertex 93.3014 -3.13849 11.9802
      vertex 93.3036 -3.06826 11.7852
    endloop
  endfacet
  facet normal 0 0.940841 0.338848
    outer loop
      vertex 93.3014 -3.13849 11.9802
      vertex 87.4036 -3.06826 11.7852
      vertex 87.4014 -3.13849 11.9802
    endloop
  endfacet
  facet normal 0 0.278817 -0.960344
    outer loop
      vertex 93.368 -1.01976 16.1385
      vertex 87.4742 -0.820676 16.1963
      vertex 93.3742 -0.820676 16.1963
    endloop
  endfacet
  facet normal 0 0.278817 -0.960344
    outer loop
      vertex 87.4742 -0.820676 16.1963
      vertex 93.368 -1.01976 16.1385
      vertex 87.468 -1.01976 16.1385
    endloop
  endfacet
  facet normal 0 -0.750115 0.661307
    outer loop
      vertex 87.4244 2.4056 10.741
      vertex 93.3201 2.54269 10.8965
      vertex 87.4201 2.54269 10.8965
    endloop
  endfacet
  facet normal 0 -0.750115 0.661307
    outer loop
      vertex 93.3201 2.54269 10.8965
      vertex 87.4244 2.4056 10.741
      vertex 93.3244 2.4056 10.741
    endloop
  endfacet
  facet normal 0 0.0940624 -0.995566
    outer loop
      vertex 93.387 -0.413599 16.274
      vertex 87.4935 -0.207209 16.2935
      vertex 93.3935 -0.207209 16.2935
    endloop
  endfacet
  facet normal 0 0.0940624 -0.995566
    outer loop
      vertex 87.4935 -0.207209 16.2935
      vertex 93.387 -0.413599 16.274
      vertex 87.487 -0.413599 16.274
    endloop
  endfacet
  facet normal -0 0.508937 0.860804
    outer loop
      vertex 87.45 -1.58979 10.1082
      vertex 93.3444 -1.76823 10.2137
      vertex 93.35 -1.58979 10.1082
    endloop
  endfacet
  facet normal 0 0.508937 0.860804
    outer loop
      vertex 93.3444 -1.76823 10.2137
      vertex 87.45 -1.58979 10.1082
      vertex 87.4444 -1.76823 10.2137
    endloop
  endfacet
  facet normal -0 -0.960312 -0.278929
    outer loop
      vertex 93.2996 3.19632 13.8207
      vertex 87.4014 3.13849 14.0198
      vertex 87.3996 3.19632 13.8207
    endloop
  endfacet
  facet normal 0 -0.960312 -0.278929
    outer loop
      vertex 87.4014 3.13849 14.0198
      vertex 93.2996 3.19632 13.8207
      vertex 93.3014 3.13849 14.0198
    endloop
  endfacet
  facet normal 0 0.156761 -0.987637
    outer loop
      vertex 93.3806 -0.618358 16.2415
      vertex 87.487 -0.413599 16.274
      vertex 93.387 -0.413599 16.274
    endloop
  endfacet
  facet normal 0 0.156761 -0.987637
    outer loop
      vertex 87.487 -0.413599 16.274
      vertex 93.3806 -0.618358 16.2415
      vertex 87.4806 -0.618358 16.2415
    endloop
  endfacet
  facet normal 0 0.750115 -0.661307
    outer loop
      vertex 93.3201 -2.54269 15.1035
      vertex 87.4244 -2.4056 15.259
      vertex 93.3244 -2.4056 15.259
    endloop
  endfacet
  facet normal 0 0.750115 -0.661307
    outer loop
      vertex 87.4244 -2.4056 15.259
      vertex 93.3201 -2.54269 15.1035
      vertex 87.4201 -2.54269 15.1035
    endloop
  endfacet
  facet normal 0 0.960312 -0.278929
    outer loop
      vertex 93.2996 -3.19632 13.8207
      vertex 87.4014 -3.13849 14.0198
      vertex 93.3014 -3.13849 14.0198
    endloop
  endfacet
  facet normal 0 0.960312 -0.278929
    outer loop
      vertex 87.4014 -3.13849 14.0198
      vertex 93.2996 -3.19632 13.8207
      vertex 87.3996 -3.19632 13.8207
    endloop
  endfacet
  facet normal 0 0.940841 -0.338848
    outer loop
      vertex 93.3014 -3.13849 14.0198
      vertex 87.4036 -3.06826 14.2148
      vertex 93.3036 -3.06826 14.2148
    endloop
  endfacet
  facet normal 0 0.940841 -0.338848
    outer loop
      vertex 87.4036 -3.06826 14.2148
      vertex 93.3014 -3.13849 14.0198
      vertex 87.4014 -3.13849 14.0198
    endloop
  endfacet
  facet normal 0 0.508937 -0.860804
    outer loop
      vertex 93.3444 -1.76823 15.7863
      vertex 87.45 -1.58979 15.8918
      vertex 93.35 -1.58979 15.8918
    endloop
  endfacet
  facet normal 0 0.508937 -0.860804
    outer loop
      vertex 87.45 -1.58979 15.8918
      vertex 93.3444 -1.76823 15.7863
      vertex 87.4444 -1.76823 15.7863
    endloop
  endfacet
  facet normal 0 -0.508937 -0.860804
    outer loop
      vertex 87.45 1.58979 15.8918
      vertex 93.3444 1.76823 15.7863
      vertex 93.35 1.58979 15.8918
    endloop
  endfacet
  facet normal -0 -0.508937 -0.860804
    outer loop
      vertex 93.3444 1.76823 15.7863
      vertex 87.45 1.58979 15.8918
      vertex 87.4444 1.76823 15.7863
    endloop
  endfacet
  facet normal 0 0.999507 -0.0314034
    outer loop
      vertex 93.2963 -3.3 13
      vertex 87.3965 -3.29349 13.2072
      vertex 93.2965 -3.29349 13.2072
    endloop
  endfacet
  facet normal 0 0.999507 -0.0314034
    outer loop
      vertex 87.3965 -3.29349 13.2072
      vertex 93.2963 -3.3 13
      vertex 87.3963 -3.3 13
    endloop
  endfacet
  facet normal 0 0.91779 -0.397066
    outer loop
      vertex 93.3036 -3.06826 14.2148
      vertex 87.4062 -2.98593 14.4051
      vertex 93.3062 -2.98593 14.4051
    endloop
  endfacet
  facet normal 0 0.91779 -0.397066
    outer loop
      vertex 87.4062 -2.98593 14.4051
      vertex 93.3036 -3.06826 14.2148
      vertex 87.4036 -3.06826 14.2148
    endloop
  endfacet
  facet normal 0 0.827151 -0.56198
    outer loop
      vertex 93.3124 -2.78628 14.7682
      vertex 87.4161 -2.66976 14.9397
      vertex 93.3161 -2.66976 14.9397
    endloop
  endfacet
  facet normal 0 0.827151 -0.56198
    outer loop
      vertex 87.4161 -2.66976 14.9397
      vertex 93.3124 -2.78628 14.7682
      vertex 87.4124 -2.78628 14.7682
    endloop
  endfacet
  facet normal 0 -0.987694 0.156401
    outer loop
      vertex 87.3981 3.24155 12.3816
      vertex 93.2971 3.27398 12.5864
      vertex 87.3971 3.27398 12.5864
    endloop
  endfacet
  facet normal 0 -0.987694 0.156401
    outer loop
      vertex 93.2971 3.27398 12.5864
      vertex 87.3981 3.24155 12.3816
      vertex 93.2981 3.24155 12.3816
    endloop
  endfacet
  facet normal 0 -0.790123 -0.612948
    outer loop
      vertex -93.3161 2.66976 14.9397
      vertex -87.4201 2.54269 15.1035
      vertex -93.3201 2.54269 15.1035
    endloop
  endfacet
  facet normal 0 -0.790123 -0.612948
    outer loop
      vertex -87.4201 2.54269 15.1035
      vertex -93.3161 2.66976 14.9397
      vertex -87.4161 2.66976 14.9397
    endloop
  endfacet
  facet normal 0 0.397421 -0.917637
    outer loop
      vertex -93.3558 -1.40507 15.9859
      vertex -87.4618 -1.21481 16.0683
      vertex -87.4558 -1.40507 15.9859
    endloop
  endfacet
  facet normal 0 0.397421 -0.917637
    outer loop
      vertex -87.4618 -1.21481 16.0683
      vertex -93.3558 -1.40507 15.9859
      vertex -93.3618 -1.21481 16.0683
    endloop
  endfacet
  facet normal 0 -0.338771 0.940869
    outer loop
      vertex -93.3618 1.21481 9.93174
      vertex -87.468 1.01976 9.86151
      vertex -87.4618 1.21481 9.93174
    endloop
  endfacet
  facet normal 0 -0.338771 0.940869
    outer loop
      vertex -87.468 1.01976 9.86151
      vertex -93.3618 1.21481 9.93174
      vertex -93.368 1.01976 9.86151
    endloop
  endfacet
  facet normal 0 -0.91779 0.397066
    outer loop
      vertex -87.4062 2.98593 11.5949
      vertex -93.3036 3.06826 11.7852
      vertex -93.3062 2.98593 11.5949
    endloop
  endfacet
  facet normal 0 -0.91779 0.397066
    outer loop
      vertex -93.3036 3.06826 11.7852
      vertex -87.4062 2.98593 11.5949
      vertex -87.4036 3.06826 11.7852
    endloop
  endfacet
  facet normal 0 0.156431 0.987689
    outer loop
      vertex -87.487 -0.413599 9.72602
      vertex -93.3806 -0.618358 9.75845
      vertex -87.4806 -0.618358 9.75845
    endloop
  endfacet
  facet normal 0 0.156431 0.987689
    outer loop
      vertex -93.3806 -0.618358 9.75845
      vertex -87.487 -0.413599 9.72602
      vertex -93.387 -0.413599 9.72602
    endloop
  endfacet
  facet normal 0 -0.661334 -0.750091
    outer loop
      vertex -87.4339 2.1035 15.5427
      vertex -93.329 2.259 15.4056
      vertex -87.429 2.259 15.4056
    endloop
  endfacet
  facet normal 0 -0.661334 -0.750091
    outer loop
      vertex -93.329 2.259 15.4056
      vertex -87.4339 2.1035 15.5427
      vertex -93.3339 2.1035 15.5427
    endloop
  endfacet
  facet normal 0 -0.562004 0.827135
    outer loop
      vertex -93.339 1.93969 10.3302
      vertex -87.4444 1.76823 10.2137
      vertex -87.439 1.93969 10.3302
    endloop
  endfacet
  facet normal 0 -0.562004 0.827135
    outer loop
      vertex -87.4444 1.76823 10.2137
      vertex -93.339 1.93969 10.3302
      vertex -93.3444 1.76823 10.2137
    endloop
  endfacet
  facet normal 0 -0.86069 0.509129
    outer loop
      vertex -87.4124 2.78628 11.2318
      vertex -93.3091 2.89181 11.4102
      vertex -93.3124 2.78628 11.2318
    endloop
  endfacet
  facet normal 0 -0.86069 0.509129
    outer loop
      vertex -93.3091 2.89181 11.4102
      vertex -87.4124 2.78628 11.2318
      vertex -87.4091 2.89181 11.4102
    endloop
  endfacet
  facet normal 0 -0.987694 -0.156401
    outer loop
      vertex -93.2971 3.27398 13.4136
      vertex -87.3981 3.24155 13.6184
      vertex -93.2981 3.24155 13.6184
    endloop
  endfacet
  facet normal 0 -0.987694 -0.156401
    outer loop
      vertex -87.3981 3.24155 13.6184
      vertex -93.2971 3.27398 13.4136
      vertex -87.3971 3.27398 13.4136
    endloop
  endfacet
  facet normal 0 -0.0314021 0.999507
    outer loop
      vertex -93.3935 0.207209 9.70651
      vertex -87.5 0 9.7
      vertex -87.4935 0.207209 9.70651
    endloop
  endfacet
  facet normal 0 -0.0314021 0.999507
    outer loop
      vertex -87.5 0 9.7
      vertex -93.3935 0.207209 9.70651
      vertex -93.4 0 9.7
    endloop
  endfacet
  facet normal 0 0.218127 0.97592
    outer loop
      vertex -87.4806 -0.618358 9.75845
      vertex -93.3742 -0.820676 9.80367
      vertex -87.4742 -0.820676 9.80367
    endloop
  endfacet
  facet normal 0 0.218127 0.97592
    outer loop
      vertex -93.3742 -0.820676 9.80367
      vertex -87.4806 -0.618358 9.75845
      vertex -93.3806 -0.618358 9.75845
    endloop
  endfacet
  facet normal 0 -0.86069 -0.509129
    outer loop
      vertex -93.3091 2.89181 14.5898
      vertex -87.4124 2.78628 14.7682
      vertex -93.3124 2.78628 14.7682
    endloop
  endfacet
  facet normal 0 -0.86069 -0.509129
    outer loop
      vertex -87.4124 2.78628 14.7682
      vertex -93.3091 2.89181 14.5898
      vertex -87.4091 2.89181 14.5898
    endloop
  endfacet
  facet normal 0 -0.707107 0.707107
    outer loop
      vertex -87.429 2.259 10.5944
      vertex -93.3244 2.4056 10.741
      vertex -93.329 2.259 10.5944
    endloop
  endfacet
  facet normal 0 -0.707107 0.707107
    outer loop
      vertex -93.3244 2.4056 10.741
      vertex -87.429 2.259 10.5944
      vertex -87.4244 2.4056 10.741
    endloop
  endfacet
  facet normal 0 0.338643 -0.940915
    outer loop
      vertex -93.3618 -1.21481 16.0683
      vertex -87.468 -1.01976 16.1385
      vertex -87.4618 -1.21481 16.0683
    endloop
  endfacet
  facet normal 0 0.338643 -0.940915
    outer loop
      vertex -87.468 -1.01976 16.1385
      vertex -93.3618 -1.21481 16.0683
      vertex -93.368 -1.01976 16.1385
    endloop
  endfacet
  facet normal 0 0.790123 0.612948
    outer loop
      vertex -87.4201 -2.54269 10.8965
      vertex -93.3161 -2.66976 11.0603
      vertex -87.4161 -2.66976 11.0603
    endloop
  endfacet
  facet normal 0 0.790123 0.612948
    outer loop
      vertex -93.3161 -2.66976 11.0603
      vertex -87.4201 -2.54269 10.8965
      vertex -93.3201 -2.54269 10.8965
    endloop
  endfacet
  facet normal 0 0.987694 -0.156401
    outer loop
      vertex -87.3971 -3.27398 13.4136
      vertex -93.2981 -3.24155 13.6184
      vertex -87.3981 -3.24155 13.6184
    endloop
  endfacet
  facet normal 0 0.987694 -0.156401
    outer loop
      vertex -93.2981 -3.24155 13.6184
      vertex -87.3971 -3.27398 13.4136
      vertex -93.2971 -3.27398 13.4136
    endloop
  endfacet
  facet normal 0 0.86069 0.509129
    outer loop
      vertex -87.4124 -2.78628 11.2318
      vertex -93.3091 -2.89181 11.4102
      vertex -87.4091 -2.89181 11.4102
    endloop
  endfacet
  facet normal 0 0.86069 0.509129
    outer loop
      vertex -93.3091 -2.89181 11.4102
      vertex -87.4124 -2.78628 11.2318
      vertex -93.3124 -2.78628 11.2318
    endloop
  endfacet
  facet normal 0 -0.613015 -0.790071
    outer loop
      vertex -87.439 1.93969 15.6698
      vertex -93.3339 2.1035 15.5427
      vertex -87.4339 2.1035 15.5427
    endloop
  endfacet
  facet normal 0 -0.613015 -0.790071
    outer loop
      vertex -93.3339 2.1035 15.5427
      vertex -87.439 1.93969 15.6698
      vertex -93.339 1.93969 15.6698
    endloop
  endfacet
  facet normal 0 0.999507 0.0314034
    outer loop
      vertex -87.3965 -3.29349 12.7928
      vertex -93.2963 -3.3 13
      vertex -87.3963 -3.3 13
    endloop
  endfacet
  facet normal 0 0.999507 0.0314034
    outer loop
      vertex -93.2963 -3.3 13
      vertex -87.3965 -3.29349 12.7928
      vertex -93.2965 -3.29349 12.7928
    endloop
  endfacet
  facet normal 0 0.0314021 0.999507
    outer loop
      vertex -87.5 0 9.7
      vertex -93.3935 -0.207209 9.70651
      vertex -87.4935 -0.207209 9.70651
    endloop
  endfacet
  facet normal 0 0.0314021 0.999507
    outer loop
      vertex -93.3935 -0.207209 9.70651
      vertex -87.5 0 9.7
      vertex -93.4 0 9.7
    endloop
  endfacet
  facet normal 0 0.995562 0.0941057
    outer loop
      vertex -87.3971 -3.27398 12.5864
      vertex -93.2965 -3.29349 12.7928
      vertex -87.3965 -3.29349 12.7928
    endloop
  endfacet
  facet normal 0 0.995562 0.0941057
    outer loop
      vertex -93.2965 -3.29349 12.7928
      vertex -87.3971 -3.27398 12.5864
      vertex -93.2971 -3.27398 12.5864
    endloop
  endfacet
  facet normal 0 -0.397258 0.917707
    outer loop
      vertex -93.3558 1.40507 10.0141
      vertex -87.4618 1.21481 9.93174
      vertex -87.4558 1.40507 10.0141
    endloop
  endfacet
  facet normal 0 -0.397258 0.917707
    outer loop
      vertex -87.4618 1.21481 9.93174
      vertex -93.3558 1.40507 10.0141
      vertex -93.3618 1.21481 9.93174
    endloop
  endfacet
  facet normal 0 -0.278994 0.960293
    outer loop
      vertex -93.368 1.01976 9.86151
      vertex -87.4742 0.820676 9.80367
      vertex -87.468 1.01976 9.86151
    endloop
  endfacet
  facet normal 0 -0.278994 0.960293
    outer loop
      vertex -87.4742 0.820676 9.80367
      vertex -93.368 1.01976 9.86151
      vertex -93.3742 0.820676 9.80367
    endloop
  endfacet
  facet normal 0 -0.613015 0.790071
    outer loop
      vertex -93.3339 2.1035 10.4573
      vertex -87.439 1.93969 10.3302
      vertex -87.4339 2.1035 10.4573
    endloop
  endfacet
  facet normal 0 -0.613015 0.790071
    outer loop
      vertex -87.439 1.93969 10.3302
      vertex -93.3339 2.1035 10.4573
      vertex -93.339 1.93969 10.3302
    endloop
  endfacet
  facet normal 0 0.397258 0.917707
    outer loop
      vertex -87.4618 -1.21481 9.93174
      vertex -93.3558 -1.40507 10.0141
      vertex -87.4558 -1.40507 10.0141
    endloop
  endfacet
  facet normal 0 0.397258 0.917707
    outer loop
      vertex -93.3558 -1.40507 10.0141
      vertex -87.4618 -1.21481 9.93174
      vertex -93.3618 -1.21481 9.93174
    endloop
  endfacet
  facet normal 0 -0.827151 0.56198
    outer loop
      vertex -87.4161 2.66976 11.0603
      vertex -93.3124 2.78628 11.2318
      vertex -93.3161 2.66976 11.0603
    endloop
  endfacet
  facet normal 0 -0.827151 0.56198
    outer loop
      vertex -93.3124 2.78628 11.2318
      vertex -87.4161 2.66976 11.0603
      vertex -87.4124 2.78628 11.2318
    endloop
  endfacet
  facet normal 0 -0.827151 -0.56198
    outer loop
      vertex -93.3124 2.78628 14.7682
      vertex -87.4161 2.66976 14.9397
      vertex -93.3161 2.66976 14.9397
    endloop
  endfacet
  facet normal 0 -0.827151 -0.56198
    outer loop
      vertex -87.4161 2.66976 14.9397
      vertex -93.3124 2.78628 14.7682
      vertex -87.4124 2.78628 14.7682
    endloop
  endfacet
  facet normal 0 0.890986 0.454031
    outer loop
      vertex -87.4091 -2.89181 11.4102
      vertex -93.3062 -2.98593 11.5949
      vertex -87.4062 -2.98593 11.5949
    endloop
  endfacet
  facet normal 0 0.890986 0.454031
    outer loop
      vertex -93.3062 -2.98593 11.5949
      vertex -87.4091 -2.89181 11.4102
      vertex -93.3091 -2.89181 11.4102
    endloop
  endfacet
  facet normal 0 -0.0941102 0.995562
    outer loop
      vertex -93.387 0.413599 9.72602
      vertex -87.4935 0.207209 9.70651
      vertex -87.487 0.413599 9.72602
    endloop
  endfacet
  facet normal 0 -0.0941102 0.995562
    outer loop
      vertex -87.4935 0.207209 9.70651
      vertex -93.387 0.413599 9.72602
      vertex -93.3935 0.207209 9.70651
    endloop
  endfacet
  facet normal 0 -0.890986 0.454031
    outer loop
      vertex -87.4091 2.89181 11.4102
      vertex -93.3062 2.98593 11.5949
      vertex -93.3091 2.89181 11.4102
    endloop
  endfacet
  facet normal 0 -0.890986 0.454031
    outer loop
      vertex -93.3062 2.98593 11.5949
      vertex -87.4091 2.89181 11.4102
      vertex -87.4062 2.98593 11.5949
    endloop
  endfacet
  facet normal 0 -0.960312 0.278929
    outer loop
      vertex -87.4014 3.13849 11.9802
      vertex -93.2996 3.19632 12.1793
      vertex -93.3014 3.13849 11.9802
    endloop
  endfacet
  facet normal 0 -0.960312 0.278929
    outer loop
      vertex -93.2996 3.19632 12.1793
      vertex -87.4014 3.13849 11.9802
      vertex -87.3996 3.19632 12.1793
    endloop
  endfacet
  facet normal 0 0.91779 0.397066
    outer loop
      vertex -87.4062 -2.98593 11.5949
      vertex -93.3036 -3.06826 11.7852
      vertex -87.4036 -3.06826 11.7852
    endloop
  endfacet
  facet normal 0 0.91779 0.397066
    outer loop
      vertex -93.3036 -3.06826 11.7852
      vertex -87.4062 -2.98593 11.5949
      vertex -93.3062 -2.98593 11.5949
    endloop
  endfacet
  facet normal 0 -0.999507 0.0314034
    outer loop
      vertex -93.2965 3.29349 12.7928
      vertex -87.3963 3.3 13
      vertex -93.2963 3.3 13
    endloop
  endfacet
  facet normal 0 -0.999507 0.0314034
    outer loop
      vertex -87.3963 3.3 13
      vertex -93.2965 3.29349 12.7928
      vertex -87.3965 3.29349 12.7928
    endloop
  endfacet
  facet normal 0 0.453916 0.891045
    outer loop
      vertex -87.4558 -1.40507 10.0141
      vertex -93.35 -1.58979 10.1082
      vertex -87.45 -1.58979 10.1082
    endloop
  endfacet
  facet normal 0 0.453916 0.891045
    outer loop
      vertex -93.35 -1.58979 10.1082
      vertex -87.4558 -1.40507 10.0141
      vertex -93.3558 -1.40507 10.0141
    endloop
  endfacet
  facet normal 0 -0.156761 -0.987637
    outer loop
      vertex -87.487 0.413599 16.274
      vertex -93.3806 0.618358 16.2415
      vertex -87.4806 0.618358 16.2415
    endloop
  endfacet
  facet normal 0 -0.156761 -0.987637
    outer loop
      vertex -93.3806 0.618358 16.2415
      vertex -87.487 0.413599 16.274
      vertex -93.387 0.413599 16.274
    endloop
  endfacet
  facet normal 0 0.987694 0.156401
    outer loop
      vertex -87.3981 -3.24155 12.3816
      vertex -93.2971 -3.27398 12.5864
      vertex -87.3971 -3.27398 12.5864
    endloop
  endfacet
  facet normal 0 0.987694 0.156401
    outer loop
      vertex -93.2971 -3.27398 12.5864
      vertex -87.3981 -3.24155 12.3816
      vertex -93.2981 -3.24155 12.3816
    endloop
  endfacet
  facet normal 0 0.790123 -0.612948
    outer loop
      vertex -93.3161 -2.66976 14.9397
      vertex -87.4201 -2.54269 15.1035
      vertex -87.4161 -2.66976 14.9397
    endloop
  endfacet
  facet normal 0 0.790123 -0.612948
    outer loop
      vertex -87.4201 -2.54269 15.1035
      vertex -93.3161 -2.66976 14.9397
      vertex -93.3201 -2.54269 15.1035
    endloop
  endfacet
  facet normal 0 0.338771 0.940869
    outer loop
      vertex -87.468 -1.01976 9.86151
      vertex -93.3618 -1.21481 9.93174
      vertex -87.4618 -1.21481 9.93174
    endloop
  endfacet
  facet normal 0 0.338771 0.940869
    outer loop
      vertex -93.3618 -1.21481 9.93174
      vertex -87.468 -1.01976 9.86151
      vertex -93.368 -1.01976 9.86151
    endloop
  endfacet
  facet normal 0 -0.940841 0.338848
    outer loop
      vertex -87.4036 3.06826 11.7852
      vertex -93.3014 3.13849 11.9802
      vertex -93.3036 3.06826 11.7852
    endloop
  endfacet
  facet normal 0 -0.940841 0.338848
    outer loop
      vertex -93.3014 3.13849 11.9802
      vertex -87.4036 3.06826 11.7852
      vertex -87.4014 3.13849 11.9802
    endloop
  endfacet
  facet normal 0 -0.508937 0.860804
    outer loop
      vertex -93.3444 1.76823 10.2137
      vertex -87.45 1.58979 10.1082
      vertex -87.4444 1.76823 10.2137
    endloop
  endfacet
  facet normal 0 -0.508937 0.860804
    outer loop
      vertex -87.45 1.58979 10.1082
      vertex -93.3444 1.76823 10.2137
      vertex -93.35 1.58979 10.1082
    endloop
  endfacet
  facet normal 0 0.707107 0.707107
    outer loop
      vertex -87.429 -2.259 10.5944
      vertex -93.3244 -2.4056 10.741
      vertex -87.4244 -2.4056 10.741
    endloop
  endfacet
  facet normal 0 0.707107 0.707107
    outer loop
      vertex -93.3244 -2.4056 10.741
      vertex -87.429 -2.259 10.5944
      vertex -93.329 -2.259 10.5944
    endloop
  endfacet
  facet normal 0 0.613015 0.790071
    outer loop
      vertex -87.439 -1.93969 10.3302
      vertex -93.3339 -2.1035 10.4573
      vertex -87.4339 -2.1035 10.4573
    endloop
  endfacet
  facet normal 0 0.613015 0.790071
    outer loop
      vertex -93.3339 -2.1035 10.4573
      vertex -87.439 -1.93969 10.3302
      vertex -93.339 -1.93969 10.3302
    endloop
  endfacet
  facet normal 0 -0.790123 0.612948
    outer loop
      vertex -87.4201 2.54269 10.8965
      vertex -93.3161 2.66976 11.0603
      vertex -93.3201 2.54269 10.8965
    endloop
  endfacet
  facet normal 0 -0.790123 0.612948
    outer loop
      vertex -93.3161 2.66976 11.0603
      vertex -87.4201 2.54269 10.8965
      vertex -87.4161 2.66976 11.0603
    endloop
  endfacet
  facet normal 0 0.562004 0.827135
    outer loop
      vertex -87.4444 -1.76823 10.2137
      vertex -93.339 -1.93969 10.3302
      vertex -87.439 -1.93969 10.3302
    endloop
  endfacet
  facet normal 0 0.562004 0.827135
    outer loop
      vertex -93.339 -1.93969 10.3302
      vertex -87.4444 -1.76823 10.2137
      vertex -93.3444 -1.76823 10.2137
    endloop
  endfacet
  facet normal 0 0.0941102 0.995562
    outer loop
      vertex -87.4935 -0.207209 9.70651
      vertex -93.387 -0.413599 9.72602
      vertex -87.487 -0.413599 9.72602
    endloop
  endfacet
  facet normal 0 0.0941102 0.995562
    outer loop
      vertex -93.387 -0.413599 9.72602
      vertex -87.4935 -0.207209 9.70651
      vertex -93.3935 -0.207209 9.70651
    endloop
  endfacet
  facet normal 0 -0.0313539 -0.999508
    outer loop
      vertex -87.5 0 16.3
      vertex -93.3935 0.207209 16.2935
      vertex -87.4935 0.207209 16.2935
    endloop
  endfacet
  facet normal 0 -0.0313539 -0.999508
    outer loop
      vertex -93.3935 0.207209 16.2935
      vertex -87.5 0 16.3
      vertex -93.4 0 16.3
    endloop
  endfacet
  facet normal 0 -0.91779 -0.397066
    outer loop
      vertex -93.3036 3.06826 14.2148
      vertex -87.4062 2.98593 14.4051
      vertex -93.3062 2.98593 14.4051
    endloop
  endfacet
  facet normal 0 -0.91779 -0.397066
    outer loop
      vertex -87.4062 2.98593 14.4051
      vertex -93.3036 3.06826 14.2148
      vertex -87.4036 3.06826 14.2148
    endloop
  endfacet
  facet normal 0 0.890986 -0.454031
    outer loop
      vertex -93.3062 -2.98593 14.4051
      vertex -87.4091 -2.89181 14.5898
      vertex -87.4062 -2.98593 14.4051
    endloop
  endfacet
  facet normal 0 0.890986 -0.454031
    outer loop
      vertex -87.4091 -2.89181 14.5898
      vertex -93.3062 -2.98593 14.4051
      vertex -93.3091 -2.89181 14.5898
    endloop
  endfacet
  facet normal 0 -0.453916 0.891045
    outer loop
      vertex -93.35 1.58979 10.1082
      vertex -87.4558 1.40507 10.0141
      vertex -87.45 1.58979 10.1082
    endloop
  endfacet
  facet normal 0 -0.453916 0.891045
    outer loop
      vertex -87.4558 1.40507 10.0141
      vertex -93.35 1.58979 10.1082
      vertex -93.3558 1.40507 10.0141
    endloop
  endfacet
  facet normal 0 -0.562004 -0.827135
    outer loop
      vertex -87.4444 1.76823 15.7863
      vertex -93.339 1.93969 15.6698
      vertex -87.439 1.93969 15.6698
    endloop
  endfacet
  facet normal 0 -0.562004 -0.827135
    outer loop
      vertex -93.339 1.93969 15.6698
      vertex -87.4444 1.76823 15.7863
      vertex -93.3444 1.76823 15.7863
    endloop
  endfacet
  facet normal 0 0.0313539 -0.999508
    outer loop
      vertex -93.3935 -0.207209 16.2935
      vertex -87.5 0 16.3
      vertex -87.4935 -0.207209 16.2935
    endloop
  endfacet
  facet normal 0 0.0313539 -0.999508
    outer loop
      vertex -87.5 0 16.3
      vertex -93.3935 -0.207209 16.2935
      vertex -93.4 0 16.3
    endloop
  endfacet
  facet normal 0 0.562004 -0.827135
    outer loop
      vertex -93.339 -1.93969 15.6698
      vertex -87.4444 -1.76823 15.7863
      vertex -87.439 -1.93969 15.6698
    endloop
  endfacet
  facet normal 0 0.562004 -0.827135
    outer loop
      vertex -87.4444 -1.76823 15.7863
      vertex -93.339 -1.93969 15.6698
      vertex -93.3444 -1.76823 15.7863
    endloop
  endfacet
  facet normal 0 -0.453916 -0.891045
    outer loop
      vertex -87.4558 1.40507 15.9859
      vertex -93.35 1.58979 15.8918
      vertex -87.45 1.58979 15.8918
    endloop
  endfacet
  facet normal 0 -0.453916 -0.891045
    outer loop
      vertex -93.35 1.58979 15.8918
      vertex -87.4558 1.40507 15.9859
      vertex -93.3558 1.40507 15.9859
    endloop
  endfacet
  facet normal 0 -0.338643 -0.940915
    outer loop
      vertex -87.468 1.01976 16.1385
      vertex -93.3618 1.21481 16.0683
      vertex -87.4618 1.21481 16.0683
    endloop
  endfacet
  facet normal 0 -0.338643 -0.940915
    outer loop
      vertex -93.3618 1.21481 16.0683
      vertex -87.468 1.01976 16.1385
      vertex -93.368 1.01976 16.1385
    endloop
  endfacet
  facet normal 0 -0.218036 -0.975941
    outer loop
      vertex -87.4806 0.618358 16.2415
      vertex -93.3742 0.820676 16.1963
      vertex -87.4742 0.820676 16.1963
    endloop
  endfacet
  facet normal 0 -0.218036 -0.975941
    outer loop
      vertex -93.3742 0.820676 16.1963
      vertex -87.4806 0.618358 16.2415
      vertex -93.3806 0.618358 16.2415
    endloop
  endfacet
  facet normal 0 -0.995562 -0.0941057
    outer loop
      vertex -93.2965 3.29349 13.2072
      vertex -87.3971 3.27398 13.4136
      vertex -93.2971 3.27398 13.4136
    endloop
  endfacet
  facet normal 0 -0.995562 -0.0941057
    outer loop
      vertex -87.3971 3.27398 13.4136
      vertex -93.2965 3.29349 13.2072
      vertex -87.3965 3.29349 13.2072
    endloop
  endfacet
  facet normal 0 -0.707107 -0.707107
    outer loop
      vertex -93.3244 2.4056 15.259
      vertex -87.429 2.259 15.4056
      vertex -93.329 2.259 15.4056
    endloop
  endfacet
  facet normal 0 -0.707107 -0.707107
    outer loop
      vertex -87.429 2.259 15.4056
      vertex -93.3244 2.4056 15.259
      vertex -87.4244 2.4056 15.259
    endloop
  endfacet
  facet normal 0 0.278994 0.960293
    outer loop
      vertex -87.4742 -0.820676 9.80367
      vertex -93.368 -1.01976 9.86151
      vertex -87.468 -1.01976 9.86151
    endloop
  endfacet
  facet normal 0 0.278994 0.960293
    outer loop
      vertex -93.368 -1.01976 9.86151
      vertex -87.4742 -0.820676 9.80367
      vertex -93.3742 -0.820676 9.80367
    endloop
  endfacet
  facet normal 0 -0.750115 -0.661307
    outer loop
      vertex -93.3201 2.54269 15.1035
      vertex -87.4244 2.4056 15.259
      vertex -93.3244 2.4056 15.259
    endloop
  endfacet
  facet normal 0 -0.750115 -0.661307
    outer loop
      vertex -87.4244 2.4056 15.259
      vertex -93.3201 2.54269 15.1035
      vertex -87.4201 2.54269 15.1035
    endloop
  endfacet
  facet normal 0 0.750115 0.661307
    outer loop
      vertex -87.4244 -2.4056 10.741
      vertex -93.3201 -2.54269 10.8965
      vertex -87.4201 -2.54269 10.8965
    endloop
  endfacet
  facet normal 0 0.750115 0.661307
    outer loop
      vertex -93.3201 -2.54269 10.8965
      vertex -87.4244 -2.4056 10.741
      vertex -93.3244 -2.4056 10.741
    endloop
  endfacet
  facet normal 0 -0.0940624 -0.995566
    outer loop
      vertex -87.4935 0.207209 16.2935
      vertex -93.387 0.413599 16.274
      vertex -87.487 0.413599 16.274
    endloop
  endfacet
  facet normal 0 -0.0940624 -0.995566
    outer loop
      vertex -93.387 0.413599 16.274
      vertex -87.4935 0.207209 16.2935
      vertex -93.3935 0.207209 16.2935
    endloop
  endfacet
  facet normal 0 -0.995562 0.0941057
    outer loop
      vertex -93.2971 3.27398 12.5864
      vertex -87.3965 3.29349 12.7928
      vertex -93.2965 3.29349 12.7928
    endloop
  endfacet
  facet normal 0 -0.995562 0.0941057
    outer loop
      vertex -87.3965 3.29349 12.7928
      vertex -93.2971 3.27398 12.5864
      vertex -87.3971 3.27398 12.5864
    endloop
  endfacet
  facet normal 0 -0.218127 0.97592
    outer loop
      vertex -93.3742 0.820676 9.80367
      vertex -87.4806 0.618358 9.75845
      vertex -87.4742 0.820676 9.80367
    endloop
  endfacet
  facet normal 0 -0.218127 0.97592
    outer loop
      vertex -87.4806 0.618358 9.75845
      vertex -93.3742 0.820676 9.80367
      vertex -93.3806 0.618358 9.75845
    endloop
  endfacet
  facet normal 0 -0.278817 -0.960344
    outer loop
      vertex -87.4742 0.820676 16.1963
      vertex -93.368 1.01976 16.1385
      vertex -87.468 1.01976 16.1385
    endloop
  endfacet
  facet normal 0 -0.278817 -0.960344
    outer loop
      vertex -93.368 1.01976 16.1385
      vertex -87.4742 0.820676 16.1963
      vertex -93.3742 0.820676 16.1963
    endloop
  endfacet
  facet normal 0 -0.999507 -0.0314034
    outer loop
      vertex -93.2963 3.3 13
      vertex -87.3965 3.29349 13.2072
      vertex -93.2965 3.29349 13.2072
    endloop
  endfacet
  facet normal 0 -0.999507 -0.0314034
    outer loop
      vertex -87.3965 3.29349 13.2072
      vertex -93.2963 3.3 13
      vertex -87.3963 3.3 13
    endloop
  endfacet
  facet normal 0 0.218036 -0.975941
    outer loop
      vertex -93.3742 -0.820676 16.1963
      vertex -87.4806 -0.618358 16.2415
      vertex -87.4742 -0.820676 16.1963
    endloop
  endfacet
  facet normal 0 0.218036 -0.975941
    outer loop
      vertex -87.4806 -0.618358 16.2415
      vertex -93.3742 -0.820676 16.1963
      vertex -93.3806 -0.618358 16.2415
    endloop
  endfacet
  facet normal 0 0.960312 0.278929
    outer loop
      vertex -87.4014 -3.13849 11.9802
      vertex -93.2996 -3.19632 12.1793
      vertex -87.3996 -3.19632 12.1793
    endloop
  endfacet
  facet normal 0 0.960312 0.278929
    outer loop
      vertex -93.2996 -3.19632 12.1793
      vertex -87.4014 -3.13849 11.9802
      vertex -93.3014 -3.13849 11.9802
    endloop
  endfacet
  facet normal 0 0.707107 -0.707107
    outer loop
      vertex -93.3244 -2.4056 15.259
      vertex -87.429 -2.259 15.4056
      vertex -87.4244 -2.4056 15.259
    endloop
  endfacet
  facet normal 0 0.707107 -0.707107
    outer loop
      vertex -87.429 -2.259 15.4056
      vertex -93.3244 -2.4056 15.259
      vertex -93.329 -2.259 15.4056
    endloop
  endfacet
  facet normal 0 -0.397421 -0.917637
    outer loop
      vertex -87.4618 1.21481 16.0683
      vertex -93.3558 1.40507 15.9859
      vertex -87.4558 1.40507 15.9859
    endloop
  endfacet
  facet normal 0 -0.397421 -0.917637
    outer loop
      vertex -93.3558 1.40507 15.9859
      vertex -87.4618 1.21481 16.0683
      vertex -93.3618 1.21481 16.0683
    endloop
  endfacet
  facet normal 0 -0.890986 -0.454031
    outer loop
      vertex -93.3062 2.98593 14.4051
      vertex -87.4091 2.89181 14.5898
      vertex -93.3091 2.89181 14.5898
    endloop
  endfacet
  facet normal 0 -0.890986 -0.454031
    outer loop
      vertex -87.4091 2.89181 14.5898
      vertex -93.3062 2.98593 14.4051
      vertex -87.4062 2.98593 14.4051
    endloop
  endfacet
  facet normal 0 0.661334 -0.750091
    outer loop
      vertex -93.329 -2.259 15.4056
      vertex -87.4339 -2.1035 15.5427
      vertex -87.429 -2.259 15.4056
    endloop
  endfacet
  facet normal 0 0.661334 -0.750091
    outer loop
      vertex -87.4339 -2.1035 15.5427
      vertex -93.329 -2.259 15.4056
      vertex -93.3339 -2.1035 15.5427
    endloop
  endfacet
  facet normal 0 -0.975906 -0.218192
    outer loop
      vertex -93.2981 3.24155 13.6184
      vertex -87.3996 3.19632 13.8207
      vertex -93.2996 3.19632 13.8207
    endloop
  endfacet
  facet normal 0 -0.975906 -0.218192
    outer loop
      vertex -87.3996 3.19632 13.8207
      vertex -93.2981 3.24155 13.6184
      vertex -87.3981 3.24155 13.6184
    endloop
  endfacet
  facet normal 0 -0.156431 0.987689
    outer loop
      vertex -93.3806 0.618358 9.75845
      vertex -87.487 0.413599 9.72602
      vertex -87.4806 0.618358 9.75845
    endloop
  endfacet
  facet normal 0 -0.156431 0.987689
    outer loop
      vertex -87.487 0.413599 9.72602
      vertex -93.3806 0.618358 9.75845
      vertex -93.387 0.413599 9.72602
    endloop
  endfacet
  facet normal 0 -0.661334 0.750091
    outer loop
      vertex -93.329 2.259 10.5944
      vertex -87.4339 2.1035 10.4573
      vertex -87.429 2.259 10.5944
    endloop
  endfacet
  facet normal 0 -0.661334 0.750091
    outer loop
      vertex -87.4339 2.1035 10.4573
      vertex -93.329 2.259 10.5944
      vertex -93.3339 2.1035 10.4573
    endloop
  endfacet
  facet normal 0 0.995562 -0.0941057
    outer loop
      vertex -87.3965 -3.29349 13.2072
      vertex -93.2971 -3.27398 13.4136
      vertex -87.3971 -3.27398 13.4136
    endloop
  endfacet
  facet normal 0 0.995562 -0.0941057
    outer loop
      vertex -93.2971 -3.27398 13.4136
      vertex -87.3965 -3.29349 13.2072
      vertex -93.2965 -3.29349 13.2072
    endloop
  endfacet
  facet normal 0 0.613015 -0.790071
    outer loop
      vertex -93.3339 -2.1035 15.5427
      vertex -87.439 -1.93969 15.6698
      vertex -87.4339 -2.1035 15.5427
    endloop
  endfacet
  facet normal 0 0.613015 -0.790071
    outer loop
      vertex -87.439 -1.93969 15.6698
      vertex -93.3339 -2.1035 15.5427
      vertex -93.339 -1.93969 15.6698
    endloop
  endfacet
  facet normal 0 -0.940841 -0.338848
    outer loop
      vertex -93.3014 3.13849 14.0198
      vertex -87.4036 3.06826 14.2148
      vertex -93.3036 3.06826 14.2148
    endloop
  endfacet
  facet normal 0 -0.940841 -0.338848
    outer loop
      vertex -87.4036 3.06826 14.2148
      vertex -93.3014 3.13849 14.0198
      vertex -87.4014 3.13849 14.0198
    endloop
  endfacet
  facet normal 0 0.453916 -0.891045
    outer loop
      vertex -93.35 -1.58979 15.8918
      vertex -87.4558 -1.40507 15.9859
      vertex -87.45 -1.58979 15.8918
    endloop
  endfacet
  facet normal 0 0.453916 -0.891045
    outer loop
      vertex -87.4558 -1.40507 15.9859
      vertex -93.35 -1.58979 15.8918
      vertex -93.3558 -1.40507 15.9859
    endloop
  endfacet
  facet normal 0 0.0940624 -0.995566
    outer loop
      vertex -93.387 -0.413599 16.274
      vertex -87.4935 -0.207209 16.2935
      vertex -87.487 -0.413599 16.274
    endloop
  endfacet
  facet normal 0 0.0940624 -0.995566
    outer loop
      vertex -87.4935 -0.207209 16.2935
      vertex -93.387 -0.413599 16.274
      vertex -93.3935 -0.207209 16.2935
    endloop
  endfacet
  facet normal 0 0.827151 0.56198
    outer loop
      vertex -87.4161 -2.66976 11.0603
      vertex -93.3124 -2.78628 11.2318
      vertex -87.4124 -2.78628 11.2318
    endloop
  endfacet
  facet normal 0 0.827151 0.56198
    outer loop
      vertex -93.3124 -2.78628 11.2318
      vertex -87.4161 -2.66976 11.0603
      vertex -93.3161 -2.66976 11.0603
    endloop
  endfacet
  facet normal 0 0.661334 0.750091
    outer loop
      vertex -87.4339 -2.1035 10.4573
      vertex -93.329 -2.259 10.5944
      vertex -87.429 -2.259 10.5944
    endloop
  endfacet
  facet normal 0 0.661334 0.750091
    outer loop
      vertex -93.329 -2.259 10.5944
      vertex -87.4339 -2.1035 10.4573
      vertex -93.3339 -2.1035 10.4573
    endloop
  endfacet
  facet normal 0 0.975906 0.218192
    outer loop
      vertex -87.3996 -3.19632 12.1793
      vertex -93.2981 -3.24155 12.3816
      vertex -87.3981 -3.24155 12.3816
    endloop
  endfacet
  facet normal 0 0.975906 0.218192
    outer loop
      vertex -93.2981 -3.24155 12.3816
      vertex -87.3996 -3.19632 12.1793
      vertex -93.2996 -3.19632 12.1793
    endloop
  endfacet
  facet normal 0 0.940841 0.338848
    outer loop
      vertex -87.4036 -3.06826 11.7852
      vertex -93.3014 -3.13849 11.9802
      vertex -87.4014 -3.13849 11.9802
    endloop
  endfacet
  facet normal 0 0.940841 0.338848
    outer loop
      vertex -93.3014 -3.13849 11.9802
      vertex -87.4036 -3.06826 11.7852
      vertex -93.3036 -3.06826 11.7852
    endloop
  endfacet
  facet normal 0 0.278817 -0.960344
    outer loop
      vertex -93.368 -1.01976 16.1385
      vertex -87.4742 -0.820676 16.1963
      vertex -87.468 -1.01976 16.1385
    endloop
  endfacet
  facet normal 0 0.278817 -0.960344
    outer loop
      vertex -87.4742 -0.820676 16.1963
      vertex -93.368 -1.01976 16.1385
      vertex -93.3742 -0.820676 16.1963
    endloop
  endfacet
  facet normal 0 0.508937 -0.860804
    outer loop
      vertex -93.3444 -1.76823 15.7863
      vertex -87.45 -1.58979 15.8918
      vertex -87.4444 -1.76823 15.7863
    endloop
  endfacet
  facet normal 0 0.508937 -0.860804
    outer loop
      vertex -87.45 -1.58979 15.8918
      vertex -93.3444 -1.76823 15.7863
      vertex -93.35 -1.58979 15.8918
    endloop
  endfacet
  facet normal 0 -0.750115 0.661307
    outer loop
      vertex -87.4244 2.4056 10.741
      vertex -93.3201 2.54269 10.8965
      vertex -93.3244 2.4056 10.741
    endloop
  endfacet
  facet normal 0 -0.750115 0.661307
    outer loop
      vertex -93.3201 2.54269 10.8965
      vertex -87.4244 2.4056 10.741
      vertex -87.4201 2.54269 10.8965
    endloop
  endfacet
  facet normal 0 0.508937 0.860804
    outer loop
      vertex -87.45 -1.58979 10.1082
      vertex -93.3444 -1.76823 10.2137
      vertex -87.4444 -1.76823 10.2137
    endloop
  endfacet
  facet normal 0 0.508937 0.860804
    outer loop
      vertex -93.3444 -1.76823 10.2137
      vertex -87.45 -1.58979 10.1082
      vertex -93.35 -1.58979 10.1082
    endloop
  endfacet
  facet normal 0 -0.960312 -0.278929
    outer loop
      vertex -93.2996 3.19632 13.8207
      vertex -87.4014 3.13849 14.0198
      vertex -93.3014 3.13849 14.0198
    endloop
  endfacet
  facet normal 0 -0.960312 -0.278929
    outer loop
      vertex -87.4014 3.13849 14.0198
      vertex -93.2996 3.19632 13.8207
      vertex -87.3996 3.19632 13.8207
    endloop
  endfacet
  facet normal 0 0.156761 -0.987637
    outer loop
      vertex -93.3806 -0.618358 16.2415
      vertex -87.487 -0.413599 16.274
      vertex -87.4806 -0.618358 16.2415
    endloop
  endfacet
  facet normal 0 0.156761 -0.987637
    outer loop
      vertex -87.487 -0.413599 16.274
      vertex -93.3806 -0.618358 16.2415
      vertex -93.387 -0.413599 16.274
    endloop
  endfacet
  facet normal 0 0.750115 -0.661307
    outer loop
      vertex -93.3201 -2.54269 15.1035
      vertex -87.4244 -2.4056 15.259
      vertex -87.4201 -2.54269 15.1035
    endloop
  endfacet
  facet normal 0 0.750115 -0.661307
    outer loop
      vertex -87.4244 -2.4056 15.259
      vertex -93.3201 -2.54269 15.1035
      vertex -93.3244 -2.4056 15.259
    endloop
  endfacet
  facet normal 0 0.960312 -0.278929
    outer loop
      vertex -93.2996 -3.19632 13.8207
      vertex -87.4014 -3.13849 14.0198
      vertex -87.3996 -3.19632 13.8207
    endloop
  endfacet
  facet normal 0 0.960312 -0.278929
    outer loop
      vertex -87.4014 -3.13849 14.0198
      vertex -93.2996 -3.19632 13.8207
      vertex -93.3014 -3.13849 14.0198
    endloop
  endfacet
  facet normal 0 0.86069 -0.509129
    outer loop
      vertex -93.3091 -2.89181 14.5898
      vertex -87.4124 -2.78628 14.7682
      vertex -87.4091 -2.89181 14.5898
    endloop
  endfacet
  facet normal 0 0.86069 -0.509129
    outer loop
      vertex -87.4124 -2.78628 14.7682
      vertex -93.3091 -2.89181 14.5898
      vertex -93.3124 -2.78628 14.7682
    endloop
  endfacet
  facet normal 0 0.940841 -0.338848
    outer loop
      vertex -93.3014 -3.13849 14.0198
      vertex -87.4036 -3.06826 14.2148
      vertex -87.4014 -3.13849 14.0198
    endloop
  endfacet
  facet normal 0 0.940841 -0.338848
    outer loop
      vertex -87.4036 -3.06826 14.2148
      vertex -93.3014 -3.13849 14.0198
      vertex -93.3036 -3.06826 14.2148
    endloop
  endfacet
  facet normal 0 0.975906 -0.218192
    outer loop
      vertex -93.2981 -3.24155 13.6184
      vertex -87.3996 -3.19632 13.8207
      vertex -87.3981 -3.24155 13.6184
    endloop
  endfacet
  facet normal 0 0.975906 -0.218192
    outer loop
      vertex -87.3996 -3.19632 13.8207
      vertex -93.2981 -3.24155 13.6184
      vertex -93.2996 -3.19632 13.8207
    endloop
  endfacet
  facet normal 0 -0.508937 -0.860804
    outer loop
      vertex -87.45 1.58979 15.8918
      vertex -93.3444 1.76823 15.7863
      vertex -87.4444 1.76823 15.7863
    endloop
  endfacet
  facet normal 0 -0.508937 -0.860804
    outer loop
      vertex -93.3444 1.76823 15.7863
      vertex -87.45 1.58979 15.8918
      vertex -93.35 1.58979 15.8918
    endloop
  endfacet
  facet normal 0 0.999507 -0.0314034
    outer loop
      vertex -87.3963 -3.3 13
      vertex -93.2965 -3.29349 13.2072
      vertex -87.3965 -3.29349 13.2072
    endloop
  endfacet
  facet normal 0 0.999507 -0.0314034
    outer loop
      vertex -93.2965 -3.29349 13.2072
      vertex -87.3963 -3.3 13
      vertex -93.2963 -3.3 13
    endloop
  endfacet
  facet normal 0 0.91779 -0.397066
    outer loop
      vertex -93.3036 -3.06826 14.2148
      vertex -87.4062 -2.98593 14.4051
      vertex -87.4036 -3.06826 14.2148
    endloop
  endfacet
  facet normal 0 0.91779 -0.397066
    outer loop
      vertex -87.4062 -2.98593 14.4051
      vertex -93.3036 -3.06826 14.2148
      vertex -93.3062 -2.98593 14.4051
    endloop
  endfacet
  facet normal 0 -0.975906 0.218192
    outer loop
      vertex -87.3996 3.19632 12.1793
      vertex -93.2981 3.24155 12.3816
      vertex -93.2996 3.19632 12.1793
    endloop
  endfacet
  facet normal 0 -0.975906 0.218192
    outer loop
      vertex -93.2981 3.24155 12.3816
      vertex -87.3996 3.19632 12.1793
      vertex -87.3981 3.24155 12.3816
    endloop
  endfacet
  facet normal 0 0.827151 -0.56198
    outer loop
      vertex -93.3124 -2.78628 14.7682
      vertex -87.4161 -2.66976 14.9397
      vertex -87.4124 -2.78628 14.7682
    endloop
  endfacet
  facet normal 0 0.827151 -0.56198
    outer loop
      vertex -87.4161 -2.66976 14.9397
      vertex -93.3124 -2.78628 14.7682
      vertex -93.3161 -2.66976 14.9397
    endloop
  endfacet
  facet normal 0 -0.987694 0.156401
    outer loop
      vertex -93.2981 3.24155 12.3816
      vertex -87.3971 3.27398 12.5864
      vertex -93.2971 3.27398 12.5864
    endloop
  endfacet
  facet normal 0 -0.987694 0.156401
    outer loop
      vertex -87.3971 3.27398 12.5864
      vertex -93.2981 3.24155 12.3816
      vertex -87.3981 3.24155 12.3816
    endloop
  endfacet
  facet normal 0.612925 -0.790141 0
    outer loop
      vertex -2.1035 2.54269 0
      vertex -1.93969 2.66976 13
      vertex -2.1035 2.54269 13
    endloop
  endfacet
  facet normal 0.612925 -0.790141 0
    outer loop
      vertex -1.93969 2.66976 13
      vertex -2.1035 2.54269 0
      vertex -1.93969 2.66976 0
    endloop
  endfacet
  facet normal -0.995562 -0.0941102 0
    outer loop
      vertex 3.29349 0.207209 0
      vertex 3.27398 0.413599 13
      vertex 3.27398 0.413599 0
    endloop
  endfacet
  facet normal -0.995562 -0.0941102 0
    outer loop
      vertex 3.27398 0.413599 13
      vertex 3.29349 0.207209 0
      vertex 3.29349 0.207209 13
    endloop
  endfacet
  facet normal -0.999507 -0.0314021 0
    outer loop
      vertex 3.3 0 0
      vertex 3.29349 0.207209 13
      vertex 3.29349 0.207209 0
    endloop
  endfacet
  facet normal -0.999507 -0.0314021 0
    outer loop
      vertex 3.29349 0.207209 13
      vertex 3.3 0 0
      vertex 3.3 0 13
    endloop
  endfacet
  facet normal -0.397136 -0.91776 0
    outer loop
      vertex 1.21481 3.06826 0
      vertex 1.40507 2.98593 13
      vertex 1.21481 3.06826 13
    endloop
  endfacet
  facet normal -0.397136 -0.91776 -0
    outer loop
      vertex 1.40507 2.98593 13
      vertex 1.21481 3.06826 0
      vertex 1.40507 2.98593 0
    endloop
  endfacet
  facet normal 0.750115 -0.661307 0
    outer loop
      vertex -2.54269 2.1035 13
      vertex -2.4056 2.259 0
      vertex -2.4056 2.259 13
    endloop
  endfacet
  facet normal 0.750115 -0.661307 0
    outer loop
      vertex -2.4056 2.259 0
      vertex -2.54269 2.1035 13
      vertex -2.54269 2.1035 0
    endloop
  endfacet
  facet normal 0.0941102 0.995562 -0
    outer loop
      vertex -0.207209 -3.29349 0
      vertex -0.413599 -3.27398 13
      vertex -0.207209 -3.29349 13
    endloop
  endfacet
  facet normal 0.0941102 0.995562 0
    outer loop
      vertex -0.413599 -3.27398 13
      vertex -0.207209 -3.29349 0
      vertex -0.413599 -3.27398 0
    endloop
  endfacet
  facet normal -0.0314021 -0.999507 0
    outer loop
      vertex 0 3.3 0
      vertex 0.207209 3.29349 13
      vertex 0 3.3 13
    endloop
  endfacet
  facet normal -0.0314021 -0.999507 -0
    outer loop
      vertex 0.207209 3.29349 13
      vertex 0 3.3 0
      vertex 0.207209 3.29349 0
    endloop
  endfacet
  facet normal -0.707107 0.707107 0
    outer loop
      vertex 2.259 -2.4056 0
      vertex 2.4056 -2.259 13
      vertex 2.4056 -2.259 0
    endloop
  endfacet
  facet normal -0.707107 0.707107 0
    outer loop
      vertex 2.4056 -2.259 13
      vertex 2.259 -2.4056 0
      vertex 2.259 -2.4056 13
    endloop
  endfacet
  facet normal -0.987689 0.156431 0
    outer loop
      vertex 3.24155 -0.618358 0
      vertex 3.27398 -0.413599 13
      vertex 3.27398 -0.413599 0
    endloop
  endfacet
  facet normal -0.987689 0.156431 0
    outer loop
      vertex 3.27398 -0.413599 13
      vertex 3.24155 -0.618358 0
      vertex 3.24155 -0.618358 13
    endloop
  endfacet
  facet normal 0.661307 -0.750115 0
    outer loop
      vertex -2.259 2.4056 0
      vertex -2.1035 2.54269 13
      vertex -2.259 2.4056 13
    endloop
  endfacet
  facet normal 0.661307 -0.750115 0
    outer loop
      vertex -2.1035 2.54269 13
      vertex -2.259 2.4056 0
      vertex -2.1035 2.54269 0
    endloop
  endfacet
  facet normal -0.612925 0.790141 0
    outer loop
      vertex 2.1035 -2.54269 0
      vertex 1.93969 -2.66976 13
      vertex 2.1035 -2.54269 13
    endloop
  endfacet
  facet normal -0.612925 0.790141 0
    outer loop
      vertex 1.93969 -2.66976 13
      vertex 2.1035 -2.54269 0
      vertex 1.93969 -2.66976 0
    endloop
  endfacet
  facet normal 0.891006 -0.453992 0
    outer loop
      vertex -2.98593 1.40507 13
      vertex -2.89181 1.58979 0
      vertex -2.89181 1.58979 13
    endloop
  endfacet
  facet normal 0.891006 -0.453992 0
    outer loop
      vertex -2.89181 1.58979 0
      vertex -2.98593 1.40507 13
      vertex -2.98593 1.40507 0
    endloop
  endfacet
  facet normal -0.86074 0.509045 0
    outer loop
      vertex 2.78628 -1.76823 0
      vertex 2.89181 -1.58979 13
      vertex 2.89181 -1.58979 0
    endloop
  endfacet
  facet normal -0.86074 0.509045 0
    outer loop
      vertex 2.89181 -1.58979 13
      vertex 2.78628 -1.76823 0
      vertex 2.78628 -1.76823 13
    endloop
  endfacet
  facet normal 0.940869 -0.338771 0
    outer loop
      vertex -3.13849 1.01976 13
      vertex -3.06826 1.21481 0
      vertex -3.06826 1.21481 13
    endloop
  endfacet
  facet normal 0.940869 -0.338771 0
    outer loop
      vertex -3.06826 1.21481 0
      vertex -3.13849 1.01976 13
      vertex -3.13849 1.01976 0
    endloop
  endfacet
  facet normal -0.509045 0.86074 0
    outer loop
      vertex 1.76823 -2.78628 0
      vertex 1.58979 -2.89181 13
      vertex 1.76823 -2.78628 13
    endloop
  endfacet
  facet normal -0.509045 0.86074 0
    outer loop
      vertex 1.58979 -2.89181 13
      vertex 1.76823 -2.78628 0
      vertex 1.58979 -2.89181 0
    endloop
  endfacet
  facet normal 0.790141 -0.612925 0
    outer loop
      vertex -2.66976 1.93969 13
      vertex -2.54269 2.1035 0
      vertex -2.54269 2.1035 13
    endloop
  endfacet
  facet normal 0.790141 -0.612925 0
    outer loop
      vertex -2.54269 2.1035 0
      vertex -2.66976 1.93969 13
      vertex -2.66976 1.93969 0
    endloop
  endfacet
  facet normal -0.0314021 0.999507 0
    outer loop
      vertex 0.207209 -3.29349 0
      vertex 0 -3.3 13
      vertex 0.207209 -3.29349 13
    endloop
  endfacet
  facet normal -0.0314021 0.999507 0
    outer loop
      vertex 0 -3.3 13
      vertex 0.207209 -3.29349 0
      vertex 0 -3.3 0
    endloop
  endfacet
  facet normal 0.891006 0.453992 0
    outer loop
      vertex -2.89181 -1.58979 13
      vertex -2.98593 -1.40507 0
      vertex -2.98593 -1.40507 13
    endloop
  endfacet
  facet normal 0.891006 0.453992 0
    outer loop
      vertex -2.98593 -1.40507 0
      vertex -2.89181 -1.58979 13
      vertex -2.89181 -1.58979 0
    endloop
  endfacet
  facet normal 0.156431 -0.987689 0
    outer loop
      vertex -0.618358 3.24155 0
      vertex -0.413599 3.27398 13
      vertex -0.618358 3.24155 13
    endloop
  endfacet
  facet normal 0.156431 -0.987689 0
    outer loop
      vertex -0.413599 3.27398 13
      vertex -0.618358 3.24155 0
      vertex -0.413599 3.27398 0
    endloop
  endfacet
  facet normal 0.0314021 -0.999507 0
    outer loop
      vertex -0.207209 3.29349 0
      vertex 0 3.3 13
      vertex -0.207209 3.29349 13
    endloop
  endfacet
  facet normal 0.0314021 -0.999507 0
    outer loop
      vertex 0 3.3 13
      vertex -0.207209 3.29349 0
      vertex 0 3.3 0
    endloop
  endfacet
  facet normal -0.999507 0.0314021 0
    outer loop
      vertex 3.29349 -0.207209 0
      vertex 3.3 0 13
      vertex 3.3 0 0
    endloop
  endfacet
  facet normal -0.999507 0.0314021 0
    outer loop
      vertex 3.3 0 13
      vertex 3.29349 -0.207209 0
      vertex 3.29349 -0.207209 13
    endloop
  endfacet
  facet normal -0.0941102 0.995562 0
    outer loop
      vertex 0.413599 -3.27398 0
      vertex 0.207209 -3.29349 13
      vertex 0.413599 -3.27398 13
    endloop
  endfacet
  facet normal -0.0941102 0.995562 0
    outer loop
      vertex 0.207209 -3.29349 13
      vertex 0.413599 -3.27398 0
      vertex 0.207209 -3.29349 0
    endloop
  endfacet
  facet normal 0.82709 0.56207 0
    outer loop
      vertex -2.66976 -1.93969 13
      vertex -2.78628 -1.76823 0
      vertex -2.78628 -1.76823 13
    endloop
  endfacet
  facet normal 0.82709 0.56207 0
    outer loop
      vertex -2.78628 -1.76823 0
      vertex -2.66976 -1.93969 13
      vertex -2.66976 -1.93969 0
    endloop
  endfacet
  facet normal -0.960306 -0.27895 0
    outer loop
      vertex 3.19632 0.820676 0
      vertex 3.13849 1.01976 13
      vertex 3.13849 1.01976 0
    endloop
  endfacet
  facet normal -0.960306 -0.27895 0
    outer loop
      vertex 3.13849 1.01976 13
      vertex 3.19632 0.820676 0
      vertex 3.19632 0.820676 13
    endloop
  endfacet
  facet normal -0.790141 -0.612925 0
    outer loop
      vertex 2.66976 1.93969 0
      vertex 2.54269 2.1035 13
      vertex 2.54269 2.1035 0
    endloop
  endfacet
  facet normal -0.790141 -0.612925 0
    outer loop
      vertex 2.54269 2.1035 13
      vertex 2.66976 1.93969 0
      vertex 2.66976 1.93969 13
    endloop
  endfacet
  facet normal -0.509045 -0.86074 0
    outer loop
      vertex 1.58979 2.89181 0
      vertex 1.76823 2.78628 13
      vertex 1.58979 2.89181 13
    endloop
  endfacet
  facet normal -0.509045 -0.86074 -0
    outer loop
      vertex 1.76823 2.78628 13
      vertex 1.58979 2.89181 0
      vertex 1.76823 2.78628 0
    endloop
  endfacet
  facet normal -0.453992 0.891006 0
    outer loop
      vertex 1.58979 -2.89181 0
      vertex 1.40507 -2.98593 13
      vertex 1.58979 -2.89181 13
    endloop
  endfacet
  facet normal -0.453992 0.891006 0
    outer loop
      vertex 1.40507 -2.98593 13
      vertex 1.58979 -2.89181 0
      vertex 1.40507 -2.98593 0
    endloop
  endfacet
  facet normal -0.453992 -0.891006 0
    outer loop
      vertex 1.40507 2.98593 0
      vertex 1.58979 2.89181 13
      vertex 1.40507 2.98593 13
    endloop
  endfacet
  facet normal -0.453992 -0.891006 -0
    outer loop
      vertex 1.58979 2.89181 13
      vertex 1.40507 2.98593 0
      vertex 1.58979 2.89181 0
    endloop
  endfacet
  facet normal -0.27895 -0.960306 0
    outer loop
      vertex 0.820676 3.19632 0
      vertex 1.01976 3.13849 13
      vertex 0.820676 3.19632 13
    endloop
  endfacet
  facet normal -0.27895 -0.960306 -0
    outer loop
      vertex 1.01976 3.13849 13
      vertex 0.820676 3.19632 0
      vertex 1.01976 3.13849 0
    endloop
  endfacet
  facet normal 0.750115 0.661307 0
    outer loop
      vertex -2.4056 -2.259 13
      vertex -2.54269 -2.1035 0
      vertex -2.54269 -2.1035 13
    endloop
  endfacet
  facet normal 0.750115 0.661307 0
    outer loop
      vertex -2.54269 -2.1035 0
      vertex -2.4056 -2.259 13
      vertex -2.4056 -2.259 0
    endloop
  endfacet
  facet normal -0.397136 0.91776 0
    outer loop
      vertex 1.40507 -2.98593 0
      vertex 1.21481 -3.06826 13
      vertex 1.40507 -2.98593 13
    endloop
  endfacet
  facet normal -0.397136 0.91776 0
    outer loop
      vertex 1.21481 -3.06826 13
      vertex 1.40507 -2.98593 0
      vertex 1.21481 -3.06826 0
    endloop
  endfacet
  facet normal -0.0941102 -0.995562 0
    outer loop
      vertex 0.207209 3.29349 0
      vertex 0.413599 3.27398 13
      vertex 0.207209 3.29349 13
    endloop
  endfacet
  facet normal -0.0941102 -0.995562 -0
    outer loop
      vertex 0.413599 3.27398 13
      vertex 0.207209 3.29349 0
      vertex 0.413599 3.27398 0
    endloop
  endfacet
  facet normal -0.891006 0.453992 0
    outer loop
      vertex 2.89181 -1.58979 0
      vertex 2.98593 -1.40507 13
      vertex 2.98593 -1.40507 0
    endloop
  endfacet
  facet normal -0.891006 0.453992 0
    outer loop
      vertex 2.98593 -1.40507 13
      vertex 2.89181 -1.58979 0
      vertex 2.89181 -1.58979 13
    endloop
  endfacet
  facet normal 0.987689 -0.156431 0
    outer loop
      vertex -3.27398 0.413599 13
      vertex -3.24155 0.618358 0
      vertex -3.24155 0.618358 13
    endloop
  endfacet
  facet normal 0.987689 -0.156431 0
    outer loop
      vertex -3.24155 0.618358 0
      vertex -3.27398 0.413599 13
      vertex -3.27398 0.413599 0
    endloop
  endfacet
  facet normal -0.56207 -0.82709 0
    outer loop
      vertex 1.76823 2.78628 0
      vertex 1.93969 2.66976 13
      vertex 1.76823 2.78628 13
    endloop
  endfacet
  facet normal -0.56207 -0.82709 -0
    outer loop
      vertex 1.93969 2.66976 13
      vertex 1.76823 2.78628 0
      vertex 1.93969 2.66976 0
    endloop
  endfacet
  facet normal -0.91776 0.397136 0
    outer loop
      vertex 2.98593 -1.40507 0
      vertex 3.06826 -1.21481 13
      vertex 3.06826 -1.21481 0
    endloop
  endfacet
  facet normal -0.91776 0.397136 0
    outer loop
      vertex 3.06826 -1.21481 13
      vertex 2.98593 -1.40507 0
      vertex 2.98593 -1.40507 13
    endloop
  endfacet
  facet normal -0.338771 -0.940869 0
    outer loop
      vertex 1.01976 3.13849 0
      vertex 1.21481 3.06826 13
      vertex 1.01976 3.13849 13
    endloop
  endfacet
  facet normal -0.338771 -0.940869 -0
    outer loop
      vertex 1.21481 3.06826 13
      vertex 1.01976 3.13849 0
      vertex 1.21481 3.06826 0
    endloop
  endfacet
  facet normal -0.156431 0.987689 0
    outer loop
      vertex 0.618358 -3.24155 0
      vertex 0.413599 -3.27398 13
      vertex 0.618358 -3.24155 13
    endloop
  endfacet
  facet normal -0.156431 0.987689 0
    outer loop
      vertex 0.413599 -3.27398 13
      vertex 0.618358 -3.24155 0
      vertex 0.413599 -3.27398 0
    endloop
  endfacet
  facet normal 0.940869 0.338771 0
    outer loop
      vertex -3.06826 -1.21481 13
      vertex -3.13849 -1.01976 0
      vertex -3.13849 -1.01976 13
    endloop
  endfacet
  facet normal 0.940869 0.338771 0
    outer loop
      vertex -3.13849 -1.01976 0
      vertex -3.06826 -1.21481 13
      vertex -3.06826 -1.21481 0
    endloop
  endfacet
  facet normal 0.218173 0.97591 -0
    outer loop
      vertex -0.618358 -3.24155 0
      vertex -0.820676 -3.19632 13
      vertex -0.618358 -3.24155 13
    endloop
  endfacet
  facet normal 0.218173 0.97591 0
    outer loop
      vertex -0.820676 -3.19632 13
      vertex -0.618358 -3.24155 0
      vertex -0.820676 -3.19632 0
    endloop
  endfacet
  facet normal -0.940869 0.338771 0
    outer loop
      vertex 3.06826 -1.21481 0
      vertex 3.13849 -1.01976 13
      vertex 3.13849 -1.01976 0
    endloop
  endfacet
  facet normal -0.940869 0.338771 0
    outer loop
      vertex 3.13849 -1.01976 13
      vertex 3.06826 -1.21481 0
      vertex 3.06826 -1.21481 13
    endloop
  endfacet
  facet normal -0.86074 -0.509045 0
    outer loop
      vertex 2.89181 1.58979 0
      vertex 2.78628 1.76823 13
      vertex 2.78628 1.76823 0
    endloop
  endfacet
  facet normal -0.86074 -0.509045 0
    outer loop
      vertex 2.78628 1.76823 13
      vertex 2.89181 1.58979 0
      vertex 2.89181 1.58979 13
    endloop
  endfacet
  facet normal -0.790141 0.612925 0
    outer loop
      vertex 2.54269 -2.1035 0
      vertex 2.66976 -1.93969 13
      vertex 2.66976 -1.93969 0
    endloop
  endfacet
  facet normal -0.790141 0.612925 0
    outer loop
      vertex 2.66976 -1.93969 13
      vertex 2.54269 -2.1035 0
      vertex 2.54269 -2.1035 13
    endloop
  endfacet
  facet normal -0.612925 -0.790141 0
    outer loop
      vertex 1.93969 2.66976 0
      vertex 2.1035 2.54269 13
      vertex 1.93969 2.66976 13
    endloop
  endfacet
  facet normal -0.612925 -0.790141 -0
    outer loop
      vertex 2.1035 2.54269 13
      vertex 1.93969 2.66976 0
      vertex 2.1035 2.54269 0
    endloop
  endfacet
  facet normal -0.995562 0.0941102 0
    outer loop
      vertex 3.27398 -0.413599 0
      vertex 3.29349 -0.207209 13
      vertex 3.29349 -0.207209 0
    endloop
  endfacet
  facet normal -0.995562 0.0941102 0
    outer loop
      vertex 3.29349 -0.207209 13
      vertex 3.27398 -0.413599 0
      vertex 3.27398 -0.413599 13
    endloop
  endfacet
  facet normal 0.453992 0.891006 -0
    outer loop
      vertex -1.40507 -2.98593 0
      vertex -1.58979 -2.89181 13
      vertex -1.40507 -2.98593 13
    endloop
  endfacet
  facet normal 0.453992 0.891006 0
    outer loop
      vertex -1.58979 -2.89181 13
      vertex -1.40507 -2.98593 0
      vertex -1.58979 -2.89181 0
    endloop
  endfacet
  facet normal -0.97591 0.218173 0
    outer loop
      vertex 3.19632 -0.820676 0
      vertex 3.24155 -0.618358 13
      vertex 3.24155 -0.618358 0
    endloop
  endfacet
  facet normal -0.97591 0.218173 0
    outer loop
      vertex 3.24155 -0.618358 13
      vertex 3.19632 -0.820676 0
      vertex 3.19632 -0.820676 13
    endloop
  endfacet
  facet normal -0.91776 -0.397136 0
    outer loop
      vertex 3.06826 1.21481 0
      vertex 2.98593 1.40507 13
      vertex 2.98593 1.40507 0
    endloop
  endfacet
  facet normal -0.91776 -0.397136 0
    outer loop
      vertex 2.98593 1.40507 13
      vertex 3.06826 1.21481 0
      vertex 3.06826 1.21481 13
    endloop
  endfacet
  facet normal 0.397136 -0.91776 0
    outer loop
      vertex -1.40507 2.98593 0
      vertex -1.21481 3.06826 13
      vertex -1.40507 2.98593 13
    endloop
  endfacet
  facet normal 0.397136 -0.91776 0
    outer loop
      vertex -1.21481 3.06826 13
      vertex -1.40507 2.98593 0
      vertex -1.21481 3.06826 0
    endloop
  endfacet
  facet normal -0.891006 -0.453992 0
    outer loop
      vertex 2.98593 1.40507 0
      vertex 2.89181 1.58979 13
      vertex 2.89181 1.58979 0
    endloop
  endfacet
  facet normal -0.891006 -0.453992 0
    outer loop
      vertex 2.89181 1.58979 13
      vertex 2.98593 1.40507 0
      vertex 2.98593 1.40507 13
    endloop
  endfacet
  facet normal 0.82709 -0.56207 0
    outer loop
      vertex -2.78628 1.76823 13
      vertex -2.66976 1.93969 0
      vertex -2.66976 1.93969 13
    endloop
  endfacet
  facet normal 0.82709 -0.56207 0
    outer loop
      vertex -2.66976 1.93969 0
      vertex -2.78628 1.76823 13
      vertex -2.78628 1.76823 0
    endloop
  endfacet
  facet normal 0.999507 0.0314021 0
    outer loop
      vertex -3.29349 -0.207209 13
      vertex -3.3 0 0
      vertex -3.3 0 13
    endloop
  endfacet
  facet normal 0.999507 0.0314021 0
    outer loop
      vertex -3.3 0 0
      vertex -3.29349 -0.207209 13
      vertex -3.29349 -0.207209 0
    endloop
  endfacet
  facet normal 0.790141 0.612925 0
    outer loop
      vertex -2.54269 -2.1035 13
      vertex -2.66976 -1.93969 0
      vertex -2.66976 -1.93969 13
    endloop
  endfacet
  facet normal 0.790141 0.612925 0
    outer loop
      vertex -2.66976 -1.93969 0
      vertex -2.54269 -2.1035 13
      vertex -2.54269 -2.1035 0
    endloop
  endfacet
  facet normal 0.97591 -0.218173 0
    outer loop
      vertex -3.24155 0.618358 13
      vertex -3.19632 0.820676 0
      vertex -3.19632 0.820676 13
    endloop
  endfacet
  facet normal 0.97591 -0.218173 0
    outer loop
      vertex -3.19632 0.820676 0
      vertex -3.24155 0.618358 13
      vertex -3.24155 0.618358 0
    endloop
  endfacet
  facet normal -0.97591 -0.218173 0
    outer loop
      vertex 3.24155 0.618358 0
      vertex 3.19632 0.820676 13
      vertex 3.19632 0.820676 0
    endloop
  endfacet
  facet normal -0.97591 -0.218173 0
    outer loop
      vertex 3.19632 0.820676 13
      vertex 3.24155 0.618358 0
      vertex 3.24155 0.618358 13
    endloop
  endfacet
  facet normal 0.0941102 -0.995562 0
    outer loop
      vertex -0.413599 3.27398 0
      vertex -0.207209 3.29349 13
      vertex -0.413599 3.27398 13
    endloop
  endfacet
  facet normal 0.0941102 -0.995562 0
    outer loop
      vertex -0.207209 3.29349 13
      vertex -0.413599 3.27398 0
      vertex -0.207209 3.29349 0
    endloop
  endfacet
  facet normal 0.707107 -0.707107 0
    outer loop
      vertex -2.4056 2.259 13
      vertex -2.259 2.4056 0
      vertex -2.259 2.4056 13
    endloop
  endfacet
  facet normal 0.707107 -0.707107 0
    outer loop
      vertex -2.259 2.4056 0
      vertex -2.4056 2.259 13
      vertex -2.4056 2.259 0
    endloop
  endfacet
  facet normal 0.91776 0.397136 0
    outer loop
      vertex -2.98593 -1.40507 13
      vertex -3.06826 -1.21481 0
      vertex -3.06826 -1.21481 13
    endloop
  endfacet
  facet normal 0.91776 0.397136 0
    outer loop
      vertex -3.06826 -1.21481 0
      vertex -2.98593 -1.40507 13
      vertex -2.98593 -1.40507 0
    endloop
  endfacet
  facet normal 0.960306 -0.27895 0
    outer loop
      vertex -3.19632 0.820676 13
      vertex -3.13849 1.01976 0
      vertex -3.13849 1.01976 13
    endloop
  endfacet
  facet normal 0.960306 -0.27895 0
    outer loop
      vertex -3.13849 1.01976 0
      vertex -3.19632 0.820676 13
      vertex -3.19632 0.820676 0
    endloop
  endfacet
  facet normal -0.960306 0.27895 0
    outer loop
      vertex 3.13849 -1.01976 0
      vertex 3.19632 -0.820676 13
      vertex 3.19632 -0.820676 0
    endloop
  endfacet
  facet normal -0.960306 0.27895 0
    outer loop
      vertex 3.19632 -0.820676 13
      vertex 3.13849 -1.01976 0
      vertex 3.13849 -1.01976 13
    endloop
  endfacet
  facet normal -0.661307 0.750115 0
    outer loop
      vertex 2.259 -2.4056 0
      vertex 2.1035 -2.54269 13
      vertex 2.259 -2.4056 13
    endloop
  endfacet
  facet normal -0.661307 0.750115 0
    outer loop
      vertex 2.1035 -2.54269 13
      vertex 2.259 -2.4056 0
      vertex 2.1035 -2.54269 0
    endloop
  endfacet
  facet normal -0.27895 0.960306 0
    outer loop
      vertex 1.01976 -3.13849 0
      vertex 0.820676 -3.19632 13
      vertex 1.01976 -3.13849 13
    endloop
  endfacet
  facet normal -0.27895 0.960306 0
    outer loop
      vertex 0.820676 -3.19632 13
      vertex 1.01976 -3.13849 0
      vertex 0.820676 -3.19632 0
    endloop
  endfacet
  facet normal 0.707107 0.707107 0
    outer loop
      vertex -2.259 -2.4056 13
      vertex -2.4056 -2.259 0
      vertex -2.4056 -2.259 13
    endloop
  endfacet
  facet normal 0.707107 0.707107 0
    outer loop
      vertex -2.4056 -2.259 0
      vertex -2.259 -2.4056 13
      vertex -2.259 -2.4056 0
    endloop
  endfacet
  facet normal 0.995562 -0.0941102 0
    outer loop
      vertex -3.29349 0.207209 13
      vertex -3.27398 0.413599 0
      vertex -3.27398 0.413599 13
    endloop
  endfacet
  facet normal 0.995562 -0.0941102 0
    outer loop
      vertex -3.27398 0.413599 0
      vertex -3.29349 0.207209 13
      vertex -3.29349 0.207209 0
    endloop
  endfacet
  facet normal 0.338771 0.940869 -0
    outer loop
      vertex -1.01976 -3.13849 0
      vertex -1.21481 -3.06826 13
      vertex -1.01976 -3.13849 13
    endloop
  endfacet
  facet normal 0.338771 0.940869 0
    outer loop
      vertex -1.21481 -3.06826 13
      vertex -1.01976 -3.13849 0
      vertex -1.21481 -3.06826 0
    endloop
  endfacet
  facet normal 0.509045 -0.86074 0
    outer loop
      vertex -1.76823 2.78628 0
      vertex -1.58979 2.89181 13
      vertex -1.76823 2.78628 13
    endloop
  endfacet
  facet normal 0.509045 -0.86074 0
    outer loop
      vertex -1.58979 2.89181 13
      vertex -1.76823 2.78628 0
      vertex -1.58979 2.89181 0
    endloop
  endfacet
  facet normal 0.97591 0.218173 0
    outer loop
      vertex -3.19632 -0.820676 13
      vertex -3.24155 -0.618358 0
      vertex -3.24155 -0.618358 13
    endloop
  endfacet
  facet normal 0.97591 0.218173 0
    outer loop
      vertex -3.24155 -0.618358 0
      vertex -3.19632 -0.820676 13
      vertex -3.19632 -0.820676 0
    endloop
  endfacet
  facet normal -0.82709 -0.56207 0
    outer loop
      vertex 2.78628 1.76823 0
      vertex 2.66976 1.93969 13
      vertex 2.66976 1.93969 0
    endloop
  endfacet
  facet normal -0.82709 -0.56207 0
    outer loop
      vertex 2.66976 1.93969 13
      vertex 2.78628 1.76823 0
      vertex 2.78628 1.76823 13
    endloop
  endfacet
  facet normal 0.612925 0.790141 -0
    outer loop
      vertex -1.93969 -2.66976 0
      vertex -2.1035 -2.54269 13
      vertex -1.93969 -2.66976 13
    endloop
  endfacet
  facet normal 0.612925 0.790141 0
    outer loop
      vertex -2.1035 -2.54269 13
      vertex -1.93969 -2.66976 0
      vertex -2.1035 -2.54269 0
    endloop
  endfacet
  facet normal 0.91776 -0.397136 0
    outer loop
      vertex -3.06826 1.21481 13
      vertex -2.98593 1.40507 0
      vertex -2.98593 1.40507 13
    endloop
  endfacet
  facet normal 0.91776 -0.397136 0
    outer loop
      vertex -2.98593 1.40507 0
      vertex -3.06826 1.21481 13
      vertex -3.06826 1.21481 0
    endloop
  endfacet
  facet normal 0.453992 -0.891006 0
    outer loop
      vertex -1.58979 2.89181 0
      vertex -1.40507 2.98593 13
      vertex -1.58979 2.89181 13
    endloop
  endfacet
  facet normal 0.453992 -0.891006 0
    outer loop
      vertex -1.40507 2.98593 13
      vertex -1.58979 2.89181 0
      vertex -1.40507 2.98593 0
    endloop
  endfacet
  facet normal 0.218173 -0.97591 0
    outer loop
      vertex -0.820676 3.19632 0
      vertex -0.618358 3.24155 13
      vertex -0.820676 3.19632 13
    endloop
  endfacet
  facet normal 0.218173 -0.97591 0
    outer loop
      vertex -0.618358 3.24155 13
      vertex -0.820676 3.19632 0
      vertex -0.618358 3.24155 0
    endloop
  endfacet
  facet normal -0.750115 0.661307 0
    outer loop
      vertex 2.4056 -2.259 0
      vertex 2.54269 -2.1035 13
      vertex 2.54269 -2.1035 0
    endloop
  endfacet
  facet normal -0.750115 0.661307 0
    outer loop
      vertex 2.54269 -2.1035 13
      vertex 2.4056 -2.259 0
      vertex 2.4056 -2.259 13
    endloop
  endfacet
  facet normal -0.940869 -0.338771 0
    outer loop
      vertex 3.13849 1.01976 0
      vertex 3.06826 1.21481 13
      vertex 3.06826 1.21481 0
    endloop
  endfacet
  facet normal -0.940869 -0.338771 0
    outer loop
      vertex 3.06826 1.21481 13
      vertex 3.13849 1.01976 0
      vertex 3.13849 1.01976 13
    endloop
  endfacet
  facet normal -0.987689 -0.156431 0
    outer loop
      vertex 3.27398 0.413599 0
      vertex 3.24155 0.618358 13
      vertex 3.24155 0.618358 0
    endloop
  endfacet
  facet normal -0.987689 -0.156431 0
    outer loop
      vertex 3.24155 0.618358 13
      vertex 3.27398 0.413599 0
      vertex 3.27398 0.413599 13
    endloop
  endfacet
  facet normal -0.707107 -0.707107 0
    outer loop
      vertex 2.4056 2.259 0
      vertex 2.259 2.4056 13
      vertex 2.259 2.4056 0
    endloop
  endfacet
  facet normal -0.707107 -0.707107 0
    outer loop
      vertex 2.259 2.4056 13
      vertex 2.4056 2.259 0
      vertex 2.4056 2.259 13
    endloop
  endfacet
  facet normal 0.338771 -0.940869 0
    outer loop
      vertex -1.21481 3.06826 0
      vertex -1.01976 3.13849 13
      vertex -1.21481 3.06826 13
    endloop
  endfacet
  facet normal 0.338771 -0.940869 0
    outer loop
      vertex -1.01976 3.13849 13
      vertex -1.21481 3.06826 0
      vertex -1.01976 3.13849 0
    endloop
  endfacet
  facet normal -0.338771 0.940869 0
    outer loop
      vertex 1.21481 -3.06826 0
      vertex 1.01976 -3.13849 13
      vertex 1.21481 -3.06826 13
    endloop
  endfacet
  facet normal -0.338771 0.940869 0
    outer loop
      vertex 1.01976 -3.13849 13
      vertex 1.21481 -3.06826 0
      vertex 1.01976 -3.13849 0
    endloop
  endfacet
  facet normal 0.960306 0.27895 0
    outer loop
      vertex -3.13849 -1.01976 13
      vertex -3.19632 -0.820676 0
      vertex -3.19632 -0.820676 13
    endloop
  endfacet
  facet normal 0.960306 0.27895 0
    outer loop
      vertex -3.19632 -0.820676 0
      vertex -3.13849 -1.01976 13
      vertex -3.13849 -1.01976 0
    endloop
  endfacet
  facet normal 0.509045 0.86074 -0
    outer loop
      vertex -1.58979 -2.89181 0
      vertex -1.76823 -2.78628 13
      vertex -1.58979 -2.89181 13
    endloop
  endfacet
  facet normal 0.509045 0.86074 0
    outer loop
      vertex -1.76823 -2.78628 13
      vertex -1.58979 -2.89181 0
      vertex -1.76823 -2.78628 0
    endloop
  endfacet
  facet normal 0.56207 -0.82709 0
    outer loop
      vertex -1.93969 2.66976 0
      vertex -1.76823 2.78628 13
      vertex -1.93969 2.66976 13
    endloop
  endfacet
  facet normal 0.56207 -0.82709 0
    outer loop
      vertex -1.76823 2.78628 13
      vertex -1.93969 2.66976 0
      vertex -1.76823 2.78628 0
    endloop
  endfacet
  facet normal -0.56207 0.82709 0
    outer loop
      vertex 1.93969 -2.66976 0
      vertex 1.76823 -2.78628 13
      vertex 1.93969 -2.66976 13
    endloop
  endfacet
  facet normal -0.56207 0.82709 0
    outer loop
      vertex 1.76823 -2.78628 13
      vertex 1.93969 -2.66976 0
      vertex 1.76823 -2.78628 0
    endloop
  endfacet
  facet normal -0.218173 0.97591 0
    outer loop
      vertex 0.820676 -3.19632 0
      vertex 0.618358 -3.24155 13
      vertex 0.820676 -3.19632 13
    endloop
  endfacet
  facet normal -0.218173 0.97591 0
    outer loop
      vertex 0.618358 -3.24155 13
      vertex 0.820676 -3.19632 0
      vertex 0.618358 -3.24155 0
    endloop
  endfacet
  facet normal -0.156431 -0.987689 0
    outer loop
      vertex 0.413599 3.27398 0
      vertex 0.618358 3.24155 13
      vertex 0.413599 3.27398 13
    endloop
  endfacet
  facet normal -0.156431 -0.987689 -0
    outer loop
      vertex 0.618358 3.24155 13
      vertex 0.413599 3.27398 0
      vertex 0.618358 3.24155 0
    endloop
  endfacet
  facet normal 0.999507 -0.0314021 0
    outer loop
      vertex -3.3 0 13
      vertex -3.29349 0.207209 0
      vertex -3.29349 0.207209 13
    endloop
  endfacet
  facet normal 0.999507 -0.0314021 0
    outer loop
      vertex -3.29349 0.207209 0
      vertex -3.3 0 13
      vertex -3.3 0 0
    endloop
  endfacet
  facet normal -0.661307 -0.750115 0
    outer loop
      vertex 2.1035 2.54269 0
      vertex 2.259 2.4056 13
      vertex 2.1035 2.54269 13
    endloop
  endfacet
  facet normal -0.661307 -0.750115 -0
    outer loop
      vertex 2.259 2.4056 13
      vertex 2.1035 2.54269 0
      vertex 2.259 2.4056 0
    endloop
  endfacet
  facet normal 0.995562 0.0941102 0
    outer loop
      vertex -3.27398 -0.413599 13
      vertex -3.29349 -0.207209 0
      vertex -3.29349 -0.207209 13
    endloop
  endfacet
  facet normal 0.995562 0.0941102 0
    outer loop
      vertex -3.29349 -0.207209 0
      vertex -3.27398 -0.413599 13
      vertex -3.27398 -0.413599 0
    endloop
  endfacet
  facet normal -0.82709 0.56207 0
    outer loop
      vertex 2.66976 -1.93969 0
      vertex 2.78628 -1.76823 13
      vertex 2.78628 -1.76823 0
    endloop
  endfacet
  facet normal -0.82709 0.56207 0
    outer loop
      vertex 2.78628 -1.76823 13
      vertex 2.66976 -1.93969 0
      vertex 2.66976 -1.93969 13
    endloop
  endfacet
  facet normal 0.27895 -0.960306 0
    outer loop
      vertex -1.01976 3.13849 0
      vertex -0.820676 3.19632 13
      vertex -1.01976 3.13849 13
    endloop
  endfacet
  facet normal 0.27895 -0.960306 0
    outer loop
      vertex -0.820676 3.19632 13
      vertex -1.01976 3.13849 0
      vertex -0.820676 3.19632 0
    endloop
  endfacet
  facet normal 0.987689 0.156431 0
    outer loop
      vertex -3.24155 -0.618358 13
      vertex -3.27398 -0.413599 0
      vertex -3.27398 -0.413599 13
    endloop
  endfacet
  facet normal 0.987689 0.156431 0
    outer loop
      vertex -3.27398 -0.413599 0
      vertex -3.24155 -0.618358 13
      vertex -3.24155 -0.618358 0
    endloop
  endfacet
  facet normal 0.661307 0.750115 -0
    outer loop
      vertex -2.1035 -2.54269 0
      vertex -2.259 -2.4056 13
      vertex -2.1035 -2.54269 13
    endloop
  endfacet
  facet normal 0.661307 0.750115 0
    outer loop
      vertex -2.259 -2.4056 13
      vertex -2.1035 -2.54269 0
      vertex -2.259 -2.4056 0
    endloop
  endfacet
  facet normal 0.27895 0.960306 -0
    outer loop
      vertex -0.820676 -3.19632 0
      vertex -1.01976 -3.13849 13
      vertex -0.820676 -3.19632 13
    endloop
  endfacet
  facet normal 0.27895 0.960306 0
    outer loop
      vertex -1.01976 -3.13849 13
      vertex -0.820676 -3.19632 0
      vertex -1.01976 -3.13849 0
    endloop
  endfacet
  facet normal 0.156431 0.987689 -0
    outer loop
      vertex -0.413599 -3.27398 0
      vertex -0.618358 -3.24155 13
      vertex -0.413599 -3.27398 13
    endloop
  endfacet
  facet normal 0.156431 0.987689 0
    outer loop
      vertex -0.618358 -3.24155 13
      vertex -0.413599 -3.27398 0
      vertex -0.618358 -3.24155 0
    endloop
  endfacet
  facet normal 0.86074 0.509045 0
    outer loop
      vertex -2.78628 -1.76823 13
      vertex -2.89181 -1.58979 0
      vertex -2.89181 -1.58979 13
    endloop
  endfacet
  facet normal 0.86074 0.509045 0
    outer loop
      vertex -2.89181 -1.58979 0
      vertex -2.78628 -1.76823 13
      vertex -2.78628 -1.76823 0
    endloop
  endfacet
  facet normal 0.86074 -0.509045 0
    outer loop
      vertex -2.89181 1.58979 13
      vertex -2.78628 1.76823 0
      vertex -2.78628 1.76823 13
    endloop
  endfacet
  facet normal 0.86074 -0.509045 0
    outer loop
      vertex -2.78628 1.76823 0
      vertex -2.89181 1.58979 13
      vertex -2.89181 1.58979 0
    endloop
  endfacet
  facet normal -0.750115 -0.661307 0
    outer loop
      vertex 2.54269 2.1035 0
      vertex 2.4056 2.259 13
      vertex 2.4056 2.259 0
    endloop
  endfacet
  facet normal -0.750115 -0.661307 0
    outer loop
      vertex 2.4056 2.259 13
      vertex 2.54269 2.1035 0
      vertex 2.54269 2.1035 13
    endloop
  endfacet
  facet normal 0.0314021 0.999507 -0
    outer loop
      vertex 0 -3.3 0
      vertex -0.207209 -3.29349 13
      vertex 0 -3.3 13
    endloop
  endfacet
  facet normal 0.0314021 0.999507 0
    outer loop
      vertex -0.207209 -3.29349 13
      vertex 0 -3.3 0
      vertex -0.207209 -3.29349 0
    endloop
  endfacet
  facet normal 0.397136 0.91776 -0
    outer loop
      vertex -1.21481 -3.06826 0
      vertex -1.40507 -2.98593 13
      vertex -1.21481 -3.06826 13
    endloop
  endfacet
  facet normal 0.397136 0.91776 0
    outer loop
      vertex -1.40507 -2.98593 13
      vertex -1.21481 -3.06826 0
      vertex -1.40507 -2.98593 0
    endloop
  endfacet
  facet normal -0.218173 -0.97591 0
    outer loop
      vertex 0.618358 3.24155 0
      vertex 0.820676 3.19632 13
      vertex 0.618358 3.24155 13
    endloop
  endfacet
  facet normal -0.218173 -0.97591 -0
    outer loop
      vertex 0.820676 3.19632 13
      vertex 0.618358 3.24155 0
      vertex 0.820676 3.19632 0
    endloop
  endfacet
  facet normal 0.56207 0.82709 -0
    outer loop
      vertex -1.76823 -2.78628 0
      vertex -1.93969 -2.66976 13
      vertex -1.76823 -2.78628 13
    endloop
  endfacet
  facet normal 0.56207 0.82709 0
    outer loop
      vertex -1.93969 -2.66976 13
      vertex -1.76823 -2.78628 0
      vertex -1.93969 -2.66976 0
    endloop
  endfacet
endsolid OpenSCAD_Model
