solid OpenSCAD_Model
  facet normal 0.831527 -0.555484 0
    outer loop
      vertex 56.3679 50.03 0
      vertex 56.4333 50.1279 -28
      vertex 56.4333 50.1279 0
    endloop
  endfacet
  facet normal 0.831527 -0.555484 0
    outer loop
      vertex 56.4333 50.1279 -28
      vertex 56.3679 50.03 0
      vertex 56.3679 50.03 -28
    endloop
  endfacet
  facet normal 0.346374 0.938096 -0
    outer loop
      vertex 51.4857 56.5401 -28
      vertex 51.3752 56.5809 0
      vertex 51.4857 56.5401 0
    endloop
  endfacet
  facet normal 0.346374 0.938096 0
    outer loop
      vertex 51.3752 56.5809 0
      vertex 51.4857 56.5401 -28
      vertex 51.3752 56.5809 -28
    endloop
  endfacet
  facet normal 0.784991 -0.619507 0
    outer loop
      vertex 56.2949 49.9375 0
      vertex 56.3679 50.03 -28
      vertex 56.3679 50.03 0
    endloop
  endfacet
  facet normal 0.784991 -0.619507 0
    outer loop
      vertex 56.3679 50.03 -28
      vertex 56.2949 49.9375 0
      vertex 56.2949 49.9375 -28
    endloop
  endfacet
  facet normal -0.785404 0.618983 0
    outer loop
      vertex 44.7484 51.0863 -28
      vertex 44.8213 51.1788 0
      vertex 44.8213 51.1788 -28
    endloop
  endfacet
  facet normal -0.785404 0.618983 0
    outer loop
      vertex 44.8213 51.1788 0
      vertex 44.7484 51.0863 -28
      vertex 44.7484 51.0863 0
    endloop
  endfacet
  facet normal -0.555484 0.831527 0
    outer loop
      vertex 50.1279 56.4333 -28
      vertex 50.03 56.3679 0
      vertex 50.1279 56.4333 0
    endloop
  endfacet
  facet normal -0.555484 0.831527 0
    outer loop
      vertex 50.03 56.3679 0
      vertex 50.1279 56.4333 -28
      vertex 50.03 56.3679 -28
    endloop
  endfacet
  facet normal 0.734575 -0.678527 0
    outer loop
      vertex 56.215 49.851 0
      vertex 56.2949 49.9375 -28
      vertex 56.2949 49.9375 0
    endloop
  endfacet
  facet normal 0.734575 -0.678527 0
    outer loop
      vertex 56.2949 49.9375 -28
      vertex 56.215 49.851 0
      vertex 56.215 49.851 -28
    endloop
  endfacet
  facet normal 0.993104 0.117236 0
    outer loop
      vertex 56.6497 51.0294 0
      vertex 56.6359 51.1463 -28
      vertex 56.6359 51.1463 0
    endloop
  endfacet
  facet normal 0.993104 0.117236 0
    outer loop
      vertex 56.6359 51.1463 -28
      vertex 56.6497 51.0294 0
      vertex 56.6497 51.0294 -28
    endloop
  endfacet
  facet normal 0.980744 -0.1953 0
    outer loop
      vertex 56.6129 50.5615 0
      vertex 56.6359 50.677 -28
      vertex 56.6359 50.677 0
    endloop
  endfacet
  facet normal 0.980744 -0.1953 0
    outer loop
      vertex 56.6359 50.677 -28
      vertex 56.6129 50.5615 0
      vertex 56.6129 50.5615 -28
    endloop
  endfacet
  facet normal -0.707114 0.7071 0
    outer loop
      vertex 49.851 56.215 -28
      vertex 44.9013 51.2652 0
      vertex 49.851 56.215 0
    endloop
  endfacet
  facet normal -0.707114 0.7071 0
    outer loop
      vertex 44.9013 51.2652 0
      vertex 49.851 56.215 -28
      vertex 44.9013 51.2652 -28
    endloop
  endfacet
  facet normal 0.734184 0.67895 0
    outer loop
      vertex 56.2949 51.8859 0
      vertex 56.215 51.9723 -28
      vertex 56.215 51.9723 0
    endloop
  endfacet
  facet normal 0.734184 0.67895 0
    outer loop
      vertex 56.215 51.9723 -28
      vertex 56.2949 51.8859 0
      vertex 56.2949 51.8859 -28
    endloop
  endfacet
  facet normal -0.938372 -0.345627 0
    outer loop
      vertex 44.5761 49.6306 -28
      vertex 44.5354 49.7411 0
      vertex 44.5354 49.7411 -28
    endloop
  endfacet
  facet normal -0.938372 -0.345627 0
    outer loop
      vertex 44.5354 49.7411 0
      vertex 44.5761 49.6306 -28
      vertex 44.5761 49.6306 0
    endloop
  endfacet
  facet normal 0.418466 -0.908232 0
    outer loop
      vertex 50.7786 44.5761 -28
      vertex 50.8856 44.6254 0
      vertex 50.7786 44.5761 0
    endloop
  endfacet
  facet normal 0.418466 -0.908232 0
    outer loop
      vertex 50.8856 44.6254 0
      vertex 50.7786 44.5761 -28
      vertex 50.8856 44.6254 -28
    endloop
  endfacet
  facet normal 0.195137 0.980776 -0
    outer loop
      vertex 51.2619 56.6129 -28
      vertex 51.1463 56.6359 0
      vertex 51.2619 56.6129 0
    endloop
  endfacet
  facet normal 0.195137 0.980776 0
    outer loop
      vertex 51.1463 56.6359 0
      vertex 51.2619 56.6129 -28
      vertex 51.1463 56.6359 -28
    endloop
  endfacet
  facet normal -0.980744 -0.1953 0
    outer loop
      vertex 44.5034 49.8544 -28
      vertex 44.4804 49.9699 0
      vertex 44.4804 49.9699 -28
    endloop
  endfacet
  facet normal -0.980744 -0.1953 0
    outer loop
      vertex 44.4804 49.9699 0
      vertex 44.5034 49.8544 -28
      vertex 44.5034 49.8544 0
    endloop
  endfacet
  facet normal 0.999237 0.0390526 0
    outer loop
      vertex 56.6543 50.9117 0
      vertex 56.6497 51.0294 -28
      vertex 56.6497 51.0294 0
    endloop
  endfacet
  facet normal 0.999237 0.0390526 0
    outer loop
      vertex 56.6497 51.0294 -28
      vertex 56.6543 50.9117 0
      vertex 56.6543 50.9117 -28
    endloop
  endfacet
  facet normal 0.7071 -0.707114 0
    outer loop
      vertex 51.2652 44.9013 0
      vertex 56.215 49.851 -28
      vertex 56.215 49.851 0
    endloop
  endfacet
  facet normal 0.7071 -0.707114 0
    outer loop
      vertex 56.215 49.851 -28
      vertex 51.2652 44.9013 0
      vertex 51.2652 44.9013 -28
    endloop
  endfacet
  facet normal -0.938372 0.345627 0
    outer loop
      vertex 44.5354 50.6681 -28
      vertex 44.5761 50.7786 0
      vertex 44.5761 50.7786 -28
    endloop
  endfacet
  facet normal -0.938372 0.345627 0
    outer loop
      vertex 44.5761 50.7786 0
      vertex 44.5354 50.6681 -28
      vertex 44.5354 50.6681 0
    endloop
  endfacet
  facet normal 0.679408 -0.733761 0
    outer loop
      vertex 51.1788 44.8213 -28
      vertex 51.2652 44.9013 0
      vertex 51.1788 44.8213 0
    endloop
  endfacet
  facet normal 0.679408 -0.733761 0
    outer loop
      vertex 51.2652 44.9013 0
      vertex 51.1788 44.8213 -28
      vertex 51.2652 44.9013 -28
    endloop
  endfacet
  facet normal -0.87239 -0.48881 0
    outer loop
      vertex 44.683 49.4208 -28
      vertex 44.6254 49.5236 0
      vertex 44.6254 49.5236 -28
    endloop
  endfacet
  facet normal -0.87239 -0.48881 0
    outer loop
      vertex 44.6254 49.5236 0
      vertex 44.683 49.4208 -28
      vertex 44.683 49.4208 0
    endloop
  endfacet
  facet normal -0.418466 -0.908232 0
    outer loop
      vertex 49.5236 44.6254 -28
      vertex 49.6306 44.5761 0
      vertex 49.5236 44.6254 0
    endloop
  endfacet
  facet normal -0.418466 -0.908232 -0
    outer loop
      vertex 49.6306 44.5761 0
      vertex 49.5236 44.6254 -28
      vertex 49.6306 44.5761 -28
    endloop
  endfacet
  facet normal 0.117236 -0.993104 0
    outer loop
      vertex 50.3223 44.4666 -28
      vertex 50.4392 44.4804 0
      vertex 50.3223 44.4666 0
    endloop
  endfacet
  facet normal 0.117236 -0.993104 0
    outer loop
      vertex 50.4392 44.4804 0
      vertex 50.3223 44.4666 -28
      vertex 50.4392 44.4804 -28
    endloop
  endfacet
  facet normal 0.831789 0.555092 0
    outer loop
      vertex 56.4333 51.6954 0
      vertex 56.3679 51.7934 -28
      vertex 56.3679 51.7934 0
    endloop
  endfacet
  facet normal 0.831789 0.555092 0
    outer loop
      vertex 56.3679 51.7934 -28
      vertex 56.4333 51.6954 0
      vertex 56.4333 51.6954 -28
    endloop
  endfacet
  facet normal -0.962416 0.271581 0
    outer loop
      vertex 44.5034 50.5547 -28
      vertex 44.5354 50.6681 0
      vertex 44.5354 50.6681 -28
    endloop
  endfacet
  facet normal -0.962416 0.271581 0
    outer loop
      vertex 44.5354 50.6681 0
      vertex 44.5034 50.5547 -28
      vertex 44.5034 50.5547 0
    endloop
  endfacet
  facet normal 0.618983 -0.785404 0
    outer loop
      vertex 51.0863 44.7484 -28
      vertex 51.1788 44.8213 0
      vertex 51.0863 44.7484 0
    endloop
  endfacet
  facet normal 0.618983 -0.785404 0
    outer loop
      vertex 51.1788 44.8213 0
      vertex 51.0863 44.7484 -28
      vertex 51.1788 44.8213 -28
    endloop
  endfacet
  facet normal -0.831789 0.555092 0
    outer loop
      vertex 44.683 50.9883 -28
      vertex 44.7484 51.0863 0
      vertex 44.7484 51.0863 -28
    endloop
  endfacet
  facet normal -0.831789 0.555092 0
    outer loop
      vertex 44.7484 51.0863 0
      vertex 44.683 50.9883 -28
      vertex 44.683 50.9883 0
    endloop
  endfacet
  facet normal -0.733761 0.679408 0
    outer loop
      vertex 44.8213 51.1788 -28
      vertex 44.9013 51.2652 0
      vertex 44.9013 51.2652 -28
    endloop
  endfacet
  facet normal -0.733761 0.679408 0
    outer loop
      vertex 44.9013 51.2652 0
      vertex 44.8213 51.1788 -28
      vertex 44.8213 51.1788 0
    endloop
  endfacet
  facet normal 0.1953 -0.980744 0
    outer loop
      vertex 50.4392 44.4804 -28
      vertex 50.5547 44.5034 0
      vertex 50.4392 44.4804 0
    endloop
  endfacet
  facet normal 0.1953 -0.980744 0
    outer loop
      vertex 50.5547 44.5034 0
      vertex 50.4392 44.4804 -28
      vertex 50.5547 44.5034 -28
    endloop
  endfacet
  facet normal 0.345627 -0.938372 0
    outer loop
      vertex 50.6681 44.5354 -28
      vertex 50.7786 44.5761 0
      vertex 50.6681 44.5354 0
    endloop
  endfacet
  facet normal 0.345627 -0.938372 0
    outer loop
      vertex 50.7786 44.5761 0
      vertex 50.6681 44.5354 -28
      vertex 50.7786 44.5761 -28
    endloop
  endfacet
  facet normal -0.908232 -0.418466 0
    outer loop
      vertex 44.6254 49.5236 -28
      vertex 44.5761 49.6306 0
      vertex 44.5761 49.6306 -28
    endloop
  endfacet
  facet normal -0.908232 -0.418466 0
    outer loop
      vertex 44.5761 49.6306 0
      vertex 44.6254 49.5236 -28
      vertex 44.6254 49.5236 0
    endloop
  endfacet
  facet normal 0.619507 0.784991 -0
    outer loop
      vertex 51.8859 56.2949 -28
      vertex 51.7934 56.3679 0
      vertex 51.8859 56.2949 0
    endloop
  endfacet
  facet normal 0.619507 0.784991 0
    outer loop
      vertex 51.7934 56.3679 0
      vertex 51.8859 56.2949 -28
      vertex 51.7934 56.3679 -28
    endloop
  endfacet
  facet normal -0.999204 0.0399002 0
    outer loop
      vertex 44.4619 50.2046 -28
      vertex 44.4666 50.3223 0
      vertex 44.4666 50.3223 -28
    endloop
  endfacet
  facet normal -0.999204 0.0399002 0
    outer loop
      vertex 44.4666 50.3223 0
      vertex 44.4619 50.2046 -28
      vertex 44.4619 50.2046 0
    endloop
  endfacet
  facet normal 0.271581 -0.962416 0
    outer loop
      vertex 50.5547 44.5034 -28
      vertex 50.6681 44.5354 0
      vertex 50.5547 44.5034 0
    endloop
  endfacet
  facet normal 0.271581 -0.962416 0
    outer loop
      vertex 50.6681 44.5354 0
      vertex 50.5547 44.5034 -28
      vertex 50.6681 44.5354 -28
    endloop
  endfacet
  facet normal -0.678985 -0.734152 0
    outer loop
      vertex 49.1439 44.9013 -28
      vertex 49.2304 44.8213 0
      vertex 49.1439 44.9013 0
    endloop
  endfacet
  facet normal -0.678985 -0.734152 -0
    outer loop
      vertex 49.2304 44.8213 0
      vertex 49.1439 44.9013 -28
      vertex 49.2304 44.8213 -28
    endloop
  endfacet
  facet normal -0.872187 0.489172 0
    outer loop
      vertex 44.6254 50.8856 -28
      vertex 44.683 50.9883 0
      vertex 44.683 50.9883 -28
    endloop
  endfacet
  facet normal -0.872187 0.489172 0
    outer loop
      vertex 44.683 50.9883 0
      vertex 44.6254 50.8856 -28
      vertex 44.6254 50.8856 0
    endloop
  endfacet
  facet normal 0.962353 -0.271803 0
    outer loop
      vertex 56.5809 50.4482 0
      vertex 56.6129 50.5615 -28
      vertex 56.6129 50.5615 0
    endloop
  endfacet
  facet normal 0.962353 -0.271803 0
    outer loop
      vertex 56.6129 50.5615 -28
      vertex 56.5809 50.4482 0
      vertex 56.5809 50.4482 -28
    endloop
  endfacet
  facet normal -0.0390526 0.999237 0
    outer loop
      vertex 50.9117 56.6543 -28
      vertex 50.794 56.6497 0
      vertex 50.9117 56.6543 0
    endloop
  endfacet
  facet normal -0.0390526 0.999237 0
    outer loop
      vertex 50.794 56.6497 0
      vertex 50.9117 56.6543 -28
      vertex 50.794 56.6497 -28
    endloop
  endfacet
  facet normal -0.117137 0.993116 0
    outer loop
      vertex 50.794 56.6497 -28
      vertex 50.677 56.6359 0
      vertex 50.794 56.6497 0
    endloop
  endfacet
  facet normal -0.117137 0.993116 0
    outer loop
      vertex 50.677 56.6359 0
      vertex 50.794 56.6497 -28
      vertex 50.677 56.6359 -28
    endloop
  endfacet
  facet normal -0.117137 -0.993116 0
    outer loop
      vertex 49.9699 44.4804 -28
      vertex 50.0869 44.4666 0
      vertex 49.9699 44.4804 0
    endloop
  endfacet
  facet normal -0.117137 -0.993116 -0
    outer loop
      vertex 50.0869 44.4666 0
      vertex 49.9699 44.4804 -28
      vertex 50.0869 44.4666 -28
    endloop
  endfacet
  facet normal -0.678527 0.734575 0
    outer loop
      vertex 49.9375 56.2949 -28
      vertex 49.851 56.215 0
      vertex 49.9375 56.2949 0
    endloop
  endfacet
  facet normal -0.678527 0.734575 0
    outer loop
      vertex 49.851 56.215 0
      vertex 49.9375 56.2949 -28
      vertex 49.851 56.215 -28
    endloop
  endfacet
  facet normal -0.980744 0.1953 0
    outer loop
      vertex 44.4804 50.4392 -28
      vertex 44.5034 50.5547 0
      vertex 44.5034 50.5547 -28
    endloop
  endfacet
  facet normal -0.980744 0.1953 0
    outer loop
      vertex 44.5034 50.5547 0
      vertex 44.4804 50.4392 -28
      vertex 44.4804 50.4392 0
    endloop
  endfacet
  facet normal 0.999237 -0.0390526 0
    outer loop
      vertex 56.6497 50.794 0
      vertex 56.6543 50.9117 -28
      vertex 56.6543 50.9117 0
    endloop
  endfacet
  facet normal 0.999237 -0.0390526 0
    outer loop
      vertex 56.6543 50.9117 -28
      vertex 56.6497 50.794 0
      vertex 56.6497 50.794 -28
    endloop
  endfacet
  facet normal -0.0399002 -0.999204 0
    outer loop
      vertex 50.0869 44.4666 -28
      vertex 50.2046 44.4619 0
      vertex 50.0869 44.4666 0
    endloop
  endfacet
  facet normal -0.0399002 -0.999204 -0
    outer loop
      vertex 50.2046 44.4619 0
      vertex 50.0869 44.4666 -28
      vertex 50.2046 44.4619 -28
    endloop
  endfacet
  facet normal -0.908232 0.418466 0
    outer loop
      vertex 44.5761 50.7786 -28
      vertex 44.6254 50.8856 0
      vertex 44.6254 50.8856 -28
    endloop
  endfacet
  facet normal -0.908232 0.418466 0
    outer loop
      vertex 44.6254 50.8856 0
      vertex 44.5761 50.7786 -28
      vertex 44.5761 50.7786 0
    endloop
  endfacet
  facet normal -0.1953 -0.980744 0
    outer loop
      vertex 49.8544 44.5034 -28
      vertex 49.9699 44.4804 0
      vertex 49.8544 44.5034 0
    endloop
  endfacet
  facet normal -0.1953 -0.980744 -0
    outer loop
      vertex 49.9699 44.4804 0
      vertex 49.8544 44.5034 -28
      vertex 49.9699 44.4804 -28
    endloop
  endfacet
  facet normal 0.0399002 -0.999204 0
    outer loop
      vertex 50.2046 44.4619 -28
      vertex 50.3223 44.4666 0
      vertex 50.2046 44.4619 0
    endloop
  endfacet
  facet normal 0.0399002 -0.999204 0
    outer loop
      vertex 50.3223 44.4666 0
      vertex 50.2046 44.4619 -28
      vertex 50.3223 44.4666 -28
    endloop
  endfacet
  facet normal -0.993104 0.117236 0
    outer loop
      vertex 44.4666 50.3223 -28
      vertex 44.4804 50.4392 0
      vertex 44.4804 50.4392 -28
    endloop
  endfacet
  facet normal -0.993104 0.117236 0
    outer loop
      vertex 44.4804 50.4392 0
      vertex 44.4666 50.3223 -28
      vertex 44.4666 50.3223 0
    endloop
  endfacet
  facet normal -0.831527 -0.555484 0
    outer loop
      vertex 44.7484 49.3229 -28
      vertex 44.683 49.4208 0
      vertex 44.683 49.4208 -28
    endloop
  endfacet
  facet normal -0.831527 -0.555484 0
    outer loop
      vertex 44.683 49.4208 0
      vertex 44.7484 49.3229 -28
      vertex 44.7484 49.3229 0
    endloop
  endfacet
  facet normal 0.555092 -0.831789 0
    outer loop
      vertex 50.9883 44.683 -28
      vertex 51.0863 44.7484 0
      vertex 50.9883 44.683 0
    endloop
  endfacet
  facet normal 0.555092 -0.831789 0
    outer loop
      vertex 51.0863 44.7484 0
      vertex 50.9883 44.683 -28
      vertex 51.0863 44.7484 -28
    endloop
  endfacet
  facet normal -0.785404 -0.618983 0
    outer loop
      vertex 44.8213 49.2304 -28
      vertex 44.7484 49.3229 0
      vertex 44.7484 49.3229 -28
    endloop
  endfacet
  facet normal -0.785404 -0.618983 0
    outer loop
      vertex 44.7484 49.3229 0
      vertex 44.8213 49.2304 -28
      vertex 44.8213 49.2304 0
    endloop
  endfacet
  facet normal 0.872752 -0.488164 0
    outer loop
      vertex 56.4333 50.1279 0
      vertex 56.4908 50.2307 -28
      vertex 56.4908 50.2307 0
    endloop
  endfacet
  facet normal 0.872752 -0.488164 0
    outer loop
      vertex 56.4908 50.2307 -28
      vertex 56.4333 50.1279 0
      vertex 56.4333 50.1279 -28
    endloop
  endfacet
  facet normal 0.908232 -0.418466 0
    outer loop
      vertex 56.4908 50.2307 0
      vertex 56.5401 50.3377 -28
      vertex 56.5401 50.3377 0
    endloop
  endfacet
  facet normal 0.908232 -0.418466 0
    outer loop
      vertex 56.5401 50.3377 -28
      vertex 56.4908 50.2307 0
      vertex 56.4908 50.2307 -28
    endloop
  endfacet
  facet normal 0.707107 0.707107 0
    outer loop
      vertex 56.215 51.9723 0
      vertex 51.9723 56.215 -28
      vertex 51.9723 56.215 0
    endloop
  endfacet
  facet normal 0.707107 0.707107 0
    outer loop
      vertex 51.9723 56.215 -28
      vertex 56.215 51.9723 0
      vertex 56.215 51.9723 -28
    endloop
  endfacet
  facet normal 0.67895 0.734184 -0
    outer loop
      vertex 51.9723 56.215 -28
      vertex 51.8859 56.2949 0
      vertex 51.9723 56.215 0
    endloop
  endfacet
  facet normal 0.67895 0.734184 0
    outer loop
      vertex 51.8859 56.2949 0
      vertex 51.9723 56.215 -28
      vertex 51.8859 56.2949 -28
    endloop
  endfacet
  facet normal -0.1953 0.980744 0
    outer loop
      vertex 50.677 56.6359 -28
      vertex 50.5615 56.6129 0
      vertex 50.677 56.6359 0
    endloop
  endfacet
  facet normal -0.1953 0.980744 0
    outer loop
      vertex 50.5615 56.6129 0
      vertex 50.677 56.6359 -28
      vertex 50.5615 56.6129 -28
    endloop
  endfacet
  facet normal -0.962353 -0.271803 0
    outer loop
      vertex 44.5354 49.7411 -28
      vertex 44.5034 49.8544 0
      vertex 44.5034 49.8544 -28
    endloop
  endfacet
  facet normal -0.962353 -0.271803 0
    outer loop
      vertex 44.5034 49.8544 0
      vertex 44.5354 49.7411 -28
      vertex 44.5354 49.7411 0
    endloop
  endfacet
  facet normal 0.993116 -0.117137 0
    outer loop
      vertex 56.6359 50.677 0
      vertex 56.6497 50.794 -28
      vertex 56.6497 50.794 0
    endloop
  endfacet
  facet normal 0.993116 -0.117137 0
    outer loop
      vertex 56.6497 50.794 -28
      vertex 56.6359 50.677 0
      vertex 56.6359 50.677 -28
    endloop
  endfacet
  facet normal 0.489172 -0.872187 0
    outer loop
      vertex 50.8856 44.6254 -28
      vertex 50.9883 44.683 0
      vertex 50.8856 44.6254 0
    endloop
  endfacet
  facet normal 0.489172 -0.872187 0
    outer loop
      vertex 50.9883 44.683 0
      vertex 50.8856 44.6254 -28
      vertex 50.9883 44.683 -28
    endloop
  endfacet
  facet normal -0.993116 -0.117137 0
    outer loop
      vertex 44.4804 49.9699 -28
      vertex 44.4666 50.0869 0
      vertex 44.4666 50.0869 -28
    endloop
  endfacet
  facet normal -0.993116 -0.117137 0
    outer loop
      vertex 44.4666 50.0869 0
      vertex 44.4804 49.9699 -28
      vertex 44.4804 49.9699 0
    endloop
  endfacet
  facet normal -0.346374 0.938096 0
    outer loop
      vertex 50.4482 56.5809 -28
      vertex 50.3377 56.5401 0
      vertex 50.4482 56.5809 0
    endloop
  endfacet
  facet normal -0.346374 0.938096 0
    outer loop
      vertex 50.3377 56.5401 0
      vertex 50.4482 56.5809 -28
      vertex 50.3377 56.5401 -28
    endloop
  endfacet
  facet normal -0.734152 -0.678985 0
    outer loop
      vertex 44.9013 49.1439 -28
      vertex 44.8213 49.2304 0
      vertex 44.8213 49.2304 -28
    endloop
  endfacet
  facet normal -0.734152 -0.678985 0
    outer loop
      vertex 44.8213 49.2304 0
      vertex 44.9013 49.1439 -28
      vertex 44.9013 49.1439 0
    endloop
  endfacet
  facet normal 0.555092 0.831789 -0
    outer loop
      vertex 51.7934 56.3679 -28
      vertex 51.6954 56.4333 0
      vertex 51.7934 56.3679 0
    endloop
  endfacet
  facet normal 0.555092 0.831789 0
    outer loop
      vertex 51.6954 56.4333 0
      vertex 51.7934 56.3679 -28
      vertex 51.6954 56.4333 -28
    endloop
  endfacet
  facet normal 0.488526 0.872549 -0
    outer loop
      vertex 51.6954 56.4333 -28
      vertex 51.5927 56.4908 0
      vertex 51.6954 56.4333 0
    endloop
  endfacet
  facet normal 0.488526 0.872549 0
    outer loop
      vertex 51.5927 56.4908 0
      vertex 51.6954 56.4333 -28
      vertex 51.5927 56.4908 -28
    endloop
  endfacet
  facet normal -0.999204 -0.0399002 0
    outer loop
      vertex 44.4666 50.0869 -28
      vertex 44.4619 50.2046 0
      vertex 44.4619 50.2046 -28
    endloop
  endfacet
  facet normal -0.999204 -0.0399002 0
    outer loop
      vertex 44.4619 50.2046 0
      vertex 44.4666 50.0869 -28
      vertex 44.4666 50.0869 0
    endloop
  endfacet
  facet normal 0.784991 0.619507 0
    outer loop
      vertex 56.3679 51.7934 0
      vertex 56.2949 51.8859 -28
      vertex 56.2949 51.8859 0
    endloop
  endfacet
  facet normal 0.784991 0.619507 0
    outer loop
      vertex 56.2949 51.8859 -28
      vertex 56.3679 51.7934 0
      vertex 56.3679 51.7934 -28
    endloop
  endfacet
  facet normal -0.271803 0.962353 0
    outer loop
      vertex 50.5615 56.6129 -28
      vertex 50.4482 56.5809 0
      vertex 50.5615 56.6129 0
    endloop
  endfacet
  facet normal -0.271803 0.962353 0
    outer loop
      vertex 50.4482 56.5809 0
      vertex 50.5615 56.6129 -28
      vertex 50.4482 56.5809 -28
    endloop
  endfacet
  facet normal -0.707107 -0.707107 0
    outer loop
      vertex 49.1439 44.9013 -28
      vertex 44.9013 49.1439 0
      vertex 44.9013 49.1439 -28
    endloop
  endfacet
  facet normal -0.707107 -0.707107 0
    outer loop
      vertex 44.9013 49.1439 0
      vertex 49.1439 44.9013 -28
      vertex 49.1439 44.9013 0
    endloop
  endfacet
  facet normal -0.418466 0.908232 0
    outer loop
      vertex 50.3377 56.5401 -28
      vertex 50.2307 56.4908 0
      vertex 50.3377 56.5401 0
    endloop
  endfacet
  facet normal -0.418466 0.908232 0
    outer loop
      vertex 50.2307 56.4908 0
      vertex 50.3377 56.5401 -28
      vertex 50.2307 56.4908 -28
    endloop
  endfacet
  facet normal 0.117236 0.993104 -0
    outer loop
      vertex 51.1463 56.6359 -28
      vertex 51.0294 56.6497 0
      vertex 51.1463 56.6359 0
    endloop
  endfacet
  facet normal 0.117236 0.993104 0
    outer loop
      vertex 51.0294 56.6497 0
      vertex 51.1463 56.6359 -28
      vertex 51.0294 56.6497 -28
    endloop
  endfacet
  facet normal 0 0 -1
    outer loop
      vertex 56.6497 50.794 -28
      vertex 56.6497 51.0294 -28
      vertex 56.6543 50.9117 -28
    endloop
  endfacet
  facet normal 0 0 -1
    outer loop
      vertex 56.6359 50.677 -28
      vertex 56.6497 51.0294 -28
      vertex 56.6497 50.794 -28
    endloop
  endfacet
  facet normal 0 0 -1
    outer loop
      vertex 56.6359 50.677 -28
      vertex 56.6359 51.1463 -28
      vertex 56.6497 51.0294 -28
    endloop
  endfacet
  facet normal 0 0 -1
    outer loop
      vertex 56.6129 50.5615 -28
      vertex 56.6359 51.1463 -28
      vertex 56.6359 50.677 -28
    endloop
  endfacet
  facet normal 0 0 -1
    outer loop
      vertex 56.6129 50.5615 -28
      vertex 56.6129 51.2619 -28
      vertex 56.6359 51.1463 -28
    endloop
  endfacet
  facet normal 0 0 -1
    outer loop
      vertex 56.5809 50.4482 -28
      vertex 56.6129 51.2619 -28
      vertex 56.6129 50.5615 -28
    endloop
  endfacet
  facet normal 0 0 -1
    outer loop
      vertex 56.5809 50.4482 -28
      vertex 56.5809 51.3752 -28
      vertex 56.6129 51.2619 -28
    endloop
  endfacet
  facet normal 0 0 -1
    outer loop
      vertex 56.5401 50.3377 -28
      vertex 56.5809 51.3752 -28
      vertex 56.5809 50.4482 -28
    endloop
  endfacet
  facet normal 0 0 -1
    outer loop
      vertex 56.5401 50.3377 -28
      vertex 56.5401 51.4857 -28
      vertex 56.5809 51.3752 -28
    endloop
  endfacet
  facet normal 0 0 -1
    outer loop
      vertex 56.4908 50.2307 -28
      vertex 56.5401 51.4857 -28
      vertex 56.5401 50.3377 -28
    endloop
  endfacet
  facet normal 0 0 -1
    outer loop
      vertex 56.4908 50.2307 -28
      vertex 56.4908 51.5927 -28
      vertex 56.5401 51.4857 -28
    endloop
  endfacet
  facet normal 0 0 -1
    outer loop
      vertex 56.4333 50.1279 -28
      vertex 56.4908 51.5927 -28
      vertex 56.4908 50.2307 -28
    endloop
  endfacet
  facet normal 0 0 -1
    outer loop
      vertex 56.4333 50.1279 -28
      vertex 56.4333 51.6954 -28
      vertex 56.4908 51.5927 -28
    endloop
  endfacet
  facet normal 0 0 -1
    outer loop
      vertex 56.3679 50.03 -28
      vertex 56.4333 51.6954 -28
      vertex 56.4333 50.1279 -28
    endloop
  endfacet
  facet normal 0 0 -1
    outer loop
      vertex 56.3679 50.03 -28
      vertex 56.3679 51.7934 -28
      vertex 56.4333 51.6954 -28
    endloop
  endfacet
  facet normal 0 0 -1
    outer loop
      vertex 56.2949 49.9375 -28
      vertex 56.3679 51.7934 -28
      vertex 56.3679 50.03 -28
    endloop
  endfacet
  facet normal 0 0 -1
    outer loop
      vertex 56.2949 49.9375 -28
      vertex 56.2949 51.8859 -28
      vertex 56.3679 51.7934 -28
    endloop
  endfacet
  facet normal 0 0 -1
    outer loop
      vertex 56.215 49.851 -28
      vertex 56.2949 51.8859 -28
      vertex 56.2949 49.9375 -28
    endloop
  endfacet
  facet normal 0 0 -1
    outer loop
      vertex 56.215 49.851 -28
      vertex 56.215 51.9723 -28
      vertex 56.2949 51.8859 -28
    endloop
  endfacet
  facet normal 0 0 -1
    outer loop
      vertex 56.215 49.851 -28
      vertex 51.9723 56.215 -28
      vertex 56.215 51.9723 -28
    endloop
  endfacet
  facet normal 0 0 -1
    outer loop
      vertex 49.851 56.215 -28
      vertex 51.9723 56.215 -28
      vertex 56.215 49.851 -28
    endloop
  endfacet
  facet normal 0 0 -1
    outer loop
      vertex 51.9723 56.215 -28
      vertex 49.851 56.215 -28
      vertex 51.8859 56.2949 -28
    endloop
  endfacet
  facet normal -0 0 -1
    outer loop
      vertex 51.8859 56.2949 -28
      vertex 49.851 56.215 -28
      vertex 51.7934 56.3679 -28
    endloop
  endfacet
  facet normal -0 0 -1
    outer loop
      vertex 51.7934 56.3679 -28
      vertex 49.851 56.215 -28
      vertex 51.6954 56.4333 -28
    endloop
  endfacet
  facet normal -0 0 -1
    outer loop
      vertex 51.6954 56.4333 -28
      vertex 49.851 56.215 -28
      vertex 51.5927 56.4908 -28
    endloop
  endfacet
  facet normal -0 0 -1
    outer loop
      vertex 51.5927 56.4908 -28
      vertex 49.851 56.215 -28
      vertex 51.4857 56.5401 -28
    endloop
  endfacet
  facet normal 0 0 -1
    outer loop
      vertex 49.851 56.215 -28
      vertex 56.215 49.851 -28
      vertex 51.2652 44.9013 -28
    endloop
  endfacet
  facet normal -0 0 -1
    outer loop
      vertex 51.4857 56.5401 -28
      vertex 49.851 56.215 -28
      vertex 51.3752 56.5809 -28
    endloop
  endfacet
  facet normal 0 0 -1
    outer loop
      vertex 49.1439 44.9013 -28
      vertex 51.2652 44.9013 -28
      vertex 51.1788 44.8213 -28
    endloop
  endfacet
  facet normal -0 0 -1
    outer loop
      vertex 51.3752 56.5809 -28
      vertex 49.851 56.215 -28
      vertex 51.2619 56.6129 -28
    endloop
  endfacet
  facet normal 0 0 -1
    outer loop
      vertex 49.1439 44.9013 -28
      vertex 51.1788 44.8213 -28
      vertex 51.0863 44.7484 -28
    endloop
  endfacet
  facet normal -0 0 -1
    outer loop
      vertex 51.2619 56.6129 -28
      vertex 49.851 56.215 -28
      vertex 51.1463 56.6359 -28
    endloop
  endfacet
  facet normal 0 0 -1
    outer loop
      vertex 49.1439 44.9013 -28
      vertex 51.0863 44.7484 -28
      vertex 50.9883 44.683 -28
    endloop
  endfacet
  facet normal -0 0 -1
    outer loop
      vertex 51.1463 56.6359 -28
      vertex 49.851 56.215 -28
      vertex 51.0294 56.6497 -28
    endloop
  endfacet
  facet normal 0 0 -1
    outer loop
      vertex 49.1439 44.9013 -28
      vertex 50.9883 44.683 -28
      vertex 50.8856 44.6254 -28
    endloop
  endfacet
  facet normal -0 0 -1
    outer loop
      vertex 51.0294 56.6497 -28
      vertex 49.851 56.215 -28
      vertex 50.9117 56.6543 -28
    endloop
  endfacet
  facet normal 0 0 -1
    outer loop
      vertex 49.1439 44.9013 -28
      vertex 50.8856 44.6254 -28
      vertex 50.7786 44.5761 -28
    endloop
  endfacet
  facet normal 0 0 -1
    outer loop
      vertex 50.9117 56.6543 -28
      vertex 49.851 56.215 -28
      vertex 50.794 56.6497 -28
    endloop
  endfacet
  facet normal 0 0 -1
    outer loop
      vertex 49.1439 44.9013 -28
      vertex 50.7786 44.5761 -28
      vertex 50.6681 44.5354 -28
    endloop
  endfacet
  facet normal 0 0 -1
    outer loop
      vertex 50.794 56.6497 -28
      vertex 49.851 56.215 -28
      vertex 50.677 56.6359 -28
    endloop
  endfacet
  facet normal 0 0 -1
    outer loop
      vertex 49.1439 44.9013 -28
      vertex 50.6681 44.5354 -28
      vertex 50.5547 44.5034 -28
    endloop
  endfacet
  facet normal 0 0 -1
    outer loop
      vertex 50.677 56.6359 -28
      vertex 49.851 56.215 -28
      vertex 50.5615 56.6129 -28
    endloop
  endfacet
  facet normal 0 0 -1
    outer loop
      vertex 49.1439 44.9013 -28
      vertex 50.5547 44.5034 -28
      vertex 50.4392 44.4804 -28
    endloop
  endfacet
  facet normal 0 0 -1
    outer loop
      vertex 50.5615 56.6129 -28
      vertex 49.851 56.215 -28
      vertex 50.4482 56.5809 -28
    endloop
  endfacet
  facet normal 0 0 -1
    outer loop
      vertex 49.1439 44.9013 -28
      vertex 50.4392 44.4804 -28
      vertex 50.3223 44.4666 -28
    endloop
  endfacet
  facet normal 0 0 -1
    outer loop
      vertex 50.4482 56.5809 -28
      vertex 49.851 56.215 -28
      vertex 50.3377 56.5401 -28
    endloop
  endfacet
  facet normal 0 0 -1
    outer loop
      vertex 49.1439 44.9013 -28
      vertex 50.3223 44.4666 -28
      vertex 50.2046 44.4619 -28
    endloop
  endfacet
  facet normal 0 0 -1
    outer loop
      vertex 50.3377 56.5401 -28
      vertex 49.851 56.215 -28
      vertex 50.2307 56.4908 -28
    endloop
  endfacet
  facet normal 0 0 -1
    outer loop
      vertex 49.1439 44.9013 -28
      vertex 50.2046 44.4619 -28
      vertex 50.0869 44.4666 -28
    endloop
  endfacet
  facet normal 0 0 -1
    outer loop
      vertex 50.2307 56.4908 -28
      vertex 49.851 56.215 -28
      vertex 50.1279 56.4333 -28
    endloop
  endfacet
  facet normal 0 0 -1
    outer loop
      vertex 49.1439 44.9013 -28
      vertex 50.0869 44.4666 -28
      vertex 49.9699 44.4804 -28
    endloop
  endfacet
  facet normal 0 0 -1
    outer loop
      vertex 50.1279 56.4333 -28
      vertex 49.851 56.215 -28
      vertex 50.03 56.3679 -28
    endloop
  endfacet
  facet normal 0 0 -1
    outer loop
      vertex 49.1439 44.9013 -28
      vertex 49.9699 44.4804 -28
      vertex 49.8544 44.5034 -28
    endloop
  endfacet
  facet normal 0 0 -1
    outer loop
      vertex 50.03 56.3679 -28
      vertex 49.851 56.215 -28
      vertex 49.9375 56.2949 -28
    endloop
  endfacet
  facet normal 0 0 -1
    outer loop
      vertex 49.1439 44.9013 -28
      vertex 49.8544 44.5034 -28
      vertex 49.7411 44.5354 -28
    endloop
  endfacet
  facet normal 0 0 -1
    outer loop
      vertex 49.1439 44.9013 -28
      vertex 49.7411 44.5354 -28
      vertex 49.6306 44.5761 -28
    endloop
  endfacet
  facet normal 0 0 -1
    outer loop
      vertex 49.1439 44.9013 -28
      vertex 49.6306 44.5761 -28
      vertex 49.5236 44.6254 -28
    endloop
  endfacet
  facet normal 0 0 -1
    outer loop
      vertex 49.1439 44.9013 -28
      vertex 49.5236 44.6254 -28
      vertex 49.4208 44.683 -28
    endloop
  endfacet
  facet normal 0 0 -1
    outer loop
      vertex 49.1439 44.9013 -28
      vertex 49.4208 44.683 -28
      vertex 49.3229 44.7484 -28
    endloop
  endfacet
  facet normal 0 0 -1
    outer loop
      vertex 49.1439 44.9013 -28
      vertex 49.3229 44.7484 -28
      vertex 49.2304 44.8213 -28
    endloop
  endfacet
  facet normal 0 0 -1
    outer loop
      vertex 51.2652 44.9013 -28
      vertex 49.1439 44.9013 -28
      vertex 44.9013 51.2652 -28
    endloop
  endfacet
  facet normal 0 0 -1
    outer loop
      vertex 44.9013 51.2652 -28
      vertex 49.1439 44.9013 -28
      vertex 44.9013 49.1439 -28
    endloop
  endfacet
  facet normal 0 0 -1
    outer loop
      vertex 51.2652 44.9013 -28
      vertex 44.9013 51.2652 -28
      vertex 49.851 56.215 -28
    endloop
  endfacet
  facet normal 0 0 -1
    outer loop
      vertex 44.8213 49.2304 -28
      vertex 44.9013 51.2652 -28
      vertex 44.9013 49.1439 -28
    endloop
  endfacet
  facet normal 0 0 -1
    outer loop
      vertex 44.8213 49.2304 -28
      vertex 44.8213 51.1788 -28
      vertex 44.9013 51.2652 -28
    endloop
  endfacet
  facet normal 0 0 -1
    outer loop
      vertex 44.7484 49.3229 -28
      vertex 44.8213 51.1788 -28
      vertex 44.8213 49.2304 -28
    endloop
  endfacet
  facet normal 0 0 -1
    outer loop
      vertex 44.7484 49.3229 -28
      vertex 44.7484 51.0863 -28
      vertex 44.8213 51.1788 -28
    endloop
  endfacet
  facet normal 0 0 -1
    outer loop
      vertex 44.683 49.4208 -28
      vertex 44.7484 51.0863 -28
      vertex 44.7484 49.3229 -28
    endloop
  endfacet
  facet normal 0 0 -1
    outer loop
      vertex 44.683 49.4208 -28
      vertex 44.683 50.9883 -28
      vertex 44.7484 51.0863 -28
    endloop
  endfacet
  facet normal 0 0 -1
    outer loop
      vertex 44.6254 49.5236 -28
      vertex 44.683 50.9883 -28
      vertex 44.683 49.4208 -28
    endloop
  endfacet
  facet normal 0 0 -1
    outer loop
      vertex 44.6254 49.5236 -28
      vertex 44.6254 50.8856 -28
      vertex 44.683 50.9883 -28
    endloop
  endfacet
  facet normal 0 0 -1
    outer loop
      vertex 44.5761 49.6306 -28
      vertex 44.6254 50.8856 -28
      vertex 44.6254 49.5236 -28
    endloop
  endfacet
  facet normal 0 0 -1
    outer loop
      vertex 44.5761 49.6306 -28
      vertex 44.5761 50.7786 -28
      vertex 44.6254 50.8856 -28
    endloop
  endfacet
  facet normal 0 0 -1
    outer loop
      vertex 44.5354 49.7411 -28
      vertex 44.5761 50.7786 -28
      vertex 44.5761 49.6306 -28
    endloop
  endfacet
  facet normal 0 0 -1
    outer loop
      vertex 44.5354 49.7411 -28
      vertex 44.5354 50.6681 -28
      vertex 44.5761 50.7786 -28
    endloop
  endfacet
  facet normal 0 0 -1
    outer loop
      vertex 44.5034 49.8544 -28
      vertex 44.5354 50.6681 -28
      vertex 44.5354 49.7411 -28
    endloop
  endfacet
  facet normal 0 0 -1
    outer loop
      vertex 44.5034 49.8544 -28
      vertex 44.5034 50.5547 -28
      vertex 44.5354 50.6681 -28
    endloop
  endfacet
  facet normal 0 0 -1
    outer loop
      vertex 44.4804 49.9699 -28
      vertex 44.5034 50.5547 -28
      vertex 44.5034 49.8544 -28
    endloop
  endfacet
  facet normal 0 0 -1
    outer loop
      vertex 44.4804 49.9699 -28
      vertex 44.4804 50.4392 -28
      vertex 44.5034 50.5547 -28
    endloop
  endfacet
  facet normal 0 0 -1
    outer loop
      vertex 44.4666 50.0869 -28
      vertex 44.4804 50.4392 -28
      vertex 44.4804 49.9699 -28
    endloop
  endfacet
  facet normal 0 0 -1
    outer loop
      vertex 44.4666 50.0869 -28
      vertex 44.4666 50.3223 -28
      vertex 44.4804 50.4392 -28
    endloop
  endfacet
  facet normal 0 -0 -1
    outer loop
      vertex 44.4666 50.3223 -28
      vertex 44.4666 50.0869 -28
      vertex 44.4619 50.2046 -28
    endloop
  endfacet
  facet normal 0.271803 0.962353 -0
    outer loop
      vertex 51.3752 56.5809 -28
      vertex 51.2619 56.6129 0
      vertex 51.3752 56.5809 0
    endloop
  endfacet
  facet normal 0.271803 0.962353 0
    outer loop
      vertex 51.2619 56.6129 0
      vertex 51.3752 56.5809 -28
      vertex 51.2619 56.6129 -28
    endloop
  endfacet
  facet normal -0.488164 0.872752 0
    outer loop
      vertex 50.2307 56.4908 -28
      vertex 50.1279 56.4333 0
      vertex 50.2307 56.4908 0
    endloop
  endfacet
  facet normal -0.488164 0.872752 0
    outer loop
      vertex 50.1279 56.4333 0
      vertex 50.2307 56.4908 -28
      vertex 50.1279 56.4333 -28
    endloop
  endfacet
  facet normal -0.271803 -0.962353 0
    outer loop
      vertex 49.7411 44.5354 -28
      vertex 49.8544 44.5034 0
      vertex 49.7411 44.5354 0
    endloop
  endfacet
  facet normal -0.271803 -0.962353 -0
    outer loop
      vertex 49.8544 44.5034 0
      vertex 49.7411 44.5354 -28
      vertex 49.8544 44.5034 -28
    endloop
  endfacet
  facet normal -0.345627 -0.938372 0
    outer loop
      vertex 49.6306 44.5761 -28
      vertex 49.7411 44.5354 0
      vertex 49.6306 44.5761 0
    endloop
  endfacet
  facet normal -0.345627 -0.938372 -0
    outer loop
      vertex 49.7411 44.5354 0
      vertex 49.6306 44.5761 -28
      vertex 49.7411 44.5354 -28
    endloop
  endfacet
  facet normal 0.872549 0.488526 0
    outer loop
      vertex 56.4908 51.5927 0
      vertex 56.4333 51.6954 -28
      vertex 56.4333 51.6954 0
    endloop
  endfacet
  facet normal 0.872549 0.488526 0
    outer loop
      vertex 56.4333 51.6954 -28
      vertex 56.4908 51.5927 0
      vertex 56.4908 51.5927 -28
    endloop
  endfacet
  facet normal 0.0390526 0.999237 -0
    outer loop
      vertex 51.0294 56.6497 -28
      vertex 50.9117 56.6543 0
      vertex 51.0294 56.6497 0
    endloop
  endfacet
  facet normal 0.0390526 0.999237 0
    outer loop
      vertex 50.9117 56.6543 0
      vertex 51.0294 56.6497 -28
      vertex 50.9117 56.6543 -28
    endloop
  endfacet
  facet normal 0.908232 0.418466 0
    outer loop
      vertex 56.5401 51.4857 0
      vertex 56.4908 51.5927 -28
      vertex 56.4908 51.5927 0
    endloop
  endfacet
  facet normal 0.908232 0.418466 0
    outer loop
      vertex 56.4908 51.5927 -28
      vertex 56.5401 51.4857 0
      vertex 56.5401 51.4857 -28
    endloop
  endfacet
  facet normal -0.48881 -0.87239 0
    outer loop
      vertex 49.4208 44.683 -28
      vertex 49.5236 44.6254 0
      vertex 49.4208 44.683 0
    endloop
  endfacet
  facet normal -0.48881 -0.87239 -0
    outer loop
      vertex 49.5236 44.6254 0
      vertex 49.4208 44.683 -28
      vertex 49.5236 44.6254 -28
    endloop
  endfacet
  facet normal -0.619507 0.784991 0
    outer loop
      vertex 50.03 56.3679 -28
      vertex 49.9375 56.2949 0
      vertex 50.03 56.3679 0
    endloop
  endfacet
  facet normal -0.619507 0.784991 0
    outer loop
      vertex 49.9375 56.2949 0
      vertex 50.03 56.3679 -28
      vertex 49.9375 56.2949 -28
    endloop
  endfacet
  facet normal 0.418466 0.908232 -0
    outer loop
      vertex 51.5927 56.4908 -28
      vertex 51.4857 56.5401 0
      vertex 51.5927 56.4908 0
    endloop
  endfacet
  facet normal 0.418466 0.908232 0
    outer loop
      vertex 51.4857 56.5401 0
      vertex 51.5927 56.4908 -28
      vertex 51.4857 56.5401 -28
    endloop
  endfacet
  facet normal -0.618983 -0.785404 0
    outer loop
      vertex 49.2304 44.8213 -28
      vertex 49.3229 44.7484 0
      vertex 49.2304 44.8213 0
    endloop
  endfacet
  facet normal -0.618983 -0.785404 -0
    outer loop
      vertex 49.3229 44.7484 0
      vertex 49.2304 44.8213 -28
      vertex 49.3229 44.7484 -28
    endloop
  endfacet
  facet normal -0.555484 -0.831527 0
    outer loop
      vertex 49.3229 44.7484 -28
      vertex 49.4208 44.683 0
      vertex 49.3229 44.7484 0
    endloop
  endfacet
  facet normal -0.555484 -0.831527 -0
    outer loop
      vertex 49.4208 44.683 0
      vertex 49.3229 44.7484 -28
      vertex 49.4208 44.683 -28
    endloop
  endfacet
  facet normal 0.938096 0.346374 0
    outer loop
      vertex 56.5809 51.3752 0
      vertex 56.5401 51.4857 -28
      vertex 56.5401 51.4857 0
    endloop
  endfacet
  facet normal 0.938096 0.346374 0
    outer loop
      vertex 56.5401 51.4857 -28
      vertex 56.5809 51.3752 0
      vertex 56.5809 51.3752 -28
    endloop
  endfacet
  facet normal 0 0 -1
    outer loop
      vertex -29.658 -71.6007 0
      vertex -44.4666 -50.3223 0
      vertex -44.4619 -50.2046 0
    endloop
  endfacet
  facet normal 0 0 -1
    outer loop
      vertex -35.1843 -69.053 0
      vertex -44.4804 -50.4392 0
      vertex -44.4666 -50.3223 0
    endloop
  endfacet
  facet normal 0 0 -1
    outer loop
      vertex -35.1843 -69.053 0
      vertex -44.5034 -50.5547 0
      vertex -44.4804 -50.4392 0
    endloop
  endfacet
  facet normal 0 0 -1
    outer loop
      vertex -35.1843 -69.053 0
      vertex -44.5354 -50.6681 0
      vertex -44.5034 -50.5547 0
    endloop
  endfacet
  facet normal 0 0 -1
    outer loop
      vertex -40.4936 -66.0796 0
      vertex -44.5761 -50.7786 0
      vertex -44.5354 -50.6681 0
    endloop
  endfacet
  facet normal 0 0 -1
    outer loop
      vertex -40.4936 -66.0796 0
      vertex -44.6254 -50.8856 0
      vertex -44.5761 -50.7786 0
    endloop
  endfacet
  facet normal 0 0 -1
    outer loop
      vertex -40.4936 -66.0796 0
      vertex -44.683 -50.9883 0
      vertex -44.6254 -50.8856 0
    endloop
  endfacet
  facet normal 0 0 -1
    outer loop
      vertex -40.4936 -66.0796 0
      vertex -44.7484 -51.0863 0
      vertex -44.683 -50.9883 0
    endloop
  endfacet
  facet normal 0 0 -1
    outer loop
      vertex -40.4936 -66.0796 0
      vertex -44.8213 -51.1788 0
      vertex -44.7484 -51.0863 0
    endloop
  endfacet
  facet normal 0 0 -1
    outer loop
      vertex -40.4936 -66.0796 0
      vertex -44.9013 -51.2652 0
      vertex -44.8213 -51.1788 0
    endloop
  endfacet
  facet normal 0 0 -1
    outer loop
      vertex -45.5534 -62.6988 0
      vertex -44.9013 -51.2652 0
      vertex -40.4936 -66.0796 0
    endloop
  endfacet
  facet normal 0 0 -1
    outer loop
      vertex -45.5534 -62.6988 0
      vertex -49.851 -56.215 0
      vertex -44.9013 -51.2652 0
    endloop
  endfacet
  facet normal 0 0 -1
    outer loop
      vertex -50.3322 -58.9315 0
      vertex -49.851 -56.215 0
      vertex -45.5534 -62.6988 0
    endloop
  endfacet
  facet normal 0 0 -1
    outer loop
      vertex -49.851 -56.215 0
      vertex -50.3322 -58.9315 0
      vertex -49.9375 -56.2949 0
    endloop
  endfacet
  facet normal 0 0 -1
    outer loop
      vertex -49.9375 -56.2949 0
      vertex -50.3322 -58.9315 0
      vertex -50.03 -56.3679 0
    endloop
  endfacet
  facet normal 0 0 -1
    outer loop
      vertex -50.03 -56.3679 0
      vertex -50.3322 -58.9315 0
      vertex -50.1279 -56.4333 0
    endloop
  endfacet
  facet normal 0 0 -1
    outer loop
      vertex -50.1279 -56.4333 0
      vertex -50.3322 -58.9315 0
      vertex -50.2307 -56.4908 0
    endloop
  endfacet
  facet normal 0 0 -1
    outer loop
      vertex -50.3322 -58.9315 0
      vertex -50.3377 -56.5401 0
      vertex -50.2307 -56.4908 0
    endloop
  endfacet
  facet normal 0 0 -1
    outer loop
      vertex -50.3322 -58.9315 0
      vertex -50.4482 -56.5809 0
      vertex -50.3377 -56.5401 0
    endloop
  endfacet
  facet normal 0 0 -1
    outer loop
      vertex -50.3322 -58.9315 0
      vertex -50.5615 -56.6129 0
      vertex -50.4482 -56.5809 0
    endloop
  endfacet
  facet normal 0 0 -1
    outer loop
      vertex -50.3322 -58.9315 0
      vertex -50.677 -56.6359 0
      vertex -50.5615 -56.6129 0
    endloop
  endfacet
  facet normal 0 0 -1
    outer loop
      vertex -50.3322 -58.9315 0
      vertex -50.794 -56.6497 0
      vertex -50.677 -56.6359 0
    endloop
  endfacet
  facet normal 0 0 -1
    outer loop
      vertex -50.3322 -58.9315 0
      vertex -50.9117 -56.6543 0
      vertex -50.794 -56.6497 0
    endloop
  endfacet
  facet normal 0 0 -1
    outer loop
      vertex -50.3322 -58.9315 0
      vertex -51.0294 -56.6497 0
      vertex -50.9117 -56.6543 0
    endloop
  endfacet
  facet normal 0 0 -1
    outer loop
      vertex -50.3322 -58.9315 0
      vertex -51.1463 -56.6359 0
      vertex -51.0294 -56.6497 0
    endloop
  endfacet
  facet normal 0 0 -1
    outer loop
      vertex -50.3322 -58.9315 0
      vertex -51.2619 -56.6129 0
      vertex -51.1463 -56.6359 0
    endloop
  endfacet
  facet normal 0 0 -1
    outer loop
      vertex -50.3322 -58.9315 0
      vertex -51.3752 -56.5809 0
      vertex -51.2619 -56.6129 0
    endloop
  endfacet
  facet normal 0 0 -1
    outer loop
      vertex -50.3322 -58.9315 0
      vertex -51.4857 -56.5401 0
      vertex -51.3752 -56.5809 0
    endloop
  endfacet
  facet normal 0 0 -1
    outer loop
      vertex -50.3322 -58.9315 0
      vertex -51.5927 -56.4908 0
      vertex -51.4857 -56.5401 0
    endloop
  endfacet
  facet normal 0 0 -1
    outer loop
      vertex -50.3322 -58.9315 0
      vertex -51.6954 -56.4333 0
      vertex -51.5927 -56.4908 0
    endloop
  endfacet
  facet normal 0 0 -1
    outer loop
      vertex -50.3322 -58.9315 0
      vertex -51.7934 -56.3679 0
      vertex -51.6954 -56.4333 0
    endloop
  endfacet
  facet normal 0 0 -1
    outer loop
      vertex -50.3322 -58.9315 0
      vertex -51.8859 -56.2949 0
      vertex -51.7934 -56.3679 0
    endloop
  endfacet
  facet normal 0 0 -1
    outer loop
      vertex -50.3322 -58.9315 0
      vertex -51.9723 -56.215 0
      vertex -51.8859 -56.2949 0
    endloop
  endfacet
  facet normal 0 0 -1
    outer loop
      vertex -54.8008 -54.8008 0
      vertex -51.9723 -56.215 0
      vertex -50.3322 -58.9315 0
    endloop
  endfacet
  facet normal 0 0 -1
    outer loop
      vertex -54.8008 -54.8008 0
      vertex -56.215 -51.9723 0
      vertex -51.9723 -56.215 0
    endloop
  endfacet
  facet normal 0 0 -1
    outer loop
      vertex -54.8008 -54.8008 0
      vertex -56.2949 -51.8859 0
      vertex -56.215 -51.9723 0
    endloop
  endfacet
  facet normal 0 0 -1
    outer loop
      vertex -58.9315 -50.3322 0
      vertex -56.2949 -51.8859 0
      vertex -54.8008 -54.8008 0
    endloop
  endfacet
  facet normal 0 0 -1
    outer loop
      vertex -56.2949 -51.8859 0
      vertex -58.9315 -50.3322 0
      vertex -56.3679 -51.7934 0
    endloop
  endfacet
  facet normal 0 0 -1
    outer loop
      vertex -56.3679 -51.7934 0
      vertex -58.9315 -50.3322 0
      vertex -56.4333 -51.6954 0
    endloop
  endfacet
  facet normal -0 0 -1
    outer loop
      vertex -50.7786 44.5761 0
      vertex -66.0796 40.4936 0
      vertex -50.8856 44.6254 0
    endloop
  endfacet
  facet normal 0 0 -1
    outer loop
      vertex -56.6497 -51.0294 0
      vertex -58.9315 -50.3322 0
      vertex -56.6543 -50.9117 0
    endloop
  endfacet
  facet normal 0 0 -1
    outer loop
      vertex -56.6359 -51.1463 0
      vertex -58.9315 -50.3322 0
      vertex -56.6497 -51.0294 0
    endloop
  endfacet
  facet normal 0 0 -1
    outer loop
      vertex -56.6129 -51.2619 0
      vertex -58.9315 -50.3322 0
      vertex -56.6359 -51.1463 0
    endloop
  endfacet
  facet normal 0 0 -1
    outer loop
      vertex -56.5809 -51.3752 0
      vertex -58.9315 -50.3322 0
      vertex -56.6129 -51.2619 0
    endloop
  endfacet
  facet normal 0 0 -1
    outer loop
      vertex -56.5401 -51.4857 0
      vertex -58.9315 -50.3322 0
      vertex -56.5809 -51.3752 0
    endloop
  endfacet
  facet normal 0 0 -1
    outer loop
      vertex -56.4908 -51.5927 0
      vertex -58.9315 -50.3322 0
      vertex -56.5401 -51.4857 0
    endloop
  endfacet
  facet normal 0 0 -1
    outer loop
      vertex -56.4333 -51.6954 0
      vertex -58.9315 -50.3322 0
      vertex -56.4908 -51.5927 0
    endloop
  endfacet
  facet normal 0 0 -1
    outer loop
      vertex 11.4946 -10.4929 0
      vertex -10.2562 -11.9069 0
      vertex -10.25 -11.75 0
    endloop
  endfacet
  facet normal 0 0 -1
    outer loop
      vertex 0 -77.5 0
      vertex -10.2746 -12.0629 0
      vertex -10.2562 -11.9069 0
    endloop
  endfacet
  facet normal 0 0 -1
    outer loop
      vertex 0 -77.5 0
      vertex -10.3053 -12.2169 0
      vertex -10.2746 -12.0629 0
    endloop
  endfacet
  facet normal 0 0 -1
    outer loop
      vertex 0 -77.5 0
      vertex -10.3479 -12.368 0
      vertex -10.3053 -12.2169 0
    endloop
  endfacet
  facet normal 0 0 -1
    outer loop
      vertex 0 -77.5 0
      vertex -10.4022 -12.5154 0
      vertex -10.3479 -12.368 0
    endloop
  endfacet
  facet normal 0 0 -1
    outer loop
      vertex 0 -77.5 0
      vertex -10.468 -12.658 0
      vertex -10.4022 -12.5154 0
    endloop
  endfacet
  facet normal 0 0 -1
    outer loop
      vertex 0 -77.5 0
      vertex -10.5447 -12.795 0
      vertex -10.468 -12.658 0
    endloop
  endfacet
  facet normal 0 0 -1
    outer loop
      vertex 0 -77.5 0
      vertex -10.632 -12.9256 0
      vertex -10.5447 -12.795 0
    endloop
  endfacet
  facet normal 0 0 -1
    outer loop
      vertex 0 -77.5 0
      vertex -10.7292 -13.0489 0
      vertex -10.632 -12.9256 0
    endloop
  endfacet
  facet normal 0 0 -1
    outer loop
      vertex 0 -77.5 0
      vertex -10.8358 -13.1642 0
      vertex -10.7292 -13.0489 0
    endloop
  endfacet
  facet normal 0 0 -1
    outer loop
      vertex 0 -77.5 0
      vertex -10.9511 -13.2708 0
      vertex -10.8358 -13.1642 0
    endloop
  endfacet
  facet normal 0 0 -1
    outer loop
      vertex 0 -77.5 0
      vertex -11.0744 -13.368 0
      vertex -10.9511 -13.2708 0
    endloop
  endfacet
  facet normal 0 0 -1
    outer loop
      vertex 0 -77.5 0
      vertex -11.205 -13.4553 0
      vertex -11.0744 -13.368 0
    endloop
  endfacet
  facet normal 0 0 -1
    outer loop
      vertex 0 -77.5 0
      vertex -11.342 -13.532 0
      vertex -11.205 -13.4553 0
    endloop
  endfacet
  facet normal 0 0 -1
    outer loop
      vertex 0 -77.5 0
      vertex -11.4846 -13.5978 0
      vertex -11.342 -13.532 0
    endloop
  endfacet
  facet normal 0 0 -1
    outer loop
      vertex 0 -77.5 0
      vertex -11.632 -13.6521 0
      vertex -11.4846 -13.5978 0
    endloop
  endfacet
  facet normal 0 0 -1
    outer loop
      vertex -6.08058 -77.2611 0
      vertex -11.7831 -13.6947 0
      vertex -11.632 -13.6521 0
    endloop
  endfacet
  facet normal 0 0 -1
    outer loop
      vertex -6.08058 -77.2611 0
      vertex -11.9371 -13.7254 0
      vertex -11.7831 -13.6947 0
    endloop
  endfacet
  facet normal 0 0 -1
    outer loop
      vertex -12.1237 -76.5458 0
      vertex -11.9371 -13.7254 0
      vertex -6.08058 -77.2611 0
    endloop
  endfacet
  facet normal 0 0 -1
    outer loop
      vertex -11.9371 -13.7254 0
      vertex -12.1237 -76.5458 0
      vertex -12.0931 -13.7438 0
    endloop
  endfacet
  facet normal 0 0 -1
    outer loop
      vertex -18.092 -75.3587 0
      vertex -12.0931 -13.7438 0
      vertex -12.1237 -76.5458 0
    endloop
  endfacet
  facet normal 0 0 -1
    outer loop
      vertex -12.0931 -13.7438 0
      vertex -18.092 -75.3587 0
      vertex -12.25 -13.75 0
    endloop
  endfacet
  facet normal 0 0 -1
    outer loop
      vertex -23.9488 -73.7069 0
      vertex -12.25 -13.75 0
      vertex -18.092 -75.3587 0
    endloop
  endfacet
  facet normal 0 0 -1
    outer loop
      vertex -44.4666 -50.0869 0
      vertex -23.9488 -73.7069 0
      vertex -29.658 -71.6007 0
    endloop
  endfacet
  facet normal 0 0 -1
    outer loop
      vertex -44.4666 -50.3223 0
      vertex -29.658 -71.6007 0
      vertex -35.1843 -69.053 0
    endloop
  endfacet
  facet normal 0 0 -1
    outer loop
      vertex -44.5354 -50.6681 0
      vertex -35.1843 -69.053 0
      vertex -40.4936 -66.0796 0
    endloop
  endfacet
  facet normal 0 0 -1
    outer loop
      vertex -29.658 -71.6007 0
      vertex -44.4619 -50.2046 0
      vertex -44.4666 -50.0869 0
    endloop
  endfacet
  facet normal 0 0 -1
    outer loop
      vertex -23.9488 -73.7069 0
      vertex -44.4666 -50.0869 0
      vertex -44.4804 -49.9699 0
    endloop
  endfacet
  facet normal 0 0 -1
    outer loop
      vertex -23.9488 -73.7069 0
      vertex -44.4804 -49.9699 0
      vertex -12.25 -13.75 0
    endloop
  endfacet
  facet normal 0 0 -1
    outer loop
      vertex -44.5034 -49.8544 0
      vertex -12.25 -13.75 0
      vertex -44.4804 -49.9699 0
    endloop
  endfacet
  facet normal 0 0 -1
    outer loop
      vertex -44.5354 -49.7411 0
      vertex -12.25 -13.75 0
      vertex -44.5034 -49.8544 0
    endloop
  endfacet
  facet normal 0 0 -1
    outer loop
      vertex -44.5761 -49.6306 0
      vertex -12.25 -13.75 0
      vertex -44.5354 -49.7411 0
    endloop
  endfacet
  facet normal 0 0 -1
    outer loop
      vertex -44.6254 -49.5236 0
      vertex -12.25 -13.75 0
      vertex -44.5761 -49.6306 0
    endloop
  endfacet
  facet normal 0 0 -1
    outer loop
      vertex -44.683 -49.4208 0
      vertex -12.25 -13.75 0
      vertex -44.6254 -49.5236 0
    endloop
  endfacet
  facet normal 0 0 -1
    outer loop
      vertex -44.7484 -49.3229 0
      vertex -12.25 -13.75 0
      vertex -44.683 -49.4208 0
    endloop
  endfacet
  facet normal 0 0 -1
    outer loop
      vertex -44.8213 -49.2304 0
      vertex -12.25 -13.75 0
      vertex -44.7484 -49.3229 0
    endloop
  endfacet
  facet normal 0 0 -1
    outer loop
      vertex -44.9013 -49.1439 0
      vertex -12.25 -13.75 0
      vertex -44.8213 -49.2304 0
    endloop
  endfacet
  facet normal 0 0 -1
    outer loop
      vertex -44.9013 -49.1439 0
      vertex -47.75 -13.75 0
      vertex -12.25 -13.75 0
    endloop
  endfacet
  facet normal 0 0 -1
    outer loop
      vertex -49.1439 -44.9013 0
      vertex -47.75 -13.75 0
      vertex -44.9013 -49.1439 0
    endloop
  endfacet
  facet normal 0 0 -1
    outer loop
      vertex -49.2304 -44.8213 0
      vertex -47.75 -13.75 0
      vertex -49.1439 -44.9013 0
    endloop
  endfacet
  facet normal 0 0 -1
    outer loop
      vertex -49.3229 -44.7484 0
      vertex -47.75 -13.75 0
      vertex -49.2304 -44.8213 0
    endloop
  endfacet
  facet normal 0 0 -1
    outer loop
      vertex -49.4208 -44.683 0
      vertex -47.75 -13.75 0
      vertex -49.3229 -44.7484 0
    endloop
  endfacet
  facet normal 0 0 -1
    outer loop
      vertex -49.5236 -44.6254 0
      vertex -47.75 -13.75 0
      vertex -49.4208 -44.683 0
    endloop
  endfacet
  facet normal 0 0 -1
    outer loop
      vertex -49.6306 -44.5761 0
      vertex -47.75 -13.75 0
      vertex -49.5236 -44.6254 0
    endloop
  endfacet
  facet normal 0 0 -1
    outer loop
      vertex -49.7411 -44.5354 0
      vertex -47.75 -13.75 0
      vertex -49.6306 -44.5761 0
    endloop
  endfacet
  facet normal 0 0 -1
    outer loop
      vertex -49.8544 -44.5034 0
      vertex -47.75 -13.75 0
      vertex -49.7411 -44.5354 0
    endloop
  endfacet
  facet normal 0 0 -1
    outer loop
      vertex -49.9699 -44.4804 0
      vertex -47.75 -13.75 0
      vertex -49.8544 -44.5034 0
    endloop
  endfacet
  facet normal 0 0 -1
    outer loop
      vertex -50.0869 -44.4666 0
      vertex -47.75 -13.75 0
      vertex -49.9699 -44.4804 0
    endloop
  endfacet
  facet normal -0 0 -1
    outer loop
      vertex -47.75 -13.75 0
      vertex -50.0869 -44.4666 0
      vertex -47.9069 -13.7438 0
    endloop
  endfacet
  facet normal 0 0 -1
    outer loop
      vertex -50.2046 -44.4619 0
      vertex -47.9069 -13.7438 0
      vertex -50.0869 -44.4666 0
    endloop
  endfacet
  facet normal -0 0 -1
    outer loop
      vertex -47.9069 -13.7438 0
      vertex -50.2046 -44.4619 0
      vertex -48.0629 -13.7254 0
    endloop
  endfacet
  facet normal 0 0 -1
    outer loop
      vertex -50.3223 -44.4666 0
      vertex -48.0629 -13.7254 0
      vertex -50.2046 -44.4619 0
    endloop
  endfacet
  facet normal -0 0 -1
    outer loop
      vertex -48.0629 -13.7254 0
      vertex -50.3223 -44.4666 0
      vertex -48.2169 -13.6947 0
    endloop
  endfacet
  facet normal 0 0 -1
    outer loop
      vertex -50.4392 -44.4804 0
      vertex -48.2169 -13.6947 0
      vertex -50.3223 -44.4666 0
    endloop
  endfacet
  facet normal -0 0 -1
    outer loop
      vertex -48.2169 -13.6947 0
      vertex -50.4392 -44.4804 0
      vertex -48.368 -13.6521 0
    endloop
  endfacet
  facet normal 0 0 -1
    outer loop
      vertex -50.5547 -44.5034 0
      vertex -48.368 -13.6521 0
      vertex -50.4392 -44.4804 0
    endloop
  endfacet
  facet normal -0 0 -1
    outer loop
      vertex -48.368 -13.6521 0
      vertex -50.5547 -44.5034 0
      vertex -48.5154 -13.5978 0
    endloop
  endfacet
  facet normal 0 0 -1
    outer loop
      vertex -69.053 -35.1843 0
      vertex -50.6681 -44.5354 0
      vertex -66.0796 -40.4936 0
    endloop
  endfacet
  facet normal 0 0 -1
    outer loop
      vertex -50.6681 -44.5354 0
      vertex -69.053 -35.1843 0
      vertex -50.5547 -44.5034 0
    endloop
  endfacet
  facet normal 0 0 -1
    outer loop
      vertex -66.0796 -40.4936 0
      vertex -50.6681 -44.5354 0
      vertex -50.7786 -44.5761 0
    endloop
  endfacet
  facet normal 0 0 -1
    outer loop
      vertex -50.5547 -44.5034 0
      vertex -69.053 -35.1843 0
      vertex -48.5154 -13.5978 0
    endloop
  endfacet
  facet normal 0 0 -1
    outer loop
      vertex -66.0796 -40.4936 0
      vertex -50.7786 -44.5761 0
      vertex -50.8856 -44.6254 0
    endloop
  endfacet
  facet normal 0 0 -1
    outer loop
      vertex -50.9883 -44.683 0
      vertex -66.0796 -40.4936 0
      vertex -50.8856 -44.6254 0
    endloop
  endfacet
  facet normal 0 0 -1
    outer loop
      vertex -51.0863 -44.7484 0
      vertex -66.0796 -40.4936 0
      vertex -50.9883 -44.683 0
    endloop
  endfacet
  facet normal -0 0 -1
    outer loop
      vertex -48.5154 -13.5978 0
      vertex -69.053 -35.1843 0
      vertex -48.658 -13.532 0
    endloop
  endfacet
  facet normal -0 0 -1
    outer loop
      vertex -48.658 -13.532 0
      vertex -69.053 -35.1843 0
      vertex -48.795 -13.4553 0
    endloop
  endfacet
  facet normal 0 0 -1
    outer loop
      vertex -51.1788 -44.8213 0
      vertex -66.0796 -40.4936 0
      vertex -51.0863 -44.7484 0
    endloop
  endfacet
  facet normal 0 0 -1
    outer loop
      vertex -21.6256 41.268 0
      vertex -44.5034 50.5547 0
      vertex -21.495 41.3553 0
    endloop
  endfacet
  facet normal 0 0 -1
    outer loop
      vertex -21.495 41.3553 0
      vertex -44.5034 50.5547 0
      vertex -35.1843 69.053 0
    endloop
  endfacet
  facet normal 0 0 -1
    outer loop
      vertex -44.5354 50.6681 0
      vertex -35.1843 69.053 0
      vertex -44.5034 50.5547 0
    endloop
  endfacet
  facet normal 0 0 -1
    outer loop
      vertex -35.1843 69.053 0
      vertex -44.5354 50.6681 0
      vertex -40.4936 66.0796 0
    endloop
  endfacet
  facet normal 0 0 -1
    outer loop
      vertex -44.5761 50.7786 0
      vertex -40.4936 66.0796 0
      vertex -44.5354 50.6681 0
    endloop
  endfacet
  facet normal 0 0 -1
    outer loop
      vertex -44.6254 50.8856 0
      vertex -40.4936 66.0796 0
      vertex -44.5761 50.7786 0
    endloop
  endfacet
  facet normal 0 0 -1
    outer loop
      vertex -44.683 50.9883 0
      vertex -40.4936 66.0796 0
      vertex -44.6254 50.8856 0
    endloop
  endfacet
  facet normal 0 0 -1
    outer loop
      vertex -44.7484 51.0863 0
      vertex -40.4936 66.0796 0
      vertex -44.683 50.9883 0
    endloop
  endfacet
  facet normal 0 0 -1
    outer loop
      vertex -44.8213 51.1788 0
      vertex -40.4936 66.0796 0
      vertex -44.7484 51.0863 0
    endloop
  endfacet
  facet normal 0 0 -1
    outer loop
      vertex -44.9013 51.2652 0
      vertex -40.4936 66.0796 0
      vertex -44.8213 51.1788 0
    endloop
  endfacet
  facet normal 0 0 -1
    outer loop
      vertex -44.9013 51.2652 0
      vertex -45.5534 62.6988 0
      vertex -40.4936 66.0796 0
    endloop
  endfacet
  facet normal 0 0 -1
    outer loop
      vertex -49.851 56.215 0
      vertex -45.5534 62.6988 0
      vertex -44.9013 51.2652 0
    endloop
  endfacet
  facet normal 0 0 -1
    outer loop
      vertex -50.3322 58.9315 0
      vertex -49.851 56.215 0
      vertex -49.9375 56.2949 0
    endloop
  endfacet
  facet normal 0 0 -1
    outer loop
      vertex -50.3322 58.9315 0
      vertex -49.9375 56.2949 0
      vertex -50.03 56.3679 0
    endloop
  endfacet
  facet normal 0 0 -1
    outer loop
      vertex -50.3322 58.9315 0
      vertex -50.03 56.3679 0
      vertex -50.1279 56.4333 0
    endloop
  endfacet
  facet normal 0 0 -1
    outer loop
      vertex -50.3322 58.9315 0
      vertex -50.1279 56.4333 0
      vertex -50.2307 56.4908 0
    endloop
  endfacet
  facet normal 0 0 -1
    outer loop
      vertex -49.851 56.215 0
      vertex -50.3322 58.9315 0
      vertex -45.5534 62.6988 0
    endloop
  endfacet
  facet normal 0 0 -1
    outer loop
      vertex -50.3377 56.5401 0
      vertex -50.3322 58.9315 0
      vertex -50.2307 56.4908 0
    endloop
  endfacet
  facet normal 0 0 -1
    outer loop
      vertex -50.4482 56.5809 0
      vertex -50.3322 58.9315 0
      vertex -50.3377 56.5401 0
    endloop
  endfacet
  facet normal 0 0 -1
    outer loop
      vertex -50.5615 56.6129 0
      vertex -50.3322 58.9315 0
      vertex -50.4482 56.5809 0
    endloop
  endfacet
  facet normal 0 0 -1
    outer loop
      vertex -50.677 56.6359 0
      vertex -50.3322 58.9315 0
      vertex -50.5615 56.6129 0
    endloop
  endfacet
  facet normal 0 0 -1
    outer loop
      vertex -50.794 56.6497 0
      vertex -50.3322 58.9315 0
      vertex -50.677 56.6359 0
    endloop
  endfacet
  facet normal 0 0 -1
    outer loop
      vertex -50.9117 56.6543 0
      vertex -50.3322 58.9315 0
      vertex -50.794 56.6497 0
    endloop
  endfacet
  facet normal 0 0 -1
    outer loop
      vertex -51.0294 56.6497 0
      vertex -50.3322 58.9315 0
      vertex -50.9117 56.6543 0
    endloop
  endfacet
  facet normal 0 0 -1
    outer loop
      vertex -51.1463 56.6359 0
      vertex -50.3322 58.9315 0
      vertex -51.0294 56.6497 0
    endloop
  endfacet
  facet normal 0 0 -1
    outer loop
      vertex -51.2619 56.6129 0
      vertex -50.3322 58.9315 0
      vertex -51.1463 56.6359 0
    endloop
  endfacet
  facet normal 0 0 -1
    outer loop
      vertex -51.3752 56.5809 0
      vertex -50.3322 58.9315 0
      vertex -51.2619 56.6129 0
    endloop
  endfacet
  facet normal 0 0 -1
    outer loop
      vertex -51.4857 56.5401 0
      vertex -50.3322 58.9315 0
      vertex -51.3752 56.5809 0
    endloop
  endfacet
  facet normal 0 0 -1
    outer loop
      vertex -51.5927 56.4908 0
      vertex -50.3322 58.9315 0
      vertex -51.4857 56.5401 0
    endloop
  endfacet
  facet normal 0 0 -1
    outer loop
      vertex -51.6954 56.4333 0
      vertex -50.3322 58.9315 0
      vertex -51.5927 56.4908 0
    endloop
  endfacet
  facet normal 0 0 -1
    outer loop
      vertex -51.7934 56.3679 0
      vertex -50.3322 58.9315 0
      vertex -51.6954 56.4333 0
    endloop
  endfacet
  facet normal 0 0 -1
    outer loop
      vertex -51.8859 56.2949 0
      vertex -50.3322 58.9315 0
      vertex -51.7934 56.3679 0
    endloop
  endfacet
  facet normal 0 0 -1
    outer loop
      vertex -51.9723 56.215 0
      vertex -50.3322 58.9315 0
      vertex -51.8859 56.2949 0
    endloop
  endfacet
  facet normal -0 0 -1
    outer loop
      vertex -51.9723 56.215 0
      vertex -54.8008 54.8008 0
      vertex -50.3322 58.9315 0
    endloop
  endfacet
  facet normal 0 0 -1
    outer loop
      vertex -56.215 51.9723 0
      vertex -54.8008 54.8008 0
      vertex -51.9723 56.215 0
    endloop
  endfacet
  facet normal 0 0 -1
    outer loop
      vertex -56.2949 51.8859 0
      vertex -54.8008 54.8008 0
      vertex -56.215 51.9723 0
    endloop
  endfacet
  facet normal 0 0 -1
    outer loop
      vertex -58.9315 50.3322 0
      vertex -56.2949 51.8859 0
      vertex -56.3679 51.7934 0
    endloop
  endfacet
  facet normal 0 0 -1
    outer loop
      vertex -58.9315 50.3322 0
      vertex -56.3679 51.7934 0
      vertex -56.4333 51.6954 0
    endloop
  endfacet
  facet normal 0 0 -1
    outer loop
      vertex -58.9315 50.3322 0
      vertex -56.4333 51.6954 0
      vertex -56.4908 51.5927 0
    endloop
  endfacet
  facet normal -0 0 -1
    outer loop
      vertex -56.2949 51.8859 0
      vertex -58.9315 50.3322 0
      vertex -54.8008 54.8008 0
    endloop
  endfacet
  facet normal -0 0 -1
    outer loop
      vertex -56.5401 51.4857 0
      vertex -58.9315 50.3322 0
      vertex -56.4908 51.5927 0
    endloop
  endfacet
  facet normal -0 0 -1
    outer loop
      vertex -56.5809 51.3752 0
      vertex -58.9315 50.3322 0
      vertex -56.5401 51.4857 0
    endloop
  endfacet
  facet normal -0 0 -1
    outer loop
      vertex -56.6129 51.2619 0
      vertex -58.9315 50.3322 0
      vertex -56.5809 51.3752 0
    endloop
  endfacet
  facet normal -0 0 -1
    outer loop
      vertex -56.6359 51.1463 0
      vertex -58.9315 50.3322 0
      vertex -56.6129 51.2619 0
    endloop
  endfacet
  facet normal -0 0 -1
    outer loop
      vertex -56.6497 51.0294 0
      vertex -58.9315 50.3322 0
      vertex -56.6359 51.1463 0
    endloop
  endfacet
  facet normal -0 0 -1
    outer loop
      vertex -56.6543 50.9117 0
      vertex -58.9315 50.3322 0
      vertex -56.6497 51.0294 0
    endloop
  endfacet
  facet normal -0 0 -1
    outer loop
      vertex -50.8856 44.6254 0
      vertex -66.0796 40.4936 0
      vertex -50.9883 44.683 0
    endloop
  endfacet
  facet normal -0 0 -1
    outer loop
      vertex -50.9883 44.683 0
      vertex -66.0796 40.4936 0
      vertex -51.0863 44.7484 0
    endloop
  endfacet
  facet normal -0 0 -1
    outer loop
      vertex -56.6497 50.794 0
      vertex -58.9315 50.3322 0
      vertex -56.6543 50.9117 0
    endloop
  endfacet
  facet normal -0 0 -1
    outer loop
      vertex -51.0863 44.7484 0
      vertex -66.0796 40.4936 0
      vertex -51.1788 44.8213 0
    endloop
  endfacet
  facet normal -0 0 -1
    outer loop
      vertex -56.6359 50.677 0
      vertex -58.9315 50.3322 0
      vertex -56.6497 50.794 0
    endloop
  endfacet
  facet normal -0 0 -1
    outer loop
      vertex -51.1788 44.8213 0
      vertex -66.0796 40.4936 0
      vertex -51.2652 44.9013 0
    endloop
  endfacet
  facet normal -0 0 -1
    outer loop
      vertex -56.6129 50.5615 0
      vertex -58.9315 50.3322 0
      vertex -56.6359 50.677 0
    endloop
  endfacet
  facet normal 0 -0 -1
    outer loop
      vertex -62.6988 45.5534 0
      vertex -51.2652 44.9013 0
      vertex -66.0796 40.4936 0
    endloop
  endfacet
  facet normal -0 0 -1
    outer loop
      vertex -56.5809 50.4482 0
      vertex -58.9315 50.3322 0
      vertex -56.6129 50.5615 0
    endloop
  endfacet
  facet normal 0 0 -1
    outer loop
      vertex -51.2652 44.9013 0
      vertex -62.6988 45.5534 0
      vertex -56.215 49.851 0
    endloop
  endfacet
  facet normal -0 0 -1
    outer loop
      vertex -56.5401 50.3377 0
      vertex -58.9315 50.3322 0
      vertex -56.5809 50.4482 0
    endloop
  endfacet
  facet normal 0 -0 -1
    outer loop
      vertex -58.9315 50.3322 0
      vertex -56.215 49.851 0
      vertex -62.6988 45.5534 0
    endloop
  endfacet
  facet normal 0 0 -1
    outer loop
      vertex -56.4908 50.2307 0
      vertex -58.9315 50.3322 0
      vertex -56.5401 50.3377 0
    endloop
  endfacet
  facet normal 0 0 -1
    outer loop
      vertex -56.2949 49.9375 0
      vertex -58.9315 50.3322 0
      vertex -56.3679 50.03 0
    endloop
  endfacet
  facet normal 0 0 -1
    outer loop
      vertex -56.4333 50.1279 0
      vertex -58.9315 50.3322 0
      vertex -56.4908 50.2307 0
    endloop
  endfacet
  facet normal 0 0 -1
    outer loop
      vertex -56.3679 50.03 0
      vertex -58.9315 50.3322 0
      vertex -56.4333 50.1279 0
    endloop
  endfacet
  facet normal 0 0 -1
    outer loop
      vertex -56.215 49.851 0
      vertex -58.9315 50.3322 0
      vertex -56.2949 49.9375 0
    endloop
  endfacet
  facet normal 0 -0 -1
    outer loop
      vertex -77.2611 6.08058 0
      vertex -77.2611 -6.08058 0
      vertex -77.5 0 0
    endloop
  endfacet
  facet normal 0 0 -1
    outer loop
      vertex 11.47 7 0
      vertex -10.25 7 0
      vertex 11.47 10.18 0
    endloop
  endfacet
  facet normal 0 0 -1
    outer loop
      vertex 22.068 40.8256 0
      vertex 44.4804 49.9699 0
      vertex 22.1553 40.695 0
    endloop
  endfacet
  facet normal -0 0 -1
    outer loop
      vertex 44.4804 49.9699 0
      vertex 22.068 40.8256 0
      vertex 44.4666 50.0869 0
    endloop
  endfacet
  facet normal 0 0 -1
    outer loop
      vertex 21.9708 40.9489 0
      vertex 44.4666 50.0869 0
      vertex 22.068 40.8256 0
    endloop
  endfacet
  facet normal -0 0 -1
    outer loop
      vertex 44.4666 50.0869 0
      vertex 21.9708 40.9489 0
      vertex 44.4619 50.2046 0
    endloop
  endfacet
  facet normal 0 0 -1
    outer loop
      vertex 21.8642 41.0642 0
      vertex 44.4619 50.2046 0
      vertex 21.9708 40.9489 0
    endloop
  endfacet
  facet normal -0 0 -1
    outer loop
      vertex 44.4619 50.2046 0
      vertex 21.8642 41.0642 0
      vertex 44.4666 50.3223 0
    endloop
  endfacet
  facet normal 0 0 -1
    outer loop
      vertex 21.7489 41.1708 0
      vertex 44.4666 50.3223 0
      vertex 21.8642 41.0642 0
    endloop
  endfacet
  facet normal -0 0 -1
    outer loop
      vertex 44.4666 50.3223 0
      vertex 21.7489 41.1708 0
      vertex 44.4804 50.4392 0
    endloop
  endfacet
  facet normal 0 0 -1
    outer loop
      vertex 21.6256 41.268 0
      vertex 44.4804 50.4392 0
      vertex 21.7489 41.1708 0
    endloop
  endfacet
  facet normal -0 0 -1
    outer loop
      vertex 44.4804 50.4392 0
      vertex 21.6256 41.268 0
      vertex 44.5034 50.5547 0
    endloop
  endfacet
  facet normal 0 0 -1
    outer loop
      vertex 21.495 41.3553 0
      vertex 44.5034 50.5547 0
      vertex 21.6256 41.268 0
    endloop
  endfacet
  facet normal -0 0 -1
    outer loop
      vertex 44.5034 50.5547 0
      vertex 21.495 41.3553 0
      vertex 35.1843 69.053 0
    endloop
  endfacet
  facet normal 0 0 -1
    outer loop
      vertex 21.358 41.432 0
      vertex 35.1843 69.053 0
      vertex 21.495 41.3553 0
    endloop
  endfacet
  facet normal 0 0 -1
    outer loop
      vertex 21.2154 41.4978 0
      vertex 35.1843 69.053 0
      vertex 21.358 41.432 0
    endloop
  endfacet
  facet normal 0 0 -1
    outer loop
      vertex 21.068 41.5521 0
      vertex 35.1843 69.053 0
      vertex 21.2154 41.4978 0
    endloop
  endfacet
  facet normal -0 0 -1
    outer loop
      vertex 35.1843 69.053 0
      vertex 21.068 41.5521 0
      vertex 29.658 71.6007 0
    endloop
  endfacet
  facet normal 0 0 -1
    outer loop
      vertex 20.9169 41.5947 0
      vertex 29.658 71.6007 0
      vertex 21.068 41.5521 0
    endloop
  endfacet
  facet normal 0 0 -1
    outer loop
      vertex 20.7629 41.6254 0
      vertex 29.658 71.6007 0
      vertex 20.9169 41.5947 0
    endloop
  endfacet
  facet normal 0 0 -1
    outer loop
      vertex 20.6069 41.6438 0
      vertex 29.658 71.6007 0
      vertex 20.7629 41.6254 0
    endloop
  endfacet
  facet normal -0 0 -1
    outer loop
      vertex 29.658 71.6007 0
      vertex 20.6069 41.6438 0
      vertex 23.9488 73.7069 0
    endloop
  endfacet
  facet normal 0 0 -1
    outer loop
      vertex 20.45 41.65 0
      vertex 23.9488 73.7069 0
      vertex 20.6069 41.6438 0
    endloop
  endfacet
  facet normal 0 0 -1
    outer loop
      vertex 20.45 41.65 0
      vertex 18.092 75.3587 0
      vertex 23.9488 73.7069 0
    endloop
  endfacet
  facet normal 0 0 -1
    outer loop
      vertex 20.45 41.65 0
      vertex 12.1237 76.5458 0
      vertex 18.092 75.3587 0
    endloop
  endfacet
  facet normal 0 0 -1
    outer loop
      vertex 20.45 41.65 0
      vertex 6.08058 77.2611 0
      vertex 12.1237 76.5458 0
    endloop
  endfacet
  facet normal 0 0 -1
    outer loop
      vertex 20.45 41.65 0
      vertex 0 77.5 0
      vertex 6.08058 77.2611 0
    endloop
  endfacet
  facet normal 0 0 -1
    outer loop
      vertex -20.45 41.65 0
      vertex 0 77.5 0
      vertex 20.45 41.65 0
    endloop
  endfacet
  facet normal 0 0 -1
    outer loop
      vertex 0 77.5 0
      vertex -20.45 41.65 0
      vertex -6.08058 77.2611 0
    endloop
  endfacet
  facet normal 0 0 -1
    outer loop
      vertex -6.08058 77.2611 0
      vertex -20.45 41.65 0
      vertex -12.1237 76.5458 0
    endloop
  endfacet
  facet normal 0 0 -1
    outer loop
      vertex -12.1237 76.5458 0
      vertex -20.45 41.65 0
      vertex -18.092 75.3587 0
    endloop
  endfacet
  facet normal 0 0 -1
    outer loop
      vertex -23.9488 73.7069 0
      vertex -20.45 41.65 0
      vertex -20.6069 41.6438 0
    endloop
  endfacet
  facet normal 0 0 -1
    outer loop
      vertex -29.658 71.6007 0
      vertex -20.6069 41.6438 0
      vertex -20.7629 41.6254 0
    endloop
  endfacet
  facet normal 0 0 -1
    outer loop
      vertex -29.658 71.6007 0
      vertex -20.7629 41.6254 0
      vertex -20.9169 41.5947 0
    endloop
  endfacet
  facet normal 0 0 -1
    outer loop
      vertex -29.658 71.6007 0
      vertex -20.9169 41.5947 0
      vertex -21.068 41.5521 0
    endloop
  endfacet
  facet normal 0 0 -1
    outer loop
      vertex -35.1843 69.053 0
      vertex -21.068 41.5521 0
      vertex -21.2154 41.4978 0
    endloop
  endfacet
  facet normal 0 0 -1
    outer loop
      vertex -35.1843 69.053 0
      vertex -21.2154 41.4978 0
      vertex -21.358 41.432 0
    endloop
  endfacet
  facet normal 0 0 -1
    outer loop
      vertex -35.1843 69.053 0
      vertex -21.358 41.432 0
      vertex -21.495 41.3553 0
    endloop
  endfacet
  facet normal 0 0 -1
    outer loop
      vertex -44.4804 50.4392 0
      vertex -21.7489 41.1708 0
      vertex -44.4666 50.3223 0
    endloop
  endfacet
  facet normal 0 0 -1
    outer loop
      vertex -21.8642 41.0642 0
      vertex -44.4666 50.3223 0
      vertex -21.7489 41.1708 0
    endloop
  endfacet
  facet normal 0 0 -1
    outer loop
      vertex -44.4666 50.3223 0
      vertex -21.8642 41.0642 0
      vertex -44.4619 50.2046 0
    endloop
  endfacet
  facet normal 0 0 -1
    outer loop
      vertex -44.4619 50.2046 0
      vertex -21.8642 41.0642 0
      vertex -21.9708 40.9489 0
    endloop
  endfacet
  facet normal 0 0 -1
    outer loop
      vertex -44.4666 50.0869 0
      vertex -21.9708 40.9489 0
      vertex -22.068 40.8256 0
    endloop
  endfacet
  facet normal 0 0 -1
    outer loop
      vertex -44.4804 49.9699 0
      vertex -22.068 40.8256 0
      vertex -22.1553 40.695 0
    endloop
  endfacet
  facet normal 0 0 -1
    outer loop
      vertex -44.5034 49.8544 0
      vertex -22.1553 40.695 0
      vertex -22.232 40.558 0
    endloop
  endfacet
  facet normal 0 0 -1
    outer loop
      vertex -44.5354 49.7411 0
      vertex -22.232 40.558 0
      vertex -22.2978 40.4154 0
    endloop
  endfacet
  facet normal 0 0 -1
    outer loop
      vertex -44.5761 49.6306 0
      vertex -22.2978 40.4154 0
      vertex -22.3521 40.268 0
    endloop
  endfacet
  facet normal 0 0 -1
    outer loop
      vertex -44.6254 49.5236 0
      vertex -22.3521 40.268 0
      vertex -22.3947 40.1169 0
    endloop
  endfacet
  facet normal 0 0 -1
    outer loop
      vertex -44.683 49.4208 0
      vertex -22.3947 40.1169 0
      vertex -22.4254 39.9629 0
    endloop
  endfacet
  facet normal 0 0 -1
    outer loop
      vertex -20.45 41.65 0
      vertex -23.9488 73.7069 0
      vertex -18.092 75.3587 0
    endloop
  endfacet
  facet normal 0 0 -1
    outer loop
      vertex -44.8213 49.2304 0
      vertex -22.4254 39.9629 0
      vertex -22.4438 39.8069 0
    endloop
  endfacet
  facet normal 0 0 -1
    outer loop
      vertex -44.9013 49.1439 0
      vertex -22.4438 39.8069 0
      vertex -22.45 39.65 0
    endloop
  endfacet
  facet normal 0 0 -1
    outer loop
      vertex 51.2652 -44.9013 0
      vertex 62.6988 -45.5534 0
      vertex 56.215 -49.851 0
    endloop
  endfacet
  facet normal 0 0 -1
    outer loop
      vertex 76.5458 12.1237 0
      vertex 56.6497 50.794 0
      vertex 56.6543 50.9117 0
    endloop
  endfacet
  facet normal 0 0 -1
    outer loop
      vertex 62.6988 -45.5534 0
      vertex 51.2652 -44.9013 0
      vertex 66.0796 -40.4936 0
    endloop
  endfacet
  facet normal 0 0 -1
    outer loop
      vertex 76.5458 12.1237 0
      vertex 56.6359 50.677 0
      vertex 56.6497 50.794 0
    endloop
  endfacet
  facet normal 0 0 -1
    outer loop
      vertex 51.1788 -44.8213 0
      vertex 66.0796 -40.4936 0
      vertex 51.2652 -44.9013 0
    endloop
  endfacet
  facet normal 0 0 -1
    outer loop
      vertex 76.5458 12.1237 0
      vertex 56.6129 50.5615 0
      vertex 56.6359 50.677 0
    endloop
  endfacet
  facet normal 0 0 -1
    outer loop
      vertex 51.0863 -44.7484 0
      vertex 66.0796 -40.4936 0
      vertex 51.1788 -44.8213 0
    endloop
  endfacet
  facet normal 0 0 -1
    outer loop
      vertex 76.5458 12.1237 0
      vertex 56.5809 50.4482 0
      vertex 56.6129 50.5615 0
    endloop
  endfacet
  facet normal 0 0 -1
    outer loop
      vertex 50.9883 -44.683 0
      vertex 66.0796 -40.4936 0
      vertex 51.0863 -44.7484 0
    endloop
  endfacet
  facet normal 0 0 -1
    outer loop
      vertex 77.2611 6.08058 0
      vertex 48.53 10.18 0
      vertex 76.5458 12.1237 0
    endloop
  endfacet
  facet normal 0 0 -1
    outer loop
      vertex 50.8856 -44.6254 0
      vertex 66.0796 -40.4936 0
      vertex 50.9883 -44.683 0
    endloop
  endfacet
  facet normal 0 0 -1
    outer loop
      vertex 48.5238 10.3369 0
      vertex 76.5458 12.1237 0
      vertex 48.53 10.18 0
    endloop
  endfacet
  facet normal 0 0 -1
    outer loop
      vertex 50.7786 -44.5761 0
      vertex 66.0796 -40.4936 0
      vertex 50.8856 -44.6254 0
    endloop
  endfacet
  facet normal 0 0 -1
    outer loop
      vertex 76.5458 12.1237 0
      vertex 56.5401 50.3377 0
      vertex 56.5809 50.4482 0
    endloop
  endfacet
  facet normal 0 0 -1
    outer loop
      vertex 50.6681 -44.5354 0
      vertex 66.0796 -40.4936 0
      vertex 50.7786 -44.5761 0
    endloop
  endfacet
  facet normal 0 0 -1
    outer loop
      vertex 76.5458 12.1237 0
      vertex 56.4908 50.2307 0
      vertex 56.5401 50.3377 0
    endloop
  endfacet
  facet normal 0 -0 -1
    outer loop
      vertex 48.4747 -10.6469 0
      vertex 75.3587 -18.092 0
      vertex 48.4321 -10.798 0
    endloop
  endfacet
  facet normal 0 0 -1
    outer loop
      vertex 48.5054 10.4929 0
      vertex 76.5458 12.1237 0
      vertex 48.5238 10.3369 0
    endloop
  endfacet
  facet normal 0 0 -1
    outer loop
      vertex 75.3587 -18.092 0
      vertex 48.5054 -10.4929 0
      vertex 76.5458 -12.1237 0
    endloop
  endfacet
  facet normal 0 0 -1
    outer loop
      vertex 76.5458 12.1237 0
      vertex 56.4333 50.1279 0
      vertex 56.4908 50.2307 0
    endloop
  endfacet
  facet normal -0 0 -1
    outer loop
      vertex 66.0796 -40.4936 0
      vertex 50.6681 -44.5354 0
      vertex 69.053 -35.1843 0
    endloop
  endfacet
  facet normal 0 0 -1
    outer loop
      vertex 48.4747 10.6469 0
      vertex 76.5458 12.1237 0
      vertex 48.5054 10.4929 0
    endloop
  endfacet
  facet normal 0 -0 -1
    outer loop
      vertex 48.312 -11.088 0
      vertex 73.7069 -23.9488 0
      vertex 48.2353 -11.225 0
    endloop
  endfacet
  facet normal 0 0 -1
    outer loop
      vertex 76.5458 12.1237 0
      vertex 56.3679 50.03 0
      vertex 56.4333 50.1279 0
    endloop
  endfacet
  facet normal 0 0 -1
    outer loop
      vertex 50.5547 -44.5034 0
      vertex 69.053 -35.1843 0
      vertex 50.6681 -44.5354 0
    endloop
  endfacet
  facet normal 0 0 -1
    outer loop
      vertex 48.4321 10.798 0
      vertex 76.5458 12.1237 0
      vertex 48.4747 10.6469 0
    endloop
  endfacet
  facet normal 0 -0 -1
    outer loop
      vertex 48.148 -11.3556 0
      vertex 73.7069 -23.9488 0
      vertex 48.0508 -11.4789 0
    endloop
  endfacet
  facet normal 0 0 -1
    outer loop
      vertex 76.5458 12.1237 0
      vertex 56.2949 49.9375 0
      vertex 56.3679 50.03 0
    endloop
  endfacet
  facet normal 0 -0 -1
    outer loop
      vertex 47.9442 -11.5942 0
      vertex 71.6007 -29.658 0
      vertex 47.8289 -11.7008 0
    endloop
  endfacet
  facet normal 0 0 -1
    outer loop
      vertex 48.3778 10.9454 0
      vertex 76.5458 12.1237 0
      vertex 48.4321 10.798 0
    endloop
  endfacet
  facet normal 0 0 -1
    outer loop
      vertex 47.2954 -12.0278 0
      vertex 69.053 -35.1843 0
      vertex 50.5547 -44.5034 0
    endloop
  endfacet
  facet normal 0 0 -1
    outer loop
      vertex 76.5458 12.1237 0
      vertex 56.215 49.851 0
      vertex 56.2949 49.9375 0
    endloop
  endfacet
  facet normal 0 -0 -1
    outer loop
      vertex 47.7056 -11.798 0
      vertex 71.6007 -29.658 0
      vertex 47.575 -11.8853 0
    endloop
  endfacet
  facet normal 0 0 -1
    outer loop
      vertex 48.312 11.088 0
      vertex 76.5458 12.1237 0
      vertex 48.3778 10.9454 0
    endloop
  endfacet
  facet normal 0 -0 -1
    outer loop
      vertex 47.575 -11.8853 0
      vertex 69.053 -35.1843 0
      vertex 47.438 -11.962 0
    endloop
  endfacet
  facet normal 0 0 -1
    outer loop
      vertex 48.2353 11.225 0
      vertex 76.5458 12.1237 0
      vertex 48.312 11.088 0
    endloop
  endfacet
  facet normal 0 0 -1
    outer loop
      vertex 47.2954 -12.0278 0
      vertex 50.5547 -44.5034 0
      vertex 50.4392 -44.4804 0
    endloop
  endfacet
  facet normal 0 0 -1
    outer loop
      vertex 76.5458 12.1237 0
      vertex 51.2652 44.9013 0
      vertex 56.215 49.851 0
    endloop
  endfacet
  facet normal 0 0 -1
    outer loop
      vertex 47.148 -12.0821 0
      vertex 50.4392 -44.4804 0
      vertex 50.3223 -44.4666 0
    endloop
  endfacet
  facet normal 0 0 -1
    outer loop
      vertex 48.148 11.3556 0
      vertex 76.5458 12.1237 0
      vertex 48.2353 11.225 0
    endloop
  endfacet
  facet normal 0 0 -1
    outer loop
      vertex 46.9969 -12.1247 0
      vertex 50.3223 -44.4666 0
      vertex 50.2046 -44.4619 0
    endloop
  endfacet
  facet normal 0 0 -1
    outer loop
      vertex 48.0508 11.4789 0
      vertex 76.5458 12.1237 0
      vertex 48.148 11.3556 0
    endloop
  endfacet
  facet normal 0 0 -1
    outer loop
      vertex 46.8429 -12.1554 0
      vertex 50.2046 -44.4619 0
      vertex 50.0869 -44.4666 0
    endloop
  endfacet
  facet normal 0 0 -1
    outer loop
      vertex 76.5458 12.1237 0
      vertex 51.1788 44.8213 0
      vertex 51.2652 44.9013 0
    endloop
  endfacet
  facet normal 0 0 -1
    outer loop
      vertex 46.6869 -12.1738 0
      vertex 50.0869 -44.4666 0
      vertex 49.9699 -44.4804 0
    endloop
  endfacet
  facet normal 0 0 -1
    outer loop
      vertex 47.9442 11.5942 0
      vertex 76.5458 12.1237 0
      vertex 48.0508 11.4789 0
    endloop
  endfacet
  facet normal 0 0 -1
    outer loop
      vertex 46.53 -12.18 0
      vertex 49.9699 -44.4804 0
      vertex 49.8544 -44.5034 0
    endloop
  endfacet
  facet normal 0 0 -1
    outer loop
      vertex 76.5458 12.1237 0
      vertex 51.0863 44.7484 0
      vertex 51.1788 44.8213 0
    endloop
  endfacet
  facet normal 0 0 -1
    outer loop
      vertex 46.53 -12.18 0
      vertex 49.8544 -44.5034 0
      vertex 49.7411 -44.5354 0
    endloop
  endfacet
  facet normal 0 -0 -1
    outer loop
      vertex 50.9883 44.683 0
      vertex 76.5458 12.1237 0
      vertex 47.9442 11.5942 0
    endloop
  endfacet
  facet normal 0 0 -1
    outer loop
      vertex 46.53 -12.18 0
      vertex 49.7411 -44.5354 0
      vertex 49.6306 -44.5761 0
    endloop
  endfacet
  facet normal 0 0 -1
    outer loop
      vertex 76.5458 12.1237 0
      vertex 50.9883 44.683 0
      vertex 51.0863 44.7484 0
    endloop
  endfacet
  facet normal 0 0 -1
    outer loop
      vertex 46.53 -12.18 0
      vertex 49.6306 -44.5761 0
      vertex 49.5236 -44.6254 0
    endloop
  endfacet
  facet normal 0 0 -1
    outer loop
      vertex 47.8289 11.7008 0
      vertex 50.9883 44.683 0
      vertex 47.9442 11.5942 0
    endloop
  endfacet
  facet normal 0 0 -1
    outer loop
      vertex 46.53 -12.18 0
      vertex 49.5236 -44.6254 0
      vertex 49.4208 -44.683 0
    endloop
  endfacet
  facet normal 0 0 -1
    outer loop
      vertex 50.9883 44.683 0
      vertex 47.8289 11.7008 0
      vertex 50.8856 44.6254 0
    endloop
  endfacet
  facet normal 0 0 -1
    outer loop
      vertex 46.53 -12.18 0
      vertex 49.4208 -44.683 0
      vertex 49.3229 -44.7484 0
    endloop
  endfacet
  facet normal 0 0 -1
    outer loop
      vertex 47.7056 11.798 0
      vertex 50.8856 44.6254 0
      vertex 47.8289 11.7008 0
    endloop
  endfacet
  facet normal 0 0 -1
    outer loop
      vertex 46.53 -12.18 0
      vertex 49.3229 -44.7484 0
      vertex 49.2304 -44.8213 0
    endloop
  endfacet
  facet normal 0 0 -1
    outer loop
      vertex 50.8856 44.6254 0
      vertex 47.7056 11.798 0
      vertex 50.7786 44.5761 0
    endloop
  endfacet
  facet normal 0 0 -1
    outer loop
      vertex 46.53 -12.18 0
      vertex 49.2304 -44.8213 0
      vertex 49.1439 -44.9013 0
    endloop
  endfacet
  facet normal 0 0 -1
    outer loop
      vertex 47.575 11.8853 0
      vertex 50.7786 44.5761 0
      vertex 47.7056 11.798 0
    endloop
  endfacet
  facet normal 0 0 -1
    outer loop
      vertex 50.7786 44.5761 0
      vertex 47.575 11.8853 0
      vertex 50.6681 44.5354 0
    endloop
  endfacet
  facet normal 0 0 -1
    outer loop
      vertex 48.53 10.18 0
      vertex 77.2611 6.08058 0
      vertex 48.53 -10.18 0
    endloop
  endfacet
  facet normal -0 0 -1
    outer loop
      vertex 77.2611 -6.08058 0
      vertex 48.53 -10.18 0
      vertex 77.2611 6.08058 0
    endloop
  endfacet
  facet normal 0 0 -1
    outer loop
      vertex 76.5458 -12.1237 0
      vertex 48.53 -10.18 0
      vertex 77.2611 -6.08058 0
    endloop
  endfacet
  facet normal 0 -0 -1
    outer loop
      vertex 48.53 -10.18 0
      vertex 76.5458 -12.1237 0
      vertex 48.5238 -10.3369 0
    endloop
  endfacet
  facet normal 0 -0 -1
    outer loop
      vertex 48.5238 -10.3369 0
      vertex 76.5458 -12.1237 0
      vertex 48.5054 -10.4929 0
    endloop
  endfacet
  facet normal 0 -0 -1
    outer loop
      vertex 48.5054 -10.4929 0
      vertex 75.3587 -18.092 0
      vertex 48.4747 -10.6469 0
    endloop
  endfacet
  facet normal 0 -0 -1
    outer loop
      vertex 48.4321 -10.798 0
      vertex 75.3587 -18.092 0
      vertex 48.3778 -10.9454 0
    endloop
  endfacet
  facet normal 0 -0 -1
    outer loop
      vertex 48.3778 -10.9454 0
      vertex 75.3587 -18.092 0
      vertex 48.312 -11.088 0
    endloop
  endfacet
  facet normal 0 0 -1
    outer loop
      vertex 73.7069 -23.9488 0
      vertex 48.312 -11.088 0
      vertex 75.3587 -18.092 0
    endloop
  endfacet
  facet normal 0 -0 -1
    outer loop
      vertex 48.2353 -11.225 0
      vertex 73.7069 -23.9488 0
      vertex 48.148 -11.3556 0
    endloop
  endfacet
  facet normal 0 -0 -1
    outer loop
      vertex 48.0508 -11.4789 0
      vertex 73.7069 -23.9488 0
      vertex 47.9442 -11.5942 0
    endloop
  endfacet
  facet normal 0 0 -1
    outer loop
      vertex 71.6007 -29.658 0
      vertex 47.9442 -11.5942 0
      vertex 73.7069 -23.9488 0
    endloop
  endfacet
  facet normal 0 -0 -1
    outer loop
      vertex 47.8289 -11.7008 0
      vertex 71.6007 -29.658 0
      vertex 47.7056 -11.798 0
    endloop
  endfacet
  facet normal 0 0 -1
    outer loop
      vertex 69.053 -35.1843 0
      vertex 47.575 -11.8853 0
      vertex 71.6007 -29.658 0
    endloop
  endfacet
  facet normal 0 0 -1
    outer loop
      vertex 69.053 -35.1843 0
      vertex 47.2954 -12.0278 0
      vertex 47.438 -11.962 0
    endloop
  endfacet
  facet normal 0 0 -1
    outer loop
      vertex 50.4392 -44.4804 0
      vertex 47.148 -12.0821 0
      vertex 47.2954 -12.0278 0
    endloop
  endfacet
  facet normal 0 0 -1
    outer loop
      vertex 50.3223 -44.4666 0
      vertex 46.9969 -12.1247 0
      vertex 47.148 -12.0821 0
    endloop
  endfacet
  facet normal 0 0 -1
    outer loop
      vertex 50.2046 -44.4619 0
      vertex 46.8429 -12.1554 0
      vertex 46.9969 -12.1247 0
    endloop
  endfacet
  facet normal 0 0 -1
    outer loop
      vertex 50.0869 -44.4666 0
      vertex 46.6869 -12.1738 0
      vertex 46.8429 -12.1554 0
    endloop
  endfacet
  facet normal 0 0 -1
    outer loop
      vertex 49.9699 -44.4804 0
      vertex 46.53 -12.18 0
      vertex 46.6869 -12.1738 0
    endloop
  endfacet
  facet normal 0 0 -1
    outer loop
      vertex 44.9013 -49.1439 0
      vertex 46.53 -12.18 0
      vertex 49.1439 -44.9013 0
    endloop
  endfacet
  facet normal 0 0 -1
    outer loop
      vertex 13.47 -12.18 0
      vertex 44.9013 -49.1439 0
      vertex 44.8213 -49.2304 0
    endloop
  endfacet
  facet normal 0 0 -1
    outer loop
      vertex 13.47 -12.18 0
      vertex 44.8213 -49.2304 0
      vertex 44.7484 -49.3229 0
    endloop
  endfacet
  facet normal 0 0 -1
    outer loop
      vertex 13.47 -12.18 0
      vertex 44.7484 -49.3229 0
      vertex 44.683 -49.4208 0
    endloop
  endfacet
  facet normal 0 0 -1
    outer loop
      vertex 13.47 -12.18 0
      vertex 44.683 -49.4208 0
      vertex 44.6254 -49.5236 0
    endloop
  endfacet
  facet normal 0 0 -1
    outer loop
      vertex 13.47 -12.18 0
      vertex 44.6254 -49.5236 0
      vertex 44.5761 -49.6306 0
    endloop
  endfacet
  facet normal 0 0 -1
    outer loop
      vertex 13.47 -12.18 0
      vertex 44.5761 -49.6306 0
      vertex 44.5354 -49.7411 0
    endloop
  endfacet
  facet normal 0 0 -1
    outer loop
      vertex 13.47 -12.18 0
      vertex 44.5354 -49.7411 0
      vertex 44.5034 -49.8544 0
    endloop
  endfacet
  facet normal 0 0 -1
    outer loop
      vertex 13.47 -12.18 0
      vertex 44.5034 -49.8544 0
      vertex 44.4804 -49.9699 0
    endloop
  endfacet
  facet normal 0 0 -1
    outer loop
      vertex 23.9488 -73.7069 0
      vertex 44.4804 -49.9699 0
      vertex 44.4666 -50.0869 0
    endloop
  endfacet
  facet normal 0 0 -1
    outer loop
      vertex 29.658 -71.6007 0
      vertex 44.4666 -50.3223 0
      vertex 35.1843 -69.053 0
    endloop
  endfacet
  facet normal -0 0 -1
    outer loop
      vertex 44.4666 -50.3223 0
      vertex 29.658 -71.6007 0
      vertex 44.4619 -50.2046 0
    endloop
  endfacet
  facet normal -0 0 -1
    outer loop
      vertex 44.4619 -50.2046 0
      vertex 29.658 -71.6007 0
      vertex 44.4666 -50.0869 0
    endloop
  endfacet
  facet normal 0 0 -1
    outer loop
      vertex 23.9488 -73.7069 0
      vertex 44.4666 -50.0869 0
      vertex 29.658 -71.6007 0
    endloop
  endfacet
  facet normal -0 0 -1
    outer loop
      vertex 44.4804 -49.9699 0
      vertex 23.9488 -73.7069 0
      vertex 13.47 -12.18 0
    endloop
  endfacet
  facet normal 0 0 -1
    outer loop
      vertex 13.47 -12.18 0
      vertex 23.9488 -73.7069 0
      vertex 18.092 -75.3587 0
    endloop
  endfacet
  facet normal 0 0 -1
    outer loop
      vertex 44.9013 -49.1439 0
      vertex 13.47 -12.18 0
      vertex 46.53 -12.18 0
    endloop
  endfacet
  facet normal 0 0 -1
    outer loop
      vertex 18.092 -75.3587 0
      vertex 13.3131 -12.1738 0
      vertex 13.47 -12.18 0
    endloop
  endfacet
  facet normal 0 0 -1
    outer loop
      vertex 18.092 -75.3587 0
      vertex 13.1571 -12.1554 0
      vertex 13.3131 -12.1738 0
    endloop
  endfacet
  facet normal 0 0 -1
    outer loop
      vertex 12.1237 -76.5458 0
      vertex 13.1571 -12.1554 0
      vertex 18.092 -75.3587 0
    endloop
  endfacet
  facet normal -0 0 -1
    outer loop
      vertex 13.1571 -12.1554 0
      vertex 12.1237 -76.5458 0
      vertex 13.0031 -12.1247 0
    endloop
  endfacet
  facet normal 0 0 -1
    outer loop
      vertex 6.08058 -77.2611 0
      vertex 13.0031 -12.1247 0
      vertex 12.1237 -76.5458 0
    endloop
  endfacet
  facet normal -0 0 -1
    outer loop
      vertex 13.0031 -12.1247 0
      vertex 6.08058 -77.2611 0
      vertex 12.852 -12.0821 0
    endloop
  endfacet
  facet normal 0 0 -1
    outer loop
      vertex 0 -77.5 0
      vertex 12.852 -12.0821 0
      vertex 6.08058 -77.2611 0
    endloop
  endfacet
  facet normal -0 0 -1
    outer loop
      vertex 12.852 -12.0821 0
      vertex 0 -77.5 0
      vertex 12.7046 -12.0278 0
    endloop
  endfacet
  facet normal 0 0 -1
    outer loop
      vertex -10.2562 -11.9069 0
      vertex 12.7046 -12.0278 0
      vertex 0 -77.5 0
    endloop
  endfacet
  facet normal 0 0 -1
    outer loop
      vertex -10.2562 -11.9069 0
      vertex 12.562 -11.962 0
      vertex 12.7046 -12.0278 0
    endloop
  endfacet
  facet normal 0 0 -1
    outer loop
      vertex -10.2562 -11.9069 0
      vertex 12.425 -11.8853 0
      vertex 12.562 -11.962 0
    endloop
  endfacet
  facet normal 0 0 -1
    outer loop
      vertex -10.2562 -11.9069 0
      vertex 12.2944 -11.798 0
      vertex 12.425 -11.8853 0
    endloop
  endfacet
  facet normal 0 0 -1
    outer loop
      vertex -10.2562 -11.9069 0
      vertex 12.1711 -11.7008 0
      vertex 12.2944 -11.798 0
    endloop
  endfacet
  facet normal 0 0 -1
    outer loop
      vertex -10.2562 -11.9069 0
      vertex 12.0558 -11.5942 0
      vertex 12.1711 -11.7008 0
    endloop
  endfacet
  facet normal 0 0 -1
    outer loop
      vertex -10.2562 -11.9069 0
      vertex 11.9492 -11.4789 0
      vertex 12.0558 -11.5942 0
    endloop
  endfacet
  facet normal 0 0 -1
    outer loop
      vertex -10.2562 -11.9069 0
      vertex 11.7647 -11.225 0
      vertex 11.852 -11.3556 0
    endloop
  endfacet
  facet normal 0 0 -1
    outer loop
      vertex -10.2562 -11.9069 0
      vertex 11.688 -11.088 0
      vertex 11.7647 -11.225 0
    endloop
  endfacet
  facet normal 0 0 -1
    outer loop
      vertex -10.2562 -11.9069 0
      vertex 11.6222 -10.9454 0
      vertex 11.688 -11.088 0
    endloop
  endfacet
  facet normal 0 0 -1
    outer loop
      vertex -10.2562 -11.9069 0
      vertex 11.5679 -10.798 0
      vertex 11.6222 -10.9454 0
    endloop
  endfacet
  facet normal 0 0 -1
    outer loop
      vertex -10.2562 -11.9069 0
      vertex 11.5253 -10.6469 0
      vertex 11.5679 -10.798 0
    endloop
  endfacet
  facet normal 0 0 -1
    outer loop
      vertex -10.2562 -11.9069 0
      vertex 11.4946 -10.4929 0
      vertex 11.5253 -10.6469 0
    endloop
  endfacet
  facet normal -0 0 -1
    outer loop
      vertex 11.4946 -10.4929 0
      vertex -10.25 -11.75 0
      vertex 11.4762 -10.3369 0
    endloop
  endfacet
  facet normal -0 0 -1
    outer loop
      vertex 11.4762 -10.3369 0
      vertex -10.25 -11.75 0
      vertex 11.47 -10.18 0
    endloop
  endfacet
  facet normal 0 0 -1
    outer loop
      vertex -10.2562 -11.9069 0
      vertex 11.852 -11.3556 0
      vertex 11.9492 -11.4789 0
    endloop
  endfacet
  facet normal 0 0 -1
    outer loop
      vertex -11.632 -13.6521 0
      vertex 0 -77.5 0
      vertex -6.08058 -77.2611 0
    endloop
  endfacet
  facet normal 0 0 -1
    outer loop
      vertex -10.25 -7 0
      vertex 11.47 -10.18 0
      vertex -10.25 -11.75 0
    endloop
  endfacet
  facet normal 0 0 -1
    outer loop
      vertex 11.47 -10.18 0
      vertex -10.25 -7 0
      vertex 11.47 -7 0
    endloop
  endfacet
  facet normal 0 0 -1
    outer loop
      vertex 77.2611 -6.08058 0
      vertex 77.2611 6.08058 0
      vertex 77.5 0 0
    endloop
  endfacet
  facet normal 0 0 -1
    outer loop
      vertex 56.215 -49.851 0
      vertex 58.9315 -50.3322 0
      vertex 56.2949 -49.9375 0
    endloop
  endfacet
  facet normal 0 0 -1
    outer loop
      vertex 56.3679 -50.03 0
      vertex 58.9315 -50.3322 0
      vertex 56.4333 -50.1279 0
    endloop
  endfacet
  facet normal 0 0 -1
    outer loop
      vertex 56.4333 -50.1279 0
      vertex 58.9315 -50.3322 0
      vertex 56.4908 -50.2307 0
    endloop
  endfacet
  facet normal 0 0 -1
    outer loop
      vertex 56.2949 -49.9375 0
      vertex 58.9315 -50.3322 0
      vertex 56.3679 -50.03 0
    endloop
  endfacet
  facet normal 0 0 -1
    outer loop
      vertex 56.4908 -50.2307 0
      vertex 58.9315 -50.3322 0
      vertex 56.5401 -50.3377 0
    endloop
  endfacet
  facet normal 0 0 -1
    outer loop
      vertex 58.9315 -50.3322 0
      vertex 56.215 -49.851 0
      vertex 62.6988 -45.5534 0
    endloop
  endfacet
  facet normal 0 0 -1
    outer loop
      vertex 56.5401 -50.3377 0
      vertex 58.9315 -50.3322 0
      vertex 56.5809 -50.4482 0
    endloop
  endfacet
  facet normal 0 0 -1
    outer loop
      vertex 76.5458 12.1237 0
      vertex 56.6543 50.9117 0
      vertex 75.3587 18.092 0
    endloop
  endfacet
  facet normal 0 0 -1
    outer loop
      vertex 56.5809 -50.4482 0
      vertex 58.9315 -50.3322 0
      vertex 56.6129 -50.5615 0
    endloop
  endfacet
  facet normal 0 0 -1
    outer loop
      vertex 75.3587 18.092 0
      vertex 56.6543 50.9117 0
      vertex 73.7069 23.9488 0
    endloop
  endfacet
  facet normal 0 0 -1
    outer loop
      vertex 56.6129 -50.5615 0
      vertex 58.9315 -50.3322 0
      vertex 56.6359 -50.677 0
    endloop
  endfacet
  facet normal 0 0 -1
    outer loop
      vertex 73.7069 23.9488 0
      vertex 56.6543 50.9117 0
      vertex 71.6007 29.658 0
    endloop
  endfacet
  facet normal 0 0 -1
    outer loop
      vertex 56.6359 -50.677 0
      vertex 58.9315 -50.3322 0
      vertex 56.6497 -50.794 0
    endloop
  endfacet
  facet normal 0 0 -1
    outer loop
      vertex 71.6007 29.658 0
      vertex 56.6543 50.9117 0
      vertex 69.053 35.1843 0
    endloop
  endfacet
  facet normal 0 0 -1
    outer loop
      vertex 56.6497 -50.794 0
      vertex 58.9315 -50.3322 0
      vertex 56.6543 -50.9117 0
    endloop
  endfacet
  facet normal 0 0 -1
    outer loop
      vertex 69.053 35.1843 0
      vertex 56.6543 50.9117 0
      vertex 66.0796 40.4936 0
    endloop
  endfacet
  facet normal 0 0 -1
    outer loop
      vertex 66.0796 40.4936 0
      vertex 56.6543 50.9117 0
      vertex 62.6988 45.5534 0
    endloop
  endfacet
  facet normal 0 0 -1
    outer loop
      vertex 58.9315 -50.3322 0
      vertex 56.6497 -51.0294 0
      vertex 56.6543 -50.9117 0
    endloop
  endfacet
  facet normal 0 0 -1
    outer loop
      vertex 58.9315 -50.3322 0
      vertex 56.6359 -51.1463 0
      vertex 56.6497 -51.0294 0
    endloop
  endfacet
  facet normal 0 0 -1
    outer loop
      vertex 58.9315 -50.3322 0
      vertex 56.6129 -51.2619 0
      vertex 56.6359 -51.1463 0
    endloop
  endfacet
  facet normal 0 0 -1
    outer loop
      vertex 58.9315 -50.3322 0
      vertex 56.5809 -51.3752 0
      vertex 56.6129 -51.2619 0
    endloop
  endfacet
  facet normal 0 0 -1
    outer loop
      vertex 58.9315 -50.3322 0
      vertex 56.5401 -51.4857 0
      vertex 56.5809 -51.3752 0
    endloop
  endfacet
  facet normal 0 0 -1
    outer loop
      vertex 58.9315 -50.3322 0
      vertex 56.4908 -51.5927 0
      vertex 56.5401 -51.4857 0
    endloop
  endfacet
  facet normal 0 0 -1
    outer loop
      vertex 58.9315 -50.3322 0
      vertex 56.4333 -51.6954 0
      vertex 56.4908 -51.5927 0
    endloop
  endfacet
  facet normal 0 0 -1
    outer loop
      vertex 58.9315 -50.3322 0
      vertex 56.3679 -51.7934 0
      vertex 56.4333 -51.6954 0
    endloop
  endfacet
  facet normal 0 0 -1
    outer loop
      vertex 58.9315 -50.3322 0
      vertex 56.2949 -51.8859 0
      vertex 56.3679 -51.7934 0
    endloop
  endfacet
  facet normal 0 0 -1
    outer loop
      vertex 58.9315 -50.3322 0
      vertex 56.215 -51.9723 0
      vertex 56.2949 -51.8859 0
    endloop
  endfacet
  facet normal 0 0 -1
    outer loop
      vertex 54.8008 -54.8008 0
      vertex 56.215 -51.9723 0
      vertex 58.9315 -50.3322 0
    endloop
  endfacet
  facet normal -0 0 -1
    outer loop
      vertex 54.8008 -54.8008 0
      vertex 51.9723 -56.215 0
      vertex 56.215 -51.9723 0
    endloop
  endfacet
  facet normal 0 0 -1
    outer loop
      vertex 54.8008 -54.8008 0
      vertex 51.8859 -56.2949 0
      vertex 51.9723 -56.215 0
    endloop
  endfacet
  facet normal 0 0 -1
    outer loop
      vertex 50.3322 -58.9315 0
      vertex 51.8859 -56.2949 0
      vertex 54.8008 -54.8008 0
    endloop
  endfacet
  facet normal 0 0 -1
    outer loop
      vertex 51.8859 -56.2949 0
      vertex 50.3322 -58.9315 0
      vertex 51.7934 -56.3679 0
    endloop
  endfacet
  facet normal 0 0 -1
    outer loop
      vertex 51.7934 -56.3679 0
      vertex 50.3322 -58.9315 0
      vertex 51.6954 -56.4333 0
    endloop
  endfacet
  facet normal 0 0 -1
    outer loop
      vertex 51.6954 -56.4333 0
      vertex 50.3322 -58.9315 0
      vertex 51.5927 -56.4908 0
    endloop
  endfacet
  facet normal 0 0 -1
    outer loop
      vertex 50.3322 -58.9315 0
      vertex 51.4857 -56.5401 0
      vertex 51.5927 -56.4908 0
    endloop
  endfacet
  facet normal 0 0 -1
    outer loop
      vertex 50.3322 -58.9315 0
      vertex 51.3752 -56.5809 0
      vertex 51.4857 -56.5401 0
    endloop
  endfacet
  facet normal 0 0 -1
    outer loop
      vertex 50.3322 -58.9315 0
      vertex 51.2619 -56.6129 0
      vertex 51.3752 -56.5809 0
    endloop
  endfacet
  facet normal 0 0 -1
    outer loop
      vertex 50.3322 -58.9315 0
      vertex 51.1463 -56.6359 0
      vertex 51.2619 -56.6129 0
    endloop
  endfacet
  facet normal 0 0 -1
    outer loop
      vertex 50.3322 -58.9315 0
      vertex 51.0294 -56.6497 0
      vertex 51.1463 -56.6359 0
    endloop
  endfacet
  facet normal 0 0 -1
    outer loop
      vertex 50.3322 -58.9315 0
      vertex 50.9117 -56.6543 0
      vertex 51.0294 -56.6497 0
    endloop
  endfacet
  facet normal 0 0 -1
    outer loop
      vertex 50.3322 -58.9315 0
      vertex 50.794 -56.6497 0
      vertex 50.9117 -56.6543 0
    endloop
  endfacet
  facet normal 0 0 -1
    outer loop
      vertex 50.3322 -58.9315 0
      vertex 50.677 -56.6359 0
      vertex 50.794 -56.6497 0
    endloop
  endfacet
  facet normal 0 0 -1
    outer loop
      vertex 50.3322 -58.9315 0
      vertex 50.5615 -56.6129 0
      vertex 50.677 -56.6359 0
    endloop
  endfacet
  facet normal 0 0 -1
    outer loop
      vertex 50.3322 -58.9315 0
      vertex 50.4482 -56.5809 0
      vertex 50.5615 -56.6129 0
    endloop
  endfacet
  facet normal 0 0 -1
    outer loop
      vertex 50.3322 -58.9315 0
      vertex 50.3377 -56.5401 0
      vertex 50.4482 -56.5809 0
    endloop
  endfacet
  facet normal 0 0 -1
    outer loop
      vertex 50.3322 -58.9315 0
      vertex 50.2307 -56.4908 0
      vertex 50.3377 -56.5401 0
    endloop
  endfacet
  facet normal 0 0 -1
    outer loop
      vertex 50.3322 -58.9315 0
      vertex 50.1279 -56.4333 0
      vertex 50.2307 -56.4908 0
    endloop
  endfacet
  facet normal 0 0 -1
    outer loop
      vertex 50.3322 -58.9315 0
      vertex 50.03 -56.3679 0
      vertex 50.1279 -56.4333 0
    endloop
  endfacet
  facet normal 0 0 -1
    outer loop
      vertex 50.3322 -58.9315 0
      vertex 49.9375 -56.2949 0
      vertex 50.03 -56.3679 0
    endloop
  endfacet
  facet normal 0 0 -1
    outer loop
      vertex 50.3322 -58.9315 0
      vertex 49.851 -56.215 0
      vertex 49.9375 -56.2949 0
    endloop
  endfacet
  facet normal 0 0 -1
    outer loop
      vertex 45.5534 -62.6988 0
      vertex 49.851 -56.215 0
      vertex 50.3322 -58.9315 0
    endloop
  endfacet
  facet normal 0 0 -1
    outer loop
      vertex 45.5534 -62.6988 0
      vertex 44.9013 -51.2652 0
      vertex 49.851 -56.215 0
    endloop
  endfacet
  facet normal 0 0 -1
    outer loop
      vertex 45.5534 -62.6988 0
      vertex 44.8213 -51.1788 0
      vertex 44.9013 -51.2652 0
    endloop
  endfacet
  facet normal 0 0 -1
    outer loop
      vertex 40.4936 -66.0796 0
      vertex 44.8213 -51.1788 0
      vertex 45.5534 -62.6988 0
    endloop
  endfacet
  facet normal -0 0 -1
    outer loop
      vertex 44.8213 -51.1788 0
      vertex 40.4936 -66.0796 0
      vertex 44.7484 -51.0863 0
    endloop
  endfacet
  facet normal -0 0 -1
    outer loop
      vertex 44.7484 -51.0863 0
      vertex 40.4936 -66.0796 0
      vertex 44.683 -50.9883 0
    endloop
  endfacet
  facet normal -0 0 -1
    outer loop
      vertex 44.683 -50.9883 0
      vertex 40.4936 -66.0796 0
      vertex 44.6254 -50.8856 0
    endloop
  endfacet
  facet normal -0 0 -1
    outer loop
      vertex 44.6254 -50.8856 0
      vertex 40.4936 -66.0796 0
      vertex 44.5761 -50.7786 0
    endloop
  endfacet
  facet normal -0 0 -1
    outer loop
      vertex 44.5761 -50.7786 0
      vertex 40.4936 -66.0796 0
      vertex 44.5354 -50.6681 0
    endloop
  endfacet
  facet normal 0 0 -1
    outer loop
      vertex 35.1843 -69.053 0
      vertex 44.5354 -50.6681 0
      vertex 40.4936 -66.0796 0
    endloop
  endfacet
  facet normal -0 0 -1
    outer loop
      vertex 44.5354 -50.6681 0
      vertex 35.1843 -69.053 0
      vertex 44.5034 -50.5547 0
    endloop
  endfacet
  facet normal -0 0 -1
    outer loop
      vertex 44.4804 -50.4392 0
      vertex 35.1843 -69.053 0
      vertex 44.4666 -50.3223 0
    endloop
  endfacet
  facet normal -0 0 -1
    outer loop
      vertex 44.5034 -50.5547 0
      vertex 35.1843 -69.053 0
      vertex 44.4804 -50.4392 0
    endloop
  endfacet
  facet normal 0 0 -1
    outer loop
      vertex 62.6988 45.5534 0
      vertex 56.6543 50.9117 0
      vertex 58.9315 50.3322 0
    endloop
  endfacet
  facet normal 0 0 -1
    outer loop
      vertex 56.6497 51.0294 0
      vertex 58.9315 50.3322 0
      vertex 56.6543 50.9117 0
    endloop
  endfacet
  facet normal 0 0 -1
    outer loop
      vertex 56.6359 51.1463 0
      vertex 58.9315 50.3322 0
      vertex 56.6497 51.0294 0
    endloop
  endfacet
  facet normal 0 0 -1
    outer loop
      vertex 56.6129 51.2619 0
      vertex 58.9315 50.3322 0
      vertex 56.6359 51.1463 0
    endloop
  endfacet
  facet normal 0 0 -1
    outer loop
      vertex 56.5809 51.3752 0
      vertex 58.9315 50.3322 0
      vertex 56.6129 51.2619 0
    endloop
  endfacet
  facet normal 0 0 -1
    outer loop
      vertex 56.5401 51.4857 0
      vertex 58.9315 50.3322 0
      vertex 56.5809 51.3752 0
    endloop
  endfacet
  facet normal 0 0 -1
    outer loop
      vertex 56.4908 51.5927 0
      vertex 58.9315 50.3322 0
      vertex 56.5401 51.4857 0
    endloop
  endfacet
  facet normal 0 0 -1
    outer loop
      vertex 56.4333 51.6954 0
      vertex 58.9315 50.3322 0
      vertex 56.4908 51.5927 0
    endloop
  endfacet
  facet normal 0 0 -1
    outer loop
      vertex 56.3679 51.7934 0
      vertex 58.9315 50.3322 0
      vertex 56.4333 51.6954 0
    endloop
  endfacet
  facet normal 0 0 -1
    outer loop
      vertex 56.2949 51.8859 0
      vertex 58.9315 50.3322 0
      vertex 56.3679 51.7934 0
    endloop
  endfacet
  facet normal 0 0 -1
    outer loop
      vertex 56.215 51.9723 0
      vertex 58.9315 50.3322 0
      vertex 56.2949 51.8859 0
    endloop
  endfacet
  facet normal 0 0 -1
    outer loop
      vertex 56.215 51.9723 0
      vertex 54.8008 54.8008 0
      vertex 58.9315 50.3322 0
    endloop
  endfacet
  facet normal 0 0 -1
    outer loop
      vertex 51.9723 56.215 0
      vertex 54.8008 54.8008 0
      vertex 56.215 51.9723 0
    endloop
  endfacet
  facet normal 0 0 -1
    outer loop
      vertex 51.8859 56.2949 0
      vertex 54.8008 54.8008 0
      vertex 51.9723 56.215 0
    endloop
  endfacet
  facet normal 0 0 -1
    outer loop
      vertex 50.3322 58.9315 0
      vertex 51.8859 56.2949 0
      vertex 51.7934 56.3679 0
    endloop
  endfacet
  facet normal 0 0 -1
    outer loop
      vertex 50.3322 58.9315 0
      vertex 51.7934 56.3679 0
      vertex 51.6954 56.4333 0
    endloop
  endfacet
  facet normal 0 0 -1
    outer loop
      vertex 50.3322 58.9315 0
      vertex 51.6954 56.4333 0
      vertex 51.5927 56.4908 0
    endloop
  endfacet
  facet normal 0 0 -1
    outer loop
      vertex 51.8859 56.2949 0
      vertex 50.3322 58.9315 0
      vertex 54.8008 54.8008 0
    endloop
  endfacet
  facet normal 0 0 -1
    outer loop
      vertex 51.4857 56.5401 0
      vertex 50.3322 58.9315 0
      vertex 51.5927 56.4908 0
    endloop
  endfacet
  facet normal 0 0 -1
    outer loop
      vertex 51.3752 56.5809 0
      vertex 50.3322 58.9315 0
      vertex 51.4857 56.5401 0
    endloop
  endfacet
  facet normal 0 0 -1
    outer loop
      vertex 51.2619 56.6129 0
      vertex 50.3322 58.9315 0
      vertex 51.3752 56.5809 0
    endloop
  endfacet
  facet normal 0 0 -1
    outer loop
      vertex 51.1463 56.6359 0
      vertex 50.3322 58.9315 0
      vertex 51.2619 56.6129 0
    endloop
  endfacet
  facet normal 0 0 -1
    outer loop
      vertex 51.0294 56.6497 0
      vertex 50.3322 58.9315 0
      vertex 51.1463 56.6359 0
    endloop
  endfacet
  facet normal 0 0 -1
    outer loop
      vertex 50.9117 56.6543 0
      vertex 50.3322 58.9315 0
      vertex 51.0294 56.6497 0
    endloop
  endfacet
  facet normal 0 0 -1
    outer loop
      vertex 50.794 56.6497 0
      vertex 50.3322 58.9315 0
      vertex 50.9117 56.6543 0
    endloop
  endfacet
  facet normal 0 0 -1
    outer loop
      vertex 50.677 56.6359 0
      vertex 50.3322 58.9315 0
      vertex 50.794 56.6497 0
    endloop
  endfacet
  facet normal 0 0 -1
    outer loop
      vertex 50.5615 56.6129 0
      vertex 50.3322 58.9315 0
      vertex 50.677 56.6359 0
    endloop
  endfacet
  facet normal 0 0 -1
    outer loop
      vertex 50.4482 56.5809 0
      vertex 50.3322 58.9315 0
      vertex 50.5615 56.6129 0
    endloop
  endfacet
  facet normal 0 0 -1
    outer loop
      vertex 50.3377 56.5401 0
      vertex 50.3322 58.9315 0
      vertex 50.4482 56.5809 0
    endloop
  endfacet
  facet normal 0 0 -1
    outer loop
      vertex 50.2307 56.4908 0
      vertex 50.3322 58.9315 0
      vertex 50.3377 56.5401 0
    endloop
  endfacet
  facet normal 0 0 -1
    outer loop
      vertex 50.1279 56.4333 0
      vertex 50.3322 58.9315 0
      vertex 50.2307 56.4908 0
    endloop
  endfacet
  facet normal 0 0 -1
    outer loop
      vertex 50.03 56.3679 0
      vertex 50.3322 58.9315 0
      vertex 50.1279 56.4333 0
    endloop
  endfacet
  facet normal 0 0 -1
    outer loop
      vertex 49.9375 56.2949 0
      vertex 50.3322 58.9315 0
      vertex 50.03 56.3679 0
    endloop
  endfacet
  facet normal 0 0 -1
    outer loop
      vertex 49.851 56.215 0
      vertex 50.3322 58.9315 0
      vertex 49.9375 56.2949 0
    endloop
  endfacet
  facet normal 0 0 -1
    outer loop
      vertex 49.851 56.215 0
      vertex 45.5534 62.6988 0
      vertex 50.3322 58.9315 0
    endloop
  endfacet
  facet normal 0 0 -1
    outer loop
      vertex 44.9013 51.2652 0
      vertex 45.5534 62.6988 0
      vertex 49.851 56.215 0
    endloop
  endfacet
  facet normal 0 0 -1
    outer loop
      vertex 44.8213 51.1788 0
      vertex 45.5534 62.6988 0
      vertex 44.9013 51.2652 0
    endloop
  endfacet
  facet normal 0 0 -1
    outer loop
      vertex 40.4936 66.0796 0
      vertex 44.8213 51.1788 0
      vertex 44.7484 51.0863 0
    endloop
  endfacet
  facet normal 0 0 -1
    outer loop
      vertex 40.4936 66.0796 0
      vertex 44.7484 51.0863 0
      vertex 44.683 50.9883 0
    endloop
  endfacet
  facet normal 0 0 -1
    outer loop
      vertex 40.4936 66.0796 0
      vertex 44.683 50.9883 0
      vertex 44.6254 50.8856 0
    endloop
  endfacet
  facet normal 0 0 -1
    outer loop
      vertex 40.4936 66.0796 0
      vertex 44.6254 50.8856 0
      vertex 44.5761 50.7786 0
    endloop
  endfacet
  facet normal 0 0 -1
    outer loop
      vertex 40.4936 66.0796 0
      vertex 44.5761 50.7786 0
      vertex 44.5354 50.6681 0
    endloop
  endfacet
  facet normal 0 0 -1
    outer loop
      vertex 35.1843 69.053 0
      vertex 44.5354 50.6681 0
      vertex 44.5034 50.5547 0
    endloop
  endfacet
  facet normal -0 0 -1
    outer loop
      vertex 44.5354 49.7411 0
      vertex 22.232 40.558 0
      vertex 44.5034 49.8544 0
    endloop
  endfacet
  facet normal 0 0 -1
    outer loop
      vertex 22.232 40.558 0
      vertex 44.5354 49.7411 0
      vertex 22.2978 40.4154 0
    endloop
  endfacet
  facet normal 0 0 -1
    outer loop
      vertex 44.8213 51.1788 0
      vertex 40.4936 66.0796 0
      vertex 45.5534 62.6988 0
    endloop
  endfacet
  facet normal -0 0 -1
    outer loop
      vertex 44.5761 49.6306 0
      vertex 22.2978 40.4154 0
      vertex 44.5354 49.7411 0
    endloop
  endfacet
  facet normal 0 0 -1
    outer loop
      vertex 47.438 11.962 0
      vertex 50.6681 44.5354 0
      vertex 47.575 11.8853 0
    endloop
  endfacet
  facet normal 0 0 -1
    outer loop
      vertex 50.6681 44.5354 0
      vertex 47.438 11.962 0
      vertex 50.5547 44.5034 0
    endloop
  endfacet
  facet normal 0 0 -1
    outer loop
      vertex 47.2954 12.0278 0
      vertex 50.5547 44.5034 0
      vertex 47.438 11.962 0
    endloop
  endfacet
  facet normal 0 0 -1
    outer loop
      vertex 50.5547 44.5034 0
      vertex 47.2954 12.0278 0
      vertex 50.4392 44.4804 0
    endloop
  endfacet
  facet normal 0 0 -1
    outer loop
      vertex 47.148 12.0821 0
      vertex 50.4392 44.4804 0
      vertex 47.2954 12.0278 0
    endloop
  endfacet
  facet normal 0 0 -1
    outer loop
      vertex 50.4392 44.4804 0
      vertex 47.148 12.0821 0
      vertex 50.3223 44.4666 0
    endloop
  endfacet
  facet normal 0 0 -1
    outer loop
      vertex 46.9969 12.1247 0
      vertex 50.3223 44.4666 0
      vertex 47.148 12.0821 0
    endloop
  endfacet
  facet normal 0 0 -1
    outer loop
      vertex 50.3223 44.4666 0
      vertex 46.9969 12.1247 0
      vertex 50.2046 44.4619 0
    endloop
  endfacet
  facet normal 0 0 -1
    outer loop
      vertex 46.8429 12.1554 0
      vertex 50.2046 44.4619 0
      vertex 46.9969 12.1247 0
    endloop
  endfacet
  facet normal -0 0 -1
    outer loop
      vertex 50.2046 44.4619 0
      vertex 46.8429 12.1554 0
      vertex 50.0869 44.4666 0
    endloop
  endfacet
  facet normal 0 0 -1
    outer loop
      vertex 46.6869 12.1738 0
      vertex 50.0869 44.4666 0
      vertex 46.8429 12.1554 0
    endloop
  endfacet
  facet normal -0 0 -1
    outer loop
      vertex 50.0869 44.4666 0
      vertex 46.6869 12.1738 0
      vertex 49.9699 44.4804 0
    endloop
  endfacet
  facet normal 0 0 -1
    outer loop
      vertex 46.53 12.18 0
      vertex 49.9699 44.4804 0
      vertex 46.6869 12.1738 0
    endloop
  endfacet
  facet normal -0 0 -1
    outer loop
      vertex 49.9699 44.4804 0
      vertex 46.53 12.18 0
      vertex 49.8544 44.5034 0
    endloop
  endfacet
  facet normal -0 0 -1
    outer loop
      vertex 49.8544 44.5034 0
      vertex 46.53 12.18 0
      vertex 49.7411 44.5354 0
    endloop
  endfacet
  facet normal -0 0 -1
    outer loop
      vertex 49.7411 44.5354 0
      vertex 46.53 12.18 0
      vertex 49.6306 44.5761 0
    endloop
  endfacet
  facet normal -0 0 -1
    outer loop
      vertex 49.6306 44.5761 0
      vertex 46.53 12.18 0
      vertex 49.5236 44.6254 0
    endloop
  endfacet
  facet normal -0 0 -1
    outer loop
      vertex 49.5236 44.6254 0
      vertex 46.53 12.18 0
      vertex 49.4208 44.683 0
    endloop
  endfacet
  facet normal -0 0 -1
    outer loop
      vertex 49.4208 44.683 0
      vertex 46.53 12.18 0
      vertex 49.3229 44.7484 0
    endloop
  endfacet
  facet normal 0 0 -1
    outer loop
      vertex 22.45 39.65 0
      vertex 49.3229 44.7484 0
      vertex 46.53 12.18 0
    endloop
  endfacet
  facet normal 0 0 -1
    outer loop
      vertex 22.45 39.65 0
      vertex 46.53 12.18 0
      vertex 22.45 16.35 0
    endloop
  endfacet
  facet normal -0 0 -1
    outer loop
      vertex 49.3229 44.7484 0
      vertex 22.45 39.65 0
      vertex 49.2304 44.8213 0
    endloop
  endfacet
  facet normal -0 0 -1
    outer loop
      vertex 49.2304 44.8213 0
      vertex 22.45 39.65 0
      vertex 49.1439 44.9013 0
    endloop
  endfacet
  facet normal -0 0 -1
    outer loop
      vertex 49.1439 44.9013 0
      vertex 22.45 39.65 0
      vertex 44.9013 49.1439 0
    endloop
  endfacet
  facet normal 0 0 -1
    outer loop
      vertex 22.4438 39.8069 0
      vertex 44.9013 49.1439 0
      vertex 22.45 39.65 0
    endloop
  endfacet
  facet normal -0 0 -1
    outer loop
      vertex 44.9013 49.1439 0
      vertex 22.4438 39.8069 0
      vertex 44.8213 49.2304 0
    endloop
  endfacet
  facet normal 0 0 -1
    outer loop
      vertex 22.4254 39.9629 0
      vertex 44.8213 49.2304 0
      vertex 22.4438 39.8069 0
    endloop
  endfacet
  facet normal -0 0 -1
    outer loop
      vertex 44.8213 49.2304 0
      vertex 22.4254 39.9629 0
      vertex 44.7484 49.3229 0
    endloop
  endfacet
  facet normal -0 0 -1
    outer loop
      vertex 44.7484 49.3229 0
      vertex 22.4254 39.9629 0
      vertex 44.683 49.4208 0
    endloop
  endfacet
  facet normal 0 0 -1
    outer loop
      vertex 22.3947 40.1169 0
      vertex 44.683 49.4208 0
      vertex 22.4254 39.9629 0
    endloop
  endfacet
  facet normal -0 0 -1
    outer loop
      vertex 44.683 49.4208 0
      vertex 22.3947 40.1169 0
      vertex 44.6254 49.5236 0
    endloop
  endfacet
  facet normal 0 0 -1
    outer loop
      vertex 22.2978 40.4154 0
      vertex 44.5761 49.6306 0
      vertex 22.3521 40.268 0
    endloop
  endfacet
  facet normal 0 0 -1
    outer loop
      vertex 22.3521 40.268 0
      vertex 44.6254 49.5236 0
      vertex 22.3947 40.1169 0
    endloop
  endfacet
  facet normal -0 0 -1
    outer loop
      vertex 44.6254 49.5236 0
      vertex 22.3521 40.268 0
      vertex 44.5761 49.6306 0
    endloop
  endfacet
  facet normal 0 0 -1
    outer loop
      vertex 44.5354 50.6681 0
      vertex 35.1843 69.053 0
      vertex 40.4936 66.0796 0
    endloop
  endfacet
  facet normal 0 0 -1
    outer loop
      vertex 22.1553 40.695 0
      vertex 44.5034 49.8544 0
      vertex 22.232 40.558 0
    endloop
  endfacet
  facet normal -0 0 -1
    outer loop
      vertex 44.5034 49.8544 0
      vertex 22.1553 40.695 0
      vertex 44.4804 49.9699 0
    endloop
  endfacet
  facet normal 0 0 -1
    outer loop
      vertex 46.53 12.18 0
      vertex 22.4438 16.1931 0
      vertex 22.45 16.35 0
    endloop
  endfacet
  facet normal 0 0 -1
    outer loop
      vertex 46.53 12.18 0
      vertex 22.4254 16.0371 0
      vertex 22.4438 16.1931 0
    endloop
  endfacet
  facet normal 0 0 -1
    outer loop
      vertex 46.53 12.18 0
      vertex 22.3947 15.8831 0
      vertex 22.4254 16.0371 0
    endloop
  endfacet
  facet normal 0 0 -1
    outer loop
      vertex 46.53 12.18 0
      vertex 22.3521 15.732 0
      vertex 22.3947 15.8831 0
    endloop
  endfacet
  facet normal 0 0 -1
    outer loop
      vertex 46.53 12.18 0
      vertex 22.2978 15.5846 0
      vertex 22.3521 15.732 0
    endloop
  endfacet
  facet normal 0 0 -1
    outer loop
      vertex 46.53 12.18 0
      vertex 22.232 15.442 0
      vertex 22.2978 15.5846 0
    endloop
  endfacet
  facet normal 0 0 -1
    outer loop
      vertex 46.53 12.18 0
      vertex 22.1553 15.305 0
      vertex 22.232 15.442 0
    endloop
  endfacet
  facet normal 0 0 -1
    outer loop
      vertex 46.53 12.18 0
      vertex 22.068 15.1744 0
      vertex 22.1553 15.305 0
    endloop
  endfacet
  facet normal 0 0 -1
    outer loop
      vertex 46.53 12.18 0
      vertex 21.9708 15.0511 0
      vertex 22.068 15.1744 0
    endloop
  endfacet
  facet normal 0 0 -1
    outer loop
      vertex 46.53 12.18 0
      vertex 21.8642 14.9358 0
      vertex 21.9708 15.0511 0
    endloop
  endfacet
  facet normal 0 0 -1
    outer loop
      vertex 46.53 12.18 0
      vertex 21.7489 14.8292 0
      vertex 21.8642 14.9358 0
    endloop
  endfacet
  facet normal 0 0 -1
    outer loop
      vertex 46.53 12.18 0
      vertex 21.6256 14.732 0
      vertex 21.7489 14.8292 0
    endloop
  endfacet
  facet normal 0 0 -1
    outer loop
      vertex 46.53 12.18 0
      vertex 21.495 14.6447 0
      vertex 21.6256 14.732 0
    endloop
  endfacet
  facet normal 0 0 -1
    outer loop
      vertex 46.53 12.18 0
      vertex 21.358 14.568 0
      vertex 21.495 14.6447 0
    endloop
  endfacet
  facet normal 0 0 -1
    outer loop
      vertex 46.53 12.18 0
      vertex 21.2154 14.5022 0
      vertex 21.358 14.568 0
    endloop
  endfacet
  facet normal 0 0 -1
    outer loop
      vertex 46.53 12.18 0
      vertex 21.068 14.4479 0
      vertex 21.2154 14.5022 0
    endloop
  endfacet
  facet normal 0 0 -1
    outer loop
      vertex 46.53 12.18 0
      vertex 20.9169 14.4053 0
      vertex 21.068 14.4479 0
    endloop
  endfacet
  facet normal 0 0 -1
    outer loop
      vertex 46.53 12.18 0
      vertex 20.7629 14.3746 0
      vertex 20.9169 14.4053 0
    endloop
  endfacet
  facet normal 0 0 -1
    outer loop
      vertex 13.47 12.18 0
      vertex 20.7629 14.3746 0
      vertex 46.53 12.18 0
    endloop
  endfacet
  facet normal 0 0 -1
    outer loop
      vertex 20.7629 14.3746 0
      vertex 13.47 12.18 0
      vertex 20.6069 14.3562 0
    endloop
  endfacet
  facet normal 0 0 -1
    outer loop
      vertex 20.6069 14.3562 0
      vertex 13.47 12.18 0
      vertex 20.45 14.35 0
    endloop
  endfacet
  facet normal 0 0 -1
    outer loop
      vertex 13.3131 12.1738 0
      vertex 20.45 14.35 0
      vertex 13.47 12.18 0
    endloop
  endfacet
  facet normal 0 0 -1
    outer loop
      vertex 13.1571 12.1554 0
      vertex 20.45 14.35 0
      vertex 13.3131 12.1738 0
    endloop
  endfacet
  facet normal 0 0 -1
    outer loop
      vertex 13.0031 12.1247 0
      vertex 20.45 14.35 0
      vertex 13.1571 12.1554 0
    endloop
  endfacet
  facet normal 0 0 -1
    outer loop
      vertex -11.4846 13.5978 0
      vertex 13.0031 12.1247 0
      vertex 12.852 12.0821 0
    endloop
  endfacet
  facet normal 0 0 -1
    outer loop
      vertex -10.25 11.75 0
      vertex 11.47 10.18 0
      vertex -10.25 7 0
    endloop
  endfacet
  facet normal 0 0 -1
    outer loop
      vertex 11.47 10.18 0
      vertex -10.25 11.75 0
      vertex 11.4762 10.3369 0
    endloop
  endfacet
  facet normal 0 0 -1
    outer loop
      vertex 11.4762 10.3369 0
      vertex -10.25 11.75 0
      vertex 11.4946 10.4929 0
    endloop
  endfacet
  facet normal 0 0 -1
    outer loop
      vertex -10.2562 11.9069 0
      vertex 11.4946 10.4929 0
      vertex -10.25 11.75 0
    endloop
  endfacet
  facet normal 0 0 -1
    outer loop
      vertex 11.4946 10.4929 0
      vertex -10.2562 11.9069 0
      vertex 11.5253 10.6469 0
    endloop
  endfacet
  facet normal 0 0 -1
    outer loop
      vertex -10.2746 12.0629 0
      vertex 11.5253 10.6469 0
      vertex -10.2562 11.9069 0
    endloop
  endfacet
  facet normal 0 0 -1
    outer loop
      vertex 11.5253 10.6469 0
      vertex -10.2746 12.0629 0
      vertex 11.5679 10.798 0
    endloop
  endfacet
  facet normal 0 0 -1
    outer loop
      vertex -10.3053 12.2169 0
      vertex 11.5679 10.798 0
      vertex -10.2746 12.0629 0
    endloop
  endfacet
  facet normal 0 0 -1
    outer loop
      vertex 11.5679 10.798 0
      vertex -10.3053 12.2169 0
      vertex 11.6222 10.9454 0
    endloop
  endfacet
  facet normal 0 0 -1
    outer loop
      vertex -10.3479 12.368 0
      vertex 11.6222 10.9454 0
      vertex -10.3053 12.2169 0
    endloop
  endfacet
  facet normal 0 0 -1
    outer loop
      vertex 11.6222 10.9454 0
      vertex -10.3479 12.368 0
      vertex 11.688 11.088 0
    endloop
  endfacet
  facet normal 0 0 -1
    outer loop
      vertex -10.4022 12.5154 0
      vertex 11.688 11.088 0
      vertex -10.3479 12.368 0
    endloop
  endfacet
  facet normal 0 0 -1
    outer loop
      vertex 11.688 11.088 0
      vertex -10.4022 12.5154 0
      vertex 11.7647 11.225 0
    endloop
  endfacet
  facet normal 0 0 -1
    outer loop
      vertex -10.468 12.658 0
      vertex 11.7647 11.225 0
      vertex -10.4022 12.5154 0
    endloop
  endfacet
  facet normal 0 0 -1
    outer loop
      vertex 11.7647 11.225 0
      vertex -10.468 12.658 0
      vertex 11.852 11.3556 0
    endloop
  endfacet
  facet normal 0 0 -1
    outer loop
      vertex -10.5447 12.795 0
      vertex 11.852 11.3556 0
      vertex -10.468 12.658 0
    endloop
  endfacet
  facet normal 0 0 -1
    outer loop
      vertex 11.852 11.3556 0
      vertex -10.5447 12.795 0
      vertex 11.9492 11.4789 0
    endloop
  endfacet
  facet normal 0 0 -1
    outer loop
      vertex -10.632 12.9256 0
      vertex 11.9492 11.4789 0
      vertex -10.5447 12.795 0
    endloop
  endfacet
  facet normal 0 0 -1
    outer loop
      vertex 11.9492 11.4789 0
      vertex -10.632 12.9256 0
      vertex 12.0558 11.5942 0
    endloop
  endfacet
  facet normal 0 0 -1
    outer loop
      vertex -10.7292 13.0489 0
      vertex 12.0558 11.5942 0
      vertex -10.632 12.9256 0
    endloop
  endfacet
  facet normal 0 0 -1
    outer loop
      vertex 12.0558 11.5942 0
      vertex -10.7292 13.0489 0
      vertex 12.1711 11.7008 0
    endloop
  endfacet
  facet normal 0 0 -1
    outer loop
      vertex -10.8358 13.1642 0
      vertex 12.1711 11.7008 0
      vertex -10.7292 13.0489 0
    endloop
  endfacet
  facet normal 0 0 -1
    outer loop
      vertex 12.1711 11.7008 0
      vertex -10.8358 13.1642 0
      vertex 12.2944 11.798 0
    endloop
  endfacet
  facet normal 0 0 -1
    outer loop
      vertex -10.9511 13.2708 0
      vertex 12.2944 11.798 0
      vertex -10.8358 13.1642 0
    endloop
  endfacet
  facet normal 0 0 -1
    outer loop
      vertex 12.2944 11.798 0
      vertex -10.9511 13.2708 0
      vertex 12.425 11.8853 0
    endloop
  endfacet
  facet normal 0 0 -1
    outer loop
      vertex -11.0744 13.368 0
      vertex 12.425 11.8853 0
      vertex -10.9511 13.2708 0
    endloop
  endfacet
  facet normal 0 0 -1
    outer loop
      vertex 12.425 11.8853 0
      vertex -11.0744 13.368 0
      vertex 12.562 11.962 0
    endloop
  endfacet
  facet normal 0 0 -1
    outer loop
      vertex -11.205 13.4553 0
      vertex 12.562 11.962 0
      vertex -11.0744 13.368 0
    endloop
  endfacet
  facet normal 0 0 -1
    outer loop
      vertex 12.562 11.962 0
      vertex -11.205 13.4553 0
      vertex 12.7046 12.0278 0
    endloop
  endfacet
  facet normal 0 0 -1
    outer loop
      vertex -11.342 13.532 0
      vertex 12.7046 12.0278 0
      vertex -11.205 13.4553 0
    endloop
  endfacet
  facet normal 0 0 -1
    outer loop
      vertex 12.7046 12.0278 0
      vertex -11.342 13.532 0
      vertex 12.852 12.0821 0
    endloop
  endfacet
  facet normal 0 0 -1
    outer loop
      vertex -11.4846 13.5978 0
      vertex 12.852 12.0821 0
      vertex -11.342 13.532 0
    endloop
  endfacet
  facet normal 0 0 -1
    outer loop
      vertex 13.0031 12.1247 0
      vertex -11.4846 13.5978 0
      vertex -11.632 13.6521 0
    endloop
  endfacet
  facet normal 0 0 -1
    outer loop
      vertex 13.0031 12.1247 0
      vertex -11.632 13.6521 0
      vertex 20.45 14.35 0
    endloop
  endfacet
  facet normal 0 0 -1
    outer loop
      vertex -11.7831 13.6947 0
      vertex 20.45 14.35 0
      vertex -11.632 13.6521 0
    endloop
  endfacet
  facet normal 0 0 -1
    outer loop
      vertex -11.9371 13.7254 0
      vertex 20.45 14.35 0
      vertex -11.7831 13.6947 0
    endloop
  endfacet
  facet normal 0 0 -1
    outer loop
      vertex -12.0931 13.7438 0
      vertex 20.45 14.35 0
      vertex -11.9371 13.7254 0
    endloop
  endfacet
  facet normal 0 0 -1
    outer loop
      vertex -20.45 14.35 0
      vertex -12.0931 13.7438 0
      vertex -12.25 13.75 0
    endloop
  endfacet
  facet normal 0 0 -1
    outer loop
      vertex -12.0931 13.7438 0
      vertex -20.45 14.35 0
      vertex 20.45 14.35 0
    endloop
  endfacet
  facet normal 0 0 -1
    outer loop
      vertex -12.25 13.75 0
      vertex -20.6069 14.3562 0
      vertex -20.45 14.35 0
    endloop
  endfacet
  facet normal 0 0 -1
    outer loop
      vertex -47.75 13.75 0
      vertex -22.45 39.65 0
      vertex -22.45 16.35 0
    endloop
  endfacet
  facet normal 0 0 -1
    outer loop
      vertex -22.068 40.8256 0
      vertex -44.4804 49.9699 0
      vertex -44.4666 50.0869 0
    endloop
  endfacet
  facet normal 0 0 -1
    outer loop
      vertex -47.75 13.75 0
      vertex -22.45 16.35 0
      vertex -22.4438 16.1931 0
    endloop
  endfacet
  facet normal 0 0 -1
    outer loop
      vertex -47.75 13.75 0
      vertex -22.4438 16.1931 0
      vertex -22.4254 16.0371 0
    endloop
  endfacet
  facet normal 0 0 -1
    outer loop
      vertex -21.9708 40.9489 0
      vertex -44.4666 50.0869 0
      vertex -44.4619 50.2046 0
    endloop
  endfacet
  facet normal 0 0 -1
    outer loop
      vertex -47.75 13.75 0
      vertex -22.4254 16.0371 0
      vertex -22.3947 15.8831 0
    endloop
  endfacet
  facet normal 0 0 -1
    outer loop
      vertex -21.7489 41.1708 0
      vertex -44.4804 50.4392 0
      vertex -21.6256 41.268 0
    endloop
  endfacet
  facet normal 0 0 -1
    outer loop
      vertex -47.75 13.75 0
      vertex -22.3947 15.8831 0
      vertex -22.3521 15.732 0
    endloop
  endfacet
  facet normal 0 0 -1
    outer loop
      vertex -44.5034 50.5547 0
      vertex -21.6256 41.268 0
      vertex -44.4804 50.4392 0
    endloop
  endfacet
  facet normal 0 0 -1
    outer loop
      vertex -47.75 13.75 0
      vertex -22.3521 15.732 0
      vertex -22.2978 15.5846 0
    endloop
  endfacet
  facet normal 0 0 -1
    outer loop
      vertex -47.75 13.75 0
      vertex -22.2978 15.5846 0
      vertex -22.232 15.442 0
    endloop
  endfacet
  facet normal 0 0 -1
    outer loop
      vertex -47.75 13.75 0
      vertex -22.232 15.442 0
      vertex -22.1553 15.305 0
    endloop
  endfacet
  facet normal 0 0 -1
    outer loop
      vertex -21.068 41.5521 0
      vertex -35.1843 69.053 0
      vertex -29.658 71.6007 0
    endloop
  endfacet
  facet normal 0 0 -1
    outer loop
      vertex -20.6069 41.6438 0
      vertex -29.658 71.6007 0
      vertex -23.9488 73.7069 0
    endloop
  endfacet
  facet normal 0 0 -1
    outer loop
      vertex -22.1553 40.695 0
      vertex -44.5034 49.8544 0
      vertex -44.4804 49.9699 0
    endloop
  endfacet
  facet normal 0 0 -1
    outer loop
      vertex -22.232 40.558 0
      vertex -44.5354 49.7411 0
      vertex -44.5034 49.8544 0
    endloop
  endfacet
  facet normal 0 0 -1
    outer loop
      vertex -22.2978 40.4154 0
      vertex -44.5761 49.6306 0
      vertex -44.5354 49.7411 0
    endloop
  endfacet
  facet normal 0 0 -1
    outer loop
      vertex -22.3521 40.268 0
      vertex -44.6254 49.5236 0
      vertex -44.5761 49.6306 0
    endloop
  endfacet
  facet normal 0 0 -1
    outer loop
      vertex -22.3947 40.1169 0
      vertex -44.683 49.4208 0
      vertex -44.6254 49.5236 0
    endloop
  endfacet
  facet normal 0 0 -1
    outer loop
      vertex -22.4254 39.9629 0
      vertex -44.7484 49.3229 0
      vertex -44.683 49.4208 0
    endloop
  endfacet
  facet normal 0 0 -1
    outer loop
      vertex -22.4254 39.9629 0
      vertex -44.8213 49.2304 0
      vertex -44.7484 49.3229 0
    endloop
  endfacet
  facet normal 0 0 -1
    outer loop
      vertex -22.4438 39.8069 0
      vertex -44.9013 49.1439 0
      vertex -44.8213 49.2304 0
    endloop
  endfacet
  facet normal 0 0 -1
    outer loop
      vertex -47.75 13.75 0
      vertex -22.1553 15.305 0
      vertex -22.068 15.1744 0
    endloop
  endfacet
  facet normal 0 0 -1
    outer loop
      vertex -47.75 13.75 0
      vertex -20.6069 14.3562 0
      vertex -12.25 13.75 0
    endloop
  endfacet
  facet normal 0 0 -1
    outer loop
      vertex -47.75 13.75 0
      vertex -20.7629 14.3746 0
      vertex -20.6069 14.3562 0
    endloop
  endfacet
  facet normal 0 0 -1
    outer loop
      vertex -47.75 13.75 0
      vertex -20.9169 14.4053 0
      vertex -20.7629 14.3746 0
    endloop
  endfacet
  facet normal 0 0 -1
    outer loop
      vertex -47.75 13.75 0
      vertex -21.068 14.4479 0
      vertex -20.9169 14.4053 0
    endloop
  endfacet
  facet normal 0 0 -1
    outer loop
      vertex -47.75 13.75 0
      vertex -21.2154 14.5022 0
      vertex -21.068 14.4479 0
    endloop
  endfacet
  facet normal 0 0 -1
    outer loop
      vertex -47.75 13.75 0
      vertex -21.358 14.568 0
      vertex -21.2154 14.5022 0
    endloop
  endfacet
  facet normal 0 0 -1
    outer loop
      vertex -47.75 13.75 0
      vertex -21.495 14.6447 0
      vertex -21.358 14.568 0
    endloop
  endfacet
  facet normal 0 0 -1
    outer loop
      vertex -47.75 13.75 0
      vertex -21.6256 14.732 0
      vertex -21.495 14.6447 0
    endloop
  endfacet
  facet normal 0 0 -1
    outer loop
      vertex -47.75 13.75 0
      vertex -21.7489 14.8292 0
      vertex -21.6256 14.732 0
    endloop
  endfacet
  facet normal 0 0 -1
    outer loop
      vertex -47.75 13.75 0
      vertex -21.8642 14.9358 0
      vertex -21.7489 14.8292 0
    endloop
  endfacet
  facet normal 0 0 -1
    outer loop
      vertex -47.75 13.75 0
      vertex -21.9708 15.0511 0
      vertex -21.8642 14.9358 0
    endloop
  endfacet
  facet normal 0 0 -1
    outer loop
      vertex -47.75 13.75 0
      vertex -22.068 15.1744 0
      vertex -21.9708 15.0511 0
    endloop
  endfacet
  facet normal 0 0 -1
    outer loop
      vertex -49.3229 44.7484 0
      vertex -22.45 39.65 0
      vertex -47.75 13.75 0
    endloop
  endfacet
  facet normal 0 0 -1
    outer loop
      vertex -50.0869 44.4666 0
      vertex -47.75 13.75 0
      vertex -47.9069 13.7438 0
    endloop
  endfacet
  facet normal 0 0 -1
    outer loop
      vertex -50.2046 44.4619 0
      vertex -47.9069 13.7438 0
      vertex -48.0629 13.7254 0
    endloop
  endfacet
  facet normal 0 0 -1
    outer loop
      vertex -50.3223 44.4666 0
      vertex -48.0629 13.7254 0
      vertex -48.2169 13.6947 0
    endloop
  endfacet
  facet normal 0 0 -1
    outer loop
      vertex -50.4392 44.4804 0
      vertex -48.2169 13.6947 0
      vertex -48.368 13.6521 0
    endloop
  endfacet
  facet normal 0 0 -1
    outer loop
      vertex -50.5547 44.5034 0
      vertex -48.368 13.6521 0
      vertex -48.5154 13.5978 0
    endloop
  endfacet
  facet normal 0 0 -1
    outer loop
      vertex -48.795 13.4553 0
      vertex -69.053 35.1843 0
      vertex -48.658 13.532 0
    endloop
  endfacet
  facet normal 0 -0 -1
    outer loop
      vertex -69.053 35.1843 0
      vertex -48.795 13.4553 0
      vertex -71.6007 29.658 0
    endloop
  endfacet
  facet normal 0 0 -1
    outer loop
      vertex -49.0489 13.2708 0
      vertex -71.6007 29.658 0
      vertex -48.9256 13.368 0
    endloop
  endfacet
  facet normal 0 0 -1
    outer loop
      vertex -49.2708 13.0489 0
      vertex -71.6007 29.658 0
      vertex -49.1642 13.1642 0
    endloop
  endfacet
  facet normal 0 0 -1
    outer loop
      vertex -22.45 39.65 0
      vertex -49.1439 44.9013 0
      vertex -44.9013 49.1439 0
    endloop
  endfacet
  facet normal 0 -0 -1
    outer loop
      vertex -71.6007 29.658 0
      vertex -49.2708 13.0489 0
      vertex -73.7069 23.9488 0
    endloop
  endfacet
  facet normal 0 0 -1
    outer loop
      vertex -22.45 39.65 0
      vertex -49.2304 44.8213 0
      vertex -49.1439 44.9013 0
    endloop
  endfacet
  facet normal 0 0 -1
    outer loop
      vertex -49.4553 12.795 0
      vertex -73.7069 23.9488 0
      vertex -49.368 12.9256 0
    endloop
  endfacet
  facet normal 0 0 -1
    outer loop
      vertex -22.45 39.65 0
      vertex -49.3229 44.7484 0
      vertex -49.2304 44.8213 0
    endloop
  endfacet
  facet normal 0 0 -1
    outer loop
      vertex -49.532 12.658 0
      vertex -73.7069 23.9488 0
      vertex -49.4553 12.795 0
    endloop
  endfacet
  facet normal 0 0 -1
    outer loop
      vertex -47.75 13.75 0
      vertex -49.4208 44.683 0
      vertex -49.3229 44.7484 0
    endloop
  endfacet
  facet normal 0 -0 -1
    outer loop
      vertex -73.7069 23.9488 0
      vertex -49.5978 12.5154 0
      vertex -75.3587 18.092 0
    endloop
  endfacet
  facet normal 0 0 -1
    outer loop
      vertex -47.75 13.75 0
      vertex -49.5236 44.6254 0
      vertex -49.4208 44.683 0
    endloop
  endfacet
  facet normal 0 0 -1
    outer loop
      vertex -49.6521 12.368 0
      vertex -75.3587 18.092 0
      vertex -49.5978 12.5154 0
    endloop
  endfacet
  facet normal 0 0 -1
    outer loop
      vertex -49.6947 12.2169 0
      vertex -75.3587 18.092 0
      vertex -49.6521 12.368 0
    endloop
  endfacet
  facet normal 0 0 -1
    outer loop
      vertex -47.75 13.75 0
      vertex -49.6306 44.5761 0
      vertex -49.5236 44.6254 0
    endloop
  endfacet
  facet normal 0 0 -1
    outer loop
      vertex -49.7438 11.9069 0
      vertex -75.3587 18.092 0
      vertex -49.7254 12.0629 0
    endloop
  endfacet
  facet normal 0 0 -1
    outer loop
      vertex -49.75 11.75 0
      vertex -76.5458 12.1237 0
      vertex -49.7438 11.9069 0
    endloop
  endfacet
  facet normal 0 0 -1
    outer loop
      vertex -77.2611 6.08058 0
      vertex -49.75 11.75 0
      vertex -77.2611 -6.08058 0
    endloop
  endfacet
  facet normal 0 0 -1
    outer loop
      vertex -47.75 13.75 0
      vertex -49.7411 44.5354 0
      vertex -49.6306 44.5761 0
    endloop
  endfacet
  facet normal 0 0 -1
    outer loop
      vertex -77.2611 -6.08058 0
      vertex -49.75 -11.75 0
      vertex -76.5458 -12.1237 0
    endloop
  endfacet
  facet normal -0 0 -1
    outer loop
      vertex -49.7254 -12.0629 0
      vertex -75.3587 -18.092 0
      vertex -49.7438 -11.9069 0
    endloop
  endfacet
  facet normal 0 0 -1
    outer loop
      vertex -66.0796 -40.4936 0
      vertex -51.1788 -44.8213 0
      vertex -62.6988 -45.5534 0
    endloop
  endfacet
  facet normal 0 0 -1
    outer loop
      vertex -47.75 13.75 0
      vertex -49.8544 44.5034 0
      vertex -49.7411 44.5354 0
    endloop
  endfacet
  facet normal 0 0 -1
    outer loop
      vertex -71.6007 -29.658 0
      vertex -48.795 -13.4553 0
      vertex -69.053 -35.1843 0
    endloop
  endfacet
  facet normal 0 0 -1
    outer loop
      vertex -47.75 13.75 0
      vertex -49.9699 44.4804 0
      vertex -49.8544 44.5034 0
    endloop
  endfacet
  facet normal 0 0 -1
    outer loop
      vertex -62.6988 -45.5534 0
      vertex -51.1788 -44.8213 0
      vertex -51.2652 -44.9013 0
    endloop
  endfacet
  facet normal 0 0 -1
    outer loop
      vertex -47.75 13.75 0
      vertex -50.0869 44.4666 0
      vertex -49.9699 44.4804 0
    endloop
  endfacet
  facet normal -0 0 -1
    outer loop
      vertex -48.795 -13.4553 0
      vertex -71.6007 -29.658 0
      vertex -48.9256 -13.368 0
    endloop
  endfacet
  facet normal 0 0 -1
    outer loop
      vertex -47.9069 13.7438 0
      vertex -50.2046 44.4619 0
      vertex -50.0869 44.4666 0
    endloop
  endfacet
  facet normal 0 0 -1
    outer loop
      vertex -56.215 -49.851 0
      vertex -62.6988 -45.5534 0
      vertex -51.2652 -44.9013 0
    endloop
  endfacet
  facet normal 0 0 -1
    outer loop
      vertex -48.0629 13.7254 0
      vertex -50.3223 44.4666 0
      vertex -50.2046 44.4619 0
    endloop
  endfacet
  facet normal 0 0 -1
    outer loop
      vertex -62.6988 -45.5534 0
      vertex -56.215 -49.851 0
      vertex -58.9315 -50.3322 0
    endloop
  endfacet
  facet normal 0 0 -1
    outer loop
      vertex -48.2169 13.6947 0
      vertex -50.4392 44.4804 0
      vertex -50.3223 44.4666 0
    endloop
  endfacet
  facet normal -0 0 -1
    outer loop
      vertex -48.9256 -13.368 0
      vertex -71.6007 -29.658 0
      vertex -49.0489 -13.2708 0
    endloop
  endfacet
  facet normal 0 0 -1
    outer loop
      vertex -48.368 13.6521 0
      vertex -50.5547 44.5034 0
      vertex -50.4392 44.4804 0
    endloop
  endfacet
  facet normal -0 0 -1
    outer loop
      vertex -49.0489 -13.2708 0
      vertex -71.6007 -29.658 0
      vertex -49.1642 -13.1642 0
    endloop
  endfacet
  facet normal 0 0 -1
    outer loop
      vertex -69.053 35.1843 0
      vertex -50.5547 44.5034 0
      vertex -48.5154 13.5978 0
    endloop
  endfacet
  facet normal 0 0 -1
    outer loop
      vertex -58.9315 -50.3322 0
      vertex -56.215 -49.851 0
      vertex -56.2949 -49.9375 0
    endloop
  endfacet
  facet normal 0 0 -1
    outer loop
      vertex -48.658 13.532 0
      vertex -69.053 35.1843 0
      vertex -48.5154 13.5978 0
    endloop
  endfacet
  facet normal -0 0 -1
    outer loop
      vertex -49.1642 -13.1642 0
      vertex -71.6007 -29.658 0
      vertex -49.2708 -13.0489 0
    endloop
  endfacet
  facet normal 0 0 -1
    outer loop
      vertex -48.9256 13.368 0
      vertex -71.6007 29.658 0
      vertex -48.795 13.4553 0
    endloop
  endfacet
  facet normal 0 0 -1
    outer loop
      vertex -58.9315 -50.3322 0
      vertex -56.2949 -49.9375 0
      vertex -56.3679 -50.03 0
    endloop
  endfacet
  facet normal -0 0 -1
    outer loop
      vertex -50.5547 44.5034 0
      vertex -69.053 35.1843 0
      vertex -50.6681 44.5354 0
    endloop
  endfacet
  facet normal 0 0 -1
    outer loop
      vertex -73.7069 -23.9488 0
      vertex -49.2708 -13.0489 0
      vertex -71.6007 -29.658 0
    endloop
  endfacet
  facet normal 0 0 -1
    outer loop
      vertex -49.1642 13.1642 0
      vertex -71.6007 29.658 0
      vertex -49.0489 13.2708 0
    endloop
  endfacet
  facet normal 0 0 -1
    outer loop
      vertex -58.9315 -50.3322 0
      vertex -56.3679 -50.03 0
      vertex -56.4333 -50.1279 0
    endloop
  endfacet
  facet normal 0 0 -1
    outer loop
      vertex -49.368 12.9256 0
      vertex -73.7069 23.9488 0
      vertex -49.2708 13.0489 0
    endloop
  endfacet
  facet normal -0 0 -1
    outer loop
      vertex -49.2708 -13.0489 0
      vertex -73.7069 -23.9488 0
      vertex -49.368 -12.9256 0
    endloop
  endfacet
  facet normal 0 -0 -1
    outer loop
      vertex -66.0796 40.4936 0
      vertex -50.6681 44.5354 0
      vertex -69.053 35.1843 0
    endloop
  endfacet
  facet normal 0 0 -1
    outer loop
      vertex -58.9315 -50.3322 0
      vertex -56.4333 -50.1279 0
      vertex -56.4908 -50.2307 0
    endloop
  endfacet
  facet normal 0 0 -1
    outer loop
      vertex -49.5978 12.5154 0
      vertex -73.7069 23.9488 0
      vertex -49.532 12.658 0
    endloop
  endfacet
  facet normal -0 0 -1
    outer loop
      vertex -49.368 -12.9256 0
      vertex -73.7069 -23.9488 0
      vertex -49.4553 -12.795 0
    endloop
  endfacet
  facet normal 0 0 -1
    outer loop
      vertex -49.7254 12.0629 0
      vertex -75.3587 18.092 0
      vertex -49.6947 12.2169 0
    endloop
  endfacet
  facet normal 0 0 -1
    outer loop
      vertex -58.9315 -50.3322 0
      vertex -56.4908 -50.2307 0
      vertex -56.5401 -50.3377 0
    endloop
  endfacet
  facet normal 0 -0 -1
    outer loop
      vertex -75.3587 18.092 0
      vertex -49.7438 11.9069 0
      vertex -76.5458 12.1237 0
    endloop
  endfacet
  facet normal -0 0 -1
    outer loop
      vertex -49.4553 -12.795 0
      vertex -73.7069 -23.9488 0
      vertex -49.532 -12.658 0
    endloop
  endfacet
  facet normal 0 -0 -1
    outer loop
      vertex -76.5458 12.1237 0
      vertex -49.75 11.75 0
      vertex -77.2611 6.08058 0
    endloop
  endfacet
  facet normal 0 0 -1
    outer loop
      vertex -58.9315 -50.3322 0
      vertex -56.5401 -50.3377 0
      vertex -56.5809 -50.4482 0
    endloop
  endfacet
  facet normal 0 0 -1
    outer loop
      vertex -49.75 -11.75 0
      vertex -77.2611 -6.08058 0
      vertex -49.75 11.75 0
    endloop
  endfacet
  facet normal -0 0 -1
    outer loop
      vertex -49.532 -12.658 0
      vertex -73.7069 -23.9488 0
      vertex -49.5978 -12.5154 0
    endloop
  endfacet
  facet normal -0 0 -1
    outer loop
      vertex -49.7438 -11.9069 0
      vertex -76.5458 -12.1237 0
      vertex -49.75 -11.75 0
    endloop
  endfacet
  facet normal 0 0 -1
    outer loop
      vertex -75.3587 -18.092 0
      vertex -49.5978 -12.5154 0
      vertex -73.7069 -23.9488 0
    endloop
  endfacet
  facet normal -0 0 -1
    outer loop
      vertex -49.6947 -12.2169 0
      vertex -75.3587 -18.092 0
      vertex -49.7254 -12.0629 0
    endloop
  endfacet
  facet normal 0 0 -1
    outer loop
      vertex -58.9315 -50.3322 0
      vertex -56.5809 -50.4482 0
      vertex -56.6129 -50.5615 0
    endloop
  endfacet
  facet normal -0 0 -1
    outer loop
      vertex -49.5978 -12.5154 0
      vertex -75.3587 -18.092 0
      vertex -49.6521 -12.368 0
    endloop
  endfacet
  facet normal 0 0 -1
    outer loop
      vertex -58.9315 -50.3322 0
      vertex -56.6129 -50.5615 0
      vertex -56.6359 -50.677 0
    endloop
  endfacet
  facet normal -0 0 -1
    outer loop
      vertex -49.6521 -12.368 0
      vertex -75.3587 -18.092 0
      vertex -49.6947 -12.2169 0
    endloop
  endfacet
  facet normal 0 0 -1
    outer loop
      vertex -58.9315 -50.3322 0
      vertex -56.6359 -50.677 0
      vertex -56.6497 -50.794 0
    endloop
  endfacet
  facet normal 0 0 -1
    outer loop
      vertex -76.5458 -12.1237 0
      vertex -49.7438 -11.9069 0
      vertex -75.3587 -18.092 0
    endloop
  endfacet
  facet normal 0 0 -1
    outer loop
      vertex -58.9315 -50.3322 0
      vertex -56.6497 -50.794 0
      vertex -56.6543 -50.9117 0
    endloop
  endfacet
  facet normal -0 0 -1
    outer loop
      vertex -50.6681 44.5354 0
      vertex -66.0796 40.4936 0
      vertex -50.7786 44.5761 0
    endloop
  endfacet
  facet normal 0.962353 0.271803 0
    outer loop
      vertex 56.6129 51.2619 0
      vertex 56.5809 51.3752 -28
      vertex 56.5809 51.3752 0
    endloop
  endfacet
  facet normal 0.962353 0.271803 0
    outer loop
      vertex 56.5809 51.3752 -28
      vertex 56.6129 51.2619 0
      vertex 56.6129 51.2619 -28
    endloop
  endfacet
  facet normal 0.938096 -0.346374 0
    outer loop
      vertex 56.5401 50.3377 0
      vertex 56.5809 50.4482 -28
      vertex 56.5809 50.4482 0
    endloop
  endfacet
  facet normal 0.938096 -0.346374 0
    outer loop
      vertex 56.5809 50.4482 -28
      vertex 56.5401 50.3377 0
      vertex 56.5401 50.3377 -28
    endloop
  endfacet
  facet normal 0.980776 0.195137 0
    outer loop
      vertex 56.6359 51.1463 0
      vertex 56.6129 51.2619 -28
      vertex 56.6129 51.2619 0
    endloop
  endfacet
  facet normal 0.980776 0.195137 0
    outer loop
      vertex 56.6129 51.2619 -28
      vertex 56.6359 51.1463 0
      vertex 56.6359 51.1463 -28
    endloop
  endfacet
  facet normal 0.555484 0.831527 -0
    outer loop
      vertex -50.03 56.3679 -28
      vertex -50.1279 56.4333 0
      vertex -50.03 56.3679 0
    endloop
  endfacet
  facet normal 0.555484 0.831527 0
    outer loop
      vertex -50.1279 56.4333 0
      vertex -50.03 56.3679 -28
      vertex -50.1279 56.4333 -28
    endloop
  endfacet
  facet normal -0.734575 -0.678527 0
    outer loop
      vertex -56.215 49.851 -28
      vertex -56.2949 49.9375 0
      vertex -56.2949 49.9375 -28
    endloop
  endfacet
  facet normal -0.734575 -0.678527 0
    outer loop
      vertex -56.2949 49.9375 0
      vertex -56.215 49.851 -28
      vertex -56.215 49.851 0
    endloop
  endfacet
  facet normal -0.67895 0.734184 0
    outer loop
      vertex -51.8859 56.2949 -28
      vertex -51.9723 56.215 0
      vertex -51.8859 56.2949 0
    endloop
  endfacet
  facet normal -0.67895 0.734184 0
    outer loop
      vertex -51.9723 56.215 0
      vertex -51.8859 56.2949 -28
      vertex -51.9723 56.215 -28
    endloop
  endfacet
  facet normal 0.619507 0.784991 -0
    outer loop
      vertex -49.9375 56.2949 -28
      vertex -50.03 56.3679 0
      vertex -49.9375 56.2949 0
    endloop
  endfacet
  facet normal 0.619507 0.784991 0
    outer loop
      vertex -50.03 56.3679 0
      vertex -49.9375 56.2949 -28
      vertex -50.03 56.3679 -28
    endloop
  endfacet
  facet normal 0.418466 0.908232 -0
    outer loop
      vertex -50.2307 56.4908 -28
      vertex -50.3377 56.5401 0
      vertex -50.2307 56.4908 0
    endloop
  endfacet
  facet normal 0.418466 0.908232 0
    outer loop
      vertex -50.3377 56.5401 0
      vertex -50.2307 56.4908 -28
      vertex -50.3377 56.5401 -28
    endloop
  endfacet
  facet normal 0.678527 0.734575 -0
    outer loop
      vertex -49.851 56.215 -28
      vertex -49.9375 56.2949 0
      vertex -49.851 56.215 0
    endloop
  endfacet
  facet normal 0.678527 0.734575 0
    outer loop
      vertex -49.9375 56.2949 0
      vertex -49.851 56.215 -28
      vertex -49.9375 56.2949 -28
    endloop
  endfacet
  facet normal 0.993104 0.117236 0
    outer loop
      vertex -44.4666 50.3223 0
      vertex -44.4804 50.4392 -28
      vertex -44.4804 50.4392 0
    endloop
  endfacet
  facet normal 0.993104 0.117236 0
    outer loop
      vertex -44.4804 50.4392 -28
      vertex -44.4666 50.3223 0
      vertex -44.4666 50.3223 -28
    endloop
  endfacet
  facet normal 0.345627 -0.938372 0
    outer loop
      vertex -49.7411 44.5354 -28
      vertex -49.6306 44.5761 0
      vertex -49.7411 44.5354 0
    endloop
  endfacet
  facet normal 0.345627 -0.938372 0
    outer loop
      vertex -49.6306 44.5761 0
      vertex -49.7411 44.5354 -28
      vertex -49.6306 44.5761 -28
    endloop
  endfacet
  facet normal 0.908232 0.418466 0
    outer loop
      vertex -44.5761 50.7786 0
      vertex -44.6254 50.8856 -28
      vertex -44.6254 50.8856 0
    endloop
  endfacet
  facet normal 0.908232 0.418466 0
    outer loop
      vertex -44.6254 50.8856 -28
      vertex -44.5761 50.7786 0
      vertex -44.5761 50.7786 -28
    endloop
  endfacet
  facet normal -0.619507 0.784991 0
    outer loop
      vertex -51.7934 56.3679 -28
      vertex -51.8859 56.2949 0
      vertex -51.7934 56.3679 0
    endloop
  endfacet
  facet normal -0.619507 0.784991 0
    outer loop
      vertex -51.8859 56.2949 0
      vertex -51.7934 56.3679 -28
      vertex -51.8859 56.2949 -28
    endloop
  endfacet
  facet normal -0.618983 -0.785404 0
    outer loop
      vertex -51.1788 44.8213 -28
      vertex -51.0863 44.7484 0
      vertex -51.1788 44.8213 0
    endloop
  endfacet
  facet normal -0.618983 -0.785404 -0
    outer loop
      vertex -51.0863 44.7484 0
      vertex -51.1788 44.8213 -28
      vertex -51.0863 44.7484 -28
    endloop
  endfacet
  facet normal 0.707114 0.7071 -0
    outer loop
      vertex -44.9013 51.2652 -28
      vertex -49.851 56.215 0
      vertex -44.9013 51.2652 0
    endloop
  endfacet
  facet normal 0.707114 0.7071 0
    outer loop
      vertex -49.851 56.215 0
      vertex -44.9013 51.2652 -28
      vertex -49.851 56.215 -28
    endloop
  endfacet
  facet normal -0.7071 -0.707114 0
    outer loop
      vertex -51.2652 44.9013 -28
      vertex -56.215 49.851 0
      vertex -56.215 49.851 -28
    endloop
  endfacet
  facet normal -0.7071 -0.707114 0
    outer loop
      vertex -56.215 49.851 0
      vertex -51.2652 44.9013 -28
      vertex -51.2652 44.9013 0
    endloop
  endfacet
  facet normal 0.962416 0.271581 0
    outer loop
      vertex -44.5034 50.5547 0
      vertex -44.5354 50.6681 -28
      vertex -44.5354 50.6681 0
    endloop
  endfacet
  facet normal 0.962416 0.271581 0
    outer loop
      vertex -44.5354 50.6681 -28
      vertex -44.5034 50.5547 0
      vertex -44.5034 50.5547 -28
    endloop
  endfacet
  facet normal 0.678985 -0.734152 0
    outer loop
      vertex -49.2304 44.8213 -28
      vertex -49.1439 44.9013 0
      vertex -49.2304 44.8213 0
    endloop
  endfacet
  facet normal 0.678985 -0.734152 0
    outer loop
      vertex -49.1439 44.9013 0
      vertex -49.2304 44.8213 -28
      vertex -49.1439 44.9013 -28
    endloop
  endfacet
  facet normal 0.980744 -0.1953 0
    outer loop
      vertex -44.5034 49.8544 0
      vertex -44.4804 49.9699 -28
      vertex -44.4804 49.9699 0
    endloop
  endfacet
  facet normal 0.980744 -0.1953 0
    outer loop
      vertex -44.4804 49.9699 -28
      vertex -44.5034 49.8544 0
      vertex -44.5034 49.8544 -28
    endloop
  endfacet
  facet normal -0.345627 -0.938372 0
    outer loop
      vertex -50.7786 44.5761 -28
      vertex -50.6681 44.5354 0
      vertex -50.7786 44.5761 0
    endloop
  endfacet
  facet normal -0.345627 -0.938372 -0
    outer loop
      vertex -50.6681 44.5354 0
      vertex -50.7786 44.5761 -28
      vertex -50.6681 44.5354 -28
    endloop
  endfacet
  facet normal -0.488526 0.872549 0
    outer loop
      vertex -51.5927 56.4908 -28
      vertex -51.6954 56.4333 0
      vertex -51.5927 56.4908 0
    endloop
  endfacet
  facet normal -0.488526 0.872549 0
    outer loop
      vertex -51.6954 56.4333 0
      vertex -51.5927 56.4908 -28
      vertex -51.6954 56.4333 -28
    endloop
  endfacet
  facet normal 0.707107 -0.707107 0
    outer loop
      vertex -49.1439 44.9013 0
      vertex -44.9013 49.1439 -28
      vertex -44.9013 49.1439 0
    endloop
  endfacet
  facet normal 0.707107 -0.707107 0
    outer loop
      vertex -44.9013 49.1439 -28
      vertex -49.1439 44.9013 0
      vertex -49.1439 44.9013 -28
    endloop
  endfacet
  facet normal 0.938372 0.345627 0
    outer loop
      vertex -44.5354 50.6681 0
      vertex -44.5761 50.7786 -28
      vertex -44.5761 50.7786 0
    endloop
  endfacet
  facet normal 0.938372 0.345627 0
    outer loop
      vertex -44.5761 50.7786 -28
      vertex -44.5354 50.6681 0
      vertex -44.5354 50.6681 -28
    endloop
  endfacet
  facet normal 0.1953 -0.980744 0
    outer loop
      vertex -49.9699 44.4804 -28
      vertex -49.8544 44.5034 0
      vertex -49.9699 44.4804 0
    endloop
  endfacet
  facet normal 0.1953 -0.980744 0
    outer loop
      vertex -49.8544 44.5034 0
      vertex -49.9699 44.4804 -28
      vertex -49.8544 44.5034 -28
    endloop
  endfacet
  facet normal -0.679408 -0.733761 0
    outer loop
      vertex -51.2652 44.9013 -28
      vertex -51.1788 44.8213 0
      vertex -51.2652 44.9013 0
    endloop
  endfacet
  facet normal -0.679408 -0.733761 -0
    outer loop
      vertex -51.1788 44.8213 0
      vertex -51.2652 44.9013 -28
      vertex -51.1788 44.8213 -28
    endloop
  endfacet
  facet normal 0.271803 0.962353 -0
    outer loop
      vertex -50.4482 56.5809 -28
      vertex -50.5615 56.6129 0
      vertex -50.4482 56.5809 0
    endloop
  endfacet
  facet normal 0.271803 0.962353 0
    outer loop
      vertex -50.5615 56.6129 0
      vertex -50.4482 56.5809 -28
      vertex -50.5615 56.6129 -28
    endloop
  endfacet
  facet normal 0.962353 -0.271803 0
    outer loop
      vertex -44.5354 49.7411 0
      vertex -44.5034 49.8544 -28
      vertex -44.5034 49.8544 0
    endloop
  endfacet
  facet normal 0.962353 -0.271803 0
    outer loop
      vertex -44.5034 49.8544 -28
      vertex -44.5354 49.7411 0
      vertex -44.5354 49.7411 -28
    endloop
  endfacet
  facet normal -0.707107 0.707107 0
    outer loop
      vertex -56.215 51.9723 -28
      vertex -51.9723 56.215 0
      vertex -51.9723 56.215 -28
    endloop
  endfacet
  facet normal -0.707107 0.707107 0
    outer loop
      vertex -51.9723 56.215 0
      vertex -56.215 51.9723 -28
      vertex -56.215 51.9723 0
    endloop
  endfacet
  facet normal -0.872752 -0.488164 0
    outer loop
      vertex -56.4333 50.1279 -28
      vertex -56.4908 50.2307 0
      vertex -56.4908 50.2307 -28
    endloop
  endfacet
  facet normal -0.872752 -0.488164 0
    outer loop
      vertex -56.4908 50.2307 0
      vertex -56.4333 50.1279 -28
      vertex -56.4333 50.1279 0
    endloop
  endfacet
  facet normal 0.0390526 0.999237 -0
    outer loop
      vertex -50.794 56.6497 -28
      vertex -50.9117 56.6543 0
      vertex -50.794 56.6497 0
    endloop
  endfacet
  facet normal 0.0390526 0.999237 0
    outer loop
      vertex -50.9117 56.6543 0
      vertex -50.794 56.6497 -28
      vertex -50.9117 56.6543 -28
    endloop
  endfacet
  facet normal 0.733761 0.679408 0
    outer loop
      vertex -44.8213 51.1788 0
      vertex -44.9013 51.2652 -28
      vertex -44.9013 51.2652 0
    endloop
  endfacet
  facet normal 0.733761 0.679408 0
    outer loop
      vertex -44.9013 51.2652 -28
      vertex -44.8213 51.1788 0
      vertex -44.8213 51.1788 -28
    endloop
  endfacet
  facet normal -0.908232 -0.418466 0
    outer loop
      vertex -56.4908 50.2307 -28
      vertex -56.5401 50.3377 0
      vertex -56.5401 50.3377 -28
    endloop
  endfacet
  facet normal -0.908232 -0.418466 0
    outer loop
      vertex -56.5401 50.3377 0
      vertex -56.4908 50.2307 -28
      vertex -56.4908 50.2307 0
    endloop
  endfacet
  facet normal 0.938372 -0.345627 0
    outer loop
      vertex -44.5761 49.6306 0
      vertex -44.5354 49.7411 -28
      vertex -44.5354 49.7411 0
    endloop
  endfacet
  facet normal 0.938372 -0.345627 0
    outer loop
      vertex -44.5354 49.7411 -28
      vertex -44.5761 49.6306 0
      vertex -44.5761 49.6306 -28
    endloop
  endfacet
  facet normal 0.980744 0.1953 0
    outer loop
      vertex -44.4804 50.4392 0
      vertex -44.5034 50.5547 -28
      vertex -44.5034 50.5547 0
    endloop
  endfacet
  facet normal 0.980744 0.1953 0
    outer loop
      vertex -44.5034 50.5547 -28
      vertex -44.4804 50.4392 0
      vertex -44.4804 50.4392 -28
    endloop
  endfacet
  facet normal 0.418466 -0.908232 0
    outer loop
      vertex -49.6306 44.5761 -28
      vertex -49.5236 44.6254 0
      vertex -49.6306 44.5761 0
    endloop
  endfacet
  facet normal 0.418466 -0.908232 0
    outer loop
      vertex -49.5236 44.6254 0
      vertex -49.6306 44.5761 -28
      vertex -49.5236 44.6254 -28
    endloop
  endfacet
  facet normal -0.271803 0.962353 0
    outer loop
      vertex -51.2619 56.6129 -28
      vertex -51.3752 56.5809 0
      vertex -51.2619 56.6129 0
    endloop
  endfacet
  facet normal -0.271803 0.962353 0
    outer loop
      vertex -51.3752 56.5809 0
      vertex -51.2619 56.6129 -28
      vertex -51.3752 56.5809 -28
    endloop
  endfacet
  facet normal 0.999204 -0.0399002 0
    outer loop
      vertex -44.4666 50.0869 0
      vertex -44.4619 50.2046 -28
      vertex -44.4619 50.2046 0
    endloop
  endfacet
  facet normal 0.999204 -0.0399002 0
    outer loop
      vertex -44.4619 50.2046 -28
      vertex -44.4666 50.0869 0
      vertex -44.4666 50.0869 -28
    endloop
  endfacet
  facet normal -0.784991 0.619507 0
    outer loop
      vertex -56.3679 51.7934 -28
      vertex -56.2949 51.8859 0
      vertex -56.2949 51.8859 -28
    endloop
  endfacet
  facet normal -0.784991 0.619507 0
    outer loop
      vertex -56.2949 51.8859 0
      vertex -56.3679 51.7934 -28
      vertex -56.3679 51.7934 0
    endloop
  endfacet
  facet normal -0.962353 0.271803 0
    outer loop
      vertex -56.6129 51.2619 -28
      vertex -56.5809 51.3752 0
      vertex -56.5809 51.3752 -28
    endloop
  endfacet
  facet normal -0.962353 0.271803 0
    outer loop
      vertex -56.5809 51.3752 0
      vertex -56.6129 51.2619 -28
      vertex -56.6129 51.2619 0
    endloop
  endfacet
  facet normal 0.117137 -0.993116 0
    outer loop
      vertex -50.0869 44.4666 -28
      vertex -49.9699 44.4804 0
      vertex -50.0869 44.4666 0
    endloop
  endfacet
  facet normal 0.117137 -0.993116 0
    outer loop
      vertex -49.9699 44.4804 0
      vertex -50.0869 44.4666 -28
      vertex -49.9699 44.4804 -28
    endloop
  endfacet
  facet normal 0.785404 0.618983 0
    outer loop
      vertex -44.7484 51.0863 0
      vertex -44.8213 51.1788 -28
      vertex -44.8213 51.1788 0
    endloop
  endfacet
  facet normal 0.785404 0.618983 0
    outer loop
      vertex -44.8213 51.1788 -28
      vertex -44.7484 51.0863 0
      vertex -44.7484 51.0863 -28
    endloop
  endfacet
  facet normal 0.0399002 -0.999204 0
    outer loop
      vertex -50.2046 44.4619 -28
      vertex -50.0869 44.4666 0
      vertex -50.2046 44.4619 0
    endloop
  endfacet
  facet normal 0.0399002 -0.999204 0
    outer loop
      vertex -50.0869 44.4666 0
      vertex -50.2046 44.4619 -28
      vertex -50.0869 44.4666 -28
    endloop
  endfacet
  facet normal -0.872549 0.488526 0
    outer loop
      vertex -56.4908 51.5927 -28
      vertex -56.4333 51.6954 0
      vertex -56.4333 51.6954 -28
    endloop
  endfacet
  facet normal -0.872549 0.488526 0
    outer loop
      vertex -56.4333 51.6954 0
      vertex -56.4908 51.5927 -28
      vertex -56.4908 51.5927 0
    endloop
  endfacet
  facet normal -0.831527 -0.555484 0
    outer loop
      vertex -56.3679 50.03 -28
      vertex -56.4333 50.1279 0
      vertex -56.4333 50.1279 -28
    endloop
  endfacet
  facet normal -0.831527 -0.555484 0
    outer loop
      vertex -56.4333 50.1279 0
      vertex -56.3679 50.03 -28
      vertex -56.3679 50.03 0
    endloop
  endfacet
  facet normal -0.908232 0.418466 0
    outer loop
      vertex -56.5401 51.4857 -28
      vertex -56.4908 51.5927 0
      vertex -56.4908 51.5927 -28
    endloop
  endfacet
  facet normal -0.908232 0.418466 0
    outer loop
      vertex -56.4908 51.5927 0
      vertex -56.5401 51.4857 -28
      vertex -56.5401 51.4857 0
    endloop
  endfacet
  facet normal 0.555484 -0.831527 0
    outer loop
      vertex -49.4208 44.683 -28
      vertex -49.3229 44.7484 0
      vertex -49.4208 44.683 0
    endloop
  endfacet
  facet normal 0.555484 -0.831527 0
    outer loop
      vertex -49.3229 44.7484 0
      vertex -49.4208 44.683 -28
      vertex -49.3229 44.7484 -28
    endloop
  endfacet
  facet normal -0.489172 -0.872187 0
    outer loop
      vertex -50.9883 44.683 -28
      vertex -50.8856 44.6254 0
      vertex -50.9883 44.683 0
    endloop
  endfacet
  facet normal -0.489172 -0.872187 -0
    outer loop
      vertex -50.8856 44.6254 0
      vertex -50.9883 44.683 -28
      vertex -50.8856 44.6254 -28
    endloop
  endfacet
  facet normal -0.418466 -0.908232 0
    outer loop
      vertex -50.8856 44.6254 -28
      vertex -50.7786 44.5761 0
      vertex -50.8856 44.6254 0
    endloop
  endfacet
  facet normal -0.418466 -0.908232 -0
    outer loop
      vertex -50.7786 44.5761 0
      vertex -50.8856 44.6254 -28
      vertex -50.7786 44.5761 -28
    endloop
  endfacet
  facet normal -0.938096 0.346374 0
    outer loop
      vertex -56.5809 51.3752 -28
      vertex -56.5401 51.4857 0
      vertex -56.5401 51.4857 -28
    endloop
  endfacet
  facet normal -0.938096 0.346374 0
    outer loop
      vertex -56.5401 51.4857 0
      vertex -56.5809 51.3752 -28
      vertex -56.5809 51.3752 0
    endloop
  endfacet
  facet normal -0.980744 -0.1953 0
    outer loop
      vertex -56.6129 50.5615 -28
      vertex -56.6359 50.677 0
      vertex -56.6359 50.677 -28
    endloop
  endfacet
  facet normal -0.980744 -0.1953 0
    outer loop
      vertex -56.6359 50.677 0
      vertex -56.6129 50.5615 -28
      vertex -56.6129 50.5615 0
    endloop
  endfacet
  facet normal 0.785404 -0.618983 0
    outer loop
      vertex -44.8213 49.2304 0
      vertex -44.7484 49.3229 -28
      vertex -44.7484 49.3229 0
    endloop
  endfacet
  facet normal 0.785404 -0.618983 0
    outer loop
      vertex -44.7484 49.3229 -28
      vertex -44.8213 49.2304 0
      vertex -44.8213 49.2304 -28
    endloop
  endfacet
  facet normal 0.999204 0.0399002 0
    outer loop
      vertex -44.4619 50.2046 0
      vertex -44.4666 50.3223 -28
      vertex -44.4666 50.3223 0
    endloop
  endfacet
  facet normal 0.999204 0.0399002 0
    outer loop
      vertex -44.4666 50.3223 -28
      vertex -44.4619 50.2046 0
      vertex -44.4619 50.2046 -28
    endloop
  endfacet
  facet normal 0.734152 -0.678985 0
    outer loop
      vertex -44.9013 49.1439 0
      vertex -44.8213 49.2304 -28
      vertex -44.8213 49.2304 0
    endloop
  endfacet
  facet normal 0.734152 -0.678985 0
    outer loop
      vertex -44.8213 49.2304 -28
      vertex -44.9013 49.1439 0
      vertex -44.9013 49.1439 -28
    endloop
  endfacet
  facet normal -0.117236 0.993104 0
    outer loop
      vertex -51.0294 56.6497 -28
      vertex -51.1463 56.6359 0
      vertex -51.0294 56.6497 0
    endloop
  endfacet
  facet normal -0.117236 0.993104 0
    outer loop
      vertex -51.1463 56.6359 0
      vertex -51.0294 56.6497 -28
      vertex -51.1463 56.6359 -28
    endloop
  endfacet
  facet normal -0.993104 0.117236 0
    outer loop
      vertex -56.6497 51.0294 -28
      vertex -56.6359 51.1463 0
      vertex -56.6359 51.1463 -28
    endloop
  endfacet
  facet normal -0.993104 0.117236 0
    outer loop
      vertex -56.6359 51.1463 0
      vertex -56.6497 51.0294 -28
      vertex -56.6497 51.0294 0
    endloop
  endfacet
  facet normal 0.488164 0.872752 -0
    outer loop
      vertex -50.1279 56.4333 -28
      vertex -50.2307 56.4908 0
      vertex -50.1279 56.4333 0
    endloop
  endfacet
  facet normal 0.488164 0.872752 0
    outer loop
      vertex -50.2307 56.4908 0
      vertex -50.1279 56.4333 -28
      vertex -50.2307 56.4908 -28
    endloop
  endfacet
  facet normal -0.734184 0.67895 0
    outer loop
      vertex -56.2949 51.8859 -28
      vertex -56.215 51.9723 0
      vertex -56.215 51.9723 -28
    endloop
  endfacet
  facet normal -0.734184 0.67895 0
    outer loop
      vertex -56.215 51.9723 0
      vertex -56.2949 51.8859 -28
      vertex -56.2949 51.8859 0
    endloop
  endfacet
  facet normal 0.117137 0.993116 -0
    outer loop
      vertex -50.677 56.6359 -28
      vertex -50.794 56.6497 0
      vertex -50.677 56.6359 0
    endloop
  endfacet
  facet normal 0.117137 0.993116 0
    outer loop
      vertex -50.794 56.6497 0
      vertex -50.677 56.6359 -28
      vertex -50.794 56.6497 -28
    endloop
  endfacet
  facet normal -0.346374 0.938096 0
    outer loop
      vertex -51.3752 56.5809 -28
      vertex -51.4857 56.5401 0
      vertex -51.3752 56.5809 0
    endloop
  endfacet
  facet normal -0.346374 0.938096 0
    outer loop
      vertex -51.4857 56.5401 0
      vertex -51.3752 56.5809 -28
      vertex -51.4857 56.5401 -28
    endloop
  endfacet
  facet normal -0.555092 -0.831789 0
    outer loop
      vertex -51.0863 44.7484 -28
      vertex -50.9883 44.683 0
      vertex -51.0863 44.7484 0
    endloop
  endfacet
  facet normal -0.555092 -0.831789 -0
    outer loop
      vertex -50.9883 44.683 0
      vertex -51.0863 44.7484 -28
      vertex -50.9883 44.683 -28
    endloop
  endfacet
  facet normal -0.993116 -0.117137 0
    outer loop
      vertex -56.6359 50.677 -28
      vertex -56.6497 50.794 0
      vertex -56.6497 50.794 -28
    endloop
  endfacet
  facet normal -0.993116 -0.117137 0
    outer loop
      vertex -56.6497 50.794 0
      vertex -56.6359 50.677 -28
      vertex -56.6359 50.677 0
    endloop
  endfacet
  facet normal -0.784991 -0.619507 0
    outer loop
      vertex -56.2949 49.9375 -28
      vertex -56.3679 50.03 0
      vertex -56.3679 50.03 -28
    endloop
  endfacet
  facet normal -0.784991 -0.619507 0
    outer loop
      vertex -56.3679 50.03 0
      vertex -56.2949 49.9375 -28
      vertex -56.2949 49.9375 0
    endloop
  endfacet
  facet normal 0.618983 -0.785404 0
    outer loop
      vertex -49.3229 44.7484 -28
      vertex -49.2304 44.8213 0
      vertex -49.3229 44.7484 0
    endloop
  endfacet
  facet normal 0.618983 -0.785404 0
    outer loop
      vertex -49.2304 44.8213 0
      vertex -49.3229 44.7484 -28
      vertex -49.2304 44.8213 -28
    endloop
  endfacet
  facet normal -0.938096 -0.346374 0
    outer loop
      vertex -56.5401 50.3377 -28
      vertex -56.5809 50.4482 0
      vertex -56.5809 50.4482 -28
    endloop
  endfacet
  facet normal -0.938096 -0.346374 0
    outer loop
      vertex -56.5809 50.4482 0
      vertex -56.5401 50.3377 -28
      vertex -56.5401 50.3377 0
    endloop
  endfacet
  facet normal -0.962353 -0.271803 0
    outer loop
      vertex -56.5809 50.4482 -28
      vertex -56.6129 50.5615 0
      vertex -56.6129 50.5615 -28
    endloop
  endfacet
  facet normal -0.962353 -0.271803 0
    outer loop
      vertex -56.6129 50.5615 0
      vertex -56.5809 50.4482 -28
      vertex -56.5809 50.4482 0
    endloop
  endfacet
  facet normal -0.418466 0.908232 0
    outer loop
      vertex -51.4857 56.5401 -28
      vertex -51.5927 56.4908 0
      vertex -51.4857 56.5401 0
    endloop
  endfacet
  facet normal -0.418466 0.908232 0
    outer loop
      vertex -51.5927 56.4908 0
      vertex -51.4857 56.5401 -28
      vertex -51.5927 56.4908 -28
    endloop
  endfacet
  facet normal -0.1953 -0.980744 0
    outer loop
      vertex -50.5547 44.5034 -28
      vertex -50.4392 44.4804 0
      vertex -50.5547 44.5034 0
    endloop
  endfacet
  facet normal -0.1953 -0.980744 -0
    outer loop
      vertex -50.4392 44.4804 0
      vertex -50.5547 44.5034 -28
      vertex -50.4392 44.4804 -28
    endloop
  endfacet
  facet normal -0.555092 0.831789 0
    outer loop
      vertex -51.6954 56.4333 -28
      vertex -51.7934 56.3679 0
      vertex -51.6954 56.4333 0
    endloop
  endfacet
  facet normal -0.555092 0.831789 0
    outer loop
      vertex -51.7934 56.3679 0
      vertex -51.6954 56.4333 -28
      vertex -51.7934 56.3679 -28
    endloop
  endfacet
  facet normal 0.993116 -0.117137 0
    outer loop
      vertex -44.4804 49.9699 0
      vertex -44.4666 50.0869 -28
      vertex -44.4666 50.0869 0
    endloop
  endfacet
  facet normal 0.993116 -0.117137 0
    outer loop
      vertex -44.4666 50.0869 -28
      vertex -44.4804 49.9699 0
      vertex -44.4804 49.9699 -28
    endloop
  endfacet
  facet normal 0.831527 -0.555484 0
    outer loop
      vertex -44.7484 49.3229 0
      vertex -44.683 49.4208 -28
      vertex -44.683 49.4208 0
    endloop
  endfacet
  facet normal 0.831527 -0.555484 0
    outer loop
      vertex -44.683 49.4208 -28
      vertex -44.7484 49.3229 0
      vertex -44.7484 49.3229 -28
    endloop
  endfacet
  facet normal -0.271581 -0.962416 0
    outer loop
      vertex -50.6681 44.5354 -28
      vertex -50.5547 44.5034 0
      vertex -50.6681 44.5354 0
    endloop
  endfacet
  facet normal -0.271581 -0.962416 -0
    outer loop
      vertex -50.5547 44.5034 0
      vertex -50.6681 44.5354 -28
      vertex -50.5547 44.5034 -28
    endloop
  endfacet
  facet normal -0.831789 0.555092 0
    outer loop
      vertex -56.4333 51.6954 -28
      vertex -56.3679 51.7934 0
      vertex -56.3679 51.7934 -28
    endloop
  endfacet
  facet normal -0.831789 0.555092 0
    outer loop
      vertex -56.3679 51.7934 0
      vertex -56.4333 51.6954 -28
      vertex -56.4333 51.6954 0
    endloop
  endfacet
  facet normal 0.872187 0.489172 0
    outer loop
      vertex -44.6254 50.8856 0
      vertex -44.683 50.9883 -28
      vertex -44.683 50.9883 0
    endloop
  endfacet
  facet normal 0.872187 0.489172 0
    outer loop
      vertex -44.683 50.9883 -28
      vertex -44.6254 50.8856 0
      vertex -44.6254 50.8856 -28
    endloop
  endfacet
  facet normal -0.117236 -0.993104 0
    outer loop
      vertex -50.4392 44.4804 -28
      vertex -50.3223 44.4666 0
      vertex -50.4392 44.4804 0
    endloop
  endfacet
  facet normal -0.117236 -0.993104 -0
    outer loop
      vertex -50.3223 44.4666 0
      vertex -50.4392 44.4804 -28
      vertex -50.3223 44.4666 -28
    endloop
  endfacet
  facet normal 0.271803 -0.962353 0
    outer loop
      vertex -49.8544 44.5034 -28
      vertex -49.7411 44.5354 0
      vertex -49.8544 44.5034 0
    endloop
  endfacet
  facet normal 0.271803 -0.962353 0
    outer loop
      vertex -49.7411 44.5354 0
      vertex -49.8544 44.5034 -28
      vertex -49.7411 44.5354 -28
    endloop
  endfacet
  facet normal -0.0390526 0.999237 0
    outer loop
      vertex -50.9117 56.6543 -28
      vertex -51.0294 56.6497 0
      vertex -50.9117 56.6543 0
    endloop
  endfacet
  facet normal -0.0390526 0.999237 0
    outer loop
      vertex -51.0294 56.6497 0
      vertex -50.9117 56.6543 -28
      vertex -51.0294 56.6497 -28
    endloop
  endfacet
  facet normal 0.48881 -0.87239 0
    outer loop
      vertex -49.5236 44.6254 -28
      vertex -49.4208 44.683 0
      vertex -49.5236 44.6254 0
    endloop
  endfacet
  facet normal 0.48881 -0.87239 0
    outer loop
      vertex -49.4208 44.683 0
      vertex -49.5236 44.6254 -28
      vertex -49.4208 44.683 -28
    endloop
  endfacet
  facet normal -0.980776 0.195137 0
    outer loop
      vertex -56.6359 51.1463 -28
      vertex -56.6129 51.2619 0
      vertex -56.6129 51.2619 -28
    endloop
  endfacet
  facet normal -0.980776 0.195137 0
    outer loop
      vertex -56.6129 51.2619 0
      vertex -56.6359 51.1463 -28
      vertex -56.6359 51.1463 0
    endloop
  endfacet
  facet normal -0.0399002 -0.999204 0
    outer loop
      vertex -50.3223 44.4666 -28
      vertex -50.2046 44.4619 0
      vertex -50.3223 44.4666 0
    endloop
  endfacet
  facet normal -0.0399002 -0.999204 -0
    outer loop
      vertex -50.2046 44.4619 0
      vertex -50.3223 44.4666 -28
      vertex -50.2046 44.4619 -28
    endloop
  endfacet
  facet normal 0.346374 0.938096 -0
    outer loop
      vertex -50.3377 56.5401 -28
      vertex -50.4482 56.5809 0
      vertex -50.3377 56.5401 0
    endloop
  endfacet
  facet normal 0.346374 0.938096 0
    outer loop
      vertex -50.4482 56.5809 0
      vertex -50.3377 56.5401 -28
      vertex -50.4482 56.5809 -28
    endloop
  endfacet
  facet normal 0.87239 -0.48881 0
    outer loop
      vertex -44.683 49.4208 0
      vertex -44.6254 49.5236 -28
      vertex -44.6254 49.5236 0
    endloop
  endfacet
  facet normal 0.87239 -0.48881 0
    outer loop
      vertex -44.6254 49.5236 -28
      vertex -44.683 49.4208 0
      vertex -44.683 49.4208 -28
    endloop
  endfacet
  facet normal 0.908232 -0.418466 0
    outer loop
      vertex -44.6254 49.5236 0
      vertex -44.5761 49.6306 -28
      vertex -44.5761 49.6306 0
    endloop
  endfacet
  facet normal 0.908232 -0.418466 0
    outer loop
      vertex -44.5761 49.6306 -28
      vertex -44.6254 49.5236 0
      vertex -44.6254 49.5236 -28
    endloop
  endfacet
  facet normal 0.831789 0.555092 0
    outer loop
      vertex -44.683 50.9883 0
      vertex -44.7484 51.0863 -28
      vertex -44.7484 51.0863 0
    endloop
  endfacet
  facet normal 0.831789 0.555092 0
    outer loop
      vertex -44.7484 51.0863 -28
      vertex -44.683 50.9883 0
      vertex -44.683 50.9883 -28
    endloop
  endfacet
  facet normal -0.195137 0.980776 0
    outer loop
      vertex -51.1463 56.6359 -28
      vertex -51.2619 56.6129 0
      vertex -51.1463 56.6359 0
    endloop
  endfacet
  facet normal -0.195137 0.980776 0
    outer loop
      vertex -51.2619 56.6129 0
      vertex -51.1463 56.6359 -28
      vertex -51.2619 56.6129 -28
    endloop
  endfacet
  facet normal 0.1953 0.980744 -0
    outer loop
      vertex -50.5615 56.6129 -28
      vertex -50.677 56.6359 0
      vertex -50.5615 56.6129 0
    endloop
  endfacet
  facet normal 0.1953 0.980744 0
    outer loop
      vertex -50.677 56.6359 0
      vertex -50.5615 56.6129 -28
      vertex -50.677 56.6359 -28
    endloop
  endfacet
  facet normal -0.999237 0.0390526 0
    outer loop
      vertex -56.6543 50.9117 -28
      vertex -56.6497 51.0294 0
      vertex -56.6497 51.0294 -28
    endloop
  endfacet
  facet normal -0.999237 0.0390526 0
    outer loop
      vertex -56.6497 51.0294 0
      vertex -56.6543 50.9117 -28
      vertex -56.6543 50.9117 0
    endloop
  endfacet
  facet normal -0.999237 -0.0390526 0
    outer loop
      vertex -56.6497 50.794 -28
      vertex -56.6543 50.9117 0
      vertex -56.6543 50.9117 -28
    endloop
  endfacet
  facet normal -0.999237 -0.0390526 0
    outer loop
      vertex -56.6543 50.9117 0
      vertex -56.6497 50.794 -28
      vertex -56.6497 50.794 0
    endloop
  endfacet
  facet normal 0 0 -1
    outer loop
      vertex -44.4666 50.0869 -28
      vertex -44.4666 50.3223 -28
      vertex -44.4619 50.2046 -28
    endloop
  endfacet
  facet normal 0 0 -1
    outer loop
      vertex -44.4804 49.9699 -28
      vertex -44.4666 50.3223 -28
      vertex -44.4666 50.0869 -28
    endloop
  endfacet
  facet normal 0 0 -1
    outer loop
      vertex -44.4804 49.9699 -28
      vertex -44.4804 50.4392 -28
      vertex -44.4666 50.3223 -28
    endloop
  endfacet
  facet normal 0 0 -1
    outer loop
      vertex -44.5034 49.8544 -28
      vertex -44.4804 50.4392 -28
      vertex -44.4804 49.9699 -28
    endloop
  endfacet
  facet normal 0 0 -1
    outer loop
      vertex -44.5034 49.8544 -28
      vertex -44.5034 50.5547 -28
      vertex -44.4804 50.4392 -28
    endloop
  endfacet
  facet normal 0 0 -1
    outer loop
      vertex -44.5354 49.7411 -28
      vertex -44.5034 50.5547 -28
      vertex -44.5034 49.8544 -28
    endloop
  endfacet
  facet normal 0 0 -1
    outer loop
      vertex -44.5354 49.7411 -28
      vertex -44.5354 50.6681 -28
      vertex -44.5034 50.5547 -28
    endloop
  endfacet
  facet normal 0 0 -1
    outer loop
      vertex -44.5761 49.6306 -28
      vertex -44.5354 50.6681 -28
      vertex -44.5354 49.7411 -28
    endloop
  endfacet
  facet normal 0 0 -1
    outer loop
      vertex -44.5761 49.6306 -28
      vertex -44.5761 50.7786 -28
      vertex -44.5354 50.6681 -28
    endloop
  endfacet
  facet normal 0 0 -1
    outer loop
      vertex -44.6254 49.5236 -28
      vertex -44.5761 50.7786 -28
      vertex -44.5761 49.6306 -28
    endloop
  endfacet
  facet normal 0 0 -1
    outer loop
      vertex -44.6254 49.5236 -28
      vertex -44.6254 50.8856 -28
      vertex -44.5761 50.7786 -28
    endloop
  endfacet
  facet normal 0 0 -1
    outer loop
      vertex -44.683 49.4208 -28
      vertex -44.6254 50.8856 -28
      vertex -44.6254 49.5236 -28
    endloop
  endfacet
  facet normal 0 0 -1
    outer loop
      vertex -44.683 49.4208 -28
      vertex -44.683 50.9883 -28
      vertex -44.6254 50.8856 -28
    endloop
  endfacet
  facet normal 0 0 -1
    outer loop
      vertex -44.7484 49.3229 -28
      vertex -44.683 50.9883 -28
      vertex -44.683 49.4208 -28
    endloop
  endfacet
  facet normal 0 0 -1
    outer loop
      vertex -44.7484 49.3229 -28
      vertex -44.7484 51.0863 -28
      vertex -44.683 50.9883 -28
    endloop
  endfacet
  facet normal 0 0 -1
    outer loop
      vertex -44.8213 49.2304 -28
      vertex -44.7484 51.0863 -28
      vertex -44.7484 49.3229 -28
    endloop
  endfacet
  facet normal 0 0 -1
    outer loop
      vertex -44.8213 49.2304 -28
      vertex -44.8213 51.1788 -28
      vertex -44.7484 51.0863 -28
    endloop
  endfacet
  facet normal 0 0 -1
    outer loop
      vertex -44.9013 49.1439 -28
      vertex -44.8213 51.1788 -28
      vertex -44.8213 49.2304 -28
    endloop
  endfacet
  facet normal 0 0 -1
    outer loop
      vertex -44.9013 49.1439 -28
      vertex -44.9013 51.2652 -28
      vertex -44.8213 51.1788 -28
    endloop
  endfacet
  facet normal 0 0 -1
    outer loop
      vertex -49.1439 44.9013 -28
      vertex -44.9013 51.2652 -28
      vertex -44.9013 49.1439 -28
    endloop
  endfacet
  facet normal 0 0 -1
    outer loop
      vertex -51.2652 44.9013 -28
      vertex -49.1439 44.9013 -28
      vertex -49.2304 44.8213 -28
    endloop
  endfacet
  facet normal 0 0 -1
    outer loop
      vertex -51.2652 44.9013 -28
      vertex -49.2304 44.8213 -28
      vertex -49.3229 44.7484 -28
    endloop
  endfacet
  facet normal 0 0 -1
    outer loop
      vertex -51.2652 44.9013 -28
      vertex -49.3229 44.7484 -28
      vertex -49.4208 44.683 -28
    endloop
  endfacet
  facet normal 0 0 -1
    outer loop
      vertex -51.2652 44.9013 -28
      vertex -49.4208 44.683 -28
      vertex -49.5236 44.6254 -28
    endloop
  endfacet
  facet normal 0 0 -1
    outer loop
      vertex -51.2652 44.9013 -28
      vertex -49.5236 44.6254 -28
      vertex -49.6306 44.5761 -28
    endloop
  endfacet
  facet normal 0 0 -1
    outer loop
      vertex -51.2652 44.9013 -28
      vertex -49.6306 44.5761 -28
      vertex -49.7411 44.5354 -28
    endloop
  endfacet
  facet normal 0 0 -1
    outer loop
      vertex -49.1439 44.9013 -28
      vertex -51.2652 44.9013 -28
      vertex -44.9013 51.2652 -28
    endloop
  endfacet
  facet normal 0 0 -1
    outer loop
      vertex -51.2652 44.9013 -28
      vertex -49.7411 44.5354 -28
      vertex -49.8544 44.5034 -28
    endloop
  endfacet
  facet normal -0 0 -1
    outer loop
      vertex -44.9013 51.2652 -28
      vertex -51.2652 44.9013 -28
      vertex -49.851 56.215 -28
    endloop
  endfacet
  facet normal 0 0 -1
    outer loop
      vertex -51.2652 44.9013 -28
      vertex -49.8544 44.5034 -28
      vertex -49.9699 44.4804 -28
    endloop
  endfacet
  facet normal 0 0 -1
    outer loop
      vertex -56.215 49.851 -28
      vertex -49.851 56.215 -28
      vertex -51.2652 44.9013 -28
    endloop
  endfacet
  facet normal 0 0 -1
    outer loop
      vertex -51.2652 44.9013 -28
      vertex -49.9699 44.4804 -28
      vertex -50.0869 44.4666 -28
    endloop
  endfacet
  facet normal 0 -0 -1
    outer loop
      vertex -51.9723 56.215 -28
      vertex -49.851 56.215 -28
      vertex -56.215 49.851 -28
    endloop
  endfacet
  facet normal 0 0 -1
    outer loop
      vertex -51.2652 44.9013 -28
      vertex -50.0869 44.4666 -28
      vertex -50.2046 44.4619 -28
    endloop
  endfacet
  facet normal 0 0 -1
    outer loop
      vertex -49.851 56.215 -28
      vertex -51.9723 56.215 -28
      vertex -49.9375 56.2949 -28
    endloop
  endfacet
  facet normal 0 0 -1
    outer loop
      vertex -51.2652 44.9013 -28
      vertex -50.2046 44.4619 -28
      vertex -50.3223 44.4666 -28
    endloop
  endfacet
  facet normal -0 0 -1
    outer loop
      vertex -50.03 56.3679 -28
      vertex -51.9723 56.215 -28
      vertex -50.1279 56.4333 -28
    endloop
  endfacet
  facet normal 0 0 -1
    outer loop
      vertex -51.2652 44.9013 -28
      vertex -50.3223 44.4666 -28
      vertex -50.4392 44.4804 -28
    endloop
  endfacet
  facet normal -0 0 -1
    outer loop
      vertex -50.1279 56.4333 -28
      vertex -51.9723 56.215 -28
      vertex -50.2307 56.4908 -28
    endloop
  endfacet
  facet normal 0 0 -1
    outer loop
      vertex -51.2652 44.9013 -28
      vertex -50.4392 44.4804 -28
      vertex -50.5547 44.5034 -28
    endloop
  endfacet
  facet normal -0 0 -1
    outer loop
      vertex -50.2307 56.4908 -28
      vertex -51.9723 56.215 -28
      vertex -50.3377 56.5401 -28
    endloop
  endfacet
  facet normal 0 0 -1
    outer loop
      vertex -51.2652 44.9013 -28
      vertex -50.5547 44.5034 -28
      vertex -50.6681 44.5354 -28
    endloop
  endfacet
  facet normal -0 0 -1
    outer loop
      vertex -50.3377 56.5401 -28
      vertex -51.9723 56.215 -28
      vertex -50.4482 56.5809 -28
    endloop
  endfacet
  facet normal 0 0 -1
    outer loop
      vertex -51.2652 44.9013 -28
      vertex -50.6681 44.5354 -28
      vertex -50.7786 44.5761 -28
    endloop
  endfacet
  facet normal -0 0 -1
    outer loop
      vertex -50.4482 56.5809 -28
      vertex -51.9723 56.215 -28
      vertex -50.5615 56.6129 -28
    endloop
  endfacet
  facet normal 0 0 -1
    outer loop
      vertex -51.2652 44.9013 -28
      vertex -50.7786 44.5761 -28
      vertex -50.8856 44.6254 -28
    endloop
  endfacet
  facet normal -0 0 -1
    outer loop
      vertex -50.5615 56.6129 -28
      vertex -51.9723 56.215 -28
      vertex -50.677 56.6359 -28
    endloop
  endfacet
  facet normal 0 0 -1
    outer loop
      vertex -51.2652 44.9013 -28
      vertex -50.8856 44.6254 -28
      vertex -50.9883 44.683 -28
    endloop
  endfacet
  facet normal -0 0 -1
    outer loop
      vertex -50.677 56.6359 -28
      vertex -51.9723 56.215 -28
      vertex -50.794 56.6497 -28
    endloop
  endfacet
  facet normal 0 0 -1
    outer loop
      vertex -51.2652 44.9013 -28
      vertex -50.9883 44.683 -28
      vertex -51.0863 44.7484 -28
    endloop
  endfacet
  facet normal -0 0 -1
    outer loop
      vertex -50.794 56.6497 -28
      vertex -51.9723 56.215 -28
      vertex -50.9117 56.6543 -28
    endloop
  endfacet
  facet normal 0 0 -1
    outer loop
      vertex -51.2652 44.9013 -28
      vertex -51.0863 44.7484 -28
      vertex -51.1788 44.8213 -28
    endloop
  endfacet
  facet normal 0 0 -1
    outer loop
      vertex -50.9117 56.6543 -28
      vertex -51.9723 56.215 -28
      vertex -51.0294 56.6497 -28
    endloop
  endfacet
  facet normal 0 0 -1
    outer loop
      vertex -51.0294 56.6497 -28
      vertex -51.9723 56.215 -28
      vertex -51.1463 56.6359 -28
    endloop
  endfacet
  facet normal 0 0 -1
    outer loop
      vertex -51.1463 56.6359 -28
      vertex -51.9723 56.215 -28
      vertex -51.2619 56.6129 -28
    endloop
  endfacet
  facet normal 0 0 -1
    outer loop
      vertex -51.2619 56.6129 -28
      vertex -51.9723 56.215 -28
      vertex -51.3752 56.5809 -28
    endloop
  endfacet
  facet normal 0 0 -1
    outer loop
      vertex -51.3752 56.5809 -28
      vertex -51.9723 56.215 -28
      vertex -51.4857 56.5401 -28
    endloop
  endfacet
  facet normal 0 0 -1
    outer loop
      vertex -51.4857 56.5401 -28
      vertex -51.9723 56.215 -28
      vertex -51.5927 56.4908 -28
    endloop
  endfacet
  facet normal 0 0 -1
    outer loop
      vertex -51.5927 56.4908 -28
      vertex -51.9723 56.215 -28
      vertex -51.6954 56.4333 -28
    endloop
  endfacet
  facet normal 0 0 -1
    outer loop
      vertex -51.6954 56.4333 -28
      vertex -51.9723 56.215 -28
      vertex -51.7934 56.3679 -28
    endloop
  endfacet
  facet normal 0 0 -1
    outer loop
      vertex -51.7934 56.3679 -28
      vertex -51.9723 56.215 -28
      vertex -51.8859 56.2949 -28
    endloop
  endfacet
  facet normal -0 0 -1
    outer loop
      vertex -49.9375 56.2949 -28
      vertex -51.9723 56.215 -28
      vertex -50.03 56.3679 -28
    endloop
  endfacet
  facet normal 0 0 -1
    outer loop
      vertex -56.215 49.851 -28
      vertex -56.215 51.9723 -28
      vertex -51.9723 56.215 -28
    endloop
  endfacet
  facet normal 0 0 -1
    outer loop
      vertex -56.2949 49.9375 -28
      vertex -56.215 51.9723 -28
      vertex -56.215 49.851 -28
    endloop
  endfacet
  facet normal 0 0 -1
    outer loop
      vertex -56.2949 49.9375 -28
      vertex -56.2949 51.8859 -28
      vertex -56.215 51.9723 -28
    endloop
  endfacet
  facet normal 0 0 -1
    outer loop
      vertex -56.3679 50.03 -28
      vertex -56.2949 51.8859 -28
      vertex -56.2949 49.9375 -28
    endloop
  endfacet
  facet normal 0 0 -1
    outer loop
      vertex -56.3679 50.03 -28
      vertex -56.3679 51.7934 -28
      vertex -56.2949 51.8859 -28
    endloop
  endfacet
  facet normal 0 0 -1
    outer loop
      vertex -56.4333 50.1279 -28
      vertex -56.3679 51.7934 -28
      vertex -56.3679 50.03 -28
    endloop
  endfacet
  facet normal 0 0 -1
    outer loop
      vertex -56.4333 50.1279 -28
      vertex -56.4333 51.6954 -28
      vertex -56.3679 51.7934 -28
    endloop
  endfacet
  facet normal 0 0 -1
    outer loop
      vertex -56.4908 50.2307 -28
      vertex -56.4333 51.6954 -28
      vertex -56.4333 50.1279 -28
    endloop
  endfacet
  facet normal 0 0 -1
    outer loop
      vertex -56.4908 50.2307 -28
      vertex -56.4908 51.5927 -28
      vertex -56.4333 51.6954 -28
    endloop
  endfacet
  facet normal 0 0 -1
    outer loop
      vertex -56.5401 50.3377 -28
      vertex -56.4908 51.5927 -28
      vertex -56.4908 50.2307 -28
    endloop
  endfacet
  facet normal 0 0 -1
    outer loop
      vertex -56.5401 50.3377 -28
      vertex -56.5401 51.4857 -28
      vertex -56.4908 51.5927 -28
    endloop
  endfacet
  facet normal 0 0 -1
    outer loop
      vertex -56.5809 50.4482 -28
      vertex -56.5401 51.4857 -28
      vertex -56.5401 50.3377 -28
    endloop
  endfacet
  facet normal 0 0 -1
    outer loop
      vertex -56.5809 50.4482 -28
      vertex -56.5809 51.3752 -28
      vertex -56.5401 51.4857 -28
    endloop
  endfacet
  facet normal 0 0 -1
    outer loop
      vertex -56.6129 50.5615 -28
      vertex -56.5809 51.3752 -28
      vertex -56.5809 50.4482 -28
    endloop
  endfacet
  facet normal 0 0 -1
    outer loop
      vertex -56.6129 50.5615 -28
      vertex -56.6129 51.2619 -28
      vertex -56.5809 51.3752 -28
    endloop
  endfacet
  facet normal 0 0 -1
    outer loop
      vertex -56.6359 50.677 -28
      vertex -56.6129 51.2619 -28
      vertex -56.6129 50.5615 -28
    endloop
  endfacet
  facet normal 0 0 -1
    outer loop
      vertex -56.6359 50.677 -28
      vertex -56.6359 51.1463 -28
      vertex -56.6129 51.2619 -28
    endloop
  endfacet
  facet normal 0 0 -1
    outer loop
      vertex -56.6497 50.794 -28
      vertex -56.6359 51.1463 -28
      vertex -56.6359 50.677 -28
    endloop
  endfacet
  facet normal 0 0 -1
    outer loop
      vertex -56.6497 50.794 -28
      vertex -56.6497 51.0294 -28
      vertex -56.6359 51.1463 -28
    endloop
  endfacet
  facet normal 0 -0 -1
    outer loop
      vertex -56.6497 51.0294 -28
      vertex -56.6497 50.794 -28
      vertex -56.6543 50.9117 -28
    endloop
  endfacet
  facet normal -0.831527 0.555484 0
    outer loop
      vertex -56.4333 -50.1279 -28
      vertex -56.3679 -50.03 0
      vertex -56.3679 -50.03 -28
    endloop
  endfacet
  facet normal -0.831527 0.555484 0
    outer loop
      vertex -56.3679 -50.03 0
      vertex -56.4333 -50.1279 -28
      vertex -56.4333 -50.1279 0
    endloop
  endfacet
  facet normal 0.999204 -0.0399002 0
    outer loop
      vertex -44.4666 -50.3223 0
      vertex -44.4619 -50.2046 -28
      vertex -44.4619 -50.2046 0
    endloop
  endfacet
  facet normal 0.999204 -0.0399002 0
    outer loop
      vertex -44.4619 -50.2046 -28
      vertex -44.4666 -50.3223 0
      vertex -44.4666 -50.3223 -28
    endloop
  endfacet
  facet normal -0.734575 0.678527 0
    outer loop
      vertex -56.2949 -49.9375 -28
      vertex -56.215 -49.851 0
      vertex -56.215 -49.851 -28
    endloop
  endfacet
  facet normal -0.734575 0.678527 0
    outer loop
      vertex -56.215 -49.851 0
      vertex -56.2949 -49.9375 -28
      vertex -56.2949 -49.9375 0
    endloop
  endfacet
  facet normal -0.784991 0.619507 0
    outer loop
      vertex -56.3679 -50.03 -28
      vertex -56.2949 -49.9375 0
      vertex -56.2949 -49.9375 -28
    endloop
  endfacet
  facet normal -0.784991 0.619507 0
    outer loop
      vertex -56.2949 -49.9375 0
      vertex -56.3679 -50.03 -28
      vertex -56.3679 -50.03 0
    endloop
  endfacet
  facet normal 0.785404 -0.618983 0
    outer loop
      vertex -44.8213 -51.1788 0
      vertex -44.7484 -51.0863 -28
      vertex -44.7484 -51.0863 0
    endloop
  endfacet
  facet normal 0.785404 -0.618983 0
    outer loop
      vertex -44.7484 -51.0863 -28
      vertex -44.8213 -51.1788 0
      vertex -44.8213 -51.1788 -28
    endloop
  endfacet
  facet normal 0.555484 -0.831527 0
    outer loop
      vertex -50.1279 -56.4333 -28
      vertex -50.03 -56.3679 0
      vertex -50.1279 -56.4333 0
    endloop
  endfacet
  facet normal 0.555484 -0.831527 0
    outer loop
      vertex -50.03 -56.3679 0
      vertex -50.1279 -56.4333 -28
      vertex -50.03 -56.3679 -28
    endloop
  endfacet
  facet normal 0.345627 0.938372 -0
    outer loop
      vertex -49.6306 -44.5761 -28
      vertex -49.7411 -44.5354 0
      vertex -49.6306 -44.5761 0
    endloop
  endfacet
  facet normal 0.345627 0.938372 0
    outer loop
      vertex -49.7411 -44.5354 0
      vertex -49.6306 -44.5761 -28
      vertex -49.7411 -44.5354 -28
    endloop
  endfacet
  facet normal 0.831789 -0.555092 0
    outer loop
      vertex -44.7484 -51.0863 0
      vertex -44.683 -50.9883 -28
      vertex -44.683 -50.9883 0
    endloop
  endfacet
  facet normal 0.831789 -0.555092 0
    outer loop
      vertex -44.683 -50.9883 -28
      vertex -44.7484 -51.0863 0
      vertex -44.7484 -51.0863 -28
    endloop
  endfacet
  facet normal -0.679408 0.733761 0
    outer loop
      vertex -51.1788 -44.8213 -28
      vertex -51.2652 -44.9013 0
      vertex -51.1788 -44.8213 0
    endloop
  endfacet
  facet normal -0.679408 0.733761 0
    outer loop
      vertex -51.2652 -44.9013 0
      vertex -51.1788 -44.8213 -28
      vertex -51.2652 -44.9013 -28
    endloop
  endfacet
  facet normal 0.707114 -0.7071 0
    outer loop
      vertex -49.851 -56.215 -28
      vertex -44.9013 -51.2652 0
      vertex -49.851 -56.215 0
    endloop
  endfacet
  facet normal 0.707114 -0.7071 0
    outer loop
      vertex -44.9013 -51.2652 0
      vertex -49.851 -56.215 -28
      vertex -44.9013 -51.2652 -28
    endloop
  endfacet
  facet normal 0.938372 -0.345627 0
    outer loop
      vertex -44.5761 -50.7786 0
      vertex -44.5354 -50.6681 -28
      vertex -44.5354 -50.6681 0
    endloop
  endfacet
  facet normal 0.938372 -0.345627 0
    outer loop
      vertex -44.5354 -50.6681 -28
      vertex -44.5761 -50.7786 0
      vertex -44.5761 -50.7786 -28
    endloop
  endfacet
  facet normal 0.678527 -0.734575 0
    outer loop
      vertex -49.9375 -56.2949 -28
      vertex -49.851 -56.215 0
      vertex -49.9375 -56.2949 0
    endloop
  endfacet
  facet normal 0.678527 -0.734575 0
    outer loop
      vertex -49.851 -56.215 0
      vertex -49.9375 -56.2949 -28
      vertex -49.851 -56.215 -28
    endloop
  endfacet
  facet normal -0.7071 0.707114 0
    outer loop
      vertex -56.215 -49.851 -28
      vertex -51.2652 -44.9013 0
      vertex -51.2652 -44.9013 -28
    endloop
  endfacet
  facet normal -0.7071 0.707114 0
    outer loop
      vertex -51.2652 -44.9013 0
      vertex -56.215 -49.851 -28
      vertex -56.215 -49.851 0
    endloop
  endfacet
  facet normal -0.67895 -0.734184 0
    outer loop
      vertex -51.9723 -56.215 -28
      vertex -51.8859 -56.2949 0
      vertex -51.9723 -56.215 0
    endloop
  endfacet
  facet normal -0.67895 -0.734184 -0
    outer loop
      vertex -51.8859 -56.2949 0
      vertex -51.9723 -56.215 -28
      vertex -51.8859 -56.2949 -28
    endloop
  endfacet
  facet normal -0.831789 -0.555092 0
    outer loop
      vertex -56.3679 -51.7934 -28
      vertex -56.4333 -51.6954 0
      vertex -56.4333 -51.6954 -28
    endloop
  endfacet
  facet normal -0.831789 -0.555092 0
    outer loop
      vertex -56.4333 -51.6954 0
      vertex -56.3679 -51.7934 -28
      vertex -56.3679 -51.7934 0
    endloop
  endfacet
  facet normal -0.117236 0.993104 0
    outer loop
      vertex -50.3223 -44.4666 -28
      vertex -50.4392 -44.4804 0
      vertex -50.3223 -44.4666 0
    endloop
  endfacet
  facet normal -0.117236 0.993104 0
    outer loop
      vertex -50.4392 -44.4804 0
      vertex -50.3223 -44.4666 -28
      vertex -50.4392 -44.4804 -28
    endloop
  endfacet
  facet normal -0.908232 -0.418466 0
    outer loop
      vertex -56.4908 -51.5927 -28
      vertex -56.5401 -51.4857 0
      vertex -56.5401 -51.4857 -28
    endloop
  endfacet
  facet normal -0.908232 -0.418466 0
    outer loop
      vertex -56.5401 -51.4857 0
      vertex -56.4908 -51.5927 -28
      vertex -56.4908 -51.5927 0
    endloop
  endfacet
  facet normal 0.962416 -0.271581 0
    outer loop
      vertex -44.5354 -50.6681 0
      vertex -44.5034 -50.5547 -28
      vertex -44.5034 -50.5547 0
    endloop
  endfacet
  facet normal 0.962416 -0.271581 0
    outer loop
      vertex -44.5034 -50.5547 -28
      vertex -44.5354 -50.6681 0
      vertex -44.5354 -50.6681 -28
    endloop
  endfacet
  facet normal -0.618983 0.785404 0
    outer loop
      vertex -51.0863 -44.7484 -28
      vertex -51.1788 -44.8213 0
      vertex -51.0863 -44.7484 0
    endloop
  endfacet
  facet normal -0.618983 0.785404 0
    outer loop
      vertex -51.1788 -44.8213 0
      vertex -51.0863 -44.7484 -28
      vertex -51.1788 -44.8213 -28
    endloop
  endfacet
  facet normal 0.0399002 0.999204 -0
    outer loop
      vertex -50.0869 -44.4666 -28
      vertex -50.2046 -44.4619 0
      vertex -50.0869 -44.4666 0
    endloop
  endfacet
  facet normal 0.0399002 0.999204 0
    outer loop
      vertex -50.2046 -44.4619 0
      vertex -50.0869 -44.4666 -28
      vertex -50.2046 -44.4619 -28
    endloop
  endfacet
  facet normal -0.784991 -0.619507 0
    outer loop
      vertex -56.2949 -51.8859 -28
      vertex -56.3679 -51.7934 0
      vertex -56.3679 -51.7934 -28
    endloop
  endfacet
  facet normal -0.784991 -0.619507 0
    outer loop
      vertex -56.3679 -51.7934 0
      vertex -56.2949 -51.8859 -28
      vertex -56.2949 -51.8859 0
    endloop
  endfacet
  facet normal -0.980744 0.1953 0
    outer loop
      vertex -56.6359 -50.677 -28
      vertex -56.6129 -50.5615 0
      vertex -56.6129 -50.5615 -28
    endloop
  endfacet
  facet normal -0.980744 0.1953 0
    outer loop
      vertex -56.6129 -50.5615 0
      vertex -56.6359 -50.677 -28
      vertex -56.6359 -50.677 0
    endloop
  endfacet
  facet normal -0.1953 0.980744 0
    outer loop
      vertex -50.4392 -44.4804 -28
      vertex -50.5547 -44.5034 0
      vertex -50.4392 -44.4804 0
    endloop
  endfacet
  facet normal -0.1953 0.980744 0
    outer loop
      vertex -50.5547 -44.5034 0
      vertex -50.4392 -44.4804 -28
      vertex -50.5547 -44.5034 -28
    endloop
  endfacet
  facet normal -0.734184 -0.67895 0
    outer loop
      vertex -56.215 -51.9723 -28
      vertex -56.2949 -51.8859 0
      vertex -56.2949 -51.8859 -28
    endloop
  endfacet
  facet normal -0.734184 -0.67895 0
    outer loop
      vertex -56.2949 -51.8859 0
      vertex -56.215 -51.9723 -28
      vertex -56.215 -51.9723 0
    endloop
  endfacet
  facet normal -0.345627 0.938372 0
    outer loop
      vertex -50.6681 -44.5354 -28
      vertex -50.7786 -44.5761 0
      vertex -50.6681 -44.5354 0
    endloop
  endfacet
  facet normal -0.345627 0.938372 0
    outer loop
      vertex -50.7786 -44.5761 0
      vertex -50.6681 -44.5354 -28
      vertex -50.7786 -44.5761 -28
    endloop
  endfacet
  facet normal 0.908232 0.418466 0
    outer loop
      vertex -44.5761 -49.6306 0
      vertex -44.6254 -49.5236 -28
      vertex -44.6254 -49.5236 0
    endloop
  endfacet
  facet normal 0.908232 0.418466 0
    outer loop
      vertex -44.6254 -49.5236 -28
      vertex -44.5761 -49.6306 0
      vertex -44.5761 -49.6306 -28
    endloop
  endfacet
  facet normal 0.678985 0.734152 -0
    outer loop
      vertex -49.1439 -44.9013 -28
      vertex -49.2304 -44.8213 0
      vertex -49.1439 -44.9013 0
    endloop
  endfacet
  facet normal 0.678985 0.734152 0
    outer loop
      vertex -49.2304 -44.8213 0
      vertex -49.1439 -44.9013 -28
      vertex -49.2304 -44.8213 -28
    endloop
  endfacet
  facet normal 0.117137 -0.993116 0
    outer loop
      vertex -50.794 -56.6497 -28
      vertex -50.677 -56.6359 0
      vertex -50.794 -56.6497 0
    endloop
  endfacet
  facet normal 0.117137 -0.993116 0
    outer loop
      vertex -50.677 -56.6359 0
      vertex -50.794 -56.6497 -28
      vertex -50.677 -56.6359 -28
    endloop
  endfacet
  facet normal -0.195137 -0.980776 0
    outer loop
      vertex -51.2619 -56.6129 -28
      vertex -51.1463 -56.6359 0
      vertex -51.2619 -56.6129 0
    endloop
  endfacet
  facet normal -0.195137 -0.980776 -0
    outer loop
      vertex -51.1463 -56.6359 0
      vertex -51.2619 -56.6129 -28
      vertex -51.1463 -56.6359 -28
    endloop
  endfacet
  facet normal 0.872187 -0.489172 0
    outer loop
      vertex -44.683 -50.9883 0
      vertex -44.6254 -50.8856 -28
      vertex -44.6254 -50.8856 0
    endloop
  endfacet
  facet normal 0.872187 -0.489172 0
    outer loop
      vertex -44.6254 -50.8856 -28
      vertex -44.683 -50.9883 0
      vertex -44.683 -50.9883 -28
    endloop
  endfacet
  facet normal 0.733761 -0.679408 0
    outer loop
      vertex -44.9013 -51.2652 0
      vertex -44.8213 -51.1788 -28
      vertex -44.8213 -51.1788 0
    endloop
  endfacet
  facet normal 0.733761 -0.679408 0
    outer loop
      vertex -44.8213 -51.1788 -28
      vertex -44.9013 -51.2652 0
      vertex -44.9013 -51.2652 -28
    endloop
  endfacet
  facet normal -0.962353 -0.271803 0
    outer loop
      vertex -56.5809 -51.3752 -28
      vertex -56.6129 -51.2619 0
      vertex -56.6129 -51.2619 -28
    endloop
  endfacet
  facet normal -0.962353 -0.271803 0
    outer loop
      vertex -56.6129 -51.2619 0
      vertex -56.5809 -51.3752 -28
      vertex -56.5809 -51.3752 0
    endloop
  endfacet
  facet normal -0.418466 0.908232 0
    outer loop
      vertex -50.7786 -44.5761 -28
      vertex -50.8856 -44.6254 0
      vertex -50.7786 -44.5761 0
    endloop
  endfacet
  facet normal -0.418466 0.908232 0
    outer loop
      vertex -50.8856 -44.6254 0
      vertex -50.7786 -44.5761 -28
      vertex -50.8856 -44.6254 -28
    endloop
  endfacet
  facet normal -0.346374 -0.938096 0
    outer loop
      vertex -51.4857 -56.5401 -28
      vertex -51.3752 -56.5809 0
      vertex -51.4857 -56.5401 0
    endloop
  endfacet
  facet normal -0.346374 -0.938096 -0
    outer loop
      vertex -51.3752 -56.5809 0
      vertex -51.4857 -56.5401 -28
      vertex -51.3752 -56.5809 -28
    endloop
  endfacet
  facet normal 0.117137 0.993116 -0
    outer loop
      vertex -49.9699 -44.4804 -28
      vertex -50.0869 -44.4666 0
      vertex -49.9699 -44.4804 0
    endloop
  endfacet
  facet normal 0.117137 0.993116 0
    outer loop
      vertex -50.0869 -44.4666 0
      vertex -49.9699 -44.4804 -28
      vertex -50.0869 -44.4666 -28
    endloop
  endfacet
  facet normal 0.48881 0.87239 -0
    outer loop
      vertex -49.4208 -44.683 -28
      vertex -49.5236 -44.6254 0
      vertex -49.4208 -44.683 0
    endloop
  endfacet
  facet normal 0.48881 0.87239 0
    outer loop
      vertex -49.5236 -44.6254 0
      vertex -49.4208 -44.683 -28
      vertex -49.5236 -44.6254 -28
    endloop
  endfacet
  facet normal 0.0390526 -0.999237 0
    outer loop
      vertex -50.9117 -56.6543 -28
      vertex -50.794 -56.6497 0
      vertex -50.9117 -56.6543 0
    endloop
  endfacet
  facet normal 0.0390526 -0.999237 0
    outer loop
      vertex -50.794 -56.6497 0
      vertex -50.9117 -56.6543 -28
      vertex -50.794 -56.6497 -28
    endloop
  endfacet
  facet normal -0.555092 0.831789 0
    outer loop
      vertex -50.9883 -44.683 -28
      vertex -51.0863 -44.7484 0
      vertex -50.9883 -44.683 0
    endloop
  endfacet
  facet normal -0.555092 0.831789 0
    outer loop
      vertex -51.0863 -44.7484 0
      vertex -50.9883 -44.683 -28
      vertex -51.0863 -44.7484 -28
    endloop
  endfacet
  facet normal 0.908232 -0.418466 0
    outer loop
      vertex -44.6254 -50.8856 0
      vertex -44.5761 -50.7786 -28
      vertex -44.5761 -50.7786 0
    endloop
  endfacet
  facet normal 0.908232 -0.418466 0
    outer loop
      vertex -44.5761 -50.7786 -28
      vertex -44.6254 -50.8856 0
      vertex -44.6254 -50.8856 -28
    endloop
  endfacet
  facet normal -0.619507 -0.784991 0
    outer loop
      vertex -51.8859 -56.2949 -28
      vertex -51.7934 -56.3679 0
      vertex -51.8859 -56.2949 0
    endloop
  endfacet
  facet normal -0.619507 -0.784991 -0
    outer loop
      vertex -51.7934 -56.3679 0
      vertex -51.8859 -56.2949 -28
      vertex -51.7934 -56.3679 -28
    endloop
  endfacet
  facet normal -0.0399002 0.999204 0
    outer loop
      vertex -50.2046 -44.4619 -28
      vertex -50.3223 -44.4666 0
      vertex -50.2046 -44.4619 0
    endloop
  endfacet
  facet normal -0.0399002 0.999204 0
    outer loop
      vertex -50.3223 -44.4666 0
      vertex -50.2046 -44.4619 -28
      vertex -50.3223 -44.4666 -28
    endloop
  endfacet
  facet normal -0.980776 -0.195137 0
    outer loop
      vertex -56.6129 -51.2619 -28
      vertex -56.6359 -51.1463 0
      vertex -56.6359 -51.1463 -28
    endloop
  endfacet
  facet normal -0.980776 -0.195137 0
    outer loop
      vertex -56.6359 -51.1463 0
      vertex -56.6129 -51.2619 -28
      vertex -56.6129 -51.2619 0
    endloop
  endfacet
  facet normal 0.993104 -0.117236 0
    outer loop
      vertex -44.4804 -50.4392 0
      vertex -44.4666 -50.3223 -28
      vertex -44.4666 -50.3223 0
    endloop
  endfacet
  facet normal 0.993104 -0.117236 0
    outer loop
      vertex -44.4666 -50.3223 -28
      vertex -44.4804 -50.4392 0
      vertex -44.4804 -50.4392 -28
    endloop
  endfacet
  facet normal -0.271581 0.962416 0
    outer loop
      vertex -50.5547 -44.5034 -28
      vertex -50.6681 -44.5354 0
      vertex -50.5547 -44.5034 0
    endloop
  endfacet
  facet normal -0.271581 0.962416 0
    outer loop
      vertex -50.6681 -44.5354 0
      vertex -50.5547 -44.5034 -28
      vertex -50.6681 -44.5354 -28
    endloop
  endfacet
  facet normal 0.980744 -0.1953 0
    outer loop
      vertex -44.5034 -50.5547 0
      vertex -44.4804 -50.4392 -28
      vertex -44.4804 -50.4392 0
    endloop
  endfacet
  facet normal 0.980744 -0.1953 0
    outer loop
      vertex -44.4804 -50.4392 -28
      vertex -44.5034 -50.5547 0
      vertex -44.5034 -50.5547 -28
    endloop
  endfacet
  facet normal 0.831527 0.555484 0
    outer loop
      vertex -44.683 -49.4208 0
      vertex -44.7484 -49.3229 -28
      vertex -44.7484 -49.3229 0
    endloop
  endfacet
  facet normal 0.831527 0.555484 0
    outer loop
      vertex -44.7484 -49.3229 -28
      vertex -44.683 -49.4208 0
      vertex -44.683 -49.4208 -28
    endloop
  endfacet
  facet normal 0.1953 -0.980744 0
    outer loop
      vertex -50.677 -56.6359 -28
      vertex -50.5615 -56.6129 0
      vertex -50.677 -56.6359 0
    endloop
  endfacet
  facet normal 0.1953 -0.980744 0
    outer loop
      vertex -50.5615 -56.6129 0
      vertex -50.677 -56.6359 -28
      vertex -50.5615 -56.6129 -28
    endloop
  endfacet
  facet normal 0.962353 0.271803 0
    outer loop
      vertex -44.5034 -49.8544 0
      vertex -44.5354 -49.7411 -28
      vertex -44.5354 -49.7411 0
    endloop
  endfacet
  facet normal 0.962353 0.271803 0
    outer loop
      vertex -44.5354 -49.7411 -28
      vertex -44.5034 -49.8544 0
      vertex -44.5034 -49.8544 -28
    endloop
  endfacet
  facet normal 0.938372 0.345627 0
    outer loop
      vertex -44.5354 -49.7411 0
      vertex -44.5761 -49.6306 -28
      vertex -44.5761 -49.6306 0
    endloop
  endfacet
  facet normal 0.938372 0.345627 0
    outer loop
      vertex -44.5761 -49.6306 -28
      vertex -44.5354 -49.7411 0
      vertex -44.5354 -49.7411 -28
    endloop
  endfacet
  facet normal 0.87239 0.48881 0
    outer loop
      vertex -44.6254 -49.5236 0
      vertex -44.683 -49.4208 -28
      vertex -44.683 -49.4208 0
    endloop
  endfacet
  facet normal 0.87239 0.48881 0
    outer loop
      vertex -44.683 -49.4208 -28
      vertex -44.6254 -49.5236 0
      vertex -44.6254 -49.5236 -28
    endloop
  endfacet
  facet normal 0.993116 0.117137 0
    outer loop
      vertex -44.4666 -50.0869 0
      vertex -44.4804 -49.9699 -28
      vertex -44.4804 -49.9699 0
    endloop
  endfacet
  facet normal 0.993116 0.117137 0
    outer loop
      vertex -44.4804 -49.9699 -28
      vertex -44.4666 -50.0869 0
      vertex -44.4666 -50.0869 -28
    endloop
  endfacet
  facet normal 0.346374 -0.938096 0
    outer loop
      vertex -50.4482 -56.5809 -28
      vertex -50.3377 -56.5401 0
      vertex -50.4482 -56.5809 0
    endloop
  endfacet
  facet normal 0.346374 -0.938096 0
    outer loop
      vertex -50.3377 -56.5401 0
      vertex -50.4482 -56.5809 -28
      vertex -50.3377 -56.5401 -28
    endloop
  endfacet
  facet normal 0.734152 0.678985 0
    outer loop
      vertex -44.8213 -49.2304 0
      vertex -44.9013 -49.1439 -28
      vertex -44.9013 -49.1439 0
    endloop
  endfacet
  facet normal 0.734152 0.678985 0
    outer loop
      vertex -44.9013 -49.1439 -28
      vertex -44.8213 -49.2304 0
      vertex -44.8213 -49.2304 -28
    endloop
  endfacet
  facet normal 0.980744 0.1953 0
    outer loop
      vertex -44.4804 -49.9699 0
      vertex -44.5034 -49.8544 -28
      vertex -44.5034 -49.8544 0
    endloop
  endfacet
  facet normal 0.980744 0.1953 0
    outer loop
      vertex -44.5034 -49.8544 -28
      vertex -44.4804 -49.9699 0
      vertex -44.4804 -49.9699 -28
    endloop
  endfacet
  facet normal -0.488526 -0.872549 0
    outer loop
      vertex -51.6954 -56.4333 -28
      vertex -51.5927 -56.4908 0
      vertex -51.6954 -56.4333 0
    endloop
  endfacet
  facet normal -0.488526 -0.872549 -0
    outer loop
      vertex -51.5927 -56.4908 0
      vertex -51.6954 -56.4333 -28
      vertex -51.5927 -56.4908 -28
    endloop
  endfacet
  facet normal 0.999204 0.0399002 0
    outer loop
      vertex -44.4619 -50.2046 0
      vertex -44.4666 -50.0869 -28
      vertex -44.4666 -50.0869 0
    endloop
  endfacet
  facet normal 0.999204 0.0399002 0
    outer loop
      vertex -44.4666 -50.0869 -28
      vertex -44.4619 -50.2046 0
      vertex -44.4619 -50.2046 -28
    endloop
  endfacet
  facet normal -0.872549 -0.488526 0
    outer loop
      vertex -56.4333 -51.6954 -28
      vertex -56.4908 -51.5927 0
      vertex -56.4908 -51.5927 -28
    endloop
  endfacet
  facet normal -0.872549 -0.488526 0
    outer loop
      vertex -56.4908 -51.5927 0
      vertex -56.4333 -51.6954 -28
      vertex -56.4333 -51.6954 0
    endloop
  endfacet
  facet normal 0.1953 0.980744 -0
    outer loop
      vertex -49.8544 -44.5034 -28
      vertex -49.9699 -44.4804 0
      vertex -49.8544 -44.5034 0
    endloop
  endfacet
  facet normal 0.1953 0.980744 0
    outer loop
      vertex -49.9699 -44.4804 0
      vertex -49.8544 -44.5034 -28
      vertex -49.9699 -44.4804 -28
    endloop
  endfacet
  facet normal 0.707107 0.707107 0
    outer loop
      vertex -44.9013 -49.1439 0
      vertex -49.1439 -44.9013 -28
      vertex -49.1439 -44.9013 0
    endloop
  endfacet
  facet normal 0.707107 0.707107 0
    outer loop
      vertex -49.1439 -44.9013 -28
      vertex -44.9013 -49.1439 0
      vertex -44.9013 -49.1439 -28
    endloop
  endfacet
  facet normal 0.271803 -0.962353 0
    outer loop
      vertex -50.5615 -56.6129 -28
      vertex -50.4482 -56.5809 0
      vertex -50.5615 -56.6129 0
    endloop
  endfacet
  facet normal 0.271803 -0.962353 0
    outer loop
      vertex -50.4482 -56.5809 0
      vertex -50.5615 -56.6129 -28
      vertex -50.4482 -56.5809 -28
    endloop
  endfacet
  facet normal 0.418466 -0.908232 0
    outer loop
      vertex -50.3377 -56.5401 -28
      vertex -50.2307 -56.4908 0
      vertex -50.3377 -56.5401 0
    endloop
  endfacet
  facet normal 0.418466 -0.908232 0
    outer loop
      vertex -50.2307 -56.4908 0
      vertex -50.3377 -56.5401 -28
      vertex -50.2307 -56.4908 -28
    endloop
  endfacet
  facet normal -0.117236 -0.993104 0
    outer loop
      vertex -51.1463 -56.6359 -28
      vertex -51.0294 -56.6497 0
      vertex -51.1463 -56.6359 0
    endloop
  endfacet
  facet normal -0.117236 -0.993104 -0
    outer loop
      vertex -51.0294 -56.6497 0
      vertex -51.1463 -56.6359 -28
      vertex -51.0294 -56.6497 -28
    endloop
  endfacet
  facet normal 0.418466 0.908232 -0
    outer loop
      vertex -49.5236 -44.6254 -28
      vertex -49.6306 -44.5761 0
      vertex -49.5236 -44.6254 0
    endloop
  endfacet
  facet normal 0.418466 0.908232 0
    outer loop
      vertex -49.6306 -44.5761 0
      vertex -49.5236 -44.6254 -28
      vertex -49.6306 -44.5761 -28
    endloop
  endfacet
  facet normal 0.785404 0.618983 0
    outer loop
      vertex -44.7484 -49.3229 0
      vertex -44.8213 -49.2304 -28
      vertex -44.8213 -49.2304 0
    endloop
  endfacet
  facet normal 0.785404 0.618983 0
    outer loop
      vertex -44.8213 -49.2304 -28
      vertex -44.7484 -49.3229 0
      vertex -44.7484 -49.3229 -28
    endloop
  endfacet
  facet normal -0.271803 -0.962353 0
    outer loop
      vertex -51.3752 -56.5809 -28
      vertex -51.2619 -56.6129 0
      vertex -51.3752 -56.5809 0
    endloop
  endfacet
  facet normal -0.271803 -0.962353 -0
    outer loop
      vertex -51.2619 -56.6129 0
      vertex -51.3752 -56.5809 -28
      vertex -51.2619 -56.6129 -28
    endloop
  endfacet
  facet normal -0.993116 0.117137 0
    outer loop
      vertex -56.6497 -50.794 -28
      vertex -56.6359 -50.677 0
      vertex -56.6359 -50.677 -28
    endloop
  endfacet
  facet normal -0.993116 0.117137 0
    outer loop
      vertex -56.6359 -50.677 0
      vertex -56.6497 -50.794 -28
      vertex -56.6497 -50.794 0
    endloop
  endfacet
  facet normal -0.938096 0.346374 0
    outer loop
      vertex -56.5809 -50.4482 -28
      vertex -56.5401 -50.3377 0
      vertex -56.5401 -50.3377 -28
    endloop
  endfacet
  facet normal -0.938096 0.346374 0
    outer loop
      vertex -56.5401 -50.3377 0
      vertex -56.5809 -50.4482 -28
      vertex -56.5809 -50.4482 0
    endloop
  endfacet
  facet normal 0.618983 0.785404 -0
    outer loop
      vertex -49.2304 -44.8213 -28
      vertex -49.3229 -44.7484 0
      vertex -49.2304 -44.8213 0
    endloop
  endfacet
  facet normal 0.618983 0.785404 0
    outer loop
      vertex -49.3229 -44.7484 0
      vertex -49.2304 -44.8213 -28
      vertex -49.3229 -44.7484 -28
    endloop
  endfacet
  facet normal -0.707107 -0.707107 0
    outer loop
      vertex -51.9723 -56.215 -28
      vertex -56.215 -51.9723 0
      vertex -56.215 -51.9723 -28
    endloop
  endfacet
  facet normal -0.707107 -0.707107 0
    outer loop
      vertex -56.215 -51.9723 0
      vertex -51.9723 -56.215 -28
      vertex -51.9723 -56.215 0
    endloop
  endfacet
  facet normal -0.555092 -0.831789 0
    outer loop
      vertex -51.7934 -56.3679 -28
      vertex -51.6954 -56.4333 0
      vertex -51.7934 -56.3679 0
    endloop
  endfacet
  facet normal -0.555092 -0.831789 -0
    outer loop
      vertex -51.6954 -56.4333 0
      vertex -51.7934 -56.3679 -28
      vertex -51.6954 -56.4333 -28
    endloop
  endfacet
  facet normal 0.271803 0.962353 -0
    outer loop
      vertex -49.7411 -44.5354 -28
      vertex -49.8544 -44.5034 0
      vertex -49.7411 -44.5354 0
    endloop
  endfacet
  facet normal 0.271803 0.962353 0
    outer loop
      vertex -49.8544 -44.5034 0
      vertex -49.7411 -44.5354 -28
      vertex -49.8544 -44.5034 -28
    endloop
  endfacet
  facet normal 0.488164 -0.872752 0
    outer loop
      vertex -50.2307 -56.4908 -28
      vertex -50.1279 -56.4333 0
      vertex -50.2307 -56.4908 0
    endloop
  endfacet
  facet normal 0.488164 -0.872752 0
    outer loop
      vertex -50.1279 -56.4333 0
      vertex -50.2307 -56.4908 -28
      vertex -50.1279 -56.4333 -28
    endloop
  endfacet
  facet normal 0 0 -1
    outer loop
      vertex -44.4666 -50.3223 -28
      vertex -44.4666 -50.0869 -28
      vertex -44.4619 -50.2046 -28
    endloop
  endfacet
  facet normal 0 0 -1
    outer loop
      vertex -44.4804 -50.4392 -28
      vertex -44.4666 -50.0869 -28
      vertex -44.4666 -50.3223 -28
    endloop
  endfacet
  facet normal 0 0 -1
    outer loop
      vertex -44.4804 -50.4392 -28
      vertex -44.4804 -49.9699 -28
      vertex -44.4666 -50.0869 -28
    endloop
  endfacet
  facet normal 0 0 -1
    outer loop
      vertex -44.5034 -50.5547 -28
      vertex -44.4804 -49.9699 -28
      vertex -44.4804 -50.4392 -28
    endloop
  endfacet
  facet normal 0 0 -1
    outer loop
      vertex -44.5034 -50.5547 -28
      vertex -44.5034 -49.8544 -28
      vertex -44.4804 -49.9699 -28
    endloop
  endfacet
  facet normal 0 0 -1
    outer loop
      vertex -44.5354 -50.6681 -28
      vertex -44.5034 -49.8544 -28
      vertex -44.5034 -50.5547 -28
    endloop
  endfacet
  facet normal 0 0 -1
    outer loop
      vertex -44.5354 -50.6681 -28
      vertex -44.5354 -49.7411 -28
      vertex -44.5034 -49.8544 -28
    endloop
  endfacet
  facet normal 0 0 -1
    outer loop
      vertex -44.5761 -50.7786 -28
      vertex -44.5354 -49.7411 -28
      vertex -44.5354 -50.6681 -28
    endloop
  endfacet
  facet normal 0 0 -1
    outer loop
      vertex -44.5761 -50.7786 -28
      vertex -44.5761 -49.6306 -28
      vertex -44.5354 -49.7411 -28
    endloop
  endfacet
  facet normal 0 0 -1
    outer loop
      vertex -44.6254 -50.8856 -28
      vertex -44.5761 -49.6306 -28
      vertex -44.5761 -50.7786 -28
    endloop
  endfacet
  facet normal 0 0 -1
    outer loop
      vertex -44.6254 -50.8856 -28
      vertex -44.6254 -49.5236 -28
      vertex -44.5761 -49.6306 -28
    endloop
  endfacet
  facet normal 0 0 -1
    outer loop
      vertex -44.683 -50.9883 -28
      vertex -44.6254 -49.5236 -28
      vertex -44.6254 -50.8856 -28
    endloop
  endfacet
  facet normal 0 0 -1
    outer loop
      vertex -44.683 -50.9883 -28
      vertex -44.683 -49.4208 -28
      vertex -44.6254 -49.5236 -28
    endloop
  endfacet
  facet normal 0 0 -1
    outer loop
      vertex -44.7484 -51.0863 -28
      vertex -44.683 -49.4208 -28
      vertex -44.683 -50.9883 -28
    endloop
  endfacet
  facet normal 0 0 -1
    outer loop
      vertex -44.7484 -51.0863 -28
      vertex -44.7484 -49.3229 -28
      vertex -44.683 -49.4208 -28
    endloop
  endfacet
  facet normal 0 0 -1
    outer loop
      vertex -44.8213 -51.1788 -28
      vertex -44.7484 -49.3229 -28
      vertex -44.7484 -51.0863 -28
    endloop
  endfacet
  facet normal 0 0 -1
    outer loop
      vertex -44.8213 -51.1788 -28
      vertex -44.8213 -49.2304 -28
      vertex -44.7484 -49.3229 -28
    endloop
  endfacet
  facet normal 0 0 -1
    outer loop
      vertex -44.9013 -51.2652 -28
      vertex -44.8213 -49.2304 -28
      vertex -44.8213 -51.1788 -28
    endloop
  endfacet
  facet normal 0 0 -1
    outer loop
      vertex -44.9013 -51.2652 -28
      vertex -44.9013 -49.1439 -28
      vertex -44.8213 -49.2304 -28
    endloop
  endfacet
  facet normal 0 0 -1
    outer loop
      vertex -44.9013 -51.2652 -28
      vertex -49.1439 -44.9013 -28
      vertex -44.9013 -49.1439 -28
    endloop
  endfacet
  facet normal 0 0 -1
    outer loop
      vertex -51.2652 -44.9013 -28
      vertex -49.1439 -44.9013 -28
      vertex -44.9013 -51.2652 -28
    endloop
  endfacet
  facet normal 0 0 -1
    outer loop
      vertex -49.1439 -44.9013 -28
      vertex -51.2652 -44.9013 -28
      vertex -49.2304 -44.8213 -28
    endloop
  endfacet
  facet normal -0 0 -1
    outer loop
      vertex -49.2304 -44.8213 -28
      vertex -51.2652 -44.9013 -28
      vertex -49.3229 -44.7484 -28
    endloop
  endfacet
  facet normal -0 0 -1
    outer loop
      vertex -49.3229 -44.7484 -28
      vertex -51.2652 -44.9013 -28
      vertex -49.4208 -44.683 -28
    endloop
  endfacet
  facet normal -0 0 -1
    outer loop
      vertex -49.4208 -44.683 -28
      vertex -51.2652 -44.9013 -28
      vertex -49.5236 -44.6254 -28
    endloop
  endfacet
  facet normal -0 0 -1
    outer loop
      vertex -49.5236 -44.6254 -28
      vertex -51.2652 -44.9013 -28
      vertex -49.6306 -44.5761 -28
    endloop
  endfacet
  facet normal 0 0 -1
    outer loop
      vertex -51.2652 -44.9013 -28
      vertex -44.9013 -51.2652 -28
      vertex -49.851 -56.215 -28
    endloop
  endfacet
  facet normal -0 0 -1
    outer loop
      vertex -49.6306 -44.5761 -28
      vertex -51.2652 -44.9013 -28
      vertex -49.7411 -44.5354 -28
    endloop
  endfacet
  facet normal 0 0 -1
    outer loop
      vertex -51.9723 -56.215 -28
      vertex -49.851 -56.215 -28
      vertex -49.9375 -56.2949 -28
    endloop
  endfacet
  facet normal -0 0 -1
    outer loop
      vertex -49.7411 -44.5354 -28
      vertex -51.2652 -44.9013 -28
      vertex -49.8544 -44.5034 -28
    endloop
  endfacet
  facet normal 0 0 -1
    outer loop
      vertex -51.9723 -56.215 -28
      vertex -49.9375 -56.2949 -28
      vertex -50.03 -56.3679 -28
    endloop
  endfacet
  facet normal -0 0 -1
    outer loop
      vertex -49.8544 -44.5034 -28
      vertex -51.2652 -44.9013 -28
      vertex -49.9699 -44.4804 -28
    endloop
  endfacet
  facet normal 0 0 -1
    outer loop
      vertex -51.9723 -56.215 -28
      vertex -50.03 -56.3679 -28
      vertex -50.1279 -56.4333 -28
    endloop
  endfacet
  facet normal -0 0 -1
    outer loop
      vertex -49.9699 -44.4804 -28
      vertex -51.2652 -44.9013 -28
      vertex -50.0869 -44.4666 -28
    endloop
  endfacet
  facet normal 0 0 -1
    outer loop
      vertex -51.9723 -56.215 -28
      vertex -50.1279 -56.4333 -28
      vertex -50.2307 -56.4908 -28
    endloop
  endfacet
  facet normal -0 0 -1
    outer loop
      vertex -50.0869 -44.4666 -28
      vertex -51.2652 -44.9013 -28
      vertex -50.2046 -44.4619 -28
    endloop
  endfacet
  facet normal 0 0 -1
    outer loop
      vertex -51.9723 -56.215 -28
      vertex -50.2307 -56.4908 -28
      vertex -50.3377 -56.5401 -28
    endloop
  endfacet
  facet normal 0 0 -1
    outer loop
      vertex -50.2046 -44.4619 -28
      vertex -51.2652 -44.9013 -28
      vertex -50.3223 -44.4666 -28
    endloop
  endfacet
  facet normal 0 0 -1
    outer loop
      vertex -51.9723 -56.215 -28
      vertex -50.3377 -56.5401 -28
      vertex -50.4482 -56.5809 -28
    endloop
  endfacet
  facet normal 0 0 -1
    outer loop
      vertex -50.3223 -44.4666 -28
      vertex -51.2652 -44.9013 -28
      vertex -50.4392 -44.4804 -28
    endloop
  endfacet
  facet normal 0 0 -1
    outer loop
      vertex -51.9723 -56.215 -28
      vertex -50.4482 -56.5809 -28
      vertex -50.5615 -56.6129 -28
    endloop
  endfacet
  facet normal 0 0 -1
    outer loop
      vertex -50.4392 -44.4804 -28
      vertex -51.2652 -44.9013 -28
      vertex -50.5547 -44.5034 -28
    endloop
  endfacet
  facet normal 0 0 -1
    outer loop
      vertex -51.9723 -56.215 -28
      vertex -50.5615 -56.6129 -28
      vertex -50.677 -56.6359 -28
    endloop
  endfacet
  facet normal 0 0 -1
    outer loop
      vertex -50.5547 -44.5034 -28
      vertex -51.2652 -44.9013 -28
      vertex -50.6681 -44.5354 -28
    endloop
  endfacet
  facet normal 0 0 -1
    outer loop
      vertex -51.9723 -56.215 -28
      vertex -50.677 -56.6359 -28
      vertex -50.794 -56.6497 -28
    endloop
  endfacet
  facet normal 0 0 -1
    outer loop
      vertex -50.6681 -44.5354 -28
      vertex -51.2652 -44.9013 -28
      vertex -50.7786 -44.5761 -28
    endloop
  endfacet
  facet normal 0 0 -1
    outer loop
      vertex -51.9723 -56.215 -28
      vertex -50.794 -56.6497 -28
      vertex -50.9117 -56.6543 -28
    endloop
  endfacet
  facet normal 0 0 -1
    outer loop
      vertex -50.7786 -44.5761 -28
      vertex -51.2652 -44.9013 -28
      vertex -50.8856 -44.6254 -28
    endloop
  endfacet
  facet normal 0 0 -1
    outer loop
      vertex -51.9723 -56.215 -28
      vertex -50.9117 -56.6543 -28
      vertex -51.0294 -56.6497 -28
    endloop
  endfacet
  facet normal 0 0 -1
    outer loop
      vertex -50.8856 -44.6254 -28
      vertex -51.2652 -44.9013 -28
      vertex -50.9883 -44.683 -28
    endloop
  endfacet
  facet normal 0 0 -1
    outer loop
      vertex -51.9723 -56.215 -28
      vertex -51.0294 -56.6497 -28
      vertex -51.1463 -56.6359 -28
    endloop
  endfacet
  facet normal 0 0 -1
    outer loop
      vertex -50.9883 -44.683 -28
      vertex -51.2652 -44.9013 -28
      vertex -51.0863 -44.7484 -28
    endloop
  endfacet
  facet normal 0 0 -1
    outer loop
      vertex -51.9723 -56.215 -28
      vertex -51.1463 -56.6359 -28
      vertex -51.2619 -56.6129 -28
    endloop
  endfacet
  facet normal 0 0 -1
    outer loop
      vertex -51.0863 -44.7484 -28
      vertex -51.2652 -44.9013 -28
      vertex -51.1788 -44.8213 -28
    endloop
  endfacet
  facet normal 0 0 -1
    outer loop
      vertex -51.9723 -56.215 -28
      vertex -51.2619 -56.6129 -28
      vertex -51.3752 -56.5809 -28
    endloop
  endfacet
  facet normal 0 0 -1
    outer loop
      vertex -51.9723 -56.215 -28
      vertex -51.3752 -56.5809 -28
      vertex -51.4857 -56.5401 -28
    endloop
  endfacet
  facet normal 0 0 -1
    outer loop
      vertex -51.9723 -56.215 -28
      vertex -51.4857 -56.5401 -28
      vertex -51.5927 -56.4908 -28
    endloop
  endfacet
  facet normal 0 0 -1
    outer loop
      vertex -51.9723 -56.215 -28
      vertex -51.5927 -56.4908 -28
      vertex -51.6954 -56.4333 -28
    endloop
  endfacet
  facet normal 0 0 -1
    outer loop
      vertex -51.9723 -56.215 -28
      vertex -51.6954 -56.4333 -28
      vertex -51.7934 -56.3679 -28
    endloop
  endfacet
  facet normal 0 0 -1
    outer loop
      vertex -51.9723 -56.215 -28
      vertex -51.7934 -56.3679 -28
      vertex -51.8859 -56.2949 -28
    endloop
  endfacet
  facet normal 0 0 -1
    outer loop
      vertex -49.851 -56.215 -28
      vertex -51.9723 -56.215 -28
      vertex -56.215 -49.851 -28
    endloop
  endfacet
  facet normal 0 0 -1
    outer loop
      vertex -56.215 -49.851 -28
      vertex -51.9723 -56.215 -28
      vertex -56.215 -51.9723 -28
    endloop
  endfacet
  facet normal 0 0 -1
    outer loop
      vertex -49.851 -56.215 -28
      vertex -56.215 -49.851 -28
      vertex -51.2652 -44.9013 -28
    endloop
  endfacet
  facet normal 0 0 -1
    outer loop
      vertex -56.2949 -51.8859 -28
      vertex -56.215 -49.851 -28
      vertex -56.215 -51.9723 -28
    endloop
  endfacet
  facet normal 0 0 -1
    outer loop
      vertex -56.2949 -51.8859 -28
      vertex -56.2949 -49.9375 -28
      vertex -56.215 -49.851 -28
    endloop
  endfacet
  facet normal 0 0 -1
    outer loop
      vertex -56.3679 -51.7934 -28
      vertex -56.2949 -49.9375 -28
      vertex -56.2949 -51.8859 -28
    endloop
  endfacet
  facet normal 0 0 -1
    outer loop
      vertex -56.3679 -51.7934 -28
      vertex -56.3679 -50.03 -28
      vertex -56.2949 -49.9375 -28
    endloop
  endfacet
  facet normal 0 0 -1
    outer loop
      vertex -56.4333 -51.6954 -28
      vertex -56.3679 -50.03 -28
      vertex -56.3679 -51.7934 -28
    endloop
  endfacet
  facet normal 0 0 -1
    outer loop
      vertex -56.4333 -51.6954 -28
      vertex -56.4333 -50.1279 -28
      vertex -56.3679 -50.03 -28
    endloop
  endfacet
  facet normal 0 0 -1
    outer loop
      vertex -56.4908 -51.5927 -28
      vertex -56.4333 -50.1279 -28
      vertex -56.4333 -51.6954 -28
    endloop
  endfacet
  facet normal 0 0 -1
    outer loop
      vertex -56.4908 -51.5927 -28
      vertex -56.4908 -50.2307 -28
      vertex -56.4333 -50.1279 -28
    endloop
  endfacet
  facet normal 0 0 -1
    outer loop
      vertex -56.5401 -51.4857 -28
      vertex -56.4908 -50.2307 -28
      vertex -56.4908 -51.5927 -28
    endloop
  endfacet
  facet normal 0 0 -1
    outer loop
      vertex -56.5401 -51.4857 -28
      vertex -56.5401 -50.3377 -28
      vertex -56.4908 -50.2307 -28
    endloop
  endfacet
  facet normal 0 0 -1
    outer loop
      vertex -56.5809 -51.3752 -28
      vertex -56.5401 -50.3377 -28
      vertex -56.5401 -51.4857 -28
    endloop
  endfacet
  facet normal 0 0 -1
    outer loop
      vertex -56.5809 -51.3752 -28
      vertex -56.5809 -50.4482 -28
      vertex -56.5401 -50.3377 -28
    endloop
  endfacet
  facet normal 0 0 -1
    outer loop
      vertex -56.6129 -51.2619 -28
      vertex -56.5809 -50.4482 -28
      vertex -56.5809 -51.3752 -28
    endloop
  endfacet
  facet normal 0 0 -1
    outer loop
      vertex -56.6129 -51.2619 -28
      vertex -56.6129 -50.5615 -28
      vertex -56.5809 -50.4482 -28
    endloop
  endfacet
  facet normal 0 0 -1
    outer loop
      vertex -56.6359 -51.1463 -28
      vertex -56.6129 -50.5615 -28
      vertex -56.6129 -51.2619 -28
    endloop
  endfacet
  facet normal 0 0 -1
    outer loop
      vertex -56.6359 -51.1463 -28
      vertex -56.6359 -50.677 -28
      vertex -56.6129 -50.5615 -28
    endloop
  endfacet
  facet normal 0 0 -1
    outer loop
      vertex -56.6497 -51.0294 -28
      vertex -56.6359 -50.677 -28
      vertex -56.6359 -51.1463 -28
    endloop
  endfacet
  facet normal 0 0 -1
    outer loop
      vertex -56.6497 -51.0294 -28
      vertex -56.6497 -50.794 -28
      vertex -56.6359 -50.677 -28
    endloop
  endfacet
  facet normal 0 -0 -1
    outer loop
      vertex -56.6497 -50.794 -28
      vertex -56.6497 -51.0294 -28
      vertex -56.6543 -50.9117 -28
    endloop
  endfacet
  facet normal -0.938096 -0.346374 0
    outer loop
      vertex -56.5401 -51.4857 -28
      vertex -56.5809 -51.3752 0
      vertex -56.5809 -51.3752 -28
    endloop
  endfacet
  facet normal -0.938096 -0.346374 0
    outer loop
      vertex -56.5809 -51.3752 0
      vertex -56.5401 -51.4857 -28
      vertex -56.5401 -51.4857 0
    endloop
  endfacet
  facet normal -0.0390526 -0.999237 0
    outer loop
      vertex -51.0294 -56.6497 -28
      vertex -50.9117 -56.6543 0
      vertex -51.0294 -56.6497 0
    endloop
  endfacet
  facet normal -0.0390526 -0.999237 -0
    outer loop
      vertex -50.9117 -56.6543 0
      vertex -51.0294 -56.6497 -28
      vertex -50.9117 -56.6543 -28
    endloop
  endfacet
  facet normal -0.489172 0.872187 0
    outer loop
      vertex -50.8856 -44.6254 -28
      vertex -50.9883 -44.683 0
      vertex -50.8856 -44.6254 0
    endloop
  endfacet
  facet normal -0.489172 0.872187 0
    outer loop
      vertex -50.9883 -44.683 0
      vertex -50.8856 -44.6254 -28
      vertex -50.9883 -44.683 -28
    endloop
  endfacet
  facet normal -0.999237 0.0390526 0
    outer loop
      vertex -56.6543 -50.9117 -28
      vertex -56.6497 -50.794 0
      vertex -56.6497 -50.794 -28
    endloop
  endfacet
  facet normal -0.999237 0.0390526 0
    outer loop
      vertex -56.6497 -50.794 0
      vertex -56.6543 -50.9117 -28
      vertex -56.6543 -50.9117 0
    endloop
  endfacet
  facet normal 0.619507 -0.784991 0
    outer loop
      vertex -50.03 -56.3679 -28
      vertex -49.9375 -56.2949 0
      vertex -50.03 -56.3679 0
    endloop
  endfacet
  facet normal 0.619507 -0.784991 0
    outer loop
      vertex -49.9375 -56.2949 0
      vertex -50.03 -56.3679 -28
      vertex -49.9375 -56.2949 -28
    endloop
  endfacet
  facet normal -0.418466 -0.908232 0
    outer loop
      vertex -51.5927 -56.4908 -28
      vertex -51.4857 -56.5401 0
      vertex -51.5927 -56.4908 0
    endloop
  endfacet
  facet normal -0.418466 -0.908232 -0
    outer loop
      vertex -51.4857 -56.5401 0
      vertex -51.5927 -56.4908 -28
      vertex -51.4857 -56.5401 -28
    endloop
  endfacet
  facet normal 0.555484 0.831527 -0
    outer loop
      vertex -49.3229 -44.7484 -28
      vertex -49.4208 -44.683 0
      vertex -49.3229 -44.7484 0
    endloop
  endfacet
  facet normal 0.555484 0.831527 0
    outer loop
      vertex -49.4208 -44.683 0
      vertex -49.3229 -44.7484 -28
      vertex -49.4208 -44.683 -28
    endloop
  endfacet
  facet normal -0.962353 0.271803 0
    outer loop
      vertex -56.6129 -50.5615 -28
      vertex -56.5809 -50.4482 0
      vertex -56.5809 -50.4482 -28
    endloop
  endfacet
  facet normal -0.962353 0.271803 0
    outer loop
      vertex -56.5809 -50.4482 0
      vertex -56.6129 -50.5615 -28
      vertex -56.6129 -50.5615 0
    endloop
  endfacet
  facet normal -0.993104 -0.117236 0
    outer loop
      vertex -56.6359 -51.1463 -28
      vertex -56.6497 -51.0294 0
      vertex -56.6497 -51.0294 -28
    endloop
  endfacet
  facet normal -0.993104 -0.117236 0
    outer loop
      vertex -56.6497 -51.0294 0
      vertex -56.6359 -51.1463 -28
      vertex -56.6359 -51.1463 0
    endloop
  endfacet
  facet normal -0.872752 0.488164 0
    outer loop
      vertex -56.4908 -50.2307 -28
      vertex -56.4333 -50.1279 0
      vertex -56.4333 -50.1279 -28
    endloop
  endfacet
  facet normal -0.872752 0.488164 0
    outer loop
      vertex -56.4333 -50.1279 0
      vertex -56.4908 -50.2307 -28
      vertex -56.4908 -50.2307 0
    endloop
  endfacet
  facet normal -0.999237 -0.0390526 0
    outer loop
      vertex -56.6497 -51.0294 -28
      vertex -56.6543 -50.9117 0
      vertex -56.6543 -50.9117 -28
    endloop
  endfacet
  facet normal -0.999237 -0.0390526 0
    outer loop
      vertex -56.6543 -50.9117 0
      vertex -56.6497 -51.0294 -28
      vertex -56.6497 -51.0294 0
    endloop
  endfacet
  facet normal -0.908232 0.418466 0
    outer loop
      vertex -56.5401 -50.3377 -28
      vertex -56.4908 -50.2307 0
      vertex -56.4908 -50.2307 -28
    endloop
  endfacet
  facet normal -0.908232 0.418466 0
    outer loop
      vertex -56.4908 -50.2307 0
      vertex -56.5401 -50.3377 -28
      vertex -56.5401 -50.3377 0
    endloop
  endfacet
  facet normal -0.555484 -0.831527 0
    outer loop
      vertex 50.03 -56.3679 -28
      vertex 50.1279 -56.4333 0
      vertex 50.03 -56.3679 0
    endloop
  endfacet
  facet normal -0.555484 -0.831527 -0
    outer loop
      vertex 50.1279 -56.4333 0
      vertex 50.03 -56.3679 -28
      vertex 50.1279 -56.4333 -28
    endloop
  endfacet
  facet normal -0.619507 -0.784991 0
    outer loop
      vertex 49.9375 -56.2949 -28
      vertex 50.03 -56.3679 0
      vertex 49.9375 -56.2949 0
    endloop
  endfacet
  facet normal -0.619507 -0.784991 -0
    outer loop
      vertex 50.03 -56.3679 0
      vertex 49.9375 -56.2949 -28
      vertex 50.03 -56.3679 -28
    endloop
  endfacet
  facet normal 0.618983 0.785404 -0
    outer loop
      vertex 51.1788 -44.8213 -28
      vertex 51.0863 -44.7484 0
      vertex 51.1788 -44.8213 0
    endloop
  endfacet
  facet normal 0.618983 0.785404 0
    outer loop
      vertex 51.0863 -44.7484 0
      vertex 51.1788 -44.8213 -28
      vertex 51.0863 -44.7484 -28
    endloop
  endfacet
  facet normal 0.831527 0.555484 0
    outer loop
      vertex 56.4333 -50.1279 0
      vertex 56.3679 -50.03 -28
      vertex 56.3679 -50.03 0
    endloop
  endfacet
  facet normal 0.831527 0.555484 0
    outer loop
      vertex 56.3679 -50.03 -28
      vertex 56.4333 -50.1279 0
      vertex 56.4333 -50.1279 -28
    endloop
  endfacet
  facet normal -0.938372 0.345627 0
    outer loop
      vertex 44.5354 -49.7411 -28
      vertex 44.5761 -49.6306 0
      vertex 44.5761 -49.6306 -28
    endloop
  endfacet
  facet normal -0.938372 0.345627 0
    outer loop
      vertex 44.5761 -49.6306 0
      vertex 44.5354 -49.7411 -28
      vertex 44.5354 -49.7411 0
    endloop
  endfacet
  facet normal -0.678527 -0.734575 0
    outer loop
      vertex 49.851 -56.215 -28
      vertex 49.9375 -56.2949 0
      vertex 49.851 -56.215 0
    endloop
  endfacet
  facet normal -0.678527 -0.734575 -0
    outer loop
      vertex 49.9375 -56.2949 0
      vertex 49.851 -56.215 -28
      vertex 49.9375 -56.2949 -28
    endloop
  endfacet
  facet normal 0.7071 0.707114 0
    outer loop
      vertex 56.215 -49.851 0
      vertex 51.2652 -44.9013 -28
      vertex 51.2652 -44.9013 0
    endloop
  endfacet
  facet normal 0.7071 0.707114 0
    outer loop
      vertex 51.2652 -44.9013 -28
      vertex 56.215 -49.851 0
      vertex 56.215 -49.851 -28
    endloop
  endfacet
  facet normal -0.908232 -0.418466 0
    outer loop
      vertex 44.6254 -50.8856 -28
      vertex 44.5761 -50.7786 0
      vertex 44.5761 -50.7786 -28
    endloop
  endfacet
  facet normal -0.908232 -0.418466 0
    outer loop
      vertex 44.5761 -50.7786 0
      vertex 44.6254 -50.8856 -28
      vertex 44.6254 -50.8856 0
    endloop
  endfacet
  facet normal -0.707114 -0.7071 0
    outer loop
      vertex 44.9013 -51.2652 -28
      vertex 49.851 -56.215 0
      vertex 44.9013 -51.2652 0
    endloop
  endfacet
  facet normal -0.707114 -0.7071 -0
    outer loop
      vertex 49.851 -56.215 0
      vertex 44.9013 -51.2652 -28
      vertex 49.851 -56.215 -28
    endloop
  endfacet
  facet normal 0.345627 0.938372 -0
    outer loop
      vertex 50.7786 -44.5761 -28
      vertex 50.6681 -44.5354 0
      vertex 50.7786 -44.5761 0
    endloop
  endfacet
  facet normal 0.345627 0.938372 0
    outer loop
      vertex 50.6681 -44.5354 0
      vertex 50.7786 -44.5761 -28
      vertex 50.6681 -44.5354 -28
    endloop
  endfacet
  facet normal -0.733761 -0.679408 0
    outer loop
      vertex 44.9013 -51.2652 -28
      vertex 44.8213 -51.1788 0
      vertex 44.8213 -51.1788 -28
    endloop
  endfacet
  facet normal -0.733761 -0.679408 0
    outer loop
      vertex 44.8213 -51.1788 0
      vertex 44.9013 -51.2652 -28
      vertex 44.9013 -51.2652 0
    endloop
  endfacet
  facet normal 0.734184 -0.67895 0
    outer loop
      vertex 56.215 -51.9723 0
      vertex 56.2949 -51.8859 -28
      vertex 56.2949 -51.8859 0
    endloop
  endfacet
  facet normal 0.734184 -0.67895 0
    outer loop
      vertex 56.2949 -51.8859 -28
      vertex 56.215 -51.9723 0
      vertex 56.215 -51.9723 -28
    endloop
  endfacet
  facet normal 0.555092 -0.831789 0
    outer loop
      vertex 51.6954 -56.4333 -28
      vertex 51.7934 -56.3679 0
      vertex 51.6954 -56.4333 0
    endloop
  endfacet
  facet normal 0.555092 -0.831789 0
    outer loop
      vertex 51.7934 -56.3679 0
      vertex 51.6954 -56.4333 -28
      vertex 51.7934 -56.3679 -28
    endloop
  endfacet
  facet normal -0.993104 -0.117236 0
    outer loop
      vertex 44.4804 -50.4392 -28
      vertex 44.4666 -50.3223 0
      vertex 44.4666 -50.3223 -28
    endloop
  endfacet
  facet normal -0.993104 -0.117236 0
    outer loop
      vertex 44.4666 -50.3223 0
      vertex 44.4804 -50.4392 -28
      vertex 44.4804 -50.4392 0
    endloop
  endfacet
  facet normal 0.271581 0.962416 -0
    outer loop
      vertex 50.6681 -44.5354 -28
      vertex 50.5547 -44.5034 0
      vertex 50.6681 -44.5354 0
    endloop
  endfacet
  facet normal 0.271581 0.962416 0
    outer loop
      vertex 50.5547 -44.5034 0
      vertex 50.6681 -44.5354 -28
      vertex 50.5547 -44.5034 -28
    endloop
  endfacet
  facet normal -0.785404 -0.618983 0
    outer loop
      vertex 44.8213 -51.1788 -28
      vertex 44.7484 -51.0863 0
      vertex 44.7484 -51.0863 -28
    endloop
  endfacet
  facet normal -0.785404 -0.618983 0
    outer loop
      vertex 44.7484 -51.0863 0
      vertex 44.8213 -51.1788 -28
      vertex 44.8213 -51.1788 0
    endloop
  endfacet
  facet normal -0.999204 0.0399002 0
    outer loop
      vertex 44.4619 -50.2046 -28
      vertex 44.4666 -50.0869 0
      vertex 44.4666 -50.0869 -28
    endloop
  endfacet
  facet normal -0.999204 0.0399002 0
    outer loop
      vertex 44.4666 -50.0869 0
      vertex 44.4619 -50.2046 -28
      vertex 44.4619 -50.2046 0
    endloop
  endfacet
  facet normal 0.619507 -0.784991 0
    outer loop
      vertex 51.7934 -56.3679 -28
      vertex 51.8859 -56.2949 0
      vertex 51.7934 -56.3679 0
    endloop
  endfacet
  facet normal 0.619507 -0.784991 0
    outer loop
      vertex 51.8859 -56.2949 0
      vertex 51.7934 -56.3679 -28
      vertex 51.8859 -56.2949 -28
    endloop
  endfacet
  facet normal 0.555092 0.831789 -0
    outer loop
      vertex 51.0863 -44.7484 -28
      vertex 50.9883 -44.683 0
      vertex 51.0863 -44.7484 0
    endloop
  endfacet
  facet normal 0.555092 0.831789 0
    outer loop
      vertex 50.9883 -44.683 0
      vertex 51.0863 -44.7484 -28
      vertex 50.9883 -44.683 -28
    endloop
  endfacet
  facet normal 0.679408 0.733761 -0
    outer loop
      vertex 51.2652 -44.9013 -28
      vertex 51.1788 -44.8213 0
      vertex 51.2652 -44.9013 0
    endloop
  endfacet
  facet normal 0.679408 0.733761 0
    outer loop
      vertex 51.1788 -44.8213 0
      vertex 51.2652 -44.9013 -28
      vertex 51.1788 -44.8213 -28
    endloop
  endfacet
  facet normal -0.980744 -0.1953 0
    outer loop
      vertex 44.5034 -50.5547 -28
      vertex 44.4804 -50.4392 0
      vertex 44.4804 -50.4392 -28
    endloop
  endfacet
  facet normal -0.980744 -0.1953 0
    outer loop
      vertex 44.4804 -50.4392 0
      vertex 44.5034 -50.5547 -28
      vertex 44.5034 -50.5547 0
    endloop
  endfacet
  facet normal 0.67895 -0.734184 0
    outer loop
      vertex 51.8859 -56.2949 -28
      vertex 51.9723 -56.215 0
      vertex 51.8859 -56.2949 0
    endloop
  endfacet
  facet normal 0.67895 -0.734184 0
    outer loop
      vertex 51.9723 -56.215 0
      vertex 51.8859 -56.2949 -28
      vertex 51.9723 -56.215 -28
    endloop
  endfacet
  facet normal -0.938372 -0.345627 0
    outer loop
      vertex 44.5761 -50.7786 -28
      vertex 44.5354 -50.6681 0
      vertex 44.5354 -50.6681 -28
    endloop
  endfacet
  facet normal -0.938372 -0.345627 0
    outer loop
      vertex 44.5354 -50.6681 0
      vertex 44.5761 -50.7786 -28
      vertex 44.5761 -50.7786 0
    endloop
  endfacet
  facet normal -0.418466 0.908232 0
    outer loop
      vertex 49.6306 -44.5761 -28
      vertex 49.5236 -44.6254 0
      vertex 49.6306 -44.5761 0
    endloop
  endfacet
  facet normal -0.418466 0.908232 0
    outer loop
      vertex 49.5236 -44.6254 0
      vertex 49.6306 -44.5761 -28
      vertex 49.5236 -44.6254 -28
    endloop
  endfacet
  facet normal -0.734152 0.678985 0
    outer loop
      vertex 44.8213 -49.2304 -28
      vertex 44.9013 -49.1439 0
      vertex 44.9013 -49.1439 -28
    endloop
  endfacet
  facet normal -0.734152 0.678985 0
    outer loop
      vertex 44.9013 -49.1439 0
      vertex 44.8213 -49.2304 -28
      vertex 44.8213 -49.2304 0
    endloop
  endfacet
  facet normal 0.0399002 0.999204 -0
    outer loop
      vertex 50.3223 -44.4666 -28
      vertex 50.2046 -44.4619 0
      vertex 50.3223 -44.4666 0
    endloop
  endfacet
  facet normal 0.0399002 0.999204 0
    outer loop
      vertex 50.2046 -44.4619 0
      vertex 50.3223 -44.4666 -28
      vertex 50.2046 -44.4619 -28
    endloop
  endfacet
  facet normal -0.962416 -0.271581 0
    outer loop
      vertex 44.5354 -50.6681 -28
      vertex 44.5034 -50.5547 0
      vertex 44.5034 -50.5547 -28
    endloop
  endfacet
  facet normal -0.962416 -0.271581 0
    outer loop
      vertex 44.5034 -50.5547 0
      vertex 44.5354 -50.6681 -28
      vertex 44.5354 -50.6681 0
    endloop
  endfacet
  facet normal 0.980776 -0.195137 0
    outer loop
      vertex 56.6129 -51.2619 0
      vertex 56.6359 -51.1463 -28
      vertex 56.6359 -51.1463 0
    endloop
  endfacet
  facet normal 0.980776 -0.195137 0
    outer loop
      vertex 56.6359 -51.1463 -28
      vertex 56.6129 -51.2619 0
      vertex 56.6129 -51.2619 -28
    endloop
  endfacet
  facet normal 0.784991 0.619507 0
    outer loop
      vertex 56.3679 -50.03 0
      vertex 56.2949 -49.9375 -28
      vertex 56.2949 -49.9375 0
    endloop
  endfacet
  facet normal 0.784991 0.619507 0
    outer loop
      vertex 56.2949 -49.9375 -28
      vertex 56.3679 -50.03 0
      vertex 56.3679 -50.03 -28
    endloop
  endfacet
  facet normal 0.489172 0.872187 -0
    outer loop
      vertex 50.9883 -44.683 -28
      vertex 50.8856 -44.6254 0
      vertex 50.9883 -44.683 0
    endloop
  endfacet
  facet normal 0.489172 0.872187 0
    outer loop
      vertex 50.8856 -44.6254 0
      vertex 50.9883 -44.683 -28
      vertex 50.8856 -44.6254 -28
    endloop
  endfacet
  facet normal 0.271803 -0.962353 0
    outer loop
      vertex 51.2619 -56.6129 -28
      vertex 51.3752 -56.5809 0
      vertex 51.2619 -56.6129 0
    endloop
  endfacet
  facet normal 0.271803 -0.962353 0
    outer loop
      vertex 51.3752 -56.5809 0
      vertex 51.2619 -56.6129 -28
      vertex 51.3752 -56.5809 -28
    endloop
  endfacet
  facet normal 0.999237 0.0390526 0
    outer loop
      vertex 56.6543 -50.9117 0
      vertex 56.6497 -50.794 -28
      vertex 56.6497 -50.794 0
    endloop
  endfacet
  facet normal 0.999237 0.0390526 0
    outer loop
      vertex 56.6497 -50.794 -28
      vertex 56.6543 -50.9117 0
      vertex 56.6543 -50.9117 -28
    endloop
  endfacet
  facet normal 0.993116 0.117137 0
    outer loop
      vertex 56.6497 -50.794 0
      vertex 56.6359 -50.677 -28
      vertex 56.6359 -50.677 0
    endloop
  endfacet
  facet normal 0.993116 0.117137 0
    outer loop
      vertex 56.6359 -50.677 -28
      vertex 56.6497 -50.794 0
      vertex 56.6497 -50.794 -28
    endloop
  endfacet
  facet normal 0.938096 -0.346374 0
    outer loop
      vertex 56.5401 -51.4857 0
      vertex 56.5809 -51.3752 -28
      vertex 56.5809 -51.3752 0
    endloop
  endfacet
  facet normal 0.938096 -0.346374 0
    outer loop
      vertex 56.5809 -51.3752 -28
      vertex 56.5401 -51.4857 0
      vertex 56.5401 -51.4857 -28
    endloop
  endfacet
  facet normal -0.993116 0.117137 0
    outer loop
      vertex 44.4666 -50.0869 -28
      vertex 44.4804 -49.9699 0
      vertex 44.4804 -49.9699 -28
    endloop
  endfacet
  facet normal -0.993116 0.117137 0
    outer loop
      vertex 44.4804 -49.9699 0
      vertex 44.4666 -50.0869 -28
      vertex 44.4666 -50.0869 0
    endloop
  endfacet
  facet normal 0.734575 0.678527 0
    outer loop
      vertex 56.2949 -49.9375 0
      vertex 56.215 -49.851 -28
      vertex 56.215 -49.851 0
    endloop
  endfacet
  facet normal 0.734575 0.678527 0
    outer loop
      vertex 56.215 -49.851 -28
      vertex 56.2949 -49.9375 0
      vertex 56.2949 -49.9375 -28
    endloop
  endfacet
  facet normal 0.1953 0.980744 -0
    outer loop
      vertex 50.5547 -44.5034 -28
      vertex 50.4392 -44.4804 0
      vertex 50.5547 -44.5034 0
    endloop
  endfacet
  facet normal 0.1953 0.980744 0
    outer loop
      vertex 50.4392 -44.4804 0
      vertex 50.5547 -44.5034 -28
      vertex 50.4392 -44.4804 -28
    endloop
  endfacet
  facet normal -0.87239 0.48881 0
    outer loop
      vertex 44.6254 -49.5236 -28
      vertex 44.683 -49.4208 0
      vertex 44.683 -49.4208 -28
    endloop
  endfacet
  facet normal -0.87239 0.48881 0
    outer loop
      vertex 44.683 -49.4208 0
      vertex 44.6254 -49.5236 -28
      vertex 44.6254 -49.5236 0
    endloop
  endfacet
  facet normal 0.418466 0.908232 -0
    outer loop
      vertex 50.8856 -44.6254 -28
      vertex 50.7786 -44.5761 0
      vertex 50.8856 -44.6254 0
    endloop
  endfacet
  facet normal 0.418466 0.908232 0
    outer loop
      vertex 50.7786 -44.5761 0
      vertex 50.8856 -44.6254 -28
      vertex 50.7786 -44.5761 -28
    endloop
  endfacet
  facet normal 0.784991 -0.619507 0
    outer loop
      vertex 56.2949 -51.8859 0
      vertex 56.3679 -51.7934 -28
      vertex 56.3679 -51.7934 0
    endloop
  endfacet
  facet normal 0.784991 -0.619507 0
    outer loop
      vertex 56.3679 -51.7934 -28
      vertex 56.2949 -51.8859 0
      vertex 56.2949 -51.8859 -28
    endloop
  endfacet
  facet normal -0.999204 -0.0399002 0
    outer loop
      vertex 44.4666 -50.3223 -28
      vertex 44.4619 -50.2046 0
      vertex 44.4619 -50.2046 -28
    endloop
  endfacet
  facet normal -0.999204 -0.0399002 0
    outer loop
      vertex 44.4619 -50.2046 0
      vertex 44.4666 -50.3223 -28
      vertex 44.4666 -50.3223 0
    endloop
  endfacet
  facet normal 0.117236 0.993104 -0
    outer loop
      vertex 50.4392 -44.4804 -28
      vertex 50.3223 -44.4666 0
      vertex 50.4392 -44.4804 0
    endloop
  endfacet
  facet normal 0.117236 0.993104 0
    outer loop
      vertex 50.3223 -44.4666 0
      vertex 50.4392 -44.4804 -28
      vertex 50.3223 -44.4666 -28
    endloop
  endfacet
  facet normal -0.831789 -0.555092 0
    outer loop
      vertex 44.7484 -51.0863 -28
      vertex 44.683 -50.9883 0
      vertex 44.683 -50.9883 -28
    endloop
  endfacet
  facet normal -0.831789 -0.555092 0
    outer loop
      vertex 44.683 -50.9883 0
      vertex 44.7484 -51.0863 -28
      vertex 44.7484 -51.0863 0
    endloop
  endfacet
  facet normal -0.618983 0.785404 0
    outer loop
      vertex 49.3229 -44.7484 -28
      vertex 49.2304 -44.8213 0
      vertex 49.3229 -44.7484 0
    endloop
  endfacet
  facet normal -0.618983 0.785404 0
    outer loop
      vertex 49.2304 -44.8213 0
      vertex 49.3229 -44.7484 -28
      vertex 49.2304 -44.8213 -28
    endloop
  endfacet
  facet normal -0.555484 0.831527 0
    outer loop
      vertex 49.4208 -44.683 -28
      vertex 49.3229 -44.7484 0
      vertex 49.4208 -44.683 0
    endloop
  endfacet
  facet normal -0.555484 0.831527 0
    outer loop
      vertex 49.3229 -44.7484 0
      vertex 49.4208 -44.683 -28
      vertex 49.3229 -44.7484 -28
    endloop
  endfacet
  facet normal 0.980744 0.1953 0
    outer loop
      vertex 56.6359 -50.677 0
      vertex 56.6129 -50.5615 -28
      vertex 56.6129 -50.5615 0
    endloop
  endfacet
  facet normal 0.980744 0.1953 0
    outer loop
      vertex 56.6129 -50.5615 -28
      vertex 56.6359 -50.677 0
      vertex 56.6359 -50.677 -28
    endloop
  endfacet
  facet normal -0.271803 0.962353 0
    outer loop
      vertex 49.8544 -44.5034 -28
      vertex 49.7411 -44.5354 0
      vertex 49.8544 -44.5034 0
    endloop
  endfacet
  facet normal -0.271803 0.962353 0
    outer loop
      vertex 49.7411 -44.5354 0
      vertex 49.8544 -44.5034 -28
      vertex 49.7411 -44.5354 -28
    endloop
  endfacet
  facet normal -0.872187 -0.489172 0
    outer loop
      vertex 44.683 -50.9883 -28
      vertex 44.6254 -50.8856 0
      vertex 44.6254 -50.8856 -28
    endloop
  endfacet
  facet normal -0.872187 -0.489172 0
    outer loop
      vertex 44.6254 -50.8856 0
      vertex 44.683 -50.9883 -28
      vertex 44.683 -50.9883 0
    endloop
  endfacet
  facet normal -0.345627 0.938372 0
    outer loop
      vertex 49.7411 -44.5354 -28
      vertex 49.6306 -44.5761 0
      vertex 49.7411 -44.5354 0
    endloop
  endfacet
  facet normal -0.345627 0.938372 0
    outer loop
      vertex 49.6306 -44.5761 0
      vertex 49.7411 -44.5354 -28
      vertex 49.6306 -44.5761 -28
    endloop
  endfacet
  facet normal -0.48881 0.87239 0
    outer loop
      vertex 49.5236 -44.6254 -28
      vertex 49.4208 -44.683 0
      vertex 49.5236 -44.6254 0
    endloop
  endfacet
  facet normal -0.48881 0.87239 0
    outer loop
      vertex 49.4208 -44.683 0
      vertex 49.5236 -44.6254 -28
      vertex 49.4208 -44.683 -28
    endloop
  endfacet
  facet normal -0.117137 0.993116 0
    outer loop
      vertex 50.0869 -44.4666 -28
      vertex 49.9699 -44.4804 0
      vertex 50.0869 -44.4666 0
    endloop
  endfacet
  facet normal -0.117137 0.993116 0
    outer loop
      vertex 49.9699 -44.4804 0
      vertex 50.0869 -44.4666 -28
      vertex 49.9699 -44.4804 -28
    endloop
  endfacet
  facet normal 0.938096 0.346374 0
    outer loop
      vertex 56.5809 -50.4482 0
      vertex 56.5401 -50.3377 -28
      vertex 56.5401 -50.3377 0
    endloop
  endfacet
  facet normal 0.938096 0.346374 0
    outer loop
      vertex 56.5401 -50.3377 -28
      vertex 56.5809 -50.4482 0
      vertex 56.5809 -50.4482 -28
    endloop
  endfacet
  facet normal -0.678985 0.734152 0
    outer loop
      vertex 49.2304 -44.8213 -28
      vertex 49.1439 -44.9013 0
      vertex 49.2304 -44.8213 0
    endloop
  endfacet
  facet normal -0.678985 0.734152 0
    outer loop
      vertex 49.1439 -44.9013 0
      vertex 49.2304 -44.8213 -28
      vertex 49.1439 -44.9013 -28
    endloop
  endfacet
  facet normal -0.1953 0.980744 0
    outer loop
      vertex 49.9699 -44.4804 -28
      vertex 49.8544 -44.5034 0
      vertex 49.9699 -44.4804 0
    endloop
  endfacet
  facet normal -0.1953 0.980744 0
    outer loop
      vertex 49.8544 -44.5034 0
      vertex 49.9699 -44.4804 -28
      vertex 49.8544 -44.5034 -28
    endloop
  endfacet
  facet normal 0.872549 -0.488526 0
    outer loop
      vertex 56.4333 -51.6954 0
      vertex 56.4908 -51.5927 -28
      vertex 56.4908 -51.5927 0
    endloop
  endfacet
  facet normal 0.872549 -0.488526 0
    outer loop
      vertex 56.4908 -51.5927 -28
      vertex 56.4333 -51.6954 0
      vertex 56.4333 -51.6954 -28
    endloop
  endfacet
  facet normal -0.0399002 0.999204 0
    outer loop
      vertex 50.2046 -44.4619 -28
      vertex 50.0869 -44.4666 0
      vertex 50.2046 -44.4619 0
    endloop
  endfacet
  facet normal -0.0399002 0.999204 0
    outer loop
      vertex 50.0869 -44.4666 0
      vertex 50.2046 -44.4619 -28
      vertex 50.0869 -44.4666 -28
    endloop
  endfacet
  facet normal 0.488526 -0.872549 0
    outer loop
      vertex 51.5927 -56.4908 -28
      vertex 51.6954 -56.4333 0
      vertex 51.5927 -56.4908 0
    endloop
  endfacet
  facet normal 0.488526 -0.872549 0
    outer loop
      vertex 51.6954 -56.4333 0
      vertex 51.5927 -56.4908 -28
      vertex 51.6954 -56.4333 -28
    endloop
  endfacet
  facet normal -0.980744 0.1953 0
    outer loop
      vertex 44.4804 -49.9699 -28
      vertex 44.5034 -49.8544 0
      vertex 44.5034 -49.8544 -28
    endloop
  endfacet
  facet normal -0.980744 0.1953 0
    outer loop
      vertex 44.5034 -49.8544 0
      vertex 44.4804 -49.9699 -28
      vertex 44.4804 -49.9699 0
    endloop
  endfacet
  facet normal 0.962353 0.271803 0
    outer loop
      vertex 56.6129 -50.5615 0
      vertex 56.5809 -50.4482 -28
      vertex 56.5809 -50.4482 0
    endloop
  endfacet
  facet normal 0.962353 0.271803 0
    outer loop
      vertex 56.5809 -50.4482 -28
      vertex 56.6129 -50.5615 0
      vertex 56.6129 -50.5615 -28
    endloop
  endfacet
  facet normal -0.707107 0.707107 0
    outer loop
      vertex 44.9013 -49.1439 -28
      vertex 49.1439 -44.9013 0
      vertex 49.1439 -44.9013 -28
    endloop
  endfacet
  facet normal -0.707107 0.707107 0
    outer loop
      vertex 49.1439 -44.9013 0
      vertex 44.9013 -49.1439 -28
      vertex 44.9013 -49.1439 0
    endloop
  endfacet
  facet normal 0.908232 0.418466 0
    outer loop
      vertex 56.5401 -50.3377 0
      vertex 56.4908 -50.2307 -28
      vertex 56.4908 -50.2307 0
    endloop
  endfacet
  facet normal 0.908232 0.418466 0
    outer loop
      vertex 56.4908 -50.2307 -28
      vertex 56.5401 -50.3377 0
      vertex 56.5401 -50.3377 -28
    endloop
  endfacet
  facet normal 0.993104 -0.117236 0
    outer loop
      vertex 56.6359 -51.1463 0
      vertex 56.6497 -51.0294 -28
      vertex 56.6497 -51.0294 0
    endloop
  endfacet
  facet normal 0.993104 -0.117236 0
    outer loop
      vertex 56.6497 -51.0294 -28
      vertex 56.6359 -51.1463 0
      vertex 56.6359 -51.1463 -28
    endloop
  endfacet
  facet normal -0.908232 0.418466 0
    outer loop
      vertex 44.5761 -49.6306 -28
      vertex 44.6254 -49.5236 0
      vertex 44.6254 -49.5236 -28
    endloop
  endfacet
  facet normal -0.908232 0.418466 0
    outer loop
      vertex 44.6254 -49.5236 0
      vertex 44.5761 -49.6306 -28
      vertex 44.5761 -49.6306 0
    endloop
  endfacet
  facet normal 0.962353 -0.271803 0
    outer loop
      vertex 56.5809 -51.3752 0
      vertex 56.6129 -51.2619 -28
      vertex 56.6129 -51.2619 0
    endloop
  endfacet
  facet normal 0.962353 -0.271803 0
    outer loop
      vertex 56.6129 -51.2619 -28
      vertex 56.5809 -51.3752 0
      vertex 56.5809 -51.3752 -28
    endloop
  endfacet
  facet normal -0.117137 -0.993116 0
    outer loop
      vertex 50.677 -56.6359 -28
      vertex 50.794 -56.6497 0
      vertex 50.677 -56.6359 0
    endloop
  endfacet
  facet normal -0.117137 -0.993116 -0
    outer loop
      vertex 50.794 -56.6497 0
      vertex 50.677 -56.6359 -28
      vertex 50.794 -56.6497 -28
    endloop
  endfacet
  facet normal -0.785404 0.618983 0
    outer loop
      vertex 44.7484 -49.3229 -28
      vertex 44.8213 -49.2304 0
      vertex 44.8213 -49.2304 -28
    endloop
  endfacet
  facet normal -0.785404 0.618983 0
    outer loop
      vertex 44.8213 -49.2304 0
      vertex 44.7484 -49.3229 -28
      vertex 44.7484 -49.3229 0
    endloop
  endfacet
  facet normal 0.707107 -0.707107 0
    outer loop
      vertex 51.9723 -56.215 0
      vertex 56.215 -51.9723 -28
      vertex 56.215 -51.9723 0
    endloop
  endfacet
  facet normal 0.707107 -0.707107 0
    outer loop
      vertex 56.215 -51.9723 -28
      vertex 51.9723 -56.215 0
      vertex 51.9723 -56.215 -28
    endloop
  endfacet
  facet normal 0.831789 -0.555092 0
    outer loop
      vertex 56.3679 -51.7934 0
      vertex 56.4333 -51.6954 -28
      vertex 56.4333 -51.6954 0
    endloop
  endfacet
  facet normal 0.831789 -0.555092 0
    outer loop
      vertex 56.4333 -51.6954 -28
      vertex 56.3679 -51.7934 0
      vertex 56.3679 -51.7934 -28
    endloop
  endfacet
  facet normal 0.872752 0.488164 0
    outer loop
      vertex 56.4908 -50.2307 0
      vertex 56.4333 -50.1279 -28
      vertex 56.4333 -50.1279 0
    endloop
  endfacet
  facet normal 0.872752 0.488164 0
    outer loop
      vertex 56.4333 -50.1279 -28
      vertex 56.4908 -50.2307 0
      vertex 56.4908 -50.2307 -28
    endloop
  endfacet
  facet normal -0.962353 0.271803 0
    outer loop
      vertex 44.5034 -49.8544 -28
      vertex 44.5354 -49.7411 0
      vertex 44.5354 -49.7411 -28
    endloop
  endfacet
  facet normal -0.962353 0.271803 0
    outer loop
      vertex 44.5354 -49.7411 0
      vertex 44.5034 -49.8544 -28
      vertex 44.5034 -49.8544 0
    endloop
  endfacet
  facet normal 0.346374 -0.938096 0
    outer loop
      vertex 51.3752 -56.5809 -28
      vertex 51.4857 -56.5401 0
      vertex 51.3752 -56.5809 0
    endloop
  endfacet
  facet normal 0.346374 -0.938096 0
    outer loop
      vertex 51.4857 -56.5401 0
      vertex 51.3752 -56.5809 -28
      vertex 51.4857 -56.5401 -28
    endloop
  endfacet
  facet normal 0.999237 -0.0390526 0
    outer loop
      vertex 56.6497 -51.0294 0
      vertex 56.6543 -50.9117 -28
      vertex 56.6543 -50.9117 0
    endloop
  endfacet
  facet normal 0.999237 -0.0390526 0
    outer loop
      vertex 56.6543 -50.9117 -28
      vertex 56.6497 -51.0294 0
      vertex 56.6497 -51.0294 -28
    endloop
  endfacet
  facet normal -0.0390526 -0.999237 0
    outer loop
      vertex 50.794 -56.6497 -28
      vertex 50.9117 -56.6543 0
      vertex 50.794 -56.6497 0
    endloop
  endfacet
  facet normal -0.0390526 -0.999237 -0
    outer loop
      vertex 50.9117 -56.6543 0
      vertex 50.794 -56.6497 -28
      vertex 50.9117 -56.6543 -28
    endloop
  endfacet
  facet normal -0.1953 -0.980744 0
    outer loop
      vertex 50.5615 -56.6129 -28
      vertex 50.677 -56.6359 0
      vertex 50.5615 -56.6129 0
    endloop
  endfacet
  facet normal -0.1953 -0.980744 -0
    outer loop
      vertex 50.677 -56.6359 0
      vertex 50.5615 -56.6129 -28
      vertex 50.677 -56.6359 -28
    endloop
  endfacet
  facet normal 0.908232 -0.418466 0
    outer loop
      vertex 56.4908 -51.5927 0
      vertex 56.5401 -51.4857 -28
      vertex 56.5401 -51.4857 0
    endloop
  endfacet
  facet normal 0.908232 -0.418466 0
    outer loop
      vertex 56.5401 -51.4857 -28
      vertex 56.4908 -51.5927 0
      vertex 56.4908 -51.5927 -28
    endloop
  endfacet
  facet normal -0.831527 0.555484 0
    outer loop
      vertex 44.683 -49.4208 -28
      vertex 44.7484 -49.3229 0
      vertex 44.7484 -49.3229 -28
    endloop
  endfacet
  facet normal -0.831527 0.555484 0
    outer loop
      vertex 44.7484 -49.3229 0
      vertex 44.683 -49.4208 -28
      vertex 44.683 -49.4208 0
    endloop
  endfacet
  facet normal -0.271803 -0.962353 0
    outer loop
      vertex 50.4482 -56.5809 -28
      vertex 50.5615 -56.6129 0
      vertex 50.4482 -56.5809 0
    endloop
  endfacet
  facet normal -0.271803 -0.962353 -0
    outer loop
      vertex 50.5615 -56.6129 0
      vertex 50.4482 -56.5809 -28
      vertex 50.5615 -56.6129 -28
    endloop
  endfacet
  facet normal 0.117236 -0.993104 0
    outer loop
      vertex 51.0294 -56.6497 -28
      vertex 51.1463 -56.6359 0
      vertex 51.0294 -56.6497 0
    endloop
  endfacet
  facet normal 0.117236 -0.993104 0
    outer loop
      vertex 51.1463 -56.6359 0
      vertex 51.0294 -56.6497 -28
      vertex 51.1463 -56.6359 -28
    endloop
  endfacet
  facet normal -0.346374 -0.938096 0
    outer loop
      vertex 50.3377 -56.5401 -28
      vertex 50.4482 -56.5809 0
      vertex 50.3377 -56.5401 0
    endloop
  endfacet
  facet normal -0.346374 -0.938096 -0
    outer loop
      vertex 50.4482 -56.5809 0
      vertex 50.3377 -56.5401 -28
      vertex 50.4482 -56.5809 -28
    endloop
  endfacet
  facet normal -0.488164 -0.872752 0
    outer loop
      vertex 50.1279 -56.4333 -28
      vertex 50.2307 -56.4908 0
      vertex 50.1279 -56.4333 0
    endloop
  endfacet
  facet normal -0.488164 -0.872752 -0
    outer loop
      vertex 50.2307 -56.4908 0
      vertex 50.1279 -56.4333 -28
      vertex 50.2307 -56.4908 -28
    endloop
  endfacet
  facet normal 0.195137 -0.980776 0
    outer loop
      vertex 51.1463 -56.6359 -28
      vertex 51.2619 -56.6129 0
      vertex 51.1463 -56.6359 0
    endloop
  endfacet
  facet normal 0.195137 -0.980776 0
    outer loop
      vertex 51.2619 -56.6129 0
      vertex 51.1463 -56.6359 -28
      vertex 51.2619 -56.6129 -28
    endloop
  endfacet
  facet normal 0.418466 -0.908232 0
    outer loop
      vertex 51.4857 -56.5401 -28
      vertex 51.5927 -56.4908 0
      vertex 51.4857 -56.5401 0
    endloop
  endfacet
  facet normal 0.418466 -0.908232 0
    outer loop
      vertex 51.5927 -56.4908 0
      vertex 51.4857 -56.5401 -28
      vertex 51.5927 -56.4908 -28
    endloop
  endfacet
  facet normal 0 0 -1
    outer loop
      vertex 56.6497 -51.0294 -28
      vertex 56.6497 -50.794 -28
      vertex 56.6543 -50.9117 -28
    endloop
  endfacet
  facet normal 0 0 -1
    outer loop
      vertex 56.6359 -51.1463 -28
      vertex 56.6497 -50.794 -28
      vertex 56.6497 -51.0294 -28
    endloop
  endfacet
  facet normal 0 0 -1
    outer loop
      vertex 56.6359 -51.1463 -28
      vertex 56.6359 -50.677 -28
      vertex 56.6497 -50.794 -28
    endloop
  endfacet
  facet normal 0 0 -1
    outer loop
      vertex 56.6129 -51.2619 -28
      vertex 56.6359 -50.677 -28
      vertex 56.6359 -51.1463 -28
    endloop
  endfacet
  facet normal 0 0 -1
    outer loop
      vertex 56.6129 -51.2619 -28
      vertex 56.6129 -50.5615 -28
      vertex 56.6359 -50.677 -28
    endloop
  endfacet
  facet normal 0 0 -1
    outer loop
      vertex 56.5809 -51.3752 -28
      vertex 56.6129 -50.5615 -28
      vertex 56.6129 -51.2619 -28
    endloop
  endfacet
  facet normal 0 0 -1
    outer loop
      vertex 56.5809 -51.3752 -28
      vertex 56.5809 -50.4482 -28
      vertex 56.6129 -50.5615 -28
    endloop
  endfacet
  facet normal 0 0 -1
    outer loop
      vertex 56.5401 -51.4857 -28
      vertex 56.5809 -50.4482 -28
      vertex 56.5809 -51.3752 -28
    endloop
  endfacet
  facet normal 0 0 -1
    outer loop
      vertex 56.5401 -51.4857 -28
      vertex 56.5401 -50.3377 -28
      vertex 56.5809 -50.4482 -28
    endloop
  endfacet
  facet normal 0 0 -1
    outer loop
      vertex 56.4908 -51.5927 -28
      vertex 56.5401 -50.3377 -28
      vertex 56.5401 -51.4857 -28
    endloop
  endfacet
  facet normal 0 0 -1
    outer loop
      vertex 56.4908 -51.5927 -28
      vertex 56.4908 -50.2307 -28
      vertex 56.5401 -50.3377 -28
    endloop
  endfacet
  facet normal 0 0 -1
    outer loop
      vertex 56.4333 -51.6954 -28
      vertex 56.4908 -50.2307 -28
      vertex 56.4908 -51.5927 -28
    endloop
  endfacet
  facet normal 0 0 -1
    outer loop
      vertex 56.4333 -51.6954 -28
      vertex 56.4333 -50.1279 -28
      vertex 56.4908 -50.2307 -28
    endloop
  endfacet
  facet normal 0 0 -1
    outer loop
      vertex 56.3679 -51.7934 -28
      vertex 56.4333 -50.1279 -28
      vertex 56.4333 -51.6954 -28
    endloop
  endfacet
  facet normal 0 0 -1
    outer loop
      vertex 56.3679 -51.7934 -28
      vertex 56.3679 -50.03 -28
      vertex 56.4333 -50.1279 -28
    endloop
  endfacet
  facet normal 0 0 -1
    outer loop
      vertex 56.2949 -51.8859 -28
      vertex 56.3679 -50.03 -28
      vertex 56.3679 -51.7934 -28
    endloop
  endfacet
  facet normal 0 0 -1
    outer loop
      vertex 56.2949 -51.8859 -28
      vertex 56.2949 -49.9375 -28
      vertex 56.3679 -50.03 -28
    endloop
  endfacet
  facet normal 0 0 -1
    outer loop
      vertex 56.215 -51.9723 -28
      vertex 56.2949 -49.9375 -28
      vertex 56.2949 -51.8859 -28
    endloop
  endfacet
  facet normal 0 0 -1
    outer loop
      vertex 56.215 -51.9723 -28
      vertex 56.215 -49.851 -28
      vertex 56.2949 -49.9375 -28
    endloop
  endfacet
  facet normal 0 0 -1
    outer loop
      vertex 51.9723 -56.215 -28
      vertex 56.215 -49.851 -28
      vertex 56.215 -51.9723 -28
    endloop
  endfacet
  facet normal 0 0 -1
    outer loop
      vertex 49.851 -56.215 -28
      vertex 51.9723 -56.215 -28
      vertex 51.8859 -56.2949 -28
    endloop
  endfacet
  facet normal 0 0 -1
    outer loop
      vertex 49.851 -56.215 -28
      vertex 51.8859 -56.2949 -28
      vertex 51.7934 -56.3679 -28
    endloop
  endfacet
  facet normal 0 0 -1
    outer loop
      vertex 49.851 -56.215 -28
      vertex 51.7934 -56.3679 -28
      vertex 51.6954 -56.4333 -28
    endloop
  endfacet
  facet normal 0 0 -1
    outer loop
      vertex 49.851 -56.215 -28
      vertex 51.6954 -56.4333 -28
      vertex 51.5927 -56.4908 -28
    endloop
  endfacet
  facet normal 0 0 -1
    outer loop
      vertex 49.851 -56.215 -28
      vertex 51.5927 -56.4908 -28
      vertex 51.4857 -56.5401 -28
    endloop
  endfacet
  facet normal 0 0 -1
    outer loop
      vertex 49.851 -56.215 -28
      vertex 51.4857 -56.5401 -28
      vertex 51.3752 -56.5809 -28
    endloop
  endfacet
  facet normal 0 0 -1
    outer loop
      vertex 51.9723 -56.215 -28
      vertex 49.851 -56.215 -28
      vertex 56.215 -49.851 -28
    endloop
  endfacet
  facet normal 0 0 -1
    outer loop
      vertex 49.851 -56.215 -28
      vertex 51.3752 -56.5809 -28
      vertex 51.2619 -56.6129 -28
    endloop
  endfacet
  facet normal -0 0 -1
    outer loop
      vertex 56.215 -49.851 -28
      vertex 49.851 -56.215 -28
      vertex 51.2652 -44.9013 -28
    endloop
  endfacet
  facet normal 0 0 -1
    outer loop
      vertex 49.851 -56.215 -28
      vertex 51.2619 -56.6129 -28
      vertex 51.1463 -56.6359 -28
    endloop
  endfacet
  facet normal 0 0 -1
    outer loop
      vertex 44.9013 -51.2652 -28
      vertex 51.2652 -44.9013 -28
      vertex 49.851 -56.215 -28
    endloop
  endfacet
  facet normal 0 0 -1
    outer loop
      vertex 49.851 -56.215 -28
      vertex 51.1463 -56.6359 -28
      vertex 51.0294 -56.6497 -28
    endloop
  endfacet
  facet normal 0 -0 -1
    outer loop
      vertex 49.1439 -44.9013 -28
      vertex 51.2652 -44.9013 -28
      vertex 44.9013 -51.2652 -28
    endloop
  endfacet
  facet normal 0 0 -1
    outer loop
      vertex 49.851 -56.215 -28
      vertex 51.0294 -56.6497 -28
      vertex 50.9117 -56.6543 -28
    endloop
  endfacet
  facet normal 0 0 -1
    outer loop
      vertex 51.2652 -44.9013 -28
      vertex 49.1439 -44.9013 -28
      vertex 51.1788 -44.8213 -28
    endloop
  endfacet
  facet normal 0 0 -1
    outer loop
      vertex 49.851 -56.215 -28
      vertex 50.9117 -56.6543 -28
      vertex 50.794 -56.6497 -28
    endloop
  endfacet
  facet normal -0 0 -1
    outer loop
      vertex 51.0863 -44.7484 -28
      vertex 49.1439 -44.9013 -28
      vertex 50.9883 -44.683 -28
    endloop
  endfacet
  facet normal 0 0 -1
    outer loop
      vertex 49.851 -56.215 -28
      vertex 50.794 -56.6497 -28
      vertex 50.677 -56.6359 -28
    endloop
  endfacet
  facet normal -0 0 -1
    outer loop
      vertex 50.9883 -44.683 -28
      vertex 49.1439 -44.9013 -28
      vertex 50.8856 -44.6254 -28
    endloop
  endfacet
  facet normal 0 0 -1
    outer loop
      vertex 49.851 -56.215 -28
      vertex 50.677 -56.6359 -28
      vertex 50.5615 -56.6129 -28
    endloop
  endfacet
  facet normal -0 0 -1
    outer loop
      vertex 50.8856 -44.6254 -28
      vertex 49.1439 -44.9013 -28
      vertex 50.7786 -44.5761 -28
    endloop
  endfacet
  facet normal 0 0 -1
    outer loop
      vertex 49.851 -56.215 -28
      vertex 50.5615 -56.6129 -28
      vertex 50.4482 -56.5809 -28
    endloop
  endfacet
  facet normal -0 0 -1
    outer loop
      vertex 50.7786 -44.5761 -28
      vertex 49.1439 -44.9013 -28
      vertex 50.6681 -44.5354 -28
    endloop
  endfacet
  facet normal 0 0 -1
    outer loop
      vertex 49.851 -56.215 -28
      vertex 50.4482 -56.5809 -28
      vertex 50.3377 -56.5401 -28
    endloop
  endfacet
  facet normal -0 0 -1
    outer loop
      vertex 50.6681 -44.5354 -28
      vertex 49.1439 -44.9013 -28
      vertex 50.5547 -44.5034 -28
    endloop
  endfacet
  facet normal 0 0 -1
    outer loop
      vertex 49.851 -56.215 -28
      vertex 50.3377 -56.5401 -28
      vertex 50.2307 -56.4908 -28
    endloop
  endfacet
  facet normal -0 0 -1
    outer loop
      vertex 50.5547 -44.5034 -28
      vertex 49.1439 -44.9013 -28
      vertex 50.4392 -44.4804 -28
    endloop
  endfacet
  facet normal 0 0 -1
    outer loop
      vertex 49.851 -56.215 -28
      vertex 50.2307 -56.4908 -28
      vertex 50.1279 -56.4333 -28
    endloop
  endfacet
  facet normal -0 0 -1
    outer loop
      vertex 50.4392 -44.4804 -28
      vertex 49.1439 -44.9013 -28
      vertex 50.3223 -44.4666 -28
    endloop
  endfacet
  facet normal 0 0 -1
    outer loop
      vertex 49.851 -56.215 -28
      vertex 50.1279 -56.4333 -28
      vertex 50.03 -56.3679 -28
    endloop
  endfacet
  facet normal -0 0 -1
    outer loop
      vertex 50.3223 -44.4666 -28
      vertex 49.1439 -44.9013 -28
      vertex 50.2046 -44.4619 -28
    endloop
  endfacet
  facet normal 0 0 -1
    outer loop
      vertex 49.851 -56.215 -28
      vertex 50.03 -56.3679 -28
      vertex 49.9375 -56.2949 -28
    endloop
  endfacet
  facet normal 0 0 -1
    outer loop
      vertex 50.2046 -44.4619 -28
      vertex 49.1439 -44.9013 -28
      vertex 50.0869 -44.4666 -28
    endloop
  endfacet
  facet normal 0 0 -1
    outer loop
      vertex 50.0869 -44.4666 -28
      vertex 49.1439 -44.9013 -28
      vertex 49.9699 -44.4804 -28
    endloop
  endfacet
  facet normal 0 0 -1
    outer loop
      vertex 49.9699 -44.4804 -28
      vertex 49.1439 -44.9013 -28
      vertex 49.8544 -44.5034 -28
    endloop
  endfacet
  facet normal 0 0 -1
    outer loop
      vertex 49.8544 -44.5034 -28
      vertex 49.1439 -44.9013 -28
      vertex 49.7411 -44.5354 -28
    endloop
  endfacet
  facet normal 0 0 -1
    outer loop
      vertex 49.7411 -44.5354 -28
      vertex 49.1439 -44.9013 -28
      vertex 49.6306 -44.5761 -28
    endloop
  endfacet
  facet normal 0 0 -1
    outer loop
      vertex 49.6306 -44.5761 -28
      vertex 49.1439 -44.9013 -28
      vertex 49.5236 -44.6254 -28
    endloop
  endfacet
  facet normal 0 0 -1
    outer loop
      vertex 49.5236 -44.6254 -28
      vertex 49.1439 -44.9013 -28
      vertex 49.4208 -44.683 -28
    endloop
  endfacet
  facet normal 0 0 -1
    outer loop
      vertex 49.4208 -44.683 -28
      vertex 49.1439 -44.9013 -28
      vertex 49.3229 -44.7484 -28
    endloop
  endfacet
  facet normal 0 0 -1
    outer loop
      vertex 49.3229 -44.7484 -28
      vertex 49.1439 -44.9013 -28
      vertex 49.2304 -44.8213 -28
    endloop
  endfacet
  facet normal -0 0 -1
    outer loop
      vertex 51.1788 -44.8213 -28
      vertex 49.1439 -44.9013 -28
      vertex 51.0863 -44.7484 -28
    endloop
  endfacet
  facet normal 0 0 -1
    outer loop
      vertex 44.9013 -51.2652 -28
      vertex 44.9013 -49.1439 -28
      vertex 49.1439 -44.9013 -28
    endloop
  endfacet
  facet normal 0 0 -1
    outer loop
      vertex 44.8213 -51.1788 -28
      vertex 44.9013 -49.1439 -28
      vertex 44.9013 -51.2652 -28
    endloop
  endfacet
  facet normal 0 0 -1
    outer loop
      vertex 44.8213 -51.1788 -28
      vertex 44.8213 -49.2304 -28
      vertex 44.9013 -49.1439 -28
    endloop
  endfacet
  facet normal 0 0 -1
    outer loop
      vertex 44.7484 -51.0863 -28
      vertex 44.8213 -49.2304 -28
      vertex 44.8213 -51.1788 -28
    endloop
  endfacet
  facet normal 0 0 -1
    outer loop
      vertex 44.7484 -51.0863 -28
      vertex 44.7484 -49.3229 -28
      vertex 44.8213 -49.2304 -28
    endloop
  endfacet
  facet normal 0 0 -1
    outer loop
      vertex 44.683 -50.9883 -28
      vertex 44.7484 -49.3229 -28
      vertex 44.7484 -51.0863 -28
    endloop
  endfacet
  facet normal 0 0 -1
    outer loop
      vertex 44.683 -50.9883 -28
      vertex 44.683 -49.4208 -28
      vertex 44.7484 -49.3229 -28
    endloop
  endfacet
  facet normal 0 0 -1
    outer loop
      vertex 44.6254 -50.8856 -28
      vertex 44.683 -49.4208 -28
      vertex 44.683 -50.9883 -28
    endloop
  endfacet
  facet normal 0 0 -1
    outer loop
      vertex 44.6254 -50.8856 -28
      vertex 44.6254 -49.5236 -28
      vertex 44.683 -49.4208 -28
    endloop
  endfacet
  facet normal 0 0 -1
    outer loop
      vertex 44.5761 -50.7786 -28
      vertex 44.6254 -49.5236 -28
      vertex 44.6254 -50.8856 -28
    endloop
  endfacet
  facet normal 0 0 -1
    outer loop
      vertex 44.5761 -50.7786 -28
      vertex 44.5761 -49.6306 -28
      vertex 44.6254 -49.5236 -28
    endloop
  endfacet
  facet normal 0 0 -1
    outer loop
      vertex 44.5354 -50.6681 -28
      vertex 44.5761 -49.6306 -28
      vertex 44.5761 -50.7786 -28
    endloop
  endfacet
  facet normal 0 0 -1
    outer loop
      vertex 44.5354 -50.6681 -28
      vertex 44.5354 -49.7411 -28
      vertex 44.5761 -49.6306 -28
    endloop
  endfacet
  facet normal 0 0 -1
    outer loop
      vertex 44.5034 -50.5547 -28
      vertex 44.5354 -49.7411 -28
      vertex 44.5354 -50.6681 -28
    endloop
  endfacet
  facet normal 0 0 -1
    outer loop
      vertex 44.5034 -50.5547 -28
      vertex 44.5034 -49.8544 -28
      vertex 44.5354 -49.7411 -28
    endloop
  endfacet
  facet normal 0 0 -1
    outer loop
      vertex 44.4804 -50.4392 -28
      vertex 44.5034 -49.8544 -28
      vertex 44.5034 -50.5547 -28
    endloop
  endfacet
  facet normal 0 0 -1
    outer loop
      vertex 44.4804 -50.4392 -28
      vertex 44.4804 -49.9699 -28
      vertex 44.5034 -49.8544 -28
    endloop
  endfacet
  facet normal 0 0 -1
    outer loop
      vertex 44.4666 -50.3223 -28
      vertex 44.4804 -49.9699 -28
      vertex 44.4804 -50.4392 -28
    endloop
  endfacet
  facet normal 0 0 -1
    outer loop
      vertex 44.4666 -50.3223 -28
      vertex 44.4666 -50.0869 -28
      vertex 44.4804 -49.9699 -28
    endloop
  endfacet
  facet normal 0 -0 -1
    outer loop
      vertex 44.4666 -50.0869 -28
      vertex 44.4666 -50.3223 -28
      vertex 44.4619 -50.2046 -28
    endloop
  endfacet
  facet normal 0.0390526 -0.999237 0
    outer loop
      vertex 50.9117 -56.6543 -28
      vertex 51.0294 -56.6497 0
      vertex 50.9117 -56.6543 0
    endloop
  endfacet
  facet normal 0.0390526 -0.999237 0
    outer loop
      vertex 51.0294 -56.6497 0
      vertex 50.9117 -56.6543 -28
      vertex 51.0294 -56.6497 -28
    endloop
  endfacet
  facet normal -0.418466 -0.908232 0
    outer loop
      vertex 50.2307 -56.4908 -28
      vertex 50.3377 -56.5401 0
      vertex 50.2307 -56.4908 0
    endloop
  endfacet
  facet normal -0.418466 -0.908232 -0
    outer loop
      vertex 50.3377 -56.5401 0
      vertex 50.2307 -56.4908 -28
      vertex 50.3377 -56.5401 -28
    endloop
  endfacet
  facet normal 0.962455 -0.271442 0
    outer loop
      vertex 73.7069 -23.9488 3
      vertex 75.3587 -18.092 0
      vertex 75.3587 -18.092 3
    endloop
  endfacet
  facet normal 0.962455 -0.271442 0
    outer loop
      vertex 75.3587 -18.092 0
      vertex 73.7069 -23.9488 3
      vertex 73.7069 -23.9488 0
    endloop
  endfacet
  facet normal 0.999229 -0.0392587 0
    outer loop
      vertex 77.2611 -6.08058 3
      vertex 77.5 0 0
      vertex 77.5 0 3
    endloop
  endfacet
  facet normal 0.999229 -0.0392587 0
    outer loop
      vertex 77.5 0 0
      vertex 77.2611 -6.08058 3
      vertex 77.2611 -6.08058 0
    endloop
  endfacet
  facet normal 0.734325 -0.678798 0
    outer loop
      vertex 54.8008 -54.8008 3
      vertex 58.9315 -50.3322 0
      vertex 58.9315 -50.3322 3
    endloop
  endfacet
  facet normal 0.734325 -0.678798 0
    outer loop
      vertex 58.9315 -50.3322 0
      vertex 54.8008 -54.8008 3
      vertex 54.8008 -54.8008 0
    endloop
  endfacet
  facet normal -0.962455 -0.271442 0
    outer loop
      vertex -73.7069 -23.9488 0
      vertex -75.3587 -18.092 3
      vertex -75.3587 -18.092 0
    endloop
  endfacet
  facet normal -0.962455 -0.271442 0
    outer loop
      vertex -75.3587 -18.092 3
      vertex -73.7069 -23.9488 0
      vertex -73.7069 -23.9488 3
    endloop
  endfacet
  facet normal 0.993068 0.117545 0
    outer loop
      vertex 77.2611 6.08058 3
      vertex 76.5458 12.1237 0
      vertex 76.5458 12.1237 3
    endloop
  endfacet
  facet normal 0.993068 0.117545 0
    outer loop
      vertex 76.5458 12.1237 0
      vertex 77.2611 6.08058 3
      vertex 77.2611 6.08058 0
    endloop
  endfacet
  facet normal 0.785317 0.619094 0
    outer loop
      vertex 62.6988 45.5534 3
      vertex 58.9315 50.3322 0
      vertex 58.9315 50.3322 3
    endloop
  endfacet
  facet normal 0.785317 0.619094 0
    outer loop
      vertex 58.9315 50.3322 0
      vertex 62.6988 45.5534 3
      vertex 62.6988 45.5534 0
    endloop
  endfacet
  facet normal 0.980787 0.195079 0
    outer loop
      vertex 76.5458 12.1237 3
      vertex 75.3587 18.092 0
      vertex 75.3587 18.092 3
    endloop
  endfacet
  facet normal 0.980787 0.195079 0
    outer loop
      vertex 75.3587 18.092 0
      vertex 76.5458 12.1237 3
      vertex 76.5458 12.1237 0
    endloop
  endfacet
  facet normal 0.962455 0.271442 0
    outer loop
      vertex 75.3587 18.092 3
      vertex 73.7069 23.9488 0
      vertex 73.7069 23.9488 3
    endloop
  endfacet
  facet normal 0.962455 0.271442 0
    outer loop
      vertex 73.7069 23.9488 0
      vertex 75.3587 18.092 3
      vertex 75.3587 18.092 0
    endloop
  endfacet
  facet normal 0.999229 0.0392587 0
    outer loop
      vertex 77.5 0 3
      vertex 77.2611 6.08058 0
      vertex 77.2611 6.08058 3
    endloop
  endfacet
  facet normal 0.999229 0.0392587 0
    outer loop
      vertex 77.2611 6.08058 0
      vertex 77.5 0 3
      vertex 77.5 0 0
    endloop
  endfacet
  facet normal 0.785317 -0.619094 0
    outer loop
      vertex 58.9315 -50.3322 3
      vertex 62.6988 -45.5534 0
      vertex 62.6988 -45.5534 3
    endloop
  endfacet
  facet normal 0.785317 -0.619094 0
    outer loop
      vertex 62.6988 -45.5534 0
      vertex 58.9315 -50.3322 3
      vertex 58.9315 -50.3322 0
    endloop
  endfacet
  facet normal -0.872493 -0.488627 0
    outer loop
      vertex -66.0796 -40.4936 0
      vertex -69.053 -35.1843 3
      vertex -69.053 -35.1843 0
    endloop
  endfacet
  facet normal -0.872493 -0.488627 0
    outer loop
      vertex -69.053 -35.1843 3
      vertex -66.0796 -40.4936 0
      vertex -66.0796 -40.4936 3
    endloop
  endfacet
  facet normal -0.678798 0.734325 0
    outer loop
      vertex -50.3322 58.9315 0
      vertex -54.8008 54.8008 3
      vertex -50.3322 58.9315 3
    endloop
  endfacet
  facet normal -0.678798 0.734325 0
    outer loop
      vertex -54.8008 54.8008 3
      vertex -50.3322 58.9315 0
      vertex -54.8008 54.8008 0
    endloop
  endfacet
  facet normal -0.346112 0.938193 0
    outer loop
      vertex -23.9488 73.7069 0
      vertex -29.658 71.6007 3
      vertex -23.9488 73.7069 3
    endloop
  endfacet
  facet normal -0.346112 0.938193 0
    outer loop
      vertex -29.658 71.6007 3
      vertex -23.9488 73.7069 0
      vertex -29.658 71.6007 0
    endloop
  endfacet
  facet normal -0.908141 -0.418665 0
    outer loop
      vertex -69.053 -35.1843 0
      vertex -71.6007 -29.658 3
      vertex -71.6007 -29.658 0
    endloop
  endfacet
  facet normal -0.908141 -0.418665 0
    outer loop
      vertex -71.6007 -29.658 3
      vertex -69.053 -35.1843 0
      vertex -69.053 -35.1843 3
    endloop
  endfacet
  facet normal -0.785317 -0.619094 0
    outer loop
      vertex -58.9315 -50.3322 0
      vertex -62.6988 -45.5534 3
      vertex -62.6988 -45.5534 0
    endloop
  endfacet
  facet normal -0.785317 -0.619094 0
    outer loop
      vertex -62.6988 -45.5534 3
      vertex -58.9315 -50.3322 0
      vertex -58.9315 -50.3322 3
    endloop
  endfacet
  facet normal -0.488627 0.872493 0
    outer loop
      vertex -35.1843 69.053 0
      vertex -40.4936 66.0796 3
      vertex -35.1843 69.053 3
    endloop
  endfacet
  facet normal -0.488627 0.872493 0
    outer loop
      vertex -40.4936 66.0796 3
      vertex -35.1843 69.053 0
      vertex -40.4936 66.0796 0
    endloop
  endfacet
  facet normal 0.117545 0.993068 -0
    outer loop
      vertex 12.1237 76.5458 0
      vertex 6.08058 77.2611 3
      vertex 12.1237 76.5458 3
    endloop
  endfacet
  facet normal 0.117545 0.993068 0
    outer loop
      vertex 6.08058 77.2611 3
      vertex 12.1237 76.5458 0
      vertex 6.08058 77.2611 0
    endloop
  endfacet
  facet normal -0.555565 0.831473 0
    outer loop
      vertex -40.4936 66.0796 0
      vertex -45.5534 62.6988 3
      vertex -40.4936 66.0796 3
    endloop
  endfacet
  facet normal -0.555565 0.831473 0
    outer loop
      vertex -45.5534 62.6988 3
      vertex -40.4936 66.0796 0
      vertex -45.5534 62.6988 0
    endloop
  endfacet
  facet normal -0.488627 -0.872493 0
    outer loop
      vertex -40.4936 -66.0796 0
      vertex -35.1843 -69.053 3
      vertex -40.4936 -66.0796 3
    endloop
  endfacet
  facet normal -0.488627 -0.872493 -0
    outer loop
      vertex -35.1843 -69.053 3
      vertex -40.4936 -66.0796 0
      vertex -35.1843 -69.053 0
    endloop
  endfacet
  facet normal -0.271442 -0.962455 0
    outer loop
      vertex -23.9488 -73.7069 0
      vertex -18.092 -75.3587 3
      vertex -23.9488 -73.7069 3
    endloop
  endfacet
  facet normal -0.271442 -0.962455 -0
    outer loop
      vertex -18.092 -75.3587 3
      vertex -23.9488 -73.7069 0
      vertex -18.092 -75.3587 0
    endloop
  endfacet
  facet normal 0.831473 0.555565 0
    outer loop
      vertex 66.0796 40.4936 3
      vertex 62.6988 45.5534 0
      vertex 62.6988 45.5534 3
    endloop
  endfacet
  facet normal 0.831473 0.555565 0
    outer loop
      vertex 62.6988 45.5534 0
      vertex 66.0796 40.4936 3
      vertex 66.0796 40.4936 0
    endloop
  endfacet
  facet normal 0.195079 -0.980787 0
    outer loop
      vertex 12.1237 -76.5458 0
      vertex 18.092 -75.3587 3
      vertex 12.1237 -76.5458 3
    endloop
  endfacet
  facet normal 0.195079 -0.980787 0
    outer loop
      vertex 18.092 -75.3587 3
      vertex 12.1237 -76.5458 0
      vertex 18.092 -75.3587 0
    endloop
  endfacet
  facet normal 0.117545 -0.993068 0
    outer loop
      vertex 6.08058 -77.2611 0
      vertex 12.1237 -76.5458 3
      vertex 6.08058 -77.2611 3
    endloop
  endfacet
  facet normal 0.117545 -0.993068 0
    outer loop
      vertex 12.1237 -76.5458 3
      vertex 6.08058 -77.2611 0
      vertex 12.1237 -76.5458 0
    endloop
  endfacet
  facet normal 0.0392587 -0.999229 0
    outer loop
      vertex 0 -77.5 0
      vertex 6.08058 -77.2611 3
      vertex 0 -77.5 3
    endloop
  endfacet
  facet normal 0.0392587 -0.999229 0
    outer loop
      vertex 6.08058 -77.2611 3
      vertex 0 -77.5 0
      vertex 6.08058 -77.2611 0
    endloop
  endfacet
  facet normal 0.980787 -0.195079 0
    outer loop
      vertex 75.3587 -18.092 3
      vertex 76.5458 -12.1237 0
      vertex 76.5458 -12.1237 3
    endloop
  endfacet
  facet normal 0.980787 -0.195079 0
    outer loop
      vertex 76.5458 -12.1237 0
      vertex 75.3587 -18.092 3
      vertex 75.3587 -18.092 0
    endloop
  endfacet
  facet normal -0.999229 -0.0392587 0
    outer loop
      vertex -77.2611 -6.08058 0
      vertex -77.5 0 3
      vertex -77.5 0 0
    endloop
  endfacet
  facet normal -0.999229 -0.0392587 0
    outer loop
      vertex -77.5 0 3
      vertex -77.2611 -6.08058 0
      vertex -77.2611 -6.08058 3
    endloop
  endfacet
  facet normal -0.0392587 0.999229 0
    outer loop
      vertex 0 77.5 0
      vertex -6.08058 77.2611 3
      vertex 0 77.5 3
    endloop
  endfacet
  facet normal -0.0392587 0.999229 0
    outer loop
      vertex -6.08058 77.2611 3
      vertex 0 77.5 0
      vertex -6.08058 77.2611 0
    endloop
  endfacet
  facet normal -0.938193 -0.346112 0
    outer loop
      vertex -71.6007 -29.658 0
      vertex -73.7069 -23.9488 3
      vertex -73.7069 -23.9488 0
    endloop
  endfacet
  facet normal -0.938193 -0.346112 0
    outer loop
      vertex -73.7069 -23.9488 3
      vertex -71.6007 -29.658 0
      vertex -71.6007 -29.658 3
    endloop
  endfacet
  facet normal 0.619094 -0.785317 0
    outer loop
      vertex 45.5534 -62.6988 0
      vertex 50.3322 -58.9315 3
      vertex 45.5534 -62.6988 3
    endloop
  endfacet
  facet normal 0.619094 -0.785317 0
    outer loop
      vertex 50.3322 -58.9315 3
      vertex 45.5534 -62.6988 0
      vertex 50.3322 -58.9315 0
    endloop
  endfacet
  facet normal 0.678798 0.734325 -0
    outer loop
      vertex 54.8008 54.8008 0
      vertex 50.3322 58.9315 3
      vertex 54.8008 54.8008 3
    endloop
  endfacet
  facet normal 0.678798 0.734325 0
    outer loop
      vertex 50.3322 58.9315 3
      vertex 54.8008 54.8008 0
      vertex 50.3322 58.9315 0
    endloop
  endfacet
  facet normal -0.938193 0.346112 0
    outer loop
      vertex -73.7069 23.9488 0
      vertex -71.6007 29.658 3
      vertex -71.6007 29.658 0
    endloop
  endfacet
  facet normal -0.938193 0.346112 0
    outer loop
      vertex -71.6007 29.658 3
      vertex -73.7069 23.9488 0
      vertex -73.7069 23.9488 3
    endloop
  endfacet
  facet normal -0.831473 -0.555565 0
    outer loop
      vertex -62.6988 -45.5534 0
      vertex -66.0796 -40.4936 3
      vertex -66.0796 -40.4936 0
    endloop
  endfacet
  facet normal -0.831473 -0.555565 0
    outer loop
      vertex -66.0796 -40.4936 3
      vertex -62.6988 -45.5534 0
      vertex -62.6988 -45.5534 3
    endloop
  endfacet
  facet normal -0.980787 -0.195079 0
    outer loop
      vertex -75.3587 -18.092 0
      vertex -76.5458 -12.1237 3
      vertex -76.5458 -12.1237 0
    endloop
  endfacet
  facet normal -0.980787 -0.195079 0
    outer loop
      vertex -76.5458 -12.1237 3
      vertex -75.3587 -18.092 0
      vertex -75.3587 -18.092 3
    endloop
  endfacet
  facet normal 0.993068 -0.117545 0
    outer loop
      vertex 76.5458 -12.1237 3
      vertex 77.2611 -6.08058 0
      vertex 77.2611 -6.08058 3
    endloop
  endfacet
  facet normal 0.993068 -0.117545 0
    outer loop
      vertex 77.2611 -6.08058 0
      vertex 76.5458 -12.1237 3
      vertex 76.5458 -12.1237 0
    endloop
  endfacet
  facet normal -0.0392587 -0.999229 0
    outer loop
      vertex -6.08058 -77.2611 0
      vertex 0 -77.5 3
      vertex -6.08058 -77.2611 3
    endloop
  endfacet
  facet normal -0.0392587 -0.999229 -0
    outer loop
      vertex 0 -77.5 3
      vertex -6.08058 -77.2611 0
      vertex 0 -77.5 0
    endloop
  endfacet
  facet normal 0.346112 -0.938193 0
    outer loop
      vertex 23.9488 -73.7069 0
      vertex 29.658 -71.6007 3
      vertex 23.9488 -73.7069 3
    endloop
  endfacet
  facet normal 0.346112 -0.938193 0
    outer loop
      vertex 29.658 -71.6007 3
      vertex 23.9488 -73.7069 0
      vertex 29.658 -71.6007 0
    endloop
  endfacet
  facet normal -0.734325 -0.678798 0
    outer loop
      vertex -54.8008 -54.8008 0
      vertex -58.9315 -50.3322 3
      vertex -58.9315 -50.3322 0
    endloop
  endfacet
  facet normal -0.734325 -0.678798 0
    outer loop
      vertex -58.9315 -50.3322 3
      vertex -54.8008 -54.8008 0
      vertex -54.8008 -54.8008 3
    endloop
  endfacet
  facet normal 0.271442 -0.962455 0
    outer loop
      vertex 18.092 -75.3587 0
      vertex 23.9488 -73.7069 3
      vertex 18.092 -75.3587 3
    endloop
  endfacet
  facet normal 0.271442 -0.962455 0
    outer loop
      vertex 23.9488 -73.7069 3
      vertex 18.092 -75.3587 0
      vertex 23.9488 -73.7069 0
    endloop
  endfacet
  facet normal -0.619094 0.785317 0
    outer loop
      vertex -45.5534 62.6988 0
      vertex -50.3322 58.9315 3
      vertex -45.5534 62.6988 3
    endloop
  endfacet
  facet normal -0.619094 0.785317 0
    outer loop
      vertex -50.3322 58.9315 3
      vertex -45.5534 62.6988 0
      vertex -50.3322 58.9315 0
    endloop
  endfacet
  facet normal -0.993068 -0.117545 0
    outer loop
      vertex -76.5458 -12.1237 0
      vertex -77.2611 -6.08058 3
      vertex -77.2611 -6.08058 0
    endloop
  endfacet
  facet normal -0.993068 -0.117545 0
    outer loop
      vertex -77.2611 -6.08058 3
      vertex -76.5458 -12.1237 0
      vertex -76.5458 -12.1237 3
    endloop
  endfacet
  facet normal -0.734325 0.678798 0
    outer loop
      vertex -58.9315 50.3322 0
      vertex -54.8008 54.8008 3
      vertex -54.8008 54.8008 0
    endloop
  endfacet
  facet normal -0.734325 0.678798 0
    outer loop
      vertex -54.8008 54.8008 3
      vertex -58.9315 50.3322 0
      vertex -58.9315 50.3322 3
    endloop
  endfacet
  facet normal -0.872493 0.488627 0
    outer loop
      vertex -69.053 35.1843 0
      vertex -66.0796 40.4936 3
      vertex -66.0796 40.4936 0
    endloop
  endfacet
  facet normal -0.872493 0.488627 0
    outer loop
      vertex -66.0796 40.4936 3
      vertex -69.053 35.1843 0
      vertex -69.053 35.1843 3
    endloop
  endfacet
  facet normal 0.872493 -0.488627 0
    outer loop
      vertex 66.0796 -40.4936 3
      vertex 69.053 -35.1843 0
      vertex 69.053 -35.1843 3
    endloop
  endfacet
  facet normal 0.872493 -0.488627 0
    outer loop
      vertex 69.053 -35.1843 0
      vertex 66.0796 -40.4936 3
      vertex 66.0796 -40.4936 0
    endloop
  endfacet
  facet normal 0.938193 -0.346112 0
    outer loop
      vertex 71.6007 -29.658 3
      vertex 73.7069 -23.9488 0
      vertex 73.7069 -23.9488 3
    endloop
  endfacet
  facet normal 0.938193 -0.346112 0
    outer loop
      vertex 73.7069 -23.9488 0
      vertex 71.6007 -29.658 3
      vertex 71.6007 -29.658 0
    endloop
  endfacet
  facet normal -0.831473 0.555565 0
    outer loop
      vertex -66.0796 40.4936 0
      vertex -62.6988 45.5534 3
      vertex -62.6988 45.5534 0
    endloop
  endfacet
  facet normal -0.831473 0.555565 0
    outer loop
      vertex -62.6988 45.5534 3
      vertex -66.0796 40.4936 0
      vertex -66.0796 40.4936 3
    endloop
  endfacet
  facet normal -0.195079 0.980787 0
    outer loop
      vertex -12.1237 76.5458 0
      vertex -18.092 75.3587 3
      vertex -12.1237 76.5458 3
    endloop
  endfacet
  facet normal -0.195079 0.980787 0
    outer loop
      vertex -18.092 75.3587 3
      vertex -12.1237 76.5458 0
      vertex -18.092 75.3587 0
    endloop
  endfacet
  facet normal -0.785317 0.619094 0
    outer loop
      vertex -62.6988 45.5534 0
      vertex -58.9315 50.3322 3
      vertex -58.9315 50.3322 0
    endloop
  endfacet
  facet normal -0.785317 0.619094 0
    outer loop
      vertex -58.9315 50.3322 3
      vertex -62.6988 45.5534 0
      vertex -62.6988 45.5534 3
    endloop
  endfacet
  facet normal 0.418665 -0.908141 0
    outer loop
      vertex 29.658 -71.6007 0
      vertex 35.1843 -69.053 3
      vertex 29.658 -71.6007 3
    endloop
  endfacet
  facet normal 0.418665 -0.908141 0
    outer loop
      vertex 35.1843 -69.053 3
      vertex 29.658 -71.6007 0
      vertex 35.1843 -69.053 0
    endloop
  endfacet
  facet normal 0.346112 0.938193 -0
    outer loop
      vertex 29.658 71.6007 0
      vertex 23.9488 73.7069 3
      vertex 29.658 71.6007 3
    endloop
  endfacet
  facet normal 0.346112 0.938193 0
    outer loop
      vertex 23.9488 73.7069 3
      vertex 29.658 71.6007 0
      vertex 23.9488 73.7069 0
    endloop
  endfacet
  facet normal -0.271442 0.962455 0
    outer loop
      vertex -18.092 75.3587 0
      vertex -23.9488 73.7069 3
      vertex -18.092 75.3587 3
    endloop
  endfacet
  facet normal -0.271442 0.962455 0
    outer loop
      vertex -23.9488 73.7069 3
      vertex -18.092 75.3587 0
      vertex -23.9488 73.7069 0
    endloop
  endfacet
  facet normal -0.346112 -0.938193 0
    outer loop
      vertex -29.658 -71.6007 0
      vertex -23.9488 -73.7069 3
      vertex -29.658 -71.6007 3
    endloop
  endfacet
  facet normal -0.346112 -0.938193 -0
    outer loop
      vertex -23.9488 -73.7069 3
      vertex -29.658 -71.6007 0
      vertex -23.9488 -73.7069 0
    endloop
  endfacet
  facet normal -0.908141 0.418665 0
    outer loop
      vertex -71.6007 29.658 0
      vertex -69.053 35.1843 3
      vertex -69.053 35.1843 0
    endloop
  endfacet
  facet normal -0.908141 0.418665 0
    outer loop
      vertex -69.053 35.1843 3
      vertex -71.6007 29.658 0
      vertex -71.6007 29.658 3
    endloop
  endfacet
  facet normal 0.418665 0.908141 -0
    outer loop
      vertex 35.1843 69.053 0
      vertex 29.658 71.6007 3
      vertex 35.1843 69.053 3
    endloop
  endfacet
  facet normal 0.418665 0.908141 0
    outer loop
      vertex 29.658 71.6007 3
      vertex 35.1843 69.053 0
      vertex 29.658 71.6007 0
    endloop
  endfacet
  facet normal 0.555565 -0.831473 0
    outer loop
      vertex 40.4936 -66.0796 0
      vertex 45.5534 -62.6988 3
      vertex 40.4936 -66.0796 3
    endloop
  endfacet
  facet normal 0.555565 -0.831473 0
    outer loop
      vertex 45.5534 -62.6988 3
      vertex 40.4936 -66.0796 0
      vertex 45.5534 -62.6988 0
    endloop
  endfacet
  facet normal -0.678798 -0.734325 0
    outer loop
      vertex -54.8008 -54.8008 0
      vertex -50.3322 -58.9315 3
      vertex -54.8008 -54.8008 3
    endloop
  endfacet
  facet normal -0.678798 -0.734325 -0
    outer loop
      vertex -50.3322 -58.9315 3
      vertex -54.8008 -54.8008 0
      vertex -50.3322 -58.9315 0
    endloop
  endfacet
  facet normal -0.418665 -0.908141 0
    outer loop
      vertex -35.1843 -69.053 0
      vertex -29.658 -71.6007 3
      vertex -35.1843 -69.053 3
    endloop
  endfacet
  facet normal -0.418665 -0.908141 -0
    outer loop
      vertex -29.658 -71.6007 3
      vertex -35.1843 -69.053 0
      vertex -29.658 -71.6007 0
    endloop
  endfacet
  facet normal -0.619094 -0.785317 0
    outer loop
      vertex -50.3322 -58.9315 0
      vertex -45.5534 -62.6988 3
      vertex -50.3322 -58.9315 3
    endloop
  endfacet
  facet normal -0.619094 -0.785317 -0
    outer loop
      vertex -45.5534 -62.6988 3
      vertex -50.3322 -58.9315 0
      vertex -45.5534 -62.6988 0
    endloop
  endfacet
  facet normal -0.555565 -0.831473 0
    outer loop
      vertex -45.5534 -62.6988 0
      vertex -40.4936 -66.0796 3
      vertex -45.5534 -62.6988 3
    endloop
  endfacet
  facet normal -0.555565 -0.831473 -0
    outer loop
      vertex -40.4936 -66.0796 3
      vertex -45.5534 -62.6988 0
      vertex -40.4936 -66.0796 0
    endloop
  endfacet
  facet normal -0 0 1
    outer loop
      vertex 17 4 3
      vertex 77.5 0 3
      vertex 77.2611 6.08058 3
    endloop
  endfacet
  facet normal 0 0 1
    outer loop
      vertex 17 4 3
      vertex 77.2611 6.08058 3
      vertex 76.5458 12.1237 3
    endloop
  endfacet
  facet normal 0 0 1
    outer loop
      vertex 17 -4 3
      vertex 77.5 0 3
      vertex 17 4 3
    endloop
  endfacet
  facet normal 0 0 1
    outer loop
      vertex 16.9631 4.4693 3
      vertex 76.5458 12.1237 3
      vertex 75.3587 18.092 3
    endloop
  endfacet
  facet normal 0 0 1
    outer loop
      vertex 77.5 0 3
      vertex 17 -4 3
      vertex 77.2611 -6.08058 3
    endloop
  endfacet
  facet normal 0 0 1
    outer loop
      vertex 16.9171 4.70033 3
      vertex 75.3587 18.092 3
      vertex 73.7069 23.9488 3
    endloop
  endfacet
  facet normal 0 0 1
    outer loop
      vertex 77.2611 -6.08058 3
      vertex 17 -4 3
      vertex 76.5458 -12.1237 3
    endloop
  endfacet
  facet normal 0 0 1
    outer loop
      vertex 16.7716 5.14806 3
      vertex 73.7069 23.9488 3
      vertex 71.6007 29.658 3
    endloop
  endfacet
  facet normal -0 0 1
    outer loop
      vertex 16.9908 -4.23538 3
      vertex 76.5458 -12.1237 3
      vertex 17 -4 3
    endloop
  endfacet
  facet normal 0 0 1
    outer loop
      vertex 16.673 5.36197 3
      vertex 71.6007 29.658 3
      vertex 69.053 35.1843 3
    endloop
  endfacet
  facet normal -0 0 1
    outer loop
      vertex 16.9631 -4.4693 3
      vertex 76.5458 -12.1237 3
      vertex 16.9908 -4.23538 3
    endloop
  endfacet
  facet normal 0 0 1
    outer loop
      vertex 16.427 5.76335 3
      vertex 69.053 35.1843 3
      vertex 66.0796 40.4936 3
    endloop
  endfacet
  facet normal 0 0 1
    outer loop
      vertex 76.5458 -12.1237 3
      vertex 16.9631 -4.4693 3
      vertex 75.3587 -18.092 3
    endloop
  endfacet
  facet normal 0 0 1
    outer loop
      vertex 16.2812 5.94835 3
      vertex 66.0796 40.4936 3
      vertex 62.6988 45.5534 3
    endloop
  endfacet
  facet normal -0 0 1
    outer loop
      vertex 16.9171 -4.70033 3
      vertex 75.3587 -18.092 3
      vertex 16.9631 -4.4693 3
    endloop
  endfacet
  facet normal 0 0 1
    outer loop
      vertex 16.1213 6.12132 3
      vertex 62.6988 45.5534 3
      vertex 58.9315 50.3322 3
    endloop
  endfacet
  facet normal 0 0 1
    outer loop
      vertex 75.3587 -18.092 3
      vertex 16.9171 -4.70033 3
      vertex 73.7069 -23.9488 3
    endloop
  endfacet
  facet normal 0 0 1
    outer loop
      vertex 15.7634 6.42705 3
      vertex 58.9315 50.3322 3
      vertex 54.8008 54.8008 3
    endloop
  endfacet
  facet normal -0 0 1
    outer loop
      vertex 16.8532 -4.92705 3
      vertex 73.7069 -23.9488 3
      vertex 16.9171 -4.70033 3
    endloop
  endfacet
  facet normal 0 0 1
    outer loop
      vertex 15.5675 6.55792 3
      vertex 54.8008 54.8008 3
      vertex 50.3322 58.9315 3
    endloop
  endfacet
  facet normal -0 0 1
    outer loop
      vertex 16.7716 -5.14806 3
      vertex 73.7069 -23.9488 3
      vertex 16.8532 -4.92705 3
    endloop
  endfacet
  facet normal 0 0 1
    outer loop
      vertex 15.1481 6.77164 3
      vertex 50.3322 58.9315 3
      vertex 45.5534 62.6988 3
    endloop
  endfacet
  facet normal 0 0 1
    outer loop
      vertex 73.7069 -23.9488 3
      vertex 16.7716 -5.14806 3
      vertex 71.6007 -29.658 3
    endloop
  endfacet
  facet normal 0 0 1
    outer loop
      vertex 14.927 6.85316 3
      vertex 45.5534 62.6988 3
      vertex 40.4936 66.0796 3
    endloop
  endfacet
  facet normal -0 0 1
    outer loop
      vertex 16.673 -5.36197 3
      vertex 71.6007 -29.658 3
      vertex 16.7716 -5.14806 3
    endloop
  endfacet
  facet normal 0 0 1
    outer loop
      vertex 14.7003 6.91711 3
      vertex 40.4936 66.0796 3
      vertex 35.1843 69.053 3
    endloop
  endfacet
  facet normal 0 0 1
    outer loop
      vertex 71.6007 -29.658 3
      vertex 16.673 -5.36197 3
      vertex 69.053 -35.1843 3
    endloop
  endfacet
  facet normal 0 0 1
    outer loop
      vertex 14.4693 6.96306 3
      vertex 35.1843 69.053 3
      vertex 29.658 71.6007 3
    endloop
  endfacet
  facet normal -0 0 1
    outer loop
      vertex 16.5579 -5.56749 3
      vertex 69.053 -35.1843 3
      vertex 16.673 -5.36197 3
    endloop
  endfacet
  facet normal 0 0 1
    outer loop
      vertex 14 7 3
      vertex 29.658 71.6007 3
      vertex 23.9488 73.7069 3
    endloop
  endfacet
  facet normal -0 0 1
    outer loop
      vertex 16.427 -5.76335 3
      vertex 69.053 -35.1843 3
      vertex 16.5579 -5.56749 3
    endloop
  endfacet
  facet normal 0 0 1
    outer loop
      vertex 14 7 3
      vertex 23.9488 73.7069 3
      vertex 18.092 75.3587 3
    endloop
  endfacet
  facet normal 0 0 1
    outer loop
      vertex 69.053 -35.1843 3
      vertex 16.427 -5.76335 3
      vertex 66.0796 -40.4936 3
    endloop
  endfacet
  facet normal -0 0 1
    outer loop
      vertex 16.2812 -5.94835 3
      vertex 66.0796 -40.4936 3
      vertex 16.427 -5.76335 3
    endloop
  endfacet
  facet normal 0 0 1
    outer loop
      vertex 76.5458 12.1237 3
      vertex 16.9908 4.23538 3
      vertex 17 4 3
    endloop
  endfacet
  facet normal 0 0 1
    outer loop
      vertex 76.5458 12.1237 3
      vertex 16.9631 4.4693 3
      vertex 16.9908 4.23538 3
    endloop
  endfacet
  facet normal 0 0 1
    outer loop
      vertex 75.3587 18.092 3
      vertex 16.9171 4.70033 3
      vertex 16.9631 4.4693 3
    endloop
  endfacet
  facet normal 0 0 1
    outer loop
      vertex 73.7069 23.9488 3
      vertex 16.8532 4.92705 3
      vertex 16.9171 4.70033 3
    endloop
  endfacet
  facet normal 0 0 1
    outer loop
      vertex 73.7069 23.9488 3
      vertex 16.7716 5.14806 3
      vertex 16.8532 4.92705 3
    endloop
  endfacet
  facet normal 0 0 1
    outer loop
      vertex 71.6007 29.658 3
      vertex 16.673 5.36197 3
      vertex 16.7716 5.14806 3
    endloop
  endfacet
  facet normal 0 0 1
    outer loop
      vertex 69.053 35.1843 3
      vertex 16.5579 5.56749 3
      vertex 16.673 5.36197 3
    endloop
  endfacet
  facet normal 0 0 1
    outer loop
      vertex 69.053 35.1843 3
      vertex 16.427 5.76335 3
      vertex 16.5579 5.56749 3
    endloop
  endfacet
  facet normal 0 0 1
    outer loop
      vertex 66.0796 40.4936 3
      vertex 16.2812 5.94835 3
      vertex 16.427 5.76335 3
    endloop
  endfacet
  facet normal 0 0 1
    outer loop
      vertex 62.6988 45.5534 3
      vertex 16.1213 6.12132 3
      vertex 16.2812 5.94835 3
    endloop
  endfacet
  facet normal 0 0 1
    outer loop
      vertex 58.9315 50.3322 3
      vertex 15.9483 6.28122 3
      vertex 16.1213 6.12132 3
    endloop
  endfacet
  facet normal 0 0 1
    outer loop
      vertex 58.9315 50.3322 3
      vertex 15.7634 6.42705 3
      vertex 15.9483 6.28122 3
    endloop
  endfacet
  facet normal 0 0 1
    outer loop
      vertex 54.8008 54.8008 3
      vertex 15.5675 6.55792 3
      vertex 15.7634 6.42705 3
    endloop
  endfacet
  facet normal 0 0 1
    outer loop
      vertex 50.3322 58.9315 3
      vertex 15.362 6.67302 3
      vertex 15.5675 6.55792 3
    endloop
  endfacet
  facet normal 0 0 1
    outer loop
      vertex 50.3322 58.9315 3
      vertex 15.1481 6.77164 3
      vertex 15.362 6.67302 3
    endloop
  endfacet
  facet normal 0 0 1
    outer loop
      vertex 45.5534 62.6988 3
      vertex 14.927 6.85316 3
      vertex 15.1481 6.77164 3
    endloop
  endfacet
  facet normal 0 0 1
    outer loop
      vertex 40.4936 66.0796 3
      vertex 14.7003 6.91711 3
      vertex 14.927 6.85316 3
    endloop
  endfacet
  facet normal 0 0 1
    outer loop
      vertex 35.1843 69.053 3
      vertex 14.4693 6.96306 3
      vertex 14.7003 6.91711 3
    endloop
  endfacet
  facet normal 0 0 1
    outer loop
      vertex 29.658 71.6007 3
      vertex 14.2354 6.99075 3
      vertex 14.4693 6.96306 3
    endloop
  endfacet
  facet normal 0 0 1
    outer loop
      vertex 29.658 71.6007 3
      vertex 14 7 3
      vertex 14.2354 6.99075 3
    endloop
  endfacet
  facet normal 0 0 1
    outer loop
      vertex 12.1237 76.5458 3
      vertex 14 7 3
      vertex 18.092 75.3587 3
    endloop
  endfacet
  facet normal 0 0 1
    outer loop
      vertex 6.08058 77.2611 3
      vertex 14 7 3
      vertex 12.1237 76.5458 3
    endloop
  endfacet
  facet normal 0 0 1
    outer loop
      vertex 0 77.5 3
      vertex 14 7 3
      vertex 6.08058 77.2611 3
    endloop
  endfacet
  facet normal 0 0 1
    outer loop
      vertex -14 7 3
      vertex 0 77.5 3
      vertex -6.08058 77.2611 3
    endloop
  endfacet
  facet normal 0 0 1
    outer loop
      vertex -14 7 3
      vertex -6.08058 77.2611 3
      vertex -12.1237 76.5458 3
    endloop
  endfacet
  facet normal 0 0 1
    outer loop
      vertex 0 77.5 3
      vertex -14 7 3
      vertex 14 7 3
    endloop
  endfacet
  facet normal -0 0 1
    outer loop
      vertex -18.092 75.3587 3
      vertex -14 7 3
      vertex -12.1237 76.5458 3
    endloop
  endfacet
  facet normal -0 0 1
    outer loop
      vertex -23.9488 73.7069 3
      vertex -14 7 3
      vertex -18.092 75.3587 3
    endloop
  endfacet
  facet normal -0 0 1
    outer loop
      vertex -29.658 71.6007 3
      vertex -14 7 3
      vertex -23.9488 73.7069 3
    endloop
  endfacet
  facet normal 0 0 1
    outer loop
      vertex -14 7 3
      vertex -29.658 71.6007 3
      vertex -14.2354 6.99075 3
    endloop
  endfacet
  facet normal 0 0 1
    outer loop
      vertex -14.2354 6.99075 3
      vertex -29.658 71.6007 3
      vertex -14.4693 6.96306 3
    endloop
  endfacet
  facet normal -0 0 1
    outer loop
      vertex -35.1843 69.053 3
      vertex -14.4693 6.96306 3
      vertex -29.658 71.6007 3
    endloop
  endfacet
  facet normal 0 0 1
    outer loop
      vertex -14.4693 6.96306 3
      vertex -35.1843 69.053 3
      vertex -14.7003 6.91711 3
    endloop
  endfacet
  facet normal -0 0 1
    outer loop
      vertex -40.4936 66.0796 3
      vertex -14.7003 6.91711 3
      vertex -35.1843 69.053 3
    endloop
  endfacet
  facet normal 0 0 1
    outer loop
      vertex -14.7003 6.91711 3
      vertex -40.4936 66.0796 3
      vertex -14.927 6.85316 3
    endloop
  endfacet
  facet normal -0 0 1
    outer loop
      vertex -45.5534 62.6988 3
      vertex -14.927 6.85316 3
      vertex -40.4936 66.0796 3
    endloop
  endfacet
  facet normal 0 0 1
    outer loop
      vertex -14.927 6.85316 3
      vertex -45.5534 62.6988 3
      vertex -15.1481 6.77164 3
    endloop
  endfacet
  facet normal -0 0 1
    outer loop
      vertex -50.3322 58.9315 3
      vertex -15.1481 6.77164 3
      vertex -45.5534 62.6988 3
    endloop
  endfacet
  facet normal 0 0 1
    outer loop
      vertex -15.1481 6.77164 3
      vertex -50.3322 58.9315 3
      vertex -15.362 6.67302 3
    endloop
  endfacet
  facet normal 0 0 1
    outer loop
      vertex -15.362 6.67302 3
      vertex -50.3322 58.9315 3
      vertex -15.5675 6.55792 3
    endloop
  endfacet
  facet normal -0 0 1
    outer loop
      vertex -54.8008 54.8008 3
      vertex -15.5675 6.55792 3
      vertex -50.3322 58.9315 3
    endloop
  endfacet
  facet normal 0 0 1
    outer loop
      vertex -15.5675 6.55792 3
      vertex -54.8008 54.8008 3
      vertex -15.7634 6.42705 3
    endloop
  endfacet
  facet normal -0 0 1
    outer loop
      vertex -58.9315 50.3322 3
      vertex -15.7634 6.42705 3
      vertex -54.8008 54.8008 3
    endloop
  endfacet
  facet normal 0 0 1
    outer loop
      vertex -15.7634 6.42705 3
      vertex -58.9315 50.3322 3
      vertex -15.9483 6.28122 3
    endloop
  endfacet
  facet normal 0 0 1
    outer loop
      vertex -15.9483 6.28122 3
      vertex -58.9315 50.3322 3
      vertex -16.1213 6.12132 3
    endloop
  endfacet
  facet normal -0 0 1
    outer loop
      vertex -66.0796 40.4936 3
      vertex -16.2812 5.94835 3
      vertex -62.6988 45.5534 3
    endloop
  endfacet
  facet normal 0 0 1
    outer loop
      vertex -16.1213 6.12132 3
      vertex -62.6988 45.5534 3
      vertex -16.2812 5.94835 3
    endloop
  endfacet
  facet normal -0 0 1
    outer loop
      vertex -62.6988 45.5534 3
      vertex -16.1213 6.12132 3
      vertex -58.9315 50.3322 3
    endloop
  endfacet
  facet normal 0 0 1
    outer loop
      vertex 66.0796 -40.4936 3
      vertex 16.2812 -5.94835 3
      vertex 62.6988 -45.5534 3
    endloop
  endfacet
  facet normal -0 0 1
    outer loop
      vertex 16.1213 -6.12132 3
      vertex 62.6988 -45.5534 3
      vertex 16.2812 -5.94835 3
    endloop
  endfacet
  facet normal 0 0 1
    outer loop
      vertex 62.6988 -45.5534 3
      vertex 16.1213 -6.12132 3
      vertex 58.9315 -50.3322 3
    endloop
  endfacet
  facet normal -0 0 1
    outer loop
      vertex 15.9483 -6.28122 3
      vertex 58.9315 -50.3322 3
      vertex 16.1213 -6.12132 3
    endloop
  endfacet
  facet normal -0 0 1
    outer loop
      vertex 15.7634 -6.42705 3
      vertex 58.9315 -50.3322 3
      vertex 15.9483 -6.28122 3
    endloop
  endfacet
  facet normal 0 0 1
    outer loop
      vertex 58.9315 -50.3322 3
      vertex 15.7634 -6.42705 3
      vertex 54.8008 -54.8008 3
    endloop
  endfacet
  facet normal -0 0 1
    outer loop
      vertex 15.5675 -6.55792 3
      vertex 54.8008 -54.8008 3
      vertex 15.7634 -6.42705 3
    endloop
  endfacet
  facet normal 0 0 1
    outer loop
      vertex 54.8008 -54.8008 3
      vertex 15.5675 -6.55792 3
      vertex 50.3322 -58.9315 3
    endloop
  endfacet
  facet normal -0 0 1
    outer loop
      vertex 15.362 -6.67302 3
      vertex 50.3322 -58.9315 3
      vertex 15.5675 -6.55792 3
    endloop
  endfacet
  facet normal -0 0 1
    outer loop
      vertex 15.1481 -6.77164 3
      vertex 50.3322 -58.9315 3
      vertex 15.362 -6.67302 3
    endloop
  endfacet
  facet normal 0 0 1
    outer loop
      vertex 50.3322 -58.9315 3
      vertex 15.1481 -6.77164 3
      vertex 45.5534 -62.6988 3
    endloop
  endfacet
  facet normal -0 0 1
    outer loop
      vertex 14.927 -6.85316 3
      vertex 45.5534 -62.6988 3
      vertex 15.1481 -6.77164 3
    endloop
  endfacet
  facet normal 0 0 1
    outer loop
      vertex 45.5534 -62.6988 3
      vertex 14.927 -6.85316 3
      vertex 40.4936 -66.0796 3
    endloop
  endfacet
  facet normal -0 0 1
    outer loop
      vertex 14.7003 -6.91711 3
      vertex 40.4936 -66.0796 3
      vertex 14.927 -6.85316 3
    endloop
  endfacet
  facet normal 0 0 1
    outer loop
      vertex 40.4936 -66.0796 3
      vertex 14.7003 -6.91711 3
      vertex 35.1843 -69.053 3
    endloop
  endfacet
  facet normal -0 0 1
    outer loop
      vertex 14.4693 -6.96306 3
      vertex 35.1843 -69.053 3
      vertex 14.7003 -6.91711 3
    endloop
  endfacet
  facet normal 0 0 1
    outer loop
      vertex 35.1843 -69.053 3
      vertex 14.4693 -6.96306 3
      vertex 29.658 -71.6007 3
    endloop
  endfacet
  facet normal -0 0 1
    outer loop
      vertex 14.2354 -6.99075 3
      vertex 29.658 -71.6007 3
      vertex 14.4693 -6.96306 3
    endloop
  endfacet
  facet normal -0 0 1
    outer loop
      vertex 14 -7 3
      vertex 29.658 -71.6007 3
      vertex 14.2354 -6.99075 3
    endloop
  endfacet
  facet normal 0 0 1
    outer loop
      vertex 29.658 -71.6007 3
      vertex 14 -7 3
      vertex 23.9488 -73.7069 3
    endloop
  endfacet
  facet normal 0 0 1
    outer loop
      vertex 23.9488 -73.7069 3
      vertex 14 -7 3
      vertex 18.092 -75.3587 3
    endloop
  endfacet
  facet normal 0 0 1
    outer loop
      vertex 14 -7 3
      vertex 12.1237 -76.5458 3
      vertex 18.092 -75.3587 3
    endloop
  endfacet
  facet normal 0 0 1
    outer loop
      vertex 14 -7 3
      vertex 6.08058 -77.2611 3
      vertex 12.1237 -76.5458 3
    endloop
  endfacet
  facet normal 0 0 1
    outer loop
      vertex 14 -7 3
      vertex 0 -77.5 3
      vertex 6.08058 -77.2611 3
    endloop
  endfacet
  facet normal -0 0 1
    outer loop
      vertex -14 -7 3
      vertex 0 -77.5 3
      vertex 14 -7 3
    endloop
  endfacet
  facet normal 0 0 1
    outer loop
      vertex 0 -77.5 3
      vertex -14 -7 3
      vertex -6.08058 -77.2611 3
    endloop
  endfacet
  facet normal 0 0 1
    outer loop
      vertex -6.08058 -77.2611 3
      vertex -14 -7 3
      vertex -12.1237 -76.5458 3
    endloop
  endfacet
  facet normal 0 0 1
    outer loop
      vertex -29.658 -71.6007 3
      vertex -14 -7 3
      vertex -14.2354 -6.99075 3
    endloop
  endfacet
  facet normal 0 0 1
    outer loop
      vertex -29.658 -71.6007 3
      vertex -14.2354 -6.99075 3
      vertex -14.4693 -6.96306 3
    endloop
  endfacet
  facet normal 0 0 1
    outer loop
      vertex -35.1843 -69.053 3
      vertex -14.4693 -6.96306 3
      vertex -14.7003 -6.91711 3
    endloop
  endfacet
  facet normal 0 0 1
    outer loop
      vertex -40.4936 -66.0796 3
      vertex -14.7003 -6.91711 3
      vertex -14.927 -6.85316 3
    endloop
  endfacet
  facet normal 0 0 1
    outer loop
      vertex -45.5534 -62.6988 3
      vertex -14.927 -6.85316 3
      vertex -15.1481 -6.77164 3
    endloop
  endfacet
  facet normal 0 0 1
    outer loop
      vertex -50.3322 -58.9315 3
      vertex -15.1481 -6.77164 3
      vertex -15.362 -6.67302 3
    endloop
  endfacet
  facet normal 0 0 1
    outer loop
      vertex -50.3322 -58.9315 3
      vertex -15.362 -6.67302 3
      vertex -15.5675 -6.55792 3
    endloop
  endfacet
  facet normal 0 0 1
    outer loop
      vertex -54.8008 -54.8008 3
      vertex -15.5675 -6.55792 3
      vertex -15.7634 -6.42705 3
    endloop
  endfacet
  facet normal 0 0 1
    outer loop
      vertex -58.9315 -50.3322 3
      vertex -15.7634 -6.42705 3
      vertex -15.9483 -6.28122 3
    endloop
  endfacet
  facet normal 0 0 1
    outer loop
      vertex -58.9315 -50.3322 3
      vertex -15.9483 -6.28122 3
      vertex -16.1213 -6.12132 3
    endloop
  endfacet
  facet normal 0 0 1
    outer loop
      vertex -62.6988 -45.5534 3
      vertex -16.1213 -6.12132 3
      vertex -16.2812 -5.94835 3
    endloop
  endfacet
  facet normal 0 0 1
    outer loop
      vertex -66.0796 -40.4936 3
      vertex -16.2812 -5.94835 3
      vertex -16.427 -5.76335 3
    endloop
  endfacet
  facet normal 0 0 1
    outer loop
      vertex -69.053 -35.1843 3
      vertex -16.427 -5.76335 3
      vertex -16.5579 -5.56749 3
    endloop
  endfacet
  facet normal 0 0 1
    outer loop
      vertex -69.053 -35.1843 3
      vertex -16.5579 -5.56749 3
      vertex -16.673 -5.36197 3
    endloop
  endfacet
  facet normal 0 0 1
    outer loop
      vertex -71.6007 -29.658 3
      vertex -16.673 -5.36197 3
      vertex -16.7716 -5.14806 3
    endloop
  endfacet
  facet normal 0 0 1
    outer loop
      vertex -73.7069 -23.9488 3
      vertex -16.7716 -5.14806 3
      vertex -16.8532 -4.92705 3
    endloop
  endfacet
  facet normal 0 0 1
    outer loop
      vertex -73.7069 -23.9488 3
      vertex -16.8532 -4.92705 3
      vertex -16.9171 -4.70033 3
    endloop
  endfacet
  facet normal 0 0 1
    outer loop
      vertex -75.3587 -18.092 3
      vertex -16.9171 -4.70033 3
      vertex -16.9631 -4.4693 3
    endloop
  endfacet
  facet normal 0 0 1
    outer loop
      vertex -76.5458 -12.1237 3
      vertex -16.9631 -4.4693 3
      vertex -16.9908 -4.23538 3
    endloop
  endfacet
  facet normal 0 0 1
    outer loop
      vertex -14 -7 3
      vertex -18.092 -75.3587 3
      vertex -12.1237 -76.5458 3
    endloop
  endfacet
  facet normal 0 0 1
    outer loop
      vertex -76.5458 -12.1237 3
      vertex -16.9908 -4.23538 3
      vertex -17 -4 3
    endloop
  endfacet
  facet normal 0 0 1
    outer loop
      vertex -16.2812 5.94835 3
      vertex -66.0796 40.4936 3
      vertex -16.427 5.76335 3
    endloop
  endfacet
  facet normal -0 0 1
    outer loop
      vertex -69.053 35.1843 3
      vertex -16.427 5.76335 3
      vertex -66.0796 40.4936 3
    endloop
  endfacet
  facet normal 0 0 1
    outer loop
      vertex -14 -7 3
      vertex -23.9488 -73.7069 3
      vertex -18.092 -75.3587 3
    endloop
  endfacet
  facet normal 0 0 1
    outer loop
      vertex -16.427 5.76335 3
      vertex -69.053 35.1843 3
      vertex -16.5579 5.56749 3
    endloop
  endfacet
  facet normal 0 0 1
    outer loop
      vertex -14 -7 3
      vertex -29.658 -71.6007 3
      vertex -23.9488 -73.7069 3
    endloop
  endfacet
  facet normal 0 0 1
    outer loop
      vertex -16.5579 5.56749 3
      vertex -69.053 35.1843 3
      vertex -16.673 5.36197 3
    endloop
  endfacet
  facet normal 0 0 1
    outer loop
      vertex -14.4693 -6.96306 3
      vertex -35.1843 -69.053 3
      vertex -29.658 -71.6007 3
    endloop
  endfacet
  facet normal -0 0 1
    outer loop
      vertex -71.6007 29.658 3
      vertex -16.673 5.36197 3
      vertex -69.053 35.1843 3
    endloop
  endfacet
  facet normal 0 0 1
    outer loop
      vertex -14.7003 -6.91711 3
      vertex -40.4936 -66.0796 3
      vertex -35.1843 -69.053 3
    endloop
  endfacet
  facet normal 0 0 1
    outer loop
      vertex -16.673 5.36197 3
      vertex -71.6007 29.658 3
      vertex -16.7716 5.14806 3
    endloop
  endfacet
  facet normal 0 0 1
    outer loop
      vertex -14.927 -6.85316 3
      vertex -45.5534 -62.6988 3
      vertex -40.4936 -66.0796 3
    endloop
  endfacet
  facet normal -0 0 1
    outer loop
      vertex -73.7069 23.9488 3
      vertex -16.7716 5.14806 3
      vertex -71.6007 29.658 3
    endloop
  endfacet
  facet normal 0 0 1
    outer loop
      vertex -15.1481 -6.77164 3
      vertex -50.3322 -58.9315 3
      vertex -45.5534 -62.6988 3
    endloop
  endfacet
  facet normal 0 0 1
    outer loop
      vertex -16.7716 5.14806 3
      vertex -73.7069 23.9488 3
      vertex -16.8532 4.92705 3
    endloop
  endfacet
  facet normal 0 0 1
    outer loop
      vertex -15.5675 -6.55792 3
      vertex -54.8008 -54.8008 3
      vertex -50.3322 -58.9315 3
    endloop
  endfacet
  facet normal 0 0 1
    outer loop
      vertex -16.8532 4.92705 3
      vertex -73.7069 23.9488 3
      vertex -16.9171 4.70033 3
    endloop
  endfacet
  facet normal 0 0 1
    outer loop
      vertex -15.7634 -6.42705 3
      vertex -58.9315 -50.3322 3
      vertex -54.8008 -54.8008 3
    endloop
  endfacet
  facet normal -0 0 1
    outer loop
      vertex -75.3587 18.092 3
      vertex -16.9171 4.70033 3
      vertex -73.7069 23.9488 3
    endloop
  endfacet
  facet normal 0 0 1
    outer loop
      vertex -16.1213 -6.12132 3
      vertex -62.6988 -45.5534 3
      vertex -58.9315 -50.3322 3
    endloop
  endfacet
  facet normal 0 0 1
    outer loop
      vertex -16.9171 4.70033 3
      vertex -75.3587 18.092 3
      vertex -16.9631 4.4693 3
    endloop
  endfacet
  facet normal 0 0 1
    outer loop
      vertex -16.2812 -5.94835 3
      vertex -66.0796 -40.4936 3
      vertex -62.6988 -45.5534 3
    endloop
  endfacet
  facet normal -0 0 1
    outer loop
      vertex -76.5458 12.1237 3
      vertex -16.9631 4.4693 3
      vertex -75.3587 18.092 3
    endloop
  endfacet
  facet normal 0 0 1
    outer loop
      vertex -16.427 -5.76335 3
      vertex -69.053 -35.1843 3
      vertex -66.0796 -40.4936 3
    endloop
  endfacet
  facet normal 0 0 1
    outer loop
      vertex -16.9631 4.4693 3
      vertex -76.5458 12.1237 3
      vertex -16.9908 4.23538 3
    endloop
  endfacet
  facet normal 0 0 1
    outer loop
      vertex -16.673 -5.36197 3
      vertex -71.6007 -29.658 3
      vertex -69.053 -35.1843 3
    endloop
  endfacet
  facet normal 0 0 1
    outer loop
      vertex -16.9908 4.23538 3
      vertex -76.5458 12.1237 3
      vertex -17 4 3
    endloop
  endfacet
  facet normal 0 0 1
    outer loop
      vertex -16.7716 -5.14806 3
      vertex -73.7069 -23.9488 3
      vertex -71.6007 -29.658 3
    endloop
  endfacet
  facet normal -0 0 1
    outer loop
      vertex -77.2611 6.08058 3
      vertex -17 4 3
      vertex -76.5458 12.1237 3
    endloop
  endfacet
  facet normal 0 0 1
    outer loop
      vertex -16.9171 -4.70033 3
      vertex -75.3587 -18.092 3
      vertex -73.7069 -23.9488 3
    endloop
  endfacet
  facet normal 0 0 1
    outer loop
      vertex -77.5 0 3
      vertex -17 4 3
      vertex -77.2611 6.08058 3
    endloop
  endfacet
  facet normal 0 0 1
    outer loop
      vertex -16.9631 -4.4693 3
      vertex -76.5458 -12.1237 3
      vertex -75.3587 -18.092 3
    endloop
  endfacet
  facet normal 0 0 1
    outer loop
      vertex -17 4 3
      vertex -77.5 0 3
      vertex -17 -4 3
    endloop
  endfacet
  facet normal 0 0 1
    outer loop
      vertex -17 -4 3
      vertex -77.2611 -6.08058 3
      vertex -76.5458 -12.1237 3
    endloop
  endfacet
  facet normal 0 0 1
    outer loop
      vertex -17 -4 3
      vertex -77.5 0 3
      vertex -77.2611 -6.08058 3
    endloop
  endfacet
  facet normal 0.0392587 0.999229 -0
    outer loop
      vertex 6.08058 77.2611 0
      vertex 0 77.5 3
      vertex 6.08058 77.2611 3
    endloop
  endfacet
  facet normal 0.0392587 0.999229 0
    outer loop
      vertex 0 77.5 3
      vertex 6.08058 77.2611 0
      vertex 0 77.5 0
    endloop
  endfacet
  facet normal 0.488627 -0.872493 0
    outer loop
      vertex 35.1843 -69.053 0
      vertex 40.4936 -66.0796 3
      vertex 35.1843 -69.053 3
    endloop
  endfacet
  facet normal 0.488627 -0.872493 0
    outer loop
      vertex 40.4936 -66.0796 3
      vertex 35.1843 -69.053 0
      vertex 40.4936 -66.0796 0
    endloop
  endfacet
  facet normal 0.908141 -0.418665 0
    outer loop
      vertex 69.053 -35.1843 3
      vertex 71.6007 -29.658 0
      vertex 71.6007 -29.658 3
    endloop
  endfacet
  facet normal 0.908141 -0.418665 0
    outer loop
      vertex 71.6007 -29.658 0
      vertex 69.053 -35.1843 3
      vertex 69.053 -35.1843 0
    endloop
  endfacet
  facet normal 0.831473 -0.555565 0
    outer loop
      vertex 62.6988 -45.5534 3
      vertex 66.0796 -40.4936 0
      vertex 66.0796 -40.4936 3
    endloop
  endfacet
  facet normal 0.831473 -0.555565 0
    outer loop
      vertex 66.0796 -40.4936 0
      vertex 62.6988 -45.5534 3
      vertex 62.6988 -45.5534 0
    endloop
  endfacet
  facet normal -0.999229 0.0392587 0
    outer loop
      vertex -77.5 0 0
      vertex -77.2611 6.08058 3
      vertex -77.2611 6.08058 0
    endloop
  endfacet
  facet normal -0.999229 0.0392587 0
    outer loop
      vertex -77.2611 6.08058 3
      vertex -77.5 0 0
      vertex -77.5 0 3
    endloop
  endfacet
  facet normal 0.734325 0.678798 0
    outer loop
      vertex 58.9315 50.3322 3
      vertex 54.8008 54.8008 0
      vertex 54.8008 54.8008 3
    endloop
  endfacet
  facet normal 0.734325 0.678798 0
    outer loop
      vertex 54.8008 54.8008 0
      vertex 58.9315 50.3322 3
      vertex 58.9315 50.3322 0
    endloop
  endfacet
  facet normal -0.117545 0.993068 0
    outer loop
      vertex -6.08058 77.2611 0
      vertex -12.1237 76.5458 3
      vertex -6.08058 77.2611 3
    endloop
  endfacet
  facet normal -0.117545 0.993068 0
    outer loop
      vertex -12.1237 76.5458 3
      vertex -6.08058 77.2611 0
      vertex -12.1237 76.5458 0
    endloop
  endfacet
  facet normal -0.993068 0.117545 0
    outer loop
      vertex -77.2611 6.08058 0
      vertex -76.5458 12.1237 3
      vertex -76.5458 12.1237 0
    endloop
  endfacet
  facet normal -0.993068 0.117545 0
    outer loop
      vertex -76.5458 12.1237 3
      vertex -77.2611 6.08058 0
      vertex -77.2611 6.08058 3
    endloop
  endfacet
  facet normal -0.962455 0.271442 0
    outer loop
      vertex -75.3587 18.092 0
      vertex -73.7069 23.9488 3
      vertex -73.7069 23.9488 0
    endloop
  endfacet
  facet normal -0.962455 0.271442 0
    outer loop
      vertex -73.7069 23.9488 3
      vertex -75.3587 18.092 0
      vertex -75.3587 18.092 3
    endloop
  endfacet
  facet normal 0.195079 0.980787 -0
    outer loop
      vertex 18.092 75.3587 0
      vertex 12.1237 76.5458 3
      vertex 18.092 75.3587 3
    endloop
  endfacet
  facet normal 0.195079 0.980787 0
    outer loop
      vertex 12.1237 76.5458 3
      vertex 18.092 75.3587 0
      vertex 12.1237 76.5458 0
    endloop
  endfacet
  facet normal 0.678798 -0.734325 0
    outer loop
      vertex 50.3322 -58.9315 0
      vertex 54.8008 -54.8008 3
      vertex 50.3322 -58.9315 3
    endloop
  endfacet
  facet normal 0.678798 -0.734325 0
    outer loop
      vertex 54.8008 -54.8008 3
      vertex 50.3322 -58.9315 0
      vertex 54.8008 -54.8008 0
    endloop
  endfacet
  facet normal -0.117545 -0.993068 0
    outer loop
      vertex -12.1237 -76.5458 0
      vertex -6.08058 -77.2611 3
      vertex -12.1237 -76.5458 3
    endloop
  endfacet
  facet normal -0.117545 -0.993068 -0
    outer loop
      vertex -6.08058 -77.2611 3
      vertex -12.1237 -76.5458 0
      vertex -6.08058 -77.2611 0
    endloop
  endfacet
  facet normal -0.418665 0.908141 0
    outer loop
      vertex -29.658 71.6007 0
      vertex -35.1843 69.053 3
      vertex -29.658 71.6007 3
    endloop
  endfacet
  facet normal -0.418665 0.908141 0
    outer loop
      vertex -35.1843 69.053 3
      vertex -29.658 71.6007 0
      vertex -35.1843 69.053 0
    endloop
  endfacet
  facet normal -0.980787 0.195079 0
    outer loop
      vertex -76.5458 12.1237 0
      vertex -75.3587 18.092 3
      vertex -75.3587 18.092 0
    endloop
  endfacet
  facet normal -0.980787 0.195079 0
    outer loop
      vertex -75.3587 18.092 3
      vertex -76.5458 12.1237 0
      vertex -76.5458 12.1237 3
    endloop
  endfacet
  facet normal 0.619094 0.785317 -0
    outer loop
      vertex 50.3322 58.9315 0
      vertex 45.5534 62.6988 3
      vertex 50.3322 58.9315 3
    endloop
  endfacet
  facet normal 0.619094 0.785317 0
    outer loop
      vertex 45.5534 62.6988 3
      vertex 50.3322 58.9315 0
      vertex 45.5534 62.6988 0
    endloop
  endfacet
  facet normal 0.938193 0.346112 0
    outer loop
      vertex 73.7069 23.9488 3
      vertex 71.6007 29.658 0
      vertex 71.6007 29.658 3
    endloop
  endfacet
  facet normal 0.938193 0.346112 0
    outer loop
      vertex 71.6007 29.658 0
      vertex 73.7069 23.9488 3
      vertex 73.7069 23.9488 0
    endloop
  endfacet
  facet normal 0.271442 0.962455 -0
    outer loop
      vertex 23.9488 73.7069 0
      vertex 18.092 75.3587 3
      vertex 23.9488 73.7069 3
    endloop
  endfacet
  facet normal 0.271442 0.962455 0
    outer loop
      vertex 18.092 75.3587 3
      vertex 23.9488 73.7069 0
      vertex 18.092 75.3587 0
    endloop
  endfacet
  facet normal 0.488627 0.872493 -0
    outer loop
      vertex 40.4936 66.0796 0
      vertex 35.1843 69.053 3
      vertex 40.4936 66.0796 3
    endloop
  endfacet
  facet normal 0.488627 0.872493 0
    outer loop
      vertex 35.1843 69.053 3
      vertex 40.4936 66.0796 0
      vertex 35.1843 69.053 0
    endloop
  endfacet
  facet normal 0.908141 0.418665 0
    outer loop
      vertex 71.6007 29.658 3
      vertex 69.053 35.1843 0
      vertex 69.053 35.1843 3
    endloop
  endfacet
  facet normal 0.908141 0.418665 0
    outer loop
      vertex 69.053 35.1843 0
      vertex 71.6007 29.658 3
      vertex 71.6007 29.658 0
    endloop
  endfacet
  facet normal 0.872493 0.488627 0
    outer loop
      vertex 69.053 35.1843 3
      vertex 66.0796 40.4936 0
      vertex 66.0796 40.4936 3
    endloop
  endfacet
  facet normal 0.872493 0.488627 0
    outer loop
      vertex 66.0796 40.4936 0
      vertex 69.053 35.1843 3
      vertex 69.053 35.1843 0
    endloop
  endfacet
  facet normal 0.555565 0.831473 -0
    outer loop
      vertex 45.5534 62.6988 0
      vertex 40.4936 66.0796 3
      vertex 45.5534 62.6988 3
    endloop
  endfacet
  facet normal 0.555565 0.831473 0
    outer loop
      vertex 40.4936 66.0796 3
      vertex 45.5534 62.6988 0
      vertex 40.4936 66.0796 0
    endloop
  endfacet
  facet normal -0.195079 -0.980787 0
    outer loop
      vertex -18.092 -75.3587 0
      vertex -12.1237 -76.5458 3
      vertex -18.092 -75.3587 3
    endloop
  endfacet
  facet normal -0.195079 -0.980787 -0
    outer loop
      vertex -12.1237 -76.5458 3
      vertex -18.092 -75.3587 0
      vertex -12.1237 -76.5458 0
    endloop
  endfacet
  facet normal -0.0392645 -0.999229 0
    outer loop
      vertex 14 7 0.7
      vertex 14.2354 6.99075 3
      vertex 14 7 3
    endloop
  endfacet
  facet normal -0.0392645 -0.999229 -0
    outer loop
      vertex 14.2354 6.99075 3
      vertex 14 7 0.7
      vertex 14.2354 6.99075 0.7
    endloop
  endfacet
  facet normal -0.0392645 0.999229 0
    outer loop
      vertex 14.2354 -6.99075 0.7
      vertex 14 -7 3
      vertex 14.2354 -6.99075 3
    endloop
  endfacet
  facet normal -0.0392645 0.999229 0
    outer loop
      vertex 14 -7 3
      vertex 14.2354 -6.99075 0.7
      vertex 14 -7 0.7
    endloop
  endfacet
  facet normal 0.271495 -0.96244 0
    outer loop
      vertex -14.927 6.85316 0.7
      vertex -14.7003 6.91711 3
      vertex -14.927 6.85316 3
    endloop
  endfacet
  facet normal 0.271495 -0.96244 0
    outer loop
      vertex -14.7003 6.91711 3
      vertex -14.927 6.85316 0.7
      vertex -14.7003 6.91711 0.7
    endloop
  endfacet
  facet normal 0.0392645 0.999229 -0
    outer loop
      vertex -14 -7 0.7
      vertex -14.2354 -6.99075 3
      vertex -14 -7 3
    endloop
  endfacet
  facet normal 0.0392645 0.999229 0
    outer loop
      vertex -14.2354 -6.99075 3
      vertex -14 -7 0.7
      vertex -14.2354 -6.99075 0.7
    endloop
  endfacet
  facet normal -0.938102 -0.34636 0
    outer loop
      vertex 16.8532 4.92705 0.7
      vertex 16.7716 5.14806 3
      vertex 16.7716 5.14806 0.7
    endloop
  endfacet
  facet normal -0.938102 -0.34636 0
    outer loop
      vertex 16.7716 5.14806 3
      vertex 16.8532 4.92705 0.7
      vertex 16.8532 4.92705 3
    endloop
  endfacet
  facet normal 0 -1 0
    outer loop
      vertex -10.25 7 0
      vertex 11.47 7 0.7
      vertex -10.25 7 0.7
    endloop
  endfacet
  facet normal 0 -1 -0
    outer loop
      vertex 11.47 7 0.7
      vertex -10.25 7 0
      vertex 11.47 7 0
    endloop
  endfacet
  facet normal 0 -1 0
    outer loop
      vertex -10.25 7 0.7
      vertex -14 7 3
      vertex -14 7 0.7
    endloop
  endfacet
  facet normal 0 -1 0
    outer loop
      vertex -14 7 3
      vertex -10.25 7 0.7
      vertex 14 7 3
    endloop
  endfacet
  facet normal 0 -1 0
    outer loop
      vertex 11.47 7 0.7
      vertex 14 7 3
      vertex -10.25 7 0.7
    endloop
  endfacet
  facet normal 0 -1 -0
    outer loop
      vertex 14 7 3
      vertex 11.47 7 0.7
      vertex 14 7 0.7
    endloop
  endfacet
  facet normal 0.0392645 -0.999229 0
    outer loop
      vertex -14.2354 6.99075 0.7
      vertex -14 7 3
      vertex -14.2354 6.99075 3
    endloop
  endfacet
  facet normal 0.0392645 -0.999229 0
    outer loop
      vertex -14 7 3
      vertex -14.2354 6.99075 0.7
      vertex -14 7 0.7
    endloop
  endfacet
  facet normal 0.83141 0.55566 0
    outer loop
      vertex -16.427 -5.76335 3
      vertex -16.5579 -5.56749 0.7
      vertex -16.5579 -5.56749 3
    endloop
  endfacet
  facet normal 0.83141 0.55566 0
    outer loop
      vertex -16.5579 -5.56749 0.7
      vertex -16.427 -5.76335 3
      vertex -16.427 -5.76335 0.7
    endloop
  endfacet
  facet normal 0.418697 -0.908126 0
    outer loop
      vertex -15.362 6.67302 0.7
      vertex -15.1481 6.77164 3
      vertex -15.362 6.67302 3
    endloop
  endfacet
  facet normal 0.418697 -0.908126 0
    outer loop
      vertex -15.1481 6.77164 3
      vertex -15.362 6.67302 0.7
      vertex -15.1481 6.77164 0.7
    endloop
  endfacet
  facet normal -0.271495 -0.96244 0
    outer loop
      vertex 14.7003 6.91711 0.7
      vertex 14.927 6.85316 3
      vertex 14.7003 6.91711 3
    endloop
  endfacet
  facet normal -0.271495 -0.96244 -0
    outer loop
      vertex 14.927 6.85316 3
      vertex 14.7003 6.91711 0.7
      vertex 14.927 6.85316 0.7
    endloop
  endfacet
  facet normal 0 1 -0
    outer loop
      vertex 11.47 -7 0
      vertex -10.25 -7 0.7
      vertex 11.47 -7 0.7
    endloop
  endfacet
  facet normal 0 1 0
    outer loop
      vertex -10.25 -7 0.7
      vertex 11.47 -7 0
      vertex -10.25 -7 0
    endloop
  endfacet
  facet normal 0 1 0
    outer loop
      vertex 11.47 -7 0.7
      vertex 14 -7 3
      vertex 14 -7 0.7
    endloop
  endfacet
  facet normal 0 1 0
    outer loop
      vertex -10.25 -7 0.7
      vertex 14 -7 3
      vertex 11.47 -7 0.7
    endloop
  endfacet
  facet normal 0 1 0
    outer loop
      vertex 14 -7 3
      vertex -10.25 -7 0.7
      vertex -14 -7 3
    endloop
  endfacet
  facet normal 0 1 0
    outer loop
      vertex -14 -7 3
      vertex -10.25 -7 0.7
      vertex -14 -7 0.7
    endloop
  endfacet
  facet normal -0.734305 0.678819 0
    outer loop
      vertex 16.1213 -6.12132 0.7
      vertex 16.2812 -5.94835 3
      vertex 16.2812 -5.94835 0.7
    endloop
  endfacet
  facet normal -0.734305 0.678819 0
    outer loop
      vertex 16.2812 -5.94835 3
      vertex 16.1213 -6.12132 0.7
      vertex 16.1213 -6.12132 3
    endloop
  endfacet
  facet normal 0.999237 0.0390559 0
    outer loop
      vertex -16.9908 -4.23538 3
      vertex -17 -4 0.7
      vertex -17 -4 3
    endloop
  endfacet
  facet normal 0.999237 0.0390559 0
    outer loop
      vertex -17 -4 0.7
      vertex -16.9908 -4.23538 3
      vertex -16.9908 -4.23538 0.7
    endloop
  endfacet
  facet normal 0.962501 -0.271277 0
    outer loop
      vertex -16.9171 4.70033 3
      vertex -16.8532 4.92705 0.7
      vertex -16.8532 4.92705 3
    endloop
  endfacet
  facet normal 0.962501 -0.271277 0
    outer loop
      vertex -16.8532 4.92705 0.7
      vertex -16.9171 4.70033 3
      vertex -16.9171 4.70033 0.7
    endloop
  endfacet
  facet normal 0.999237 -0.0390559 0
    outer loop
      vertex -17 4 3
      vertex -16.9908 4.23538 0.7
      vertex -16.9908 4.23538 3
    endloop
  endfacet
  facet normal 0.999237 -0.0390559 0
    outer loop
      vertex -16.9908 4.23538 0.7
      vertex -17 4 3
      vertex -17 4 0.7
    endloop
  endfacet
  facet normal -0.488668 -0.87247 0
    outer loop
      vertex 15.362 6.67302 0.7
      vertex 15.5675 6.55792 3
      vertex 15.362 6.67302 3
    endloop
  endfacet
  facet normal -0.488668 -0.87247 -0
    outer loop
      vertex 15.5675 6.55792 3
      vertex 15.362 6.67302 0.7
      vertex 15.5675 6.55792 0.7
    endloop
  endfacet
  facet normal 0.345937 0.938258 -0
    outer loop
      vertex -14.927 -6.85316 0.7
      vertex -15.1481 -6.77164 3
      vertex -14.927 -6.85316 3
    endloop
  endfacet
  facet normal 0.345937 0.938258 0
    outer loop
      vertex -15.1481 -6.77164 3
      vertex -14.927 -6.85316 0.7
      vertex -15.1481 -6.77164 0.7
    endloop
  endfacet
  facet normal 0.938102 -0.34636 0
    outer loop
      vertex -16.8532 4.92705 3
      vertex -16.7716 5.14806 0.7
      vertex -16.7716 5.14806 3
    endloop
  endfacet
  facet normal 0.938102 -0.34636 0
    outer loop
      vertex -16.7716 5.14806 0.7
      vertex -16.8532 4.92705 3
      vertex -16.8532 4.92705 0.7
    endloop
  endfacet
  facet normal -0.83141 -0.55566 0
    outer loop
      vertex 16.5579 5.56749 0.7
      vertex 16.427 5.76335 3
      vertex 16.427 5.76335 0.7
    endloop
  endfacet
  facet normal -0.83141 -0.55566 0
    outer loop
      vertex 16.427 5.76335 3
      vertex 16.5579 5.56749 0.7
      vertex 16.5579 5.56749 3
    endloop
  endfacet
  facet normal 1 -0 0
    outer loop
      vertex -17 -4 3
      vertex -17 4 0.7
      vertex -17 4 3
    endloop
  endfacet
  facet normal 1 0 0
    outer loop
      vertex -17 4 0.7
      vertex -17 -4 3
      vertex -17 -4 0.7
    endloop
  endfacet
  facet normal 0.83141 -0.55566 0
    outer loop
      vertex -16.5579 5.56749 3
      vertex -16.427 5.76335 0.7
      vertex -16.427 5.76335 3
    endloop
  endfacet
  facet normal 0.83141 -0.55566 0
    outer loop
      vertex -16.427 5.76335 0.7
      vertex -16.5579 5.56749 3
      vertex -16.5579 5.56749 0.7
    endloop
  endfacet
  facet normal 0.488668 0.87247 -0
    outer loop
      vertex -15.362 -6.67302 0.7
      vertex -15.5675 -6.55792 3
      vertex -15.362 -6.67302 3
    endloop
  endfacet
  facet normal 0.488668 0.87247 0
    outer loop
      vertex -15.5675 -6.55792 3
      vertex -15.362 -6.67302 0.7
      vertex -15.5675 -6.55792 0.7
    endloop
  endfacet
  facet normal 0.980748 -0.195275 0
    outer loop
      vertex -16.9631 4.4693 3
      vertex -16.9171 4.70033 0.7
      vertex -16.9171 4.70033 3
    endloop
  endfacet
  facet normal 0.980748 -0.195275 0
    outer loop
      vertex -16.9171 4.70033 0.7
      vertex -16.9631 4.4693 3
      vertex -16.9631 4.4693 0.7
    endloop
  endfacet
  facet normal 0.785404 0.618983 0
    outer loop
      vertex -16.2812 -5.94835 3
      vertex -16.427 -5.76335 0.7
      vertex -16.427 -5.76335 3
    endloop
  endfacet
  facet normal 0.785404 0.618983 0
    outer loop
      vertex -16.427 -5.76335 0.7
      vertex -16.2812 -5.94835 3
      vertex -16.2812 -5.94835 0.7
    endloop
  endfacet
  facet normal 0.195095 0.980784 -0
    outer loop
      vertex -14.4693 -6.96306 0.7
      vertex -14.7003 -6.91711 3
      vertex -14.4693 -6.96306 3
    endloop
  endfacet
  facet normal 0.195095 0.980784 0
    outer loop
      vertex -14.7003 -6.91711 3
      vertex -14.4693 -6.96306 0.7
      vertex -14.7003 -6.91711 0.7
    endloop
  endfacet
  facet normal 0.619268 -0.785179 0
    outer loop
      vertex -15.9483 6.28122 0.7
      vertex -15.7634 6.42705 3
      vertex -15.9483 6.28122 3
    endloop
  endfacet
  facet normal 0.619268 -0.785179 0
    outer loop
      vertex -15.7634 6.42705 3
      vertex -15.9483 6.28122 0.7
      vertex -15.7634 6.42705 0.7
    endloop
  endfacet
  facet normal -0.418697 0.908126 0
    outer loop
      vertex 15.362 -6.67302 0.7
      vertex 15.1481 -6.77164 3
      vertex 15.362 -6.67302 3
    endloop
  endfacet
  facet normal -0.418697 0.908126 0
    outer loop
      vertex 15.1481 -6.77164 3
      vertex 15.362 -6.67302 0.7
      vertex 15.1481 -6.77164 0.7
    endloop
  endfacet
  facet normal 0.993062 0.117595 0
    outer loop
      vertex -16.9631 -4.4693 3
      vertex -16.9908 -4.23538 0.7
      vertex -16.9908 -4.23538 3
    endloop
  endfacet
  facet normal 0.993062 0.117595 0
    outer loop
      vertex -16.9908 -4.23538 0.7
      vertex -16.9631 -4.4693 3
      vertex -16.9631 -4.4693 0.7
    endloop
  endfacet
  facet normal -0.993062 0.117595 0
    outer loop
      vertex 16.9631 -4.4693 0.7
      vertex 16.9908 -4.23538 3
      vertex 16.9908 -4.23538 0.7
    endloop
  endfacet
  facet normal -0.993062 0.117595 0
    outer loop
      vertex 16.9908 -4.23538 3
      vertex 16.9631 -4.4693 0.7
      vertex 16.9631 -4.4693 3
    endloop
  endfacet
  facet normal -0.734305 -0.678819 0
    outer loop
      vertex 16.2812 5.94835 0.7
      vertex 16.1213 6.12132 3
      vertex 16.1213 6.12132 0.7
    endloop
  endfacet
  facet normal -0.734305 -0.678819 0
    outer loop
      vertex 16.1213 6.12132 3
      vertex 16.2812 5.94835 0.7
      vertex 16.2812 5.94835 3
    endloop
  endfacet
  facet normal 0.117563 0.993065 -0
    outer loop
      vertex -14.2354 -6.99075 0.7
      vertex -14.4693 -6.96306 3
      vertex -14.2354 -6.99075 3
    endloop
  endfacet
  facet normal 0.117563 0.993065 0
    outer loop
      vertex -14.4693 -6.96306 3
      vertex -14.2354 -6.99075 0.7
      vertex -14.4693 -6.96306 0.7
    endloop
  endfacet
  facet normal -0.488668 0.87247 0
    outer loop
      vertex 15.5675 -6.55792 0.7
      vertex 15.362 -6.67302 3
      vertex 15.5675 -6.55792 3
    endloop
  endfacet
  facet normal -0.488668 0.87247 0
    outer loop
      vertex 15.362 -6.67302 3
      vertex 15.5675 -6.55792 0.7
      vertex 15.362 -6.67302 0.7
    endloop
  endfacet
  facet normal -0.418697 -0.908126 0
    outer loop
      vertex 15.1481 6.77164 0.7
      vertex 15.362 6.67302 3
      vertex 15.1481 6.77164 3
    endloop
  endfacet
  facet normal -0.418697 -0.908126 -0
    outer loop
      vertex 15.362 6.67302 3
      vertex 15.1481 6.77164 0.7
      vertex 15.362 6.67302 0.7
    endloop
  endfacet
  facet normal -0.678756 -0.734364 0
    outer loop
      vertex 15.9483 6.28122 0.7
      vertex 16.1213 6.12132 3
      vertex 15.9483 6.28122 3
    endloop
  endfacet
  facet normal -0.678756 -0.734364 -0
    outer loop
      vertex 16.1213 6.12132 3
      vertex 15.9483 6.28122 0.7
      vertex 16.1213 6.12132 0.7
    endloop
  endfacet
  facet normal 0.734305 -0.678819 0
    outer loop
      vertex -16.2812 5.94835 3
      vertex -16.1213 6.12132 0.7
      vertex -16.1213 6.12132 3
    endloop
  endfacet
  facet normal 0.734305 -0.678819 0
    outer loop
      vertex -16.1213 6.12132 0.7
      vertex -16.2812 5.94835 3
      vertex -16.2812 5.94835 0.7
    endloop
  endfacet
  facet normal -0.980748 -0.195275 0
    outer loop
      vertex 16.9631 4.4693 0.7
      vertex 16.9171 4.70033 3
      vertex 16.9171 4.70033 0.7
    endloop
  endfacet
  facet normal -0.980748 -0.195275 0
    outer loop
      vertex 16.9171 4.70033 3
      vertex 16.9631 4.4693 0.7
      vertex 16.9631 4.4693 3
    endloop
  endfacet
  facet normal -0.962501 0.271277 0
    outer loop
      vertex 16.8532 -4.92705 0.7
      vertex 16.9171 -4.70033 3
      vertex 16.9171 -4.70033 0.7
    endloop
  endfacet
  facet normal -0.962501 0.271277 0
    outer loop
      vertex 16.9171 -4.70033 3
      vertex 16.8532 -4.92705 0.7
      vertex 16.8532 -4.92705 3
    endloop
  endfacet
  facet normal 0.418697 0.908126 -0
    outer loop
      vertex -15.1481 -6.77164 0.7
      vertex -15.362 -6.67302 3
      vertex -15.1481 -6.77164 3
    endloop
  endfacet
  facet normal 0.418697 0.908126 0
    outer loop
      vertex -15.362 -6.67302 3
      vertex -15.1481 -6.77164 0.7
      vertex -15.362 -6.67302 0.7
    endloop
  endfacet
  facet normal -0.999237 -0.0390559 0
    outer loop
      vertex 17 4 0.7
      vertex 16.9908 4.23538 3
      vertex 16.9908 4.23538 0.7
    endloop
  endfacet
  facet normal -0.999237 -0.0390559 0
    outer loop
      vertex 16.9908 4.23538 3
      vertex 17 4 0.7
      vertex 17 4 3
    endloop
  endfacet
  facet normal -0.555493 -0.831521 0
    outer loop
      vertex 15.5675 6.55792 0.7
      vertex 15.7634 6.42705 3
      vertex 15.5675 6.55792 3
    endloop
  endfacet
  facet normal -0.555493 -0.831521 -0
    outer loop
      vertex 15.7634 6.42705 3
      vertex 15.5675 6.55792 0.7
      vertex 15.7634 6.42705 0.7
    endloop
  endfacet
  facet normal -0.908166 -0.418611 0
    outer loop
      vertex 16.7716 5.14806 0.7
      vertex 16.673 5.36197 3
      vertex 16.673 5.36197 0.7
    endloop
  endfacet
  facet normal -0.908166 -0.418611 0
    outer loop
      vertex 16.673 5.36197 3
      vertex 16.7716 5.14806 0.7
      vertex 16.7716 5.14806 3
    endloop
  endfacet
  facet normal 0.619268 0.785179 -0
    outer loop
      vertex -15.7634 -6.42705 0.7
      vertex -15.9483 -6.28122 3
      vertex -15.7634 -6.42705 3
    endloop
  endfacet
  facet normal 0.619268 0.785179 0
    outer loop
      vertex -15.9483 -6.28122 3
      vertex -15.7634 -6.42705 0.7
      vertex -15.9483 -6.28122 0.7
    endloop
  endfacet
  facet normal 0.908166 0.418611 0
    outer loop
      vertex -16.673 -5.36197 3
      vertex -16.7716 -5.14806 0.7
      vertex -16.7716 -5.14806 3
    endloop
  endfacet
  facet normal 0.908166 0.418611 0
    outer loop
      vertex -16.7716 -5.14806 0.7
      vertex -16.673 -5.36197 3
      vertex -16.673 -5.36197 0.7
    endloop
  endfacet
  facet normal 0.678756 -0.734364 0
    outer loop
      vertex -16.1213 6.12132 0.7
      vertex -15.9483 6.28122 3
      vertex -16.1213 6.12132 3
    endloop
  endfacet
  facet normal 0.678756 -0.734364 0
    outer loop
      vertex -15.9483 6.28122 3
      vertex -16.1213 6.12132 0.7
      vertex -15.9483 6.28122 0.7
    endloop
  endfacet
  facet normal 0.734305 0.678819 0
    outer loop
      vertex -16.1213 -6.12132 3
      vertex -16.2812 -5.94835 0.7
      vertex -16.2812 -5.94835 3
    endloop
  endfacet
  facet normal 0.734305 0.678819 0
    outer loop
      vertex -16.2812 -5.94835 0.7
      vertex -16.1213 -6.12132 3
      vertex -16.1213 -6.12132 0.7
    endloop
  endfacet
  facet normal -0.345937 -0.938258 0
    outer loop
      vertex 14.927 6.85316 0.7
      vertex 15.1481 6.77164 3
      vertex 14.927 6.85316 3
    endloop
  endfacet
  facet normal -0.345937 -0.938258 -0
    outer loop
      vertex 15.1481 6.77164 3
      vertex 14.927 6.85316 0.7
      vertex 15.1481 6.77164 0.7
    endloop
  endfacet
  facet normal 0.345937 -0.938258 0
    outer loop
      vertex -15.1481 6.77164 0.7
      vertex -14.927 6.85316 3
      vertex -15.1481 6.77164 3
    endloop
  endfacet
  facet normal 0.345937 -0.938258 0
    outer loop
      vertex -14.927 6.85316 3
      vertex -15.1481 6.77164 0.7
      vertex -14.927 6.85316 0.7
    endloop
  endfacet
  facet normal 0.980748 0.195275 0
    outer loop
      vertex -16.9171 -4.70033 3
      vertex -16.9631 -4.4693 0.7
      vertex -16.9631 -4.4693 3
    endloop
  endfacet
  facet normal 0.980748 0.195275 0
    outer loop
      vertex -16.9631 -4.4693 0.7
      vertex -16.9171 -4.70033 3
      vertex -16.9171 -4.70033 0.7
    endloop
  endfacet
  facet normal -0.271495 0.96244 0
    outer loop
      vertex 14.927 -6.85316 0.7
      vertex 14.7003 -6.91711 3
      vertex 14.927 -6.85316 3
    endloop
  endfacet
  facet normal -0.271495 0.96244 0
    outer loop
      vertex 14.7003 -6.91711 3
      vertex 14.927 -6.85316 0.7
      vertex 14.7003 -6.91711 0.7
    endloop
  endfacet
  facet normal 0.117563 -0.993065 0
    outer loop
      vertex -14.4693 6.96306 0.7
      vertex -14.2354 6.99075 3
      vertex -14.4693 6.96306 3
    endloop
  endfacet
  facet normal 0.117563 -0.993065 0
    outer loop
      vertex -14.2354 6.99075 3
      vertex -14.4693 6.96306 0.7
      vertex -14.2354 6.99075 0.7
    endloop
  endfacet
  facet normal -0.619268 -0.785179 0
    outer loop
      vertex 15.7634 6.42705 0.7
      vertex 15.9483 6.28122 3
      vertex 15.7634 6.42705 3
    endloop
  endfacet
  facet normal -0.619268 -0.785179 -0
    outer loop
      vertex 15.9483 6.28122 3
      vertex 15.7634 6.42705 0.7
      vertex 15.9483 6.28122 0.7
    endloop
  endfacet
  facet normal -0.938102 0.34636 0
    outer loop
      vertex 16.7716 -5.14806 0.7
      vertex 16.8532 -4.92705 3
      vertex 16.8532 -4.92705 0.7
    endloop
  endfacet
  facet normal -0.938102 0.34636 0
    outer loop
      vertex 16.8532 -4.92705 3
      vertex 16.7716 -5.14806 0.7
      vertex 16.7716 -5.14806 3
    endloop
  endfacet
  facet normal 0.993062 -0.117595 0
    outer loop
      vertex -16.9908 4.23538 3
      vertex -16.9631 4.4693 0.7
      vertex -16.9631 4.4693 3
    endloop
  endfacet
  facet normal 0.993062 -0.117595 0
    outer loop
      vertex -16.9631 4.4693 0.7
      vertex -16.9908 4.23538 3
      vertex -16.9908 4.23538 0.7
    endloop
  endfacet
  facet normal 0.271495 0.96244 -0
    outer loop
      vertex -14.7003 -6.91711 0.7
      vertex -14.927 -6.85316 3
      vertex -14.7003 -6.91711 3
    endloop
  endfacet
  facet normal 0.271495 0.96244 0
    outer loop
      vertex -14.927 -6.85316 3
      vertex -14.7003 -6.91711 0.7
      vertex -14.927 -6.85316 0.7
    endloop
  endfacet
  facet normal 0.908166 -0.418611 0
    outer loop
      vertex -16.7716 5.14806 3
      vertex -16.673 5.36197 0.7
      vertex -16.673 5.36197 3
    endloop
  endfacet
  facet normal 0.908166 -0.418611 0
    outer loop
      vertex -16.673 5.36197 0.7
      vertex -16.7716 5.14806 3
      vertex -16.7716 5.14806 0.7
    endloop
  endfacet
  facet normal 0.488668 -0.87247 0
    outer loop
      vertex -15.5675 6.55792 0.7
      vertex -15.362 6.67302 3
      vertex -15.5675 6.55792 3
    endloop
  endfacet
  facet normal 0.488668 -0.87247 0
    outer loop
      vertex -15.362 6.67302 3
      vertex -15.5675 6.55792 0.7
      vertex -15.362 6.67302 0.7
    endloop
  endfacet
  facet normal 0.555493 0.831521 -0
    outer loop
      vertex -15.5675 -6.55792 0.7
      vertex -15.7634 -6.42705 3
      vertex -15.5675 -6.55792 3
    endloop
  endfacet
  facet normal 0.555493 0.831521 0
    outer loop
      vertex -15.7634 -6.42705 3
      vertex -15.5675 -6.55792 0.7
      vertex -15.7634 -6.42705 0.7
    endloop
  endfacet
  facet normal 0.87249 -0.488632 0
    outer loop
      vertex -16.673 5.36197 3
      vertex -16.5579 5.56749 0.7
      vertex -16.5579 5.56749 3
    endloop
  endfacet
  facet normal 0.87249 -0.488632 0
    outer loop
      vertex -16.5579 5.56749 0.7
      vertex -16.673 5.36197 3
      vertex -16.673 5.36197 0.7
    endloop
  endfacet
  facet normal -0.980748 0.195275 0
    outer loop
      vertex 16.9171 -4.70033 0.7
      vertex 16.9631 -4.4693 3
      vertex 16.9631 -4.4693 0.7
    endloop
  endfacet
  facet normal -0.980748 0.195275 0
    outer loop
      vertex 16.9631 -4.4693 3
      vertex 16.9171 -4.70033 0.7
      vertex 16.9171 -4.70033 3
    endloop
  endfacet
  facet normal -0.785404 0.618983 0
    outer loop
      vertex 16.2812 -5.94835 0.7
      vertex 16.427 -5.76335 3
      vertex 16.427 -5.76335 0.7
    endloop
  endfacet
  facet normal -0.785404 0.618983 0
    outer loop
      vertex 16.427 -5.76335 3
      vertex 16.2812 -5.94835 0.7
      vertex 16.2812 -5.94835 3
    endloop
  endfacet
  facet normal -0.117563 -0.993065 0
    outer loop
      vertex 14.2354 6.99075 0.7
      vertex 14.4693 6.96306 3
      vertex 14.2354 6.99075 3
    endloop
  endfacet
  facet normal -0.117563 -0.993065 -0
    outer loop
      vertex 14.4693 6.96306 3
      vertex 14.2354 6.99075 0.7
      vertex 14.4693 6.96306 0.7
    endloop
  endfacet
  facet normal -0.908166 0.418611 0
    outer loop
      vertex 16.673 -5.36197 0.7
      vertex 16.7716 -5.14806 3
      vertex 16.7716 -5.14806 0.7
    endloop
  endfacet
  facet normal -0.908166 0.418611 0
    outer loop
      vertex 16.7716 -5.14806 3
      vertex 16.673 -5.36197 0.7
      vertex 16.673 -5.36197 3
    endloop
  endfacet
  facet normal -0.999237 0.0390559 0
    outer loop
      vertex 16.9908 -4.23538 0.7
      vertex 17 -4 3
      vertex 17 -4 0.7
    endloop
  endfacet
  facet normal -0.999237 0.0390559 0
    outer loop
      vertex 17 -4 3
      vertex 16.9908 -4.23538 0.7
      vertex 16.9908 -4.23538 3
    endloop
  endfacet
  facet normal -0.87249 0.488632 0
    outer loop
      vertex 16.5579 -5.56749 0.7
      vertex 16.673 -5.36197 3
      vertex 16.673 -5.36197 0.7
    endloop
  endfacet
  facet normal -0.87249 0.488632 0
    outer loop
      vertex 16.673 -5.36197 3
      vertex 16.5579 -5.56749 0.7
      vertex 16.5579 -5.56749 3
    endloop
  endfacet
  facet normal 0.962501 0.271277 0
    outer loop
      vertex -16.8532 -4.92705 3
      vertex -16.9171 -4.70033 0.7
      vertex -16.9171 -4.70033 3
    endloop
  endfacet
  facet normal 0.962501 0.271277 0
    outer loop
      vertex -16.9171 -4.70033 0.7
      vertex -16.8532 -4.92705 3
      vertex -16.8532 -4.92705 0.7
    endloop
  endfacet
  facet normal -0.195095 -0.980784 0
    outer loop
      vertex 14.4693 6.96306 0.7
      vertex 14.7003 6.91711 3
      vertex 14.4693 6.96306 3
    endloop
  endfacet
  facet normal -0.195095 -0.980784 -0
    outer loop
      vertex 14.7003 6.91711 3
      vertex 14.4693 6.96306 0.7
      vertex 14.7003 6.91711 0.7
    endloop
  endfacet
  facet normal -0.993062 -0.117595 0
    outer loop
      vertex 16.9908 4.23538 0.7
      vertex 16.9631 4.4693 3
      vertex 16.9631 4.4693 0.7
    endloop
  endfacet
  facet normal -0.993062 -0.117595 0
    outer loop
      vertex 16.9631 4.4693 3
      vertex 16.9908 4.23538 0.7
      vertex 16.9908 4.23538 3
    endloop
  endfacet
  facet normal -0.345937 0.938258 0
    outer loop
      vertex 15.1481 -6.77164 0.7
      vertex 14.927 -6.85316 3
      vertex 15.1481 -6.77164 3
    endloop
  endfacet
  facet normal -0.345937 0.938258 0
    outer loop
      vertex 14.927 -6.85316 3
      vertex 15.1481 -6.77164 0.7
      vertex 14.927 -6.85316 0.7
    endloop
  endfacet
  facet normal -0.117563 0.993065 0
    outer loop
      vertex 14.4693 -6.96306 0.7
      vertex 14.2354 -6.99075 3
      vertex 14.4693 -6.96306 3
    endloop
  endfacet
  facet normal -0.117563 0.993065 0
    outer loop
      vertex 14.2354 -6.99075 3
      vertex 14.4693 -6.96306 0.7
      vertex 14.2354 -6.99075 0.7
    endloop
  endfacet
  facet normal 0.195095 -0.980784 0
    outer loop
      vertex -14.7003 6.91711 0.7
      vertex -14.4693 6.96306 3
      vertex -14.7003 6.91711 3
    endloop
  endfacet
  facet normal 0.195095 -0.980784 0
    outer loop
      vertex -14.4693 6.96306 3
      vertex -14.7003 6.91711 0.7
      vertex -14.4693 6.96306 0.7
    endloop
  endfacet
  facet normal 0.938102 0.34636 0
    outer loop
      vertex -16.7716 -5.14806 3
      vertex -16.8532 -4.92705 0.7
      vertex -16.8532 -4.92705 3
    endloop
  endfacet
  facet normal 0.938102 0.34636 0
    outer loop
      vertex -16.8532 -4.92705 0.7
      vertex -16.7716 -5.14806 3
      vertex -16.7716 -5.14806 0.7
    endloop
  endfacet
  facet normal 0.555493 -0.831521 0
    outer loop
      vertex -15.7634 6.42705 0.7
      vertex -15.5675 6.55792 3
      vertex -15.7634 6.42705 3
    endloop
  endfacet
  facet normal 0.555493 -0.831521 0
    outer loop
      vertex -15.5675 6.55792 3
      vertex -15.7634 6.42705 0.7
      vertex -15.5675 6.55792 0.7
    endloop
  endfacet
  facet normal 0.87249 0.488632 0
    outer loop
      vertex -16.5579 -5.56749 3
      vertex -16.673 -5.36197 0.7
      vertex -16.673 -5.36197 3
    endloop
  endfacet
  facet normal 0.87249 0.488632 0
    outer loop
      vertex -16.673 -5.36197 0.7
      vertex -16.5579 -5.56749 3
      vertex -16.5579 -5.56749 0.7
    endloop
  endfacet
  facet normal 0.678756 0.734364 -0
    outer loop
      vertex -15.9483 -6.28122 0.7
      vertex -16.1213 -6.12132 3
      vertex -15.9483 -6.28122 3
    endloop
  endfacet
  facet normal 0.678756 0.734364 0
    outer loop
      vertex -16.1213 -6.12132 3
      vertex -15.9483 -6.28122 0.7
      vertex -16.1213 -6.12132 0.7
    endloop
  endfacet
  facet normal -0.962501 -0.271277 0
    outer loop
      vertex 16.9171 4.70033 0.7
      vertex 16.8532 4.92705 3
      vertex 16.8532 4.92705 0.7
    endloop
  endfacet
  facet normal -0.962501 -0.271277 0
    outer loop
      vertex 16.8532 4.92705 3
      vertex 16.9171 4.70033 0.7
      vertex 16.9171 4.70033 3
    endloop
  endfacet
  facet normal -0.87249 -0.488632 0
    outer loop
      vertex 16.673 5.36197 0.7
      vertex 16.5579 5.56749 3
      vertex 16.5579 5.56749 0.7
    endloop
  endfacet
  facet normal -0.87249 -0.488632 0
    outer loop
      vertex 16.5579 5.56749 3
      vertex 16.673 5.36197 0.7
      vertex 16.673 5.36197 3
    endloop
  endfacet
  facet normal -1 0 0
    outer loop
      vertex 17 -4 0.7
      vertex 17 4 3
      vertex 17 4 0.7
    endloop
  endfacet
  facet normal -1 -0 0
    outer loop
      vertex 17 4 3
      vertex 17 -4 0.7
      vertex 17 -4 3
    endloop
  endfacet
  facet normal 0.785404 -0.618983 0
    outer loop
      vertex -16.427 5.76335 3
      vertex -16.2812 5.94835 0.7
      vertex -16.2812 5.94835 3
    endloop
  endfacet
  facet normal 0.785404 -0.618983 0
    outer loop
      vertex -16.2812 5.94835 0.7
      vertex -16.427 5.76335 3
      vertex -16.427 5.76335 0.7
    endloop
  endfacet
  facet normal -0.195095 0.980784 0
    outer loop
      vertex 14.7003 -6.91711 0.7
      vertex 14.4693 -6.96306 3
      vertex 14.7003 -6.91711 3
    endloop
  endfacet
  facet normal -0.195095 0.980784 0
    outer loop
      vertex 14.4693 -6.96306 3
      vertex 14.7003 -6.91711 0.7
      vertex 14.4693 -6.96306 0.7
    endloop
  endfacet
  facet normal -0.785404 -0.618983 0
    outer loop
      vertex 16.427 5.76335 0.7
      vertex 16.2812 5.94835 3
      vertex 16.2812 5.94835 0.7
    endloop
  endfacet
  facet normal -0.785404 -0.618983 0
    outer loop
      vertex 16.2812 5.94835 3
      vertex 16.427 5.76335 0.7
      vertex 16.427 5.76335 3
    endloop
  endfacet
  facet normal -0.83141 0.55566 0
    outer loop
      vertex 16.427 -5.76335 0.7
      vertex 16.5579 -5.56749 3
      vertex 16.5579 -5.56749 0.7
    endloop
  endfacet
  facet normal -0.83141 0.55566 0
    outer loop
      vertex 16.5579 -5.56749 3
      vertex 16.427 -5.76335 0.7
      vertex 16.427 -5.76335 3
    endloop
  endfacet
  facet normal -0.555493 0.831521 0
    outer loop
      vertex 15.7634 -6.42705 0.7
      vertex 15.5675 -6.55792 3
      vertex 15.7634 -6.42705 3
    endloop
  endfacet
  facet normal -0.555493 0.831521 0
    outer loop
      vertex 15.5675 -6.55792 3
      vertex 15.7634 -6.42705 0.7
      vertex 15.5675 -6.55792 0.7
    endloop
  endfacet
  facet normal -0.619268 0.785179 0
    outer loop
      vertex 15.9483 -6.28122 0.7
      vertex 15.7634 -6.42705 3
      vertex 15.9483 -6.28122 3
    endloop
  endfacet
  facet normal -0.619268 0.785179 0
    outer loop
      vertex 15.7634 -6.42705 3
      vertex 15.9483 -6.28122 0.7
      vertex 15.7634 -6.42705 0.7
    endloop
  endfacet
  facet normal -0.678756 0.734364 0
    outer loop
      vertex 16.1213 -6.12132 0.7
      vertex 15.9483 -6.28122 3
      vertex 16.1213 -6.12132 3
    endloop
  endfacet
  facet normal -0.678756 0.734364 0
    outer loop
      vertex 15.9483 -6.28122 3
      vertex 16.1213 -6.12132 0.7
      vertex 15.9483 -6.28122 0.7
    endloop
  endfacet
  facet normal 0.0394848 -0.99922 0
    outer loop
      vertex -47.9069 13.7438 0
      vertex -47.75 13.75 0.7
      vertex -47.9069 13.7438 0.7
    endloop
  endfacet
  facet normal 0.0394848 -0.99922 0
    outer loop
      vertex -47.75 13.75 0.7
      vertex -47.9069 13.7438 0
      vertex -47.75 13.75 0
    endloop
  endfacet
  facet normal -0.0394848 0.99922 0
    outer loop
      vertex -12.0931 -13.7438 0
      vertex -12.25 -13.75 0.7
      vertex -12.0931 -13.7438 0.7
    endloop
  endfacet
  facet normal -0.0394848 0.99922 0
    outer loop
      vertex -12.25 -13.75 0.7
      vertex -12.0931 -13.7438 0
      vertex -12.25 -13.75 0
    endloop
  endfacet
  facet normal 0.619087 0.785323 -0
    outer loop
      vertex -48.9256 -13.368 0
      vertex -49.0489 -13.2708 0.7
      vertex -48.9256 -13.368 0.7
    endloop
  endfacet
  facet normal 0.619087 0.785323 0
    outer loop
      vertex -49.0489 -13.2708 0.7
      vertex -48.9256 -13.368 0
      vertex -49.0489 -13.2708 0
    endloop
  endfacet
  facet normal 0 -1 0
    outer loop
      vertex -47.75 13.75 0
      vertex -12.25 13.75 0.7
      vertex -47.75 13.75 0.7
    endloop
  endfacet
  facet normal 0 -1 -0
    outer loop
      vertex -12.25 13.75 0.7
      vertex -47.75 13.75 0
      vertex -12.25 13.75 0
    endloop
  endfacet
  facet normal 0.96248 0.271354 0
    outer loop
      vertex -49.6521 -12.368 0.7
      vertex -49.6947 -12.2169 0
      vertex -49.6947 -12.2169 0.7
    endloop
  endfacet
  facet normal 0.96248 0.271354 0
    outer loop
      vertex -49.6947 -12.2169 0
      vertex -49.6521 -12.368 0.7
      vertex -49.6521 -12.368 0
    endloop
  endfacet
  facet normal 0.271354 -0.96248 0
    outer loop
      vertex -48.368 13.6521 0
      vertex -48.2169 13.6947 0.7
      vertex -48.368 13.6521 0.7
    endloop
  endfacet
  facet normal 0.271354 -0.96248 0
    outer loop
      vertex -48.2169 13.6947 0.7
      vertex -48.368 13.6521 0
      vertex -48.2169 13.6947 0
    endloop
  endfacet
  facet normal -0.271354 0.96248 0
    outer loop
      vertex -11.632 -13.6521 0
      vertex -11.7831 -13.6947 0.7
      vertex -11.632 -13.6521 0.7
    endloop
  endfacet
  facet normal -0.271354 0.96248 0
    outer loop
      vertex -11.7831 -13.6947 0.7
      vertex -11.632 -13.6521 0
      vertex -11.7831 -13.6947 0
    endloop
  endfacet
  facet normal 0.734266 -0.678862 0
    outer loop
      vertex -49.2708 13.0489 0.7
      vertex -49.1642 13.1642 0
      vertex -49.1642 13.1642 0.7
    endloop
  endfacet
  facet normal 0.734266 -0.678862 0
    outer loop
      vertex -49.1642 13.1642 0
      vertex -49.2708 13.0489 0.7
      vertex -49.2708 13.0489 0
    endloop
  endfacet
  facet normal 0.555728 -0.831364 0
    outer loop
      vertex -48.9256 13.368 0
      vertex -48.795 13.4553 0.7
      vertex -48.9256 13.368 0.7
    endloop
  endfacet
  facet normal 0.555728 -0.831364 0
    outer loop
      vertex -48.795 13.4553 0.7
      vertex -48.9256 13.368 0
      vertex -48.795 13.4553 0
    endloop
  endfacet
  facet normal 1 -0 0
    outer loop
      vertex -49.75 -11.75 0.7
      vertex -49.75 11.75 0
      vertex -49.75 11.75 0.7
    endloop
  endfacet
  facet normal 1 0 0
    outer loop
      vertex -49.75 11.75 0
      vertex -49.75 -11.75 0.7
      vertex -49.75 -11.75 0
    endloop
  endfacet
  facet normal -0.418977 0.907997 0
    outer loop
      vertex -11.342 -13.532 0
      vertex -11.4846 -13.5978 0.7
      vertex -11.342 -13.532 0.7
    endloop
  endfacet
  facet normal -0.418977 0.907997 0
    outer loop
      vertex -11.4846 -13.5978 0.7
      vertex -11.342 -13.532 0
      vertex -11.4846 -13.5978 0
    endloop
  endfacet
  facet normal 0.938354 -0.345676 0
    outer loop
      vertex -49.6521 12.368 0.7
      vertex -49.5978 12.5154 0
      vertex -49.5978 12.5154 0.7
    endloop
  endfacet
  facet normal 0.938354 -0.345676 0
    outer loop
      vertex -49.5978 12.5154 0
      vertex -49.6521 12.368 0.7
      vertex -49.6521 12.368 0
    endloop
  endfacet
  facet normal 0 1 -0
    outer loop
      vertex -12.25 -13.75 0
      vertex -47.75 -13.75 0.7
      vertex -12.25 -13.75 0.7
    endloop
  endfacet
  facet normal 0 1 0
    outer loop
      vertex -47.75 -13.75 0.7
      vertex -12.25 -13.75 0
      vertex -47.75 -13.75 0
    endloop
  endfacet
  facet normal 0.418977 0.907997 -0
    outer loop
      vertex -48.5154 -13.5978 0
      vertex -48.658 -13.532 0.7
      vertex -48.5154 -13.5978 0.7
    endloop
  endfacet
  facet normal 0.418977 0.907997 0
    outer loop
      vertex -48.658 -13.532 0.7
      vertex -48.5154 -13.5978 0
      vertex -48.658 -13.532 0
    endloop
  endfacet
  facet normal 0.0394848 0.99922 -0
    outer loop
      vertex -47.75 -13.75 0
      vertex -47.9069 -13.7438 0.7
      vertex -47.75 -13.75 0.7
    endloop
  endfacet
  facet normal 0.0394848 0.99922 0
    outer loop
      vertex -47.9069 -13.7438 0.7
      vertex -47.75 -13.75 0
      vertex -47.9069 -13.7438 0
    endloop
  endfacet
  facet normal -0.345676 -0.938354 0
    outer loop
      vertex -11.632 13.6521 0
      vertex -11.4846 13.5978 0.7
      vertex -11.632 13.6521 0.7
    endloop
  endfacet
  facet normal -0.345676 -0.938354 -0
    outer loop
      vertex -11.4846 13.5978 0.7
      vertex -11.632 13.6521 0
      vertex -11.4846 13.5978 0
    endloop
  endfacet
  facet normal -0.980703 -0.195504 0
    outer loop
      vertex -10.2746 12.0629 0
      vertex -10.3053 12.2169 0.7
      vertex -10.3053 12.2169 0
    endloop
  endfacet
  facet normal -0.980703 -0.195504 0
    outer loop
      vertex -10.3053 12.2169 0.7
      vertex -10.2746 12.0629 0
      vertex -10.2746 12.0629 0.7
    endloop
  endfacet
  facet normal 0.678862 -0.734266 0
    outer loop
      vertex -49.1642 13.1642 0
      vertex -49.0489 13.2708 0.7
      vertex -49.1642 13.1642 0.7
    endloop
  endfacet
  facet normal 0.678862 -0.734266 0
    outer loop
      vertex -49.0489 13.2708 0.7
      vertex -49.1642 13.1642 0
      vertex -49.0489 13.2708 0
    endloop
  endfacet
  facet normal -0.907997 0.418977 0
    outer loop
      vertex -10.468 -12.658 0
      vertex -10.4022 -12.5154 0.7
      vertex -10.4022 -12.5154 0
    endloop
  endfacet
  facet normal -0.907997 0.418977 0
    outer loop
      vertex -10.4022 -12.5154 0.7
      vertex -10.468 -12.658 0
      vertex -10.468 -12.658 0.7
    endloop
  endfacet
  facet normal 0.980703 -0.195504 0
    outer loop
      vertex -49.7254 12.0629 0.7
      vertex -49.6947 12.2169 0
      vertex -49.6947 12.2169 0.7
    endloop
  endfacet
  facet normal 0.980703 -0.195504 0
    outer loop
      vertex -49.6947 12.2169 0
      vertex -49.7254 12.0629 0.7
      vertex -49.7254 12.0629 0
    endloop
  endfacet
  facet normal 0.345676 -0.938354 0
    outer loop
      vertex -48.5154 13.5978 0
      vertex -48.368 13.6521 0.7
      vertex -48.5154 13.5978 0.7
    endloop
  endfacet
  facet normal 0.345676 -0.938354 0
    outer loop
      vertex -48.368 13.6521 0.7
      vertex -48.5154 13.5978 0
      vertex -48.368 13.6521 0
    endloop
  endfacet
  facet normal -0.785323 0.619087 0
    outer loop
      vertex -10.7292 -13.0489 0
      vertex -10.632 -12.9256 0.7
      vertex -10.632 -12.9256 0
    endloop
  endfacet
  facet normal -0.785323 0.619087 0
    outer loop
      vertex -10.632 -12.9256 0.7
      vertex -10.7292 -13.0489 0
      vertex -10.7292 -13.0489 0.7
    endloop
  endfacet
  facet normal -0.117137 -0.993116 0
    outer loop
      vertex -12.0931 13.7438 0
      vertex -11.9371 13.7254 0.7
      vertex -12.0931 13.7438 0.7
    endloop
  endfacet
  facet normal -0.117137 -0.993116 -0
    outer loop
      vertex -11.9371 13.7254 0.7
      vertex -12.0931 13.7438 0
      vertex -11.9371 13.7254 0
    endloop
  endfacet
  facet normal 0.418977 -0.907997 0
    outer loop
      vertex -48.658 13.532 0
      vertex -48.5154 13.5978 0.7
      vertex -48.658 13.532 0.7
    endloop
  endfacet
  facet normal 0.418977 -0.907997 0
    outer loop
      vertex -48.5154 13.5978 0.7
      vertex -48.658 13.532 0
      vertex -48.5154 13.5978 0
    endloop
  endfacet
  facet normal -0.99922 -0.0394848 0
    outer loop
      vertex -10.25 11.75 0
      vertex -10.2562 11.9069 0.7
      vertex -10.2562 11.9069 0
    endloop
  endfacet
  facet normal -0.99922 -0.0394848 0
    outer loop
      vertex -10.2562 11.9069 0.7
      vertex -10.25 11.75 0
      vertex -10.25 11.75 0.7
    endloop
  endfacet
  facet normal -0.938354 -0.345676 0
    outer loop
      vertex -10.3479 12.368 0
      vertex -10.4022 12.5154 0.7
      vertex -10.4022 12.5154 0
    endloop
  endfacet
  facet normal -0.938354 -0.345676 0
    outer loop
      vertex -10.4022 12.5154 0.7
      vertex -10.3479 12.368 0
      vertex -10.3479 12.368 0.7
    endloop
  endfacet
  facet normal 0.87256 -0.488506 0
    outer loop
      vertex -49.532 12.658 0.7
      vertex -49.4553 12.795 0
      vertex -49.4553 12.795 0.7
    endloop
  endfacet
  facet normal 0.87256 -0.488506 0
    outer loop
      vertex -49.4553 12.795 0
      vertex -49.532 12.658 0.7
      vertex -49.532 12.658 0
    endloop
  endfacet
  facet normal -0.678862 -0.734266 0
    outer loop
      vertex -10.9511 13.2708 0
      vertex -10.8358 13.1642 0.7
      vertex -10.9511 13.2708 0.7
    endloop
  endfacet
  facet normal -0.678862 -0.734266 -0
    outer loop
      vertex -10.8358 13.1642 0.7
      vertex -10.9511 13.2708 0
      vertex -10.8358 13.1642 0
    endloop
  endfacet
  facet normal 0.345676 0.938354 -0
    outer loop
      vertex -48.368 -13.6521 0
      vertex -48.5154 -13.5978 0.7
      vertex -48.368 -13.6521 0.7
    endloop
  endfacet
  facet normal 0.345676 0.938354 0
    outer loop
      vertex -48.5154 -13.5978 0.7
      vertex -48.368 -13.6521 0
      vertex -48.5154 -13.5978 0
    endloop
  endfacet
  facet normal 0.117137 -0.993116 0
    outer loop
      vertex -48.0629 13.7254 0
      vertex -47.9069 13.7438 0.7
      vertex -48.0629 13.7254 0.7
    endloop
  endfacet
  facet normal 0.117137 -0.993116 0
    outer loop
      vertex -47.9069 13.7438 0.7
      vertex -48.0629 13.7254 0
      vertex -47.9069 13.7438 0
    endloop
  endfacet
  facet normal -0.555728 0.831364 0
    outer loop
      vertex -11.0744 -13.368 0
      vertex -11.205 -13.4553 0.7
      vertex -11.0744 -13.368 0.7
    endloop
  endfacet
  facet normal -0.555728 0.831364 0
    outer loop
      vertex -11.205 -13.4553 0.7
      vertex -11.0744 -13.368 0
      vertex -11.205 -13.4553 0
    endloop
  endfacet
  facet normal 0.99922 -0.0394848 0
    outer loop
      vertex -49.75 11.75 0.7
      vertex -49.7438 11.9069 0
      vertex -49.7438 11.9069 0.7
    endloop
  endfacet
  facet normal 0.99922 -0.0394848 0
    outer loop
      vertex -49.7438 11.9069 0
      vertex -49.75 11.75 0.7
      vertex -49.75 11.75 0
    endloop
  endfacet
  facet normal -1 0 0
    outer loop
      vertex -10.25 7 0
      vertex -10.25 11.75 0.7
      vertex -10.25 11.75 0
    endloop
  endfacet
  facet normal -1 -0 0
    outer loop
      vertex -10.25 11.75 0.7
      vertex -10.25 7 0
      vertex -10.25 7 0.7
    endloop
  endfacet
  facet normal -1 0 0
    outer loop
      vertex -10.25 -11.75 0
      vertex -10.25 -7 0.7
      vertex -10.25 -7 0
    endloop
  endfacet
  facet normal -1 -0 0
    outer loop
      vertex -10.25 -7 0.7
      vertex -10.25 -11.75 0
      vertex -10.25 -11.75 0.7
    endloop
  endfacet
  facet normal 0.555728 0.831364 -0
    outer loop
      vertex -48.795 -13.4553 0
      vertex -48.9256 -13.368 0.7
      vertex -48.795 -13.4553 0.7
    endloop
  endfacet
  facet normal 0.555728 0.831364 0
    outer loop
      vertex -48.9256 -13.368 0.7
      vertex -48.795 -13.4553 0
      vertex -48.9256 -13.368 0
    endloop
  endfacet
  facet normal 0.488506 0.87256 -0
    outer loop
      vertex -48.658 -13.532 0
      vertex -48.795 -13.4553 0.7
      vertex -48.658 -13.532 0.7
    endloop
  endfacet
  facet normal 0.488506 0.87256 0
    outer loop
      vertex -48.795 -13.4553 0.7
      vertex -48.658 -13.532 0
      vertex -48.795 -13.4553 0
    endloop
  endfacet
  facet normal -0.488506 -0.87256 0
    outer loop
      vertex -11.342 13.532 0
      vertex -11.205 13.4553 0.7
      vertex -11.342 13.532 0.7
    endloop
  endfacet
  facet normal -0.488506 -0.87256 -0
    outer loop
      vertex -11.205 13.4553 0.7
      vertex -11.342 13.532 0
      vertex -11.205 13.4553 0
    endloop
  endfacet
  facet normal 0.993116 -0.117137 0
    outer loop
      vertex -49.7438 11.9069 0.7
      vertex -49.7254 12.0629 0
      vertex -49.7254 12.0629 0.7
    endloop
  endfacet
  facet normal 0.993116 -0.117137 0
    outer loop
      vertex -49.7254 12.0629 0
      vertex -49.7438 11.9069 0.7
      vertex -49.7438 11.9069 0
    endloop
  endfacet
  facet normal 0.271354 0.96248 -0
    outer loop
      vertex -48.2169 -13.6947 0
      vertex -48.368 -13.6521 0.7
      vertex -48.2169 -13.6947 0.7
    endloop
  endfacet
  facet normal 0.271354 0.96248 0
    outer loop
      vertex -48.368 -13.6521 0.7
      vertex -48.2169 -13.6947 0
      vertex -48.368 -13.6521 0
    endloop
  endfacet
  facet normal -0.938354 0.345676 0
    outer loop
      vertex -10.4022 -12.5154 0
      vertex -10.3479 -12.368 0.7
      vertex -10.3479 -12.368 0
    endloop
  endfacet
  facet normal -0.938354 0.345676 0
    outer loop
      vertex -10.3479 -12.368 0.7
      vertex -10.4022 -12.5154 0
      vertex -10.4022 -12.5154 0.7
    endloop
  endfacet
  facet normal -0.831364 -0.555728 0
    outer loop
      vertex -10.5447 12.795 0
      vertex -10.632 12.9256 0.7
      vertex -10.632 12.9256 0
    endloop
  endfacet
  facet normal -0.831364 -0.555728 0
    outer loop
      vertex -10.632 12.9256 0.7
      vertex -10.5447 12.795 0
      vertex -10.5447 12.795 0.7
    endloop
  endfacet
  facet normal 0.195504 0.980703 -0
    outer loop
      vertex -48.0629 -13.7254 0
      vertex -48.2169 -13.6947 0.7
      vertex -48.0629 -13.7254 0.7
    endloop
  endfacet
  facet normal 0.195504 0.980703 0
    outer loop
      vertex -48.2169 -13.6947 0.7
      vertex -48.0629 -13.7254 0
      vertex -48.2169 -13.6947 0
    endloop
  endfacet
  facet normal -0.555728 -0.831364 0
    outer loop
      vertex -11.205 13.4553 0
      vertex -11.0744 13.368 0.7
      vertex -11.205 13.4553 0.7
    endloop
  endfacet
  facet normal -0.555728 -0.831364 -0
    outer loop
      vertex -11.0744 13.368 0.7
      vertex -11.205 13.4553 0
      vertex -11.0744 13.368 0
    endloop
  endfacet
  facet normal -0.87256 0.488506 0
    outer loop
      vertex -10.5447 -12.795 0
      vertex -10.468 -12.658 0.7
      vertex -10.468 -12.658 0
    endloop
  endfacet
  facet normal -0.87256 0.488506 0
    outer loop
      vertex -10.468 -12.658 0.7
      vertex -10.5447 -12.795 0
      vertex -10.5447 -12.795 0.7
    endloop
  endfacet
  facet normal -0.418977 -0.907997 0
    outer loop
      vertex -11.4846 13.5978 0
      vertex -11.342 13.532 0.7
      vertex -11.4846 13.5978 0.7
    endloop
  endfacet
  facet normal -0.418977 -0.907997 -0
    outer loop
      vertex -11.342 13.532 0.7
      vertex -11.4846 13.5978 0
      vertex -11.342 13.532 0
    endloop
  endfacet
  facet normal 0.938354 0.345676 0
    outer loop
      vertex -49.5978 -12.5154 0.7
      vertex -49.6521 -12.368 0
      vertex -49.6521 -12.368 0.7
    endloop
  endfacet
  facet normal 0.938354 0.345676 0
    outer loop
      vertex -49.6521 -12.368 0
      vertex -49.5978 -12.5154 0.7
      vertex -49.5978 -12.5154 0
    endloop
  endfacet
  facet normal -0.678862 0.734266 0
    outer loop
      vertex -10.8358 -13.1642 0
      vertex -10.9511 -13.2708 0.7
      vertex -10.8358 -13.1642 0.7
    endloop
  endfacet
  facet normal -0.678862 0.734266 0
    outer loop
      vertex -10.9511 -13.2708 0.7
      vertex -10.8358 -13.1642 0
      vertex -10.9511 -13.2708 0
    endloop
  endfacet
  facet normal -0.195504 -0.980703 0
    outer loop
      vertex -11.9371 13.7254 0
      vertex -11.7831 13.6947 0.7
      vertex -11.9371 13.7254 0.7
    endloop
  endfacet
  facet normal -0.195504 -0.980703 -0
    outer loop
      vertex -11.7831 13.6947 0.7
      vertex -11.9371 13.7254 0
      vertex -11.7831 13.6947 0
    endloop
  endfacet
  facet normal 0.96248 -0.271354 0
    outer loop
      vertex -49.6947 12.2169 0.7
      vertex -49.6521 12.368 0
      vertex -49.6521 12.368 0.7
    endloop
  endfacet
  facet normal 0.96248 -0.271354 0
    outer loop
      vertex -49.6521 12.368 0
      vertex -49.6947 12.2169 0.7
      vertex -49.6947 12.2169 0
    endloop
  endfacet
  facet normal -0.271354 -0.96248 0
    outer loop
      vertex -11.7831 13.6947 0
      vertex -11.632 13.6521 0.7
      vertex -11.7831 13.6947 0.7
    endloop
  endfacet
  facet normal -0.271354 -0.96248 -0
    outer loop
      vertex -11.632 13.6521 0.7
      vertex -11.7831 13.6947 0
      vertex -11.632 13.6521 0
    endloop
  endfacet
  facet normal 0.678862 0.734266 -0
    outer loop
      vertex -49.0489 -13.2708 0
      vertex -49.1642 -13.1642 0.7
      vertex -49.0489 -13.2708 0.7
    endloop
  endfacet
  facet normal 0.678862 0.734266 0
    outer loop
      vertex -49.1642 -13.1642 0.7
      vertex -49.0489 -13.2708 0
      vertex -49.1642 -13.1642 0
    endloop
  endfacet
  facet normal -0.907997 -0.418977 0
    outer loop
      vertex -10.4022 12.5154 0
      vertex -10.468 12.658 0.7
      vertex -10.468 12.658 0
    endloop
  endfacet
  facet normal -0.907997 -0.418977 0
    outer loop
      vertex -10.468 12.658 0.7
      vertex -10.4022 12.5154 0
      vertex -10.4022 12.5154 0.7
    endloop
  endfacet
  facet normal 0.117137 0.993116 -0
    outer loop
      vertex -47.9069 -13.7438 0
      vertex -48.0629 -13.7254 0.7
      vertex -47.9069 -13.7438 0.7
    endloop
  endfacet
  facet normal 0.117137 0.993116 0
    outer loop
      vertex -48.0629 -13.7254 0.7
      vertex -47.9069 -13.7438 0
      vertex -48.0629 -13.7254 0
    endloop
  endfacet
  facet normal -0.96248 0.271354 0
    outer loop
      vertex -10.3479 -12.368 0
      vertex -10.3053 -12.2169 0.7
      vertex -10.3053 -12.2169 0
    endloop
  endfacet
  facet normal -0.96248 0.271354 0
    outer loop
      vertex -10.3053 -12.2169 0.7
      vertex -10.3479 -12.368 0
      vertex -10.3479 -12.368 0.7
    endloop
  endfacet
  facet normal 0.785323 0.619087 0
    outer loop
      vertex -49.2708 -13.0489 0.7
      vertex -49.368 -12.9256 0
      vertex -49.368 -12.9256 0.7
    endloop
  endfacet
  facet normal 0.785323 0.619087 0
    outer loop
      vertex -49.368 -12.9256 0
      vertex -49.2708 -13.0489 0.7
      vertex -49.2708 -13.0489 0
    endloop
  endfacet
  facet normal -0.0394848 -0.99922 0
    outer loop
      vertex -12.25 13.75 0
      vertex -12.0931 13.7438 0.7
      vertex -12.25 13.75 0.7
    endloop
  endfacet
  facet normal -0.0394848 -0.99922 -0
    outer loop
      vertex -12.0931 13.7438 0.7
      vertex -12.25 13.75 0
      vertex -12.0931 13.7438 0
    endloop
  endfacet
  facet normal 0.195504 -0.980703 0
    outer loop
      vertex -48.2169 13.6947 0
      vertex -48.0629 13.7254 0.7
      vertex -48.2169 13.6947 0.7
    endloop
  endfacet
  facet normal 0.195504 -0.980703 0
    outer loop
      vertex -48.0629 13.7254 0.7
      vertex -48.2169 13.6947 0
      vertex -48.0629 13.7254 0
    endloop
  endfacet
  facet normal -0.619087 0.785323 0
    outer loop
      vertex -10.9511 -13.2708 0
      vertex -11.0744 -13.368 0.7
      vertex -10.9511 -13.2708 0.7
    endloop
  endfacet
  facet normal -0.619087 0.785323 0
    outer loop
      vertex -11.0744 -13.368 0.7
      vertex -10.9511 -13.2708 0
      vertex -11.0744 -13.368 0
    endloop
  endfacet
  facet normal -0.117137 0.993116 0
    outer loop
      vertex -11.9371 -13.7254 0
      vertex -12.0931 -13.7438 0.7
      vertex -11.9371 -13.7254 0.7
    endloop
  endfacet
  facet normal -0.117137 0.993116 0
    outer loop
      vertex -12.0931 -13.7438 0.7
      vertex -11.9371 -13.7254 0
      vertex -12.0931 -13.7438 0
    endloop
  endfacet
  facet normal -0.993116 -0.117137 0
    outer loop
      vertex -10.2562 11.9069 0
      vertex -10.2746 12.0629 0.7
      vertex -10.2746 12.0629 0
    endloop
  endfacet
  facet normal -0.993116 -0.117137 0
    outer loop
      vertex -10.2746 12.0629 0.7
      vertex -10.2562 11.9069 0
      vertex -10.2562 11.9069 0.7
    endloop
  endfacet
  facet normal 0.619087 -0.785323 0
    outer loop
      vertex -49.0489 13.2708 0
      vertex -48.9256 13.368 0.7
      vertex -49.0489 13.2708 0.7
    endloop
  endfacet
  facet normal 0.619087 -0.785323 0
    outer loop
      vertex -48.9256 13.368 0.7
      vertex -49.0489 13.2708 0
      vertex -48.9256 13.368 0
    endloop
  endfacet
  facet normal 0.831364 -0.555728 0
    outer loop
      vertex -49.4553 12.795 0.7
      vertex -49.368 12.9256 0
      vertex -49.368 12.9256 0.7
    endloop
  endfacet
  facet normal 0.831364 -0.555728 0
    outer loop
      vertex -49.368 12.9256 0
      vertex -49.4553 12.795 0.7
      vertex -49.4553 12.795 0
    endloop
  endfacet
  facet normal 0.734266 0.678862 0
    outer loop
      vertex -49.1642 -13.1642 0.7
      vertex -49.2708 -13.0489 0
      vertex -49.2708 -13.0489 0.7
    endloop
  endfacet
  facet normal 0.734266 0.678862 0
    outer loop
      vertex -49.2708 -13.0489 0
      vertex -49.1642 -13.1642 0.7
      vertex -49.1642 -13.1642 0
    endloop
  endfacet
  facet normal -0.980703 0.195504 0
    outer loop
      vertex -10.3053 -12.2169 0
      vertex -10.2746 -12.0629 0.7
      vertex -10.2746 -12.0629 0
    endloop
  endfacet
  facet normal -0.980703 0.195504 0
    outer loop
      vertex -10.2746 -12.0629 0.7
      vertex -10.3053 -12.2169 0
      vertex -10.3053 -12.2169 0.7
    endloop
  endfacet
  facet normal -0.87256 -0.488506 0
    outer loop
      vertex -10.468 12.658 0
      vertex -10.5447 12.795 0.7
      vertex -10.5447 12.795 0
    endloop
  endfacet
  facet normal -0.87256 -0.488506 0
    outer loop
      vertex -10.5447 12.795 0.7
      vertex -10.468 12.658 0
      vertex -10.468 12.658 0.7
    endloop
  endfacet
  facet normal 0.907997 -0.418977 0
    outer loop
      vertex -49.5978 12.5154 0.7
      vertex -49.532 12.658 0
      vertex -49.532 12.658 0.7
    endloop
  endfacet
  facet normal 0.907997 -0.418977 0
    outer loop
      vertex -49.532 12.658 0
      vertex -49.5978 12.5154 0.7
      vertex -49.5978 12.5154 0
    endloop
  endfacet
  facet normal -0.345676 0.938354 0
    outer loop
      vertex -11.4846 -13.5978 0
      vertex -11.632 -13.6521 0.7
      vertex -11.4846 -13.5978 0.7
    endloop
  endfacet
  facet normal -0.345676 0.938354 0
    outer loop
      vertex -11.632 -13.6521 0.7
      vertex -11.4846 -13.5978 0
      vertex -11.632 -13.6521 0
    endloop
  endfacet
  facet normal -0.96248 -0.271354 0
    outer loop
      vertex -10.3053 12.2169 0
      vertex -10.3479 12.368 0.7
      vertex -10.3479 12.368 0
    endloop
  endfacet
  facet normal -0.96248 -0.271354 0
    outer loop
      vertex -10.3479 12.368 0.7
      vertex -10.3053 12.2169 0
      vertex -10.3053 12.2169 0.7
    endloop
  endfacet
  facet normal 0.488506 -0.87256 0
    outer loop
      vertex -48.795 13.4553 0
      vertex -48.658 13.532 0.7
      vertex -48.795 13.4553 0.7
    endloop
  endfacet
  facet normal 0.488506 -0.87256 0
    outer loop
      vertex -48.658 13.532 0.7
      vertex -48.795 13.4553 0
      vertex -48.658 13.532 0
    endloop
  endfacet
  facet normal 0.831364 0.555728 0
    outer loop
      vertex -49.368 -12.9256 0.7
      vertex -49.4553 -12.795 0
      vertex -49.4553 -12.795 0.7
    endloop
  endfacet
  facet normal 0.831364 0.555728 0
    outer loop
      vertex -49.4553 -12.795 0
      vertex -49.368 -12.9256 0.7
      vertex -49.368 -12.9256 0
    endloop
  endfacet
  facet normal 0.99922 0.0394848 0
    outer loop
      vertex -49.7438 -11.9069 0.7
      vertex -49.75 -11.75 0
      vertex -49.75 -11.75 0.7
    endloop
  endfacet
  facet normal 0.99922 0.0394848 0
    outer loop
      vertex -49.75 -11.75 0
      vertex -49.7438 -11.9069 0.7
      vertex -49.7438 -11.9069 0
    endloop
  endfacet
  facet normal -0.993116 0.117137 0
    outer loop
      vertex -10.2746 -12.0629 0
      vertex -10.2562 -11.9069 0.7
      vertex -10.2562 -11.9069 0
    endloop
  endfacet
  facet normal -0.993116 0.117137 0
    outer loop
      vertex -10.2562 -11.9069 0.7
      vertex -10.2746 -12.0629 0
      vertex -10.2746 -12.0629 0.7
    endloop
  endfacet
  facet normal -0.99922 0.0394848 0
    outer loop
      vertex -10.2562 -11.9069 0
      vertex -10.25 -11.75 0.7
      vertex -10.25 -11.75 0
    endloop
  endfacet
  facet normal -0.99922 0.0394848 0
    outer loop
      vertex -10.25 -11.75 0.7
      vertex -10.2562 -11.9069 0
      vertex -10.2562 -11.9069 0.7
    endloop
  endfacet
  facet normal -0.488506 0.87256 0
    outer loop
      vertex -11.205 -13.4553 0
      vertex -11.342 -13.532 0.7
      vertex -11.205 -13.4553 0.7
    endloop
  endfacet
  facet normal -0.488506 0.87256 0
    outer loop
      vertex -11.342 -13.532 0.7
      vertex -11.205 -13.4553 0
      vertex -11.342 -13.532 0
    endloop
  endfacet
  facet normal -0.734266 0.678862 0
    outer loop
      vertex -10.8358 -13.1642 0
      vertex -10.7292 -13.0489 0.7
      vertex -10.7292 -13.0489 0
    endloop
  endfacet
  facet normal -0.734266 0.678862 0
    outer loop
      vertex -10.7292 -13.0489 0.7
      vertex -10.8358 -13.1642 0
      vertex -10.8358 -13.1642 0.7
    endloop
  endfacet
  facet normal 0 0 -1
    outer loop
      vertex -12.25 -13.75 0.7
      vertex -10.25 -11.75 0.7
      vertex -10.2562 -11.9069 0.7
    endloop
  endfacet
  facet normal 0 0 -1
    outer loop
      vertex -12.25 -13.75 0.7
      vertex -10.2562 -11.9069 0.7
      vertex -10.2746 -12.0629 0.7
    endloop
  endfacet
  facet normal 0 0 -1
    outer loop
      vertex -12.25 -13.75 0.7
      vertex -10.2746 -12.0629 0.7
      vertex -10.3053 -12.2169 0.7
    endloop
  endfacet
  facet normal 0 0 -1
    outer loop
      vertex -12.25 -13.75 0.7
      vertex -10.3053 -12.2169 0.7
      vertex -10.3479 -12.368 0.7
    endloop
  endfacet
  facet normal 0 0 -1
    outer loop
      vertex -12.25 -13.75 0.7
      vertex -10.3479 -12.368 0.7
      vertex -10.4022 -12.5154 0.7
    endloop
  endfacet
  facet normal 0 0 -1
    outer loop
      vertex -12.25 -13.75 0.7
      vertex -10.4022 -12.5154 0.7
      vertex -10.468 -12.658 0.7
    endloop
  endfacet
  facet normal 0 0 -1
    outer loop
      vertex -12.25 -13.75 0.7
      vertex -10.468 -12.658 0.7
      vertex -10.5447 -12.795 0.7
    endloop
  endfacet
  facet normal 0 0 -1
    outer loop
      vertex -12.25 -13.75 0.7
      vertex -10.5447 -12.795 0.7
      vertex -10.632 -12.9256 0.7
    endloop
  endfacet
  facet normal 0 0 -1
    outer loop
      vertex -12.25 -13.75 0.7
      vertex -10.632 -12.9256 0.7
      vertex -10.7292 -13.0489 0.7
    endloop
  endfacet
  facet normal 0 0 -1
    outer loop
      vertex -12.25 -13.75 0.7
      vertex -10.7292 -13.0489 0.7
      vertex -10.8358 -13.1642 0.7
    endloop
  endfacet
  facet normal 0 0 -1
    outer loop
      vertex -12.25 -13.75 0.7
      vertex -10.8358 -13.1642 0.7
      vertex -10.9511 -13.2708 0.7
    endloop
  endfacet
  facet normal 0 0 -1
    outer loop
      vertex -12.25 -13.75 0.7
      vertex -10.9511 -13.2708 0.7
      vertex -11.0744 -13.368 0.7
    endloop
  endfacet
  facet normal 0 0 -1
    outer loop
      vertex -12.25 -13.75 0.7
      vertex -11.0744 -13.368 0.7
      vertex -11.205 -13.4553 0.7
    endloop
  endfacet
  facet normal 0 0 -1
    outer loop
      vertex -12.25 -13.75 0.7
      vertex -11.205 -13.4553 0.7
      vertex -11.342 -13.532 0.7
    endloop
  endfacet
  facet normal 0 0 -1
    outer loop
      vertex -12.25 -13.75 0.7
      vertex -11.342 -13.532 0.7
      vertex -11.4846 -13.5978 0.7
    endloop
  endfacet
  facet normal 0 0 -1
    outer loop
      vertex -12.25 -13.75 0.7
      vertex -11.4846 -13.5978 0.7
      vertex -11.632 -13.6521 0.7
    endloop
  endfacet
  facet normal 0 0 -1
    outer loop
      vertex -12.25 -13.75 0.7
      vertex -11.632 -13.6521 0.7
      vertex -11.7831 -13.6947 0.7
    endloop
  endfacet
  facet normal 0 0 -1
    outer loop
      vertex -12.25 -13.75 0.7
      vertex -11.7831 -13.6947 0.7
      vertex -11.9371 -13.7254 0.7
    endloop
  endfacet
  facet normal 0 0 -1
    outer loop
      vertex -12.25 -13.75 0.7
      vertex -11.9371 -13.7254 0.7
      vertex -12.0931 -13.7438 0.7
    endloop
  endfacet
  facet normal -0 0 -1
    outer loop
      vertex -10.25 -11.75 0.7
      vertex -12.25 -13.75 0.7
      vertex -14 -7 0.7
    endloop
  endfacet
  facet normal 0 0 -1
    outer loop
      vertex -10.25 -11.75 0.7
      vertex -14 -7 0.7
      vertex -10.25 -7 0.7
    endloop
  endfacet
  facet normal 0 0 -1
    outer loop
      vertex -12.25 -13.75 0.7
      vertex -14.2354 -6.99075 0.7
      vertex -14 -7 0.7
    endloop
  endfacet
  facet normal 0 0 -1
    outer loop
      vertex -12.25 -13.75 0.7
      vertex -14.4693 -6.96306 0.7
      vertex -14.2354 -6.99075 0.7
    endloop
  endfacet
  facet normal 0 0 -1
    outer loop
      vertex -12.25 -13.75 0.7
      vertex -14.7003 -6.91711 0.7
      vertex -14.4693 -6.96306 0.7
    endloop
  endfacet
  facet normal 0 0 -1
    outer loop
      vertex -12.25 -13.75 0.7
      vertex -14.927 -6.85316 0.7
      vertex -14.7003 -6.91711 0.7
    endloop
  endfacet
  facet normal 0 0 -1
    outer loop
      vertex -12.25 -13.75 0.7
      vertex -15.1481 -6.77164 0.7
      vertex -14.927 -6.85316 0.7
    endloop
  endfacet
  facet normal 0 0 -1
    outer loop
      vertex -12.25 -13.75 0.7
      vertex -15.362 -6.67302 0.7
      vertex -15.1481 -6.77164 0.7
    endloop
  endfacet
  facet normal 0 0 -1
    outer loop
      vertex -12.25 -13.75 0.7
      vertex -15.5675 -6.55792 0.7
      vertex -15.362 -6.67302 0.7
    endloop
  endfacet
  facet normal 0 0 -1
    outer loop
      vertex -12.25 -13.75 0.7
      vertex -15.7634 -6.42705 0.7
      vertex -15.5675 -6.55792 0.7
    endloop
  endfacet
  facet normal 0 0 -1
    outer loop
      vertex -12.25 -13.75 0.7
      vertex -15.9483 -6.28122 0.7
      vertex -15.7634 -6.42705 0.7
    endloop
  endfacet
  facet normal 0 0 -1
    outer loop
      vertex -12.25 -13.75 0.7
      vertex -16.1213 -6.12132 0.7
      vertex -15.9483 -6.28122 0.7
    endloop
  endfacet
  facet normal 0 0 -1
    outer loop
      vertex -12.25 -13.75 0.7
      vertex -16.2812 -5.94835 0.7
      vertex -16.1213 -6.12132 0.7
    endloop
  endfacet
  facet normal 0 0 -1
    outer loop
      vertex -47.75 -13.75 0.7
      vertex -16.2812 -5.94835 0.7
      vertex -12.25 -13.75 0.7
    endloop
  endfacet
  facet normal -0 0 -1
    outer loop
      vertex -16.2812 -5.94835 0.7
      vertex -47.75 -13.75 0.7
      vertex -16.427 -5.76335 0.7
    endloop
  endfacet
  facet normal -0 0 -1
    outer loop
      vertex -16.427 -5.76335 0.7
      vertex -47.75 -13.75 0.7
      vertex -16.5579 -5.56749 0.7
    endloop
  endfacet
  facet normal -0 0 -1
    outer loop
      vertex -17 -4 0.7
      vertex -47.75 -13.75 0.7
      vertex -17 4 0.7
    endloop
  endfacet
  facet normal -0 0 -1
    outer loop
      vertex -16.9908 -4.23538 0.7
      vertex -47.75 -13.75 0.7
      vertex -17 -4 0.7
    endloop
  endfacet
  facet normal -0 0 -1
    outer loop
      vertex -16.9631 -4.4693 0.7
      vertex -47.75 -13.75 0.7
      vertex -16.9908 -4.23538 0.7
    endloop
  endfacet
  facet normal -0 0 -1
    outer loop
      vertex -16.9171 -4.70033 0.7
      vertex -47.75 -13.75 0.7
      vertex -16.9631 -4.4693 0.7
    endloop
  endfacet
  facet normal -0 0 -1
    outer loop
      vertex -16.8532 -4.92705 0.7
      vertex -47.75 -13.75 0.7
      vertex -16.9171 -4.70033 0.7
    endloop
  endfacet
  facet normal -0 0 -1
    outer loop
      vertex -16.7716 -5.14806 0.7
      vertex -47.75 -13.75 0.7
      vertex -16.8532 -4.92705 0.7
    endloop
  endfacet
  facet normal -0 0 -1
    outer loop
      vertex -16.673 -5.36197 0.7
      vertex -47.75 -13.75 0.7
      vertex -16.7716 -5.14806 0.7
    endloop
  endfacet
  facet normal -0 0 -1
    outer loop
      vertex -16.5579 -5.56749 0.7
      vertex -47.75 -13.75 0.7
      vertex -16.673 -5.36197 0.7
    endloop
  endfacet
  facet normal 0 0 -1
    outer loop
      vertex -14 7 0.7
      vertex -10.25 11.75 0.7
      vertex -10.25 7 0.7
    endloop
  endfacet
  facet normal 0 -0 -1
    outer loop
      vertex -12.25 13.75 0.7
      vertex -10.25 11.75 0.7
      vertex -14 7 0.7
    endloop
  endfacet
  facet normal 0 0 -1
    outer loop
      vertex -10.25 11.75 0.7
      vertex -12.25 13.75 0.7
      vertex -10.2562 11.9069 0.7
    endloop
  endfacet
  facet normal 0 0 -1
    outer loop
      vertex -10.2562 11.9069 0.7
      vertex -12.25 13.75 0.7
      vertex -10.2746 12.0629 0.7
    endloop
  endfacet
  facet normal 0 0 -1
    outer loop
      vertex -10.2746 12.0629 0.7
      vertex -12.25 13.75 0.7
      vertex -10.3053 12.2169 0.7
    endloop
  endfacet
  facet normal 0 0 -1
    outer loop
      vertex -10.3053 12.2169 0.7
      vertex -12.25 13.75 0.7
      vertex -10.3479 12.368 0.7
    endloop
  endfacet
  facet normal 0 0 -1
    outer loop
      vertex -10.3479 12.368 0.7
      vertex -12.25 13.75 0.7
      vertex -10.4022 12.5154 0.7
    endloop
  endfacet
  facet normal 0 0 -1
    outer loop
      vertex -10.4022 12.5154 0.7
      vertex -12.25 13.75 0.7
      vertex -10.468 12.658 0.7
    endloop
  endfacet
  facet normal 0 0 -1
    outer loop
      vertex -10.468 12.658 0.7
      vertex -12.25 13.75 0.7
      vertex -10.5447 12.795 0.7
    endloop
  endfacet
  facet normal 0 0 -1
    outer loop
      vertex -10.5447 12.795 0.7
      vertex -12.25 13.75 0.7
      vertex -10.632 12.9256 0.7
    endloop
  endfacet
  facet normal 0 0 -1
    outer loop
      vertex -10.632 12.9256 0.7
      vertex -12.25 13.75 0.7
      vertex -10.7292 13.0489 0.7
    endloop
  endfacet
  facet normal 0 0 -1
    outer loop
      vertex -10.7292 13.0489 0.7
      vertex -12.25 13.75 0.7
      vertex -10.8358 13.1642 0.7
    endloop
  endfacet
  facet normal 0 0 -1
    outer loop
      vertex -10.8358 13.1642 0.7
      vertex -12.25 13.75 0.7
      vertex -10.9511 13.2708 0.7
    endloop
  endfacet
  facet normal 0 0 -1
    outer loop
      vertex -10.9511 13.2708 0.7
      vertex -12.25 13.75 0.7
      vertex -11.0744 13.368 0.7
    endloop
  endfacet
  facet normal 0 0 -1
    outer loop
      vertex -11.0744 13.368 0.7
      vertex -12.25 13.75 0.7
      vertex -11.205 13.4553 0.7
    endloop
  endfacet
  facet normal 0 0 -1
    outer loop
      vertex -11.205 13.4553 0.7
      vertex -12.25 13.75 0.7
      vertex -11.342 13.532 0.7
    endloop
  endfacet
  facet normal 0 0 -1
    outer loop
      vertex -11.342 13.532 0.7
      vertex -12.25 13.75 0.7
      vertex -11.4846 13.5978 0.7
    endloop
  endfacet
  facet normal 0 0 -1
    outer loop
      vertex -11.4846 13.5978 0.7
      vertex -12.25 13.75 0.7
      vertex -11.632 13.6521 0.7
    endloop
  endfacet
  facet normal 0 0 -1
    outer loop
      vertex -11.632 13.6521 0.7
      vertex -12.25 13.75 0.7
      vertex -11.7831 13.6947 0.7
    endloop
  endfacet
  facet normal 0 0 -1
    outer loop
      vertex -11.7831 13.6947 0.7
      vertex -12.25 13.75 0.7
      vertex -11.9371 13.7254 0.7
    endloop
  endfacet
  facet normal 0 0 -1
    outer loop
      vertex -11.9371 13.7254 0.7
      vertex -12.25 13.75 0.7
      vertex -12.0931 13.7438 0.7
    endloop
  endfacet
  facet normal 0 0 -1
    outer loop
      vertex -14.2354 6.99075 0.7
      vertex -12.25 13.75 0.7
      vertex -14 7 0.7
    endloop
  endfacet
  facet normal 0 0 -1
    outer loop
      vertex -14.4693 6.96306 0.7
      vertex -12.25 13.75 0.7
      vertex -14.2354 6.99075 0.7
    endloop
  endfacet
  facet normal 0 0 -1
    outer loop
      vertex -14.7003 6.91711 0.7
      vertex -12.25 13.75 0.7
      vertex -14.4693 6.96306 0.7
    endloop
  endfacet
  facet normal 0 0 -1
    outer loop
      vertex -14.927 6.85316 0.7
      vertex -12.25 13.75 0.7
      vertex -14.7003 6.91711 0.7
    endloop
  endfacet
  facet normal 0 0 -1
    outer loop
      vertex -15.1481 6.77164 0.7
      vertex -12.25 13.75 0.7
      vertex -14.927 6.85316 0.7
    endloop
  endfacet
  facet normal 0 0 -1
    outer loop
      vertex -15.362 6.67302 0.7
      vertex -12.25 13.75 0.7
      vertex -15.1481 6.77164 0.7
    endloop
  endfacet
  facet normal 0 0 -1
    outer loop
      vertex -15.5675 6.55792 0.7
      vertex -12.25 13.75 0.7
      vertex -15.362 6.67302 0.7
    endloop
  endfacet
  facet normal 0 0 -1
    outer loop
      vertex -15.7634 6.42705 0.7
      vertex -12.25 13.75 0.7
      vertex -15.5675 6.55792 0.7
    endloop
  endfacet
  facet normal 0 0 -1
    outer loop
      vertex -15.9483 6.28122 0.7
      vertex -12.25 13.75 0.7
      vertex -15.7634 6.42705 0.7
    endloop
  endfacet
  facet normal 0 0 -1
    outer loop
      vertex -16.1213 6.12132 0.7
      vertex -12.25 13.75 0.7
      vertex -15.9483 6.28122 0.7
    endloop
  endfacet
  facet normal 0 0 -1
    outer loop
      vertex -16.2812 5.94835 0.7
      vertex -12.25 13.75 0.7
      vertex -16.1213 6.12132 0.7
    endloop
  endfacet
  facet normal 0 0 -1
    outer loop
      vertex -47.75 13.75 0.7
      vertex -16.2812 5.94835 0.7
      vertex -16.427 5.76335 0.7
    endloop
  endfacet
  facet normal 0 0 -1
    outer loop
      vertex -47.75 13.75 0.7
      vertex -16.427 5.76335 0.7
      vertex -16.5579 5.56749 0.7
    endloop
  endfacet
  facet normal 0 0 -1
    outer loop
      vertex -47.75 13.75 0.7
      vertex -16.5579 5.56749 0.7
      vertex -16.673 5.36197 0.7
    endloop
  endfacet
  facet normal 0 0 -1
    outer loop
      vertex -47.75 13.75 0.7
      vertex -17 4 0.7
      vertex -47.75 -13.75 0.7
    endloop
  endfacet
  facet normal 0 0 -1
    outer loop
      vertex -17 4 0.7
      vertex -47.75 13.75 0.7
      vertex -16.9908 4.23538 0.7
    endloop
  endfacet
  facet normal 0 0 -1
    outer loop
      vertex -16.9908 4.23538 0.7
      vertex -47.75 13.75 0.7
      vertex -16.9631 4.4693 0.7
    endloop
  endfacet
  facet normal 0 0 -1
    outer loop
      vertex -16.9631 4.4693 0.7
      vertex -47.75 13.75 0.7
      vertex -16.9171 4.70033 0.7
    endloop
  endfacet
  facet normal 0 0 -1
    outer loop
      vertex -16.9171 4.70033 0.7
      vertex -47.75 13.75 0.7
      vertex -16.8532 4.92705 0.7
    endloop
  endfacet
  facet normal 0 0 -1
    outer loop
      vertex -16.8532 4.92705 0.7
      vertex -47.75 13.75 0.7
      vertex -16.7716 5.14806 0.7
    endloop
  endfacet
  facet normal 0 0 -1
    outer loop
      vertex -16.7716 5.14806 0.7
      vertex -47.75 13.75 0.7
      vertex -16.673 5.36197 0.7
    endloop
  endfacet
  facet normal 0 0 -1
    outer loop
      vertex -16.2812 5.94835 0.7
      vertex -47.75 13.75 0.7
      vertex -12.25 13.75 0.7
    endloop
  endfacet
  facet normal 0 0 -1
    outer loop
      vertex -49.75 -11.75 0.7
      vertex -47.75 -13.75 0.7
      vertex -47.9069 -13.7438 0.7
    endloop
  endfacet
  facet normal 0 0 -1
    outer loop
      vertex -47.75 -13.75 0.7
      vertex -49.75 -11.75 0.7
      vertex -47.75 13.75 0.7
    endloop
  endfacet
  facet normal 0 0 -1
    outer loop
      vertex -49.75 -11.75 0.7
      vertex -47.9069 -13.7438 0.7
      vertex -48.0629 -13.7254 0.7
    endloop
  endfacet
  facet normal 0 0 -1
    outer loop
      vertex -49.75 11.75 0.7
      vertex -47.75 13.75 0.7
      vertex -49.75 -11.75 0.7
    endloop
  endfacet
  facet normal 0 0 -1
    outer loop
      vertex -49.75 -11.75 0.7
      vertex -48.0629 -13.7254 0.7
      vertex -48.2169 -13.6947 0.7
    endloop
  endfacet
  facet normal 0 0 -1
    outer loop
      vertex -47.75 13.75 0.7
      vertex -49.75 11.75 0.7
      vertex -47.9069 13.7438 0.7
    endloop
  endfacet
  facet normal 0 0 -1
    outer loop
      vertex -49.75 -11.75 0.7
      vertex -48.2169 -13.6947 0.7
      vertex -48.368 -13.6521 0.7
    endloop
  endfacet
  facet normal 0 0 -1
    outer loop
      vertex -47.9069 13.7438 0.7
      vertex -49.75 11.75 0.7
      vertex -48.0629 13.7254 0.7
    endloop
  endfacet
  facet normal 0 0 -1
    outer loop
      vertex -49.75 -11.75 0.7
      vertex -48.368 -13.6521 0.7
      vertex -48.5154 -13.5978 0.7
    endloop
  endfacet
  facet normal 0 0 -1
    outer loop
      vertex -48.0629 13.7254 0.7
      vertex -49.75 11.75 0.7
      vertex -48.2169 13.6947 0.7
    endloop
  endfacet
  facet normal 0 0 -1
    outer loop
      vertex -49.75 -11.75 0.7
      vertex -48.5154 -13.5978 0.7
      vertex -48.658 -13.532 0.7
    endloop
  endfacet
  facet normal 0 0 -1
    outer loop
      vertex -48.2169 13.6947 0.7
      vertex -49.75 11.75 0.7
      vertex -48.368 13.6521 0.7
    endloop
  endfacet
  facet normal 0 0 -1
    outer loop
      vertex -49.75 -11.75 0.7
      vertex -48.658 -13.532 0.7
      vertex -48.795 -13.4553 0.7
    endloop
  endfacet
  facet normal 0 0 -1
    outer loop
      vertex -48.368 13.6521 0.7
      vertex -49.75 11.75 0.7
      vertex -48.5154 13.5978 0.7
    endloop
  endfacet
  facet normal 0 0 -1
    outer loop
      vertex -49.75 -11.75 0.7
      vertex -48.795 -13.4553 0.7
      vertex -48.9256 -13.368 0.7
    endloop
  endfacet
  facet normal 0 0 -1
    outer loop
      vertex -48.5154 13.5978 0.7
      vertex -49.75 11.75 0.7
      vertex -48.658 13.532 0.7
    endloop
  endfacet
  facet normal 0 0 -1
    outer loop
      vertex -49.75 -11.75 0.7
      vertex -48.9256 -13.368 0.7
      vertex -49.0489 -13.2708 0.7
    endloop
  endfacet
  facet normal 0 0 -1
    outer loop
      vertex -48.658 13.532 0.7
      vertex -49.75 11.75 0.7
      vertex -48.795 13.4553 0.7
    endloop
  endfacet
  facet normal 0 0 -1
    outer loop
      vertex -49.75 -11.75 0.7
      vertex -49.0489 -13.2708 0.7
      vertex -49.1642 -13.1642 0.7
    endloop
  endfacet
  facet normal 0 0 -1
    outer loop
      vertex -48.795 13.4553 0.7
      vertex -49.75 11.75 0.7
      vertex -48.9256 13.368 0.7
    endloop
  endfacet
  facet normal 0 0 -1
    outer loop
      vertex -49.75 -11.75 0.7
      vertex -49.1642 -13.1642 0.7
      vertex -49.2708 -13.0489 0.7
    endloop
  endfacet
  facet normal 0 0 -1
    outer loop
      vertex -48.9256 13.368 0.7
      vertex -49.75 11.75 0.7
      vertex -49.0489 13.2708 0.7
    endloop
  endfacet
  facet normal 0 0 -1
    outer loop
      vertex -49.75 -11.75 0.7
      vertex -49.2708 -13.0489 0.7
      vertex -49.368 -12.9256 0.7
    endloop
  endfacet
  facet normal 0 0 -1
    outer loop
      vertex -49.0489 13.2708 0.7
      vertex -49.75 11.75 0.7
      vertex -49.1642 13.1642 0.7
    endloop
  endfacet
  facet normal 0 0 -1
    outer loop
      vertex -49.75 -11.75 0.7
      vertex -49.368 -12.9256 0.7
      vertex -49.4553 -12.795 0.7
    endloop
  endfacet
  facet normal 0 0 -1
    outer loop
      vertex -49.1642 13.1642 0.7
      vertex -49.75 11.75 0.7
      vertex -49.2708 13.0489 0.7
    endloop
  endfacet
  facet normal 0 0 -1
    outer loop
      vertex -49.75 -11.75 0.7
      vertex -49.4553 -12.795 0.7
      vertex -49.532 -12.658 0.7
    endloop
  endfacet
  facet normal 0 0 -1
    outer loop
      vertex -49.2708 13.0489 0.7
      vertex -49.75 11.75 0.7
      vertex -49.368 12.9256 0.7
    endloop
  endfacet
  facet normal 0 0 -1
    outer loop
      vertex -49.75 -11.75 0.7
      vertex -49.532 -12.658 0.7
      vertex -49.5978 -12.5154 0.7
    endloop
  endfacet
  facet normal 0 0 -1
    outer loop
      vertex -49.368 12.9256 0.7
      vertex -49.75 11.75 0.7
      vertex -49.4553 12.795 0.7
    endloop
  endfacet
  facet normal 0 0 -1
    outer loop
      vertex -49.75 -11.75 0.7
      vertex -49.5978 -12.5154 0.7
      vertex -49.6521 -12.368 0.7
    endloop
  endfacet
  facet normal 0 0 -1
    outer loop
      vertex -49.4553 12.795 0.7
      vertex -49.75 11.75 0.7
      vertex -49.532 12.658 0.7
    endloop
  endfacet
  facet normal 0 0 -1
    outer loop
      vertex -49.75 -11.75 0.7
      vertex -49.6521 -12.368 0.7
      vertex -49.6947 -12.2169 0.7
    endloop
  endfacet
  facet normal 0 0 -1
    outer loop
      vertex -49.532 12.658 0.7
      vertex -49.75 11.75 0.7
      vertex -49.5978 12.5154 0.7
    endloop
  endfacet
  facet normal 0 0 -1
    outer loop
      vertex -49.75 -11.75 0.7
      vertex -49.6947 -12.2169 0.7
      vertex -49.7254 -12.0629 0.7
    endloop
  endfacet
  facet normal 0 0 -1
    outer loop
      vertex -49.5978 12.5154 0.7
      vertex -49.75 11.75 0.7
      vertex -49.6521 12.368 0.7
    endloop
  endfacet
  facet normal 0 0 -1
    outer loop
      vertex -49.75 -11.75 0.7
      vertex -49.7254 -12.0629 0.7
      vertex -49.7438 -11.9069 0.7
    endloop
  endfacet
  facet normal 0 0 -1
    outer loop
      vertex -49.6521 12.368 0.7
      vertex -49.75 11.75 0.7
      vertex -49.6947 12.2169 0.7
    endloop
  endfacet
  facet normal 0 0 -1
    outer loop
      vertex -49.6947 12.2169 0.7
      vertex -49.75 11.75 0.7
      vertex -49.7254 12.0629 0.7
    endloop
  endfacet
  facet normal 0 0 -1
    outer loop
      vertex -49.7254 12.0629 0.7
      vertex -49.75 11.75 0.7
      vertex -49.7438 11.9069 0.7
    endloop
  endfacet
  facet normal -0.734266 -0.678862 0
    outer loop
      vertex -10.7292 13.0489 0
      vertex -10.8358 13.1642 0.7
      vertex -10.8358 13.1642 0
    endloop
  endfacet
  facet normal -0.734266 -0.678862 0
    outer loop
      vertex -10.8358 13.1642 0.7
      vertex -10.7292 13.0489 0
      vertex -10.7292 13.0489 0.7
    endloop
  endfacet
  facet normal 0.907997 0.418977 0
    outer loop
      vertex -49.532 -12.658 0.7
      vertex -49.5978 -12.5154 0
      vertex -49.5978 -12.5154 0.7
    endloop
  endfacet
  facet normal 0.907997 0.418977 0
    outer loop
      vertex -49.5978 -12.5154 0
      vertex -49.532 -12.658 0.7
      vertex -49.532 -12.658 0
    endloop
  endfacet
  facet normal 0.87256 0.488506 0
    outer loop
      vertex -49.4553 -12.795 0.7
      vertex -49.532 -12.658 0
      vertex -49.532 -12.658 0.7
    endloop
  endfacet
  facet normal 0.87256 0.488506 0
    outer loop
      vertex -49.532 -12.658 0
      vertex -49.4553 -12.795 0.7
      vertex -49.4553 -12.795 0
    endloop
  endfacet
  facet normal 0.785323 -0.619087 0
    outer loop
      vertex -49.368 12.9256 0.7
      vertex -49.2708 13.0489 0
      vertex -49.2708 13.0489 0.7
    endloop
  endfacet
  facet normal 0.785323 -0.619087 0
    outer loop
      vertex -49.2708 13.0489 0
      vertex -49.368 12.9256 0.7
      vertex -49.368 12.9256 0
    endloop
  endfacet
  facet normal 0.993116 0.117137 0
    outer loop
      vertex -49.7254 -12.0629 0.7
      vertex -49.7438 -11.9069 0
      vertex -49.7438 -11.9069 0.7
    endloop
  endfacet
  facet normal 0.993116 0.117137 0
    outer loop
      vertex -49.7438 -11.9069 0
      vertex -49.7254 -12.0629 0.7
      vertex -49.7254 -12.0629 0
    endloop
  endfacet
  facet normal -0.195504 0.980703 0
    outer loop
      vertex -11.7831 -13.6947 0
      vertex -11.9371 -13.7254 0.7
      vertex -11.7831 -13.6947 0.7
    endloop
  endfacet
  facet normal -0.195504 0.980703 0
    outer loop
      vertex -11.9371 -13.7254 0.7
      vertex -11.7831 -13.6947 0
      vertex -11.9371 -13.7254 0
    endloop
  endfacet
  facet normal -0.831364 0.555728 0
    outer loop
      vertex -10.632 -12.9256 0
      vertex -10.5447 -12.795 0.7
      vertex -10.5447 -12.795 0
    endloop
  endfacet
  facet normal -0.831364 0.555728 0
    outer loop
      vertex -10.5447 -12.795 0.7
      vertex -10.632 -12.9256 0
      vertex -10.632 -12.9256 0.7
    endloop
  endfacet
  facet normal -0.785323 -0.619087 0
    outer loop
      vertex -10.632 12.9256 0
      vertex -10.7292 13.0489 0.7
      vertex -10.7292 13.0489 0
    endloop
  endfacet
  facet normal -0.785323 -0.619087 0
    outer loop
      vertex -10.7292 13.0489 0.7
      vertex -10.632 12.9256 0
      vertex -10.632 12.9256 0.7
    endloop
  endfacet
  facet normal 0.980703 0.195504 0
    outer loop
      vertex -49.6947 -12.2169 0.7
      vertex -49.7254 -12.0629 0
      vertex -49.7254 -12.0629 0.7
    endloop
  endfacet
  facet normal 0.980703 0.195504 0
    outer loop
      vertex -49.7254 -12.0629 0
      vertex -49.6947 -12.2169 0.7
      vertex -49.6947 -12.2169 0
    endloop
  endfacet
  facet normal -0.619087 -0.785323 0
    outer loop
      vertex -11.0744 13.368 0
      vertex -10.9511 13.2708 0.7
      vertex -11.0744 13.368 0.7
    endloop
  endfacet
  facet normal -0.619087 -0.785323 -0
    outer loop
      vertex -10.9511 13.2708 0.7
      vertex -11.0744 13.368 0
      vertex -10.9511 13.2708 0
    endloop
  endfacet
  facet normal 0.117137 0.993116 -0
    outer loop
      vertex 13.3131 -12.1738 0
      vertex 13.1571 -12.1554 0.7
      vertex 13.3131 -12.1738 0.7
    endloop
  endfacet
  facet normal 0.117137 0.993116 0
    outer loop
      vertex 13.1571 -12.1554 0.7
      vertex 13.3131 -12.1738 0
      vertex 13.1571 -12.1554 0
    endloop
  endfacet
  facet normal -0.785323 0.619087 0
    outer loop
      vertex 48.0508 -11.4789 0
      vertex 48.148 -11.3556 0.7
      vertex 48.148 -11.3556 0
    endloop
  endfacet
  facet normal -0.785323 0.619087 0
    outer loop
      vertex 48.148 -11.3556 0.7
      vertex 48.0508 -11.4789 0
      vertex 48.0508 -11.4789 0.7
    endloop
  endfacet
  facet normal -0.0394848 0.99922 0
    outer loop
      vertex 46.6869 -12.1738 0
      vertex 46.53 -12.18 0.7
      vertex 46.6869 -12.1738 0.7
    endloop
  endfacet
  facet normal -0.0394848 0.99922 0
    outer loop
      vertex 46.53 -12.18 0.7
      vertex 46.6869 -12.1738 0
      vertex 46.53 -12.18 0
    endloop
  endfacet
  facet normal 0.0394848 -0.99922 0
    outer loop
      vertex 13.3131 12.1738 0
      vertex 13.47 12.18 0.7
      vertex 13.3131 12.1738 0.7
    endloop
  endfacet
  facet normal 0.0394848 -0.99922 0
    outer loop
      vertex 13.47 12.18 0.7
      vertex 13.3131 12.1738 0
      vertex 13.47 12.18 0
    endloop
  endfacet
  facet normal -0.345676 -0.938354 0
    outer loop
      vertex 47.148 12.0821 0
      vertex 47.2954 12.0278 0.7
      vertex 47.148 12.0821 0.7
    endloop
  endfacet
  facet normal -0.345676 -0.938354 -0
    outer loop
      vertex 47.2954 12.0278 0.7
      vertex 47.148 12.0821 0
      vertex 47.2954 12.0278 0
    endloop
  endfacet
  facet normal 0 -1 0
    outer loop
      vertex 13.47 12.18 0
      vertex 46.53 12.18 0.7
      vertex 13.47 12.18 0.7
    endloop
  endfacet
  facet normal 0 -1 -0
    outer loop
      vertex 46.53 12.18 0.7
      vertex 13.47 12.18 0
      vertex 46.53 12.18 0
    endloop
  endfacet
  facet normal -0.785323 -0.619087 0
    outer loop
      vertex 48.148 11.3556 0
      vertex 48.0508 11.4789 0.7
      vertex 48.0508 11.4789 0
    endloop
  endfacet
  facet normal -0.785323 -0.619087 0
    outer loop
      vertex 48.0508 11.4789 0.7
      vertex 48.148 11.3556 0
      vertex 48.148 11.3556 0.7
    endloop
  endfacet
  facet normal 0.907997 -0.418977 0
    outer loop
      vertex 11.6222 10.9454 0.7
      vertex 11.688 11.088 0
      vertex 11.688 11.088 0.7
    endloop
  endfacet
  facet normal 0.907997 -0.418977 0
    outer loop
      vertex 11.688 11.088 0
      vertex 11.6222 10.9454 0.7
      vertex 11.6222 10.9454 0
    endloop
  endfacet
  facet normal 0.734266 0.678862 0
    outer loop
      vertex 12.0558 -11.5942 0.7
      vertex 11.9492 -11.4789 0
      vertex 11.9492 -11.4789 0.7
    endloop
  endfacet
  facet normal 0.734266 0.678862 0
    outer loop
      vertex 11.9492 -11.4789 0
      vertex 12.0558 -11.5942 0.7
      vertex 12.0558 -11.5942 0
    endloop
  endfacet
  facet normal 0.938354 -0.345676 0
    outer loop
      vertex 11.5679 10.798 0.7
      vertex 11.6222 10.9454 0
      vertex 11.6222 10.9454 0.7
    endloop
  endfacet
  facet normal 0.938354 -0.345676 0
    outer loop
      vertex 11.6222 10.9454 0
      vertex 11.5679 10.798 0.7
      vertex 11.5679 10.798 0
    endloop
  endfacet
  facet normal 0 1 -0
    outer loop
      vertex 46.53 -12.18 0
      vertex 13.47 -12.18 0.7
      vertex 46.53 -12.18 0.7
    endloop
  endfacet
  facet normal 0 1 0
    outer loop
      vertex 13.47 -12.18 0.7
      vertex 46.53 -12.18 0
      vertex 13.47 -12.18 0
    endloop
  endfacet
  facet normal 0.345676 -0.938354 0
    outer loop
      vertex 12.7046 12.0278 0
      vertex 12.852 12.0821 0.7
      vertex 12.7046 12.0278 0.7
    endloop
  endfacet
  facet normal 0.345676 -0.938354 0
    outer loop
      vertex 12.852 12.0821 0.7
      vertex 12.7046 12.0278 0
      vertex 12.852 12.0821 0
    endloop
  endfacet
  facet normal 0.271354 -0.96248 0
    outer loop
      vertex 12.852 12.0821 0
      vertex 13.0031 12.1247 0.7
      vertex 12.852 12.0821 0.7
    endloop
  endfacet
  facet normal 0.271354 -0.96248 0
    outer loop
      vertex 13.0031 12.1247 0.7
      vertex 12.852 12.0821 0
      vertex 13.0031 12.1247 0
    endloop
  endfacet
  facet normal -0.488506 -0.87256 0
    outer loop
      vertex 47.438 11.962 0
      vertex 47.575 11.8853 0.7
      vertex 47.438 11.962 0.7
    endloop
  endfacet
  facet normal -0.488506 -0.87256 -0
    outer loop
      vertex 47.575 11.8853 0.7
      vertex 47.438 11.962 0
      vertex 47.575 11.8853 0
    endloop
  endfacet
  facet normal 0.87256 0.488506 0
    outer loop
      vertex 11.7647 -11.225 0.7
      vertex 11.688 -11.088 0
      vertex 11.688 -11.088 0.7
    endloop
  endfacet
  facet normal 0.87256 0.488506 0
    outer loop
      vertex 11.688 -11.088 0
      vertex 11.7647 -11.225 0.7
      vertex 11.7647 -11.225 0
    endloop
  endfacet
  facet normal 0.99922 0.0394848 0
    outer loop
      vertex 11.4762 -10.3369 0.7
      vertex 11.47 -10.18 0
      vertex 11.47 -10.18 0.7
    endloop
  endfacet
  facet normal 0.99922 0.0394848 0
    outer loop
      vertex 11.47 -10.18 0
      vertex 11.4762 -10.3369 0.7
      vertex 11.4762 -10.3369 0
    endloop
  endfacet
  facet normal 0.980703 -0.195504 0
    outer loop
      vertex 11.4946 10.4929 0.7
      vertex 11.5253 10.6469 0
      vertex 11.5253 10.6469 0.7
    endloop
  endfacet
  facet normal 0.980703 -0.195504 0
    outer loop
      vertex 11.5253 10.6469 0
      vertex 11.4946 10.4929 0.7
      vertex 11.4946 10.4929 0
    endloop
  endfacet
  facet normal 0.555728 0.831364 -0
    outer loop
      vertex 12.425 -11.8853 0
      vertex 12.2944 -11.798 0.7
      vertex 12.425 -11.8853 0.7
    endloop
  endfacet
  facet normal 0.555728 0.831364 0
    outer loop
      vertex 12.2944 -11.798 0.7
      vertex 12.425 -11.8853 0
      vertex 12.2944 -11.798 0
    endloop
  endfacet
  facet normal 0.678862 0.734266 -0
    outer loop
      vertex 12.1711 -11.7008 0
      vertex 12.0558 -11.5942 0.7
      vertex 12.1711 -11.7008 0.7
    endloop
  endfacet
  facet normal 0.678862 0.734266 0
    outer loop
      vertex 12.0558 -11.5942 0.7
      vertex 12.1711 -11.7008 0
      vertex 12.0558 -11.5942 0
    endloop
  endfacet
  facet normal -0.678862 0.734266 0
    outer loop
      vertex 47.9442 -11.5942 0
      vertex 47.8289 -11.7008 0.7
      vertex 47.9442 -11.5942 0.7
    endloop
  endfacet
  facet normal -0.678862 0.734266 0
    outer loop
      vertex 47.8289 -11.7008 0.7
      vertex 47.9442 -11.5942 0
      vertex 47.8289 -11.7008 0
    endloop
  endfacet
  facet normal -0.418977 0.907997 0
    outer loop
      vertex 47.438 -11.962 0
      vertex 47.2954 -12.0278 0.7
      vertex 47.438 -11.962 0.7
    endloop
  endfacet
  facet normal -0.418977 0.907997 0
    outer loop
      vertex 47.2954 -12.0278 0.7
      vertex 47.438 -11.962 0
      vertex 47.2954 -12.0278 0
    endloop
  endfacet
  facet normal -0.195504 -0.980703 0
    outer loop
      vertex 46.8429 12.1554 0
      vertex 46.9969 12.1247 0.7
      vertex 46.8429 12.1554 0.7
    endloop
  endfacet
  facet normal -0.195504 -0.980703 -0
    outer loop
      vertex 46.9969 12.1247 0.7
      vertex 46.8429 12.1554 0
      vertex 46.9969 12.1247 0
    endloop
  endfacet
  facet normal -0.831364 0.555728 0
    outer loop
      vertex 48.148 -11.3556 0
      vertex 48.2353 -11.225 0.7
      vertex 48.2353 -11.225 0
    endloop
  endfacet
  facet normal -0.831364 0.555728 0
    outer loop
      vertex 48.2353 -11.225 0.7
      vertex 48.148 -11.3556 0
      vertex 48.148 -11.3556 0.7
    endloop
  endfacet
  facet normal 0.993116 -0.117137 0
    outer loop
      vertex 11.4762 10.3369 0.7
      vertex 11.4946 10.4929 0
      vertex 11.4946 10.4929 0.7
    endloop
  endfacet
  facet normal 0.993116 -0.117137 0
    outer loop
      vertex 11.4946 10.4929 0
      vertex 11.4762 10.3369 0.7
      vertex 11.4762 10.3369 0
    endloop
  endfacet
  facet normal 0.96248 0.271354 0
    outer loop
      vertex 11.5679 -10.798 0.7
      vertex 11.5253 -10.6469 0
      vertex 11.5253 -10.6469 0.7
    endloop
  endfacet
  facet normal 0.96248 0.271354 0
    outer loop
      vertex 11.5253 -10.6469 0
      vertex 11.5679 -10.798 0.7
      vertex 11.5679 -10.798 0
    endloop
  endfacet
  facet normal 0.96248 -0.271354 0
    outer loop
      vertex 11.5253 10.6469 0.7
      vertex 11.5679 10.798 0
      vertex 11.5679 10.798 0.7
    endloop
  endfacet
  facet normal 0.96248 -0.271354 0
    outer loop
      vertex 11.5679 10.798 0
      vertex 11.5253 10.6469 0.7
      vertex 11.5253 10.6469 0
    endloop
  endfacet
  facet normal 0.619087 0.785323 -0
    outer loop
      vertex 12.2944 -11.798 0
      vertex 12.1711 -11.7008 0.7
      vertex 12.2944 -11.798 0.7
    endloop
  endfacet
  facet normal 0.619087 0.785323 0
    outer loop
      vertex 12.1711 -11.7008 0.7
      vertex 12.2944 -11.798 0
      vertex 12.1711 -11.7008 0
    endloop
  endfacet
  facet normal 0.678862 -0.734266 0
    outer loop
      vertex 12.0558 11.5942 0
      vertex 12.1711 11.7008 0.7
      vertex 12.0558 11.5942 0.7
    endloop
  endfacet
  facet normal 0.678862 -0.734266 0
    outer loop
      vertex 12.1711 11.7008 0.7
      vertex 12.0558 11.5942 0
      vertex 12.1711 11.7008 0
    endloop
  endfacet
  facet normal -1 0 0
    outer loop
      vertex 48.53 -10.18 0
      vertex 48.53 10.18 0.7
      vertex 48.53 10.18 0
    endloop
  endfacet
  facet normal -1 -0 0
    outer loop
      vertex 48.53 10.18 0.7
      vertex 48.53 -10.18 0
      vertex 48.53 -10.18 0.7
    endloop
  endfacet
  facet normal -0.619087 0.785323 0
    outer loop
      vertex 47.8289 -11.7008 0
      vertex 47.7056 -11.798 0.7
      vertex 47.8289 -11.7008 0.7
    endloop
  endfacet
  facet normal -0.619087 0.785323 0
    outer loop
      vertex 47.7056 -11.798 0.7
      vertex 47.8289 -11.7008 0
      vertex 47.7056 -11.798 0
    endloop
  endfacet
  facet normal -0.96248 -0.271354 0
    outer loop
      vertex 48.4747 10.6469 0
      vertex 48.4321 10.798 0.7
      vertex 48.4321 10.798 0
    endloop
  endfacet
  facet normal -0.96248 -0.271354 0
    outer loop
      vertex 48.4321 10.798 0.7
      vertex 48.4747 10.6469 0
      vertex 48.4747 10.6469 0.7
    endloop
  endfacet
  facet normal 0.488506 0.87256 -0
    outer loop
      vertex 12.562 -11.962 0
      vertex 12.425 -11.8853 0.7
      vertex 12.562 -11.962 0.7
    endloop
  endfacet
  facet normal 0.488506 0.87256 0
    outer loop
      vertex 12.425 -11.8853 0.7
      vertex 12.562 -11.962 0
      vertex 12.425 -11.8853 0
    endloop
  endfacet
  facet normal 0.993116 0.117137 0
    outer loop
      vertex 11.4946 -10.4929 0.7
      vertex 11.4762 -10.3369 0
      vertex 11.4762 -10.3369 0.7
    endloop
  endfacet
  facet normal 0.993116 0.117137 0
    outer loop
      vertex 11.4762 -10.3369 0
      vertex 11.4946 -10.4929 0.7
      vertex 11.4946 -10.4929 0
    endloop
  endfacet
  facet normal -0.0394848 -0.99922 0
    outer loop
      vertex 46.53 12.18 0
      vertex 46.6869 12.1738 0.7
      vertex 46.53 12.18 0.7
    endloop
  endfacet
  facet normal -0.0394848 -0.99922 -0
    outer loop
      vertex 46.6869 12.1738 0.7
      vertex 46.53 12.18 0
      vertex 46.6869 12.1738 0
    endloop
  endfacet
  facet normal 0.345676 0.938354 -0
    outer loop
      vertex 12.852 -12.0821 0
      vertex 12.7046 -12.0278 0.7
      vertex 12.852 -12.0821 0.7
    endloop
  endfacet
  facet normal 0.345676 0.938354 0
    outer loop
      vertex 12.7046 -12.0278 0.7
      vertex 12.852 -12.0821 0
      vertex 12.7046 -12.0278 0
    endloop
  endfacet
  facet normal 0.734266 -0.678862 0
    outer loop
      vertex 11.9492 11.4789 0.7
      vertex 12.0558 11.5942 0
      vertex 12.0558 11.5942 0.7
    endloop
  endfacet
  facet normal 0.734266 -0.678862 0
    outer loop
      vertex 12.0558 11.5942 0
      vertex 11.9492 11.4789 0.7
      vertex 11.9492 11.4789 0
    endloop
  endfacet
  facet normal 0.938354 0.345676 0
    outer loop
      vertex 11.6222 -10.9454 0.7
      vertex 11.5679 -10.798 0
      vertex 11.5679 -10.798 0.7
    endloop
  endfacet
  facet normal 0.938354 0.345676 0
    outer loop
      vertex 11.5679 -10.798 0
      vertex 11.6222 -10.9454 0.7
      vertex 11.6222 -10.9454 0
    endloop
  endfacet
  facet normal -0.271354 0.96248 0
    outer loop
      vertex 47.148 -12.0821 0
      vertex 46.9969 -12.1247 0.7
      vertex 47.148 -12.0821 0.7
    endloop
  endfacet
  facet normal -0.271354 0.96248 0
    outer loop
      vertex 46.9969 -12.1247 0.7
      vertex 47.148 -12.0821 0
      vertex 46.9969 -12.1247 0
    endloop
  endfacet
  facet normal 0.271354 0.96248 -0
    outer loop
      vertex 13.0031 -12.1247 0
      vertex 12.852 -12.0821 0.7
      vertex 13.0031 -12.1247 0.7
    endloop
  endfacet
  facet normal 0.271354 0.96248 0
    outer loop
      vertex 12.852 -12.0821 0.7
      vertex 13.0031 -12.1247 0
      vertex 12.852 -12.0821 0
    endloop
  endfacet
  facet normal -0.993116 0.117137 0
    outer loop
      vertex 48.5054 -10.4929 0
      vertex 48.5238 -10.3369 0.7
      vertex 48.5238 -10.3369 0
    endloop
  endfacet
  facet normal -0.993116 0.117137 0
    outer loop
      vertex 48.5238 -10.3369 0.7
      vertex 48.5054 -10.4929 0
      vertex 48.5054 -10.4929 0.7
    endloop
  endfacet
  facet normal -0.993116 -0.117137 0
    outer loop
      vertex 48.5238 10.3369 0
      vertex 48.5054 10.4929 0.7
      vertex 48.5054 10.4929 0
    endloop
  endfacet
  facet normal -0.993116 -0.117137 0
    outer loop
      vertex 48.5054 10.4929 0.7
      vertex 48.5238 10.3369 0
      vertex 48.5238 10.3369 0.7
    endloop
  endfacet
  facet normal -0.99922 0.0394848 0
    outer loop
      vertex 48.5238 -10.3369 0
      vertex 48.53 -10.18 0.7
      vertex 48.53 -10.18 0
    endloop
  endfacet
  facet normal -0.99922 0.0394848 0
    outer loop
      vertex 48.53 -10.18 0.7
      vertex 48.5238 -10.3369 0
      vertex 48.5238 -10.3369 0.7
    endloop
  endfacet
  facet normal 0.195504 0.980703 -0
    outer loop
      vertex 13.1571 -12.1554 0
      vertex 13.0031 -12.1247 0.7
      vertex 13.1571 -12.1554 0.7
    endloop
  endfacet
  facet normal 0.195504 0.980703 0
    outer loop
      vertex 13.0031 -12.1247 0.7
      vertex 13.1571 -12.1554 0
      vertex 13.0031 -12.1247 0
    endloop
  endfacet
  facet normal -0.555728 -0.831364 0
    outer loop
      vertex 47.575 11.8853 0
      vertex 47.7056 11.798 0.7
      vertex 47.575 11.8853 0.7
    endloop
  endfacet
  facet normal -0.555728 -0.831364 -0
    outer loop
      vertex 47.7056 11.798 0.7
      vertex 47.575 11.8853 0
      vertex 47.7056 11.798 0
    endloop
  endfacet
  facet normal -0.488506 0.87256 0
    outer loop
      vertex 47.575 -11.8853 0
      vertex 47.438 -11.962 0.7
      vertex 47.575 -11.8853 0.7
    endloop
  endfacet
  facet normal -0.488506 0.87256 0
    outer loop
      vertex 47.438 -11.962 0.7
      vertex 47.575 -11.8853 0
      vertex 47.438 -11.962 0
    endloop
  endfacet
  facet normal -0.418977 -0.907997 0
    outer loop
      vertex 47.2954 12.0278 0
      vertex 47.438 11.962 0.7
      vertex 47.2954 12.0278 0.7
    endloop
  endfacet
  facet normal -0.418977 -0.907997 -0
    outer loop
      vertex 47.438 11.962 0.7
      vertex 47.2954 12.0278 0
      vertex 47.438 11.962 0
    endloop
  endfacet
  facet normal 0.0394848 0.99922 -0
    outer loop
      vertex 13.47 -12.18 0
      vertex 13.3131 -12.1738 0.7
      vertex 13.47 -12.18 0.7
    endloop
  endfacet
  facet normal 0.0394848 0.99922 0
    outer loop
      vertex 13.3131 -12.1738 0.7
      vertex 13.47 -12.18 0
      vertex 13.3131 -12.1738 0
    endloop
  endfacet
  facet normal 0.418977 0.907997 -0
    outer loop
      vertex 12.7046 -12.0278 0
      vertex 12.562 -11.962 0.7
      vertex 12.7046 -12.0278 0.7
    endloop
  endfacet
  facet normal 0.418977 0.907997 0
    outer loop
      vertex 12.562 -11.962 0.7
      vertex 12.7046 -12.0278 0
      vertex 12.562 -11.962 0
    endloop
  endfacet
  facet normal 0.488506 -0.87256 0
    outer loop
      vertex 12.425 11.8853 0
      vertex 12.562 11.962 0.7
      vertex 12.425 11.8853 0.7
    endloop
  endfacet
  facet normal 0.488506 -0.87256 0
    outer loop
      vertex 12.562 11.962 0.7
      vertex 12.425 11.8853 0
      vertex 12.562 11.962 0
    endloop
  endfacet
  facet normal 0.117137 -0.993116 0
    outer loop
      vertex 13.1571 12.1554 0
      vertex 13.3131 12.1738 0.7
      vertex 13.1571 12.1554 0.7
    endloop
  endfacet
  facet normal 0.117137 -0.993116 0
    outer loop
      vertex 13.3131 12.1738 0.7
      vertex 13.1571 12.1554 0
      vertex 13.3131 12.1738 0
    endloop
  endfacet
  facet normal -0.117137 -0.993116 0
    outer loop
      vertex 46.6869 12.1738 0
      vertex 46.8429 12.1554 0.7
      vertex 46.6869 12.1738 0.7
    endloop
  endfacet
  facet normal -0.117137 -0.993116 -0
    outer loop
      vertex 46.8429 12.1554 0.7
      vertex 46.6869 12.1738 0
      vertex 46.8429 12.1554 0
    endloop
  endfacet
  facet normal 0.785323 -0.619087 0
    outer loop
      vertex 11.852 11.3556 0.7
      vertex 11.9492 11.4789 0
      vertex 11.9492 11.4789 0.7
    endloop
  endfacet
  facet normal 0.785323 -0.619087 0
    outer loop
      vertex 11.9492 11.4789 0
      vertex 11.852 11.3556 0.7
      vertex 11.852 11.3556 0
    endloop
  endfacet
  facet normal 0.907997 0.418977 0
    outer loop
      vertex 11.688 -11.088 0.7
      vertex 11.6222 -10.9454 0
      vertex 11.6222 -10.9454 0.7
    endloop
  endfacet
  facet normal 0.907997 0.418977 0
    outer loop
      vertex 11.6222 -10.9454 0
      vertex 11.688 -11.088 0.7
      vertex 11.688 -11.088 0
    endloop
  endfacet
  facet normal -0.271354 -0.96248 0
    outer loop
      vertex 46.9969 12.1247 0
      vertex 47.148 12.0821 0.7
      vertex 46.9969 12.1247 0.7
    endloop
  endfacet
  facet normal -0.271354 -0.96248 -0
    outer loop
      vertex 47.148 12.0821 0.7
      vertex 46.9969 12.1247 0
      vertex 47.148 12.0821 0
    endloop
  endfacet
  facet normal 0.980703 0.195504 0
    outer loop
      vertex 11.5253 -10.6469 0.7
      vertex 11.4946 -10.4929 0
      vertex 11.4946 -10.4929 0.7
    endloop
  endfacet
  facet normal 0.980703 0.195504 0
    outer loop
      vertex 11.4946 -10.4929 0
      vertex 11.5253 -10.6469 0.7
      vertex 11.5253 -10.6469 0
    endloop
  endfacet
  facet normal 0.99922 -0.0394848 0
    outer loop
      vertex 11.47 10.18 0.7
      vertex 11.4762 10.3369 0
      vertex 11.4762 10.3369 0.7
    endloop
  endfacet
  facet normal 0.99922 -0.0394848 0
    outer loop
      vertex 11.4762 10.3369 0
      vertex 11.47 10.18 0.7
      vertex 11.47 10.18 0
    endloop
  endfacet
  facet normal 0.87256 -0.488506 0
    outer loop
      vertex 11.688 11.088 0.7
      vertex 11.7647 11.225 0
      vertex 11.7647 11.225 0.7
    endloop
  endfacet
  facet normal 0.87256 -0.488506 0
    outer loop
      vertex 11.7647 11.225 0
      vertex 11.688 11.088 0.7
      vertex 11.688 11.088 0
    endloop
  endfacet
  facet normal 1 -0 0
    outer loop
      vertex 11.47 7 0.7
      vertex 11.47 10.18 0
      vertex 11.47 10.18 0.7
    endloop
  endfacet
  facet normal 1 0 0
    outer loop
      vertex 11.47 10.18 0
      vertex 11.47 7 0.7
      vertex 11.47 7 0
    endloop
  endfacet
  facet normal 1 -0 0
    outer loop
      vertex 11.47 -10.18 0.7
      vertex 11.47 -7 0
      vertex 11.47 -7 0.7
    endloop
  endfacet
  facet normal 1 0 0
    outer loop
      vertex 11.47 -7 0
      vertex 11.47 -10.18 0.7
      vertex 11.47 -10.18 0
    endloop
  endfacet
  facet normal -0.555728 0.831364 0
    outer loop
      vertex 47.7056 -11.798 0
      vertex 47.575 -11.8853 0.7
      vertex 47.7056 -11.798 0.7
    endloop
  endfacet
  facet normal -0.555728 0.831364 0
    outer loop
      vertex 47.575 -11.8853 0.7
      vertex 47.7056 -11.798 0
      vertex 47.575 -11.8853 0
    endloop
  endfacet
  facet normal 0.831364 -0.555728 0
    outer loop
      vertex 11.7647 11.225 0.7
      vertex 11.852 11.3556 0
      vertex 11.852 11.3556 0.7
    endloop
  endfacet
  facet normal 0.831364 -0.555728 0
    outer loop
      vertex 11.852 11.3556 0
      vertex 11.7647 11.225 0.7
      vertex 11.7647 11.225 0
    endloop
  endfacet
  facet normal -0.907997 0.418977 0
    outer loop
      vertex 48.312 -11.088 0
      vertex 48.3778 -10.9454 0.7
      vertex 48.3778 -10.9454 0
    endloop
  endfacet
  facet normal -0.907997 0.418977 0
    outer loop
      vertex 48.3778 -10.9454 0.7
      vertex 48.312 -11.088 0
      vertex 48.312 -11.088 0.7
    endloop
  endfacet
  facet normal -0.734266 0.678862 0
    outer loop
      vertex 47.9442 -11.5942 0
      vertex 48.0508 -11.4789 0.7
      vertex 48.0508 -11.4789 0
    endloop
  endfacet
  facet normal -0.734266 0.678862 0
    outer loop
      vertex 48.0508 -11.4789 0.7
      vertex 47.9442 -11.5942 0
      vertex 47.9442 -11.5942 0.7
    endloop
  endfacet
  facet normal -0.907997 -0.418977 0
    outer loop
      vertex 48.3778 10.9454 0
      vertex 48.312 11.088 0.7
      vertex 48.312 11.088 0
    endloop
  endfacet
  facet normal -0.907997 -0.418977 0
    outer loop
      vertex 48.312 11.088 0.7
      vertex 48.3778 10.9454 0
      vertex 48.3778 10.9454 0.7
    endloop
  endfacet
  facet normal 0.195504 -0.980703 0
    outer loop
      vertex 13.0031 12.1247 0
      vertex 13.1571 12.1554 0.7
      vertex 13.0031 12.1247 0.7
    endloop
  endfacet
  facet normal 0.195504 -0.980703 0
    outer loop
      vertex 13.1571 12.1554 0.7
      vertex 13.0031 12.1247 0
      vertex 13.1571 12.1554 0
    endloop
  endfacet
  facet normal -0.87256 0.488506 0
    outer loop
      vertex 48.2353 -11.225 0
      vertex 48.312 -11.088 0.7
      vertex 48.312 -11.088 0
    endloop
  endfacet
  facet normal -0.87256 0.488506 0
    outer loop
      vertex 48.312 -11.088 0.7
      vertex 48.2353 -11.225 0
      vertex 48.2353 -11.225 0.7
    endloop
  endfacet
  facet normal 0.619087 -0.785323 0
    outer loop
      vertex 12.1711 11.7008 0
      vertex 12.2944 11.798 0.7
      vertex 12.1711 11.7008 0.7
    endloop
  endfacet
  facet normal 0.619087 -0.785323 0
    outer loop
      vertex 12.2944 11.798 0.7
      vertex 12.1711 11.7008 0
      vertex 12.2944 11.798 0
    endloop
  endfacet
  facet normal -0.117137 0.993116 0
    outer loop
      vertex 46.8429 -12.1554 0
      vertex 46.6869 -12.1738 0.7
      vertex 46.8429 -12.1554 0.7
    endloop
  endfacet
  facet normal -0.117137 0.993116 0
    outer loop
      vertex 46.6869 -12.1738 0.7
      vertex 46.8429 -12.1554 0
      vertex 46.6869 -12.1738 0
    endloop
  endfacet
  facet normal -0.938354 -0.345676 0
    outer loop
      vertex 48.4321 10.798 0
      vertex 48.3778 10.9454 0.7
      vertex 48.3778 10.9454 0
    endloop
  endfacet
  facet normal -0.938354 -0.345676 0
    outer loop
      vertex 48.3778 10.9454 0.7
      vertex 48.4321 10.798 0
      vertex 48.4321 10.798 0.7
    endloop
  endfacet
  facet normal -0.734266 -0.678862 0
    outer loop
      vertex 48.0508 11.4789 0
      vertex 47.9442 11.5942 0.7
      vertex 47.9442 11.5942 0
    endloop
  endfacet
  facet normal -0.734266 -0.678862 0
    outer loop
      vertex 47.9442 11.5942 0.7
      vertex 48.0508 11.4789 0
      vertex 48.0508 11.4789 0.7
    endloop
  endfacet
  facet normal 0.555728 -0.831364 0
    outer loop
      vertex 12.2944 11.798 0
      vertex 12.425 11.8853 0.7
      vertex 12.2944 11.798 0.7
    endloop
  endfacet
  facet normal 0.555728 -0.831364 0
    outer loop
      vertex 12.425 11.8853 0.7
      vertex 12.2944 11.798 0
      vertex 12.425 11.8853 0
    endloop
  endfacet
  facet normal 0.785323 0.619087 0
    outer loop
      vertex 11.9492 -11.4789 0.7
      vertex 11.852 -11.3556 0
      vertex 11.852 -11.3556 0.7
    endloop
  endfacet
  facet normal 0.785323 0.619087 0
    outer loop
      vertex 11.852 -11.3556 0
      vertex 11.9492 -11.4789 0.7
      vertex 11.9492 -11.4789 0
    endloop
  endfacet
  facet normal 0.831364 0.555728 0
    outer loop
      vertex 11.852 -11.3556 0.7
      vertex 11.7647 -11.225 0
      vertex 11.7647 -11.225 0.7
    endloop
  endfacet
  facet normal 0.831364 0.555728 0
    outer loop
      vertex 11.7647 -11.225 0
      vertex 11.852 -11.3556 0.7
      vertex 11.852 -11.3556 0
    endloop
  endfacet
  facet normal -0.678862 -0.734266 0
    outer loop
      vertex 47.8289 11.7008 0
      vertex 47.9442 11.5942 0.7
      vertex 47.8289 11.7008 0.7
    endloop
  endfacet
  facet normal -0.678862 -0.734266 -0
    outer loop
      vertex 47.9442 11.5942 0.7
      vertex 47.8289 11.7008 0
      vertex 47.9442 11.5942 0
    endloop
  endfacet
  facet normal -0.96248 0.271354 0
    outer loop
      vertex 48.4321 -10.798 0
      vertex 48.4747 -10.6469 0.7
      vertex 48.4747 -10.6469 0
    endloop
  endfacet
  facet normal -0.96248 0.271354 0
    outer loop
      vertex 48.4747 -10.6469 0.7
      vertex 48.4321 -10.798 0
      vertex 48.4321 -10.798 0.7
    endloop
  endfacet
  facet normal -0.980703 -0.195504 0
    outer loop
      vertex 48.5054 10.4929 0
      vertex 48.4747 10.6469 0.7
      vertex 48.4747 10.6469 0
    endloop
  endfacet
  facet normal -0.980703 -0.195504 0
    outer loop
      vertex 48.4747 10.6469 0.7
      vertex 48.5054 10.4929 0
      vertex 48.5054 10.4929 0.7
    endloop
  endfacet
  facet normal -0.831364 -0.555728 0
    outer loop
      vertex 48.2353 11.225 0
      vertex 48.148 11.3556 0.7
      vertex 48.148 11.3556 0
    endloop
  endfacet
  facet normal -0.831364 -0.555728 0
    outer loop
      vertex 48.148 11.3556 0.7
      vertex 48.2353 11.225 0
      vertex 48.2353 11.225 0.7
    endloop
  endfacet
  facet normal -0.87256 -0.488506 0
    outer loop
      vertex 48.312 11.088 0
      vertex 48.2353 11.225 0.7
      vertex 48.2353 11.225 0
    endloop
  endfacet
  facet normal -0.87256 -0.488506 0
    outer loop
      vertex 48.2353 11.225 0.7
      vertex 48.312 11.088 0
      vertex 48.312 11.088 0.7
    endloop
  endfacet
  facet normal 0 0 -1
    outer loop
      vertex 46.53 -12.18 0.7
      vertex 48.53 -10.18 0.7
      vertex 48.5238 -10.3369 0.7
    endloop
  endfacet
  facet normal -0 0 -1
    outer loop
      vertex 48.53 -10.18 0.7
      vertex 46.53 -12.18 0.7
      vertex 48.53 10.18 0.7
    endloop
  endfacet
  facet normal 0 0 -1
    outer loop
      vertex 46.53 -12.18 0.7
      vertex 48.5238 -10.3369 0.7
      vertex 48.5054 -10.4929 0.7
    endloop
  endfacet
  facet normal 0 0 -1
    outer loop
      vertex 46.53 12.18 0.7
      vertex 48.53 10.18 0.7
      vertex 46.53 -12.18 0.7
    endloop
  endfacet
  facet normal 0 0 -1
    outer loop
      vertex 46.53 -12.18 0.7
      vertex 48.5054 -10.4929 0.7
      vertex 48.4747 -10.6469 0.7
    endloop
  endfacet
  facet normal 0 0 -1
    outer loop
      vertex 48.53 10.18 0.7
      vertex 46.53 12.18 0.7
      vertex 48.5238 10.3369 0.7
    endloop
  endfacet
  facet normal 0 0 -1
    outer loop
      vertex 46.53 -12.18 0.7
      vertex 48.4747 -10.6469 0.7
      vertex 48.4321 -10.798 0.7
    endloop
  endfacet
  facet normal 0 0 -1
    outer loop
      vertex 48.5238 10.3369 0.7
      vertex 46.53 12.18 0.7
      vertex 48.5054 10.4929 0.7
    endloop
  endfacet
  facet normal 0 0 -1
    outer loop
      vertex 46.53 -12.18 0.7
      vertex 48.4321 -10.798 0.7
      vertex 48.3778 -10.9454 0.7
    endloop
  endfacet
  facet normal 0 0 -1
    outer loop
      vertex 48.5054 10.4929 0.7
      vertex 46.53 12.18 0.7
      vertex 48.4747 10.6469 0.7
    endloop
  endfacet
  facet normal 0 0 -1
    outer loop
      vertex 46.53 -12.18 0.7
      vertex 48.3778 -10.9454 0.7
      vertex 48.312 -11.088 0.7
    endloop
  endfacet
  facet normal 0 0 -1
    outer loop
      vertex 48.4747 10.6469 0.7
      vertex 46.53 12.18 0.7
      vertex 48.4321 10.798 0.7
    endloop
  endfacet
  facet normal 0 0 -1
    outer loop
      vertex 46.53 -12.18 0.7
      vertex 48.312 -11.088 0.7
      vertex 48.2353 -11.225 0.7
    endloop
  endfacet
  facet normal 0 0 -1
    outer loop
      vertex 48.4321 10.798 0.7
      vertex 46.53 12.18 0.7
      vertex 48.3778 10.9454 0.7
    endloop
  endfacet
  facet normal 0 0 -1
    outer loop
      vertex 46.53 -12.18 0.7
      vertex 48.2353 -11.225 0.7
      vertex 48.148 -11.3556 0.7
    endloop
  endfacet
  facet normal 0 0 -1
    outer loop
      vertex 48.3778 10.9454 0.7
      vertex 46.53 12.18 0.7
      vertex 48.312 11.088 0.7
    endloop
  endfacet
  facet normal 0 0 -1
    outer loop
      vertex 46.53 -12.18 0.7
      vertex 48.148 -11.3556 0.7
      vertex 48.0508 -11.4789 0.7
    endloop
  endfacet
  facet normal 0 0 -1
    outer loop
      vertex 48.312 11.088 0.7
      vertex 46.53 12.18 0.7
      vertex 48.2353 11.225 0.7
    endloop
  endfacet
  facet normal 0 0 -1
    outer loop
      vertex 46.53 -12.18 0.7
      vertex 48.0508 -11.4789 0.7
      vertex 47.9442 -11.5942 0.7
    endloop
  endfacet
  facet normal 0 0 -1
    outer loop
      vertex 48.2353 11.225 0.7
      vertex 46.53 12.18 0.7
      vertex 48.148 11.3556 0.7
    endloop
  endfacet
  facet normal 0 0 -1
    outer loop
      vertex 46.53 -12.18 0.7
      vertex 47.9442 -11.5942 0.7
      vertex 47.8289 -11.7008 0.7
    endloop
  endfacet
  facet normal 0 0 -1
    outer loop
      vertex 48.148 11.3556 0.7
      vertex 46.53 12.18 0.7
      vertex 48.0508 11.4789 0.7
    endloop
  endfacet
  facet normal 0 0 -1
    outer loop
      vertex 46.53 -12.18 0.7
      vertex 47.8289 -11.7008 0.7
      vertex 47.7056 -11.798 0.7
    endloop
  endfacet
  facet normal 0 0 -1
    outer loop
      vertex 48.0508 11.4789 0.7
      vertex 46.53 12.18 0.7
      vertex 47.9442 11.5942 0.7
    endloop
  endfacet
  facet normal 0 0 -1
    outer loop
      vertex 46.53 -12.18 0.7
      vertex 47.7056 -11.798 0.7
      vertex 47.575 -11.8853 0.7
    endloop
  endfacet
  facet normal 0 0 -1
    outer loop
      vertex 47.9442 11.5942 0.7
      vertex 46.53 12.18 0.7
      vertex 47.8289 11.7008 0.7
    endloop
  endfacet
  facet normal 0 0 -1
    outer loop
      vertex 46.53 -12.18 0.7
      vertex 47.575 -11.8853 0.7
      vertex 47.438 -11.962 0.7
    endloop
  endfacet
  facet normal 0 0 -1
    outer loop
      vertex 47.8289 11.7008 0.7
      vertex 46.53 12.18 0.7
      vertex 47.7056 11.798 0.7
    endloop
  endfacet
  facet normal 0 0 -1
    outer loop
      vertex 46.53 -12.18 0.7
      vertex 47.438 -11.962 0.7
      vertex 47.2954 -12.0278 0.7
    endloop
  endfacet
  facet normal 0 0 -1
    outer loop
      vertex 47.7056 11.798 0.7
      vertex 46.53 12.18 0.7
      vertex 47.575 11.8853 0.7
    endloop
  endfacet
  facet normal 0 0 -1
    outer loop
      vertex 46.53 -12.18 0.7
      vertex 47.2954 -12.0278 0.7
      vertex 47.148 -12.0821 0.7
    endloop
  endfacet
  facet normal 0 0 -1
    outer loop
      vertex 47.575 11.8853 0.7
      vertex 46.53 12.18 0.7
      vertex 47.438 11.962 0.7
    endloop
  endfacet
  facet normal 0 0 -1
    outer loop
      vertex 46.53 -12.18 0.7
      vertex 47.148 -12.0821 0.7
      vertex 46.9969 -12.1247 0.7
    endloop
  endfacet
  facet normal 0 0 -1
    outer loop
      vertex 47.438 11.962 0.7
      vertex 46.53 12.18 0.7
      vertex 47.2954 12.0278 0.7
    endloop
  endfacet
  facet normal 0 0 -1
    outer loop
      vertex 46.53 -12.18 0.7
      vertex 46.9969 -12.1247 0.7
      vertex 46.8429 -12.1554 0.7
    endloop
  endfacet
  facet normal 0 0 -1
    outer loop
      vertex 47.2954 12.0278 0.7
      vertex 46.53 12.18 0.7
      vertex 47.148 12.0821 0.7
    endloop
  endfacet
  facet normal 0 0 -1
    outer loop
      vertex 46.53 -12.18 0.7
      vertex 46.8429 -12.1554 0.7
      vertex 46.6869 -12.1738 0.7
    endloop
  endfacet
  facet normal 0 0 -1
    outer loop
      vertex 47.148 12.0821 0.7
      vertex 46.53 12.18 0.7
      vertex 46.9969 12.1247 0.7
    endloop
  endfacet
  facet normal 0 0 -1
    outer loop
      vertex 46.9969 12.1247 0.7
      vertex 46.53 12.18 0.7
      vertex 46.8429 12.1554 0.7
    endloop
  endfacet
  facet normal 0 0 -1
    outer loop
      vertex 46.8429 12.1554 0.7
      vertex 46.53 12.18 0.7
      vertex 46.6869 12.1738 0.7
    endloop
  endfacet
  facet normal 0 0 -1
    outer loop
      vertex 46.53 -12.18 0.7
      vertex 17 -4 0.7
      vertex 46.53 12.18 0.7
    endloop
  endfacet
  facet normal 0 0 -1
    outer loop
      vertex 46.53 -12.18 0.7
      vertex 16.9908 -4.23538 0.7
      vertex 17 -4 0.7
    endloop
  endfacet
  facet normal 0 0 -1
    outer loop
      vertex 46.53 -12.18 0.7
      vertex 16.9631 -4.4693 0.7
      vertex 16.9908 -4.23538 0.7
    endloop
  endfacet
  facet normal 0 0 -1
    outer loop
      vertex 46.53 -12.18 0.7
      vertex 16.9171 -4.70033 0.7
      vertex 16.9631 -4.4693 0.7
    endloop
  endfacet
  facet normal 0 0 -1
    outer loop
      vertex 46.53 -12.18 0.7
      vertex 16.8532 -4.92705 0.7
      vertex 16.9171 -4.70033 0.7
    endloop
  endfacet
  facet normal 0 0 -1
    outer loop
      vertex 46.53 -12.18 0.7
      vertex 16.7716 -5.14806 0.7
      vertex 16.8532 -4.92705 0.7
    endloop
  endfacet
  facet normal 0 0 -1
    outer loop
      vertex 46.53 -12.18 0.7
      vertex 16.673 -5.36197 0.7
      vertex 16.7716 -5.14806 0.7
    endloop
  endfacet
  facet normal 0 0 -1
    outer loop
      vertex 46.53 -12.18 0.7
      vertex 16.5579 -5.56749 0.7
      vertex 16.673 -5.36197 0.7
    endloop
  endfacet
  facet normal 0 0 -1
    outer loop
      vertex 46.53 -12.18 0.7
      vertex 16.427 -5.76335 0.7
      vertex 16.5579 -5.56749 0.7
    endloop
  endfacet
  facet normal 0 0 -1
    outer loop
      vertex 13.47 -12.18 0.7
      vertex 16.427 -5.76335 0.7
      vertex 46.53 -12.18 0.7
    endloop
  endfacet
  facet normal 0 0 -1
    outer loop
      vertex 16.427 -5.76335 0.7
      vertex 13.47 -12.18 0.7
      vertex 16.2812 -5.94835 0.7
    endloop
  endfacet
  facet normal 0 0 -1
    outer loop
      vertex 16.2812 -5.94835 0.7
      vertex 13.47 -12.18 0.7
      vertex 16.1213 -6.12132 0.7
    endloop
  endfacet
  facet normal 0 0 -1
    outer loop
      vertex 16.1213 -6.12132 0.7
      vertex 13.47 -12.18 0.7
      vertex 15.9483 -6.28122 0.7
    endloop
  endfacet
  facet normal 0 0 -1
    outer loop
      vertex 15.9483 -6.28122 0.7
      vertex 13.47 -12.18 0.7
      vertex 15.7634 -6.42705 0.7
    endloop
  endfacet
  facet normal 0 0 -1
    outer loop
      vertex 15.7634 -6.42705 0.7
      vertex 13.47 -12.18 0.7
      vertex 15.5675 -6.55792 0.7
    endloop
  endfacet
  facet normal 0 0 -1
    outer loop
      vertex 15.5675 -6.55792 0.7
      vertex 13.47 -12.18 0.7
      vertex 15.362 -6.67302 0.7
    endloop
  endfacet
  facet normal 0 0 -1
    outer loop
      vertex 15.362 -6.67302 0.7
      vertex 13.47 -12.18 0.7
      vertex 15.1481 -6.77164 0.7
    endloop
  endfacet
  facet normal 0 0 -1
    outer loop
      vertex 15.1481 -6.77164 0.7
      vertex 13.47 -12.18 0.7
      vertex 14.927 -6.85316 0.7
    endloop
  endfacet
  facet normal 0 0 -1
    outer loop
      vertex 14.927 -6.85316 0.7
      vertex 13.47 -12.18 0.7
      vertex 14.7003 -6.91711 0.7
    endloop
  endfacet
  facet normal 0 0 -1
    outer loop
      vertex 14.7003 -6.91711 0.7
      vertex 13.47 -12.18 0.7
      vertex 14.4693 -6.96306 0.7
    endloop
  endfacet
  facet normal 0 0 -1
    outer loop
      vertex 14.4693 -6.96306 0.7
      vertex 13.47 -12.18 0.7
      vertex 14.2354 -6.99075 0.7
    endloop
  endfacet
  facet normal 0 0 -1
    outer loop
      vertex 14.2354 -6.99075 0.7
      vertex 13.47 -12.18 0.7
      vertex 14 -7 0.7
    endloop
  endfacet
  facet normal 0 0 -1
    outer loop
      vertex 11.47 -10.18 0.7
      vertex 13.47 -12.18 0.7
      vertex 13.3131 -12.1738 0.7
    endloop
  endfacet
  facet normal 0 0 -1
    outer loop
      vertex 11.47 -10.18 0.7
      vertex 13.3131 -12.1738 0.7
      vertex 13.1571 -12.1554 0.7
    endloop
  endfacet
  facet normal 0 0 -1
    outer loop
      vertex 11.47 -10.18 0.7
      vertex 13.1571 -12.1554 0.7
      vertex 13.0031 -12.1247 0.7
    endloop
  endfacet
  facet normal 0 0 -1
    outer loop
      vertex 11.47 -10.18 0.7
      vertex 13.0031 -12.1247 0.7
      vertex 12.852 -12.0821 0.7
    endloop
  endfacet
  facet normal 0 0 -1
    outer loop
      vertex 11.47 -10.18 0.7
      vertex 12.852 -12.0821 0.7
      vertex 12.7046 -12.0278 0.7
    endloop
  endfacet
  facet normal 0 0 -1
    outer loop
      vertex 11.47 -10.18 0.7
      vertex 12.7046 -12.0278 0.7
      vertex 12.562 -11.962 0.7
    endloop
  endfacet
  facet normal 0 0 -1
    outer loop
      vertex 11.47 -10.18 0.7
      vertex 12.562 -11.962 0.7
      vertex 12.425 -11.8853 0.7
    endloop
  endfacet
  facet normal 0 0 -1
    outer loop
      vertex 11.47 -10.18 0.7
      vertex 12.425 -11.8853 0.7
      vertex 12.2944 -11.798 0.7
    endloop
  endfacet
  facet normal 0 0 -1
    outer loop
      vertex 11.47 -10.18 0.7
      vertex 12.2944 -11.798 0.7
      vertex 12.1711 -11.7008 0.7
    endloop
  endfacet
  facet normal 0 0 -1
    outer loop
      vertex 11.47 -10.18 0.7
      vertex 12.1711 -11.7008 0.7
      vertex 12.0558 -11.5942 0.7
    endloop
  endfacet
  facet normal 0 0 -1
    outer loop
      vertex 11.47 -10.18 0.7
      vertex 12.0558 -11.5942 0.7
      vertex 11.9492 -11.4789 0.7
    endloop
  endfacet
  facet normal 0 0 -1
    outer loop
      vertex 11.47 -10.18 0.7
      vertex 11.9492 -11.4789 0.7
      vertex 11.852 -11.3556 0.7
    endloop
  endfacet
  facet normal 0 0 -1
    outer loop
      vertex 11.47 -10.18 0.7
      vertex 11.852 -11.3556 0.7
      vertex 11.7647 -11.225 0.7
    endloop
  endfacet
  facet normal 0 0 -1
    outer loop
      vertex 11.47 -10.18 0.7
      vertex 11.7647 -11.225 0.7
      vertex 11.688 -11.088 0.7
    endloop
  endfacet
  facet normal 0 0 -1
    outer loop
      vertex 11.47 -10.18 0.7
      vertex 11.688 -11.088 0.7
      vertex 11.6222 -10.9454 0.7
    endloop
  endfacet
  facet normal 0 0 -1
    outer loop
      vertex 11.47 -10.18 0.7
      vertex 11.6222 -10.9454 0.7
      vertex 11.5679 -10.798 0.7
    endloop
  endfacet
  facet normal 0 0 -1
    outer loop
      vertex 11.47 -10.18 0.7
      vertex 11.5679 -10.798 0.7
      vertex 11.5253 -10.6469 0.7
    endloop
  endfacet
  facet normal 0 0 -1
    outer loop
      vertex 11.47 -10.18 0.7
      vertex 11.5253 -10.6469 0.7
      vertex 11.4946 -10.4929 0.7
    endloop
  endfacet
  facet normal 0 0 -1
    outer loop
      vertex 11.47 -10.18 0.7
      vertex 11.4946 -10.4929 0.7
      vertex 11.4762 -10.3369 0.7
    endloop
  endfacet
  facet normal 0 0 -1
    outer loop
      vertex 13.47 -12.18 0.7
      vertex 11.47 -10.18 0.7
      vertex 14 -7 0.7
    endloop
  endfacet
  facet normal -0 0 -1
    outer loop
      vertex 14 -7 0.7
      vertex 11.47 -10.18 0.7
      vertex 11.47 -7 0.7
    endloop
  endfacet
  facet normal 0 0 -1
    outer loop
      vertex 17 4 0.7
      vertex 46.53 12.18 0.7
      vertex 17 -4 0.7
    endloop
  endfacet
  facet normal 0 0 -1
    outer loop
      vertex 16.9908 4.23538 0.7
      vertex 46.53 12.18 0.7
      vertex 17 4 0.7
    endloop
  endfacet
  facet normal 0 0 -1
    outer loop
      vertex 16.9631 4.4693 0.7
      vertex 46.53 12.18 0.7
      vertex 16.9908 4.23538 0.7
    endloop
  endfacet
  facet normal 0 0 -1
    outer loop
      vertex 16.9171 4.70033 0.7
      vertex 46.53 12.18 0.7
      vertex 16.9631 4.4693 0.7
    endloop
  endfacet
  facet normal 0 0 -1
    outer loop
      vertex 16.8532 4.92705 0.7
      vertex 46.53 12.18 0.7
      vertex 16.9171 4.70033 0.7
    endloop
  endfacet
  facet normal 0 0 -1
    outer loop
      vertex 16.7716 5.14806 0.7
      vertex 46.53 12.18 0.7
      vertex 16.8532 4.92705 0.7
    endloop
  endfacet
  facet normal 0 0 -1
    outer loop
      vertex 16.673 5.36197 0.7
      vertex 46.53 12.18 0.7
      vertex 16.7716 5.14806 0.7
    endloop
  endfacet
  facet normal 0 0 -1
    outer loop
      vertex 16.5579 5.56749 0.7
      vertex 46.53 12.18 0.7
      vertex 16.673 5.36197 0.7
    endloop
  endfacet
  facet normal 0 0 -1
    outer loop
      vertex 16.427 5.76335 0.7
      vertex 46.53 12.18 0.7
      vertex 16.5579 5.56749 0.7
    endloop
  endfacet
  facet normal 0 0 -1
    outer loop
      vertex 13.47 12.18 0.7
      vertex 16.427 5.76335 0.7
      vertex 16.2812 5.94835 0.7
    endloop
  endfacet
  facet normal 0 0 -1
    outer loop
      vertex 13.47 12.18 0.7
      vertex 16.2812 5.94835 0.7
      vertex 16.1213 6.12132 0.7
    endloop
  endfacet
  facet normal 0 0 -1
    outer loop
      vertex 13.47 12.18 0.7
      vertex 16.1213 6.12132 0.7
      vertex 15.9483 6.28122 0.7
    endloop
  endfacet
  facet normal 0 0 -1
    outer loop
      vertex 13.47 12.18 0.7
      vertex 15.9483 6.28122 0.7
      vertex 15.7634 6.42705 0.7
    endloop
  endfacet
  facet normal 0 0 -1
    outer loop
      vertex 13.47 12.18 0.7
      vertex 15.7634 6.42705 0.7
      vertex 15.5675 6.55792 0.7
    endloop
  endfacet
  facet normal 0 0 -1
    outer loop
      vertex 13.47 12.18 0.7
      vertex 15.5675 6.55792 0.7
      vertex 15.362 6.67302 0.7
    endloop
  endfacet
  facet normal 0 0 -1
    outer loop
      vertex 13.47 12.18 0.7
      vertex 15.362 6.67302 0.7
      vertex 15.1481 6.77164 0.7
    endloop
  endfacet
  facet normal 0 0 -1
    outer loop
      vertex 13.47 12.18 0.7
      vertex 15.1481 6.77164 0.7
      vertex 14.927 6.85316 0.7
    endloop
  endfacet
  facet normal 0 0 -1
    outer loop
      vertex 13.47 12.18 0.7
      vertex 14.927 6.85316 0.7
      vertex 14.7003 6.91711 0.7
    endloop
  endfacet
  facet normal 0 0 -1
    outer loop
      vertex 13.47 12.18 0.7
      vertex 14.7003 6.91711 0.7
      vertex 14.4693 6.96306 0.7
    endloop
  endfacet
  facet normal 0 0 -1
    outer loop
      vertex 13.47 12.18 0.7
      vertex 14.4693 6.96306 0.7
      vertex 14.2354 6.99075 0.7
    endloop
  endfacet
  facet normal 0 0 -1
    outer loop
      vertex 13.47 12.18 0.7
      vertex 14.2354 6.99075 0.7
      vertex 14 7 0.7
    endloop
  endfacet
  facet normal 0 0 -1
    outer loop
      vertex 16.427 5.76335 0.7
      vertex 13.47 12.18 0.7
      vertex 46.53 12.18 0.7
    endloop
  endfacet
  facet normal 0 0 -1
    outer loop
      vertex 11.47 10.18 0.7
      vertex 13.47 12.18 0.7
      vertex 14 7 0.7
    endloop
  endfacet
  facet normal 0 0 -1
    outer loop
      vertex 13.47 12.18 0.7
      vertex 11.47 10.18 0.7
      vertex 13.3131 12.1738 0.7
    endloop
  endfacet
  facet normal 0 0 -1
    outer loop
      vertex 13.3131 12.1738 0.7
      vertex 11.47 10.18 0.7
      vertex 13.1571 12.1554 0.7
    endloop
  endfacet
  facet normal 0 0 -1
    outer loop
      vertex 13.1571 12.1554 0.7
      vertex 11.47 10.18 0.7
      vertex 13.0031 12.1247 0.7
    endloop
  endfacet
  facet normal 0 0 -1
    outer loop
      vertex 13.0031 12.1247 0.7
      vertex 11.47 10.18 0.7
      vertex 12.852 12.0821 0.7
    endloop
  endfacet
  facet normal 0 0 -1
    outer loop
      vertex 12.852 12.0821 0.7
      vertex 11.47 10.18 0.7
      vertex 12.7046 12.0278 0.7
    endloop
  endfacet
  facet normal 0 0 -1
    outer loop
      vertex 12.7046 12.0278 0.7
      vertex 11.47 10.18 0.7
      vertex 12.562 11.962 0.7
    endloop
  endfacet
  facet normal 0 0 -1
    outer loop
      vertex 12.562 11.962 0.7
      vertex 11.47 10.18 0.7
      vertex 12.425 11.8853 0.7
    endloop
  endfacet
  facet normal 0 0 -1
    outer loop
      vertex 12.425 11.8853 0.7
      vertex 11.47 10.18 0.7
      vertex 12.2944 11.798 0.7
    endloop
  endfacet
  facet normal 0 0 -1
    outer loop
      vertex 12.2944 11.798 0.7
      vertex 11.47 10.18 0.7
      vertex 12.1711 11.7008 0.7
    endloop
  endfacet
  facet normal 0 0 -1
    outer loop
      vertex 12.1711 11.7008 0.7
      vertex 11.47 10.18 0.7
      vertex 12.0558 11.5942 0.7
    endloop
  endfacet
  facet normal 0 0 -1
    outer loop
      vertex 12.0558 11.5942 0.7
      vertex 11.47 10.18 0.7
      vertex 11.9492 11.4789 0.7
    endloop
  endfacet
  facet normal 0 0 -1
    outer loop
      vertex 11.9492 11.4789 0.7
      vertex 11.47 10.18 0.7
      vertex 11.852 11.3556 0.7
    endloop
  endfacet
  facet normal 0 0 -1
    outer loop
      vertex 11.852 11.3556 0.7
      vertex 11.47 10.18 0.7
      vertex 11.7647 11.225 0.7
    endloop
  endfacet
  facet normal 0 0 -1
    outer loop
      vertex 11.7647 11.225 0.7
      vertex 11.47 10.18 0.7
      vertex 11.688 11.088 0.7
    endloop
  endfacet
  facet normal 0 0 -1
    outer loop
      vertex 11.688 11.088 0.7
      vertex 11.47 10.18 0.7
      vertex 11.6222 10.9454 0.7
    endloop
  endfacet
  facet normal 0 0 -1
    outer loop
      vertex 11.6222 10.9454 0.7
      vertex 11.47 10.18 0.7
      vertex 11.5679 10.798 0.7
    endloop
  endfacet
  facet normal 0 0 -1
    outer loop
      vertex 11.5679 10.798 0.7
      vertex 11.47 10.18 0.7
      vertex 11.5253 10.6469 0.7
    endloop
  endfacet
  facet normal 0 0 -1
    outer loop
      vertex 11.5253 10.6469 0.7
      vertex 11.47 10.18 0.7
      vertex 11.4946 10.4929 0.7
    endloop
  endfacet
  facet normal 0 0 -1
    outer loop
      vertex 11.47 10.18 0.7
      vertex 14 7 0.7
      vertex 11.47 7 0.7
    endloop
  endfacet
  facet normal 0 0 -1
    outer loop
      vertex 11.4946 10.4929 0.7
      vertex 11.47 10.18 0.7
      vertex 11.4762 10.3369 0.7
    endloop
  endfacet
  facet normal 0.418977 -0.907997 0
    outer loop
      vertex 12.562 11.962 0
      vertex 12.7046 12.0278 0.7
      vertex 12.562 11.962 0.7
    endloop
  endfacet
  facet normal 0.418977 -0.907997 0
    outer loop
      vertex 12.7046 12.0278 0.7
      vertex 12.562 11.962 0
      vertex 12.7046 12.0278 0
    endloop
  endfacet
  facet normal -0.345676 0.938354 0
    outer loop
      vertex 47.2954 -12.0278 0
      vertex 47.148 -12.0821 0.7
      vertex 47.2954 -12.0278 0.7
    endloop
  endfacet
  facet normal -0.345676 0.938354 0
    outer loop
      vertex 47.148 -12.0821 0.7
      vertex 47.2954 -12.0278 0
      vertex 47.148 -12.0821 0
    endloop
  endfacet
  facet normal -0.99922 -0.0394848 0
    outer loop
      vertex 48.53 10.18 0
      vertex 48.5238 10.3369 0.7
      vertex 48.5238 10.3369 0
    endloop
  endfacet
  facet normal -0.99922 -0.0394848 0
    outer loop
      vertex 48.5238 10.3369 0.7
      vertex 48.53 10.18 0
      vertex 48.53 10.18 0.7
    endloop
  endfacet
  facet normal -0.938354 0.345676 0
    outer loop
      vertex 48.3778 -10.9454 0
      vertex 48.4321 -10.798 0.7
      vertex 48.4321 -10.798 0
    endloop
  endfacet
  facet normal -0.938354 0.345676 0
    outer loop
      vertex 48.4321 -10.798 0.7
      vertex 48.3778 -10.9454 0
      vertex 48.3778 -10.9454 0.7
    endloop
  endfacet
  facet normal -0.619087 -0.785323 0
    outer loop
      vertex 47.7056 11.798 0
      vertex 47.8289 11.7008 0.7
      vertex 47.7056 11.798 0.7
    endloop
  endfacet
  facet normal -0.619087 -0.785323 -0
    outer loop
      vertex 47.8289 11.7008 0.7
      vertex 47.7056 11.798 0
      vertex 47.8289 11.7008 0
    endloop
  endfacet
  facet normal -0.980703 0.195504 0
    outer loop
      vertex 48.4747 -10.6469 0
      vertex 48.5054 -10.4929 0.7
      vertex 48.5054 -10.4929 0
    endloop
  endfacet
  facet normal -0.980703 0.195504 0
    outer loop
      vertex 48.5054 -10.4929 0.7
      vertex 48.4747 -10.6469 0
      vertex 48.4747 -10.6469 0.7
    endloop
  endfacet
  facet normal -0.195504 0.980703 0
    outer loop
      vertex 46.9969 -12.1247 0
      vertex 46.8429 -12.1554 0.7
      vertex 46.9969 -12.1247 0.7
    endloop
  endfacet
  facet normal -0.195504 0.980703 0
    outer loop
      vertex 46.8429 -12.1554 0.7
      vertex 46.9969 -12.1247 0
      vertex 46.8429 -12.1554 0
    endloop
  endfacet
  facet normal 0.0394848 0.99922 -0
    outer loop
      vertex -20.45 14.35 0
      vertex -20.6069 14.3562 0.7
      vertex -20.45 14.35 0.7
    endloop
  endfacet
  facet normal 0.0394848 0.99922 0
    outer loop
      vertex -20.6069 14.3562 0.7
      vertex -20.45 14.35 0
      vertex -20.6069 14.3562 0
    endloop
  endfacet
  facet normal -0.0394848 0.99922 0
    outer loop
      vertex 20.6069 14.3562 0
      vertex 20.45 14.35 0.7
      vertex 20.6069 14.3562 0.7
    endloop
  endfacet
  facet normal -0.0394848 0.99922 0
    outer loop
      vertex 20.45 14.35 0.7
      vertex 20.6069 14.3562 0
      vertex 20.45 14.35 0
    endloop
  endfacet
  facet normal -0.418977 -0.907997 0
    outer loop
      vertex 21.2154 41.4978 0
      vertex 21.358 41.432 0.7
      vertex 21.2154 41.4978 0.7
    endloop
  endfacet
  facet normal -0.418977 -0.907997 -0
    outer loop
      vertex 21.358 41.432 0.7
      vertex 21.2154 41.4978 0
      vertex 21.358 41.432 0
    endloop
  endfacet
  facet normal 0 -1 0
    outer loop
      vertex -20.45 41.65 0
      vertex 20.45 41.65 0.7
      vertex -20.45 41.65 0.7
    endloop
  endfacet
  facet normal 0 -1 -0
    outer loop
      vertex 20.45 41.65 0.7
      vertex -20.45 41.65 0
      vertex 20.45 41.65 0
    endloop
  endfacet
  facet normal 0.785323 -0.619087 0
    outer loop
      vertex -22.068 40.8256 0.7
      vertex -21.9708 40.9489 0
      vertex -21.9708 40.9489 0.7
    endloop
  endfacet
  facet normal 0.785323 -0.619087 0
    outer loop
      vertex -21.9708 40.9489 0
      vertex -22.068 40.8256 0.7
      vertex -22.068 40.8256 0
    endloop
  endfacet
  facet normal 0.99922 -0.0394848 0
    outer loop
      vertex -22.45 39.65 0.7
      vertex -22.4438 39.8069 0
      vertex -22.4438 39.8069 0.7
    endloop
  endfacet
  facet normal 0.99922 -0.0394848 0
    outer loop
      vertex -22.4438 39.8069 0
      vertex -22.45 39.65 0.7
      vertex -22.45 39.65 0
    endloop
  endfacet
  facet normal 0.555728 0.831364 -0
    outer loop
      vertex -21.495 14.6447 0
      vertex -21.6256 14.732 0.7
      vertex -21.495 14.6447 0.7
    endloop
  endfacet
  facet normal 0.555728 0.831364 0
    outer loop
      vertex -21.6256 14.732 0.7
      vertex -21.495 14.6447 0
      vertex -21.6256 14.732 0
    endloop
  endfacet
  facet normal 0.418977 0.907997 -0
    outer loop
      vertex -21.2154 14.5022 0
      vertex -21.358 14.568 0.7
      vertex -21.2154 14.5022 0.7
    endloop
  endfacet
  facet normal 0.418977 0.907997 0
    outer loop
      vertex -21.358 14.568 0.7
      vertex -21.2154 14.5022 0
      vertex -21.358 14.568 0
    endloop
  endfacet
  facet normal -0.938354 -0.345676 0
    outer loop
      vertex 22.3521 40.268 0
      vertex 22.2978 40.4154 0.7
      vertex 22.2978 40.4154 0
    endloop
  endfacet
  facet normal -0.938354 -0.345676 0
    outer loop
      vertex 22.2978 40.4154 0.7
      vertex 22.3521 40.268 0
      vertex 22.3521 40.268 0.7
    endloop
  endfacet
  facet normal 1 -0 0
    outer loop
      vertex -22.45 16.35 0.7
      vertex -22.45 39.65 0
      vertex -22.45 39.65 0.7
    endloop
  endfacet
  facet normal 1 0 0
    outer loop
      vertex -22.45 39.65 0
      vertex -22.45 16.35 0.7
      vertex -22.45 16.35 0
    endloop
  endfacet
  facet normal 0.271354 -0.96248 0
    outer loop
      vertex -21.068 41.5521 0
      vertex -20.9169 41.5947 0.7
      vertex -21.068 41.5521 0.7
    endloop
  endfacet
  facet normal 0.271354 -0.96248 0
    outer loop
      vertex -20.9169 41.5947 0.7
      vertex -21.068 41.5521 0
      vertex -20.9169 41.5947 0
    endloop
  endfacet
  facet normal 0 1 -0
    outer loop
      vertex 20.45 14.35 0
      vertex -20.45 14.35 0.7
      vertex 20.45 14.35 0.7
    endloop
  endfacet
  facet normal 0 1 0
    outer loop
      vertex -20.45 14.35 0.7
      vertex 20.45 14.35 0
      vertex -20.45 14.35 0
    endloop
  endfacet
  facet normal 0.993116 -0.117137 0
    outer loop
      vertex -22.4438 39.8069 0.7
      vertex -22.4254 39.9629 0
      vertex -22.4254 39.9629 0.7
    endloop
  endfacet
  facet normal 0.993116 -0.117137 0
    outer loop
      vertex -22.4254 39.9629 0
      vertex -22.4438 39.8069 0.7
      vertex -22.4438 39.8069 0
    endloop
  endfacet
  facet normal -0.271354 -0.96248 0
    outer loop
      vertex 20.9169 41.5947 0
      vertex 21.068 41.5521 0.7
      vertex 20.9169 41.5947 0.7
    endloop
  endfacet
  facet normal -0.271354 -0.96248 -0
    outer loop
      vertex 21.068 41.5521 0.7
      vertex 20.9169 41.5947 0
      vertex 21.068 41.5521 0
    endloop
  endfacet
  facet normal 0.418977 -0.907997 0
    outer loop
      vertex -21.358 41.432 0
      vertex -21.2154 41.4978 0.7
      vertex -21.358 41.432 0.7
    endloop
  endfacet
  facet normal 0.418977 -0.907997 0
    outer loop
      vertex -21.2154 41.4978 0.7
      vertex -21.358 41.432 0
      vertex -21.2154 41.4978 0
    endloop
  endfacet
  facet normal -0.99922 -0.0394848 0
    outer loop
      vertex 22.45 39.65 0
      vertex 22.4438 39.8069 0.7
      vertex 22.4438 39.8069 0
    endloop
  endfacet
  facet normal -0.99922 -0.0394848 0
    outer loop
      vertex 22.4438 39.8069 0.7
      vertex 22.45 39.65 0
      vertex 22.45 39.65 0.7
    endloop
  endfacet
  facet normal 0.488506 0.87256 -0
    outer loop
      vertex -21.358 14.568 0
      vertex -21.495 14.6447 0.7
      vertex -21.358 14.568 0.7
    endloop
  endfacet
  facet normal 0.488506 0.87256 0
    outer loop
      vertex -21.495 14.6447 0.7
      vertex -21.358 14.568 0
      vertex -21.495 14.6447 0
    endloop
  endfacet
  facet normal 0.619087 0.785323 -0
    outer loop
      vertex -21.6256 14.732 0
      vertex -21.7489 14.8292 0.7
      vertex -21.6256 14.732 0.7
    endloop
  endfacet
  facet normal 0.619087 0.785323 0
    outer loop
      vertex -21.7489 14.8292 0.7
      vertex -21.6256 14.732 0
      vertex -21.7489 14.8292 0
    endloop
  endfacet
  facet normal 0.938354 0.345676 0
    outer loop
      vertex -22.2978 15.5846 0.7
      vertex -22.3521 15.732 0
      vertex -22.3521 15.732 0.7
    endloop
  endfacet
  facet normal 0.938354 0.345676 0
    outer loop
      vertex -22.3521 15.732 0
      vertex -22.2978 15.5846 0.7
      vertex -22.2978 15.5846 0
    endloop
  endfacet
  facet normal 0.678862 -0.734266 0
    outer loop
      vertex -21.8642 41.0642 0
      vertex -21.7489 41.1708 0.7
      vertex -21.8642 41.0642 0.7
    endloop
  endfacet
  facet normal 0.678862 -0.734266 0
    outer loop
      vertex -21.7489 41.1708 0.7
      vertex -21.8642 41.0642 0
      vertex -21.7489 41.1708 0
    endloop
  endfacet
  facet normal 0.195504 -0.980703 0
    outer loop
      vertex -20.9169 41.5947 0
      vertex -20.7629 41.6254 0.7
      vertex -20.9169 41.5947 0.7
    endloop
  endfacet
  facet normal 0.195504 -0.980703 0
    outer loop
      vertex -20.7629 41.6254 0.7
      vertex -20.9169 41.5947 0
      vertex -20.7629 41.6254 0
    endloop
  endfacet
  facet normal 0.117137 -0.993116 0
    outer loop
      vertex -20.7629 41.6254 0
      vertex -20.6069 41.6438 0.7
      vertex -20.7629 41.6254 0.7
    endloop
  endfacet
  facet normal 0.117137 -0.993116 0
    outer loop
      vertex -20.6069 41.6438 0.7
      vertex -20.7629 41.6254 0
      vertex -20.6069 41.6438 0
    endloop
  endfacet
  facet normal 0.345676 -0.938354 0
    outer loop
      vertex -21.2154 41.4978 0
      vertex -21.068 41.5521 0.7
      vertex -21.2154 41.4978 0.7
    endloop
  endfacet
  facet normal 0.345676 -0.938354 0
    outer loop
      vertex -21.068 41.5521 0.7
      vertex -21.2154 41.4978 0
      vertex -21.068 41.5521 0
    endloop
  endfacet
  facet normal 0.96248 -0.271354 0
    outer loop
      vertex -22.3947 40.1169 0.7
      vertex -22.3521 40.268 0
      vertex -22.3521 40.268 0.7
    endloop
  endfacet
  facet normal 0.96248 -0.271354 0
    outer loop
      vertex -22.3521 40.268 0
      vertex -22.3947 40.1169 0.7
      vertex -22.3947 40.1169 0
    endloop
  endfacet
  facet normal 0.831364 -0.555728 0
    outer loop
      vertex -22.1553 40.695 0.7
      vertex -22.068 40.8256 0
      vertex -22.068 40.8256 0.7
    endloop
  endfacet
  facet normal 0.831364 -0.555728 0
    outer loop
      vertex -22.068 40.8256 0
      vertex -22.1553 40.695 0.7
      vertex -22.1553 40.695 0
    endloop
  endfacet
  facet normal 0.87256 -0.488506 0
    outer loop
      vertex -22.232 40.558 0.7
      vertex -22.1553 40.695 0
      vertex -22.1553 40.695 0.7
    endloop
  endfacet
  facet normal 0.87256 -0.488506 0
    outer loop
      vertex -22.1553 40.695 0
      vertex -22.232 40.558 0.7
      vertex -22.232 40.558 0
    endloop
  endfacet
  facet normal 0.0394848 -0.99922 0
    outer loop
      vertex -20.6069 41.6438 0
      vertex -20.45 41.65 0.7
      vertex -20.6069 41.6438 0.7
    endloop
  endfacet
  facet normal 0.0394848 -0.99922 0
    outer loop
      vertex -20.45 41.65 0.7
      vertex -20.6069 41.6438 0
      vertex -20.45 41.65 0
    endloop
  endfacet
  facet normal 0.938354 -0.345676 0
    outer loop
      vertex -22.3521 40.268 0.7
      vertex -22.2978 40.4154 0
      vertex -22.2978 40.4154 0.7
    endloop
  endfacet
  facet normal 0.938354 -0.345676 0
    outer loop
      vertex -22.2978 40.4154 0
      vertex -22.3521 40.268 0.7
      vertex -22.3521 40.268 0
    endloop
  endfacet
  facet normal -0.345676 -0.938354 0
    outer loop
      vertex 21.068 41.5521 0
      vertex 21.2154 41.4978 0.7
      vertex 21.068 41.5521 0.7
    endloop
  endfacet
  facet normal -0.345676 -0.938354 -0
    outer loop
      vertex 21.2154 41.4978 0.7
      vertex 21.068 41.5521 0
      vertex 21.2154 41.4978 0
    endloop
  endfacet
  facet normal 0.99922 0.0394848 0
    outer loop
      vertex -22.4438 16.1931 0.7
      vertex -22.45 16.35 0
      vertex -22.45 16.35 0.7
    endloop
  endfacet
  facet normal 0.99922 0.0394848 0
    outer loop
      vertex -22.45 16.35 0
      vertex -22.4438 16.1931 0.7
      vertex -22.4438 16.1931 0
    endloop
  endfacet
  facet normal 0.345676 0.938354 -0
    outer loop
      vertex -21.068 14.4479 0
      vertex -21.2154 14.5022 0.7
      vertex -21.068 14.4479 0.7
    endloop
  endfacet
  facet normal 0.345676 0.938354 0
    outer loop
      vertex -21.2154 14.5022 0.7
      vertex -21.068 14.4479 0
      vertex -21.2154 14.5022 0
    endloop
  endfacet
  facet normal 0.907997 -0.418977 0
    outer loop
      vertex -22.2978 40.4154 0.7
      vertex -22.232 40.558 0
      vertex -22.232 40.558 0.7
    endloop
  endfacet
  facet normal 0.907997 -0.418977 0
    outer loop
      vertex -22.232 40.558 0
      vertex -22.2978 40.4154 0.7
      vertex -22.2978 40.4154 0
    endloop
  endfacet
  facet normal -0.488506 0.87256 0
    outer loop
      vertex 21.495 14.6447 0
      vertex 21.358 14.568 0.7
      vertex 21.495 14.6447 0.7
    endloop
  endfacet
  facet normal -0.488506 0.87256 0
    outer loop
      vertex 21.358 14.568 0.7
      vertex 21.495 14.6447 0
      vertex 21.358 14.568 0
    endloop
  endfacet
  facet normal 0.271354 0.96248 -0
    outer loop
      vertex -20.9169 14.4053 0
      vertex -21.068 14.4479 0.7
      vertex -20.9169 14.4053 0.7
    endloop
  endfacet
  facet normal 0.271354 0.96248 0
    outer loop
      vertex -21.068 14.4479 0.7
      vertex -20.9169 14.4053 0
      vertex -21.068 14.4479 0
    endloop
  endfacet
  facet normal 0.907997 0.418977 0
    outer loop
      vertex -22.232 15.442 0.7
      vertex -22.2978 15.5846 0
      vertex -22.2978 15.5846 0.7
    endloop
  endfacet
  facet normal 0.907997 0.418977 0
    outer loop
      vertex -22.2978 15.5846 0
      vertex -22.232 15.442 0.7
      vertex -22.232 15.442 0
    endloop
  endfacet
  facet normal 0.195504 0.980703 -0
    outer loop
      vertex -20.7629 14.3746 0
      vertex -20.9169 14.4053 0.7
      vertex -20.7629 14.3746 0.7
    endloop
  endfacet
  facet normal 0.195504 0.980703 0
    outer loop
      vertex -20.9169 14.4053 0.7
      vertex -20.7629 14.3746 0
      vertex -20.9169 14.4053 0
    endloop
  endfacet
  facet normal -1 0 0
    outer loop
      vertex 22.45 16.35 0
      vertex 22.45 39.65 0.7
      vertex 22.45 39.65 0
    endloop
  endfacet
  facet normal -1 -0 0
    outer loop
      vertex 22.45 39.65 0.7
      vertex 22.45 16.35 0
      vertex 22.45 16.35 0.7
    endloop
  endfacet
  facet normal -0.418977 0.907997 0
    outer loop
      vertex 21.358 14.568 0
      vertex 21.2154 14.5022 0.7
      vertex 21.358 14.568 0.7
    endloop
  endfacet
  facet normal -0.418977 0.907997 0
    outer loop
      vertex 21.2154 14.5022 0.7
      vertex 21.358 14.568 0
      vertex 21.2154 14.5022 0
    endloop
  endfacet
  facet normal 0.993116 0.117137 0
    outer loop
      vertex -22.4254 16.0371 0.7
      vertex -22.4438 16.1931 0
      vertex -22.4438 16.1931 0.7
    endloop
  endfacet
  facet normal 0.993116 0.117137 0
    outer loop
      vertex -22.4438 16.1931 0
      vertex -22.4254 16.0371 0.7
      vertex -22.4254 16.0371 0
    endloop
  endfacet
  facet normal 0.555728 -0.831364 0
    outer loop
      vertex -21.6256 41.268 0
      vertex -21.495 41.3553 0.7
      vertex -21.6256 41.268 0.7
    endloop
  endfacet
  facet normal 0.555728 -0.831364 0
    outer loop
      vertex -21.495 41.3553 0.7
      vertex -21.6256 41.268 0
      vertex -21.495 41.3553 0
    endloop
  endfacet
  facet normal -0.488506 -0.87256 0
    outer loop
      vertex 21.358 41.432 0
      vertex 21.495 41.3553 0.7
      vertex 21.358 41.432 0.7
    endloop
  endfacet
  facet normal -0.488506 -0.87256 -0
    outer loop
      vertex 21.495 41.3553 0.7
      vertex 21.358 41.432 0
      vertex 21.495 41.3553 0
    endloop
  endfacet
  facet normal -0.785323 -0.619087 0
    outer loop
      vertex 22.068 40.8256 0
      vertex 21.9708 40.9489 0.7
      vertex 21.9708 40.9489 0
    endloop
  endfacet
  facet normal -0.785323 -0.619087 0
    outer loop
      vertex 21.9708 40.9489 0.7
      vertex 22.068 40.8256 0
      vertex 22.068 40.8256 0.7
    endloop
  endfacet
  facet normal 0.619087 -0.785323 0
    outer loop
      vertex -21.7489 41.1708 0
      vertex -21.6256 41.268 0.7
      vertex -21.7489 41.1708 0.7
    endloop
  endfacet
  facet normal 0.619087 -0.785323 0
    outer loop
      vertex -21.6256 41.268 0.7
      vertex -21.7489 41.1708 0
      vertex -21.6256 41.268 0
    endloop
  endfacet
  facet normal 0.734266 -0.678862 0
    outer loop
      vertex -21.9708 40.9489 0.7
      vertex -21.8642 41.0642 0
      vertex -21.8642 41.0642 0.7
    endloop
  endfacet
  facet normal 0.734266 -0.678862 0
    outer loop
      vertex -21.8642 41.0642 0
      vertex -21.9708 40.9489 0.7
      vertex -21.9708 40.9489 0
    endloop
  endfacet
  facet normal 0.831364 0.555728 0
    outer loop
      vertex -22.068 15.1744 0.7
      vertex -22.1553 15.305 0
      vertex -22.1553 15.305 0.7
    endloop
  endfacet
  facet normal 0.831364 0.555728 0
    outer loop
      vertex -22.1553 15.305 0
      vertex -22.068 15.1744 0.7
      vertex -22.068 15.1744 0
    endloop
  endfacet
  facet normal -0.619087 0.785323 0
    outer loop
      vertex 21.7489 14.8292 0
      vertex 21.6256 14.732 0.7
      vertex 21.7489 14.8292 0.7
    endloop
  endfacet
  facet normal -0.619087 0.785323 0
    outer loop
      vertex 21.6256 14.732 0.7
      vertex 21.7489 14.8292 0
      vertex 21.6256 14.732 0
    endloop
  endfacet
  facet normal -0.96248 0.271354 0
    outer loop
      vertex 22.3521 15.732 0
      vertex 22.3947 15.8831 0.7
      vertex 22.3947 15.8831 0
    endloop
  endfacet
  facet normal -0.96248 0.271354 0
    outer loop
      vertex 22.3947 15.8831 0.7
      vertex 22.3521 15.732 0
      vertex 22.3521 15.732 0.7
    endloop
  endfacet
  facet normal -0.678862 -0.734266 0
    outer loop
      vertex 21.7489 41.1708 0
      vertex 21.8642 41.0642 0.7
      vertex 21.7489 41.1708 0.7
    endloop
  endfacet
  facet normal -0.678862 -0.734266 -0
    outer loop
      vertex 21.8642 41.0642 0.7
      vertex 21.7489 41.1708 0
      vertex 21.8642 41.0642 0
    endloop
  endfacet
  facet normal -0.993116 0.117137 0
    outer loop
      vertex 22.4254 16.0371 0
      vertex 22.4438 16.1931 0.7
      vertex 22.4438 16.1931 0
    endloop
  endfacet
  facet normal -0.993116 0.117137 0
    outer loop
      vertex 22.4438 16.1931 0.7
      vertex 22.4254 16.0371 0
      vertex 22.4254 16.0371 0.7
    endloop
  endfacet
  facet normal 0.117137 0.993116 -0
    outer loop
      vertex -20.6069 14.3562 0
      vertex -20.7629 14.3746 0.7
      vertex -20.6069 14.3562 0.7
    endloop
  endfacet
  facet normal 0.117137 0.993116 0
    outer loop
      vertex -20.7629 14.3746 0.7
      vertex -20.6069 14.3562 0
      vertex -20.7629 14.3746 0
    endloop
  endfacet
  facet normal -0.117137 -0.993116 0
    outer loop
      vertex 20.6069 41.6438 0
      vertex 20.7629 41.6254 0.7
      vertex 20.6069 41.6438 0.7
    endloop
  endfacet
  facet normal -0.117137 -0.993116 -0
    outer loop
      vertex 20.7629 41.6254 0.7
      vertex 20.6069 41.6438 0
      vertex 20.7629 41.6254 0
    endloop
  endfacet
  facet normal 0.785323 0.619087 0
    outer loop
      vertex -21.9708 15.0511 0.7
      vertex -22.068 15.1744 0
      vertex -22.068 15.1744 0.7
    endloop
  endfacet
  facet normal 0.785323 0.619087 0
    outer loop
      vertex -22.068 15.1744 0
      vertex -21.9708 15.0511 0.7
      vertex -21.9708 15.0511 0
    endloop
  endfacet
  facet normal -0.734266 -0.678862 0
    outer loop
      vertex 21.9708 40.9489 0
      vertex 21.8642 41.0642 0.7
      vertex 21.8642 41.0642 0
    endloop
  endfacet
  facet normal -0.734266 -0.678862 0
    outer loop
      vertex 21.8642 41.0642 0.7
      vertex 21.9708 40.9489 0
      vertex 21.9708 40.9489 0.7
    endloop
  endfacet
  facet normal -0.96248 -0.271354 0
    outer loop
      vertex 22.3947 40.1169 0
      vertex 22.3521 40.268 0.7
      vertex 22.3521 40.268 0
    endloop
  endfacet
  facet normal -0.96248 -0.271354 0
    outer loop
      vertex 22.3521 40.268 0.7
      vertex 22.3947 40.1169 0
      vertex 22.3947 40.1169 0.7
    endloop
  endfacet
  facet normal -0.195504 -0.980703 0
    outer loop
      vertex 20.7629 41.6254 0
      vertex 20.9169 41.5947 0.7
      vertex 20.7629 41.6254 0.7
    endloop
  endfacet
  facet normal -0.195504 -0.980703 -0
    outer loop
      vertex 20.9169 41.5947 0.7
      vertex 20.7629 41.6254 0
      vertex 20.9169 41.5947 0
    endloop
  endfacet
  facet normal -0.734266 0.678862 0
    outer loop
      vertex 21.8642 14.9358 0
      vertex 21.9708 15.0511 0.7
      vertex 21.9708 15.0511 0
    endloop
  endfacet
  facet normal -0.734266 0.678862 0
    outer loop
      vertex 21.9708 15.0511 0.7
      vertex 21.8642 14.9358 0
      vertex 21.8642 14.9358 0.7
    endloop
  endfacet
  facet normal -0.0394848 -0.99922 0
    outer loop
      vertex 20.45 41.65 0
      vertex 20.6069 41.6438 0.7
      vertex 20.45 41.65 0.7
    endloop
  endfacet
  facet normal -0.0394848 -0.99922 -0
    outer loop
      vertex 20.6069 41.6438 0.7
      vertex 20.45 41.65 0
      vertex 20.6069 41.6438 0
    endloop
  endfacet
  facet normal -0.678862 0.734266 0
    outer loop
      vertex 21.8642 14.9358 0
      vertex 21.7489 14.8292 0.7
      vertex 21.8642 14.9358 0.7
    endloop
  endfacet
  facet normal -0.678862 0.734266 0
    outer loop
      vertex 21.7489 14.8292 0.7
      vertex 21.8642 14.9358 0
      vertex 21.7489 14.8292 0
    endloop
  endfacet
  facet normal -0.117137 0.993116 0
    outer loop
      vertex 20.7629 14.3746 0
      vertex 20.6069 14.3562 0.7
      vertex 20.7629 14.3746 0.7
    endloop
  endfacet
  facet normal -0.117137 0.993116 0
    outer loop
      vertex 20.6069 14.3562 0.7
      vertex 20.7629 14.3746 0
      vertex 20.6069 14.3562 0
    endloop
  endfacet
  facet normal -0.619087 -0.785323 0
    outer loop
      vertex 21.6256 41.268 0
      vertex 21.7489 41.1708 0.7
      vertex 21.6256 41.268 0.7
    endloop
  endfacet
  facet normal -0.619087 -0.785323 -0
    outer loop
      vertex 21.7489 41.1708 0.7
      vertex 21.6256 41.268 0
      vertex 21.7489 41.1708 0
    endloop
  endfacet
  facet normal 0.734266 0.678862 0
    outer loop
      vertex -21.8642 14.9358 0.7
      vertex -21.9708 15.0511 0
      vertex -21.9708 15.0511 0.7
    endloop
  endfacet
  facet normal 0.734266 0.678862 0
    outer loop
      vertex -21.9708 15.0511 0
      vertex -21.8642 14.9358 0.7
      vertex -21.8642 14.9358 0
    endloop
  endfacet
  facet normal 0.678862 0.734266 -0
    outer loop
      vertex -21.7489 14.8292 0
      vertex -21.8642 14.9358 0.7
      vertex -21.7489 14.8292 0.7
    endloop
  endfacet
  facet normal 0.678862 0.734266 0
    outer loop
      vertex -21.8642 14.9358 0.7
      vertex -21.7489 14.8292 0
      vertex -21.8642 14.9358 0
    endloop
  endfacet
  facet normal 0.488506 -0.87256 0
    outer loop
      vertex -21.495 41.3553 0
      vertex -21.358 41.432 0.7
      vertex -21.495 41.3553 0.7
    endloop
  endfacet
  facet normal 0.488506 -0.87256 0
    outer loop
      vertex -21.358 41.432 0.7
      vertex -21.495 41.3553 0
      vertex -21.358 41.432 0
    endloop
  endfacet
  facet normal -0.993116 -0.117137 0
    outer loop
      vertex 22.4438 39.8069 0
      vertex 22.4254 39.9629 0.7
      vertex 22.4254 39.9629 0
    endloop
  endfacet
  facet normal -0.993116 -0.117137 0
    outer loop
      vertex 22.4254 39.9629 0.7
      vertex 22.4438 39.8069 0
      vertex 22.4438 39.8069 0.7
    endloop
  endfacet
  facet normal 0.980703 -0.195504 0
    outer loop
      vertex -22.4254 39.9629 0.7
      vertex -22.3947 40.1169 0
      vertex -22.3947 40.1169 0.7
    endloop
  endfacet
  facet normal 0.980703 -0.195504 0
    outer loop
      vertex -22.3947 40.1169 0
      vertex -22.4254 39.9629 0.7
      vertex -22.4254 39.9629 0
    endloop
  endfacet
  facet normal -0.555728 0.831364 0
    outer loop
      vertex 21.6256 14.732 0
      vertex 21.495 14.6447 0.7
      vertex 21.6256 14.732 0.7
    endloop
  endfacet
  facet normal -0.555728 0.831364 0
    outer loop
      vertex 21.495 14.6447 0.7
      vertex 21.6256 14.732 0
      vertex 21.495 14.6447 0
    endloop
  endfacet
  facet normal -0.980703 -0.195504 0
    outer loop
      vertex 22.4254 39.9629 0
      vertex 22.3947 40.1169 0.7
      vertex 22.3947 40.1169 0
    endloop
  endfacet
  facet normal -0.980703 -0.195504 0
    outer loop
      vertex 22.3947 40.1169 0.7
      vertex 22.4254 39.9629 0
      vertex 22.4254 39.9629 0.7
    endloop
  endfacet
  facet normal -0.87256 0.488506 0
    outer loop
      vertex 22.1553 15.305 0
      vertex 22.232 15.442 0.7
      vertex 22.232 15.442 0
    endloop
  endfacet
  facet normal -0.87256 0.488506 0
    outer loop
      vertex 22.232 15.442 0.7
      vertex 22.1553 15.305 0
      vertex 22.1553 15.305 0.7
    endloop
  endfacet
  facet normal 0 0 -1
    outer loop
      vertex 20.45 14.35 0.7
      vertex 22.45 16.35 0.7
      vertex 22.4438 16.1931 0.7
    endloop
  endfacet
  facet normal -0 0 -1
    outer loop
      vertex 22.45 16.35 0.7
      vertex 20.45 14.35 0.7
      vertex 22.45 39.65 0.7
    endloop
  endfacet
  facet normal 0 0 -1
    outer loop
      vertex 20.45 14.35 0.7
      vertex 22.4438 16.1931 0.7
      vertex 22.4254 16.0371 0.7
    endloop
  endfacet
  facet normal 0 0 -1
    outer loop
      vertex 20.45 41.65 0.7
      vertex 22.45 39.65 0.7
      vertex 20.45 14.35 0.7
    endloop
  endfacet
  facet normal 0 0 -1
    outer loop
      vertex 20.45 14.35 0.7
      vertex 22.4254 16.0371 0.7
      vertex 22.3947 15.8831 0.7
    endloop
  endfacet
  facet normal 0 0 -1
    outer loop
      vertex 22.45 39.65 0.7
      vertex 20.45 41.65 0.7
      vertex 22.4438 39.8069 0.7
    endloop
  endfacet
  facet normal 0 0 -1
    outer loop
      vertex 20.45 14.35 0.7
      vertex 22.3947 15.8831 0.7
      vertex 22.3521 15.732 0.7
    endloop
  endfacet
  facet normal 0 0 -1
    outer loop
      vertex 22.4438 39.8069 0.7
      vertex 20.45 41.65 0.7
      vertex 22.4254 39.9629 0.7
    endloop
  endfacet
  facet normal 0 0 -1
    outer loop
      vertex 20.45 14.35 0.7
      vertex 22.3521 15.732 0.7
      vertex 22.2978 15.5846 0.7
    endloop
  endfacet
  facet normal 0 0 -1
    outer loop
      vertex 22.4254 39.9629 0.7
      vertex 20.45 41.65 0.7
      vertex 22.3947 40.1169 0.7
    endloop
  endfacet
  facet normal 0 0 -1
    outer loop
      vertex 20.45 14.35 0.7
      vertex 22.2978 15.5846 0.7
      vertex 22.232 15.442 0.7
    endloop
  endfacet
  facet normal 0 0 -1
    outer loop
      vertex 22.3947 40.1169 0.7
      vertex 20.45 41.65 0.7
      vertex 22.3521 40.268 0.7
    endloop
  endfacet
  facet normal 0 0 -1
    outer loop
      vertex 20.45 14.35 0.7
      vertex 22.232 15.442 0.7
      vertex 22.1553 15.305 0.7
    endloop
  endfacet
  facet normal 0 0 -1
    outer loop
      vertex 22.3521 40.268 0.7
      vertex 20.45 41.65 0.7
      vertex 22.2978 40.4154 0.7
    endloop
  endfacet
  facet normal 0 0 -1
    outer loop
      vertex 20.45 14.35 0.7
      vertex 22.1553 15.305 0.7
      vertex 22.068 15.1744 0.7
    endloop
  endfacet
  facet normal 0 0 -1
    outer loop
      vertex 22.2978 40.4154 0.7
      vertex 20.45 41.65 0.7
      vertex 22.232 40.558 0.7
    endloop
  endfacet
  facet normal 0 0 -1
    outer loop
      vertex 20.45 14.35 0.7
      vertex 22.068 15.1744 0.7
      vertex 21.9708 15.0511 0.7
    endloop
  endfacet
  facet normal 0 0 -1
    outer loop
      vertex 22.232 40.558 0.7
      vertex 20.45 41.65 0.7
      vertex 22.1553 40.695 0.7
    endloop
  endfacet
  facet normal 0 0 -1
    outer loop
      vertex 20.45 14.35 0.7
      vertex 21.9708 15.0511 0.7
      vertex 21.8642 14.9358 0.7
    endloop
  endfacet
  facet normal 0 0 -1
    outer loop
      vertex 22.1553 40.695 0.7
      vertex 20.45 41.65 0.7
      vertex 22.068 40.8256 0.7
    endloop
  endfacet
  facet normal 0 0 -1
    outer loop
      vertex 20.45 14.35 0.7
      vertex 21.8642 14.9358 0.7
      vertex 21.7489 14.8292 0.7
    endloop
  endfacet
  facet normal 0 0 -1
    outer loop
      vertex 22.068 40.8256 0.7
      vertex 20.45 41.65 0.7
      vertex 21.9708 40.9489 0.7
    endloop
  endfacet
  facet normal 0 0 -1
    outer loop
      vertex 20.45 14.35 0.7
      vertex 21.7489 14.8292 0.7
      vertex 21.6256 14.732 0.7
    endloop
  endfacet
  facet normal 0 0 -1
    outer loop
      vertex 21.9708 40.9489 0.7
      vertex 20.45 41.65 0.7
      vertex 21.8642 41.0642 0.7
    endloop
  endfacet
  facet normal 0 0 -1
    outer loop
      vertex 20.45 14.35 0.7
      vertex 21.6256 14.732 0.7
      vertex 21.495 14.6447 0.7
    endloop
  endfacet
  facet normal 0 0 -1
    outer loop
      vertex 21.8642 41.0642 0.7
      vertex 20.45 41.65 0.7
      vertex 21.7489 41.1708 0.7
    endloop
  endfacet
  facet normal 0 0 -1
    outer loop
      vertex 20.45 14.35 0.7
      vertex 21.495 14.6447 0.7
      vertex 21.358 14.568 0.7
    endloop
  endfacet
  facet normal 0 0 -1
    outer loop
      vertex 21.7489 41.1708 0.7
      vertex 20.45 41.65 0.7
      vertex 21.6256 41.268 0.7
    endloop
  endfacet
  facet normal 0 0 -1
    outer loop
      vertex 20.45 14.35 0.7
      vertex 21.358 14.568 0.7
      vertex 21.2154 14.5022 0.7
    endloop
  endfacet
  facet normal 0 0 -1
    outer loop
      vertex 21.6256 41.268 0.7
      vertex 20.45 41.65 0.7
      vertex 21.495 41.3553 0.7
    endloop
  endfacet
  facet normal 0 0 -1
    outer loop
      vertex 20.45 14.35 0.7
      vertex 21.2154 14.5022 0.7
      vertex 21.068 14.4479 0.7
    endloop
  endfacet
  facet normal 0 0 -1
    outer loop
      vertex 21.495 41.3553 0.7
      vertex 20.45 41.65 0.7
      vertex 21.358 41.432 0.7
    endloop
  endfacet
  facet normal 0 0 -1
    outer loop
      vertex 20.45 14.35 0.7
      vertex 21.068 14.4479 0.7
      vertex 20.9169 14.4053 0.7
    endloop
  endfacet
  facet normal 0 0 -1
    outer loop
      vertex 21.358 41.432 0.7
      vertex 20.45 41.65 0.7
      vertex 21.2154 41.4978 0.7
    endloop
  endfacet
  facet normal 0 0 -1
    outer loop
      vertex 20.45 14.35 0.7
      vertex 20.9169 14.4053 0.7
      vertex 20.7629 14.3746 0.7
    endloop
  endfacet
  facet normal 0 0 -1
    outer loop
      vertex 21.2154 41.4978 0.7
      vertex 20.45 41.65 0.7
      vertex 21.068 41.5521 0.7
    endloop
  endfacet
  facet normal 0 0 -1
    outer loop
      vertex 20.45 14.35 0.7
      vertex 20.7629 14.3746 0.7
      vertex 20.6069 14.3562 0.7
    endloop
  endfacet
  facet normal 0 0 -1
    outer loop
      vertex 21.068 41.5521 0.7
      vertex 20.45 41.65 0.7
      vertex 20.9169 41.5947 0.7
    endloop
  endfacet
  facet normal 0 0 -1
    outer loop
      vertex 20.9169 41.5947 0.7
      vertex 20.45 41.65 0.7
      vertex 20.7629 41.6254 0.7
    endloop
  endfacet
  facet normal 0 0 -1
    outer loop
      vertex 20.7629 41.6254 0.7
      vertex 20.45 41.65 0.7
      vertex 20.6069 41.6438 0.7
    endloop
  endfacet
  facet normal 0 0 -1
    outer loop
      vertex -20.45 14.35 0.7
      vertex 20.45 41.65 0.7
      vertex 20.45 14.35 0.7
    endloop
  endfacet
  facet normal 0 0 -1
    outer loop
      vertex -20.45 14.35 0.7
      vertex -20.45 41.65 0.7
      vertex 20.45 41.65 0.7
    endloop
  endfacet
  facet normal 0 0 -1
    outer loop
      vertex -22.45 16.35 0.7
      vertex -20.45 14.35 0.7
      vertex -20.6069 14.3562 0.7
    endloop
  endfacet
  facet normal 0 0 -1
    outer loop
      vertex -20.45 14.35 0.7
      vertex -22.45 16.35 0.7
      vertex -20.45 41.65 0.7
    endloop
  endfacet
  facet normal 0 0 -1
    outer loop
      vertex -22.45 16.35 0.7
      vertex -20.6069 14.3562 0.7
      vertex -20.7629 14.3746 0.7
    endloop
  endfacet
  facet normal 0 0 -1
    outer loop
      vertex -22.45 39.65 0.7
      vertex -20.45 41.65 0.7
      vertex -22.45 16.35 0.7
    endloop
  endfacet
  facet normal 0 0 -1
    outer loop
      vertex -22.45 16.35 0.7
      vertex -20.7629 14.3746 0.7
      vertex -20.9169 14.4053 0.7
    endloop
  endfacet
  facet normal 0 0 -1
    outer loop
      vertex -20.45 41.65 0.7
      vertex -22.45 39.65 0.7
      vertex -20.6069 41.6438 0.7
    endloop
  endfacet
  facet normal 0 0 -1
    outer loop
      vertex -22.45 16.35 0.7
      vertex -20.9169 14.4053 0.7
      vertex -21.068 14.4479 0.7
    endloop
  endfacet
  facet normal 0 0 -1
    outer loop
      vertex -20.6069 41.6438 0.7
      vertex -22.45 39.65 0.7
      vertex -20.7629 41.6254 0.7
    endloop
  endfacet
  facet normal 0 0 -1
    outer loop
      vertex -22.45 16.35 0.7
      vertex -21.068 14.4479 0.7
      vertex -21.2154 14.5022 0.7
    endloop
  endfacet
  facet normal 0 0 -1
    outer loop
      vertex -20.7629 41.6254 0.7
      vertex -22.45 39.65 0.7
      vertex -20.9169 41.5947 0.7
    endloop
  endfacet
  facet normal 0 0 -1
    outer loop
      vertex -22.45 16.35 0.7
      vertex -21.2154 14.5022 0.7
      vertex -21.358 14.568 0.7
    endloop
  endfacet
  facet normal 0 0 -1
    outer loop
      vertex -20.9169 41.5947 0.7
      vertex -22.45 39.65 0.7
      vertex -21.068 41.5521 0.7
    endloop
  endfacet
  facet normal 0 0 -1
    outer loop
      vertex -22.45 16.35 0.7
      vertex -21.358 14.568 0.7
      vertex -21.495 14.6447 0.7
    endloop
  endfacet
  facet normal 0 0 -1
    outer loop
      vertex -21.068 41.5521 0.7
      vertex -22.45 39.65 0.7
      vertex -21.2154 41.4978 0.7
    endloop
  endfacet
  facet normal 0 0 -1
    outer loop
      vertex -22.45 16.35 0.7
      vertex -21.495 14.6447 0.7
      vertex -21.6256 14.732 0.7
    endloop
  endfacet
  facet normal 0 0 -1
    outer loop
      vertex -21.2154 41.4978 0.7
      vertex -22.45 39.65 0.7
      vertex -21.358 41.432 0.7
    endloop
  endfacet
  facet normal 0 0 -1
    outer loop
      vertex -22.45 16.35 0.7
      vertex -21.6256 14.732 0.7
      vertex -21.7489 14.8292 0.7
    endloop
  endfacet
  facet normal 0 0 -1
    outer loop
      vertex -21.358 41.432 0.7
      vertex -22.45 39.65 0.7
      vertex -21.495 41.3553 0.7
    endloop
  endfacet
  facet normal 0 0 -1
    outer loop
      vertex -22.45 16.35 0.7
      vertex -21.7489 14.8292 0.7
      vertex -21.8642 14.9358 0.7
    endloop
  endfacet
  facet normal 0 0 -1
    outer loop
      vertex -21.495 41.3553 0.7
      vertex -22.45 39.65 0.7
      vertex -21.6256 41.268 0.7
    endloop
  endfacet
  facet normal 0 0 -1
    outer loop
      vertex -22.45 16.35 0.7
      vertex -21.8642 14.9358 0.7
      vertex -21.9708 15.0511 0.7
    endloop
  endfacet
  facet normal 0 0 -1
    outer loop
      vertex -21.6256 41.268 0.7
      vertex -22.45 39.65 0.7
      vertex -21.7489 41.1708 0.7
    endloop
  endfacet
  facet normal 0 0 -1
    outer loop
      vertex -22.45 16.35 0.7
      vertex -21.9708 15.0511 0.7
      vertex -22.068 15.1744 0.7
    endloop
  endfacet
  facet normal 0 0 -1
    outer loop
      vertex -21.7489 41.1708 0.7
      vertex -22.45 39.65 0.7
      vertex -21.8642 41.0642 0.7
    endloop
  endfacet
  facet normal 0 0 -1
    outer loop
      vertex -22.45 16.35 0.7
      vertex -22.068 15.1744 0.7
      vertex -22.1553 15.305 0.7
    endloop
  endfacet
  facet normal 0 0 -1
    outer loop
      vertex -21.8642 41.0642 0.7
      vertex -22.45 39.65 0.7
      vertex -21.9708 40.9489 0.7
    endloop
  endfacet
  facet normal 0 0 -1
    outer loop
      vertex -22.45 16.35 0.7
      vertex -22.1553 15.305 0.7
      vertex -22.232 15.442 0.7
    endloop
  endfacet
  facet normal 0 0 -1
    outer loop
      vertex -21.9708 40.9489 0.7
      vertex -22.45 39.65 0.7
      vertex -22.068 40.8256 0.7
    endloop
  endfacet
  facet normal 0 0 -1
    outer loop
      vertex -22.45 16.35 0.7
      vertex -22.232 15.442 0.7
      vertex -22.2978 15.5846 0.7
    endloop
  endfacet
  facet normal 0 0 -1
    outer loop
      vertex -22.068 40.8256 0.7
      vertex -22.45 39.65 0.7
      vertex -22.1553 40.695 0.7
    endloop
  endfacet
  facet normal 0 0 -1
    outer loop
      vertex -22.45 16.35 0.7
      vertex -22.2978 15.5846 0.7
      vertex -22.3521 15.732 0.7
    endloop
  endfacet
  facet normal 0 0 -1
    outer loop
      vertex -22.1553 40.695 0.7
      vertex -22.45 39.65 0.7
      vertex -22.232 40.558 0.7
    endloop
  endfacet
  facet normal 0 0 -1
    outer loop
      vertex -22.45 16.35 0.7
      vertex -22.3521 15.732 0.7
      vertex -22.3947 15.8831 0.7
    endloop
  endfacet
  facet normal 0 0 -1
    outer loop
      vertex -22.232 40.558 0.7
      vertex -22.45 39.65 0.7
      vertex -22.2978 40.4154 0.7
    endloop
  endfacet
  facet normal 0 0 -1
    outer loop
      vertex -22.45 16.35 0.7
      vertex -22.3947 15.8831 0.7
      vertex -22.4254 16.0371 0.7
    endloop
  endfacet
  facet normal 0 0 -1
    outer loop
      vertex -22.2978 40.4154 0.7
      vertex -22.45 39.65 0.7
      vertex -22.3521 40.268 0.7
    endloop
  endfacet
  facet normal 0 0 -1
    outer loop
      vertex -22.45 16.35 0.7
      vertex -22.4254 16.0371 0.7
      vertex -22.4438 16.1931 0.7
    endloop
  endfacet
  facet normal 0 0 -1
    outer loop
      vertex -22.3521 40.268 0.7
      vertex -22.45 39.65 0.7
      vertex -22.3947 40.1169 0.7
    endloop
  endfacet
  facet normal 0 0 -1
    outer loop
      vertex -22.3947 40.1169 0.7
      vertex -22.45 39.65 0.7
      vertex -22.4254 39.9629 0.7
    endloop
  endfacet
  facet normal 0 0 -1
    outer loop
      vertex -22.4254 39.9629 0.7
      vertex -22.45 39.65 0.7
      vertex -22.4438 39.8069 0.7
    endloop
  endfacet
  facet normal -0.99922 0.0394848 0
    outer loop
      vertex 22.4438 16.1931 0
      vertex 22.45 16.35 0.7
      vertex 22.45 16.35 0
    endloop
  endfacet
  facet normal -0.99922 0.0394848 0
    outer loop
      vertex 22.45 16.35 0.7
      vertex 22.4438 16.1931 0
      vertex 22.4438 16.1931 0.7
    endloop
  endfacet
  facet normal -0.938354 0.345676 0
    outer loop
      vertex 22.2978 15.5846 0
      vertex 22.3521 15.732 0.7
      vertex 22.3521 15.732 0
    endloop
  endfacet
  facet normal -0.938354 0.345676 0
    outer loop
      vertex 22.3521 15.732 0.7
      vertex 22.2978 15.5846 0
      vertex 22.2978 15.5846 0.7
    endloop
  endfacet
  facet normal -0.345676 0.938354 0
    outer loop
      vertex 21.2154 14.5022 0
      vertex 21.068 14.4479 0.7
      vertex 21.2154 14.5022 0.7
    endloop
  endfacet
  facet normal -0.345676 0.938354 0
    outer loop
      vertex 21.068 14.4479 0.7
      vertex 21.2154 14.5022 0
      vertex 21.068 14.4479 0
    endloop
  endfacet
  facet normal -0.831364 -0.555728 0
    outer loop
      vertex 22.1553 40.695 0
      vertex 22.068 40.8256 0.7
      vertex 22.068 40.8256 0
    endloop
  endfacet
  facet normal -0.831364 -0.555728 0
    outer loop
      vertex 22.068 40.8256 0.7
      vertex 22.1553 40.695 0
      vertex 22.1553 40.695 0.7
    endloop
  endfacet
  facet normal -0.980703 0.195504 0
    outer loop
      vertex 22.3947 15.8831 0
      vertex 22.4254 16.0371 0.7
      vertex 22.4254 16.0371 0
    endloop
  endfacet
  facet normal -0.980703 0.195504 0
    outer loop
      vertex 22.4254 16.0371 0.7
      vertex 22.3947 15.8831 0
      vertex 22.3947 15.8831 0.7
    endloop
  endfacet
  facet normal -0.831364 0.555728 0
    outer loop
      vertex 22.068 15.1744 0
      vertex 22.1553 15.305 0.7
      vertex 22.1553 15.305 0
    endloop
  endfacet
  facet normal -0.831364 0.555728 0
    outer loop
      vertex 22.1553 15.305 0.7
      vertex 22.068 15.1744 0
      vertex 22.068 15.1744 0.7
    endloop
  endfacet
  facet normal -0.271354 0.96248 0
    outer loop
      vertex 21.068 14.4479 0
      vertex 20.9169 14.4053 0.7
      vertex 21.068 14.4479 0.7
    endloop
  endfacet
  facet normal -0.271354 0.96248 0
    outer loop
      vertex 20.9169 14.4053 0.7
      vertex 21.068 14.4479 0
      vertex 20.9169 14.4053 0
    endloop
  endfacet
  facet normal 0.980703 0.195504 0
    outer loop
      vertex -22.3947 15.8831 0.7
      vertex -22.4254 16.0371 0
      vertex -22.4254 16.0371 0.7
    endloop
  endfacet
  facet normal 0.980703 0.195504 0
    outer loop
      vertex -22.4254 16.0371 0
      vertex -22.3947 15.8831 0.7
      vertex -22.3947 15.8831 0
    endloop
  endfacet
  facet normal -0.195504 0.980703 0
    outer loop
      vertex 20.9169 14.4053 0
      vertex 20.7629 14.3746 0.7
      vertex 20.9169 14.4053 0.7
    endloop
  endfacet
  facet normal -0.195504 0.980703 0
    outer loop
      vertex 20.7629 14.3746 0.7
      vertex 20.9169 14.4053 0
      vertex 20.7629 14.3746 0
    endloop
  endfacet
  facet normal 0.96248 0.271354 0
    outer loop
      vertex -22.3521 15.732 0.7
      vertex -22.3947 15.8831 0
      vertex -22.3947 15.8831 0.7
    endloop
  endfacet
  facet normal 0.96248 0.271354 0
    outer loop
      vertex -22.3947 15.8831 0
      vertex -22.3521 15.732 0.7
      vertex -22.3521 15.732 0
    endloop
  endfacet
  facet normal -0.785323 0.619087 0
    outer loop
      vertex 21.9708 15.0511 0
      vertex 22.068 15.1744 0.7
      vertex 22.068 15.1744 0
    endloop
  endfacet
  facet normal -0.785323 0.619087 0
    outer loop
      vertex 22.068 15.1744 0.7
      vertex 21.9708 15.0511 0
      vertex 21.9708 15.0511 0.7
    endloop
  endfacet
  facet normal -0.907997 0.418977 0
    outer loop
      vertex 22.232 15.442 0
      vertex 22.2978 15.5846 0.7
      vertex 22.2978 15.5846 0
    endloop
  endfacet
  facet normal -0.907997 0.418977 0
    outer loop
      vertex 22.2978 15.5846 0.7
      vertex 22.232 15.442 0
      vertex 22.232 15.442 0.7
    endloop
  endfacet
  facet normal -0.555728 -0.831364 0
    outer loop
      vertex 21.495 41.3553 0
      vertex 21.6256 41.268 0.7
      vertex 21.495 41.3553 0.7
    endloop
  endfacet
  facet normal -0.555728 -0.831364 -0
    outer loop
      vertex 21.6256 41.268 0.7
      vertex 21.495 41.3553 0
      vertex 21.6256 41.268 0
    endloop
  endfacet
  facet normal 0.87256 0.488506 0
    outer loop
      vertex -22.1553 15.305 0.7
      vertex -22.232 15.442 0
      vertex -22.232 15.442 0.7
    endloop
  endfacet
  facet normal 0.87256 0.488506 0
    outer loop
      vertex -22.232 15.442 0
      vertex -22.1553 15.305 0.7
      vertex -22.1553 15.305 0
    endloop
  endfacet
  facet normal -0.907997 -0.418977 0
    outer loop
      vertex 22.2978 40.4154 0
      vertex 22.232 40.558 0.7
      vertex 22.232 40.558 0
    endloop
  endfacet
  facet normal -0.907997 -0.418977 0
    outer loop
      vertex 22.232 40.558 0.7
      vertex 22.2978 40.4154 0
      vertex 22.2978 40.4154 0.7
    endloop
  endfacet
  facet normal -0.87256 -0.488506 0
    outer loop
      vertex 22.232 40.558 0
      vertex 22.1553 40.695 0.7
      vertex 22.1553 40.695 0
    endloop
  endfacet
  facet normal -0.87256 -0.488506 0
    outer loop
      vertex 22.1553 40.695 0.7
      vertex 22.232 40.558 0
      vertex 22.232 40.558 0.7
    endloop
  endfacet
endsolid OpenSCAD_Model
